run_id,workflow_base,operation_id,proposal_id,action,event_name,tx_id,block_number,tx_envelope_bytes,tx_payload_bytes,block_bytes,block_data_bytes,block_overhead_bytes,block_tx_count,block_shared_overhead_per_tx_bytes,tx_index_in_block
run_001,csr,csr-irs3-1772976036,csr-irs3-1772976036,csr_submitted,CSRSubmitted,cb55568089b7875598f5fd83a59e353a9b0e1e8aef97890dc00a92d40c68f09e,895,7517,7442,8487,7517,970,1,970,0
run_001,csr,csr-irs3-1772976036,csr-irs3-1772976036,csr_voted,CSRVoted,486c132d7c680ee5cc5b5f80080499e20dc6f32e4ab088a3f11d63b80750d32a,896,7774,7699,39883,38895,988,5,197.6,0
run_001,csr,csr-irs3-1772976036,csr-irs3-1772976036,csr_voted,CSRVoted,5628ef077adcd8a137af9d41592a064696257ddc612723b73bff3ca96dbfd69e,897,7959,7885,80619,79611,1008,10,100.8,0
run_001,csr,csr-irs3-1772976036,csr-irs3-1772976036,csr_voted,CSRVoted,ffff2fc2d1964ea680f0e52d34fe1ec5a68c6875013ea5ed3a9510e3850ce26e,898,8134,8059,82382,81375,1007,10,100.7,0
run_001,csr,csr-irs3-1772976036,csr-irs3-1772976036,csr_voted,CSRVoted,03db92abf199536715074a994395dddd9a580ffe01ce3972c05ea4b021b000a6,899,8321,8246,84031,83024,1007,10,100.7,1
run_001,csr,csr-irs3-1772976036,csr-irs3-1772976036,csr_voted,CSRVoted,2715b5750f7a0dd1422e796316e0be7cca9381d0a5b7c8554d982efc7e4f309e,900,8489,8414,85797,84789,1008,10,100.8,1
run_001,csr,csr-irs3-1772976036,csr-irs3-1772976036,csr_voted,CSRVoted,f96dca048c41a97889c042e811c4d069157ddf138a60c8ad92eba1e0b088c24b,901,8676,8601,87601,86593,1008,10,100.8,1
run_001,csr,csr-irs3-1772976036,csr-irs3-1772976036,csr_voted,CSRVoted,f49b8044817fa85aabc6bcc04903db3906a0d476f91be84b85bd3358e39bd77f,902,8869,8794,89418,88410,1008,10,100.8,1
run_001,csr,csr-irs3-1772976036,csr-irs3-1772976036,csr_voted,CSRVoted,8f2924fcbb1bcc1a7a5544acf6168cc2e322ed5e49a3292ef1e3a31870bcf8bb,903,9034,8958,46000,45013,987,5,197.4,1
run_001,csr,csr-irs3-1772976036,csr-irs3-1772976036,csr_voted,CSRVoted,cbee7aef4b8c51cff2c000522e596edddc138727987956dfd2b5694c7e550311,904,9221,9145,65508,64512,996,7,142.285714,0
run_001,csr,csr-irs3-1772976036,csr-irs3-1772976036,signing_initiated,SigningInitiated,fbb044e3696ac2374e6c929d9edf971705de83c51dbd47a262cbefc2c8840449,905,9105,9030,46647,45659,988,5,197.6,1
run_001,csr,csr-irs3-1772976036,csr-irs3-1772976036,signing_initiated,SigningInitiated,11eac827a96abcc7592fde61b4c2340e5e9c50dc9eda22f2d7f99cd61e0bb17b,906,9300,9225,56799,55807,992,6,165.333333,0
run_001,csr,csr-irs3-1772976036,csr-irs3-1772976036,signing_initiated,SigningInitiated,823e6bfc420f0bf6a00cd48af1887f9911a5029df0b66f4affb554f24fb44884,907,9469,9394,29407,28427,980,3,326.666667,0
run_001,csr,csr-irs3-1772976036,csr-irs3-1772976036,signing_initiated,SigningInitiated,c763052554ecb22eaa6147d9cd39e741fc543a5577f959598e9552335803edcb,908,9649,9573,78226,77227,999,8,124.875,0
run_001,csr,csr-irs3-1772976036,csr-irs3-1772976036,signing_initiated,SigningInitiated,051800c4a09ad0237d91d10a0e6f5bc1d7a2e1e391c38d28a3fefb03b9776ab6,909,9834,9759,69831,68835,996,7,142.285714,0
run_001,csr,csr-irs3-1772976036,csr-irs3-1772976036,signing_initiated,SigningInitiated,964d4dc6ec323aa4673f2dc70188a166a1f70d25f218ac5642869e5fac8d13ac,910,10012,9936,61076,60085,991,6,165.166667,0
run_001,csr,csr-irs3-1772976036,csr-irs3-1772976036,signing_initiated,SigningInitiated,537e3f31029af7bd7fb19cb9dc91c1bdaa7f8cb6e245b159dd6dc50ed2426742,911,10187,10111,51950,50962,988,5,197.6,0
run_001,csr,csr-irs3-1772976036,csr-irs3-1772976036,signing_initiated,SigningInitiated,57cc01fafe3b62a4bdc2683cb001abc6164f8f8e147ff0d9d428efe00473bdc9,912,10375,10299,42484,41500,984,4,246,0
run_001,csr,csr-irs3-1772976036,csr-irs3-1772976036,signing_initiated,SigningInitiated,0068ab6a4fb8d0cdd87292af3a5e3b4ed92ab4ebf9f4c39f8b9f60e9d2c7a808,913,10552,10476,32631,31652,979,3,326.333333,0
run_001,csr,csr-irs3-1772976036,csr-irs3-1772976036,signing_initiated,SigningInitiated,e9e43a79ab5f67016c2f3e4d20e7c591254b92d8c18659e1a51c81921866baf2,914,10723,10647,22427,21451,976,2,488,0
run_001,csr,csr-irs3-1772976036,csr-irs3-1772976036,signing_initiated,SigningInitiated,8093572265d49ddf9671824a6d38a3e91b15bb2bb1f78ae7c5dc83e4ecd10cc8,915,10905,10830,11875,10905,970,1,970,0
run_001,csr,csr-irs3-1772976036,csr-irs3-1772976036,threshold_reached,ThresholdReached,5f69fbd78cc85a8e42e24158c4249b6c2627a34933bc8cbe7c599977c40b3fc7,925,10191,10115,102917,101910,1007,10,100.7,0
run_001,csr,csr-irs3-1772976036,csr-irs3-1772976036,certificate_registered,CertificateRegistered,6db3df74034c52c04e0f9d7726ed57f12c8c1b069eaf1b0b58e79d931da9743b,926,14288,14212,101022,100027,995,7,142.142857,0
run_001,revocation,revoke-irs3-1772976170,revoke-irs3-1772976170,revocation_proposed,RevocationProposed,49ea57054a5524aec9bb55cabc308dd6905515273a798e224515161157cf8f14,929,6159,6084,7130,6159,971,1,971,0
run_001,revocation,revoke-irs3-1772976170,revoke-irs3-1772976170,revocation_voted,RevocationVoted,b3586158083a5f32470af021ac138c92da4414b9d86eca77fbec18615a5f47dc,930,6710,6634,54698,53699,999,8,124.875,0
run_001,revocation,revoke-irs3-1772976170,revoke-irs3-1772976170,revocation_voted,RevocationVoted,7b94f81b25bb67c089c9a0523b6f5754e03e41158698fe4170c980337760eb58,931,6895,6819,69733,68726,1007,10,100.7,1
run_001,revocation,revoke-irs3-1772976170,revoke-irs3-1772976170,revocation_voted,RevocationVoted,7c20136f4cba845fa170f5302b1f471bfce932e8737180351d1d73d7490c55c2,932,7070,6994,71745,70738,1007,10,100.7,0
run_001,revocation,revoke-irs3-1772976170,revoke-irs3-1772976170,revocation_voted,RevocationVoted,b9e1b9c82b332f1b68676b39bb1da33700fd755b0ef390ec289a2ea157c0d19a,933,7257,7181,73158,72150,1008,10,100.8,2
run_001,revocation,revoke-irs3-1772976170,revoke-irs3-1772976170,revocation_voted,RevocationVoted,d521a939c792382d322592dd4c48f6488011310ef7f2bd7aeb5dd3c3fb905367,934,7429,7353,74968,73960,1008,10,100.8,2
run_001,revocation,revoke-irs3-1772976170,revoke-irs3-1772976170,revocation_voted,RevocationVoted,1a47f0db063ea2a32a71405fc69673154c1cf532e978c16cba6033eac8f42263,935,7617,7541,77132,76124,1008,10,100.8,0
run_001,revocation,revoke-irs3-1772976170,revoke-irs3-1772976170,revocation_voted,RevocationVoted,f1ac32cf360bcc726a6489b9e01c6d21418ad9ef52d2a94135dbb379152ddb89,936,7796,7721,62615,61615,1000,8,125,4
run_001,revocation,revoke-irs3-1772976170,revoke-irs3-1772976170,revocation_voted,RevocationVoted,58adab9046c154e17d600e1e3792c3914a80f0fdfe0ce6e9a2d02084feb0d13e,937,7974,7899,56758,55763,995,7,142.142857,0
run_001,revocation,revoke-irs3-1772976170,revoke-irs3-1772976170,revocation_voted,RevocationVoted,d4a093284873f36b059e00a3b4a04a60b6fe2ae41ef112ee88087720b65d3382,938,8143,8067,74138,73135,1003,9,111.444444,1
run_001,revocation,revoke-irs3-1772976170,revoke-irs3-1772976170,certificate_revoked,NodeRevoked,1eda3da5bc0cacff54a5791b2c940d64258850e24ce952b3f99323e1095805ac,939,10651,10575,64906,63914,992,6,165.333333,0
run_001,removal,remove-irs3-member1-1772976212,remove-irs3-member1-1772976212,member_removal_proposed,MemberRemovalProposed,e6c359943142f096b2b5baec5c9f383121e9af22004fb1ffb96c21b92f3ccbe0,940,7595,7519,8565,7595,970,1,970,0
run_001,removal,remove-irs3-member1-1772976212,remove-irs3-member1-1772976212,member_removal_voted,MemberRemovalVoted,89c8f03952df42f300a178ebfd4647ebefe7c5076399278c728b806a96691889,941,7262,7186,73623,72616,1007,10,100.7,0
run_001,removal,remove-irs3-member1-1772976212,remove-irs3-member1-1772976212,member_removal_voted,MemberRemovalVoted,d154c77611b26d65f7167237db14471d2435a1eb3e04358bed3da6d891995e9d,942,7438,7362,75240,74233,1007,10,100.7,1
run_001,removal,remove-irs3-member1-1772976212,remove-irs3-member1-1772976212,member_removal_voted,MemberRemovalVoted,e1c30f1118bf73f79b78c40a80a38362c51b7663efc0b9dfb66af61eca9d123c,943,7628,7552,77062,76055,1007,10,100.7,1
run_001,removal,remove-irs3-member1-1772976212,remove-irs3-member1-1772976212,member_removal_voted,MemberRemovalVoted,8aeb8f8c931d2d23c685364ba0dad8dc31f9f32473c0e8dcf54e3aa90881a827,944,7801,7725,79023,78015,1008,10,100.8,0
run_001,removal,remove-irs3-member1-1772976212,remove-irs3-member1-1772976212,member_removal_voted,MemberRemovalVoted,7b0a1fc65899d7faafa5c60807fb4670699a830329b50cec778cf5e34e45106f,945,7987,7911,40710,39722,988,5,197.6,1
run_001,removal,remove-irs3-member1-1772976212,remove-irs3-member1-1772976212,member_removal_voted,MemberRemovalVoted,35d5ab00d035ca707161e71f4aefbdd9fcb373761147a26fb7dfd2eb4e73d4b2,946,8164,8089,82599,81591,1008,10,100.8,0
run_001,removal,remove-irs3-member1-1772976212,remove-irs3-member1-1772976212,member_removal_voted,MemberRemovalVoted,3cb382db1f34da47b0c5b51fa1786d750f79c20ba97da3301a09cdb2f611bde2,947,8332,8257,33966,32983,983,4,245.75,2
run_001,removal,remove-irs3-member1-1772976212,remove-irs3-member1-1772976212,member_removal_voted,MemberRemovalVoted,f0c764c50ff7bbe493a7e82e26a80236441cf266458d8bf344abafc6970cf40f,948,8517,8441,85819,84811,1008,10,100.8,2
run_001,removal,remove-irs3-member1-1772976212,remove-irs3-member1-1772976212,member_removal_voted,MemberRemovalVoted,b4b682894fad450415d910fa932a6f9ae426fd1d88c56bd42cf6ac4960cfb772,949,8695,8619,44098,43110,988,5,197.6,2
run_001,removal,remove-irs3-member1-1772976212,remove-irs3-member1-1772976212,member_removed,MemberRemoved,c097b03d275afb5f1642b1a196de15801fc7261fe40bac3bd470f4dbefe130b0,950,19836,19760,179562,178549,1013,9,112.555556,0
run_001,join,join-irs3-1772976668,join-irs3-1772976668,member_join_requested,MemberJoinRequested,1a2b8020c8ca340d4d93482208555e3423e065cedef239a499bf05078addbf69,1009,8027,7952,8998,8027,971,1,971,0
run_001,join,join-irs3-1772976668,join-irs3-1772976668,member_join_voted,MemberJoinVoted,64c54f5fa5ebd553f8d1ba2470464fab7f046435f335b688103c610ae5531259,1010,7997,7922,64978,63978,1000,8,125,0
run_001,join,join-irs3-1772976668,join-irs3-1772976668,member_join_voted,MemberJoinVoted,6807b0ebaea58ddec0829c1e6605d8a762721187fc73ad7b4b4c8c293f61352d,1011,8175,8100,82762,81754,1008,10,100.8,0
run_001,join,join-irs3-1772976668,join-irs3-1772976668,member_join_voted,MemberJoinVoted,a491ba5d13daa4b33bc683da73b724802ec07c14414a19e8b30fa2ead7070fdb,1012,8357,8281,84565,83557,1008,10,100.8,0
run_001,join,join-irs3-1772976668,join-irs3-1772976668,member_join_voted,MemberJoinVoted,5964ef6f1c19e8c88d71aa8eaec2ccc26b03ee496a554b5dea1aa29789611be8,1013,8532,8457,86181,85173,1008,10,100.8,1
run_001,join,join-irs3-1772976668,join-irs3-1772976668,member_join_voted,MemberJoinVoted,3a3c6589d166373326f83809acf03e99dd893761e5b27f8aec932c16c76b4dc2,1014,8718,8642,87632,86625,1007,10,100.7,3
run_001,join,join-irs3-1772976668,join-irs3-1772976668,member_join_voted,MemberJoinVoted,5e67170800c3143ff737a7e656ad31d72a1277aa4db6c532449aebadecb066cc,1015,8898,8823,89997,88990,1007,10,100.7,0
run_001,join,join-irs3-1772976668,join-irs3-1772976668,member_join_voted,MemberJoinVoted,fb26b5dd3d8744e3d06867a97d19dc1e20ee6bcc8f1e087a8bc0390ad9c2c660,1016,9068,8993,63968,62973,995,7,142.142857,3
run_001,join,join-irs3-1772976668,join-irs3-1772976668,member_join_voted,MemberJoinVoted,d470abf7a77759dc8eacc2d2ca37e49cd8bdbe83bd99b7b1e59c2283aa50b21f,1017,9267,9192,75042,74042,1000,8,125,0
run_001,join,join-irs3-1772976668,join-irs3-1772976668,member_join_voted,MemberJoinVoted,9b0567fbbab089c1af3f0c5e945a5b3e009a3979f982a41049c229defc86ce5a,1018,9428,9353,38700,37716,984,4,246,0
run_001,join,join-irs3-1772976668,join-irs3-1772976668,member_join_approved,MemberJoinApproved,e008a93ce6bed68ff49d084ee279344d34c2421965366a0d1baa9f0a5d4ce15f,1019,20976,20900,147876,146873,1003,7,143.285714,0
run_002,csr,csr-irs3-1772976991,csr-irs3-1772976991,csr_submitted,CSRSubmitted,8e3253f598a6483c1d81a3c7be25ed91cf02848219acefb55ddbe0781a0047ec,1071,7517,7442,8488,7517,971,1,971,0
run_002,csr,csr-irs3-1772976991,csr-irs3-1772976991,csr_voted,CSRVoted,9985244f090e8e56ca60ba76e40804554fc25ed8ad4f92d749c829cd3050d1ed,1072,7778,7703,55418,54423,995,7,142.142857,0
run_002,csr,csr-irs3-1772976991,csr-irs3-1772976991,csr_voted,CSRVoted,221aa37435aa5b965049c0e1714b8a14237e83b5242d6edff399c54628602ba0,1073,7949,7873,80562,79554,1008,10,100.8,0
run_002,csr,csr-irs3-1772976991,csr-irs3-1772976991,csr_voted,CSRVoted,c618b2657870ee38da4ce2f7aaa7dfe40a8d0b943ea6da51ddef2a37a573f213,1074,8144,8069,82186,81178,1008,10,100.8,1
run_002,csr,csr-irs3-1772976991,csr-irs3-1772976991,csr_voted,CSRVoted,f1e9bcb8217f9d95d2dab507e2aba340abf259fda5c3afc7dda3e375c51586b5,1075,8317,8241,83812,82804,1008,10,100.8,2
run_002,csr,csr-irs3-1772976991,csr-irs3-1772976991,csr_voted,CSRVoted,2ee3315c9affc76533708bdd4b4355a5bcde2320fbdb5307712a6273f4c82a75,1076,8499,8424,60306,59311,995,7,142.142857,1
run_002,csr,csr-irs3-1772976991,csr-irs3-1772976991,csr_voted,CSRVoted,9980a0d34aafc88e0a942ffdc13c078ec560f3e8a7e385829d64b6ab232cc9a8,1077,8676,8600,87417,86410,1007,10,100.7,2
run_002,csr,csr-irs3-1772976991,csr-irs3-1772976991,csr_voted,CSRVoted,ee4fe0407da74a55a8332d92ef2da77c1622cb41932e63d11a42586f6094df5d,1078,8859,8784,80685,79682,1003,9,111.444444,0
run_002,csr,csr-irs3-1772976991,csr-irs3-1772976991,csr_voted,CSRVoted,4dbc6e5369ddb65bf51cb676019e0f405a8e517ff670026f37b065915c6858f6,1079,9028,8952,91326,90319,1007,10,100.7,0
run_002,csr,csr-irs3-1772976991,csr-irs3-1772976991,csr_voted,CSRVoted,fdfe53a2c6382263f99fade47a387ab973b8b0e719a2a0bc572146c8a6c891f5,1080,9211,9135,65464,64469,995,7,142.142857,0
run_002,csr,csr-irs3-1772976991,csr-irs3-1772976991,signing_initiated,SigningInitiated,b832d3720c8a8a7fd0634f48e1616f32f25e0295635c27847e2675ba530e1fc9,1081,9109,9033,64848,63852,996,7,142.285714,1
run_002,csr,csr-irs3-1772976991,csr-irs3-1772976991,signing_initiated,SigningInitiated,6b1689961248f2221e51cf6c37dd4aa44e6a6460372faafad3b198b9aee3b63e,1082,9304,9229,38173,37189,984,4,246,0
run_002,csr,csr-irs3-1772976991,csr-irs3-1772976991,signing_initiated,SigningInitiated,dfae48f72a962cee2ff054790d89686a3f224909c701fa148f5c840ea5233c48,1083,9470,9394,57810,56820,990,6,165,0
run_002,csr,csr-irs3-1772976991,csr-irs3-1772976991,signing_initiated,SigningInitiated,bc8288334b1bdf98bcf4c3e4ff5ad3d7d810e91ae8783d6a08a12cdc901b360f,1084,9649,9574,29924,28944,980,3,326.666667,0
run_002,csr,csr-irs3-1772976991,csr-irs3-1772976991,signing_initiated,SigningInitiated,049b1d420d52bc06c6fda5090c96e32c551172a220d6a665c21b78ff52eed92c,1085,9828,9752,50125,49138,987,5,197.4,0
run_002,csr,csr-irs3-1772976991,csr-irs3-1772976991,signing_initiated,SigningInitiated,c6fa2678ca0b09af75b4ed306a83b1d0e12febb2e0f951975b1223910d763c06,1086,10006,9930,20990,20015,975,2,487.5,0
run_002,csr,csr-irs3-1772976991,csr-irs3-1772976991,signing_initiated,SigningInitiated,6914f6da92062f5d45a5fa78d87a965d73ba57a94968c72e34d7a16e437d9ec1,1087,10187,10111,41735,40752,983,4,245.75,0
run_002,csr,csr-irs3-1772976991,csr-irs3-1772976991,signing_initiated,SigningInitiated,20f3738f7728aa0fc83368895ff73cb85b07f3741d993801e55f94a6605a6ccd,1088,10358,10283,11329,10358,971,1,971,0
run_002,csr,csr-irs3-1772976991,csr-irs3-1772976991,signing_initiated,SigningInitiated,3ec71e518d9e3766222a102e00a73e98d17cc32a4e49e93fa00832f4c134b508,1089,10544,10469,32614,31635,979,3,326.333333,0
run_002,csr,csr-irs3-1772976991,csr-irs3-1772976991,signing_initiated,SigningInitiated,029acc77731199e7d078b69ed3e4e3532bc15b736c819d02a1a273f000e4d10c,1090,10727,10652,22429,21453,976,2,488,0
run_002,csr,csr-irs3-1772976991,csr-irs3-1772976991,signing_initiated,SigningInitiated,87015d0988191b68eec83d5ae9346eac6dadffa6c8804458e9d4bee360538769,1091,10901,10825,11872,10901,971,1,971,0
run_002,csr,csr-irs3-1772976991,csr-irs3-1772976991,threshold_reached,ThresholdReached,3419e596f2403db750c107802d372756a15f21ba21d99aa8afca23ec876cd3a6,1101,10190,10114,20589,19614,975,2,487.5,1
run_002,csr,csr-irs3-1772976991,csr-irs3-1772976991,certificate_registered,CertificateRegistered,8373c3b9559aff072f99a17f478b90448be9d6bf742576cfdbba632cf8e37f21,1103,14344,14269,58361,57378,983,4,245.75,0
run_002,revocation,revoke-irs3-1772977126,revoke-irs3-1772977126,revocation_proposed,RevocationProposed,e86d138603876dab5efca88c94a3a408eec1480e3f9237970c0ee364e2af4fee,1105,6156,6080,7127,6156,971,1,971,0
run_002,revocation,revoke-irs3-1772977126,revoke-irs3-1772977126,revocation_voted,RevocationVoted,a02845dddddcbd902662a182a97ce6e1f0a57c09d89c2c75c54d3c4043fb6f63,1106,6713,6638,41269,40278,991,6,165.166667,0
run_002,revocation,revoke-irs3-1772977126,revoke-irs3-1772977126,revocation_voted,RevocationVoted,115e7a9d084fec0ea490303b61ab119f1abc4968a342b736890257b78131bf44,1107,6898,6823,69929,68922,1007,10,100.7,0
run_002,revocation,revoke-irs3-1772977126,revoke-irs3-1772977126,revocation_voted,RevocationVoted,3a6159e84443982f4f8eb7af31a4d5c35a08f971febe20f3d75b9f653363b426,1108,7065,6989,71731,70723,1008,10,100.8,0
run_002,revocation,revoke-irs3-1772977126,revoke-irs3-1772977126,revocation_voted,RevocationVoted,99716d4a4e11a98ee08679f5bc06c895e6c0a1d30c0832ac7e9827f8634ff4d7,1109,7255,7180,73337,72329,1008,10,100.8,1
run_002,revocation,revoke-irs3-1772977126,revoke-irs3-1772977126,revocation_voted,RevocationVoted,eb943eaa31e4147df0c7f19ad3786cc5141aa109ce2904645fd6262f5c2f1fca,1110,7433,7358,75155,74148,1007,10,100.7,1
run_002,revocation,revoke-irs3-1772977126,revoke-irs3-1772977126,revocation_voted,RevocationVoted,58cd4045d10103a40ef12043335d399b26a71c1cff02b7aea5b9a4fec07235b6,1111,7612,7537,77129,76121,1008,10,100.8,0
run_002,revocation,revoke-irs3-1772977126,revoke-irs3-1772977126,revocation_voted,RevocationVoted,8901555369b7c8e4b70e63eb46a50bdd2387a41a017904a9097badf6ab17cac9,1112,7791,7715,78730,77723,1007,10,100.7,1
run_002,revocation,revoke-irs3-1772977126,revoke-irs3-1772977126,revocation_voted,RevocationVoted,8fa9116a53335ec7ed4608ef450d8055c6f70073f69e0f51f494cfe553b06a91,1113,7966,7890,40852,39865,987,5,197.4,0
run_002,revocation,revoke-irs3-1772977126,revoke-irs3-1772977126,revocation_voted,RevocationVoted,94cdc45c1e7db8307e8c4152cc039499fa6726626609e8b793981577e692d378,1114,8160,8084,82466,81459,1007,10,100.7,0
run_002,revocation,revoke-irs3-1772977126,revoke-irs3-1772977126,certificate_revoked,NodeRevoked,f87cb4158d8a621d1564313607b379d38026425596139535fd2d6c3d2ab3dd7c,1116,10647,10572,96844,95841,1003,9,111.444444,0
run_002,removal,remove-irs3-member1-1772977170,remove-irs3-member1-1772977170,member_removal_proposed,MemberRemovalProposed,2eef4dc2146f0d60bd5b3b0d7263b1b43058339a5b3ecbf14e11817c3854763f,1118,7744,7668,8715,7744,971,1,971,0
run_002,removal,remove-irs3-member1-1772977170,remove-irs3-member1-1772977170,member_removal_voted,MemberRemovalVoted,47024726cd1cc7b8f26873d796fda3a83f107f9cf014731911e7a02bd3435439,1119,7300,7224,44779,43788,991,6,165.166667,0
run_002,removal,remove-irs3-member1-1772977170,remove-irs3-member1-1772977170,member_removal_voted,MemberRemovalVoted,2504f00a3a4071e0141714bf12be9069ab4d1a767c3ef5670b28e02ed6969c2d,1120,7480,7405,75784,74776,1008,10,100.8,0
run_002,removal,remove-irs3-member1-1772977170,remove-irs3-member1-1772977170,member_removal_voted,MemberRemovalVoted,5eeb02e9bfcea0f96467817b8264df56906690dad1e325de21a5bd81aa59b807,1121,7660,7584,77599,76591,1008,10,100.8,0
run_002,removal,remove-irs3-member1-1772977170,remove-irs3-member1-1772977170,member_removal_voted,MemberRemovalVoted,8632f616e8fb5180ab24024b8211eda7cb61899c396f59e037283c5b7043ad8a,1122,7839,7764,79020,78013,1007,10,100.7,2
run_002,removal,remove-irs3-member1-1772977170,remove-irs3-member1-1772977170,member_removal_voted,MemberRemovalVoted,091e8b0ebb877dfe6a619724d7c9d8dc9f08c77e2739e9dc20339723c928a74f,1123,8027,7951,80818,79810,1008,10,100.8,2
run_002,removal,remove-irs3-member1-1772977170,remove-irs3-member1-1772977170,member_removal_voted,MemberRemovalVoted,d113a3964e29ee05764f1c2b327af541036ea7703687f3853f27f40e91432c8d,1124,8194,8118,50016,49024,992,6,165.333333,1
run_002,removal,remove-irs3-member1-1772977170,remove-irs3-member1-1772977170,member_removal_voted,MemberRemovalVoted,81588d97fe8d89443655a44e29527e297d51ae55a309c65f0749bcd6a1291470,1125,8377,8302,84421,83414,1007,10,100.7,2
run_002,removal,remove-irs3-member1-1772977170,remove-irs3-member1-1772977170,member_removal_voted,MemberRemovalVoted,931a07f345b2866f1c5ee868aab9658c48a9bf66c8d1586e7e17cc6b17d4b652,1126,8554,8478,60720,59725,995,7,142.142857,1
run_002,removal,remove-irs3-member1-1772977170,remove-irs3-member1-1772977170,member_removal_voted,MemberRemovalVoted,27fca21893dc16b425cb90f8d89555222b8e411012425daeb69d5f274c9af6ea,1127,8737,8662,79604,78601,1003,9,111.444444,0
run_002,removal,remove-irs3-member1-1772977170,remove-irs3-member1-1772977170,member_removed,MemberRemoved,418d7e16c96fb8bcf0314f0126248ddeefc0f02349be234018dabefa3e2b7b94,1128,19879,19802,100403,99410,993,5,198.6,0
run_002,join,join-irs3-1772977519,join-irs3-1772977519,member_join_requested,MemberJoinRequested,7a55f5cc25a07e6f8c46fb977328b14a92a5e6875d40b00e137dc5047c23f535,1184,8176,8100,9146,8176,970,1,970,0
run_002,join,join-irs3-1772977519,join-irs3-1772977519,member_join_voted,MemberJoinVoted,bff61e0d336fbf2664062f01c6362cc67f88fb66be5b3801606b7c3a81344c03,1185,8035,7960,57234,56239,995,7,142.142857,0
run_002,join,join-irs3-1772977519,join-irs3-1772977519,member_join_voted,MemberJoinVoted,eefd19effd7b436c8dee03f154a69dd926051ab4ce8a63200a7b5706fbbe41f1,1186,8213,8137,82948,81940,1008,10,100.8,1
run_002,join,join-irs3-1772977519,join-irs3-1772977519,member_join_voted,MemberJoinVoted,fe37657811eff78ecf131bdec078afacca7386d04d096b4ee64a486d957e6111,1187,8400,8324,84970,83962,1008,10,100.8,0
run_002,join,join-irs3-1772977519,join-irs3-1772977519,member_join_voted,MemberJoinVoted,7eb19b2e7fa64b3a2fe475778954220a4e69fe400988d048c82df6dfeb2f5c6c,1188,8577,8502,86566,85559,1007,10,100.7,1
run_002,join,join-irs3-1772977519,join-irs3-1772977519,member_join_voted,MemberJoinVoted,982d305e24ffe292e262ea73c068ad2d0e06b7602d1f8c14a95bc8d72f3b7d49,1189,8751,8676,88178,87171,1007,10,100.7,2
run_002,join,join-irs3-1772977519,join-irs3-1772977519,member_join_voted,MemberJoinVoted,9a17089c313cac9f631c6cd1283d3776b66466bc00a3e536ff6ca9734cb3b351,1190,8935,8860,63528,62532,996,7,142.285714,0
run_002,join,join-irs3-1772977519,join-irs3-1772977519,member_join_voted,MemberJoinVoted,01d22f3e8aabf141948c47774982ffc909608aba14b892bf7a0d39a68e1f4852,1191,9101,9025,82818,81815,1003,9,111.444444,1
run_002,join,join-irs3-1772977519,join-irs3-1772977519,member_join_voted,MemberJoinVoted,d06c733513d8377ba1bad2804a0da26f735120271dbe59947005f574d6d10d5d,1192,9292,9217,65867,64872,995,7,142.142857,1
run_002,join,join-irs3-1772977519,join-irs3-1772977519,member_join_voted,MemberJoinVoted,b07ce360327fa0a789cabd42ac5066035ec930ed21da9de82c72f14cee451a6d,1193,9475,9399,67300,66304,996,7,142.285714,0
run_002,join,join-irs3-1772977519,join-irs3-1772977519,member_join_approved,MemberJoinApproved,c2484fee79c292e1d751b0296d0be4329d70e1de0bad6b264f21d50dd063f271,1194,21014,20938,85057,84069,988,4,247,0
run_003,csr,csr-irs3-1772977910,csr-irs3-1772977910,csr_submitted,CSRSubmitted,6ebac1269f38c97f427bf0dd9cc3c0e69b29d681642275ca2b8875744c7579f9,1258,7513,7438,8484,7513,971,1,971,0
run_003,csr,csr-irs3-1772977910,csr-irs3-1772977910,csr_voted,CSRVoted,463a7471de58eece5636138e28c1f198707fc1307ad9ff62b18f55577ea26e5b,1259,7777,7701,63224,62225,999,8,124.875,0
run_003,csr,csr-irs3-1772977910,csr-irs3-1772977910,csr_voted,CSRVoted,8c6cba02957a610417d1d9548826286628d16fb9f852279e8873dc8ced56626d,1260,7956,7880,80406,79399,1007,10,100.7,1
run_003,csr,csr-irs3-1772977910,csr-irs3-1772977910,csr_voted,CSRVoted,b4d555b5fcd2e184dfaa033b74db3c983eecaa15abb0c4abc9b961547b837e06,1261,8141,8065,82406,81398,1008,10,100.8,0
run_003,csr,csr-irs3-1772977910,csr-irs3-1772977910,csr_voted,CSRVoted,1f258f460220b847416565155de2753f33f5b7055fe9f9952d3d3417fcb6578c,1262,8319,8243,83823,82815,1008,10,100.8,2
run_003,csr,csr-irs3-1772977910,csr-irs3-1772977910,csr_voted,CSRVoted,d4933d23f4926bcb0db6d6ad16ba5bc1120bfec9e9eec058b02334907e5fe387,1263,8498,8423,85989,84981,1008,10,100.8,0
run_003,csr,csr-irs3-1772977910,csr-irs3-1772977910,csr_voted,CSRVoted,0882ce57f99639ff36c70c940b993e2e509f2dab43be103b5283042f230369ff,1264,8679,8603,87780,86773,1007,10,100.7,0
run_003,csr,csr-irs3-1772977910,csr-irs3-1772977910,csr_voted,CSRVoted,f7435f20f3da04081ce8d7ae3e6f7d615ae8adc486b8eb9d632decc1d27c448a,1265,8868,8792,79804,78800,1004,9,111.555556,5
run_003,csr,csr-irs3-1772977910,csr-irs3-1772977910,csr_voted,CSRVoted,aff026380628a7956142cd46d7da27c6cabd5544ff1d95dcb132a1889f2032ec,1266,9037,8961,73277,72277,1000,8,125,0
run_003,csr,csr-irs3-1772977910,csr-irs3-1772977910,csr_voted,CSRVoted,9e6650892f0a0ec6ead225fe86a1611eec738993b2dcfb4336aef92bef024ab0,1267,9209,9133,74700,73700,1000,8,125,0
run_003,csr,csr-irs3-1772977910,csr-irs3-1772977910,signing_initiated,SigningInitiated,b2781d6c515d121c80646a98f203c072927e8588b7676cf45f6d86bee8ac8e89,1268,9109,9034,55661,54669,992,6,165.333333,0
run_003,csr,csr-irs3-1772977910,csr-irs3-1772977910,signing_initiated,SigningInitiated,62aff58a64cb5c452dc422ac49c393e7795b9ee7c11db0da478fa1cd0b2d0522,1269,9290,9215,47443,46455,988,5,197.6,0
run_003,csr,csr-irs3-1772977910,csr-irs3-1772977910,signing_initiated,SigningInitiated,a273c3460e4e761bc676d636e0e34f767e9e89913b125f182f05dbb9f8266441,1270,9478,9402,48357,47370,987,5,197.4,0
run_003,csr,csr-irs3-1772977910,csr-irs3-1772977910,signing_initiated,SigningInitiated,00371e1a1b8da09a328e0e6b233c05ac7052f6225f768a2e860e757471251413,1271,9656,9581,39600,38616,984,4,246,0
run_003,csr,csr-irs3-1772977910,csr-irs3-1772977910,signing_initiated,SigningInitiated,3f97e97e7b520fff39ee83006f58bfc471426f6647857d11af1e08cc34d521df,1272,9825,9749,40301,39317,984,4,246,0
run_003,csr,csr-irs3-1772977910,csr-irs3-1772977910,signing_initiated,SigningInitiated,6b90bb81b2ffd170b60b729cd834747f07a277829575df014a56d6a5456bb3f2,1273,10013,9937,31010,30030,980,3,326.666667,0
run_003,csr,csr-irs3-1772977910,csr-irs3-1772977910,signing_initiated,SigningInitiated,0d8af9e0f11f4cb43156e59a1464abe356fc3086bb2251ad1a8921a265f227ec,1274,10187,10111,31543,30563,980,3,326.666667,0
run_003,csr,csr-irs3-1772977910,csr-irs3-1772977910,signing_initiated,SigningInitiated,dcd553f09555aadb66fa84895a1685244496cdf2f14f169c3a401bc7af46ffdf,1275,10368,10292,42452,41469,983,4,245.75,0
run_003,csr,csr-irs3-1772977910,csr-irs3-1772977910,signing_initiated,SigningInitiated,242958d9a860c7bf7579f8e3903013292fa6311bda6a3a82144555b2aa09ca92,1276,10546,10470,32627,31648,979,3,326.333333,0
run_003,csr,csr-irs3-1772977910,csr-irs3-1772977910,signing_initiated,SigningInitiated,a6b80df923a553f295dcb931b8ef2f23faac9f8e97302d12c738ffa688083419,1277,10729,10654,22426,21450,976,2,488,0
run_003,csr,csr-irs3-1772977910,csr-irs3-1772977910,signing_initiated,SigningInitiated,b9c76d61a31e24e1ff48bdf5e4897828440e221ddbadc4b7df76671ae5ef2b3b,1278,10900,10825,11871,10900,971,1,971,0
run_003,csr,csr-irs3-1772977910,csr-irs3-1772977910,threshold_reached,ThresholdReached,9df9667b21e4a3f491a398d58eb2840d3fd8e5c36cea00b99f388e838f1c06b8,1288,10187,10112,62118,61126,992,6,165.333333,0
run_003,csr,csr-irs3-1772977910,csr-irs3-1772977910,certificate_registered,CertificateRegistered,cf8144129e4d801a18f109482f8b9cf774de3837559da68389a3c84b2a3499a4,1289,14372,14297,72863,71876,987,5,197.4,0
run_003,revocation,revoke-irs3-1772978051,revoke-irs3-1772978051,revocation_proposed,RevocationProposed,aec11b13e128665b8cd1d72f36727dab5b64f2e08a1a129fb7791eebd2c6b44d,1292,6163,6088,7134,6163,971,1,971,0
run_003,revocation,revoke-irs3-1772978051,revoke-irs3-1772978051,revocation_voted,RevocationVoted,6efc7a855277bd7d6fe355ffd2107b132a472f869da9f28508d3a662cac216c5,1293,6710,6634,47987,46991,996,7,142.285714,0
run_003,revocation,revoke-irs3-1772978051,revoke-irs3-1772978051,revocation_voted,RevocationVoted,2fc2cca19ba9d596d1b4b1324b3afcb2b28e9a82957f9dfe84daa856fc515232,1294,6889,6813,69763,68756,1007,10,100.7,1
run_003,revocation,revoke-irs3-1772978051,revoke-irs3-1772978051,revocation_voted,RevocationVoted,9d4a2528c98fe6f67460d97998c4fce72758e2f4f58e5fe86e1ca9542e9ed74c,1295,7071,6996,71773,70765,1008,10,100.8,0
run_003,revocation,revoke-irs3-1772978051,revoke-irs3-1772978051,revocation_voted,RevocationVoted,383c1bbdf4b7e847d0cbd41a1a8f7f703c9422e0a5c9a33d1d8b3d30ee5b39d3,1296,7250,7175,73358,72351,1007,10,100.7,1
run_003,revocation,revoke-irs3-1772978051,revoke-irs3-1772978051,revocation_voted,RevocationVoted,21d6fedba55bd639f1e02c8e6f3f3a6d411f09d1508e6891b9ec4cef41229eb2,1297,7436,7360,75175,74167,1008,10,100.8,1
run_003,revocation,revoke-irs3-1772978051,revoke-irs3-1772978051,revocation_voted,RevocationVoted,11731a386e7a0e67deeee7d47f6b363137a1da81fbb8d8eafd65300b8ef920df,1298,7624,7548,61717,60718,999,8,124.875,1
run_003,revocation,revoke-irs3-1772978051,revoke-irs3-1772978051,revocation_voted,RevocationVoted,f1e1df6dfc2c3489adcf64194a9a458b92b204a141dc8d8e009216a0c64b2d6e,1299,7789,7714,55162,54166,996,7,142.285714,2
run_003,revocation,revoke-irs3-1772978051,revoke-irs3-1772978051,revocation_voted,RevocationVoted,94cf9d1584c432c9e2f3d494b139fe2cc1ea7d59aa32e486bd5682480c44f9d3,1300,7966,7891,80684,79677,1007,10,100.7,0
run_003,revocation,revoke-irs3-1772978051,revoke-irs3-1772978051,revocation_voted,RevocationVoted,5a68d558a19a18e42674c8cedd15b5b0d248ca2a9286e593b712cb7b6d58f7c3,1301,8143,8067,41539,40552,987,5,197.4,1
run_003,revocation,revoke-irs3-1772978051,revoke-irs3-1772978051,certificate_revoked,NodeRevoked,62974e53a7a08ad9d89c6c8b9997dd0776d66563e467adc22f6feb3271279943,1302,10649,10573,51723,50736,987,5,197.4,1
run_003,removal,remove-irs3-member1-1772978091,remove-irs3-member1-1772978091,member_removal_proposed,MemberRemovalProposed,e7e419f407a8a992c03b3234b354b524c639801049fb6b33bf1f50df562422ea,1304,7887,7811,8858,7887,971,1,971,0
run_003,removal,remove-irs3-member1-1772978091,remove-irs3-member1-1772978091,member_removal_voted,MemberRemovalVoted,1f5431673bcc354c6fd3395b016c6a7a98e3e91438dccb0c06d1de70bf90ef07,1305,7332,7256,37664,36676,988,5,197.6,0
run_003,removal,remove-irs3-member1-1772978091,remove-irs3-member1-1772978091,member_removal_voted,MemberRemovalVoted,19aa726a30dfa58172970e10c213e6f1a88ca2a8834dbf3267e90b7fbd17a113,1306,7516,7440,76156,75148,1008,10,100.8,0
run_003,removal,remove-irs3-member1-1772978091,remove-irs3-member1-1772978091,member_removal_voted,MemberRemovalVoted,181d0ef146f2bc2eb1ecc02a7f4fa1a9e178fa4fe781a04f4a71ba8a5c08c734,1307,7696,7620,77794,76787,1007,10,100.7,1
run_003,removal,remove-irs3-member1-1772978091,remove-irs3-member1-1772978091,member_removal_voted,MemberRemovalVoted,4c4d244a0821140bc38fbcb0e6b8a56b51a06d1d2feb912a5668f9bbcbdf2948,1308,7867,7792,79776,78769,1007,10,100.7,0
run_003,removal,remove-irs3-member1-1772978091,remove-irs3-member1-1772978091,member_removal_voted,MemberRemovalVoted,61a7dffefdadfe1cbab35cb2c3beea596bef7f68fb92d2d6f2f6f12abf0653fc,1309,8052,7976,73329,72326,1003,9,111.444444,1
run_003,removal,remove-irs3-member1-1772978091,remove-irs3-member1-1772978091,member_removal_voted,MemberRemovalVoted,7e2d95ab36ba89fdb340e8aa5ab8bee4905795ef6cb2f8db5e3ba7c5fa1e1821,1310,8227,8151,82818,81810,1008,10,100.8,3
run_003,removal,remove-irs3-member1-1772978091,remove-irs3-member1-1772978091,member_removal_voted,MemberRemovalVoted,e44e4ccb016745858299a7339761f3ec5096e846abf4e5c2f50613fa18599558,1311,8414,8339,85134,84127,1007,10,100.7,0
run_003,removal,remove-irs3-member1-1772978091,remove-irs3-member1-1772978091,member_removal_voted,MemberRemovalVoted,1fbc09a33cbcb187697d77b1afd10785e01b9f4fb2d929f1e460f4312ce77714,1312,8587,8511,69540,68540,1000,8,125,1
run_003,removal,remove-irs3-member1-1772978091,remove-irs3-member1-1772978091,member_removal_voted,MemberRemovalVoted,ae429bec09e16f96553cbcf7def3c7750a04f4356504a16be18d1594eac988b3,1313,8776,8700,71192,70193,999,8,124.875,0
run_003,removal,remove-irs3-member1-1772978091,remove-irs3-member1-1772978091,member_removed,MemberRemoved,41b984840c84ba8c2972de3dc0eb74df06352d1faece531256f08a8583ba4f0f,1314,19916,19840,80634,79647,987,4,246.75,0
run_003,join,join-irs3-1772978415,join-irs3-1772978415,member_join_requested,MemberJoinRequested,e927d4f94ccae90d1bd1a3419c869abd1b902f03dc1672a2db16b9494903c0e8,1367,8323,8248,9293,8323,970,1,970,0
run_003,join,join-irs3-1772978415,join-irs3-1772978415,member_join_voted,MemberJoinVoted,fb3c21834d3a9ed6cbd1a7da58704d53ba7ca5471d7f90dc7de41d4a5019f8e0,1368,8072,7996,41351,40364,987,5,197.4,0
run_003,join,join-irs3-1772978415,join-irs3-1772978415,member_join_voted,MemberJoinVoted,33e82ffc7719d33c005dd64a36f920d8d7da00a5ee2105434efb6df2e5b42a65,1369,8253,8178,75265,74262,1003,9,111.444444,0
run_003,join,join-irs3-1772978415,join-irs3-1772978415,member_join_voted,MemberJoinVoted,9ceb9b12ee29300afcaaa2019859618877a13f2f9e717ce5af6ad06bc0548763,1370,8432,8357,85338,84330,1008,10,100.8,0
run_003,join,join-irs3-1772978415,join-irs3-1772978415,member_join_voted,MemberJoinVoted,a93724ecc617aed6078ae6e61800a0c759572528f8a99eb32aaf730979c70e06,1371,8610,8535,87121,86113,1008,10,100.8,0
run_003,join,join-irs3-1772978415,join-irs3-1772978415,member_join_voted,MemberJoinVoted,a316b9a15bf6ffb42730398367c710b1fc6fe1737c46dea3b1dc83571166ce2b,1372,8790,8715,88906,87898,1008,10,100.8,0
run_003,join,join-irs3-1772978415,join-irs3-1772978415,member_join_voted,MemberJoinVoted,19e76bd98099120050f3667ce409df1431d7055f11d8daf31e35f7c791963f56,1373,8966,8890,90690,89683,1007,10,100.7,0
run_003,join,join-irs3-1772978415,join-irs3-1772978415,member_join_voted,MemberJoinVoted,14b65539fd9e155dfac69e17521bab4ec1f2854ec8a0bc2b7b32520c0ad44be8,1374,9144,9069,92505,91497,1008,10,100.8,0
run_003,join,join-irs3-1772978415,join-irs3-1772978415,member_join_voted,MemberJoinVoted,0fec3626e7e74e077cf98a50e1f47b9e737c79fedffdb86764d93bebda374e4a,1375,9319,9244,56951,55959,992,6,165.333333,0
run_003,join,join-irs3-1772978415,join-irs3-1772978415,member_join_voted,MemberJoinVoted,caf3b31cf1b3db866dfd84484321ecd8c7bff018eea919848355020748cecbad,1376,9508,9432,77065,76065,1000,8,125,0
run_003,join,join-irs3-1772978415,join-irs3-1772978415,member_join_approved,MemberJoinApproved,6fe8e0d75c9786b1f76ed404e30cfe98e679188638e80960656950b5a1c75cd6,1377,21057,20981,64143,63160,983,3,327.666667,0
run_004,csr,csr-irs3-1772978761,csr-irs3-1772978761,csr_submitted,CSRSubmitted,d55cc59ef8cb19b537c972ca9f83b86c453ac034a09f96713f9bc8be5c5af5f3,1439,7519,7443,8488,7519,969,1,969,0
run_004,csr,csr-irs3-1772978761,csr-irs3-1772978761,csr_voted,CSRVoted,710e11570abf1c55b5beb41642679434bc8e0675002ded1838a4d2ff03b02844,1440,7785,7710,78815,77807,1008,10,100.8,0
run_004,csr,csr-irs3-1772978761,csr-irs3-1772978761,csr_voted,CSRVoted,a7150b7b3b89ca93ab47e8a8d2fe9439363acad0993577213cb3ed8f65ddac1c,1441,7955,7880,80410,79402,1008,10,100.8,1
run_004,csr,csr-irs3-1772978761,csr-irs3-1772978761,csr_voted,CSRVoted,f2ebe64ecea2a942b9866ece9af171c40f54f63fc20872cce0794ae08f290e83,1442,8147,8072,82237,81230,1007,10,100.7,1
run_004,csr,csr-irs3-1772978761,csr-irs3-1772978761,csr_voted,CSRVoted,83507e0a51b060db2e0727325634f8347aff35d90906fe1982aa47243b997629,1443,8320,8245,84185,83177,1008,10,100.8,0
run_004,csr,csr-irs3-1772978761,csr-irs3-1772978761,csr_voted,CSRVoted,17733d3599a4e14bce55ad06338940695577a14db5dbcddb493feedc584c2c56,1444,8494,8419,85971,84964,1007,10,100.7,0
run_004,csr,csr-irs3-1772978761,csr-irs3-1772978761,csr_voted,CSRVoted,b8f62bbd4d46e5a5be5b1161941023e988d9857184c2c0604c6883d3cee5c463,1445,8677,8601,87213,86206,1007,10,100.7,3
run_004,csr,csr-irs3-1772978761,csr-irs3-1772978761,csr_voted,CSRVoted,fa21378af0e2fffb8dd71de73aa896c3803b73ce212cae89420a7c9006a00aa5,1446,8855,8780,89578,88571,1007,10,100.7,0
run_004,csr,csr-irs3-1772978761,csr-irs3-1772978761,csr_voted,CSRVoted,497b8b0e82d7a5a256d83e65362865288185174ec76fcede574a6caadd5c886e,1447,9033,8958,55019,54027,992,6,165.333333,1
run_004,csr,csr-irs3-1772978761,csr-irs3-1772978761,csr_voted,CSRVoted,45dff2779e62af3c66b2dcc161c3cdbc7f453d9ecbcc89b29ad8c03e2a112b77,1448,9208,9133,65491,64495,996,7,142.285714,0
run_004,csr,csr-irs3-1772978761,csr-irs3-1772978761,signing_initiated,SigningInitiated,6e41423b21824873eee348b412641d038f2f60b8a338ac1766637cd3dc0152eb,1449,9114,9038,37513,36529,984,4,246,1
run_004,csr,csr-irs3-1772978761,csr-irs3-1772978761,signing_initiated,SigningInitiated,c152872ce3a9a11b97d95b651680e5b45d3394879acb0c33ba72b0bac29255e7,1450,9303,9227,66093,65098,995,7,142.142857,0
run_004,csr,csr-irs3-1772978761,csr-irs3-1772978761,signing_initiated,SigningInitiated,6852557aaa96d85f27845c14480349cec00ede58b775c65e276a86446396e9e9,1451,9469,9393,29389,28409,980,3,326.666667,0
run_004,csr,csr-irs3-1772978761,csr-irs3-1772978761,signing_initiated,SigningInitiated,38ccc8959f08061657180c0ebbb86bf053effc3715c6ef4bcf28f6fd4b9eb173,1452,9648,9573,58909,57917,992,6,165.333333,0
run_004,csr,csr-irs3-1772978761,csr-irs3-1772978761,signing_initiated,SigningInitiated,01c2c373282a85fffda03291ab0f6a37c0a49be85f11c676794ad245960630ca,1453,9827,9752,20624,19649,975,2,487.5,0
run_004,csr,csr-irs3-1772978761,csr-irs3-1772978761,signing_initiated,SigningInitiated,f2740fabdc160b4064c58510ac106f623bf700857fc362201a813e486a95cecb,1454,10008,9932,51043,50056,987,5,197.4,0
run_004,csr,csr-irs3-1772978761,csr-irs3-1772978761,signing_initiated,SigningInitiated,6b0328e7374f14d813a5edc31fbeb0b475b1425438175b81748e4f72b96977d7,1455,10190,10114,11161,10190,971,1,971,0
run_004,csr,csr-irs3-1772978761,csr-irs3-1772978761,signing_initiated,SigningInitiated,cd062232ba057e36555804be930498506d0c4b4cc9229b337f5d5949d7b8cd92,1456,10368,10293,42459,41475,984,4,246,0
run_004,csr,csr-irs3-1772978761,csr-irs3-1772978761,signing_initiated,SigningInitiated,7f71050b61fad4c41441763ab8211567bf5b4e0bcce65c74bdf0acceb062b6f7,1457,10547,10472,32633,31653,980,3,326.666667,0
run_004,csr,csr-irs3-1772978761,csr-irs3-1772978761,signing_initiated,SigningInitiated,e54e3efb69f51e533f911069cce8ce20ccae3a7c40fddabf97ac5d90e5276637,1458,10733,10657,22442,21466,976,2,488,0
run_004,csr,csr-irs3-1772978761,csr-irs3-1772978761,signing_initiated,SigningInitiated,655e69f125be9ac15f55b76d26265d56a3a850932200b7d5454346ee6bbcb4dc,1459,10901,10826,11872,10901,971,1,971,0
run_004,csr,csr-irs3-1772978761,csr-irs3-1772978761,threshold_reached,ThresholdReached,47a8bdd65fc944a47cf82c8f31c86d5f9d9c38d4c9b610845abf6d88d0c1b317,1469,10191,10116,59840,58848,992,6,165.333333,3
run_004,csr,csr-irs3-1772978761,csr-irs3-1772978761,certificate_registered,CertificateRegistered,ac04507f6e523946a0fd9f4ae31a69f0f9b7da758a295d7cab330f61b3dc40c7,1470,14416,14341,87486,86495,991,6,165.166667,0
run_004,revocation,revoke-irs3-1772978896,revoke-irs3-1772978896,revocation_proposed,RevocationProposed,4b537c2b442a49c5e16defb05ceadbc2ddc136893c2c9db44e2b001305c035ed,1473,6152,6077,7123,6152,971,1,971,0
run_004,revocation,revoke-irs3-1772978896,revoke-irs3-1772978896,revocation_voted,RevocationVoted,0f59541c73e5d6475066186e7abf862d9bd066cf4f8ef28019ad19cb1f399f61,1474,6716,6641,34550,33563,987,5,197.4,0
run_004,revocation,revoke-irs3-1772978896,revoke-irs3-1772978896,revocation_voted,RevocationVoted,b88c2f1bba33372e1051e74e1c08387176b0c54dedd63f4647fed1ab4386d08d,1475,6887,6811,69897,68889,1008,10,100.8,0
run_004,revocation,revoke-irs3-1772978896,revoke-irs3-1772978896,revocation_voted,RevocationVoted,92d3f1ce5a0be4742d16da5aac33764bbb9e4371c8f9a1faa68a944d207d7b71,1476,7078,7003,71690,70683,1007,10,100.7,0
run_004,revocation,revoke-irs3-1772978896,revoke-irs3-1772978896,revocation_voted,RevocationVoted,f1c19ab02f08cb5f61c6c43029882fc2693fa8147153b6c1b4e4b42a4fa71ccf,1477,7250,7175,73311,72303,1008,10,100.8,1
run_004,revocation,revoke-irs3-1772978896,revoke-irs3-1772978896,revocation_voted,RevocationVoted,cbd97ed00f1e4838fced49950be427730b843189e356c4ce72fed2739c36d1ec,1478,7427,7351,75292,74284,1008,10,100.8,0
run_004,revocation,revoke-irs3-1772978896,revoke-irs3-1772978896,revocation_voted,RevocationVoted,caa9e587c104e1cd3c3668bbdc77797e4d9a953ee20e1973eab74f8da86691ce,1479,7616,7540,77065,76057,1008,10,100.8,0
run_004,revocation,revoke-irs3-1772978896,revoke-irs3-1772978896,revocation_voted,RevocationVoted,41209a826d6148739ce0cbcbdd1b566013c4aff0481f0d7c89995bffb52ee846,1480,7782,7707,78862,77854,1008,10,100.8,0
run_004,revocation,revoke-irs3-1772978896,revoke-irs3-1772978896,revocation_voted,RevocationVoted,3f6d933868c30411b81e4cc3d943144f14d8048d94b925022fe7855e2f9457b5,1481,7966,7891,72683,71680,1003,9,111.444444,0
run_004,revocation,revoke-irs3-1772978896,revoke-irs3-1772978896,revocation_voted,RevocationVoted,f634d44cc9889c3a199b72e3c6e6999f3cedf2b561cffe56ba51a57b03a80673,1482,8144,8069,58001,57006,995,7,142.142857,0
run_004,revocation,revoke-irs3-1772978896,revoke-irs3-1772978896,certificate_revoked,NodeRevoked,00be0f16760ee7bfe7b553a0ba1189cfcf3d17ec1ac3decfc47f4412c666840d,1483,10647,10571,54208,53220,988,5,197.6,0
run_004,removal,remove-irs3-member1-1772978939,remove-irs3-member1-1772978939,member_removal_proposed,MemberRemovalProposed,0b31c3cc6d0108b433d7139f5e4d1880311865dbb58945d071f449715d3edf6a,1484,8031,7955,9002,8031,971,1,971,0
run_004,removal,remove-irs3-member1-1772978939,remove-irs3-member1-1772978939,member_removal_voted,MemberRemovalVoted,bb64ab94ad99c95a100c707e057594a1421e8b0931ab35a09a09863d367ad7cf,1485,7374,7299,60000,59000,1000,8,125,0
run_004,removal,remove-irs3-member1-1772978939,remove-irs3-member1-1772978939,member_removal_voted,MemberRemovalVoted,e3d735ec7d1680b737a7ad9d6fa8bc5f338cb52137aaaba82f093593cea5e2c7,1486,7549,7473,76562,75554,1008,10,100.8,0
run_004,removal,remove-irs3-member1-1772978939,remove-irs3-member1-1772978939,member_removal_voted,MemberRemovalVoted,fd51e3d2c16ec7f1c69886c8817296d77c7bd71f170ba03251522b970eb9c406,1487,7728,7653,78350,77343,1007,10,100.7,0
run_004,removal,remove-irs3-member1-1772978939,remove-irs3-member1-1772978939,member_removal_voted,MemberRemovalVoted,49ff3f5c3cc6ce8cf425dd855ff4191feeb55fa8be92ee17fa6a9073c516280f,1488,7909,7834,32289,31306,983,4,245.75,2
run_004,removal,remove-irs3-member1-1772978939,remove-irs3-member1-1772978939,member_removal_voted,MemberRemovalVoted,4204204c738fcaaf8f02318e2ef8b6493b8d3376895e7b9dd5259aec114c2d21,1489,8096,8020,80719,79711,1008,10,100.8,1
run_004,removal,remove-irs3-member1-1772978939,remove-irs3-member1-1772978939,member_removal_voted,MemberRemovalVoted,137d201c1cfc01789e00f795e28bc0497cf922616ec249a31e6e2fc40dc17159,1490,8271,8195,83591,82584,1007,10,100.7,1
run_004,removal,remove-irs3-member1-1772978939,remove-irs3-member1-1772978939,member_removal_voted,MemberRemovalVoted,e5f75caa1df10fc66ac42af7533d625f738090a891acf9fd4f077ef83d2773f6,1491,8459,8383,85393,84386,1007,10,100.7,1
run_004,removal,remove-irs3-member1-1772978939,remove-irs3-member1-1772978939,member_removal_voted,MemberRemovalVoted,54612dd069154998086a803592de5ee9c72c07f7bb69e5f01f2373c51e81e9bf,1492,8627,8551,87332,86325,1007,10,100.7,0
run_004,removal,remove-irs3-member1-1772978939,remove-irs3-member1-1772978939,member_removal_voted,MemberRemovalVoted,877d1b2155251e046720da575bc329deaa59a66b0aef46372ffd5bc072ff9d76,1493,8810,8734,89121,88114,1007,10,100.7,0
run_004,removal,remove-irs3-member1-1772978939,remove-irs3-member1-1772978939,member_removed,MemberRemoved,10e1a841730a3a383b6f6b35571374d9a7308c96c8eb3655b893deae029ac16e,1494,19953,19877,80798,79811,987,4,246.75,0
run_004,join,join-irs3-1772979289,join-irs3-1772979289,member_join_requested,MemberJoinRequested,d537991e014b96f08f1b2713f3634931d36d6fad377618450489bcf6e3ba4cff,1548,8467,8392,9438,8467,971,1,971,0
run_004,join,join-irs3-1772979289,join-irs3-1772979289,member_join_voted,MemberJoinVoted,57d1ec2e53ad8e8cca34be53ca056f1ba76452a30a37fd366da5f489c7425e0e,1549,8111,8036,57752,56757,995,7,142.142857,0
run_004,join,join-irs3-1772979289,join-irs3-1772979289,member_join_voted,MemberJoinVoted,4cd3453562367be758e811c3ac04dc9226f89ba796e8bdfab62ead3c1e0a90ae,1550,8282,8206,83888,82881,1007,10,100.7,0
run_004,join,join-irs3-1772979289,join-irs3-1772979289,member_join_voted,MemberJoinVoted,0cb2032ac83f21992bd808810c3c9fa2b47d86b89532b76b22ce81919905a0ac,1551,8464,8388,85685,84678,1007,10,100.7,0
run_004,join,join-irs3-1772979289,join-irs3-1772979289,member_join_voted,MemberJoinVoted,0fbea58df263f36125b2b769d0026c037f7163a4c567ddbb101464d9aa11450b,1552,8649,8573,87109,86101,1008,10,100.8,2
run_004,join,join-irs3-1772979289,join-irs3-1772979289,member_join_voted,MemberJoinVoted,bd3fe90330c38bf282ba83bc9281cef974188d1ba1076355fd9e65d0ea9ef257,1553,8836,8760,79919,78916,1003,9,111.444444,3
run_004,join,join-irs3-1772979289,join-irs3-1772979289,member_join_voted,MemberJoinVoted,b7687bde7d5a7a17c86074b1dc90af5967bfec0755e70c91ffc3e9d20f50ce89,1554,9008,8932,90360,89353,1007,10,100.7,4
run_004,join,join-irs3-1772979289,join-irs3-1772979289,member_join_voted,MemberJoinVoted,b4d797fe776d5df569b8361fcf5a1745af19d56d22b513552d7cb42422619ddd,1555,9191,9116,83688,82684,1004,9,111.555556,0
run_004,join,join-irs3-1772979289,join-irs3-1772979289,member_join_voted,MemberJoinVoted,80560a05a00c2ad599cced8a6c6e60086967d2c666e1fcab420eef9091bf7c86,1556,9359,9284,47789,46801,988,5,197.6,0
run_004,join,join-irs3-1772979289,join-irs3-1772979289,member_join_voted,MemberJoinVoted,8ad56bcf0c270f0abe8efd7e0cd6c27d4c5af5d19db384df440140cbda93ad80,1557,9537,9462,66891,65895,996,7,142.285714,5
run_004,join,join-irs3-1772979289,join-irs3-1772979289,member_join_approved,MemberJoinApproved,ac990551e1f931c6ed26ec2643f0eb7c715646492e3ca9e8a656c6db17b0495c,1558,21090,21014,85340,84353,987,4,246.75,0
run_005,csr,csr-irs3-1772979622,csr-irs3-1772979622,csr_submitted,CSRSubmitted,381335c35271bdd8d7d429500aced32db4c0fdcaacefd1447e39f68463739196,1609,7517,7442,8488,7517,971,1,971,0
run_005,csr,csr-irs3-1772979622,csr-irs3-1772979622,csr_voted,CSRVoted,5359880742aa53ca580d8a80f48b1f34f1106d032b9f8a40a405f7442ce774a0,1610,7771,7696,55434,54438,996,7,142.285714,0
run_005,csr,csr-irs3-1772979622,csr-irs3-1772979622,csr_voted,CSRVoted,8ddc2e07b08e514bd1b1ed57ade174fc1208d7baff2574fe28c0bc1408ff0c3c,1611,7967,7892,80232,79224,1008,10,100.8,2
run_005,csr,csr-irs3-1772979622,csr-irs3-1772979622,csr_voted,CSRVoted,6c9533eb1c764991f2190d5571037ae3bbd76405fc9c511c3c947787cc11205c,1612,8135,8060,82230,81222,1008,10,100.8,1
run_005,csr,csr-irs3-1772979622,csr-irs3-1772979622,csr_voted,CSRVoted,7929edf2291f80a54317320ef6c09fcb933a6f7953af6ed708910ba77e6e3e2f,1613,8323,8248,84186,83179,1007,10,100.7,0
run_005,csr,csr-irs3-1772979622,csr-irs3-1772979622,csr_voted,CSRVoted,9d57b5c92aca5b5578d895d59ff8fcfad17cc99a8dbc5f9198427a39ec1aefce,1614,8499,8423,85986,84978,1008,10,100.8,0
run_005,csr,csr-irs3-1772979622,csr-irs3-1772979622,csr_voted,CSRVoted,1581f2b50caae3747ad9786f9a8643088440fa4fb6cbdee7693bd5f73519b7e1,1615,8687,8611,78900,77896,1004,9,111.555556,1
run_005,csr,csr-irs3-1772979622,csr-irs3-1772979622,csr_voted,CSRVoted,512bd6db29ac2362c84bf224e1f38a9f087db2db98708f13ed5da8a5bb8a08f4,1616,8858,8782,89384,88376,1008,10,100.8,1
run_005,csr,csr-irs3-1772979622,csr-irs3-1772979622,csr_voted,CSRVoted,136e2714aaa6e36f107fe2ef78f972d29b33d2d90e20c220bf61bab022464cd6,1617,9038,8962,73100,72100,1000,8,125,1
run_005,csr,csr-irs3-1772979622,csr-irs3-1772979622,csr_voted,CSRVoted,8cd5ff20c690c2edd59523f3623e5470aea719640ee2a565c464b11355091a24,1618,9212,9136,74708,73708,1000,8,125,0
run_005,csr,csr-irs3-1772979622,csr-irs3-1772979622,signing_initiated,SigningInitiated,f6fdebc5fef1a19c305177e332d05cf0ae500c06d5334dc9538b9c6556263fb5,1619,9106,9031,28515,27535,980,3,326.666667,2
run_005,csr,csr-irs3-1772979622,csr-irs3-1772979622,signing_initiated,SigningInitiated,68f4a4f63978c0af1cb6c7149549bfdf91d30af19adb7fe681df245152de2943,1620,9297,9222,28875,27895,980,3,326.666667,0
run_005,csr,csr-irs3-1772979622,csr-irs3-1772979622,signing_initiated,SigningInitiated,a6a20cd27551cf8bf60a9d01b597d0fadcd4ccd1e610519d85964082831c7c47,1621,9468,9392,66769,65773,996,7,142.285714,3
run_005,csr,csr-irs3-1772979622,csr-irs3-1772979622,signing_initiated,SigningInitiated,139297262e850f8061230ca2994dafaa15a95d7e6560f5f418911bbbf53c2773,1622,9661,9585,20298,19322,976,2,488,0
run_005,csr,csr-irs3-1772979622,csr-irs3-1772979622,signing_initiated,SigningInitiated,c3c976778788963ad266e59c68af584b9d4c66ab25d5d7c779dfea535512bc88,1623,9831,9755,30290,29311,979,3,326.333333,1
run_005,csr,csr-irs3-1772979622,csr-irs3-1772979622,signing_initiated,SigningInitiated,79d53810611b557a0d094ab13308fea3f91facc10ce4ba86795544202d785e86,1624,10021,9945,41048,40064,984,4,246,0
run_005,csr,csr-irs3-1772979622,csr-irs3-1772979622,signing_initiated,SigningInitiated,4504acade601f2a9574a1346f893d20983a0eff415fd24e40e111bf4dc0bfe00,1625,10189,10113,21350,20374,976,2,488,0
run_005,csr,csr-irs3-1772979622,csr-irs3-1772979622,signing_initiated,SigningInitiated,c9b61f0980e51ce1a26af0b450d685966727abc8489d9a024b2122558feaeddb,1626,10373,10298,32096,31117,979,3,326.333333,0
run_005,csr,csr-irs3-1772979622,csr-irs3-1772979622,signing_initiated,SigningInitiated,00acf4e38d244ca983508abbd55582f5bc9f6bb7c2c34ae215e8f174709cbbd4,1627,10546,10471,11517,10546,971,1,971,0
run_005,csr,csr-irs3-1772979622,csr-irs3-1772979622,signing_initiated,SigningInitiated,31a2f61979d8adba33dd7b1f3f32983962ddb5d622211f7addd358545663e39f,1628,10726,10651,22433,21457,976,2,488,0
run_005,csr,csr-irs3-1772979622,csr-irs3-1772979622,signing_initiated,SigningInitiated,4de215ba58a065eccfbc524e765321ee56ad37e9d0a03f2b7c194411de89a9a8,1629,10899,10824,11870,10899,971,1,971,0
run_005,csr,csr-irs3-1772979622,csr-irs3-1772979622,threshold_reached,ThresholdReached,6d75757f542dc98e01b0f11a2f265624888798d535edcf474473ee38154190fd,1640,10185,10110,39413,38430,983,4,245.75,3
run_005,csr,csr-irs3-1772979622,csr-irs3-1772979622,certificate_registered,CertificateRegistered,5d4bc96d3dab8e7e27c6fad670db820b0b7371a6f4b8aa96ba7744d995cdd916,1641,14454,14378,29876,28900,976,2,488,0
run_005,revocation,revoke-irs3-1772979754,revoke-irs3-1772979754,revocation_proposed,RevocationProposed,4dcdef2acbe7baa307e9f7160b6265e9ebf6a46587127c830710e0052ac5803d,1644,6161,6085,7131,6161,970,1,970,0
run_005,revocation,revoke-irs3-1772979754,revoke-irs3-1772979754,revocation_voted,RevocationVoted,a395dac88da87f89e842fc34ed93b7a61d0d02520eea6b2b7b0931dd1705c0db,1645,6717,6642,54709,53709,1000,8,125,0
run_005,revocation,revoke-irs3-1772979754,revoke-irs3-1772979754,revocation_voted,RevocationVoted,957c2bf4c0276d19cef726deb66c794b28cb4218822f640b3e1f74b82bff8832,1646,6901,6825,69941,68933,1008,10,100.8,0
run_005,revocation,revoke-irs3-1772979754,revoke-irs3-1772979754,revocation_voted,RevocationVoted,e2d5798fbdd3237bc516832e123ee08938be3b5374a342be7f423930b4c7e56a,1647,7083,7008,71735,70728,1007,10,100.7,0
run_005,revocation,revoke-irs3-1772979754,revoke-irs3-1772979754,revocation_voted,RevocationVoted,d796b5bbbaf97ee445059cdbdd81d6d8f39ed132e506f77ab85386fa817546f4,1648,7247,7172,73332,72325,1007,10,100.7,1
run_005,revocation,revoke-irs3-1772979754,revoke-irs3-1772979754,revocation_voted,RevocationVoted,e2a41b20ee550a51f2bec0d62f605237c70d2a65947c82a941636a6dee6f2564,1649,7433,7357,52843,51848,995,7,142.142857,1
run_005,revocation,revoke-irs3-1772979754,revoke-irs3-1772979754,revocation_voted,RevocationVoted,04dba4c9397503ae865a728ffe01f8980d9ca5fdad2b8ed76bb6821f54a221e7,1650,7612,7537,77101,76093,1008,10,100.8,0
run_005,revocation,revoke-irs3-1772979754,revoke-irs3-1772979754,revocation_voted,RevocationVoted,195593be71281294d3137ed24f65e02c553d1cf7bc4cdef2b8d19ebefb77e261,1651,7791,7716,71081,70077,1004,9,111.555556,0
run_005,revocation,revoke-irs3-1772979754,revoke-irs3-1772979754,revocation_voted,RevocationVoted,2254d373308f10ccf2e925ee2d510633a5e9b1a583579cf7bd7e8e3f7d01f346,1652,7964,7888,80645,79638,1007,10,100.7,0
run_005,revocation,revoke-irs3-1772979754,revoke-irs3-1772979754,revocation_voted,RevocationVoted,3d2ec35a590ad71442c05c9f9b94e098033989f831656f12208abf7c0126c022,1653,8146,8071,82458,81450,1008,10,100.8,0
run_005,revocation,revoke-irs3-1772979754,revoke-irs3-1772979754,certificate_revoked,NodeRevoked,f5ec508c41af5bfb58268edf300de52430e8b68fee902bb242675be5b0a26182,1655,10653,10578,107525,106517,1008,10,100.8,0
run_005,removal,remove-irs3-member1-1772979800,remove-irs3-member1-1772979800,member_removal_proposed,MemberRemovalProposed,343d37c08974ff5242ea795414209dbc0a7ec65da61a55a90ee1219f0531b300,1657,8176,8101,9147,8176,971,1,971,0
run_005,removal,remove-irs3-member1-1772979800,remove-irs3-member1-1772979800,member_removal_voted,MemberRemovalVoted,2d9012732120ad5dad65e48ef80cdfdbfaacf547ac4678ff759daea09b62e06d,1658,7417,7342,60291,59291,1000,8,125,0
run_005,removal,remove-irs3-member1-1772979800,remove-irs3-member1-1772979800,member_removal_voted,MemberRemovalVoted,78b97f8121ce191b47fd0e1b9ef848a840dc16324b21bcb5cb4cf98f61f338e1,1659,7593,7518,76942,75935,1007,10,100.7,0
run_005,removal,remove-irs3-member1-1772979800,remove-irs3-member1-1772979800,member_removal_voted,MemberRemovalVoted,a5df5bb7376f41c9531294fa83563c1e6f4e5d518cd79932853c23e939487a41,1660,7774,7698,78732,77725,1007,10,100.7,0
run_005,removal,remove-irs3-member1-1772979800,remove-irs3-member1-1772979800,member_removal_voted,MemberRemovalVoted,fbbfdba6b72fc70683f77a25fe110885fdf7ec7803e1b262d833076d6ea2dafa,1661,7960,7885,80372,79365,1007,10,100.7,1
run_005,removal,remove-irs3-member1-1772979800,remove-irs3-member1-1772979800,member_removal_voted,MemberRemovalVoted,fd3d11484da13fbee71b2d85ad8f0521809a17db070f63c2c3a2493feca49d4e,1662,8135,8059,81970,80964,1006,10,100.6,2
run_005,removal,remove-irs3-member1-1772979800,remove-irs3-member1-1772979800,member_removal_voted,MemberRemovalVoted,9037c690603bbee30bc1529165e28c298fe5b640dff7dc997d4fbc957067ebed,1663,8309,8234,67125,66125,1000,8,125,2
run_005,removal,remove-irs3-member1-1772979800,remove-irs3-member1-1772979800,member_removal_voted,MemberRemovalVoted,ea324ddb35a63293f4e4dec81fcff4e1488cc680fc3e29df7301bf18200caf98,1664,8487,8412,77418,76414,1004,9,111.555556,0
run_005,removal,remove-irs3-member1-1772979800,remove-irs3-member1-1772979800,member_removal_voted,MemberRemovalVoted,44969372301107b854921b5e72123194feb79407ed60fd4e64c790f42cdb1288,1665,8674,8598,61508,60513,995,7,142.142857,1
run_005,removal,remove-irs3-member1-1772979800,remove-irs3-member1-1772979800,member_removal_voted,MemberRemovalVoted,7516257b80cd70f453b01ca8c2d071716456a029593b0ae8be1c0cbf4b1db526,1666,8851,8775,62947,61952,995,7,142.142857,0
run_005,removal,remove-irs3-member1-1772979800,remove-irs3-member1-1772979800,member_removed,MemberRemoved,903164aa450b52ab640fd72ed428fc67b05636760b044efa8eea380ed3f309ad,1667,19996,19920,100942,99950,992,5,198.4,0
run_005,join,join-irs3-1772980146,join-irs3-1772980146,member_join_requested,MemberJoinRequested,bab76f558882d28636159b61cc4fa1e4e3724695232b29fde37a18d356cac0d3,1723,8615,8539,9586,8615,971,1,971,0
run_005,join,join-irs3-1772980146,join-irs3-1772980146,member_join_voted,MemberJoinVoted,fc63dc795b43e71fe2ec6dcaf410ceda9901476967a1ca3de016611e89026e91,1724,8147,8071,33576,32592,984,4,246,0
run_005,join,join-irs3-1772980146,join-irs3-1772980146,member_join_voted,MemberJoinVoted,032f047b96869b79504731400c122fc0757e7c067dc1b31d885f5388826e5265,1725,8326,8251,67647,66648,999,8,124.875,0
run_005,join,join-irs3-1772980146,join-irs3-1772980146,member_join_voted,MemberJoinVoted,a0f05bc7f8a6917e928524f4d911feea0d3cb02485dc14ea0f6f07b6b9876228,1726,8510,8434,86080,85073,1007,10,100.7,0
run_005,join,join-irs3-1772980146,join-irs3-1772980146,member_join_voted,MemberJoinVoted,6d12258af8bd2074e7312abf7fee904fa01ddea4fb811162af4cb6e1b2a96d1b,1727,8683,8607,87867,86859,1008,10,100.8,0
run_005,join,join-irs3-1772980146,join-irs3-1772980146,member_join_voted,MemberJoinVoted,e2c528680de635f9a53f9b4b2a17edd7b29ed3efefed4d2c8c0c1a8a5c30273c,1728,8870,8795,89688,88681,1007,10,100.7,0
run_005,join,join-irs3-1772980146,join-irs3-1772980146,member_join_voted,MemberJoinVoted,99402c4dfc888d155878d204479c6ab8c4a90dd176e9c73058a02652f8a8fbe0,1729,9042,8966,91268,90261,1007,10,100.7,1
run_005,join,join-irs3-1772980146,join-irs3-1772980146,member_join_voted,MemberJoinVoted,f40011b3761366e9273852471a0fb103ffeb192e4bd762851fb00ca4a4e8ec92,1730,9232,9157,93260,92254,1006,10,100.6,0
run_005,join,join-irs3-1772980146,join-irs3-1772980146,member_join_voted,MemberJoinVoted,dcbef542e7403bf4d132c4a65ce3a92d3651e11142f62d5f5afa06f21049639d,1731,9409,9333,57413,56421,992,6,165.333333,0
run_005,join,join-irs3-1772980146,join-irs3-1772980146,member_join_voted,MemberJoinVoted,194e57414451053f2b97ad728dfa6e4c22b8b3b2180e7b3fc932c2edf20e71a4,1732,9582,9506,68080,67085,995,7,142.142857,0
run_005,join,join-irs3-1772980146,join-irs3-1772980146,member_join_approved,MemberJoinApproved,3a47e1948c630f4af3f09a1347b58b4b3a6ab233791b4245b75ab903a7310202,1733,21133,21056,50870,49885,985,4,246.25,3
run_005,reshare,37,,all_nodes_ready_for_dkg,DKGReady,ff061acf083abc04895f24a6502a431e277581201efe9a2b1c5a79f228c8c049,1753,15699,15624,16670,15699,971,1,971,0
run_006,csr,csr-irs3-1772980466,csr-irs3-1772980466,csr_submitted,CSRSubmitted,509eb06235f88d3412c130f669254dfec2d2339991281cc8c3d6ad3c2d40ed02,1789,7519,7443,8489,7519,970,1,970,0
run_006,csr,csr-irs3-1772980466,csr-irs3-1772980466,csr_voted,CSRVoted,f9ff88fd4203b9ff0f76d6f02657c3b56e4a3f3921f5337848a24bac040baf2b,1790,7778,7703,55439,54443,996,7,142.285714,0
run_006,csr,csr-irs3-1772980466,csr-irs3-1772980466,csr_voted,CSRVoted,ff9e53b11906aad8c8813a0b1085f1fe270937f5eb19e5bcf80d5819489916d4,1791,7957,7881,80418,79410,1008,10,100.8,1
run_006,csr,csr-irs3-1772980466,csr-irs3-1772980466,csr_voted,CSRVoted,67c6ea16339cd1bd04d575f26b9c6dadf089b653039b8e7425d328f68667ee92,1792,8142,8066,82411,81403,1008,10,100.8,0
run_006,csr,csr-irs3-1772980466,csr-irs3-1772980466,csr_voted,CSRVoted,2b2a7e142b572257a23564c96f42925980487f6f401b2de362cc062cd8cc6c1a,1793,8317,8242,84011,83004,1007,10,100.7,1
run_006,csr,csr-irs3-1772980466,csr-irs3-1772980466,csr_voted,CSRVoted,6f60c14a9245fbf071f0b6e400012f00b77ca8cb4ce2dadcd48df8eed5778e43,1794,8499,8423,85821,84814,1007,10,100.7,1
run_006,csr,csr-irs3-1772980466,csr-irs3-1772980466,csr_voted,CSRVoted,6d47f7d66b94facbe0e9dd60154e5c03b46eb8805dc26d862355d42e07abe021,1795,8675,8600,87782,86775,1007,10,100.7,0
run_006,csr,csr-irs3-1772980466,csr-irs3-1772980466,csr_voted,CSRVoted,d85ef6cb162171c5c822a964b01f7f9db04031db86081e4862eb495afd85bb06,1796,8857,8782,89540,88533,1007,10,100.7,0
run_006,csr,csr-irs3-1772980466,csr-irs3-1772980466,csr_voted,CSRVoted,916d801c1975e6c82bb1ccc028704c7b18fe395e126f5ac86b243567886f2b28,1797,9037,8962,64056,63060,996,7,142.285714,1
run_006,csr,csr-irs3-1772980466,csr-irs3-1772980466,csr_voted,CSRVoted,c3780d591b15f659d17a8d07c72adb1472fd811b47e8f826524c304f37ef8994,1798,9222,9146,93126,92119,1007,10,100.7,0
run_006,csr,csr-irs3-1772980466,csr-irs3-1772980466,signing_initiated,SigningInitiated,eb180e9c99be240d774c1164eb36ad62d031ce8254f6eff52c042ddeba901b17,1799,9120,9044,19206,18231,975,2,487.5,0
run_006,csr,csr-irs3-1772980466,csr-irs3-1772980466,signing_initiated,SigningInitiated,33ba3a2fe4f0f367819026bbab5a9da5675d35432a1bbdb729c91743c54f6c85,1800,9286,9211,84636,83632,1004,9,111.555556,0
run_006,csr,csr-irs3-1772980466,csr-irs3-1772980466,signing_initiated,SigningInitiated,46f2908be9b68151fe10e6c518ff3091ddeb5ad1ec387edcd7906cae6510b18f,1801,9469,9393,10440,9469,971,1,971,0
run_006,csr,csr-irs3-1772980466,csr-irs3-1772980466,signing_initiated,SigningInitiated,c48c2bd4f10783b14eed601e37c30f230b0ec0d5c56dd96999f9993fbfd0a8bf,1802,9651,9576,78194,77195,999,8,124.875,0
run_006,csr,csr-irs3-1772980466,csr-irs3-1772980466,signing_initiated,SigningInitiated,bab5a89fc01b4a9b06d9128778576b9e1d5774a367991fba84f6e45f3ba9c8bd,1803,9828,9752,69813,68817,996,7,142.285714,0
run_006,csr,csr-irs3-1772980466,csr-irs3-1772980466,signing_initiated,SigningInitiated,d82bc1dab4718bfde3952a51a6cc4b67a3c224287155ecd7c3401ec91ead9c21,1804,10011,9936,61037,60045,992,6,165.333333,0
run_006,csr,csr-irs3-1772980466,csr-irs3-1772980466,signing_initiated,SigningInitiated,494da1afbf71a2287062d4d64d970f4608ca5cd66c74ae87252a60c907e2c060,1805,10184,10108,51929,50942,987,5,197.4,0
run_006,csr,csr-irs3-1772980466,csr-irs3-1772980466,signing_initiated,SigningInitiated,8befde0d30b4a5aa886144c42acf4e27455babbb556af916cfba9b9659b9a9a1,1806,10360,10285,42440,41457,983,4,245.75,0
run_006,csr,csr-irs3-1772980466,csr-irs3-1772980466,signing_initiated,SigningInitiated,a9b917622722a1e964761fb3aa943cc1a192d9fd75ce68671349a1bb395e2bc9,1807,10546,10470,32621,31641,980,3,326.666667,0
run_006,csr,csr-irs3-1772980466,csr-irs3-1772980466,signing_initiated,SigningInitiated,49a08745eb610f861cfa96426abc04e8aeeed58edf81357f924fa682c5d5c99b,1808,10727,10651,22430,21454,976,2,488,0
run_006,csr,csr-irs3-1772980466,csr-irs3-1772980466,signing_initiated,SigningInitiated,abde5156c386e4a31557f5457ae0dc3ea8d82ac27adbc358efd2609f9d35ecb5,1809,10905,10830,11876,10905,971,1,971,0
run_006,csr,csr-irs3-1772980466,csr-irs3-1772980466,threshold_reached,ThresholdReached,963ec037af10a3e352c770efaa965ba7df4b1105447a94f6ef29e0a3547b9339,1820,10185,10110,41736,40753,983,4,245.75,0
run_006,csr,csr-irs3-1772980466,csr-irs3-1772980466,certificate_registered,CertificateRegistered,3e2806125ecfc500fa3c289e5db8e42f840be7b16567b67a6ba912d5d9e043e8,1821,14479,14403,73390,72402,988,5,197.6,0
run_006,revocation,revoke-irs3-1772980609,revoke-irs3-1772980609,revocation_proposed,RevocationProposed,31ae5f0b63ab045df1b321792ae53c15f6c01a438fa252310bc620479ce59ae8,1823,6161,6086,7132,6161,971,1,971,0
run_006,revocation,revoke-irs3-1772980609,revoke-irs3-1772980609,revocation_voted,RevocationVoted,30e1a12d5f18d608d80850dc9491631afa746142a1da09e39f1b9cc49ebe3dab,1824,6720,6644,47986,46991,995,7,142.142857,0
run_006,revocation,revoke-irs3-1772980609,revoke-irs3-1772980609,revocation_voted,RevocationVoted,bbf98f1577fa73d41120b0cf2f007e74b1faffafb7be72e95184c12fb73f52e2,1825,6892,6817,69729,68721,1008,10,100.8,1
run_006,revocation,revoke-irs3-1772980609,revoke-irs3-1772980609,revocation_voted,RevocationVoted,5d5c416d83f0aa95a74d8ef510836c6a64bf440a29f47804d0606a2bce9fa73f,1826,7076,7000,71750,70742,1008,10,100.8,0
run_006,revocation,revoke-irs3-1772980609,revoke-irs3-1772980609,revocation_voted,RevocationVoted,bbe1ec518f582ffb8b26cfedc59f76091f8d2b098e1df979a867f39b265d01ea,1827,7246,7170,73338,72331,1007,10,100.7,1
run_006,revocation,revoke-irs3-1772980609,revoke-irs3-1772980609,revocation_voted,RevocationVoted,8251ee6adc5b00c099ef994410d3dfd0ed86b57eeacba0e54122b01ba35bb00b,1828,7434,7358,74960,73952,1008,10,100.8,2
run_006,revocation,revoke-irs3-1772980609,revoke-irs3-1772980609,revocation_voted,RevocationVoted,681c5ddc38ee483e19cb9a6e5be4e1dabce8bc1ff146244f2aed4b73dcaf8301,1829,7610,7535,76944,75936,1008,10,100.8,1
run_006,revocation,revoke-irs3-1772980609,revoke-irs3-1772980609,revocation_voted,RevocationVoted,7ff71e20b81a937cc887e2f0a456d60fbb18952f010312fb676c1a4e318fc025,1830,7791,7715,78909,77901,1008,10,100.8,0
run_006,revocation,revoke-irs3-1772980609,revoke-irs3-1772980609,revocation_voted,RevocationVoted,a630d655a150e19b5743815e69216bc7640bd64a93e03f9038151011cce6a14c,1831,7970,7894,64735,63736,999,8,124.875,0
run_006,revocation,revoke-irs3-1772980609,revoke-irs3-1772980609,revocation_voted,RevocationVoted,f5c2240bede6888472d3b62cee8a392eeb516f2964e3fe7f9e3388345fc633f2,1832,8144,8068,58002,57007,995,7,142.142857,0
run_006,revocation,revoke-irs3-1772980609,revoke-irs3-1772980609,certificate_revoked,NodeRevoked,6efd6595ee7495b61984804f8877449f8fd2ee0c4f45132270e8db5120e9fde8,1833,10651,10576,75524,74529,995,7,142.142857,0
run_006,removal,remove-irs3-member1-1772980651,remove-irs3-member1-1772980651,member_removal_proposed,MemberRemovalProposed,e5baeeda16476b31f581feb46c79fa93a26eaca8602c731a7145f943a59911ba,1834,8327,8251,9298,8327,971,1,971,0
run_006,removal,remove-irs3-member1-1772980651,remove-irs3-member1-1772980651,member_removal_voted,MemberRemovalVoted,860ee9942a1626d6461b16ec00fc09179583d1b71bb3b43ce5b2efa2f5d3d7d6,1835,7456,7381,53150,52154,996,7,142.285714,0
run_006,removal,remove-irs3-member1-1772980651,remove-irs3-member1-1772980651,member_removal_voted,MemberRemovalVoted,3bebc681b45d19f4cabfb30b022f3ae3425ca6281251dc4560e8f0245fb56311,1836,7627,7551,77303,76296,1007,10,100.7,0
run_006,removal,remove-irs3-member1-1772980651,remove-irs3-member1-1772980651,member_removal_voted,MemberRemovalVoted,727a64709324c628704a1341443fe4acfc5e4be617e9d264807403656f73b376,1837,7821,7745,78945,77937,1008,10,100.8,1
run_006,removal,remove-irs3-member1-1772980651,remove-irs3-member1-1772980651,member_removal_voted,MemberRemovalVoted,249cd30b5ea42f00b7fdfc37143b0b11fdb03617c6bfe4d7e96db2a20c7aa247,1838,7988,7913,80558,79551,1007,10,100.7,2
run_006,removal,remove-irs3-member1-1772980651,remove-irs3-member1-1772980651,member_removal_voted,MemberRemovalVoted,b7a4a5fbb57e76b09ec8f14c44296a2a4753b1f04b620d3c7106e70db6d65983,1839,8177,8101,82373,81365,1008,10,100.8,2
run_006,removal,remove-irs3-member1-1772980651,remove-irs3-member1-1772980651,member_removal_voted,MemberRemovalVoted,c3b316fe5e2da6fb01ce20b7c5def052791b5a9631a0fc1ecaab3a58c2994286,1840,8351,8275,76147,75144,1003,9,111.444444,0
run_006,removal,remove-irs3-member1-1772980651,remove-irs3-member1-1772980651,member_removal_voted,MemberRemovalVoted,2fa9595234776c7204f8660967dd7f482b85f8698db58bf06e8370ab3020da1f,1841,8529,8453,60510,59515,995,7,142.142857,1
run_006,removal,remove-irs3-member1-1772980651,remove-irs3-member1-1772980651,member_removal_voted,MemberRemovalVoted,c9d9648f1b3cd39d6fab681056b3a64e9409624bd419f723eedd64e79b4fbaeb,1842,8706,8630,70658,69658,1000,8,125,0
run_006,removal,remove-irs3-member1-1772980651,remove-irs3-member1-1772980651,member_removal_voted,MemberRemovalVoted,36ac273de1a37e226cf359ca4329e1967275c34ea0ad0aeb607d9c3129b1bc84,1843,8897,8822,72078,71079,999,8,124.875,0
run_006,removal,remove-irs3-member1-1772980651,remove-irs3-member1-1772980651,member_removed,MemberRemoved,4a75e26fa694dc925d705c1aa17728b2ed638ca98ba5f84016fe44f5b166d1cd,1844,20033,19956,141209,140206,1003,7,143.285714,0
run_006,join,join-irs3-1772980980,join-irs3-1772980980,member_join_requested,MemberJoinRequested,6053fcb5b6b0b224c4e2f25a21fe33073963ef7a0e86b9b6e903010cdadecdc7,1897,8757,8681,9728,8757,971,1,971,0
run_006,join,join-irs3-1772980980,join-irs3-1772980980,member_join_voted,MemberJoinVoted,727d133a064eba4da05baa45262ce5a16cf401fa6e66a5f2d71375a7b8b9b0c2,1898,8184,8109,41916,40928,988,5,197.6,0
run_006,join,join-irs3-1772980980,join-irs3-1772980980,member_join_voted,MemberJoinVoted,9f54feccee44c5a00627f6461548332868f54d488e50f9b79d52c6abb3bc12ea,1899,8365,8290,84511,83503,1008,10,100.8,1
run_006,join,join-irs3-1772980980,join-irs3-1772980980,member_join_voted,MemberJoinVoted,d32b12c98ee0e371f682e99c6c83854abb72d4d3a2dd843a3ea69c95a49a2a42,1900,8551,8476,86470,85463,1007,10,100.7,0
run_006,join,join-irs3-1772980980,join-irs3-1772980980,member_join_voted,MemberJoinVoted,79c51d62a927816326af1dd5c6d79f8608e568a19dd66e9439769c21e200453a,1901,8731,8655,87910,86903,1007,10,100.7,2
run_006,join,join-irs3-1772980980,join-irs3-1772980980,member_join_voted,MemberJoinVoted,f78e48d4b4d819d71ed3de83308d00d7f980788185e40fb3ac3a8ec41296bf83,1902,8908,8832,89874,88867,1007,10,100.7,1
run_006,join,join-irs3-1772980980,join-irs3-1772980980,member_join_voted,MemberJoinVoted,f32f3be5e53588465030c25f754290243bc35d1d59651995d462940d2f8f85b9,1903,9089,9014,91877,90869,1008,10,100.8,0
run_006,join,join-irs3-1772980980,join-irs3-1772980980,member_join_voted,MemberJoinVoted,b6fa7ecff1a190009ae59217fdec5457cc6a1541692df21368d28cccdd8419aa,1904,9267,9192,74560,73560,1000,8,125,3
run_006,join,join-irs3-1772980980,join-irs3-1772980980,member_join_voted,MemberJoinVoted,ea956a1ecf602afc19ab6c25a88607813d0c4838d8dde804db328f5d292977e6,1905,9439,9364,76544,75544,1000,8,125,0
run_006,join,join-irs3-1772980980,join-irs3-1772980980,member_join_voted,MemberJoinVoted,ae6cda72ecb85b724b083e9d5e75c5f0878d5eef87bd5f1fbc55ab4834a5d5da,1906,9623,9548,58713,57721,992,6,165.333333,0
run_006,join,join-irs3-1772980980,join-irs3-1772980980,member_join_approved,MemberJoinApproved,570f90de1ccb6660170ff167d6864d4ced9084ea030c956023db947f1f7f69b9,1907,21172,21095,106838,105845,993,5,198.6,0
run_007,csr,csr-irs3-1772981313,csr-irs3-1772981313,csr_submitted,CSRSubmitted,3abde36de7edd8de7b4a632fe3864f2c357d881a3d5b167c2fecba54e070a35b,1964,7515,7439,8485,7515,970,1,970,0
run_007,csr,csr-irs3-1772981313,csr-irs3-1772981313,csr_voted,CSRVoted,c97625c6fb9e92e8dc8b1e049d9b60aa4b3770fa193609a6f65b5b0729184ffa,1965,7781,7705,71034,70031,1003,9,111.444444,0
run_007,csr,csr-irs3-1772981313,csr-irs3-1772981313,csr_voted,CSRVoted,5a2b2d659973811af9a14c1c37e1f7d1513b70a430d041340adc02ed4e9e9fb9,1966,7954,7878,80419,79412,1007,10,100.7,1
run_007,csr,csr-irs3-1772981313,csr-irs3-1772981313,csr_voted,CSRVoted,d271fbd31ac09aad6d25621a67ab75d5d6762b2f33addf295bcfbf6e552813b8,1967,8140,8065,82438,81430,1008,10,100.8,0
run_007,csr,csr-irs3-1772981313,csr-irs3-1772981313,csr_voted,CSRVoted,b0dc13b1204bb7af8912c4ab5dbb45d24e2469789e5f22059fa30a8867aaed43,1968,8313,8237,84189,83182,1007,10,100.7,0
run_007,csr,csr-irs3-1772981313,csr-irs3-1772981313,csr_voted,CSRVoted,515a9e7363fed24616e2702d5b9c31867748c5caaaa569dfe034a69e3d292501,1969,8493,8418,85800,84793,1007,10,100.7,1
run_007,csr,csr-irs3-1772981313,csr-irs3-1772981313,csr_voted,CSRVoted,189df3be8afd85c901b60198f1230da4dbd4c8fdb908be79d8af9aebb8ab3015,1970,8683,8607,78563,77559,1004,9,111.555556,3
run_007,csr,csr-irs3-1772981313,csr-irs3-1772981313,csr_voted,CSRVoted,7b65aeea4e043cb79b970c440c0613937ddc0c6c6590f363c11951f48961268e,1971,8855,8779,45099,44111,988,5,197.6,1
run_007,csr,csr-irs3-1772981313,csr-irs3-1772981313,csr_voted,CSRVoted,2914a0fea91246a7cef29f2a26188f3993632a3aaccce4a287d6ea62245e16aa,1972,9037,8961,81453,80449,1004,9,111.555556,5
run_007,csr,csr-irs3-1772981313,csr-irs3-1772981313,csr_voted,CSRVoted,4348d17a0e349b2f826fddc72ce2051b10a6b0f2f3548e62f53e0cbcb1cfdbc6,1973,9206,9131,46520,45532,988,5,197.6,3
run_007,csr,csr-irs3-1772981313,csr-irs3-1772981313,signing_initiated,SigningInitiated,9e1d02be5a3bfec3cfbf44ed7ca07ef09d22c8d4352e6fe8aa0988302e9a89a0,1974,9113,9038,28422,27442,980,3,326.666667,1
run_007,csr,csr-irs3-1772981313,csr-irs3-1772981313,signing_initiated,SigningInitiated,f8e675ce73d3042bc2938e763551f0bf96ff6e413df0ba45a79de7202293723e,1975,9300,9224,37999,37015,984,4,246,1
run_007,csr,csr-irs3-1772981313,csr-irs3-1772981313,signing_initiated,SigningInitiated,41b8aae1789a1ba848facaa5cbcd6f65698373143efedefc90d02407215f4a38,1976,9485,9409,29430,28450,980,3,326.666667,0
run_007,csr,csr-irs3-1772981313,csr-irs3-1772981313,signing_initiated,SigningInitiated,0c66b433c677cf21ac220aa367cfd226c1f8ac6b3c89e15b01d9c99af37c40c3,1977,9654,9578,58899,57908,991,6,165.166667,0
run_007,csr,csr-irs3-1772981313,csr-irs3-1772981313,signing_initiated,SigningInitiated,879c1606c855ae6a5a0fcd318286a84c1a7f11f21a96d6b7a0446fe87cb654d3,1978,9842,9767,30483,29503,980,3,326.666667,0
run_007,csr,csr-irs3-1772981313,csr-irs3-1772981313,signing_initiated,SigningInitiated,6b3a3ee285139a48487b9bfe437f0ccfde3f1d6eb90a090b530d94b6a261360f,1979,10015,9939,40847,39864,983,4,245.75,1
run_007,csr,csr-irs3-1772981313,csr-irs3-1772981313,signing_initiated,SigningInitiated,83e9205fc8b6cced6e0543c35cd26b1dc9deffbe31cf7810c4b97f20e7728978,1980,10192,10117,21356,20380,976,2,488,0
run_007,csr,csr-irs3-1772981313,csr-irs3-1772981313,signing_initiated,SigningInitiated,55e0178d1b0c5f7a7e3050496f9f4ab0e1ca2ec38dcb850c42ad17224045b1ac,1981,10362,10286,32077,31098,979,3,326.333333,0
run_007,csr,csr-irs3-1772981313,csr-irs3-1772981313,signing_initiated,SigningInitiated,380cee85c49988c535dde54f4a1b1d4e4c8ec7a9d3b310c826f530b40a23cf06,1982,10541,10465,11511,10541,970,1,970,0
run_007,csr,csr-irs3-1772981313,csr-irs3-1772981313,signing_initiated,SigningInitiated,c9c6c4ff5a8b8be35a3c625ded188226b92255f1b00f70a975cc13da09265799,1983,10727,10651,22422,21446,976,2,488,0
run_007,csr,csr-irs3-1772981313,csr-irs3-1772981313,signing_initiated,SigningInitiated,2a1197a32b48b48850c8d51ce7122d580ddbfbc510e9926bceba7d43c75f1aa0,1984,10902,10827,11872,10902,970,1,970,0
run_007,csr,csr-irs3-1772981313,csr-irs3-1772981313,threshold_reached,ThresholdReached,54b5d56a2470050bda1578433370f56817f9016bee58682f8fe555d1639dd1a9,1994,10184,10110,92694,91691,1003,9,111.444444,0
run_007,csr,csr-irs3-1772981313,csr-irs3-1772981313,certificate_registered,CertificateRegistered,4032505fd3f2f578c0fefebc6462970e869dec4fa786d40206a17e6277326784,1995,14522,14447,46059,45076,983,4,245.75,3
run_007,revocation,revoke-irs3-1772981443,revoke-irs3-1772981443,revocation_proposed,RevocationProposed,a9583c926a18ac91f821ffe7cd8ea4fbadd6ecd120ace7731f60c2ad54dd8ccc,1998,6167,6092,7138,6167,971,1,971,0
run_007,revocation,revoke-irs3-1772981443,revoke-irs3-1772981443,revocation_voted,RevocationVoted,8d5aeb0a89329137eae530ce2fbc87d4278b709cb04696390f24c864c5c47550,1999,6714,6638,68138,67131,1007,10,100.7,0
run_007,revocation,revoke-irs3-1772981443,revoke-irs3-1772981443,revocation_voted,RevocationVoted,4d97ce8da1831fe034b756ce82f2d264b9b58f336cd61049ccd98a8d550fecd4,2000,6888,6813,69917,68910,1007,10,100.7,0
run_007,revocation,revoke-irs3-1772981443,revoke-irs3-1772981443,revocation_voted,RevocationVoted,8b94b80ced624bc0a6c1c0b4f7588f1847a208a0a43ac2b5dae049d40a4889a7,2001,7072,6996,71732,70724,1008,10,100.8,0
run_007,revocation,revoke-irs3-1772981443,revoke-irs3-1772981443,revocation_voted,RevocationVoted,eefc6099d1ca9eaac1d7e36c8394871b26374440e0a6ab8d6b0de4109cd49352,2002,7251,7176,73519,72511,1008,10,100.8,0
run_007,revocation,revoke-irs3-1772981443,revoke-irs3-1772981443,revocation_voted,RevocationVoted,533d804cb6ac20a58ed4b5e411c1bfd37b8f2c2c0bdcd399a5f6413d72e1c9c7,2003,7443,7368,75312,74304,1008,10,100.8,0
run_007,revocation,revoke-irs3-1772981443,revoke-irs3-1772981443,revocation_voted,RevocationVoted,14cfeeea8711aa9a88a4831bac50ef7aeb0069d596861fd0a36d0a72877d97aa,2004,7607,7531,68927,67923,1004,9,111.555556,3
run_007,revocation,revoke-irs3-1772981443,revoke-irs3-1772981443,revocation_voted,RevocationVoted,17410bc444a1e0d2d368873ec97d9d5aa290c9e70a545c4bec1ae3cd85a37db1,2005,7791,7716,78922,77914,1008,10,100.8,0
run_007,revocation,revoke-irs3-1772981443,revoke-irs3-1772981443,revocation_voted,RevocationVoted,f7cb792bef8426347b890fe1a25f687a393b3f2330fa9ad87a2073f60992738a,2006,7964,7889,64550,63551,999,8,124.875,1
run_007,revocation,revoke-irs3-1772981443,revoke-irs3-1772981443,revocation_voted,RevocationVoted,f7c842ae2611bc9e2aeeeafc760a43746b957250b1a91635860f138318a5ea16,2007,8143,8068,41732,40745,987,5,197.4,0
run_007,revocation,revoke-irs3-1772981443,revoke-irs3-1772981443,certificate_revoked,NodeRevoked,c288c22eae112192c11ea6b13b601a293c922c953af13902246d7c8c0f2c9200,2008,10655,10579,70574,69579,995,7,142.142857,2
run_007,removal,remove-irs3-member1-1772981483,remove-irs3-member1-1772981483,member_removal_proposed,MemberRemovalProposed,85aeb089caa679ed25fbd7fcb0ada620b1d412563683faf5cbdb277fc9e3936c,2009,8471,8396,9441,8471,970,1,970,0
run_007,removal,remove-irs3-member1-1772981483,remove-irs3-member1-1772981483,member_removal_voted,MemberRemovalVoted,9bc9e39f266f097a33068c78acce6fea11e8e2329305ba30c7ab10fcd2f42b69,2010,7490,7415,75905,74897,1008,10,100.8,0
run_007,removal,remove-irs3-member1-1772981483,remove-irs3-member1-1772981483,member_removal_voted,MemberRemovalVoted,0c135ee70d6257fe7abd1e48c6fb6d5a4eb16693ed74faddb7e646821acf74e0,2011,7673,7598,77538,76531,1007,10,100.7,1
run_007,removal,remove-irs3-member1-1772981483,remove-irs3-member1-1772981483,member_removal_voted,MemberRemovalVoted,81ed42de0a45eb3da58e30e892a002c5b9e66c40a030e5b837e41201dfdbd628,2012,7859,7784,79517,78510,1007,10,100.7,0
run_007,removal,remove-irs3-member1-1772981483,remove-irs3-member1-1772981483,member_removal_voted,MemberRemovalVoted,1d5d3e7bbbeb0d8c22e4cfd93d94039aabcc9a85a499823dae52cba8ed143cbb,2013,8026,7950,81279,80271,1008,10,100.8,0
run_007,removal,remove-irs3-member1-1772981483,remove-irs3-member1-1772981483,member_removal_voted,MemberRemovalVoted,4c6735929f12c6d6466268932f3cf9bdbb21ea0582c2a2c7ed2c71791489f434,2014,8211,8136,58277,57281,996,7,142.285714,1
run_007,removal,remove-irs3-member1-1772981483,remove-irs3-member1-1772981483,member_removal_voted,MemberRemovalVoted,afb7d97b7a2fddf3fe77c6b47cd99ac5361d5afbb84c4aef377e81c1fd9a0b62,2015,8388,8312,83802,82795,1007,10,100.7,6
run_007,removal,remove-irs3-member1-1772981483,remove-irs3-member1-1772981483,member_removal_voted,MemberRemovalVoted,5b55ae5701fbcd975f5d51fb5d4974dc1ad8aeecee18edc905d2f5288cb41f62,2016,8568,8492,69362,68363,999,8,124.875,1
run_007,removal,remove-irs3-member1-1772981483,remove-irs3-member1-1772981483,member_removal_voted,MemberRemovalVoted,df2c4dd009a909f4f2a8073ca857fe94560c343cbade2ff0c7087227fe59e48c,2017,8746,8670,88463,87455,1008,10,100.8,0
run_007,removal,remove-irs3-member1-1772981483,remove-irs3-member1-1772981483,member_removal_voted,MemberRemovalVoted,3a7edbe5558bf0a0828dcc45d8deca2f92ac1c9626638dc672471f7c98ad48f1,2019,8924,8848,90225,89217,1008,10,100.8,0
run_007,removal,remove-irs3-member1-1772981483,remove-irs3-member1-1772981483,member_removed,MemberRemoved,7b85a141321900745eb34f3e57e8fcf18ca34ca9490ff1565e557eefbca39ffb,2020,20059,19983,21031,20059,972,1,972,0
run_007,join,join-irs3-1772981825,join-irs3-1772981825,member_join_requested,MemberJoinRequested,22a1986129a6676fb73905bdff4ec89a6e05a78a51f40d7cceccc872efb731c5,2074,8903,8827,9874,8903,971,1,971,0
run_007,join,join-irs3-1772981825,join-irs3-1772981825,member_join_voted,MemberJoinVoted,43ff501f9b47cc99d59ba72ccfc2fb963cb461be69fd5fbfc6f672a4a828eedc,2075,8228,8152,42119,41131,988,5,197.6,0
run_007,join,join-irs3-1772981825,join-irs3-1772981825,member_join_voted,MemberJoinVoted,bb3fc5a90654b14f91b2d353d13a0c13d6e148305e791f0f7d5a387bf7974be3,2076,8406,8330,76660,75656,1004,9,111.555556,0
run_007,join,join-irs3-1772981825,join-irs3-1772981825,member_join_voted,MemberJoinVoted,dfd250fee9dad22badd21dd6372563fb7b85e6b72b7c99d09f887d15b5f7769b,2077,8584,8508,86836,85828,1008,10,100.8,0
run_007,join,join-irs3-1772981825,join-irs3-1772981825,member_join_voted,MemberJoinVoted,3601007581ffcc17efdbb9cd39dfedf7910c6a508ed87543f2bcc20b6f4e2dc9,2078,8764,8688,88637,87630,1007,10,100.7,0
run_007,join,join-irs3-1772981825,join-irs3-1772981825,member_join_voted,MemberJoinVoted,f6854fc2f6d393895fecb94a7d0134244e697cf51abd913abca14255e913aaf5,2079,8941,8866,90441,89434,1007,10,100.7,0
run_007,join,join-irs3-1772981825,join-irs3-1772981825,member_join_voted,MemberJoinVoted,94c742ef10badd2b665bf419272fcf3335e20b0a917d7a820e78fbfb5700dd64,2080,9119,9043,92044,91037,1007,10,100.7,1
run_007,join,join-irs3-1772981825,join-irs3-1772981825,member_join_voted,MemberJoinVoted,0ec446d15c264ba8907f49a95fd4ccbf0c583821a7497cd334f666c1d12f84d9,2081,9307,9231,84728,83724,1004,9,111.555556,0
run_007,join,join-irs3-1772981825,join-irs3-1772981825,member_join_voted,MemberJoinVoted,63a1b2117795bd8b91d0e00e301cdcaa0a2b24076a029564ddf88559c42be276,2082,9482,9406,86300,85296,1004,9,111.555556,0
run_007,join,join-irs3-1772981825,join-irs3-1772981825,member_join_voted,MemberJoinVoted,f4d830e6a8d78c05e5a6837719d739608641a3b3f84150fb438085ae92eb81fd,2083,9656,9580,58948,57957,991,6,165.166667,0
run_007,join,join-irs3-1772981825,join-irs3-1772981825,member_join_approved,MemberJoinApproved,12ab00d0697029b0a4d6de008ff9c482aea42504e86f83b3ad3fc32d360ff7f8,2084,21207,21130,107029,106037,992,5,198.4,0
run_008,csr,csr-irs3-1772982178,csr-irs3-1772982178,csr_submitted,CSRSubmitted,32a68fcfd8909d49c44a75f84bf4c8953dc6567d048d92638de558705a30a9d7,2143,7520,7445,8491,7520,971,1,971,0
run_008,csr,csr-irs3-1772982178,csr-irs3-1772982178,csr_voted,CSRVoted,0cdf8f10c0b395d521fb2610c4682a1f9afd9f61aa53e4d4f3267669db675d9a,2144,7789,7714,63246,62247,999,8,124.875,0
run_008,csr,csr-irs3-1772982178,csr-irs3-1772982178,csr_voted,CSRVoted,eae0317ee029b3e058bc78590214f4f7ae89883fe3f55818696c29ac5024acd5,2145,7961,7885,80598,79591,1007,10,100.7,0
run_008,csr,csr-irs3-1772982178,csr-irs3-1772982178,csr_voted,CSRVoted,3f06fad0fb2bd716c9715d6ab5dee6dab5a0fbd6767117a44a6d9f5b8cc5b64d,2146,8134,8058,82404,81397,1007,10,100.7,0
run_008,csr,csr-irs3-1772982178,csr-irs3-1772982178,csr_voted,CSRVoted,03b8615e29a0df2872c1cf51617e0312189ddb4d46d208a14afab40be1c9301a,2147,8318,8242,84179,83171,1008,10,100.8,0
run_008,csr,csr-irs3-1772982178,csr-irs3-1772982178,csr_voted,CSRVoted,615cca45ec65f5de5b0b49b13980f62850ea1da793994b677f5a999a6b22d8ae,2148,8493,8417,85958,84951,1007,10,100.7,0
run_008,csr,csr-irs3-1772982178,csr-irs3-1772982178,csr_voted,CSRVoted,00445d086fc0185b357a3dcdee3ce354e0ccb86eb2ded5c0cd5b49120b5f34c6,2149,8675,8600,87777,86769,1008,10,100.8,0
run_008,csr,csr-irs3-1772982178,csr-irs3-1772982178,csr_voted,CSRVoted,484e97ba1f7fd7e994c26936d12b6cf42fd4ed38072a294c106b14726808de07,2150,8857,8782,80691,79688,1003,9,111.444444,0
run_008,csr,csr-irs3-1772982178,csr-irs3-1772982178,csr_voted,CSRVoted,1248f9222091adaa62c8d351d37166b223cd33c81c105491d6f9f94546223939,2151,9047,8971,91359,90352,1007,10,100.7,0
run_008,csr,csr-irs3-1772982178,csr-irs3-1772982178,csr_voted,CSRVoted,2ae9fb8e4d52a7b11a65ae5bc5a2e7c1b06c46b7443693ad6e28555b66c680b9,2152,9211,9136,47046,46058,988,5,197.6,0
run_008,csr,csr-irs3-1772982178,csr-irs3-1772982178,signing_initiated,SigningInitiated,d42db14ae395e7853d1f71abb8213b6af77eb7a9e04dbb5bb3729f650f5f85f3,2153,9102,9026,64765,63770,995,7,142.142857,0
run_008,csr,csr-irs3-1772982178,csr-irs3-1772982178,signing_initiated,SigningInitiated,8825b7923724fed6d35301a689b31025d23b542d6f9ad3a314b5b4d3ffa470dd,2154,9295,9220,38162,37178,984,4,246,0
run_008,csr,csr-irs3-1772982178,csr-irs3-1772982178,signing_initiated,SigningInitiated,d04bcd07def4eb3bbc96b102ebe1c6de183232bbe6a1e24fc187e16a2ca3989a,2155,9479,9403,57853,56862,991,6,165.166667,0
run_008,csr,csr-irs3-1772982178,csr-irs3-1772982178,signing_initiated,SigningInitiated,24f60f5080c1fac755941065a138d45e3533787c99fd4083ac881f0047cc8df5,2156,9656,9581,29932,28952,980,3,326.666667,0
run_008,csr,csr-irs3-1772982178,csr-irs3-1772982178,signing_initiated,SigningInitiated,c9a05e0bc2bd8168d4366054540bcd64b4cac298e15d10d13ddefd0389df1257,2157,9829,9753,50149,49162,987,5,197.4,0
run_008,csr,csr-irs3-1772982178,csr-irs3-1772982178,signing_initiated,SigningInitiated,ab85953e0a03c7204c0a3d031309d28c4d3629d5d5559a2fd3f8bbfb2a6bac4e,2158,10006,9931,20989,20013,976,2,488,0
run_008,csr,csr-irs3-1772982178,csr-irs3-1772982178,signing_initiated,SigningInitiated,488f4f95a9c13dfa27508dbfb6fc33da827c598b81942d12bb3b663debf2bf79,2159,10186,10111,41751,40767,984,4,246,0
run_008,csr,csr-irs3-1772982178,csr-irs3-1772982178,signing_initiated,SigningInitiated,c5c155e46306568da6bb566209bb3d4b6b4d2869b2f4a841684b6decd8b91193,2160,10368,10292,11338,10368,970,1,970,0
run_008,csr,csr-irs3-1772982178,csr-irs3-1772982178,signing_initiated,SigningInitiated,8f95ea43b21b03cf5655f5a25222d6044cc1c4f006a169b2b91ee615316eaaf1,2161,10542,10467,32617,31638,979,3,326.333333,0
run_008,csr,csr-irs3-1772982178,csr-irs3-1772982178,signing_initiated,SigningInitiated,93d7bcf81c3bcecb873b7f10ffebffead9f6138f0ba2b4e3d177bfbf81414fed,2162,10728,10652,22445,21469,976,2,488,0
run_008,csr,csr-irs3-1772982178,csr-irs3-1772982178,signing_initiated,SigningInitiated,2581d375fb153c13e0a0d7e22325180fd70457b87cc3315b4f8e892155961b8b,2163,10911,10836,11882,10911,971,1,971,0
run_008,csr,csr-irs3-1772982178,csr-irs3-1772982178,threshold_reached,ThresholdReached,9089231031bbfc321c6cd784c9e1135b83a863f07f3d62e0041aa056272fdf1f,2173,10185,10109,92711,91708,1003,9,111.444444,0
run_008,csr,csr-irs3-1772982178,csr-irs3-1772982178,certificate_registered,CertificateRegistered,c1a5de56208e4d2793051290071826b8229e1f2744365c8c4c165ec63fc5e124,2174,14554,14478,88308,87316,992,6,165.333333,0
run_008,revocation,revoke-irs3-1772982315,revoke-irs3-1772982315,revocation_proposed,RevocationProposed,a73b0ce5828078156f9273fb2f7cf7691ad4d5255440419b5832e2550efcdf39,2176,6158,6082,7129,6158,971,1,971,0
run_008,revocation,revoke-irs3-1772982315,revoke-irs3-1772982315,revocation_voted,RevocationVoted,a13a90b5c0201ebe063bbed28671e7798204fb5040078c80ee4c21062bc3827a,2177,6721,6646,47989,46994,995,7,142.142857,0
run_008,revocation,revoke-irs3-1772982315,revoke-irs3-1772982315,revocation_voted,RevocationVoted,d8fe611276b3487b77387ae992af13b5982b885b46ae120f4cc49cd0587a7404,2178,6893,6817,63049,62045,1004,9,111.555556,0
run_008,revocation,revoke-irs3-1772982315,revoke-irs3-1772982315,revocation_voted,RevocationVoted,90bb439404d71cfa06223968e233369ef39f48252c0d089b1aa365995215bbac,2179,7062,6987,71722,70715,1007,10,100.7,0
run_008,revocation,revoke-irs3-1772982315,revoke-irs3-1772982315,revocation_voted,RevocationVoted,26473abee7b2601350fe666cb9ddeb171091f2ebcde99745d455a7c27ed2bf7b,2180,7255,7180,73521,72514,1007,10,100.7,0
run_008,revocation,revoke-irs3-1772982315,revoke-irs3-1772982315,revocation_voted,RevocationVoted,19d0f0b45a1055e293a67623d7eb492081959b87a5d7438c5322c38e795e812a,2181,7435,7360,52847,51852,995,7,142.142857,1
run_008,revocation,revoke-irs3-1772982315,revoke-irs3-1772982315,revocation_voted,RevocationVoted,506cd2ed02352d4928dce25c9659bb52ae6081de7b72793866bafd581f35f979,2182,7616,7541,38861,37873,988,5,197.6,1
run_008,revocation,revoke-irs3-1772982315,revoke-irs3-1772982315,revocation_voted,RevocationVoted,2853bc69615257aad6e2bebfa75a73439f3bd2121c674182301f71fc17257109,2183,7790,7715,70242,69238,1004,9,111.555556,5
run_008,revocation,revoke-irs3-1772982315,revoke-irs3-1772982315,revocation_voted,RevocationVoted,66c9f8ddf15a771a814f0c4bf90b10ab3d52ec76449b75e81bec877ab5d9b989,2184,7972,7896,80698,79691,1007,10,100.7,0
run_008,revocation,revoke-irs3-1772982315,revoke-irs3-1772982315,revocation_voted,RevocationVoted,f59c31ac8cc3c5f6294ddc19d408dc2d5e13dbb6c9783358572ce9c706ff10e3,2185,8152,8076,57854,56858,996,7,142.285714,1
run_008,revocation,revoke-irs3-1772982315,revoke-irs3-1772982315,certificate_revoked,NodeRevoked,1cd00e58da69e787c7f8341373dc434fa8dc41a0dbc224d6d10de1e47e589906,2186,10652,10576,49234,48246,988,5,197.6,2
run_008,removal,remove-irs3-member1-1772982356,remove-irs3-member1-1772982356,member_removal_proposed,MemberRemovalProposed,179b86b4f793a07895827af5fb585fc7bd15489b4b0b9151e60d97d4fcf488e4,2188,8620,8545,9590,8620,970,1,970,0
run_008,removal,remove-irs3-member1-1772982356,remove-irs3-member1-1772982356,member_removal_voted,MemberRemovalVoted,3ce7f15c8e9d4f2fa81780f4b615add33ca1b42e07223ae2e7ebd2f5f2b9298c,2189,7532,7456,53683,52687,996,7,142.285714,0
run_008,removal,remove-irs3-member1-1772982356,remove-irs3-member1-1772982356,member_removal_voted,MemberRemovalVoted,8b0f1ff886788e31e27bd964d484330bdb717afb904776eae31d8b3e9d1147cd,2190,7701,7626,77875,76867,1008,10,100.8,1
run_008,removal,remove-irs3-member1-1772982356,remove-irs3-member1-1772982356,member_removal_voted,MemberRemovalVoted,398d797af2752565d4a90cbd766d434f4b28b1e884af4862771c9527e4e9e598,2191,7896,7821,79889,78882,1007,10,100.7,0
run_008,removal,remove-irs3-member1-1772982356,remove-irs3-member1-1772982356,member_removal_voted,MemberRemovalVoted,3b435bf49692642a9f1caf363e918b85dc35c7de19c6ff6ac4616f94270b08b5,2192,8067,7991,81488,80481,1007,10,100.7,1
run_008,removal,remove-irs3-member1-1772982356,remove-irs3-member1-1772982356,member_removal_voted,MemberRemovalVoted,d7df6d760179d38993ef6d343bbcb0d0800a7325577c44e6fdb7fe86774017e1,2193,8247,8172,83297,82289,1008,10,100.8,1
run_008,removal,remove-irs3-member1-1772982356,remove-irs3-member1-1772982356,member_removal_voted,MemberRemovalVoted,c4903b32e8ef5b0cd30bf6e14d4956ef74772edd8322686e79e9df7c669552c7,2194,8425,8349,85269,84261,1008,10,100.8,0
run_008,removal,remove-irs3-member1-1772982356,remove-irs3-member1-1772982356,member_removal_voted,MemberRemovalVoted,abd89a70c64eef8f77e4e8549d4058a6e11d930db7a4b9e5dfca994c8599e49e,2195,8606,8531,87055,86048,1007,10,100.7,0
run_008,removal,remove-irs3-member1-1772982356,remove-irs3-member1-1772982356,member_removal_voted,MemberRemovalVoted,8e2435b906a1031b23ca03c5ecd8fd0d6c56e1d79fed1ce3021f550fa1386566,2196,8780,8704,53685,52693,992,6,165.333333,0
run_008,removal,remove-irs3-member1-1772982356,remove-irs3-member1-1772982356,member_removal_voted,MemberRemovalVoted,fc234ea2da12adcc0e66702ef28b8bace992a07552a931e77ed5e0932a886309,2197,8960,8884,54581,53590,991,6,165.166667,1
run_008,removal,remove-irs3-member1-1772982356,remove-irs3-member1-1772982356,member_removed,MemberRemoved,b5dd0ee928b3497fcace8e6b4059a2eaa557dacc79f4d068490bee97d3ad6be6,2198,20111,20035,101522,100530,992,5,198.4,0
run_008,reshare,42,,reshare_completion_proposed,ReshareCompletionProposed,7be6cbd63e5b4a4895480e2006183b073a39f4125184d5f9e0a3ea37b2998bae,2225,16896,16819,170873,169856,1017,10,101.7,3
run_008,join,join-irs3-1772982702,join-irs3-1772982702,member_join_requested,MemberJoinRequested,340d2f23aabd46c39b10ad23902ba4318e66be5d80f555873da7a9a76435fda4,2254,9048,8972,10019,9048,971,1,971,0
run_008,join,join-irs3-1772982702,join-irs3-1772982702,member_join_voted,MemberJoinVoted,afcca53b1a6e62017d6d0b733d9d9f25223249a547e0c77e4b278ee45501c918,2255,8258,8183,50553,49561,992,6,165.333333,0
run_008,join,join-irs3-1772982702,join-irs3-1772982702,member_join_voted,MemberJoinVoted,7850c45f6737f95e651c2a10500792742837ac8afa4d61d7576e784dc3e3f0cf,2256,8440,8364,85046,84038,1008,10,100.8,2
run_008,join,join-irs3-1772982702,join-irs3-1772982702,member_join_voted,MemberJoinVoted,ba640111ecfc9f44efc2b770122697e209d5df4c28ca5d9ed21d14997cc49bdb,2257,8625,8549,87226,86218,1008,10,100.8,0
run_008,join,join-irs3-1772982702,join-irs3-1772982702,member_join_voted,MemberJoinVoted,2de0b3b5117e4d66159fa7bb218c796f1319648a799762f39071b919be87bc73,2258,8797,8722,89001,87993,1008,10,100.8,0
run_008,join,join-irs3-1772982702,join-irs3-1772982702,member_join_voted,MemberJoinVoted,15c3f270e1cd82aaf72b9f2361c14de767097b6156531138873c86ddaa84920c,2259,8974,8899,72663,71663,1000,8,125,1
run_008,join,join-irs3-1772982702,join-irs3-1772982702,member_join_voted,MemberJoinVoted,304344ff31ffb72da542bdc89752b23ccef14ed50b93cb61cb2cfeda44d9d691,2260,9160,9085,91696,90689,1007,10,100.7,5
run_008,join,join-irs3-1772982702,join-irs3-1772982702,member_join_voted,MemberJoinVoted,442949799205d36ac70a411c891e3ff635b1dc17b90a44d8fbcaf917496cce18,2261,9340,9264,75545,74546,999,8,124.875,1
run_008,join,join-irs3-1772982702,join-irs3-1772982702,member_join_voted,MemberJoinVoted,641d0f4dc43b899558b34a72292aece3a710203127c4160436441edb108faf45,2262,9518,9442,86654,85650,1004,9,111.555556,0
run_008,join,join-irs3-1772982702,join-irs3-1772982702,member_join_voted,MemberJoinVoted,5988a077eced6c967ee93a4a392568a6cb47947e046590bb75f8823e020325d3,2263,9699,9623,49492,48504,988,5,197.6,0
run_008,join,join-irs3-1772982702,join-irs3-1772982702,member_join_approved,MemberJoinApproved,1bcdb603177f99479bc09095369e63d77123b458e3e5aaa9b5909fe57f65a62c,2264,21241,21165,128455,127458,997,6,166.166667,0
run_009,csr,csr-irs3-1772983054,csr-irs3-1772983054,csr_submitted,CSRSubmitted,b7d2a217a01b33214ac08dce354ba279bc03e7c146f39641d40caee470398bf7,2322,7517,7441,8487,7517,970,1,970,0
run_009,csr,csr-irs3-1772983054,csr-irs3-1772983054,csr_voted,CSRVoted,02ea13cc6607c7537fe18906ee70e230c434aebcc4725073262073d662166efe,2323,7786,7710,63245,62246,999,8,124.875,0
run_009,csr,csr-irs3-1772983054,csr-irs3-1772983054,csr_voted,CSRVoted,f506e7ece7c060b93e1a3a337034f26be6183e96e6471358a78619b4233f9a5a,2324,7950,7875,80583,79576,1007,10,100.7,0
run_009,csr,csr-irs3-1772983054,csr-irs3-1772983054,csr_voted,CSRVoted,50ab0441b5eea7572fc26741dd729bc27b6cb1789d5a79bd76bca5bc4edeab80,2325,8150,8075,82404,81397,1007,10,100.7,0
run_009,csr,csr-irs3-1772983054,csr-irs3-1772983054,csr_voted,CSRVoted,5a45adfcd72235b3fd1910b5f951ab0f5c67bf2671410c51722a785c1cad0879,2326,8313,8238,84177,83169,1008,10,100.8,0
run_009,csr,csr-irs3-1772983054,csr-irs3-1772983054,csr_voted,CSRVoted,fe1719cc262ef3af2786b97c451d5e33f1c48cca8f5a70d66406331c8ac04016,2327,8493,8418,68609,67610,999,8,124.875,2
run_009,csr,csr-irs3-1772983054,csr-irs3-1772983054,csr_voted,CSRVoted,af249e130a5c6e689487d52a93c7bbe4201e2d54e129008a1eb9368299ca3739,2328,8682,8607,87602,86594,1008,10,100.8,1
run_009,csr,csr-irs3-1772983054,csr-irs3-1772983054,csr_voted,CSRVoted,fb9e75fdf69dac3deff3b60a2ffd544c91feae020e843c6a895ce665a003dbc9,2329,8857,8782,89384,88377,1007,10,100.7,1
run_009,csr,csr-irs3-1772983054,csr-irs3-1772983054,csr_voted,CSRVoted,882a28f6e5990b6d6c327aab183cc86b061d8060423b510d7107fae026695744,2330,9030,8955,46156,45168,988,5,197.6,0
run_009,csr,csr-irs3-1772983054,csr-irs3-1772983054,csr_voted,CSRVoted,7f85405376d92658a7a47a3bf43304e0c091dbf7a11c5f477c3fab4451f9fde3,2331,9214,9138,93123,92115,1008,10,100.8,0
run_009,csr,csr-irs3-1772983054,csr-irs3-1772983054,signing_initiated,SigningInitiated,812ab8c1c32177fb4268e514364cc22c795914df58b9b73644ba476573e8a296,2332,9108,9033,19297,18322,975,2,487.5,1
run_009,csr,csr-irs3-1772983054,csr-irs3-1772983054,signing_initiated,SigningInitiated,662fd147598a0b5b17675c72e6fd475d2d16ddec0b6803e6f512655e179cb060,2333,9301,9225,84678,83674,1004,9,111.555556,0
run_009,csr,csr-irs3-1772983054,csr-irs3-1772983054,signing_initiated,SigningInitiated,318a3b27d8c20ba4867c8ff66b049854cfbb7a52938111b47389dd3750458b22,2334,9471,9396,10442,9471,971,1,971,0
run_009,csr,csr-irs3-1772983054,csr-irs3-1772983054,signing_initiated,SigningInitiated,ee3e6bd915630f7255bd65e6ee7798f66d2ce12d2ee21ef56a82d8083373cf58,2335,9652,9576,78206,77206,1000,8,125,0
run_009,csr,csr-irs3-1772983054,csr-irs3-1772983054,signing_initiated,SigningInitiated,3e4103d2f024282ae6d0b17b156ec7181185216cd7a74ef4345703828124d6cd,2336,9831,9756,69784,68788,996,7,142.285714,0
run_009,csr,csr-irs3-1772983054,csr-irs3-1772983054,signing_initiated,SigningInitiated,be4a137a56011890e97babcf74bac3f5ead74adbe00be73895b7698a5da8df6e,2337,10011,9935,61043,60051,992,6,165.333333,0
run_009,csr,csr-irs3-1772983054,csr-irs3-1772983054,signing_initiated,SigningInitiated,55790e5ab457dda4e674b02264074bf084398d49966b078f63e0b25024fe7e52,2338,10182,10107,41729,40747,982,4,245.5,0
run_009,csr,csr-irs3-1772983054,csr-irs3-1772983054,signing_initiated,SigningInitiated,72d7723090aed99d1ffa20ac0458e700c4ab355517b151baa5489ddc5be0b909,2339,10367,10292,11338,10367,971,1,971,0
run_009,csr,csr-irs3-1772983054,csr-irs3-1772983054,signing_initiated,SigningInitiated,f60fc47e174cf0c4219a05de01295f6c6859b5780bd6d5fbd0470e8a92c24054,2340,10548,10472,32626,31646,980,3,326.666667,0
run_009,csr,csr-irs3-1772983054,csr-irs3-1772983054,signing_initiated,SigningInitiated,d917ba97d52015e31b60dc2955f8f8342e9ad6ef73c82196c8f75ee05bd73685,2341,10723,10648,22418,21443,975,2,487.5,0
run_009,csr,csr-irs3-1772983054,csr-irs3-1772983054,signing_initiated,SigningInitiated,473c569f2fc834c7ee678ed868708c72a911be184b856e119475f67e6b5b25a6,2342,10911,10836,11882,10911,971,1,971,0
run_009,csr,csr-irs3-1772983054,csr-irs3-1772983054,threshold_reached,ThresholdReached,b45498ddf070446f67b9c4b7319ca276f652dddb81c57cb7d63fc5747e387b21,2352,10191,10116,92706,91703,1003,9,111.444444,0
run_009,csr,csr-irs3-1772983054,csr-irs3-1772983054,certificate_registered,CertificateRegistered,2d99b5177b7888a05b4cd26db133bffb038c7ed2c2cc66f23520bf842e38e2e7,2353,14579,14504,73900,72913,987,5,197.4,0
run_009,revocation,revoke-irs3-1772983187,revoke-irs3-1772983187,revocation_proposed,RevocationProposed,a94a2ba09e2ccef9a823aab945c9650f0e5b0d64a74f3275386e4ae0dfa8469d,2355,6159,6083,7130,6159,971,1,971,0
run_009,revocation,revoke-irs3-1772983187,revoke-irs3-1772983187,revocation_voted,RevocationVoted,4b82cf8015deeead8e8182370af6a324a6729fc22ebd017a406735892a33126f,2356,6712,6637,41269,40277,992,6,165.333333,0
run_009,revocation,revoke-irs3-1772983187,revoke-irs3-1772983187,revocation_voted,RevocationVoted,b1ce9db2c0ec193d118953e57ad3912ab9533f4493a01511a0197d831492a91d,2357,6891,6816,69919,68912,1007,10,100.7,0
run_009,revocation,revoke-irs3-1772983187,revoke-irs3-1772983187,revocation_voted,RevocationVoted,3d6a7141fef91916da3db3a4a94b94a7cda1ecf0cd8cc4dfcf7830af4c3ea357,2358,7069,6993,71731,70723,1008,10,100.8,0
run_009,revocation,revoke-irs3-1772983187,revoke-irs3-1772983187,revocation_voted,RevocationVoted,45f3c33c7601fb4b545a0399c728abe652aa085e733a0281bbf5ae5b2ad1e137,2359,7252,7176,73540,72532,1008,10,100.8,0
run_009,revocation,revoke-irs3-1772983187,revoke-irs3-1772983187,revocation_voted,RevocationVoted,9f38e5b4fbee5ec781912e5360b13ac4f3c23911a0af3ffa99c8a314789d14fa,2360,7428,7353,75128,74120,1008,10,100.8,1
run_009,revocation,revoke-irs3-1772983187,revoke-irs3-1772983187,revocation_voted,RevocationVoted,de6d31493f8ab832800415a2a3aeefe06f31556fc324b4c08091898fcd3b3c41,2361,7621,7545,77144,76136,1008,10,100.8,0
run_009,revocation,revoke-irs3-1772983187,revoke-irs3-1772983187,revocation_voted,RevocationVoted,5c4562fd239024c55210f3191e7ee001b0dc19022c863ebb4498e1157745eba6,2362,7790,7714,78889,77882,1007,10,100.7,0
run_009,revocation,revoke-irs3-1772983187,revoke-irs3-1772983187,revocation_voted,RevocationVoted,13484ed6e504b53c59aae3f3f9238c0632a5c0946316d04b29b5cd081fd5d849,2363,7967,7891,64764,63764,1000,8,125,0
run_009,revocation,revoke-irs3-1772983187,revoke-irs3-1772983187,revocation_voted,RevocationVoted,2f1da76a2032d3d2577846928eb4ad7395d2343fcd3e5b41c15c00d2b38cbeeb,2364,8148,8072,74318,73315,1003,9,111.444444,0
run_009,revocation,revoke-irs3-1772983187,revoke-irs3-1772983187,certificate_revoked,NodeRevoked,4d00c56ae26939195b5f52ece39e67c0df046f4d52fb104fc9185f19a166547c,2365,10656,10580,32925,31946,979,3,326.333333,0
run_009,removal,remove-irs3-member1-1772983228,remove-irs3-member1-1772983228,member_removal_proposed,MemberRemovalProposed,fbc8a25cabf31ac3b26aebbc1640d85d2750a810122d97c4c29244f7ad8fd251,2366,8762,8687,9732,8762,970,1,970,0
run_009,removal,remove-irs3-member1-1772983228,remove-irs3-member1-1772983228,member_removal_voted,MemberRemovalVoted,aa75a1242a7dc25460dd8b3f7ae954c4b25386efc4ad650e3a596ae834ef0df3,2367,7575,7499,53961,52966,995,7,142.142857,0
run_009,removal,remove-irs3-member1-1772983228,remove-irs3-member1-1772983228,member_removal_voted,MemberRemovalVoted,226770ab4ff215f4440a6b4c46a6246756d6127772c88622595c120d0140bdcb,2368,7743,7667,78439,77431,1008,10,100.8,0
run_009,removal,remove-irs3-member1-1772983228,remove-irs3-member1-1772983228,member_removal_voted,MemberRemovalVoted,d5d0e685343c7c5de8551fa2bf258b6e2688de5eae39f02da39cf6b9c5f2d810,2369,7927,7852,80254,79246,1008,10,100.8,0
run_009,removal,remove-irs3-member1-1772983228,remove-irs3-member1-1772983228,member_removal_voted,MemberRemovalVoted,f4f2088784b6462d6d2c2d5874958080531b0b3cdf9595733d87b7a587e92289,2370,8102,8027,82052,81045,1007,10,100.7,0
run_009,removal,remove-irs3-member1-1772983228,remove-irs3-member1-1772983228,member_removal_voted,MemberRemovalVoted,564f313a8827b29fc1603b87513910daa7dfffe309f8dc3d284b08e9272173f8,2371,8285,8209,75381,74377,1004,9,111.555556,1
run_009,removal,remove-irs3-member1-1772983228,remove-irs3-member1-1772983228,member_removal_voted,MemberRemovalVoted,86d31cda7175114614bf4f8fefe092e7bd7b73ca145af3b11c235b88cc1980f7,2372,8460,8385,85668,84661,1007,10,100.7,0
run_009,removal,remove-irs3-member1-1772983228,remove-irs3-member1-1772983228,member_removal_voted,MemberRemovalVoted,8f5747a321a9bdd575355fa78adf5c7279e31a0f4d180351ac9bde9700ff5174,2373,8643,8567,87250,86242,1008,10,100.8,1
run_009,removal,remove-irs3-member1-1772983228,remove-irs3-member1-1772983228,member_removal_voted,MemberRemovalVoted,6c5debaef11d365d9f984ef68b955d285bdd222ddacb430060df29c2e2ae753b,2374,8822,8747,62748,61752,996,7,142.285714,0
run_009,removal,remove-irs3-member1-1772983228,remove-irs3-member1-1772983228,member_removal_voted,MemberRemovalVoted,886015efa3b9712c3d074ca03a0f6df0055a196181779b55c803dafa02b01ce4,2375,8996,8921,54989,53997,992,6,165.333333,0
run_009,removal,remove-irs3-member1-1772983228,remove-irs3-member1-1772983228,member_removed,MemberRemoved,6ba0a651aaea51863c7c1908e6f497f950d6615fd75644c05b13723727660a41,2376,20139,20062,121845,120848,997,6,166.166667,0
run_009,join,join-irs3-1772983601,join-irs3-1772983601,member_join_requested,MemberJoinRequested,3f03870d438d072f81d8319d965c987cffa2e178fc3d053484caa6ff7bfe9b1f,2435,9188,9112,10158,9188,970,1,970,0
run_009,join,join-irs3-1772983601,join-irs3-1772983601,member_join_voted,MemberJoinVoted,625c3398775ba7e24d2cc062131b92a2509252e642bb81d464f14cc0657dcc18,2436,8299,8224,50798,49806,992,6,165.333333,0
run_009,join,join-irs3-1772983601,join-irs3-1772983601,member_join_voted,MemberJoinVoted,ffe3be1c317d3e64ce964f6d50052b229f038b0f21126a362045c9768f0117e7,2437,8482,8407,85815,84807,1008,10,100.8,0
run_009,join,join-irs3-1772983601,join-irs3-1772983601,member_join_voted,MemberJoinVoted,f039fae43e719978e389c4b84b6783f568ca6e019875907e673208827072c2f3,2438,8661,8585,87427,86420,1007,10,100.7,1
run_009,join,join-irs3-1772983601,join-irs3-1772983601,member_join_voted,MemberJoinVoted,7e911b5f53c619e340c83d66f751826762833d1e8e646dbf4cdaa2b50f1b2e06,2439,8845,8769,89246,88238,1008,10,100.8,1
run_009,join,join-irs3-1772983601,join-irs3-1772983601,member_join_voted,MemberJoinVoted,7f8553209762b9ad4672f589b5bde7df06126c36cb753d9991012b98345fd887,2440,9017,8942,72993,71994,999,8,124.875,1
run_009,join,join-irs3-1772983601,join-irs3-1772983601,member_join_voted,MemberJoinVoted,12e8f5131bcb44965593439a3fe4c7e6572f21bb8c24516eac8c7c2124a8e878,2441,9200,9124,93010,92003,1007,10,100.7,0
run_009,join,join-irs3-1772983601,join-irs3-1772983601,member_join_voted,MemberJoinVoted,3fdfb90daeb15c006f8f83bacb1c745dda95b38c1985ac0f5da979d543236f28,2442,9373,9297,57075,56084,991,6,165.166667,1
run_009,join,join-irs3-1772983601,join-irs3-1772983601,member_join_voted,MemberJoinVoted,2c77f6c248616a260df381549d72f99e013cc666bbe23c4a6025d0e6078bca5d,2443,9557,9482,86847,85844,1003,9,111.444444,1
run_009,join,join-irs3-1772983601,join-irs3-1772983601,member_join_voted,MemberJoinVoted,1549311ee248650c37a0f7f3f6df2fa60b57e6c6c81c4a1e9b487ffb3dd3b890,2444,9733,9658,39934,38951,983,4,245.75,0
run_009,join,join-irs3-1772983601,join-irs3-1772983601,member_join_approved,MemberJoinApproved,40e39d5226df290bbc41bcef187a036485d069971ce3be75e0be70a9e391d3cb,2445,21276,21200,117151,116154,997,6,166.166667,1
run_010,csr,csr-irs3-1772983934,csr-irs3-1772983934,csr_submitted,CSRSubmitted,f23fc3c53cc8ab0251f548fd98410590fad17f61a146a3378f2fc17ebd6e13e4,2503,7521,7445,8492,7521,971,1,971,0
run_010,csr,csr-irs3-1772983934,csr-irs3-1772983934,csr_voted,CSRVoted,99676cf8bae55620c556254b577192811c8575f8da06e6ddb1feb41d2b314e4d,2504,7777,7701,63234,62235,999,8,124.875,0
run_010,csr,csr-irs3-1772983934,csr-irs3-1772983934,csr_voted,CSRVoted,07ea756a680747067727ac1d48a285499ce4f0cd4af52f3f09dca70fd17fc116,2505,7960,7884,80411,79404,1007,10,100.7,1
run_010,csr,csr-irs3-1772983934,csr-irs3-1772983934,csr_voted,CSRVoted,e5e647e2fb135c0d4666e31c3a67f6ca6873c71fecbb02fc9026837c16419a91,2506,8152,8077,82431,81423,1008,10,100.8,0
run_010,csr,csr-irs3-1772983934,csr-irs3-1772983934,csr_voted,CSRVoted,03a13efd5ccad99db0e16f8a65acddab2b704467eeac36e8219f8015c2d5107e,2507,8316,8241,84156,83148,1008,10,100.8,0
run_010,csr,csr-irs3-1772983934,csr-irs3-1772983934,csr_voted,CSRVoted,d7f15a99580402f35b2b36d5af804519e0bd784227180a149288f77f490806fc,2508,8493,8418,26107,25127,980,3,326.666667,2
run_010,csr,csr-irs3-1772983934,csr-irs3-1772983934,csr_voted,CSRVoted,b728d533fbf7d9e2cd0861e3023821d74b78cf5863625748fb9f4ce16b8789c8,2509,8681,8606,87044,86037,1007,10,100.7,4
run_010,csr,csr-irs3-1772983934,csr-irs3-1772983934,csr_voted,CSRVoted,bb2cc9c6741ef2d761c5637023b794b13fde8c48815f13a7f620b7334db4c575,2510,8848,8773,89566,88559,1007,10,100.7,0
run_010,csr,csr-irs3-1772983934,csr-irs3-1772983934,csr_voted,CSRVoted,df87abeff9e09d6668b8442e00284242ecbd84cc8135aa7720da261ce8c6b674,2511,9024,8949,64209,63214,995,7,142.142857,0
run_010,csr,csr-irs3-1772983934,csr-irs3-1772983934,csr_voted,CSRVoted,7e56bb2885aa78f93759c0e46751558eb62f0f3383bd73b58b5b86ab81af279e,2512,9208,9132,93124,92117,1007,10,100.7,0
run_010,csr,csr-irs3-1772983934,csr-irs3-1772983934,signing_initiated,SigningInitiated,ab0afbb820b376ea49c9b15b7a8efa5f581071a8d347613b57d7a28af26bffc7,2513,9117,9041,46551,45564,987,5,197.4,0
run_010,csr,csr-irs3-1772983934,csr-irs3-1772983934,signing_initiated,SigningInitiated,4408aefd2a41b564634b316c7fd05bcad7030599652ff5c4c56ec7c9f1d94bdc,2514,9294,9218,56758,55766,992,6,165.333333,0
run_010,csr,csr-irs3-1772983934,csr-irs3-1772983934,signing_initiated,SigningInitiated,e236471b1efc3caf5adaea367ac1ce1204c54366f790562a18e7d5917f951116,2515,9468,9393,38868,37886,982,4,245.5,0
run_010,csr,csr-irs3-1772983934,csr-irs3-1772983934,signing_initiated,SigningInitiated,5ec119f71a9c9f6938bb1b710af41c179fb58b1dcf7dd99817e09cdc1ad8c70d,2516,9646,9571,49253,48265,988,5,197.6,0
run_010,csr,csr-irs3-1772983934,csr-irs3-1772983934,signing_initiated,SigningInitiated,6d0e5ca49e058e23b29fae8b861cd11dca7462c52dd4d8bebb67a753de131dc2,2517,9834,9758,30466,29487,979,3,326.333333,0
run_010,csr,csr-irs3-1772983934,csr-irs3-1772983934,signing_initiated,SigningInitiated,3efb3b042939a66e45cc9f9474b0205f079aa4a95a955f5ad2e6a72e2ba822b3,2518,10016,9941,41038,40054,984,4,246,0
run_010,csr,csr-irs3-1772983934,csr-irs3-1772983934,signing_initiated,SigningInitiated,3b2d5c8c2bd3ddc44f6ec417016eb8be648cc7f8b6a9ba9b941a48831ec208ea,2519,10184,10109,21348,20373,975,2,487.5,0
run_010,csr,csr-irs3-1772983934,csr-irs3-1772983934,signing_initiated,SigningInitiated,122eb340f7c7033149d14f36361f336d0cbd67d3e700d26bca2fcce53d4f3c1e,2520,10368,10293,32079,31100,979,3,326.333333,0
run_010,csr,csr-irs3-1772983934,csr-irs3-1772983934,signing_initiated,SigningInitiated,8ebb323bdf67689f5ab066ac2b8ba7bc94d856cd275f6578e51ddf59b85edcb1,2521,10547,10472,11518,10547,971,1,971,0
run_010,csr,csr-irs3-1772983934,csr-irs3-1772983934,signing_initiated,SigningInitiated,1645fcfb2e5e5ac490109f4e3e56831631def38fb0352ffa552bd91fc3317045,2522,10723,10648,22429,21453,976,2,488,0
run_010,csr,csr-irs3-1772983934,csr-irs3-1772983934,signing_initiated,SigningInitiated,c42448bcc1c9335d462a3c0e2666a101830a4f4dc5fc24af8c754b9479a24733,2523,10906,10831,11877,10906,971,1,971,0
run_010,csr,csr-irs3-1772983934,csr-irs3-1772983934,threshold_reached,ThresholdReached,047c991e4eaa659b7e2286b4921854b650cc4a40916229afb9604ca8b22c887b,2533,10189,10113,102895,101888,1007,10,100.7,0
run_010,csr,csr-irs3-1772983934,csr-irs3-1772983934,certificate_registered,CertificateRegistered,020ebb58ba6a14a580b05194e476cc7d5965a94890ec466185866d9eef7d1f7c,2534,14619,14543,25777,24801,976,2,488,1
run_010,revocation,revoke-irs3-1772984068,revoke-irs3-1772984068,revocation_proposed,RevocationProposed,dc80c4164c8095a146b06dd2fc472357439d94b8c33c5bbd4e6d4e5d0143b543,2537,6163,6087,7133,6163,970,1,970,0
run_010,revocation,revoke-irs3-1772984068,revoke-irs3-1772984068,revocation_voted,RevocationVoted,8c25e9155309be1fea0fcf68a71007e4ace533e52a62ca8905602b4ca5cbb89d,2538,6718,6643,54720,53720,1000,8,125,0
run_010,revocation,revoke-irs3-1772984068,revoke-irs3-1772984068,revocation_voted,RevocationVoted,8ba79ec5d4f28e3ff54e5e47c758b5e42d14fe8fe334438a7d360afcfd127845,2539,6898,6822,69938,68931,1007,10,100.7,0
run_010,revocation,revoke-irs3-1772984068,revoke-irs3-1772984068,revocation_voted,RevocationVoted,7a32c805d3c9f64f8ea613913efc42ef4b6b3e35ce9bf9788cb8657ea43be640,2540,7069,6994,71729,70722,1007,10,100.7,0
run_010,revocation,revoke-irs3-1772984068,revoke-irs3-1772984068,revocation_voted,RevocationVoted,bd2273a63d6e1626972f9512a42cc760d384612a3ad38e9628a46c641e79b867,2541,7252,7176,73507,72500,1007,10,100.7,0
run_010,revocation,revoke-irs3-1772984068,revoke-irs3-1772984068,revocation_voted,RevocationVoted,58d8bae1103c4480b2614af21dca81dfefc3219b59438ca98837105c635fca1a,2542,7436,7360,60446,59447,999,8,124.875,0
run_010,revocation,revoke-irs3-1772984068,revoke-irs3-1772984068,revocation_voted,RevocationVoted,3d71e345ba632720e4442ae6c41c817fd1f6aa970c2d42f2fab0bf05df6d16cd,2543,7606,7531,76923,75916,1007,10,100.7,1
run_010,revocation,revoke-irs3-1772984068,revoke-irs3-1772984068,revocation_voted,RevocationVoted,5f594041259aa3f640a47332bfabbbf1cd30cfca3077a4e1f5446e9881f3a678,2544,7787,7711,63317,62318,999,8,124.875,0
run_010,revocation,revoke-irs3-1772984068,revoke-irs3-1772984068,revocation_voted,RevocationVoted,bb1b7b444c7c3a2166e647d4373430d43aa5ab9242df02d54c6271384674e112,2545,7977,7902,80684,79677,1007,10,100.7,0
run_010,revocation,revoke-irs3-1772984068,revoke-irs3-1772984068,revocation_voted,RevocationVoted,6a360f82697a0b3c7d34acd7ac44504433fa49e360e61f851a68a397f8d67890,2547,8154,8079,58023,57028,995,7,142.142857,0
run_010,revocation,revoke-irs3-1772984068,revoke-irs3-1772984068,certificate_revoked,NodeRevoked,a90f491490b909d57c730e31c48e4fc43460433ed49f6287ce704696b52151ab,2548,10651,10575,38584,37600,984,4,246,2
run_010,removal,remove-irs3-member1-1772984110,remove-irs3-member1-1772984110,member_removal_proposed,MemberRemovalProposed,2070ac85a277257252798f044a4de8415b11ada5bf47809cdae3b6a92995043c,2549,8910,8834,9881,8910,971,1,971,0
run_010,removal,remove-irs3-member1-1772984110,remove-irs3-member1-1772984110,member_removal_voted,MemberRemovalVoted,b080a716eeceaee9891da0d37440bad78e54f201e857fc2aa277624bc61f6e5b,2550,7606,7531,54217,53221,996,7,142.285714,0
run_010,removal,remove-irs3-member1-1772984110,remove-irs3-member1-1772984110,member_removal_voted,MemberRemovalVoted,df44f029b926084c912a0063a9ae2c0a645f9e2844b80b378580d3f4cbc24b95,2551,7785,7710,78632,77625,1007,10,100.7,1
run_010,removal,remove-irs3-member1-1772984110,remove-irs3-member1-1772984110,member_removal_voted,MemberRemovalVoted,f29c465cd228f098a4c4a2afeb751bbaea22cb5ef4115bae3b0c13d601fad3ca,2552,7959,7884,80637,79629,1008,10,100.8,0
run_010,removal,remove-irs3-member1-1772984110,remove-irs3-member1-1772984110,member_removal_voted,MemberRemovalVoted,3e28c383c02ff51d90f8c6071b67df314968642fd1657e18d3204f5265239571,2553,8150,8075,82073,81065,1008,10,100.8,2
run_010,removal,remove-irs3-member1-1772984110,remove-irs3-member1-1772984110,member_removal_voted,MemberRemovalVoted,b399b202ea231c4106e20217e3680748ef487c4e39e5e97593b4b76d7f49d2ee,2554,8323,8247,83869,82861,1008,10,100.8,2
run_010,removal,remove-irs3-member1-1772984110,remove-irs3-member1-1772984110,member_removal_voted,MemberRemovalVoted,875d5a8d0d649041461dbe47b532273d949d9ce514cd571771492ea6c3ccd333,2555,8501,8425,86027,85020,1007,10,100.7,0
run_010,removal,remove-irs3-member1-1772984110,remove-irs3-member1-1772984110,member_removal_voted,MemberRemovalVoted,5954cc508f5202a7c45c40b2104a4b9064ce47774fc980dc869b622520eec731,2556,8689,8613,86906,85899,1007,10,100.7,5
run_010,removal,remove-irs3-member1-1772984110,remove-irs3-member1-1772984110,member_removal_voted,MemberRemovalVoted,dbad010bfa4dc0e69fd17555a31c8e4d7e571478ab1f9970c017867be315fa54,2557,8862,8787,63014,62019,995,7,142.142857,0
run_010,removal,remove-irs3-member1-1772984110,remove-irs3-member1-1772984110,member_removal_voted,MemberRemovalVoted,945e66328284b852e6dadd29a81eb652d51ffa28d89ba97650fe158e1f670df1,2558,9038,8963,73090,72090,1000,8,125,1
run_010,removal,remove-irs3-member1-1772984110,remove-irs3-member1-1772984110,member_removed,MemberRemoved,24e09cedefdbf1ca6bb657ee5eec71e25caa8af82213d687c6c06ba78bfbd695,2559,20185,20108,101903,100910,993,5,198.6,0
run_010,join,join-irs3-1772984447,join-irs3-1772984447,member_join_requested,MemberJoinRequested,4be3ad2cd15e4d0c4bdc393565df18f9c73bc3d321328d50dcec9b49be37b6e2,2617,9336,9260,10307,9336,971,1,971,0
run_010,join,join-irs3-1772984447,join-irs3-1772984447,member_join_voted,MemberJoinVoted,462d1208a73897574249cdc064629a78dd561e06ca81042d2fe06fded8d191fb,2618,8341,8266,67723,66724,999,8,124.875,0
run_010,join,join-irs3-1772984447,join-irs3-1772984447,member_join_voted,MemberJoinVoted,35362953b49d68aae053bc228c35eefced25f3d66b4b50e4256cbbdebfb75714,2619,8519,8444,86179,85171,1008,10,100.8,0
run_010,join,join-irs3-1772984447,join-irs3-1772984447,member_join_voted,MemberJoinVoted,670a8930d3459ff7fed2cc63c16713423162b6c66b7d02e3feecbe140ccf014e,2620,8698,8623,88008,87001,1007,10,100.7,0
run_010,join,join-irs3-1772984447,join-irs3-1772984447,member_join_voted,MemberJoinVoted,07e7bfd4c4550d0ef27fd9e480d89f1ce9419743a80b36625e8cfc0e738f3bfd,2621,8878,8802,89794,88787,1007,10,100.7,0
run_010,join,join-irs3-1772984447,join-irs3-1772984447,member_join_voted,MemberJoinVoted,652d0c403ff4fbf74551ff20b71b80b6fe73658263d4490566e2cf3f7d016d80,2622,9057,8982,73280,72281,999,8,124.875,1
run_010,join,join-irs3-1772984447,join-irs3-1772984447,member_join_voted,MemberJoinVoted,d78314fffa64f15cb2763805bd7af95b918a8836caee5167aa224c68e678682e,2623,9246,9170,93378,92371,1007,10,100.7,0
run_010,join,join-irs3-1772984447,join-irs3-1772984447,member_join_voted,MemberJoinVoted,186016038bfe85bc513396315c166d375f8fb41e03ecf0c085cda58e07dfe06e,2624,9415,9340,94972,93964,1008,10,100.8,1
run_010,join,join-irs3-1772984447,join-irs3-1772984447,member_join_voted,MemberJoinVoted,13d25a7bd1f63660cd57decab65d57d01d23bc60a71247e7a36731af463d25f9,2625,9593,9517,87355,86351,1004,9,111.555556,0
run_010,join,join-irs3-1772984447,join-irs3-1772984447,member_join_voted,MemberJoinVoted,ef8ba6c9a05dc375013fa45aba5f3e3abf38d878b0420596cb04a59ae05cbe9b,2626,9771,9695,49840,48853,987,5,197.4,0
run_010,join,join-irs3-1772984447,join-irs3-1772984447,member_join_approved,MemberJoinApproved,f41d5f8d82d42f34fa2b95c1140e61c6ee79e45fe478553cf58e17cc28b67b08,2627,21320,21243,128924,127927,997,6,166.166667,0
