run_id,workflow,workflow_tag,operation_id,proposal_id,epoch,stage_start,stage_end,ts_start,ts_end,path,volume_name,component,bytes_before,bytes_after,delta_bytes
run_001,csr,csr_1772976036,csr-irs3-1772976036,csr-irs3-1772976036,,operation_start,csr_submit_done,2026-03-08T13:20:36.128567Z,2026-03-08T13:20:38.486731Z,/var/lib/docker/volumes,07323924f55a40af409ae862fc14ab08f2d8c06ba282f174beb7e74ff5782926,other,NA,NA,
run_001,csr,csr_1772976036,csr-irs3-1772976036,csr-irs3-1772976036,,operation_start,csr_submit_done,2026-03-08T13:20:36.128567Z,2026-03-08T13:20:38.486731Z,/var/lib/docker/volumes,301473890dade69bfa0d19b444d1f0769b67a90d1197c166d84af2511e48f916,other,49770,49770,0
run_001,csr,csr_1772976036,csr-irs3-1772976036,csr-irs3-1772976036,,operation_start,csr_submit_done,2026-03-08T13:20:36.128567Z,2026-03-08T13:20:38.486731Z,/var/lib/docker/volumes,6b7bb91b53bcbfeb56b486bba478d97728a3c0004c18649976daaade961a2721,other,NA,NA,
run_001,csr,csr_1772976036,csr-irs3-1772976036,csr-irs3-1772976036,,operation_start,csr_submit_done,2026-03-08T13:20:36.128567Z,2026-03-08T13:20:38.486731Z,/var/lib/docker/volumes,791e62bfc17bf044236c3dcb5d77ec82610b27aa4d5f3c78aff2e2842f98f9ee,other,NA,NA,
run_001,csr,csr_1772976036,csr-irs3-1772976036,csr-irs3-1772976036,,operation_start,csr_submit_done,2026-03-08T13:20:36.128567Z,2026-03-08T13:20:38.486731Z,/var/lib/docker/volumes,86e46c7349c98bd170ab7467b42f5b1a8fcf1438535fca6ee74a0dcce3856102,other,NA,NA,
run_001,csr,csr_1772976036,csr-irs3-1772976036,csr-irs3-1772976036,,operation_start,csr_submit_done,2026-03-08T13:20:36.128567Z,2026-03-08T13:20:38.486731Z,/var/lib/docker/volumes,99ac8c723665556c954d288ca00335f1fae5493d384cb656ecf5a945cc9ae3b8,other,NA,NA,
run_001,csr,csr_1772976036,csr-irs3-1772976036,csr-irs3-1772976036,,operation_start,csr_submit_done,2026-03-08T13:20:36.128567Z,2026-03-08T13:20:38.486731Z,/var/lib/docker/volumes,ab96d922f06ec7a94f1b5200e75e480c9ed7eba86fbbe33b5cb9edbe031c6ea8,other,49770,49770,0
run_001,csr,csr_1772976036,csr-irs3-1772976036,csr-irs3-1772976036,,operation_start,csr_submit_done,2026-03-08T13:20:36.128567Z,2026-03-08T13:20:38.486731Z,/var/lib/docker/volumes,c58c4c31a22da439d2b7f591fd40cdcdd9bb8458f543e682f66d858083ef9ea8,other,NA,NA,
run_001,csr,csr_1772976036,csr-irs3-1772976036,csr-irs3-1772976036,,operation_start,csr_submit_done,2026-03-08T13:20:36.128567Z,2026-03-08T13:20:38.486731Z,/var/lib/docker/volumes,d9b7785a06954372515977133a1213437b80c5db1517196ca5e26134d3413ccf,other,NA,NA,
run_001,csr,csr_1772976036,csr-irs3-1772976036,csr-irs3-1772976036,,operation_start,csr_submit_done,2026-03-08T13:20:36.128567Z,2026-03-08T13:20:38.486731Z,/var/lib/docker/volumes,dfb0ca7b4b9cad4ec8515f6484cd89e2febfe10817782070636d5b3db6848438,other,NA,NA,
run_001,csr,csr_1772976036,csr-irs3-1772976036,csr-irs3-1772976036,,operation_start,csr_submit_done,2026-03-08T13:20:36.128567Z,2026-03-08T13:20:38.486731Z,/var/lib/docker/volumes,fabric_orderer.kit.edu,orderer,188437468,188446032,8564
run_001,csr,csr_1772976036,csr-irs3-1772976036,csr-irs3-1772976036,,operation_start,csr_submit_done,2026-03-08T13:20:36.128567Z,2026-03-08T13:20:38.486731Z,/var/lib/docker/volumes,fabric_peer0.irs1.kit.edu,other,5006,5006,0
run_001,csr,csr_1772976036,csr-irs3-1772976036,csr-irs3-1772976036,,operation_start,csr_submit_done,2026-03-08T13:20:36.128567Z,2026-03-08T13:20:38.486731Z,/var/lib/docker/volumes,fabric_peer0.irs3.kit.edu,peer,88970946,88981660,10714
run_001,csr,csr_1772976036,csr-irs3-1772976036,csr-irs3-1772976036,,operation_start,csr_submit_done,2026-03-08T13:20:36.128567Z,2026-03-08T13:20:38.486731Z,/var/lib/docker/volumes,fabric_peer1.irs3.kit.edu,other,88969520,88980234,10714
run_001,csr,csr_1772976036,csr-irs3-1772976036,csr-irs3-1772976036,,operation_start,csr_submit_done,2026-03-08T13:20:36.128567Z,2026-03-08T13:20:38.486731Z,/var/lib/docker/volumes,fabric_peer2.irs3.kit.edu,other,88970939,88981653,10714
run_001,csr,csr_1772976036,csr-irs3-1772976036,csr-irs3-1772976036,,operation_start,csr_submit_done,2026-03-08T13:20:36.128567Z,2026-03-08T13:20:38.486731Z,/var/lib/docker/volumes,fabric_peer3.irs3.kit.edu,other,88969517,88980231,10714
run_001,csr,csr_1772976036,csr-irs3-1772976036,csr-irs3-1772976036,,csr_submit_done,csr_voted,2026-03-08T13:20:38.486731Z,2026-03-08T13:20:41.352477138Z,/var/lib/docker/volumes,07323924f55a40af409ae862fc14ab08f2d8c06ba282f174beb7e74ff5782926,other,NA,NA,
run_001,csr,csr_1772976036,csr-irs3-1772976036,csr-irs3-1772976036,,csr_submit_done,csr_voted,2026-03-08T13:20:38.486731Z,2026-03-08T13:20:41.352477138Z,/var/lib/docker/volumes,301473890dade69bfa0d19b444d1f0769b67a90d1197c166d84af2511e48f916,other,49770,49770,0
run_001,csr,csr_1772976036,csr-irs3-1772976036,csr-irs3-1772976036,,csr_submit_done,csr_voted,2026-03-08T13:20:38.486731Z,2026-03-08T13:20:41.352477138Z,/var/lib/docker/volumes,6b7bb91b53bcbfeb56b486bba478d97728a3c0004c18649976daaade961a2721,other,NA,NA,
run_001,csr,csr_1772976036,csr-irs3-1772976036,csr-irs3-1772976036,,csr_submit_done,csr_voted,2026-03-08T13:20:38.486731Z,2026-03-08T13:20:41.352477138Z,/var/lib/docker/volumes,791e62bfc17bf044236c3dcb5d77ec82610b27aa4d5f3c78aff2e2842f98f9ee,other,NA,NA,
run_001,csr,csr_1772976036,csr-irs3-1772976036,csr-irs3-1772976036,,csr_submit_done,csr_voted,2026-03-08T13:20:38.486731Z,2026-03-08T13:20:41.352477138Z,/var/lib/docker/volumes,86e46c7349c98bd170ab7467b42f5b1a8fcf1438535fca6ee74a0dcce3856102,other,NA,NA,
run_001,csr,csr_1772976036,csr-irs3-1772976036,csr-irs3-1772976036,,csr_submit_done,csr_voted,2026-03-08T13:20:38.486731Z,2026-03-08T13:20:41.352477138Z,/var/lib/docker/volumes,99ac8c723665556c954d288ca00335f1fae5493d384cb656ecf5a945cc9ae3b8,other,NA,NA,
run_001,csr,csr_1772976036,csr-irs3-1772976036,csr-irs3-1772976036,,csr_submit_done,csr_voted,2026-03-08T13:20:38.486731Z,2026-03-08T13:20:41.352477138Z,/var/lib/docker/volumes,ab96d922f06ec7a94f1b5200e75e480c9ed7eba86fbbe33b5cb9edbe031c6ea8,other,49770,49770,0
run_001,csr,csr_1772976036,csr-irs3-1772976036,csr-irs3-1772976036,,csr_submit_done,csr_voted,2026-03-08T13:20:38.486731Z,2026-03-08T13:20:41.352477138Z,/var/lib/docker/volumes,c58c4c31a22da439d2b7f591fd40cdcdd9bb8458f543e682f66d858083ef9ea8,other,NA,NA,
run_001,csr,csr_1772976036,csr-irs3-1772976036,csr-irs3-1772976036,,csr_submit_done,csr_voted,2026-03-08T13:20:38.486731Z,2026-03-08T13:20:41.352477138Z,/var/lib/docker/volumes,d9b7785a06954372515977133a1213437b80c5db1517196ca5e26134d3413ccf,other,NA,NA,
run_001,csr,csr_1772976036,csr-irs3-1772976036,csr-irs3-1772976036,,csr_submit_done,csr_voted,2026-03-08T13:20:38.486731Z,2026-03-08T13:20:41.352477138Z,/var/lib/docker/volumes,dfb0ca7b4b9cad4ec8515f6484cd89e2febfe10817782070636d5b3db6848438,other,NA,NA,
run_001,csr,csr_1772976036,csr-irs3-1772976036,csr-irs3-1772976036,,csr_submit_done,csr_voted,2026-03-08T13:20:38.486731Z,2026-03-08T13:20:41.352477138Z,/var/lib/docker/volumes,fabric_orderer.kit.edu,orderer,188446032,188485984,39952
run_001,csr,csr_1772976036,csr-irs3-1772976036,csr-irs3-1772976036,,csr_submit_done,csr_voted,2026-03-08T13:20:38.486731Z,2026-03-08T13:20:41.352477138Z,/var/lib/docker/volumes,fabric_peer0.irs1.kit.edu,other,5006,5006,0
run_001,csr,csr_1772976036,csr-irs3-1772976036,csr-irs3-1772976036,,csr_submit_done,csr_voted,2026-03-08T13:20:38.486731Z,2026-03-08T13:20:41.352477138Z,/var/lib/docker/volumes,fabric_peer0.irs3.kit.edu,peer,88981660,89025220,43560
run_001,csr,csr_1772976036,csr-irs3-1772976036,csr-irs3-1772976036,,csr_submit_done,csr_voted,2026-03-08T13:20:38.486731Z,2026-03-08T13:20:41.352477138Z,/var/lib/docker/volumes,fabric_peer1.irs3.kit.edu,other,88980234,89023794,43560
run_001,csr,csr_1772976036,csr-irs3-1772976036,csr-irs3-1772976036,,csr_submit_done,csr_voted,2026-03-08T13:20:38.486731Z,2026-03-08T13:20:41.352477138Z,/var/lib/docker/volumes,fabric_peer2.irs3.kit.edu,other,88981653,89025213,43560
run_001,csr,csr_1772976036,csr-irs3-1772976036,csr-irs3-1772976036,,csr_submit_done,csr_voted,2026-03-08T13:20:38.486731Z,2026-03-08T13:20:41.352477138Z,/var/lib/docker/volumes,fabric_peer3.irs3.kit.edu,other,88980231,89023791,43560
run_001,csr,csr_1772976036,csr-irs3-1772976036,csr-irs3-1772976036,,csr_voted,csr_approved,2026-03-08T13:20:41.352477138Z,2026-03-08T13:20:57.666274194Z,/var/lib/docker/volumes,07323924f55a40af409ae862fc14ab08f2d8c06ba282f174beb7e74ff5782926,other,NA,NA,
run_001,csr,csr_1772976036,csr-irs3-1772976036,csr-irs3-1772976036,,csr_voted,csr_approved,2026-03-08T13:20:41.352477138Z,2026-03-08T13:20:57.666274194Z,/var/lib/docker/volumes,301473890dade69bfa0d19b444d1f0769b67a90d1197c166d84af2511e48f916,other,49770,49770,0
run_001,csr,csr_1772976036,csr-irs3-1772976036,csr-irs3-1772976036,,csr_voted,csr_approved,2026-03-08T13:20:41.352477138Z,2026-03-08T13:20:57.666274194Z,/var/lib/docker/volumes,6b7bb91b53bcbfeb56b486bba478d97728a3c0004c18649976daaade961a2721,other,NA,NA,
run_001,csr,csr_1772976036,csr-irs3-1772976036,csr-irs3-1772976036,,csr_voted,csr_approved,2026-03-08T13:20:41.352477138Z,2026-03-08T13:20:57.666274194Z,/var/lib/docker/volumes,791e62bfc17bf044236c3dcb5d77ec82610b27aa4d5f3c78aff2e2842f98f9ee,other,NA,NA,
run_001,csr,csr_1772976036,csr-irs3-1772976036,csr-irs3-1772976036,,csr_voted,csr_approved,2026-03-08T13:20:41.352477138Z,2026-03-08T13:20:57.666274194Z,/var/lib/docker/volumes,86e46c7349c98bd170ab7467b42f5b1a8fcf1438535fca6ee74a0dcce3856102,other,NA,NA,
run_001,csr,csr_1772976036,csr-irs3-1772976036,csr-irs3-1772976036,,csr_voted,csr_approved,2026-03-08T13:20:41.352477138Z,2026-03-08T13:20:57.666274194Z,/var/lib/docker/volumes,99ac8c723665556c954d288ca00335f1fae5493d384cb656ecf5a945cc9ae3b8,other,NA,NA,
run_001,csr,csr_1772976036,csr-irs3-1772976036,csr-irs3-1772976036,,csr_voted,csr_approved,2026-03-08T13:20:41.352477138Z,2026-03-08T13:20:57.666274194Z,/var/lib/docker/volumes,ab96d922f06ec7a94f1b5200e75e480c9ed7eba86fbbe33b5cb9edbe031c6ea8,other,49770,49770,0
run_001,csr,csr_1772976036,csr-irs3-1772976036,csr-irs3-1772976036,,csr_voted,csr_approved,2026-03-08T13:20:41.352477138Z,2026-03-08T13:20:57.666274194Z,/var/lib/docker/volumes,c58c4c31a22da439d2b7f591fd40cdcdd9bb8458f543e682f66d858083ef9ea8,other,NA,NA,
run_001,csr,csr_1772976036,csr-irs3-1772976036,csr-irs3-1772976036,,csr_voted,csr_approved,2026-03-08T13:20:41.352477138Z,2026-03-08T13:20:57.666274194Z,/var/lib/docker/volumes,d9b7785a06954372515977133a1213437b80c5db1517196ca5e26134d3413ccf,other,NA,NA,
run_001,csr,csr_1772976036,csr-irs3-1772976036,csr-irs3-1772976036,,csr_voted,csr_approved,2026-03-08T13:20:41.352477138Z,2026-03-08T13:20:57.666274194Z,/var/lib/docker/volumes,dfb0ca7b4b9cad4ec8515f6484cd89e2febfe10817782070636d5b3db6848438,other,NA,NA,
run_001,csr,csr_1772976036,csr-irs3-1772976036,csr-irs3-1772976036,,csr_voted,csr_approved,2026-03-08T13:20:41.352477138Z,2026-03-08T13:20:57.666274194Z,/var/lib/docker/volumes,fabric_orderer.kit.edu,orderer,188485984,189154544,668560
run_001,csr,csr_1772976036,csr-irs3-1772976036,csr-irs3-1772976036,,csr_voted,csr_approved,2026-03-08T13:20:41.352477138Z,2026-03-08T13:20:57.666274194Z,/var/lib/docker/volumes,fabric_peer0.irs1.kit.edu,other,5006,5006,0
run_001,csr,csr_1772976036,csr-irs3-1772976036,csr-irs3-1772976036,,csr_voted,csr_approved,2026-03-08T13:20:41.352477138Z,2026-03-08T13:20:57.666274194Z,/var/lib/docker/volumes,fabric_peer0.irs3.kit.edu,peer,89025220,89738798,713578
run_001,csr,csr_1772976036,csr-irs3-1772976036,csr-irs3-1772976036,,csr_voted,csr_approved,2026-03-08T13:20:41.352477138Z,2026-03-08T13:20:57.666274194Z,/var/lib/docker/volumes,fabric_peer1.irs3.kit.edu,other,89023794,89737372,713578
run_001,csr,csr_1772976036,csr-irs3-1772976036,csr-irs3-1772976036,,csr_voted,csr_approved,2026-03-08T13:20:41.352477138Z,2026-03-08T13:20:57.666274194Z,/var/lib/docker/volumes,fabric_peer2.irs3.kit.edu,other,89025213,89738791,713578
run_001,csr,csr_1772976036,csr-irs3-1772976036,csr-irs3-1772976036,,csr_voted,csr_approved,2026-03-08T13:20:41.352477138Z,2026-03-08T13:20:57.666274194Z,/var/lib/docker/volumes,fabric_peer3.irs3.kit.edu,other,89023791,89737369,713578
run_001,csr,csr_1772976036,csr-irs3-1772976036,csr-irs3-1772976036,,csr_approved,cert_registered,2026-03-08T13:20:57.666274194Z,2026-03-08T13:22:28.49007383Z,/var/lib/docker/volumes,07323924f55a40af409ae862fc14ab08f2d8c06ba282f174beb7e74ff5782926,other,NA,NA,
run_001,csr,csr_1772976036,csr-irs3-1772976036,csr-irs3-1772976036,,csr_approved,cert_registered,2026-03-08T13:20:57.666274194Z,2026-03-08T13:22:28.49007383Z,/var/lib/docker/volumes,301473890dade69bfa0d19b444d1f0769b67a90d1197c166d84af2511e48f916,other,49770,49770,0
run_001,csr,csr_1772976036,csr-irs3-1772976036,csr-irs3-1772976036,,csr_approved,cert_registered,2026-03-08T13:20:57.666274194Z,2026-03-08T13:22:28.49007383Z,/var/lib/docker/volumes,6b7bb91b53bcbfeb56b486bba478d97728a3c0004c18649976daaade961a2721,other,NA,NA,
run_001,csr,csr_1772976036,csr-irs3-1772976036,csr-irs3-1772976036,,csr_approved,cert_registered,2026-03-08T13:20:57.666274194Z,2026-03-08T13:22:28.49007383Z,/var/lib/docker/volumes,791e62bfc17bf044236c3dcb5d77ec82610b27aa4d5f3c78aff2e2842f98f9ee,other,NA,NA,
run_001,csr,csr_1772976036,csr-irs3-1772976036,csr-irs3-1772976036,,csr_approved,cert_registered,2026-03-08T13:20:57.666274194Z,2026-03-08T13:22:28.49007383Z,/var/lib/docker/volumes,86e46c7349c98bd170ab7467b42f5b1a8fcf1438535fca6ee74a0dcce3856102,other,NA,NA,
run_001,csr,csr_1772976036,csr-irs3-1772976036,csr-irs3-1772976036,,csr_approved,cert_registered,2026-03-08T13:20:57.666274194Z,2026-03-08T13:22:28.49007383Z,/var/lib/docker/volumes,99ac8c723665556c954d288ca00335f1fae5493d384cb656ecf5a945cc9ae3b8,other,NA,NA,
run_001,csr,csr_1772976036,csr-irs3-1772976036,csr-irs3-1772976036,,csr_approved,cert_registered,2026-03-08T13:20:57.666274194Z,2026-03-08T13:22:28.49007383Z,/var/lib/docker/volumes,ab96d922f06ec7a94f1b5200e75e480c9ed7eba86fbbe33b5cb9edbe031c6ea8,other,49770,49770,0
run_001,csr,csr_1772976036,csr-irs3-1772976036,csr-irs3-1772976036,,csr_approved,cert_registered,2026-03-08T13:20:57.666274194Z,2026-03-08T13:22:28.49007383Z,/var/lib/docker/volumes,c58c4c31a22da439d2b7f591fd40cdcdd9bb8458f543e682f66d858083ef9ea8,other,NA,NA,
run_001,csr,csr_1772976036,csr-irs3-1772976036,csr-irs3-1772976036,,csr_approved,cert_registered,2026-03-08T13:20:57.666274194Z,2026-03-08T13:22:28.49007383Z,/var/lib/docker/volumes,d9b7785a06954372515977133a1213437b80c5db1517196ca5e26134d3413ccf,other,NA,NA,
run_001,csr,csr_1772976036,csr-irs3-1772976036,csr-irs3-1772976036,,csr_approved,cert_registered,2026-03-08T13:20:57.666274194Z,2026-03-08T13:22:28.49007383Z,/var/lib/docker/volumes,dfb0ca7b4b9cad4ec8515f6484cd89e2febfe10817782070636d5b3db6848438,other,NA,NA,
run_001,csr,csr_1772976036,csr-irs3-1772976036,csr-irs3-1772976036,,csr_approved,cert_registered,2026-03-08T13:20:57.666274194Z,2026-03-08T13:22:28.49007383Z,/var/lib/docker/volumes,fabric_orderer.kit.edu,orderer,189154544,190408093,1253549
run_001,csr,csr_1772976036,csr-irs3-1772976036,csr-irs3-1772976036,,csr_approved,cert_registered,2026-03-08T13:20:57.666274194Z,2026-03-08T13:22:28.49007383Z,/var/lib/docker/volumes,fabric_peer0.irs1.kit.edu,other,5006,5006,0
run_001,csr,csr_1772976036,csr-irs3-1772976036,csr-irs3-1772976036,,csr_approved,cert_registered,2026-03-08T13:20:57.666274194Z,2026-03-08T13:22:28.49007383Z,/var/lib/docker/volumes,fabric_peer0.irs3.kit.edu,peer,89738798,91107642,1368844
run_001,csr,csr_1772976036,csr-irs3-1772976036,csr-irs3-1772976036,,csr_approved,cert_registered,2026-03-08T13:20:57.666274194Z,2026-03-08T13:22:28.49007383Z,/var/lib/docker/volumes,fabric_peer1.irs3.kit.edu,other,89737372,91106216,1368844
run_001,csr,csr_1772976036,csr-irs3-1772976036,csr-irs3-1772976036,,csr_approved,cert_registered,2026-03-08T13:20:57.666274194Z,2026-03-08T13:22:28.49007383Z,/var/lib/docker/volumes,fabric_peer2.irs3.kit.edu,other,89738791,91107635,1368844
run_001,csr,csr_1772976036,csr-irs3-1772976036,csr-irs3-1772976036,,csr_approved,cert_registered,2026-03-08T13:20:57.666274194Z,2026-03-08T13:22:28.49007383Z,/var/lib/docker/volumes,fabric_peer3.irs3.kit.edu,other,89737369,91106213,1368844
run_001,csr,csr_1772976036,csr-irs3-1772976036,csr-irs3-1772976036,,cert_registered,operation_end,2026-03-08T13:22:28.49007383Z,2026-03-08T13:22:29.121716Z,/var/lib/docker/volumes,07323924f55a40af409ae862fc14ab08f2d8c06ba282f174beb7e74ff5782926,other,NA,NA,
run_001,csr,csr_1772976036,csr-irs3-1772976036,csr-irs3-1772976036,,cert_registered,operation_end,2026-03-08T13:22:28.49007383Z,2026-03-08T13:22:29.121716Z,/var/lib/docker/volumes,301473890dade69bfa0d19b444d1f0769b67a90d1197c166d84af2511e48f916,other,49770,49770,0
run_001,csr,csr_1772976036,csr-irs3-1772976036,csr-irs3-1772976036,,cert_registered,operation_end,2026-03-08T13:22:28.49007383Z,2026-03-08T13:22:29.121716Z,/var/lib/docker/volumes,6b7bb91b53bcbfeb56b486bba478d97728a3c0004c18649976daaade961a2721,other,NA,NA,
run_001,csr,csr_1772976036,csr-irs3-1772976036,csr-irs3-1772976036,,cert_registered,operation_end,2026-03-08T13:22:28.49007383Z,2026-03-08T13:22:29.121716Z,/var/lib/docker/volumes,791e62bfc17bf044236c3dcb5d77ec82610b27aa4d5f3c78aff2e2842f98f9ee,other,NA,NA,
run_001,csr,csr_1772976036,csr-irs3-1772976036,csr-irs3-1772976036,,cert_registered,operation_end,2026-03-08T13:22:28.49007383Z,2026-03-08T13:22:29.121716Z,/var/lib/docker/volumes,86e46c7349c98bd170ab7467b42f5b1a8fcf1438535fca6ee74a0dcce3856102,other,NA,NA,
run_001,csr,csr_1772976036,csr-irs3-1772976036,csr-irs3-1772976036,,cert_registered,operation_end,2026-03-08T13:22:28.49007383Z,2026-03-08T13:22:29.121716Z,/var/lib/docker/volumes,99ac8c723665556c954d288ca00335f1fae5493d384cb656ecf5a945cc9ae3b8,other,NA,NA,
run_001,csr,csr_1772976036,csr-irs3-1772976036,csr-irs3-1772976036,,cert_registered,operation_end,2026-03-08T13:22:28.49007383Z,2026-03-08T13:22:29.121716Z,/var/lib/docker/volumes,ab96d922f06ec7a94f1b5200e75e480c9ed7eba86fbbe33b5cb9edbe031c6ea8,other,49770,49770,0
run_001,csr,csr_1772976036,csr-irs3-1772976036,csr-irs3-1772976036,,cert_registered,operation_end,2026-03-08T13:22:28.49007383Z,2026-03-08T13:22:29.121716Z,/var/lib/docker/volumes,c58c4c31a22da439d2b7f591fd40cdcdd9bb8458f543e682f66d858083ef9ea8,other,NA,NA,
run_001,csr,csr_1772976036,csr-irs3-1772976036,csr-irs3-1772976036,,cert_registered,operation_end,2026-03-08T13:22:28.49007383Z,2026-03-08T13:22:29.121716Z,/var/lib/docker/volumes,d9b7785a06954372515977133a1213437b80c5db1517196ca5e26134d3413ccf,other,NA,NA,
run_001,csr,csr_1772976036,csr-irs3-1772976036,csr-irs3-1772976036,,cert_registered,operation_end,2026-03-08T13:22:28.49007383Z,2026-03-08T13:22:29.121716Z,/var/lib/docker/volumes,dfb0ca7b4b9cad4ec8515f6484cd89e2febfe10817782070636d5b3db6848438,other,NA,NA,
run_001,csr,csr_1772976036,csr-irs3-1772976036,csr-irs3-1772976036,,cert_registered,operation_end,2026-03-08T13:22:28.49007383Z,2026-03-08T13:22:29.121716Z,/var/lib/docker/volumes,fabric_orderer.kit.edu,orderer,190408093,190408093,0
run_001,csr,csr_1772976036,csr-irs3-1772976036,csr-irs3-1772976036,,cert_registered,operation_end,2026-03-08T13:22:28.49007383Z,2026-03-08T13:22:29.121716Z,/var/lib/docker/volumes,fabric_peer0.irs1.kit.edu,other,5006,5006,0
run_001,csr,csr_1772976036,csr-irs3-1772976036,csr-irs3-1772976036,,cert_registered,operation_end,2026-03-08T13:22:28.49007383Z,2026-03-08T13:22:29.121716Z,/var/lib/docker/volumes,fabric_peer0.irs3.kit.edu,peer,91107642,91107642,0
run_001,csr,csr_1772976036,csr-irs3-1772976036,csr-irs3-1772976036,,cert_registered,operation_end,2026-03-08T13:22:28.49007383Z,2026-03-08T13:22:29.121716Z,/var/lib/docker/volumes,fabric_peer1.irs3.kit.edu,other,91106216,91106216,0
run_001,csr,csr_1772976036,csr-irs3-1772976036,csr-irs3-1772976036,,cert_registered,operation_end,2026-03-08T13:22:28.49007383Z,2026-03-08T13:22:29.121716Z,/var/lib/docker/volumes,fabric_peer2.irs3.kit.edu,other,91107635,91107635,0
run_001,csr,csr_1772976036,csr-irs3-1772976036,csr-irs3-1772976036,,cert_registered,operation_end,2026-03-08T13:22:28.49007383Z,2026-03-08T13:22:29.121716Z,/var/lib/docker/volumes,fabric_peer3.irs3.kit.edu,other,91106213,91106213,0
run_001,revocation,revocation_1772976169,revoke-irs3-1772976170,revoke-irs3-1772976170,,operation_start,revocation_submit_done,2026-03-08T13:22:49.926237Z,2026-03-08T13:22:52.256785Z,/var/lib/docker/volumes,07323924f55a40af409ae862fc14ab08f2d8c06ba282f174beb7e74ff5782926,other,NA,NA,
run_001,revocation,revocation_1772976169,revoke-irs3-1772976170,revoke-irs3-1772976170,,operation_start,revocation_submit_done,2026-03-08T13:22:49.926237Z,2026-03-08T13:22:52.256785Z,/var/lib/docker/volumes,301473890dade69bfa0d19b444d1f0769b67a90d1197c166d84af2511e48f916,other,49770,49770,0
run_001,revocation,revocation_1772976169,revoke-irs3-1772976170,revoke-irs3-1772976170,,operation_start,revocation_submit_done,2026-03-08T13:22:49.926237Z,2026-03-08T13:22:52.256785Z,/var/lib/docker/volumes,6b7bb91b53bcbfeb56b486bba478d97728a3c0004c18649976daaade961a2721,other,NA,NA,
run_001,revocation,revocation_1772976169,revoke-irs3-1772976170,revoke-irs3-1772976170,,operation_start,revocation_submit_done,2026-03-08T13:22:49.926237Z,2026-03-08T13:22:52.256785Z,/var/lib/docker/volumes,791e62bfc17bf044236c3dcb5d77ec82610b27aa4d5f3c78aff2e2842f98f9ee,other,NA,NA,
run_001,revocation,revocation_1772976169,revoke-irs3-1772976170,revoke-irs3-1772976170,,operation_start,revocation_submit_done,2026-03-08T13:22:49.926237Z,2026-03-08T13:22:52.256785Z,/var/lib/docker/volumes,86e46c7349c98bd170ab7467b42f5b1a8fcf1438535fca6ee74a0dcce3856102,other,NA,NA,
run_001,revocation,revocation_1772976169,revoke-irs3-1772976170,revoke-irs3-1772976170,,operation_start,revocation_submit_done,2026-03-08T13:22:49.926237Z,2026-03-08T13:22:52.256785Z,/var/lib/docker/volumes,99ac8c723665556c954d288ca00335f1fae5493d384cb656ecf5a945cc9ae3b8,other,NA,NA,
run_001,revocation,revocation_1772976169,revoke-irs3-1772976170,revoke-irs3-1772976170,,operation_start,revocation_submit_done,2026-03-08T13:22:49.926237Z,2026-03-08T13:22:52.256785Z,/var/lib/docker/volumes,ab96d922f06ec7a94f1b5200e75e480c9ed7eba86fbbe33b5cb9edbe031c6ea8,other,49770,49770,0
run_001,revocation,revocation_1772976169,revoke-irs3-1772976170,revoke-irs3-1772976170,,operation_start,revocation_submit_done,2026-03-08T13:22:49.926237Z,2026-03-08T13:22:52.256785Z,/var/lib/docker/volumes,c58c4c31a22da439d2b7f591fd40cdcdd9bb8458f543e682f66d858083ef9ea8,other,NA,NA,
run_001,revocation,revocation_1772976169,revoke-irs3-1772976170,revoke-irs3-1772976170,,operation_start,revocation_submit_done,2026-03-08T13:22:49.926237Z,2026-03-08T13:22:52.256785Z,/var/lib/docker/volumes,d9b7785a06954372515977133a1213437b80c5db1517196ca5e26134d3413ccf,other,NA,NA,
run_001,revocation,revocation_1772976169,revoke-irs3-1772976170,revoke-irs3-1772976170,,operation_start,revocation_submit_done,2026-03-08T13:22:49.926237Z,2026-03-08T13:22:52.256785Z,/var/lib/docker/volumes,dfb0ca7b4b9cad4ec8515f6484cd89e2febfe10817782070636d5b3db6848438,other,NA,NA,
run_001,revocation,revocation_1772976169,revoke-irs3-1772976170,revoke-irs3-1772976170,,operation_start,revocation_submit_done,2026-03-08T13:22:49.926237Z,2026-03-08T13:22:52.256785Z,/var/lib/docker/volumes,fabric_orderer.kit.edu,orderer,190470156,190477363,7207
run_001,revocation,revocation_1772976169,revoke-irs3-1772976170,revoke-irs3-1772976170,,operation_start,revocation_submit_done,2026-03-08T13:22:49.926237Z,2026-03-08T13:22:52.256785Z,/var/lib/docker/volumes,fabric_peer0.irs1.kit.edu,other,5006,5006,0
run_001,revocation,revocation_1772976169,revoke-irs3-1772976170,revoke-irs3-1772976170,,operation_start,revocation_submit_done,2026-03-08T13:22:49.926237Z,2026-03-08T13:22:52.256785Z,/var/lib/docker/volumes,fabric_peer0.irs3.kit.edu,peer,91171257,91179506,8249
run_001,revocation,revocation_1772976169,revoke-irs3-1772976170,revoke-irs3-1772976170,,operation_start,revocation_submit_done,2026-03-08T13:22:49.926237Z,2026-03-08T13:22:52.256785Z,/var/lib/docker/volumes,fabric_peer1.irs3.kit.edu,other,91169831,91178080,8249
run_001,revocation,revocation_1772976169,revoke-irs3-1772976170,revoke-irs3-1772976170,,operation_start,revocation_submit_done,2026-03-08T13:22:49.926237Z,2026-03-08T13:22:52.256785Z,/var/lib/docker/volumes,fabric_peer2.irs3.kit.edu,other,91171250,91179499,8249
run_001,revocation,revocation_1772976169,revoke-irs3-1772976170,revoke-irs3-1772976170,,operation_start,revocation_submit_done,2026-03-08T13:22:49.926237Z,2026-03-08T13:22:52.256785Z,/var/lib/docker/volumes,fabric_peer3.irs3.kit.edu,other,91169828,91178077,8249
run_001,revocation,revocation_1772976169,revoke-irs3-1772976170,revoke-irs3-1772976170,,revocation_submit_done,revocation_voted,2026-03-08T13:22:52.256785Z,2026-03-08T13:22:55.547651599Z,/var/lib/docker/volumes,07323924f55a40af409ae862fc14ab08f2d8c06ba282f174beb7e74ff5782926,other,NA,NA,
run_001,revocation,revocation_1772976169,revoke-irs3-1772976170,revoke-irs3-1772976170,,revocation_submit_done,revocation_voted,2026-03-08T13:22:52.256785Z,2026-03-08T13:22:55.547651599Z,/var/lib/docker/volumes,301473890dade69bfa0d19b444d1f0769b67a90d1197c166d84af2511e48f916,other,49770,49770,0
run_001,revocation,revocation_1772976169,revoke-irs3-1772976170,revoke-irs3-1772976170,,revocation_submit_done,revocation_voted,2026-03-08T13:22:52.256785Z,2026-03-08T13:22:55.547651599Z,/var/lib/docker/volumes,6b7bb91b53bcbfeb56b486bba478d97728a3c0004c18649976daaade961a2721,other,NA,NA,
run_001,revocation,revocation_1772976169,revoke-irs3-1772976170,revoke-irs3-1772976170,,revocation_submit_done,revocation_voted,2026-03-08T13:22:52.256785Z,2026-03-08T13:22:55.547651599Z,/var/lib/docker/volumes,791e62bfc17bf044236c3dcb5d77ec82610b27aa4d5f3c78aff2e2842f98f9ee,other,NA,NA,
run_001,revocation,revocation_1772976169,revoke-irs3-1772976170,revoke-irs3-1772976170,,revocation_submit_done,revocation_voted,2026-03-08T13:22:52.256785Z,2026-03-08T13:22:55.547651599Z,/var/lib/docker/volumes,86e46c7349c98bd170ab7467b42f5b1a8fcf1438535fca6ee74a0dcce3856102,other,NA,NA,
run_001,revocation,revocation_1772976169,revoke-irs3-1772976170,revoke-irs3-1772976170,,revocation_submit_done,revocation_voted,2026-03-08T13:22:52.256785Z,2026-03-08T13:22:55.547651599Z,/var/lib/docker/volumes,99ac8c723665556c954d288ca00335f1fae5493d384cb656ecf5a945cc9ae3b8,other,NA,NA,
run_001,revocation,revocation_1772976169,revoke-irs3-1772976170,revoke-irs3-1772976170,,revocation_submit_done,revocation_voted,2026-03-08T13:22:52.256785Z,2026-03-08T13:22:55.547651599Z,/var/lib/docker/volumes,ab96d922f06ec7a94f1b5200e75e480c9ed7eba86fbbe33b5cb9edbe031c6ea8,other,49770,49770,0
run_001,revocation,revocation_1772976169,revoke-irs3-1772976170,revoke-irs3-1772976170,,revocation_submit_done,revocation_voted,2026-03-08T13:22:52.256785Z,2026-03-08T13:22:55.547651599Z,/var/lib/docker/volumes,c58c4c31a22da439d2b7f591fd40cdcdd9bb8458f543e682f66d858083ef9ea8,other,NA,NA,
run_001,revocation,revocation_1772976169,revoke-irs3-1772976170,revoke-irs3-1772976170,,revocation_submit_done,revocation_voted,2026-03-08T13:22:52.256785Z,2026-03-08T13:22:55.547651599Z,/var/lib/docker/volumes,d9b7785a06954372515977133a1213437b80c5db1517196ca5e26134d3413ccf,other,NA,NA,
run_001,revocation,revocation_1772976169,revoke-irs3-1772976170,revoke-irs3-1772976170,,revocation_submit_done,revocation_voted,2026-03-08T13:22:52.256785Z,2026-03-08T13:22:55.547651599Z,/var/lib/docker/volumes,dfb0ca7b4b9cad4ec8515f6484cd89e2febfe10817782070636d5b3db6848438,other,NA,NA,
run_001,revocation,revocation_1772976169,revoke-irs3-1772976170,revoke-irs3-1772976170,,revocation_submit_done,revocation_voted,2026-03-08T13:22:52.256785Z,2026-03-08T13:22:55.547651599Z,/var/lib/docker/volumes,fabric_orderer.kit.edu,orderer,190477363,190532124,54761
run_001,revocation,revocation_1772976169,revoke-irs3-1772976170,revoke-irs3-1772976170,,revocation_submit_done,revocation_voted,2026-03-08T13:22:52.256785Z,2026-03-08T13:22:55.547651599Z,/var/lib/docker/volumes,fabric_peer0.irs1.kit.edu,other,5006,5006,0
run_001,revocation,revocation_1772976169,revoke-irs3-1772976170,revoke-irs3-1772976170,,revocation_submit_done,revocation_voted,2026-03-08T13:22:52.256785Z,2026-03-08T13:22:55.547651599Z,/var/lib/docker/volumes,fabric_peer0.irs3.kit.edu,peer,91179506,91237173,57667
run_001,revocation,revocation_1772976169,revoke-irs3-1772976170,revoke-irs3-1772976170,,revocation_submit_done,revocation_voted,2026-03-08T13:22:52.256785Z,2026-03-08T13:22:55.547651599Z,/var/lib/docker/volumes,fabric_peer1.irs3.kit.edu,other,91178080,91235747,57667
run_001,revocation,revocation_1772976169,revoke-irs3-1772976170,revoke-irs3-1772976170,,revocation_submit_done,revocation_voted,2026-03-08T13:22:52.256785Z,2026-03-08T13:22:55.547651599Z,/var/lib/docker/volumes,fabric_peer2.irs3.kit.edu,other,91179499,91237166,57667
run_001,revocation,revocation_1772976169,revoke-irs3-1772976170,revoke-irs3-1772976170,,revocation_submit_done,revocation_voted,2026-03-08T13:22:52.256785Z,2026-03-08T13:22:55.547651599Z,/var/lib/docker/volumes,fabric_peer3.irs3.kit.edu,other,91178077,91235744,57667
run_001,revocation,revocation_1772976169,revoke-irs3-1772976170,revoke-irs3-1772976170,,revocation_voted,revocation_executed,2026-03-08T13:22:55.547651599Z,2026-03-08T13:23:12.481632679Z,/var/lib/docker/volumes,07323924f55a40af409ae862fc14ab08f2d8c06ba282f174beb7e74ff5782926,other,NA,NA,
run_001,revocation,revocation_1772976169,revoke-irs3-1772976170,revoke-irs3-1772976170,,revocation_voted,revocation_executed,2026-03-08T13:22:55.547651599Z,2026-03-08T13:23:12.481632679Z,/var/lib/docker/volumes,301473890dade69bfa0d19b444d1f0769b67a90d1197c166d84af2511e48f916,other,49770,49770,0
run_001,revocation,revocation_1772976169,revoke-irs3-1772976170,revoke-irs3-1772976170,,revocation_voted,revocation_executed,2026-03-08T13:22:55.547651599Z,2026-03-08T13:23:12.481632679Z,/var/lib/docker/volumes,6b7bb91b53bcbfeb56b486bba478d97728a3c0004c18649976daaade961a2721,other,NA,NA,
run_001,revocation,revocation_1772976169,revoke-irs3-1772976170,revoke-irs3-1772976170,,revocation_voted,revocation_executed,2026-03-08T13:22:55.547651599Z,2026-03-08T13:23:12.481632679Z,/var/lib/docker/volumes,791e62bfc17bf044236c3dcb5d77ec82610b27aa4d5f3c78aff2e2842f98f9ee,other,NA,NA,
run_001,revocation,revocation_1772976169,revoke-irs3-1772976170,revoke-irs3-1772976170,,revocation_voted,revocation_executed,2026-03-08T13:22:55.547651599Z,2026-03-08T13:23:12.481632679Z,/var/lib/docker/volumes,86e46c7349c98bd170ab7467b42f5b1a8fcf1438535fca6ee74a0dcce3856102,other,NA,NA,
run_001,revocation,revocation_1772976169,revoke-irs3-1772976170,revoke-irs3-1772976170,,revocation_voted,revocation_executed,2026-03-08T13:22:55.547651599Z,2026-03-08T13:23:12.481632679Z,/var/lib/docker/volumes,99ac8c723665556c954d288ca00335f1fae5493d384cb656ecf5a945cc9ae3b8,other,NA,NA,
run_001,revocation,revocation_1772976169,revoke-irs3-1772976170,revoke-irs3-1772976170,,revocation_voted,revocation_executed,2026-03-08T13:22:55.547651599Z,2026-03-08T13:23:12.481632679Z,/var/lib/docker/volumes,ab96d922f06ec7a94f1b5200e75e480c9ed7eba86fbbe33b5cb9edbe031c6ea8,other,49770,49770,0
run_001,revocation,revocation_1772976169,revoke-irs3-1772976170,revoke-irs3-1772976170,,revocation_voted,revocation_executed,2026-03-08T13:22:55.547651599Z,2026-03-08T13:23:12.481632679Z,/var/lib/docker/volumes,c58c4c31a22da439d2b7f591fd40cdcdd9bb8458f543e682f66d858083ef9ea8,other,NA,NA,
run_001,revocation,revocation_1772976169,revoke-irs3-1772976170,revoke-irs3-1772976170,,revocation_voted,revocation_executed,2026-03-08T13:22:55.547651599Z,2026-03-08T13:23:12.481632679Z,/var/lib/docker/volumes,d9b7785a06954372515977133a1213437b80c5db1517196ca5e26134d3413ccf,other,NA,NA,
run_001,revocation,revocation_1772976169,revoke-irs3-1772976170,revoke-irs3-1772976170,,revocation_voted,revocation_executed,2026-03-08T13:22:55.547651599Z,2026-03-08T13:23:12.481632679Z,/var/lib/docker/volumes,dfb0ca7b4b9cad4ec8515f6484cd89e2febfe10817782070636d5b3db6848438,other,NA,NA,
run_001,revocation,revocation_1772976169,revoke-irs3-1772976170,revoke-irs3-1772976170,,revocation_voted,revocation_executed,2026-03-08T13:22:55.547651599Z,2026-03-08T13:23:12.481632679Z,/var/lib/docker/volumes,fabric_orderer.kit.edu,orderer,190532124,191157828,625704
run_001,revocation,revocation_1772976169,revoke-irs3-1772976170,revoke-irs3-1772976170,,revocation_voted,revocation_executed,2026-03-08T13:22:55.547651599Z,2026-03-08T13:23:12.481632679Z,/var/lib/docker/volumes,fabric_peer0.irs1.kit.edu,other,5006,5006,0
run_001,revocation,revocation_1772976169,revoke-irs3-1772976170,revoke-irs3-1772976170,,revocation_voted,revocation_executed,2026-03-08T13:22:55.547651599Z,2026-03-08T13:23:12.481632679Z,/var/lib/docker/volumes,fabric_peer0.irs3.kit.edu,peer,91237173,91900749,663576
run_001,revocation,revocation_1772976169,revoke-irs3-1772976170,revoke-irs3-1772976170,,revocation_voted,revocation_executed,2026-03-08T13:22:55.547651599Z,2026-03-08T13:23:12.481632679Z,/var/lib/docker/volumes,fabric_peer1.irs3.kit.edu,other,91235747,91899323,663576
run_001,revocation,revocation_1772976169,revoke-irs3-1772976170,revoke-irs3-1772976170,,revocation_voted,revocation_executed,2026-03-08T13:22:55.547651599Z,2026-03-08T13:23:12.481632679Z,/var/lib/docker/volumes,fabric_peer2.irs3.kit.edu,other,91237166,91900742,663576
run_001,revocation,revocation_1772976169,revoke-irs3-1772976170,revoke-irs3-1772976170,,revocation_voted,revocation_executed,2026-03-08T13:22:55.547651599Z,2026-03-08T13:23:12.481632679Z,/var/lib/docker/volumes,fabric_peer3.irs3.kit.edu,other,91235744,91899320,663576
run_001,revocation,revocation_1772976169,revoke-irs3-1772976170,revoke-irs3-1772976170,,revocation_executed,operation_end,2026-03-08T13:23:12.481632679Z,2026-03-08T13:23:12.877059Z,/var/lib/docker/volumes,07323924f55a40af409ae862fc14ab08f2d8c06ba282f174beb7e74ff5782926,other,NA,NA,
run_001,revocation,revocation_1772976169,revoke-irs3-1772976170,revoke-irs3-1772976170,,revocation_executed,operation_end,2026-03-08T13:23:12.481632679Z,2026-03-08T13:23:12.877059Z,/var/lib/docker/volumes,301473890dade69bfa0d19b444d1f0769b67a90d1197c166d84af2511e48f916,other,49770,49770,0
run_001,revocation,revocation_1772976169,revoke-irs3-1772976170,revoke-irs3-1772976170,,revocation_executed,operation_end,2026-03-08T13:23:12.481632679Z,2026-03-08T13:23:12.877059Z,/var/lib/docker/volumes,6b7bb91b53bcbfeb56b486bba478d97728a3c0004c18649976daaade961a2721,other,NA,NA,
run_001,revocation,revocation_1772976169,revoke-irs3-1772976170,revoke-irs3-1772976170,,revocation_executed,operation_end,2026-03-08T13:23:12.481632679Z,2026-03-08T13:23:12.877059Z,/var/lib/docker/volumes,791e62bfc17bf044236c3dcb5d77ec82610b27aa4d5f3c78aff2e2842f98f9ee,other,NA,NA,
run_001,revocation,revocation_1772976169,revoke-irs3-1772976170,revoke-irs3-1772976170,,revocation_executed,operation_end,2026-03-08T13:23:12.481632679Z,2026-03-08T13:23:12.877059Z,/var/lib/docker/volumes,86e46c7349c98bd170ab7467b42f5b1a8fcf1438535fca6ee74a0dcce3856102,other,NA,NA,
run_001,revocation,revocation_1772976169,revoke-irs3-1772976170,revoke-irs3-1772976170,,revocation_executed,operation_end,2026-03-08T13:23:12.481632679Z,2026-03-08T13:23:12.877059Z,/var/lib/docker/volumes,99ac8c723665556c954d288ca00335f1fae5493d384cb656ecf5a945cc9ae3b8,other,NA,NA,
run_001,revocation,revocation_1772976169,revoke-irs3-1772976170,revoke-irs3-1772976170,,revocation_executed,operation_end,2026-03-08T13:23:12.481632679Z,2026-03-08T13:23:12.877059Z,/var/lib/docker/volumes,ab96d922f06ec7a94f1b5200e75e480c9ed7eba86fbbe33b5cb9edbe031c6ea8,other,49770,49770,0
run_001,revocation,revocation_1772976169,revoke-irs3-1772976170,revoke-irs3-1772976170,,revocation_executed,operation_end,2026-03-08T13:23:12.481632679Z,2026-03-08T13:23:12.877059Z,/var/lib/docker/volumes,c58c4c31a22da439d2b7f591fd40cdcdd9bb8458f543e682f66d858083ef9ea8,other,NA,NA,
run_001,revocation,revocation_1772976169,revoke-irs3-1772976170,revoke-irs3-1772976170,,revocation_executed,operation_end,2026-03-08T13:23:12.481632679Z,2026-03-08T13:23:12.877059Z,/var/lib/docker/volumes,d9b7785a06954372515977133a1213437b80c5db1517196ca5e26134d3413ccf,other,NA,NA,
run_001,revocation,revocation_1772976169,revoke-irs3-1772976170,revoke-irs3-1772976170,,revocation_executed,operation_end,2026-03-08T13:23:12.481632679Z,2026-03-08T13:23:12.877059Z,/var/lib/docker/volumes,dfb0ca7b4b9cad4ec8515f6484cd89e2febfe10817782070636d5b3db6848438,other,NA,NA,
run_001,revocation,revocation_1772976169,revoke-irs3-1772976170,revoke-irs3-1772976170,,revocation_executed,operation_end,2026-03-08T13:23:12.481632679Z,2026-03-08T13:23:12.877059Z,/var/lib/docker/volumes,fabric_orderer.kit.edu,orderer,191157828,191157828,0
run_001,revocation,revocation_1772976169,revoke-irs3-1772976170,revoke-irs3-1772976170,,revocation_executed,operation_end,2026-03-08T13:23:12.481632679Z,2026-03-08T13:23:12.877059Z,/var/lib/docker/volumes,fabric_peer0.irs1.kit.edu,other,5006,5006,0
run_001,revocation,revocation_1772976169,revoke-irs3-1772976170,revoke-irs3-1772976170,,revocation_executed,operation_end,2026-03-08T13:23:12.481632679Z,2026-03-08T13:23:12.877059Z,/var/lib/docker/volumes,fabric_peer0.irs3.kit.edu,peer,91900749,91900749,0
run_001,revocation,revocation_1772976169,revoke-irs3-1772976170,revoke-irs3-1772976170,,revocation_executed,operation_end,2026-03-08T13:23:12.481632679Z,2026-03-08T13:23:12.877059Z,/var/lib/docker/volumes,fabric_peer1.irs3.kit.edu,other,91899323,91899323,0
run_001,revocation,revocation_1772976169,revoke-irs3-1772976170,revoke-irs3-1772976170,,revocation_executed,operation_end,2026-03-08T13:23:12.481632679Z,2026-03-08T13:23:12.877059Z,/var/lib/docker/volumes,fabric_peer2.irs3.kit.edu,other,91900742,91900742,0
run_001,revocation,revocation_1772976169,revoke-irs3-1772976170,revoke-irs3-1772976170,,revocation_executed,operation_end,2026-03-08T13:23:12.481632679Z,2026-03-08T13:23:12.877059Z,/var/lib/docker/volumes,fabric_peer3.irs3.kit.edu,other,91899320,91899320,0
run_001,removal,removal_1772976211,remove-irs3-member1-1772976212,remove-irs3-member1-1772976212,28,operation_start,removal_submit_done,2026-03-08T13:23:31.807748Z,2026-03-08T13:23:34.283481Z,/var/lib/docker/volumes,07323924f55a40af409ae862fc14ab08f2d8c06ba282f174beb7e74ff5782926,other,NA,NA,
run_001,removal,removal_1772976211,remove-irs3-member1-1772976212,remove-irs3-member1-1772976212,28,operation_start,removal_submit_done,2026-03-08T13:23:31.807748Z,2026-03-08T13:23:34.283481Z,/var/lib/docker/volumes,301473890dade69bfa0d19b444d1f0769b67a90d1197c166d84af2511e48f916,other,49770,49770,0
run_001,removal,removal_1772976211,remove-irs3-member1-1772976212,remove-irs3-member1-1772976212,28,operation_start,removal_submit_done,2026-03-08T13:23:31.807748Z,2026-03-08T13:23:34.283481Z,/var/lib/docker/volumes,6b7bb91b53bcbfeb56b486bba478d97728a3c0004c18649976daaade961a2721,other,NA,NA,
run_001,removal,removal_1772976211,remove-irs3-member1-1772976212,remove-irs3-member1-1772976212,28,operation_start,removal_submit_done,2026-03-08T13:23:31.807748Z,2026-03-08T13:23:34.283481Z,/var/lib/docker/volumes,791e62bfc17bf044236c3dcb5d77ec82610b27aa4d5f3c78aff2e2842f98f9ee,other,NA,NA,
run_001,removal,removal_1772976211,remove-irs3-member1-1772976212,remove-irs3-member1-1772976212,28,operation_start,removal_submit_done,2026-03-08T13:23:31.807748Z,2026-03-08T13:23:34.283481Z,/var/lib/docker/volumes,86e46c7349c98bd170ab7467b42f5b1a8fcf1438535fca6ee74a0dcce3856102,other,NA,NA,
run_001,removal,removal_1772976211,remove-irs3-member1-1772976212,remove-irs3-member1-1772976212,28,operation_start,removal_submit_done,2026-03-08T13:23:31.807748Z,2026-03-08T13:23:34.283481Z,/var/lib/docker/volumes,99ac8c723665556c954d288ca00335f1fae5493d384cb656ecf5a945cc9ae3b8,other,NA,NA,
run_001,removal,removal_1772976211,remove-irs3-member1-1772976212,remove-irs3-member1-1772976212,28,operation_start,removal_submit_done,2026-03-08T13:23:31.807748Z,2026-03-08T13:23:34.283481Z,/var/lib/docker/volumes,ab96d922f06ec7a94f1b5200e75e480c9ed7eba86fbbe33b5cb9edbe031c6ea8,other,49770,49770,0
run_001,removal,removal_1772976211,remove-irs3-member1-1772976212,remove-irs3-member1-1772976212,28,operation_start,removal_submit_done,2026-03-08T13:23:31.807748Z,2026-03-08T13:23:34.283481Z,/var/lib/docker/volumes,c58c4c31a22da439d2b7f591fd40cdcdd9bb8458f543e682f66d858083ef9ea8,other,NA,NA,
run_001,removal,removal_1772976211,remove-irs3-member1-1772976212,remove-irs3-member1-1772976212,28,operation_start,removal_submit_done,2026-03-08T13:23:31.807748Z,2026-03-08T13:23:34.283481Z,/var/lib/docker/volumes,d9b7785a06954372515977133a1213437b80c5db1517196ca5e26134d3413ccf,other,NA,NA,
run_001,removal,removal_1772976211,remove-irs3-member1-1772976212,remove-irs3-member1-1772976212,28,operation_start,removal_submit_done,2026-03-08T13:23:31.807748Z,2026-03-08T13:23:34.283481Z,/var/lib/docker/volumes,dfb0ca7b4b9cad4ec8515f6484cd89e2febfe10817782070636d5b3db6848438,other,NA,NA,
run_001,removal,removal_1772976211,remove-irs3-member1-1772976212,remove-irs3-member1-1772976212,28,operation_start,removal_submit_done,2026-03-08T13:23:31.807748Z,2026-03-08T13:23:34.283481Z,/var/lib/docker/volumes,fabric_orderer.kit.edu,orderer,191157828,191166470,8642
run_001,removal,removal_1772976211,remove-irs3-member1-1772976212,remove-irs3-member1-1772976212,28,operation_start,removal_submit_done,2026-03-08T13:23:31.807748Z,2026-03-08T13:23:34.283481Z,/var/lib/docker/volumes,fabric_peer0.irs1.kit.edu,other,5006,5006,0
run_001,removal,removal_1772976211,remove-irs3-member1-1772976212,remove-irs3-member1-1772976212,28,operation_start,removal_submit_done,2026-03-08T13:23:31.807748Z,2026-03-08T13:23:34.283481Z,/var/lib/docker/volumes,fabric_peer0.irs3.kit.edu,peer,91900749,91910504,9755
run_001,removal,removal_1772976211,remove-irs3-member1-1772976212,remove-irs3-member1-1772976212,28,operation_start,removal_submit_done,2026-03-08T13:23:31.807748Z,2026-03-08T13:23:34.283481Z,/var/lib/docker/volumes,fabric_peer1.irs3.kit.edu,other,91899323,91909078,9755
run_001,removal,removal_1772976211,remove-irs3-member1-1772976212,remove-irs3-member1-1772976212,28,operation_start,removal_submit_done,2026-03-08T13:23:31.807748Z,2026-03-08T13:23:34.283481Z,/var/lib/docker/volumes,fabric_peer2.irs3.kit.edu,other,91900742,91910497,9755
run_001,removal,removal_1772976211,remove-irs3-member1-1772976212,remove-irs3-member1-1772976212,28,operation_start,removal_submit_done,2026-03-08T13:23:31.807748Z,2026-03-08T13:23:34.283481Z,/var/lib/docker/volumes,fabric_peer3.irs3.kit.edu,other,91899320,91909075,9755
run_001,removal,removal_1772976211,remove-irs3-member1-1772976212,remove-irs3-member1-1772976212,28,removal_submit_done,removal_voted,2026-03-08T13:23:34.283481Z,2026-03-08T13:23:37.510412046Z,/var/lib/docker/volumes,07323924f55a40af409ae862fc14ab08f2d8c06ba282f174beb7e74ff5782926,other,NA,NA,
run_001,removal,removal_1772976211,remove-irs3-member1-1772976212,remove-irs3-member1-1772976212,28,removal_submit_done,removal_voted,2026-03-08T13:23:34.283481Z,2026-03-08T13:23:37.510412046Z,/var/lib/docker/volumes,301473890dade69bfa0d19b444d1f0769b67a90d1197c166d84af2511e48f916,other,49770,49770,0
run_001,removal,removal_1772976211,remove-irs3-member1-1772976212,remove-irs3-member1-1772976212,28,removal_submit_done,removal_voted,2026-03-08T13:23:34.283481Z,2026-03-08T13:23:37.510412046Z,/var/lib/docker/volumes,6b7bb91b53bcbfeb56b486bba478d97728a3c0004c18649976daaade961a2721,other,NA,NA,
run_001,removal,removal_1772976211,remove-irs3-member1-1772976212,remove-irs3-member1-1772976212,28,removal_submit_done,removal_voted,2026-03-08T13:23:34.283481Z,2026-03-08T13:23:37.510412046Z,/var/lib/docker/volumes,791e62bfc17bf044236c3dcb5d77ec82610b27aa4d5f3c78aff2e2842f98f9ee,other,NA,NA,
run_001,removal,removal_1772976211,remove-irs3-member1-1772976212,remove-irs3-member1-1772976212,28,removal_submit_done,removal_voted,2026-03-08T13:23:34.283481Z,2026-03-08T13:23:37.510412046Z,/var/lib/docker/volumes,86e46c7349c98bd170ab7467b42f5b1a8fcf1438535fca6ee74a0dcce3856102,other,NA,NA,
run_001,removal,removal_1772976211,remove-irs3-member1-1772976212,remove-irs3-member1-1772976212,28,removal_submit_done,removal_voted,2026-03-08T13:23:34.283481Z,2026-03-08T13:23:37.510412046Z,/var/lib/docker/volumes,99ac8c723665556c954d288ca00335f1fae5493d384cb656ecf5a945cc9ae3b8,other,NA,NA,
run_001,removal,removal_1772976211,remove-irs3-member1-1772976212,remove-irs3-member1-1772976212,28,removal_submit_done,removal_voted,2026-03-08T13:23:34.283481Z,2026-03-08T13:23:37.510412046Z,/var/lib/docker/volumes,ab96d922f06ec7a94f1b5200e75e480c9ed7eba86fbbe33b5cb9edbe031c6ea8,other,49770,49770,0
run_001,removal,removal_1772976211,remove-irs3-member1-1772976212,remove-irs3-member1-1772976212,28,removal_submit_done,removal_voted,2026-03-08T13:23:34.283481Z,2026-03-08T13:23:37.510412046Z,/var/lib/docker/volumes,c58c4c31a22da439d2b7f591fd40cdcdd9bb8458f543e682f66d858083ef9ea8,other,NA,NA,
run_001,removal,removal_1772976211,remove-irs3-member1-1772976212,remove-irs3-member1-1772976212,28,removal_submit_done,removal_voted,2026-03-08T13:23:34.283481Z,2026-03-08T13:23:37.510412046Z,/var/lib/docker/volumes,d9b7785a06954372515977133a1213437b80c5db1517196ca5e26134d3413ccf,other,NA,NA,
run_001,removal,removal_1772976211,remove-irs3-member1-1772976212,remove-irs3-member1-1772976212,28,removal_submit_done,removal_voted,2026-03-08T13:23:34.283481Z,2026-03-08T13:23:37.510412046Z,/var/lib/docker/volumes,dfb0ca7b4b9cad4ec8515f6484cd89e2febfe10817782070636d5b3db6848438,other,NA,NA,
run_001,removal,removal_1772976211,remove-irs3-member1-1772976212,remove-irs3-member1-1772976212,28,removal_submit_done,removal_voted,2026-03-08T13:23:34.283481Z,2026-03-08T13:23:37.510412046Z,/var/lib/docker/volumes,fabric_orderer.kit.edu,orderer,191166470,191315451,148981
run_001,removal,removal_1772976211,remove-irs3-member1-1772976212,remove-irs3-member1-1772976212,28,removal_submit_done,removal_voted,2026-03-08T13:23:34.283481Z,2026-03-08T13:23:37.510412046Z,/var/lib/docker/volumes,fabric_peer0.irs1.kit.edu,other,5006,5006,0
run_001,removal,removal_1772976211,remove-irs3-member1-1772976212,remove-irs3-member1-1772976212,28,removal_submit_done,removal_voted,2026-03-08T13:23:34.283481Z,2026-03-08T13:23:37.510412046Z,/var/lib/docker/volumes,fabric_peer0.irs3.kit.edu,peer,91910504,92066226,155722
run_001,removal,removal_1772976211,remove-irs3-member1-1772976212,remove-irs3-member1-1772976212,28,removal_submit_done,removal_voted,2026-03-08T13:23:34.283481Z,2026-03-08T13:23:37.510412046Z,/var/lib/docker/volumes,fabric_peer1.irs3.kit.edu,other,91909078,92064800,155722
run_001,removal,removal_1772976211,remove-irs3-member1-1772976212,remove-irs3-member1-1772976212,28,removal_submit_done,removal_voted,2026-03-08T13:23:34.283481Z,2026-03-08T13:23:37.510412046Z,/var/lib/docker/volumes,fabric_peer2.irs3.kit.edu,other,91910497,92066219,155722
run_001,removal,removal_1772976211,remove-irs3-member1-1772976212,remove-irs3-member1-1772976212,28,removal_submit_done,removal_voted,2026-03-08T13:23:34.283481Z,2026-03-08T13:23:37.510412046Z,/var/lib/docker/volumes,fabric_peer3.irs3.kit.edu,other,91909075,92064797,155722
run_001,removal,removal_1772976211,remove-irs3-member1-1772976212,remove-irs3-member1-1772976212,28,removal_voted,removal_approved,2026-03-08T13:23:37.510412046Z,2026-03-08T13:23:52.629102354Z,/var/lib/docker/volumes,07323924f55a40af409ae862fc14ab08f2d8c06ba282f174beb7e74ff5782926,other,NA,NA,
run_001,removal,removal_1772976211,remove-irs3-member1-1772976212,remove-irs3-member1-1772976212,28,removal_voted,removal_approved,2026-03-08T13:23:37.510412046Z,2026-03-08T13:23:52.629102354Z,/var/lib/docker/volumes,301473890dade69bfa0d19b444d1f0769b67a90d1197c166d84af2511e48f916,other,49770,49770,0
run_001,removal,removal_1772976211,remove-irs3-member1-1772976212,remove-irs3-member1-1772976212,28,removal_voted,removal_approved,2026-03-08T13:23:37.510412046Z,2026-03-08T13:23:52.629102354Z,/var/lib/docker/volumes,6b7bb91b53bcbfeb56b486bba478d97728a3c0004c18649976daaade961a2721,other,NA,NA,
run_001,removal,removal_1772976211,remove-irs3-member1-1772976212,remove-irs3-member1-1772976212,28,removal_voted,removal_approved,2026-03-08T13:23:37.510412046Z,2026-03-08T13:23:52.629102354Z,/var/lib/docker/volumes,791e62bfc17bf044236c3dcb5d77ec82610b27aa4d5f3c78aff2e2842f98f9ee,other,NA,NA,
run_001,removal,removal_1772976211,remove-irs3-member1-1772976212,remove-irs3-member1-1772976212,28,removal_voted,removal_approved,2026-03-08T13:23:37.510412046Z,2026-03-08T13:23:52.629102354Z,/var/lib/docker/volumes,86e46c7349c98bd170ab7467b42f5b1a8fcf1438535fca6ee74a0dcce3856102,other,NA,NA,
run_001,removal,removal_1772976211,remove-irs3-member1-1772976212,remove-irs3-member1-1772976212,28,removal_voted,removal_approved,2026-03-08T13:23:37.510412046Z,2026-03-08T13:23:52.629102354Z,/var/lib/docker/volumes,99ac8c723665556c954d288ca00335f1fae5493d384cb656ecf5a945cc9ae3b8,other,NA,NA,
run_001,removal,removal_1772976211,remove-irs3-member1-1772976212,remove-irs3-member1-1772976212,28,removal_voted,removal_approved,2026-03-08T13:23:37.510412046Z,2026-03-08T13:23:52.629102354Z,/var/lib/docker/volumes,ab96d922f06ec7a94f1b5200e75e480c9ed7eba86fbbe33b5cb9edbe031c6ea8,other,49770,49770,0
run_001,removal,removal_1772976211,remove-irs3-member1-1772976212,remove-irs3-member1-1772976212,28,removal_voted,removal_approved,2026-03-08T13:23:37.510412046Z,2026-03-08T13:23:52.629102354Z,/var/lib/docker/volumes,c58c4c31a22da439d2b7f591fd40cdcdd9bb8458f543e682f66d858083ef9ea8,other,NA,NA,
run_001,removal,removal_1772976211,remove-irs3-member1-1772976212,remove-irs3-member1-1772976212,28,removal_voted,removal_approved,2026-03-08T13:23:37.510412046Z,2026-03-08T13:23:52.629102354Z,/var/lib/docker/volumes,d9b7785a06954372515977133a1213437b80c5db1517196ca5e26134d3413ccf,other,NA,NA,
run_001,removal,removal_1772976211,remove-irs3-member1-1772976212,remove-irs3-member1-1772976212,28,removal_voted,removal_approved,2026-03-08T13:23:37.510412046Z,2026-03-08T13:23:52.629102354Z,/var/lib/docker/volumes,dfb0ca7b4b9cad4ec8515f6484cd89e2febfe10817782070636d5b3db6848438,other,NA,NA,
run_001,removal,removal_1772976211,remove-irs3-member1-1772976212,remove-irs3-member1-1772976212,28,removal_voted,removal_approved,2026-03-08T13:23:37.510412046Z,2026-03-08T13:23:52.629102354Z,/var/lib/docker/volumes,fabric_orderer.kit.edu,orderer,191315451,191938796,623345
run_001,removal,removal_1772976211,remove-irs3-member1-1772976212,remove-irs3-member1-1772976212,28,removal_voted,removal_approved,2026-03-08T13:23:37.510412046Z,2026-03-08T13:23:52.629102354Z,/var/lib/docker/volumes,fabric_peer0.irs1.kit.edu,other,5006,5006,0
run_001,removal,removal_1772976211,remove-irs3-member1-1772976212,remove-irs3-member1-1772976212,28,removal_voted,removal_approved,2026-03-08T13:23:37.510412046Z,2026-03-08T13:23:52.629102354Z,/var/lib/docker/volumes,fabric_peer0.irs3.kit.edu,peer,92066226,92732817,666591
run_001,removal,removal_1772976211,remove-irs3-member1-1772976212,remove-irs3-member1-1772976212,28,removal_voted,removal_approved,2026-03-08T13:23:37.510412046Z,2026-03-08T13:23:52.629102354Z,/var/lib/docker/volumes,fabric_peer1.irs3.kit.edu,other,92064800,92731391,666591
run_001,removal,removal_1772976211,remove-irs3-member1-1772976212,remove-irs3-member1-1772976212,28,removal_voted,removal_approved,2026-03-08T13:23:37.510412046Z,2026-03-08T13:23:52.629102354Z,/var/lib/docker/volumes,fabric_peer2.irs3.kit.edu,other,92066219,92732810,666591
run_001,removal,removal_1772976211,remove-irs3-member1-1772976212,remove-irs3-member1-1772976212,28,removal_voted,removal_approved,2026-03-08T13:23:37.510412046Z,2026-03-08T13:23:52.629102354Z,/var/lib/docker/volumes,fabric_peer3.irs3.kit.edu,other,92064797,92731388,666591
run_001,removal,removal_1772976211,remove-irs3-member1-1772976212,remove-irs3-member1-1772976212,28,removal_approved,reshare_started,2026-03-08T13:23:52.629102354Z,2026-03-08T13:23:52.828712Z,/var/lib/docker/volumes,07323924f55a40af409ae862fc14ab08f2d8c06ba282f174beb7e74ff5782926,other,NA,NA,
run_001,removal,removal_1772976211,remove-irs3-member1-1772976212,remove-irs3-member1-1772976212,28,removal_approved,reshare_started,2026-03-08T13:23:52.629102354Z,2026-03-08T13:23:52.828712Z,/var/lib/docker/volumes,301473890dade69bfa0d19b444d1f0769b67a90d1197c166d84af2511e48f916,other,49770,49770,0
run_001,removal,removal_1772976211,remove-irs3-member1-1772976212,remove-irs3-member1-1772976212,28,removal_approved,reshare_started,2026-03-08T13:23:52.629102354Z,2026-03-08T13:23:52.828712Z,/var/lib/docker/volumes,6b7bb91b53bcbfeb56b486bba478d97728a3c0004c18649976daaade961a2721,other,NA,NA,
run_001,removal,removal_1772976211,remove-irs3-member1-1772976212,remove-irs3-member1-1772976212,28,removal_approved,reshare_started,2026-03-08T13:23:52.629102354Z,2026-03-08T13:23:52.828712Z,/var/lib/docker/volumes,791e62bfc17bf044236c3dcb5d77ec82610b27aa4d5f3c78aff2e2842f98f9ee,other,NA,NA,
run_001,removal,removal_1772976211,remove-irs3-member1-1772976212,remove-irs3-member1-1772976212,28,removal_approved,reshare_started,2026-03-08T13:23:52.629102354Z,2026-03-08T13:23:52.828712Z,/var/lib/docker/volumes,86e46c7349c98bd170ab7467b42f5b1a8fcf1438535fca6ee74a0dcce3856102,other,NA,NA,
run_001,removal,removal_1772976211,remove-irs3-member1-1772976212,remove-irs3-member1-1772976212,28,removal_approved,reshare_started,2026-03-08T13:23:52.629102354Z,2026-03-08T13:23:52.828712Z,/var/lib/docker/volumes,99ac8c723665556c954d288ca00335f1fae5493d384cb656ecf5a945cc9ae3b8,other,NA,NA,
run_001,removal,removal_1772976211,remove-irs3-member1-1772976212,remove-irs3-member1-1772976212,28,removal_approved,reshare_started,2026-03-08T13:23:52.629102354Z,2026-03-08T13:23:52.828712Z,/var/lib/docker/volumes,ab96d922f06ec7a94f1b5200e75e480c9ed7eba86fbbe33b5cb9edbe031c6ea8,other,49770,49770,0
run_001,removal,removal_1772976211,remove-irs3-member1-1772976212,remove-irs3-member1-1772976212,28,removal_approved,reshare_started,2026-03-08T13:23:52.629102354Z,2026-03-08T13:23:52.828712Z,/var/lib/docker/volumes,c58c4c31a22da439d2b7f591fd40cdcdd9bb8458f543e682f66d858083ef9ea8,other,NA,NA,
run_001,removal,removal_1772976211,remove-irs3-member1-1772976212,remove-irs3-member1-1772976212,28,removal_approved,reshare_started,2026-03-08T13:23:52.629102354Z,2026-03-08T13:23:52.828712Z,/var/lib/docker/volumes,d9b7785a06954372515977133a1213437b80c5db1517196ca5e26134d3413ccf,other,NA,NA,
run_001,removal,removal_1772976211,remove-irs3-member1-1772976212,remove-irs3-member1-1772976212,28,removal_approved,reshare_started,2026-03-08T13:23:52.629102354Z,2026-03-08T13:23:52.828712Z,/var/lib/docker/volumes,dfb0ca7b4b9cad4ec8515f6484cd89e2febfe10817782070636d5b3db6848438,other,NA,NA,
run_001,removal,removal_1772976211,remove-irs3-member1-1772976212,remove-irs3-member1-1772976212,28,removal_approved,reshare_started,2026-03-08T13:23:52.629102354Z,2026-03-08T13:23:52.828712Z,/var/lib/docker/volumes,fabric_orderer.kit.edu,orderer,191938796,191938796,0
run_001,removal,removal_1772976211,remove-irs3-member1-1772976212,remove-irs3-member1-1772976212,28,removal_approved,reshare_started,2026-03-08T13:23:52.629102354Z,2026-03-08T13:23:52.828712Z,/var/lib/docker/volumes,fabric_peer0.irs1.kit.edu,other,5006,5006,0
run_001,removal,removal_1772976211,remove-irs3-member1-1772976212,remove-irs3-member1-1772976212,28,removal_approved,reshare_started,2026-03-08T13:23:52.629102354Z,2026-03-08T13:23:52.828712Z,/var/lib/docker/volumes,fabric_peer0.irs3.kit.edu,peer,92732817,92732817,0
run_001,removal,removal_1772976211,remove-irs3-member1-1772976212,remove-irs3-member1-1772976212,28,removal_approved,reshare_started,2026-03-08T13:23:52.629102354Z,2026-03-08T13:23:52.828712Z,/var/lib/docker/volumes,fabric_peer1.irs3.kit.edu,other,92731391,92731391,0
run_001,removal,removal_1772976211,remove-irs3-member1-1772976212,remove-irs3-member1-1772976212,28,removal_approved,reshare_started,2026-03-08T13:23:52.629102354Z,2026-03-08T13:23:52.828712Z,/var/lib/docker/volumes,fabric_peer2.irs3.kit.edu,other,92732810,92732810,0
run_001,removal,removal_1772976211,remove-irs3-member1-1772976212,remove-irs3-member1-1772976212,28,removal_approved,reshare_started,2026-03-08T13:23:52.629102354Z,2026-03-08T13:23:52.828712Z,/var/lib/docker/volumes,fabric_peer3.irs3.kit.edu,other,92731388,92731388,0
run_001,removal,removal_1772976211,remove-irs3-member1-1772976212,remove-irs3-member1-1772976212,28,reshare_started,reshare_completed,2026-03-08T13:23:52.828712Z,2026-03-08T13:30:49.680800949Z,/var/lib/docker/volumes,07323924f55a40af409ae862fc14ab08f2d8c06ba282f174beb7e74ff5782926,other,NA,NA,
run_001,removal,removal_1772976211,remove-irs3-member1-1772976212,remove-irs3-member1-1772976212,28,reshare_started,reshare_completed,2026-03-08T13:23:52.828712Z,2026-03-08T13:30:49.680800949Z,/var/lib/docker/volumes,301473890dade69bfa0d19b444d1f0769b67a90d1197c166d84af2511e48f916,other,49770,49770,0
run_001,removal,removal_1772976211,remove-irs3-member1-1772976212,remove-irs3-member1-1772976212,28,reshare_started,reshare_completed,2026-03-08T13:23:52.828712Z,2026-03-08T13:30:49.680800949Z,/var/lib/docker/volumes,6b7bb91b53bcbfeb56b486bba478d97728a3c0004c18649976daaade961a2721,other,NA,NA,
run_001,removal,removal_1772976211,remove-irs3-member1-1772976212,remove-irs3-member1-1772976212,28,reshare_started,reshare_completed,2026-03-08T13:23:52.828712Z,2026-03-08T13:30:49.680800949Z,/var/lib/docker/volumes,791e62bfc17bf044236c3dcb5d77ec82610b27aa4d5f3c78aff2e2842f98f9ee,other,NA,NA,
run_001,removal,removal_1772976211,remove-irs3-member1-1772976212,remove-irs3-member1-1772976212,28,reshare_started,reshare_completed,2026-03-08T13:23:52.828712Z,2026-03-08T13:30:49.680800949Z,/var/lib/docker/volumes,86e46c7349c98bd170ab7467b42f5b1a8fcf1438535fca6ee74a0dcce3856102,other,NA,NA,
run_001,removal,removal_1772976211,remove-irs3-member1-1772976212,remove-irs3-member1-1772976212,28,reshare_started,reshare_completed,2026-03-08T13:23:52.828712Z,2026-03-08T13:30:49.680800949Z,/var/lib/docker/volumes,99ac8c723665556c954d288ca00335f1fae5493d384cb656ecf5a945cc9ae3b8,other,NA,NA,
run_001,removal,removal_1772976211,remove-irs3-member1-1772976212,remove-irs3-member1-1772976212,28,reshare_started,reshare_completed,2026-03-08T13:23:52.828712Z,2026-03-08T13:30:49.680800949Z,/var/lib/docker/volumes,ab96d922f06ec7a94f1b5200e75e480c9ed7eba86fbbe33b5cb9edbe031c6ea8,other,49770,49770,0
run_001,removal,removal_1772976211,remove-irs3-member1-1772976212,remove-irs3-member1-1772976212,28,reshare_started,reshare_completed,2026-03-08T13:23:52.828712Z,2026-03-08T13:30:49.680800949Z,/var/lib/docker/volumes,c58c4c31a22da439d2b7f591fd40cdcdd9bb8458f543e682f66d858083ef9ea8,other,NA,NA,
run_001,removal,removal_1772976211,remove-irs3-member1-1772976212,remove-irs3-member1-1772976212,28,reshare_started,reshare_completed,2026-03-08T13:23:52.828712Z,2026-03-08T13:30:49.680800949Z,/var/lib/docker/volumes,d9b7785a06954372515977133a1213437b80c5db1517196ca5e26134d3413ccf,other,NA,NA,
run_001,removal,removal_1772976211,remove-irs3-member1-1772976212,remove-irs3-member1-1772976212,28,reshare_started,reshare_completed,2026-03-08T13:23:52.828712Z,2026-03-08T13:30:49.680800949Z,/var/lib/docker/volumes,dfb0ca7b4b9cad4ec8515f6484cd89e2febfe10817782070636d5b3db6848438,other,NA,NA,
run_001,removal,removal_1772976211,remove-irs3-member1-1772976212,remove-irs3-member1-1772976212,28,reshare_started,reshare_completed,2026-03-08T13:23:52.828712Z,2026-03-08T13:30:49.680800949Z,/var/lib/docker/volumes,fabric_orderer.kit.edu,orderer,191938796,262795534,70856738
run_001,removal,removal_1772976211,remove-irs3-member1-1772976212,remove-irs3-member1-1772976212,28,reshare_started,reshare_completed,2026-03-08T13:23:52.828712Z,2026-03-08T13:30:49.680800949Z,/var/lib/docker/volumes,fabric_peer0.irs1.kit.edu,other,5006,5006,0
run_001,removal,removal_1772976211,remove-irs3-member1-1772976212,remove-irs3-member1-1772976212,28,reshare_started,reshare_completed,2026-03-08T13:23:52.828712Z,2026-03-08T13:30:49.680800949Z,/var/lib/docker/volumes,fabric_peer0.irs3.kit.edu,peer,92732817,100022687,7289870
run_001,removal,removal_1772976211,remove-irs3-member1-1772976212,remove-irs3-member1-1772976212,28,reshare_started,reshare_completed,2026-03-08T13:23:52.828712Z,2026-03-08T13:30:49.680800949Z,/var/lib/docker/volumes,fabric_peer1.irs3.kit.edu,other,92731391,100021261,7289870
run_001,removal,removal_1772976211,remove-irs3-member1-1772976212,remove-irs3-member1-1772976212,28,reshare_started,reshare_completed,2026-03-08T13:23:52.828712Z,2026-03-08T13:30:49.680800949Z,/var/lib/docker/volumes,fabric_peer2.irs3.kit.edu,other,92732810,100022680,7289870
run_001,removal,removal_1772976211,remove-irs3-member1-1772976212,remove-irs3-member1-1772976212,28,reshare_started,reshare_completed,2026-03-08T13:23:52.828712Z,2026-03-08T13:30:49.680800949Z,/var/lib/docker/volumes,fabric_peer3.irs3.kit.edu,other,92731388,100021258,7289870
run_001,removal,removal_1772976211,remove-irs3-member1-1772976212,remove-irs3-member1-1772976212,28,reshare_completed,operation_end,2026-03-08T13:30:49.680800949Z,2026-03-08T13:30:49.955717Z,/var/lib/docker/volumes,07323924f55a40af409ae862fc14ab08f2d8c06ba282f174beb7e74ff5782926,other,NA,NA,
run_001,removal,removal_1772976211,remove-irs3-member1-1772976212,remove-irs3-member1-1772976212,28,reshare_completed,operation_end,2026-03-08T13:30:49.680800949Z,2026-03-08T13:30:49.955717Z,/var/lib/docker/volumes,301473890dade69bfa0d19b444d1f0769b67a90d1197c166d84af2511e48f916,other,49770,49770,0
run_001,removal,removal_1772976211,remove-irs3-member1-1772976212,remove-irs3-member1-1772976212,28,reshare_completed,operation_end,2026-03-08T13:30:49.680800949Z,2026-03-08T13:30:49.955717Z,/var/lib/docker/volumes,6b7bb91b53bcbfeb56b486bba478d97728a3c0004c18649976daaade961a2721,other,NA,NA,
run_001,removal,removal_1772976211,remove-irs3-member1-1772976212,remove-irs3-member1-1772976212,28,reshare_completed,operation_end,2026-03-08T13:30:49.680800949Z,2026-03-08T13:30:49.955717Z,/var/lib/docker/volumes,791e62bfc17bf044236c3dcb5d77ec82610b27aa4d5f3c78aff2e2842f98f9ee,other,NA,NA,
run_001,removal,removal_1772976211,remove-irs3-member1-1772976212,remove-irs3-member1-1772976212,28,reshare_completed,operation_end,2026-03-08T13:30:49.680800949Z,2026-03-08T13:30:49.955717Z,/var/lib/docker/volumes,86e46c7349c98bd170ab7467b42f5b1a8fcf1438535fca6ee74a0dcce3856102,other,NA,NA,
run_001,removal,removal_1772976211,remove-irs3-member1-1772976212,remove-irs3-member1-1772976212,28,reshare_completed,operation_end,2026-03-08T13:30:49.680800949Z,2026-03-08T13:30:49.955717Z,/var/lib/docker/volumes,99ac8c723665556c954d288ca00335f1fae5493d384cb656ecf5a945cc9ae3b8,other,NA,NA,
run_001,removal,removal_1772976211,remove-irs3-member1-1772976212,remove-irs3-member1-1772976212,28,reshare_completed,operation_end,2026-03-08T13:30:49.680800949Z,2026-03-08T13:30:49.955717Z,/var/lib/docker/volumes,ab96d922f06ec7a94f1b5200e75e480c9ed7eba86fbbe33b5cb9edbe031c6ea8,other,49770,49770,0
run_001,removal,removal_1772976211,remove-irs3-member1-1772976212,remove-irs3-member1-1772976212,28,reshare_completed,operation_end,2026-03-08T13:30:49.680800949Z,2026-03-08T13:30:49.955717Z,/var/lib/docker/volumes,c58c4c31a22da439d2b7f591fd40cdcdd9bb8458f543e682f66d858083ef9ea8,other,NA,NA,
run_001,removal,removal_1772976211,remove-irs3-member1-1772976212,remove-irs3-member1-1772976212,28,reshare_completed,operation_end,2026-03-08T13:30:49.680800949Z,2026-03-08T13:30:49.955717Z,/var/lib/docker/volumes,d9b7785a06954372515977133a1213437b80c5db1517196ca5e26134d3413ccf,other,NA,NA,
run_001,removal,removal_1772976211,remove-irs3-member1-1772976212,remove-irs3-member1-1772976212,28,reshare_completed,operation_end,2026-03-08T13:30:49.680800949Z,2026-03-08T13:30:49.955717Z,/var/lib/docker/volumes,dfb0ca7b4b9cad4ec8515f6484cd89e2febfe10817782070636d5b3db6848438,other,NA,NA,
run_001,removal,removal_1772976211,remove-irs3-member1-1772976212,remove-irs3-member1-1772976212,28,reshare_completed,operation_end,2026-03-08T13:30:49.680800949Z,2026-03-08T13:30:49.955717Z,/var/lib/docker/volumes,fabric_orderer.kit.edu,orderer,262795534,262795534,0
run_001,removal,removal_1772976211,remove-irs3-member1-1772976212,remove-irs3-member1-1772976212,28,reshare_completed,operation_end,2026-03-08T13:30:49.680800949Z,2026-03-08T13:30:49.955717Z,/var/lib/docker/volumes,fabric_peer0.irs1.kit.edu,other,5006,5006,0
run_001,removal,removal_1772976211,remove-irs3-member1-1772976212,remove-irs3-member1-1772976212,28,reshare_completed,operation_end,2026-03-08T13:30:49.680800949Z,2026-03-08T13:30:49.955717Z,/var/lib/docker/volumes,fabric_peer0.irs3.kit.edu,peer,100022687,100022687,0
run_001,removal,removal_1772976211,remove-irs3-member1-1772976212,remove-irs3-member1-1772976212,28,reshare_completed,operation_end,2026-03-08T13:30:49.680800949Z,2026-03-08T13:30:49.955717Z,/var/lib/docker/volumes,fabric_peer1.irs3.kit.edu,other,100021261,100021261,0
run_001,removal,removal_1772976211,remove-irs3-member1-1772976212,remove-irs3-member1-1772976212,28,reshare_completed,operation_end,2026-03-08T13:30:49.680800949Z,2026-03-08T13:30:49.955717Z,/var/lib/docker/volumes,fabric_peer2.irs3.kit.edu,other,100022680,100022680,0
run_001,removal,removal_1772976211,remove-irs3-member1-1772976212,remove-irs3-member1-1772976212,28,reshare_completed,operation_end,2026-03-08T13:30:49.680800949Z,2026-03-08T13:30:49.955717Z,/var/lib/docker/volumes,fabric_peer3.irs3.kit.edu,other,100021258,100021258,0
run_001,join,join_1772976668,join-irs3-1772976668,join-irs3-1772976668,29,operation_start,join_submit_done,2026-03-08T13:31:08.732751Z,2026-03-08T13:31:11.180377Z,/var/lib/docker/volumes,07323924f55a40af409ae862fc14ab08f2d8c06ba282f174beb7e74ff5782926,other,NA,NA,
run_001,join,join_1772976668,join-irs3-1772976668,join-irs3-1772976668,29,operation_start,join_submit_done,2026-03-08T13:31:08.732751Z,2026-03-08T13:31:11.180377Z,/var/lib/docker/volumes,301473890dade69bfa0d19b444d1f0769b67a90d1197c166d84af2511e48f916,other,49770,49770,0
run_001,join,join_1772976668,join-irs3-1772976668,join-irs3-1772976668,29,operation_start,join_submit_done,2026-03-08T13:31:08.732751Z,2026-03-08T13:31:11.180377Z,/var/lib/docker/volumes,6b7bb91b53bcbfeb56b486bba478d97728a3c0004c18649976daaade961a2721,other,NA,NA,
run_001,join,join_1772976668,join-irs3-1772976668,join-irs3-1772976668,29,operation_start,join_submit_done,2026-03-08T13:31:08.732751Z,2026-03-08T13:31:11.180377Z,/var/lib/docker/volumes,791e62bfc17bf044236c3dcb5d77ec82610b27aa4d5f3c78aff2e2842f98f9ee,other,NA,NA,
run_001,join,join_1772976668,join-irs3-1772976668,join-irs3-1772976668,29,operation_start,join_submit_done,2026-03-08T13:31:08.732751Z,2026-03-08T13:31:11.180377Z,/var/lib/docker/volumes,86e46c7349c98bd170ab7467b42f5b1a8fcf1438535fca6ee74a0dcce3856102,other,NA,NA,
run_001,join,join_1772976668,join-irs3-1772976668,join-irs3-1772976668,29,operation_start,join_submit_done,2026-03-08T13:31:08.732751Z,2026-03-08T13:31:11.180377Z,/var/lib/docker/volumes,99ac8c723665556c954d288ca00335f1fae5493d384cb656ecf5a945cc9ae3b8,other,NA,NA,
run_001,join,join_1772976668,join-irs3-1772976668,join-irs3-1772976668,29,operation_start,join_submit_done,2026-03-08T13:31:08.732751Z,2026-03-08T13:31:11.180377Z,/var/lib/docker/volumes,ab96d922f06ec7a94f1b5200e75e480c9ed7eba86fbbe33b5cb9edbe031c6ea8,other,49770,49770,0
run_001,join,join_1772976668,join-irs3-1772976668,join-irs3-1772976668,29,operation_start,join_submit_done,2026-03-08T13:31:08.732751Z,2026-03-08T13:31:11.180377Z,/var/lib/docker/volumes,c58c4c31a22da439d2b7f591fd40cdcdd9bb8458f543e682f66d858083ef9ea8,other,NA,NA,
run_001,join,join_1772976668,join-irs3-1772976668,join-irs3-1772976668,29,operation_start,join_submit_done,2026-03-08T13:31:08.732751Z,2026-03-08T13:31:11.180377Z,/var/lib/docker/volumes,d9b7785a06954372515977133a1213437b80c5db1517196ca5e26134d3413ccf,other,NA,NA,
run_001,join,join_1772976668,join-irs3-1772976668,join-irs3-1772976668,29,operation_start,join_submit_done,2026-03-08T13:31:08.732751Z,2026-03-08T13:31:11.180377Z,/var/lib/docker/volumes,dfb0ca7b4b9cad4ec8515f6484cd89e2febfe10817782070636d5b3db6848438,other,NA,NA,
run_001,join,join_1772976668,join-irs3-1772976668,join-irs3-1772976668,29,operation_start,join_submit_done,2026-03-08T13:31:08.732751Z,2026-03-08T13:31:11.180377Z,/var/lib/docker/volumes,fabric_orderer.kit.edu,orderer,262795534,262804609,9075
run_001,join,join_1772976668,join-irs3-1772976668,join-irs3-1772976668,29,operation_start,join_submit_done,2026-03-08T13:31:08.732751Z,2026-03-08T13:31:11.180377Z,/var/lib/docker/volumes,fabric_peer0.irs1.kit.edu,other,5006,5006,0
run_001,join,join_1772976668,join-irs3-1772976668,join-irs3-1772976668,29,operation_start,join_submit_done,2026-03-08T13:31:08.732751Z,2026-03-08T13:31:11.180377Z,/var/lib/docker/volumes,fabric_peer0.irs3.kit.edu,peer,100022687,100033661,10974
run_001,join,join_1772976668,join-irs3-1772976668,join-irs3-1772976668,29,operation_start,join_submit_done,2026-03-08T13:31:08.732751Z,2026-03-08T13:31:11.180377Z,/var/lib/docker/volumes,fabric_peer1.irs3.kit.edu,other,100021261,100032235,10974
run_001,join,join_1772976668,join-irs3-1772976668,join-irs3-1772976668,29,operation_start,join_submit_done,2026-03-08T13:31:08.732751Z,2026-03-08T13:31:11.180377Z,/var/lib/docker/volumes,fabric_peer2.irs3.kit.edu,other,100022680,100033654,10974
run_001,join,join_1772976668,join-irs3-1772976668,join-irs3-1772976668,29,operation_start,join_submit_done,2026-03-08T13:31:08.732751Z,2026-03-08T13:31:11.180377Z,/var/lib/docker/volumes,fabric_peer3.irs3.kit.edu,other,100021258,100032232,10974
run_001,join,join_1772976668,join-irs3-1772976668,join-irs3-1772976668,29,join_submit_done,join_voted,2026-03-08T13:31:11.180377Z,2026-03-08T13:31:13.646791139Z,/var/lib/docker/volumes,07323924f55a40af409ae862fc14ab08f2d8c06ba282f174beb7e74ff5782926,other,NA,NA,
run_001,join,join_1772976668,join-irs3-1772976668,join-irs3-1772976668,29,join_submit_done,join_voted,2026-03-08T13:31:11.180377Z,2026-03-08T13:31:13.646791139Z,/var/lib/docker/volumes,301473890dade69bfa0d19b444d1f0769b67a90d1197c166d84af2511e48f916,other,49770,49770,0
run_001,join,join_1772976668,join-irs3-1772976668,join-irs3-1772976668,29,join_submit_done,join_voted,2026-03-08T13:31:11.180377Z,2026-03-08T13:31:13.646791139Z,/var/lib/docker/volumes,6b7bb91b53bcbfeb56b486bba478d97728a3c0004c18649976daaade961a2721,other,NA,NA,
run_001,join,join_1772976668,join-irs3-1772976668,join-irs3-1772976668,29,join_submit_done,join_voted,2026-03-08T13:31:11.180377Z,2026-03-08T13:31:13.646791139Z,/var/lib/docker/volumes,791e62bfc17bf044236c3dcb5d77ec82610b27aa4d5f3c78aff2e2842f98f9ee,other,NA,NA,
run_001,join,join_1772976668,join-irs3-1772976668,join-irs3-1772976668,29,join_submit_done,join_voted,2026-03-08T13:31:11.180377Z,2026-03-08T13:31:13.646791139Z,/var/lib/docker/volumes,86e46c7349c98bd170ab7467b42f5b1a8fcf1438535fca6ee74a0dcce3856102,other,NA,NA,
run_001,join,join_1772976668,join-irs3-1772976668,join-irs3-1772976668,29,join_submit_done,join_voted,2026-03-08T13:31:11.180377Z,2026-03-08T13:31:13.646791139Z,/var/lib/docker/volumes,99ac8c723665556c954d288ca00335f1fae5493d384cb656ecf5a945cc9ae3b8,other,NA,NA,
run_001,join,join_1772976668,join-irs3-1772976668,join-irs3-1772976668,29,join_submit_done,join_voted,2026-03-08T13:31:11.180377Z,2026-03-08T13:31:13.646791139Z,/var/lib/docker/volumes,ab96d922f06ec7a94f1b5200e75e480c9ed7eba86fbbe33b5cb9edbe031c6ea8,other,49770,49770,0
run_001,join,join_1772976668,join-irs3-1772976668,join-irs3-1772976668,29,join_submit_done,join_voted,2026-03-08T13:31:11.180377Z,2026-03-08T13:31:13.646791139Z,/var/lib/docker/volumes,c58c4c31a22da439d2b7f591fd40cdcdd9bb8458f543e682f66d858083ef9ea8,other,NA,NA,
run_001,join,join_1772976668,join-irs3-1772976668,join-irs3-1772976668,29,join_submit_done,join_voted,2026-03-08T13:31:11.180377Z,2026-03-08T13:31:13.646791139Z,/var/lib/docker/volumes,d9b7785a06954372515977133a1213437b80c5db1517196ca5e26134d3413ccf,other,NA,NA,
run_001,join,join_1772976668,join-irs3-1772976668,join-irs3-1772976668,29,join_submit_done,join_voted,2026-03-08T13:31:11.180377Z,2026-03-08T13:31:13.646791139Z,/var/lib/docker/volumes,dfb0ca7b4b9cad4ec8515f6484cd89e2febfe10817782070636d5b3db6848438,other,NA,NA,
run_001,join,join_1772976668,join-irs3-1772976668,join-irs3-1772976668,29,join_submit_done,join_voted,2026-03-08T13:31:11.180377Z,2026-03-08T13:31:13.646791139Z,/var/lib/docker/volumes,fabric_orderer.kit.edu,orderer,262804609,262869650,65041
run_001,join,join_1772976668,join-irs3-1772976668,join-irs3-1772976668,29,join_submit_done,join_voted,2026-03-08T13:31:11.180377Z,2026-03-08T13:31:13.646791139Z,/var/lib/docker/volumes,fabric_peer0.irs1.kit.edu,other,5006,5006,0
run_001,join,join_1772976668,join-irs3-1772976668,join-irs3-1772976668,29,join_submit_done,join_voted,2026-03-08T13:31:11.180377Z,2026-03-08T13:31:13.646791139Z,/var/lib/docker/volumes,fabric_peer0.irs3.kit.edu,peer,100033661,100102479,68818
run_001,join,join_1772976668,join-irs3-1772976668,join-irs3-1772976668,29,join_submit_done,join_voted,2026-03-08T13:31:11.180377Z,2026-03-08T13:31:13.646791139Z,/var/lib/docker/volumes,fabric_peer1.irs3.kit.edu,other,100032235,100101053,68818
run_001,join,join_1772976668,join-irs3-1772976668,join-irs3-1772976668,29,join_submit_done,join_voted,2026-03-08T13:31:11.180377Z,2026-03-08T13:31:13.646791139Z,/var/lib/docker/volumes,fabric_peer2.irs3.kit.edu,other,100033654,100102472,68818
run_001,join,join_1772976668,join-irs3-1772976668,join-irs3-1772976668,29,join_submit_done,join_voted,2026-03-08T13:31:11.180377Z,2026-03-08T13:31:13.646791139Z,/var/lib/docker/volumes,fabric_peer3.irs3.kit.edu,other,100032232,100101050,68818
run_001,join,join_1772976668,join-irs3-1772976668,join-irs3-1772976668,29,join_voted,join_approved,2026-03-08T13:31:13.646791139Z,2026-03-08T13:31:33.987963601Z,/var/lib/docker/volumes,07323924f55a40af409ae862fc14ab08f2d8c06ba282f174beb7e74ff5782926,other,NA,NA,
run_001,join,join_1772976668,join-irs3-1772976668,join-irs3-1772976668,29,join_voted,join_approved,2026-03-08T13:31:13.646791139Z,2026-03-08T13:31:33.987963601Z,/var/lib/docker/volumes,301473890dade69bfa0d19b444d1f0769b67a90d1197c166d84af2511e48f916,other,49770,49770,0
run_001,join,join_1772976668,join-irs3-1772976668,join-irs3-1772976668,29,join_voted,join_approved,2026-03-08T13:31:13.646791139Z,2026-03-08T13:31:33.987963601Z,/var/lib/docker/volumes,6b7bb91b53bcbfeb56b486bba478d97728a3c0004c18649976daaade961a2721,other,NA,NA,
run_001,join,join_1772976668,join-irs3-1772976668,join-irs3-1772976668,29,join_voted,join_approved,2026-03-08T13:31:13.646791139Z,2026-03-08T13:31:33.987963601Z,/var/lib/docker/volumes,791e62bfc17bf044236c3dcb5d77ec82610b27aa4d5f3c78aff2e2842f98f9ee,other,NA,NA,
run_001,join,join_1772976668,join-irs3-1772976668,join-irs3-1772976668,29,join_voted,join_approved,2026-03-08T13:31:13.646791139Z,2026-03-08T13:31:33.987963601Z,/var/lib/docker/volumes,86e46c7349c98bd170ab7467b42f5b1a8fcf1438535fca6ee74a0dcce3856102,other,NA,NA,
run_001,join,join_1772976668,join-irs3-1772976668,join-irs3-1772976668,29,join_voted,join_approved,2026-03-08T13:31:13.646791139Z,2026-03-08T13:31:33.987963601Z,/var/lib/docker/volumes,99ac8c723665556c954d288ca00335f1fae5493d384cb656ecf5a945cc9ae3b8,other,NA,NA,
run_001,join,join_1772976668,join-irs3-1772976668,join-irs3-1772976668,29,join_voted,join_approved,2026-03-08T13:31:13.646791139Z,2026-03-08T13:31:33.987963601Z,/var/lib/docker/volumes,ab96d922f06ec7a94f1b5200e75e480c9ed7eba86fbbe33b5cb9edbe031c6ea8,other,49770,49770,0
run_001,join,join_1772976668,join-irs3-1772976668,join-irs3-1772976668,29,join_voted,join_approved,2026-03-08T13:31:13.646791139Z,2026-03-08T13:31:33.987963601Z,/var/lib/docker/volumes,c58c4c31a22da439d2b7f591fd40cdcdd9bb8458f543e682f66d858083ef9ea8,other,NA,NA,
run_001,join,join_1772976668,join-irs3-1772976668,join-irs3-1772976668,29,join_voted,join_approved,2026-03-08T13:31:13.646791139Z,2026-03-08T13:31:33.987963601Z,/var/lib/docker/volumes,d9b7785a06954372515977133a1213437b80c5db1517196ca5e26134d3413ccf,other,NA,NA,
run_001,join,join_1772976668,join-irs3-1772976668,join-irs3-1772976668,29,join_voted,join_approved,2026-03-08T13:31:13.646791139Z,2026-03-08T13:31:33.987963601Z,/var/lib/docker/volumes,dfb0ca7b4b9cad4ec8515f6484cd89e2febfe10817782070636d5b3db6848438,other,NA,NA,
run_001,join,join_1772976668,join-irs3-1772976668,join-irs3-1772976668,29,join_voted,join_approved,2026-03-08T13:31:13.646791139Z,2026-03-08T13:31:33.987963601Z,/var/lib/docker/volumes,fabric_orderer.kit.edu,orderer,262869650,263626932,757282
run_001,join,join_1772976668,join-irs3-1772976668,join-irs3-1772976668,29,join_voted,join_approved,2026-03-08T13:31:13.646791139Z,2026-03-08T13:31:33.987963601Z,/var/lib/docker/volumes,fabric_peer0.irs1.kit.edu,other,5006,5006,0
run_001,join,join_1772976668,join-irs3-1772976668,join-irs3-1772976668,29,join_voted,join_approved,2026-03-08T13:31:13.646791139Z,2026-03-08T13:31:33.987963601Z,/var/lib/docker/volumes,fabric_peer0.irs3.kit.edu,peer,100102479,100914069,811590
run_001,join,join_1772976668,join-irs3-1772976668,join-irs3-1772976668,29,join_voted,join_approved,2026-03-08T13:31:13.646791139Z,2026-03-08T13:31:33.987963601Z,/var/lib/docker/volumes,fabric_peer1.irs3.kit.edu,other,100101053,100912643,811590
run_001,join,join_1772976668,join-irs3-1772976668,join-irs3-1772976668,29,join_voted,join_approved,2026-03-08T13:31:13.646791139Z,2026-03-08T13:31:33.987963601Z,/var/lib/docker/volumes,fabric_peer2.irs3.kit.edu,other,100102472,100914062,811590
run_001,join,join_1772976668,join-irs3-1772976668,join-irs3-1772976668,29,join_voted,join_approved,2026-03-08T13:31:13.646791139Z,2026-03-08T13:31:33.987963601Z,/var/lib/docker/volumes,fabric_peer3.irs3.kit.edu,other,100101050,100912640,811590
run_001,join,join_1772976668,join-irs3-1772976668,join-irs3-1772976668,29,join_approved,reshare_started,2026-03-08T13:31:33.987963601Z,2026-03-08T13:31:35.783281Z,/var/lib/docker/volumes,07323924f55a40af409ae862fc14ab08f2d8c06ba282f174beb7e74ff5782926,other,NA,NA,
run_001,join,join_1772976668,join-irs3-1772976668,join-irs3-1772976668,29,join_approved,reshare_started,2026-03-08T13:31:33.987963601Z,2026-03-08T13:31:35.783281Z,/var/lib/docker/volumes,301473890dade69bfa0d19b444d1f0769b67a90d1197c166d84af2511e48f916,other,49770,49770,0
run_001,join,join_1772976668,join-irs3-1772976668,join-irs3-1772976668,29,join_approved,reshare_started,2026-03-08T13:31:33.987963601Z,2026-03-08T13:31:35.783281Z,/var/lib/docker/volumes,6b7bb91b53bcbfeb56b486bba478d97728a3c0004c18649976daaade961a2721,other,NA,NA,
run_001,join,join_1772976668,join-irs3-1772976668,join-irs3-1772976668,29,join_approved,reshare_started,2026-03-08T13:31:33.987963601Z,2026-03-08T13:31:35.783281Z,/var/lib/docker/volumes,791e62bfc17bf044236c3dcb5d77ec82610b27aa4d5f3c78aff2e2842f98f9ee,other,NA,NA,
run_001,join,join_1772976668,join-irs3-1772976668,join-irs3-1772976668,29,join_approved,reshare_started,2026-03-08T13:31:33.987963601Z,2026-03-08T13:31:35.783281Z,/var/lib/docker/volumes,86e46c7349c98bd170ab7467b42f5b1a8fcf1438535fca6ee74a0dcce3856102,other,NA,NA,
run_001,join,join_1772976668,join-irs3-1772976668,join-irs3-1772976668,29,join_approved,reshare_started,2026-03-08T13:31:33.987963601Z,2026-03-08T13:31:35.783281Z,/var/lib/docker/volumes,99ac8c723665556c954d288ca00335f1fae5493d384cb656ecf5a945cc9ae3b8,other,NA,NA,
run_001,join,join_1772976668,join-irs3-1772976668,join-irs3-1772976668,29,join_approved,reshare_started,2026-03-08T13:31:33.987963601Z,2026-03-08T13:31:35.783281Z,/var/lib/docker/volumes,ab96d922f06ec7a94f1b5200e75e480c9ed7eba86fbbe33b5cb9edbe031c6ea8,other,49770,49770,0
run_001,join,join_1772976668,join-irs3-1772976668,join-irs3-1772976668,29,join_approved,reshare_started,2026-03-08T13:31:33.987963601Z,2026-03-08T13:31:35.783281Z,/var/lib/docker/volumes,c58c4c31a22da439d2b7f591fd40cdcdd9bb8458f543e682f66d858083ef9ea8,other,NA,NA,
run_001,join,join_1772976668,join-irs3-1772976668,join-irs3-1772976668,29,join_approved,reshare_started,2026-03-08T13:31:33.987963601Z,2026-03-08T13:31:35.783281Z,/var/lib/docker/volumes,d9b7785a06954372515977133a1213437b80c5db1517196ca5e26134d3413ccf,other,NA,NA,
run_001,join,join_1772976668,join-irs3-1772976668,join-irs3-1772976668,29,join_approved,reshare_started,2026-03-08T13:31:33.987963601Z,2026-03-08T13:31:35.783281Z,/var/lib/docker/volumes,dfb0ca7b4b9cad4ec8515f6484cd89e2febfe10817782070636d5b3db6848438,other,NA,NA,
run_001,join,join_1772976668,join-irs3-1772976668,join-irs3-1772976668,29,join_approved,reshare_started,2026-03-08T13:31:33.987963601Z,2026-03-08T13:31:35.783281Z,/var/lib/docker/volumes,fabric_orderer.kit.edu,orderer,263626932,263626932,0
run_001,join,join_1772976668,join-irs3-1772976668,join-irs3-1772976668,29,join_approved,reshare_started,2026-03-08T13:31:33.987963601Z,2026-03-08T13:31:35.783281Z,/var/lib/docker/volumes,fabric_peer0.irs1.kit.edu,other,5006,5006,0
run_001,join,join_1772976668,join-irs3-1772976668,join-irs3-1772976668,29,join_approved,reshare_started,2026-03-08T13:31:33.987963601Z,2026-03-08T13:31:35.783281Z,/var/lib/docker/volumes,fabric_peer0.irs3.kit.edu,peer,100914069,100914069,0
run_001,join,join_1772976668,join-irs3-1772976668,join-irs3-1772976668,29,join_approved,reshare_started,2026-03-08T13:31:33.987963601Z,2026-03-08T13:31:35.783281Z,/var/lib/docker/volumes,fabric_peer1.irs3.kit.edu,other,100912643,100912643,0
run_001,join,join_1772976668,join-irs3-1772976668,join-irs3-1772976668,29,join_approved,reshare_started,2026-03-08T13:31:33.987963601Z,2026-03-08T13:31:35.783281Z,/var/lib/docker/volumes,fabric_peer2.irs3.kit.edu,other,100914062,100914062,0
run_001,join,join_1772976668,join-irs3-1772976668,join-irs3-1772976668,29,join_approved,reshare_started,2026-03-08T13:31:33.987963601Z,2026-03-08T13:31:35.783281Z,/var/lib/docker/volumes,fabric_peer3.irs3.kit.edu,other,100912640,100912640,0
run_001,join,join_1772976668,join-irs3-1772976668,join-irs3-1772976668,29,reshare_started,reshare_completed,2026-03-08T13:31:35.783281Z,2026-03-08T13:35:29.987785915Z,/var/lib/docker/volumes,07323924f55a40af409ae862fc14ab08f2d8c06ba282f174beb7e74ff5782926,other,NA,NA,
run_001,join,join_1772976668,join-irs3-1772976668,join-irs3-1772976668,29,reshare_started,reshare_completed,2026-03-08T13:31:35.783281Z,2026-03-08T13:35:29.987785915Z,/var/lib/docker/volumes,301473890dade69bfa0d19b444d1f0769b67a90d1197c166d84af2511e48f916,other,49770,49770,0
run_001,join,join_1772976668,join-irs3-1772976668,join-irs3-1772976668,29,reshare_started,reshare_completed,2026-03-08T13:31:35.783281Z,2026-03-08T13:35:29.987785915Z,/var/lib/docker/volumes,6b7bb91b53bcbfeb56b486bba478d97728a3c0004c18649976daaade961a2721,other,NA,NA,
run_001,join,join_1772976668,join-irs3-1772976668,join-irs3-1772976668,29,reshare_started,reshare_completed,2026-03-08T13:31:35.783281Z,2026-03-08T13:35:29.987785915Z,/var/lib/docker/volumes,791e62bfc17bf044236c3dcb5d77ec82610b27aa4d5f3c78aff2e2842f98f9ee,other,NA,NA,
run_001,join,join_1772976668,join-irs3-1772976668,join-irs3-1772976668,29,reshare_started,reshare_completed,2026-03-08T13:31:35.783281Z,2026-03-08T13:35:29.987785915Z,/var/lib/docker/volumes,86e46c7349c98bd170ab7467b42f5b1a8fcf1438535fca6ee74a0dcce3856102,other,NA,NA,
run_001,join,join_1772976668,join-irs3-1772976668,join-irs3-1772976668,29,reshare_started,reshare_completed,2026-03-08T13:31:35.783281Z,2026-03-08T13:35:29.987785915Z,/var/lib/docker/volumes,99ac8c723665556c954d288ca00335f1fae5493d384cb656ecf5a945cc9ae3b8,other,NA,NA,
run_001,join,join_1772976668,join-irs3-1772976668,join-irs3-1772976668,29,reshare_started,reshare_completed,2026-03-08T13:31:35.783281Z,2026-03-08T13:35:29.987785915Z,/var/lib/docker/volumes,ab96d922f06ec7a94f1b5200e75e480c9ed7eba86fbbe33b5cb9edbe031c6ea8,other,49770,49770,0
run_001,join,join_1772976668,join-irs3-1772976668,join-irs3-1772976668,29,reshare_started,reshare_completed,2026-03-08T13:31:35.783281Z,2026-03-08T13:35:29.987785915Z,/var/lib/docker/volumes,c58c4c31a22da439d2b7f591fd40cdcdd9bb8458f543e682f66d858083ef9ea8,other,NA,NA,
run_001,join,join_1772976668,join-irs3-1772976668,join-irs3-1772976668,29,reshare_started,reshare_completed,2026-03-08T13:31:35.783281Z,2026-03-08T13:35:29.987785915Z,/var/lib/docker/volumes,d9b7785a06954372515977133a1213437b80c5db1517196ca5e26134d3413ccf,other,NA,NA,
run_001,join,join_1772976668,join-irs3-1772976668,join-irs3-1772976668,29,reshare_started,reshare_completed,2026-03-08T13:31:35.783281Z,2026-03-08T13:35:29.987785915Z,/var/lib/docker/volumes,dfb0ca7b4b9cad4ec8515f6484cd89e2febfe10817782070636d5b3db6848438,other,NA,NA,
run_001,join,join_1772976668,join-irs3-1772976668,join-irs3-1772976668,29,reshare_started,reshare_completed,2026-03-08T13:31:35.783281Z,2026-03-08T13:35:29.987785915Z,/var/lib/docker/volumes,fabric_orderer.kit.edu,orderer,263626932,265266060,1639128
run_001,join,join_1772976668,join-irs3-1772976668,join-irs3-1772976668,29,reshare_started,reshare_completed,2026-03-08T13:31:35.783281Z,2026-03-08T13:35:29.987785915Z,/var/lib/docker/volumes,fabric_peer0.irs1.kit.edu,other,5006,5006,0
run_001,join,join_1772976668,join-irs3-1772976668,join-irs3-1772976668,29,reshare_started,reshare_completed,2026-03-08T13:31:35.783281Z,2026-03-08T13:35:29.987785915Z,/var/lib/docker/volumes,fabric_peer0.irs3.kit.edu,peer,100914069,102761934,1847865
run_001,join,join_1772976668,join-irs3-1772976668,join-irs3-1772976668,29,reshare_started,reshare_completed,2026-03-08T13:31:35.783281Z,2026-03-08T13:35:29.987785915Z,/var/lib/docker/volumes,fabric_peer1.irs3.kit.edu,other,100912643,102760508,1847865
run_001,join,join_1772976668,join-irs3-1772976668,join-irs3-1772976668,29,reshare_started,reshare_completed,2026-03-08T13:31:35.783281Z,2026-03-08T13:35:29.987785915Z,/var/lib/docker/volumes,fabric_peer2.irs3.kit.edu,other,100914062,102761927,1847865
run_001,join,join_1772976668,join-irs3-1772976668,join-irs3-1772976668,29,reshare_started,reshare_completed,2026-03-08T13:31:35.783281Z,2026-03-08T13:35:29.987785915Z,/var/lib/docker/volumes,fabric_peer3.irs3.kit.edu,other,100912640,102760505,1847865
run_001,join,join_1772976668,join-irs3-1772976668,join-irs3-1772976668,29,reshare_completed,operation_end,2026-03-08T13:35:29.987785915Z,2026-03-08T13:36:23.098914Z,/var/lib/docker/volumes,07323924f55a40af409ae862fc14ab08f2d8c06ba282f174beb7e74ff5782926,other,NA,NA,
run_001,join,join_1772976668,join-irs3-1772976668,join-irs3-1772976668,29,reshare_completed,operation_end,2026-03-08T13:35:29.987785915Z,2026-03-08T13:36:23.098914Z,/var/lib/docker/volumes,301473890dade69bfa0d19b444d1f0769b67a90d1197c166d84af2511e48f916,other,49770,49770,0
run_001,join,join_1772976668,join-irs3-1772976668,join-irs3-1772976668,29,reshare_completed,operation_end,2026-03-08T13:35:29.987785915Z,2026-03-08T13:36:23.098914Z,/var/lib/docker/volumes,6b7bb91b53bcbfeb56b486bba478d97728a3c0004c18649976daaade961a2721,other,NA,NA,
run_001,join,join_1772976668,join-irs3-1772976668,join-irs3-1772976668,29,reshare_completed,operation_end,2026-03-08T13:35:29.987785915Z,2026-03-08T13:36:23.098914Z,/var/lib/docker/volumes,791e62bfc17bf044236c3dcb5d77ec82610b27aa4d5f3c78aff2e2842f98f9ee,other,NA,NA,
run_001,join,join_1772976668,join-irs3-1772976668,join-irs3-1772976668,29,reshare_completed,operation_end,2026-03-08T13:35:29.987785915Z,2026-03-08T13:36:23.098914Z,/var/lib/docker/volumes,86e46c7349c98bd170ab7467b42f5b1a8fcf1438535fca6ee74a0dcce3856102,other,NA,NA,
run_001,join,join_1772976668,join-irs3-1772976668,join-irs3-1772976668,29,reshare_completed,operation_end,2026-03-08T13:35:29.987785915Z,2026-03-08T13:36:23.098914Z,/var/lib/docker/volumes,99ac8c723665556c954d288ca00335f1fae5493d384cb656ecf5a945cc9ae3b8,other,NA,NA,
run_001,join,join_1772976668,join-irs3-1772976668,join-irs3-1772976668,29,reshare_completed,operation_end,2026-03-08T13:35:29.987785915Z,2026-03-08T13:36:23.098914Z,/var/lib/docker/volumes,ab96d922f06ec7a94f1b5200e75e480c9ed7eba86fbbe33b5cb9edbe031c6ea8,other,49770,49770,0
run_001,join,join_1772976668,join-irs3-1772976668,join-irs3-1772976668,29,reshare_completed,operation_end,2026-03-08T13:35:29.987785915Z,2026-03-08T13:36:23.098914Z,/var/lib/docker/volumes,c58c4c31a22da439d2b7f591fd40cdcdd9bb8458f543e682f66d858083ef9ea8,other,NA,NA,
run_001,join,join_1772976668,join-irs3-1772976668,join-irs3-1772976668,29,reshare_completed,operation_end,2026-03-08T13:35:29.987785915Z,2026-03-08T13:36:23.098914Z,/var/lib/docker/volumes,d9b7785a06954372515977133a1213437b80c5db1517196ca5e26134d3413ccf,other,NA,NA,
run_001,join,join_1772976668,join-irs3-1772976668,join-irs3-1772976668,29,reshare_completed,operation_end,2026-03-08T13:35:29.987785915Z,2026-03-08T13:36:23.098914Z,/var/lib/docker/volumes,dfb0ca7b4b9cad4ec8515f6484cd89e2febfe10817782070636d5b3db6848438,other,NA,NA,
run_001,join,join_1772976668,join-irs3-1772976668,join-irs3-1772976668,29,reshare_completed,operation_end,2026-03-08T13:35:29.987785915Z,2026-03-08T13:36:23.098914Z,/var/lib/docker/volumes,fabric_orderer.kit.edu,orderer,265266060,269965106,4699046
run_001,join,join_1772976668,join-irs3-1772976668,join-irs3-1772976668,29,reshare_completed,operation_end,2026-03-08T13:35:29.987785915Z,2026-03-08T13:36:23.098914Z,/var/lib/docker/volumes,fabric_peer0.irs1.kit.edu,other,5006,5006,0
run_001,join,join_1772976668,join-irs3-1772976668,join-irs3-1772976668,29,reshare_completed,operation_end,2026-03-08T13:35:29.987785915Z,2026-03-08T13:36:23.098914Z,/var/lib/docker/volumes,fabric_peer0.irs3.kit.edu,peer,102761934,107852905,5090971
run_001,join,join_1772976668,join-irs3-1772976668,join-irs3-1772976668,29,reshare_completed,operation_end,2026-03-08T13:35:29.987785915Z,2026-03-08T13:36:23.098914Z,/var/lib/docker/volumes,fabric_peer1.irs3.kit.edu,other,102760508,107851479,5090971
run_001,join,join_1772976668,join-irs3-1772976668,join-irs3-1772976668,29,reshare_completed,operation_end,2026-03-08T13:35:29.987785915Z,2026-03-08T13:36:23.098914Z,/var/lib/docker/volumes,fabric_peer2.irs3.kit.edu,other,102761927,107852898,5090971
run_001,join,join_1772976668,join-irs3-1772976668,join-irs3-1772976668,29,reshare_completed,operation_end,2026-03-08T13:35:29.987785915Z,2026-03-08T13:36:23.098914Z,/var/lib/docker/volumes,fabric_peer3.irs3.kit.edu,other,102760505,107851476,5090971
run_002,csr,csr_1772976991,csr-irs3-1772976991,csr-irs3-1772976991,,operation_start,csr_submit_done,2026-03-08T13:36:31.129477Z,2026-03-08T13:36:33.473781Z,/var/lib/docker/volumes,07323924f55a40af409ae862fc14ab08f2d8c06ba282f174beb7e74ff5782926,other,NA,NA,
run_002,csr,csr_1772976991,csr-irs3-1772976991,csr-irs3-1772976991,,operation_start,csr_submit_done,2026-03-08T13:36:31.129477Z,2026-03-08T13:36:33.473781Z,/var/lib/docker/volumes,301473890dade69bfa0d19b444d1f0769b67a90d1197c166d84af2511e48f916,other,49770,49770,0
run_002,csr,csr_1772976991,csr-irs3-1772976991,csr-irs3-1772976991,,operation_start,csr_submit_done,2026-03-08T13:36:31.129477Z,2026-03-08T13:36:33.473781Z,/var/lib/docker/volumes,6b7bb91b53bcbfeb56b486bba478d97728a3c0004c18649976daaade961a2721,other,NA,NA,
run_002,csr,csr_1772976991,csr-irs3-1772976991,csr-irs3-1772976991,,operation_start,csr_submit_done,2026-03-08T13:36:31.129477Z,2026-03-08T13:36:33.473781Z,/var/lib/docker/volumes,791e62bfc17bf044236c3dcb5d77ec82610b27aa4d5f3c78aff2e2842f98f9ee,other,NA,NA,
run_002,csr,csr_1772976991,csr-irs3-1772976991,csr-irs3-1772976991,,operation_start,csr_submit_done,2026-03-08T13:36:31.129477Z,2026-03-08T13:36:33.473781Z,/var/lib/docker/volumes,86e46c7349c98bd170ab7467b42f5b1a8fcf1438535fca6ee74a0dcce3856102,other,NA,NA,
run_002,csr,csr_1772976991,csr-irs3-1772976991,csr-irs3-1772976991,,operation_start,csr_submit_done,2026-03-08T13:36:31.129477Z,2026-03-08T13:36:33.473781Z,/var/lib/docker/volumes,99ac8c723665556c954d288ca00335f1fae5493d384cb656ecf5a945cc9ae3b8,other,NA,NA,
run_002,csr,csr_1772976991,csr-irs3-1772976991,csr-irs3-1772976991,,operation_start,csr_submit_done,2026-03-08T13:36:31.129477Z,2026-03-08T13:36:33.473781Z,/var/lib/docker/volumes,ab96d922f06ec7a94f1b5200e75e480c9ed7eba86fbbe33b5cb9edbe031c6ea8,other,49770,49770,0
run_002,csr,csr_1772976991,csr-irs3-1772976991,csr-irs3-1772976991,,operation_start,csr_submit_done,2026-03-08T13:36:31.129477Z,2026-03-08T13:36:33.473781Z,/var/lib/docker/volumes,c58c4c31a22da439d2b7f591fd40cdcdd9bb8458f543e682f66d858083ef9ea8,other,NA,NA,
run_002,csr,csr_1772976991,csr-irs3-1772976991,csr-irs3-1772976991,,operation_start,csr_submit_done,2026-03-08T13:36:31.129477Z,2026-03-08T13:36:33.473781Z,/var/lib/docker/volumes,d9b7785a06954372515977133a1213437b80c5db1517196ca5e26134d3413ccf,other,NA,NA,
run_002,csr,csr_1772976991,csr-irs3-1772976991,csr-irs3-1772976991,,operation_start,csr_submit_done,2026-03-08T13:36:31.129477Z,2026-03-08T13:36:33.473781Z,/var/lib/docker/volumes,dfb0ca7b4b9cad4ec8515f6484cd89e2febfe10817782070636d5b3db6848438,other,NA,NA,
run_002,csr,csr_1772976991,csr-irs3-1772976991,csr-irs3-1772976991,,operation_start,csr_submit_done,2026-03-08T13:36:31.129477Z,2026-03-08T13:36:33.473781Z,/var/lib/docker/volumes,fabric_orderer.kit.edu,orderer,269965106,269973671,8565
run_002,csr,csr_1772976991,csr-irs3-1772976991,csr-irs3-1772976991,,operation_start,csr_submit_done,2026-03-08T13:36:31.129477Z,2026-03-08T13:36:33.473781Z,/var/lib/docker/volumes,fabric_peer0.irs1.kit.edu,other,5006,5006,0
run_002,csr,csr_1772976991,csr-irs3-1772976991,csr-irs3-1772976991,,operation_start,csr_submit_done,2026-03-08T13:36:31.129477Z,2026-03-08T13:36:33.473781Z,/var/lib/docker/volumes,fabric_peer0.irs3.kit.edu,peer,107852905,107863618,10713
run_002,csr,csr_1772976991,csr-irs3-1772976991,csr-irs3-1772976991,,operation_start,csr_submit_done,2026-03-08T13:36:31.129477Z,2026-03-08T13:36:33.473781Z,/var/lib/docker/volumes,fabric_peer1.irs3.kit.edu,other,107851479,107862192,10713
run_002,csr,csr_1772976991,csr-irs3-1772976991,csr-irs3-1772976991,,operation_start,csr_submit_done,2026-03-08T13:36:31.129477Z,2026-03-08T13:36:33.473781Z,/var/lib/docker/volumes,fabric_peer2.irs3.kit.edu,other,107852898,107863611,10713
run_002,csr,csr_1772976991,csr-irs3-1772976991,csr-irs3-1772976991,,operation_start,csr_submit_done,2026-03-08T13:36:31.129477Z,2026-03-08T13:36:33.473781Z,/var/lib/docker/volumes,fabric_peer3.irs3.kit.edu,other,107851476,107862189,10713
run_002,csr,csr_1772976991,csr-irs3-1772976991,csr-irs3-1772976991,,csr_submit_done,csr_voted,2026-03-08T13:36:33.473781Z,2026-03-08T13:36:36.088860236Z,/var/lib/docker/volumes,07323924f55a40af409ae862fc14ab08f2d8c06ba282f174beb7e74ff5782926,other,NA,NA,
run_002,csr,csr_1772976991,csr-irs3-1772976991,csr-irs3-1772976991,,csr_submit_done,csr_voted,2026-03-08T13:36:33.473781Z,2026-03-08T13:36:36.088860236Z,/var/lib/docker/volumes,301473890dade69bfa0d19b444d1f0769b67a90d1197c166d84af2511e48f916,other,49770,49770,0
run_002,csr,csr_1772976991,csr-irs3-1772976991,csr-irs3-1772976991,,csr_submit_done,csr_voted,2026-03-08T13:36:33.473781Z,2026-03-08T13:36:36.088860236Z,/var/lib/docker/volumes,6b7bb91b53bcbfeb56b486bba478d97728a3c0004c18649976daaade961a2721,other,NA,NA,
run_002,csr,csr_1772976991,csr-irs3-1772976991,csr-irs3-1772976991,,csr_submit_done,csr_voted,2026-03-08T13:36:33.473781Z,2026-03-08T13:36:36.088860236Z,/var/lib/docker/volumes,791e62bfc17bf044236c3dcb5d77ec82610b27aa4d5f3c78aff2e2842f98f9ee,other,NA,NA,
run_002,csr,csr_1772976991,csr-irs3-1772976991,csr-irs3-1772976991,,csr_submit_done,csr_voted,2026-03-08T13:36:33.473781Z,2026-03-08T13:36:36.088860236Z,/var/lib/docker/volumes,86e46c7349c98bd170ab7467b42f5b1a8fcf1438535fca6ee74a0dcce3856102,other,NA,NA,
run_002,csr,csr_1772976991,csr-irs3-1772976991,csr-irs3-1772976991,,csr_submit_done,csr_voted,2026-03-08T13:36:33.473781Z,2026-03-08T13:36:36.088860236Z,/var/lib/docker/volumes,99ac8c723665556c954d288ca00335f1fae5493d384cb656ecf5a945cc9ae3b8,other,NA,NA,
run_002,csr,csr_1772976991,csr-irs3-1772976991,csr-irs3-1772976991,,csr_submit_done,csr_voted,2026-03-08T13:36:33.473781Z,2026-03-08T13:36:36.088860236Z,/var/lib/docker/volumes,ab96d922f06ec7a94f1b5200e75e480c9ed7eba86fbbe33b5cb9edbe031c6ea8,other,49770,49770,0
run_002,csr,csr_1772976991,csr-irs3-1772976991,csr-irs3-1772976991,,csr_submit_done,csr_voted,2026-03-08T13:36:33.473781Z,2026-03-08T13:36:36.088860236Z,/var/lib/docker/volumes,c58c4c31a22da439d2b7f591fd40cdcdd9bb8458f543e682f66d858083ef9ea8,other,NA,NA,
run_002,csr,csr_1772976991,csr-irs3-1772976991,csr-irs3-1772976991,,csr_submit_done,csr_voted,2026-03-08T13:36:33.473781Z,2026-03-08T13:36:36.088860236Z,/var/lib/docker/volumes,d9b7785a06954372515977133a1213437b80c5db1517196ca5e26134d3413ccf,other,NA,NA,
run_002,csr,csr_1772976991,csr-irs3-1772976991,csr-irs3-1772976991,,csr_submit_done,csr_voted,2026-03-08T13:36:33.473781Z,2026-03-08T13:36:36.088860236Z,/var/lib/docker/volumes,dfb0ca7b4b9cad4ec8515f6484cd89e2febfe10817782070636d5b3db6848438,other,NA,NA,
run_002,csr,csr_1772976991,csr-irs3-1772976991,csr-irs3-1772976991,,csr_submit_done,csr_voted,2026-03-08T13:36:33.473781Z,2026-03-08T13:36:36.088860236Z,/var/lib/docker/volumes,fabric_orderer.kit.edu,orderer,269973671,270109775,136104
run_002,csr,csr_1772976991,csr-irs3-1772976991,csr-irs3-1772976991,,csr_submit_done,csr_voted,2026-03-08T13:36:33.473781Z,2026-03-08T13:36:36.088860236Z,/var/lib/docker/volumes,fabric_peer0.irs1.kit.edu,other,5006,5006,0
run_002,csr,csr_1772976991,csr-irs3-1772976991,csr-irs3-1772976991,,csr_submit_done,csr_voted,2026-03-08T13:36:33.473781Z,2026-03-08T13:36:36.088860236Z,/var/lib/docker/volumes,fabric_peer0.irs3.kit.edu,peer,107863618,108008023,144405
run_002,csr,csr_1772976991,csr-irs3-1772976991,csr-irs3-1772976991,,csr_submit_done,csr_voted,2026-03-08T13:36:33.473781Z,2026-03-08T13:36:36.088860236Z,/var/lib/docker/volumes,fabric_peer1.irs3.kit.edu,other,107862192,108006597,144405
run_002,csr,csr_1772976991,csr-irs3-1772976991,csr-irs3-1772976991,,csr_submit_done,csr_voted,2026-03-08T13:36:33.473781Z,2026-03-08T13:36:36.088860236Z,/var/lib/docker/volumes,fabric_peer2.irs3.kit.edu,other,107863611,108008016,144405
run_002,csr,csr_1772976991,csr-irs3-1772976991,csr-irs3-1772976991,,csr_submit_done,csr_voted,2026-03-08T13:36:33.473781Z,2026-03-08T13:36:36.088860236Z,/var/lib/docker/volumes,fabric_peer3.irs3.kit.edu,other,107862189,108006594,144405
run_002,csr,csr_1772976991,csr-irs3-1772976991,csr-irs3-1772976991,,csr_voted,csr_approved,2026-03-08T13:36:36.088860236Z,2026-03-08T13:36:51.867634679Z,/var/lib/docker/volumes,07323924f55a40af409ae862fc14ab08f2d8c06ba282f174beb7e74ff5782926,other,NA,NA,
run_002,csr,csr_1772976991,csr-irs3-1772976991,csr-irs3-1772976991,,csr_voted,csr_approved,2026-03-08T13:36:36.088860236Z,2026-03-08T13:36:51.867634679Z,/var/lib/docker/volumes,301473890dade69bfa0d19b444d1f0769b67a90d1197c166d84af2511e48f916,other,49770,49770,0
run_002,csr,csr_1772976991,csr-irs3-1772976991,csr-irs3-1772976991,,csr_voted,csr_approved,2026-03-08T13:36:36.088860236Z,2026-03-08T13:36:51.867634679Z,/var/lib/docker/volumes,6b7bb91b53bcbfeb56b486bba478d97728a3c0004c18649976daaade961a2721,other,NA,NA,
run_002,csr,csr_1772976991,csr-irs3-1772976991,csr-irs3-1772976991,,csr_voted,csr_approved,2026-03-08T13:36:36.088860236Z,2026-03-08T13:36:51.867634679Z,/var/lib/docker/volumes,791e62bfc17bf044236c3dcb5d77ec82610b27aa4d5f3c78aff2e2842f98f9ee,other,NA,NA,
run_002,csr,csr_1772976991,csr-irs3-1772976991,csr-irs3-1772976991,,csr_voted,csr_approved,2026-03-08T13:36:36.088860236Z,2026-03-08T13:36:51.867634679Z,/var/lib/docker/volumes,86e46c7349c98bd170ab7467b42f5b1a8fcf1438535fca6ee74a0dcce3856102,other,NA,NA,
run_002,csr,csr_1772976991,csr-irs3-1772976991,csr-irs3-1772976991,,csr_voted,csr_approved,2026-03-08T13:36:36.088860236Z,2026-03-08T13:36:51.867634679Z,/var/lib/docker/volumes,99ac8c723665556c954d288ca00335f1fae5493d384cb656ecf5a945cc9ae3b8,other,NA,NA,
run_002,csr,csr_1772976991,csr-irs3-1772976991,csr-irs3-1772976991,,csr_voted,csr_approved,2026-03-08T13:36:36.088860236Z,2026-03-08T13:36:51.867634679Z,/var/lib/docker/volumes,ab96d922f06ec7a94f1b5200e75e480c9ed7eba86fbbe33b5cb9edbe031c6ea8,other,49770,49770,0
run_002,csr,csr_1772976991,csr-irs3-1772976991,csr-irs3-1772976991,,csr_voted,csr_approved,2026-03-08T13:36:36.088860236Z,2026-03-08T13:36:51.867634679Z,/var/lib/docker/volumes,c58c4c31a22da439d2b7f591fd40cdcdd9bb8458f543e682f66d858083ef9ea8,other,NA,NA,
run_002,csr,csr_1772976991,csr-irs3-1772976991,csr-irs3-1772976991,,csr_voted,csr_approved,2026-03-08T13:36:36.088860236Z,2026-03-08T13:36:51.867634679Z,/var/lib/docker/volumes,d9b7785a06954372515977133a1213437b80c5db1517196ca5e26134d3413ccf,other,NA,NA,
run_002,csr,csr_1772976991,csr-irs3-1772976991,csr-irs3-1772976991,,csr_voted,csr_approved,2026-03-08T13:36:36.088860236Z,2026-03-08T13:36:51.867634679Z,/var/lib/docker/volumes,dfb0ca7b4b9cad4ec8515f6484cd89e2febfe10817782070636d5b3db6848438,other,NA,NA,
run_002,csr,csr_1772976991,csr-irs3-1772976991,csr-irs3-1772976991,,csr_voted,csr_approved,2026-03-08T13:36:36.088860236Z,2026-03-08T13:36:51.867634679Z,/var/lib/docker/volumes,fabric_orderer.kit.edu,orderer,270109775,270726311,616536
run_002,csr,csr_1772976991,csr-irs3-1772976991,csr-irs3-1772976991,,csr_voted,csr_approved,2026-03-08T13:36:36.088860236Z,2026-03-08T13:36:51.867634679Z,/var/lib/docker/volumes,fabric_peer0.irs1.kit.edu,other,5006,5006,0
run_002,csr,csr_1772976991,csr-irs3-1772976991,csr-irs3-1772976991,,csr_voted,csr_approved,2026-03-08T13:36:36.088860236Z,2026-03-08T13:36:51.867634679Z,/var/lib/docker/volumes,fabric_peer0.irs3.kit.edu,peer,108008023,108665511,657488
run_002,csr,csr_1772976991,csr-irs3-1772976991,csr-irs3-1772976991,,csr_voted,csr_approved,2026-03-08T13:36:36.088860236Z,2026-03-08T13:36:51.867634679Z,/var/lib/docker/volumes,fabric_peer1.irs3.kit.edu,other,108006597,108664085,657488
run_002,csr,csr_1772976991,csr-irs3-1772976991,csr-irs3-1772976991,,csr_voted,csr_approved,2026-03-08T13:36:36.088860236Z,2026-03-08T13:36:51.867634679Z,/var/lib/docker/volumes,fabric_peer2.irs3.kit.edu,other,108008016,108665504,657488
run_002,csr,csr_1772976991,csr-irs3-1772976991,csr-irs3-1772976991,,csr_voted,csr_approved,2026-03-08T13:36:36.088860236Z,2026-03-08T13:36:51.867634679Z,/var/lib/docker/volumes,fabric_peer3.irs3.kit.edu,other,108006594,108664082,657488
run_002,csr,csr_1772976991,csr-irs3-1772976991,csr-irs3-1772976991,,csr_approved,cert_registered,2026-03-08T13:36:51.867634679Z,2026-03-08T13:38:25.510081041Z,/var/lib/docker/volumes,07323924f55a40af409ae862fc14ab08f2d8c06ba282f174beb7e74ff5782926,other,NA,NA,
run_002,csr,csr_1772976991,csr-irs3-1772976991,csr-irs3-1772976991,,csr_approved,cert_registered,2026-03-08T13:36:51.867634679Z,2026-03-08T13:38:25.510081041Z,/var/lib/docker/volumes,301473890dade69bfa0d19b444d1f0769b67a90d1197c166d84af2511e48f916,other,49770,49770,0
run_002,csr,csr_1772976991,csr-irs3-1772976991,csr-irs3-1772976991,,csr_approved,cert_registered,2026-03-08T13:36:51.867634679Z,2026-03-08T13:38:25.510081041Z,/var/lib/docker/volumes,6b7bb91b53bcbfeb56b486bba478d97728a3c0004c18649976daaade961a2721,other,NA,NA,
run_002,csr,csr_1772976991,csr-irs3-1772976991,csr-irs3-1772976991,,csr_approved,cert_registered,2026-03-08T13:36:51.867634679Z,2026-03-08T13:38:25.510081041Z,/var/lib/docker/volumes,791e62bfc17bf044236c3dcb5d77ec82610b27aa4d5f3c78aff2e2842f98f9ee,other,NA,NA,
run_002,csr,csr_1772976991,csr-irs3-1772976991,csr-irs3-1772976991,,csr_approved,cert_registered,2026-03-08T13:36:51.867634679Z,2026-03-08T13:38:25.510081041Z,/var/lib/docker/volumes,86e46c7349c98bd170ab7467b42f5b1a8fcf1438535fca6ee74a0dcce3856102,other,NA,NA,
run_002,csr,csr_1772976991,csr-irs3-1772976991,csr-irs3-1772976991,,csr_approved,cert_registered,2026-03-08T13:36:51.867634679Z,2026-03-08T13:38:25.510081041Z,/var/lib/docker/volumes,99ac8c723665556c954d288ca00335f1fae5493d384cb656ecf5a945cc9ae3b8,other,NA,NA,
run_002,csr,csr_1772976991,csr-irs3-1772976991,csr-irs3-1772976991,,csr_approved,cert_registered,2026-03-08T13:36:51.867634679Z,2026-03-08T13:38:25.510081041Z,/var/lib/docker/volumes,ab96d922f06ec7a94f1b5200e75e480c9ed7eba86fbbe33b5cb9edbe031c6ea8,other,49770,49770,0
run_002,csr,csr_1772976991,csr-irs3-1772976991,csr-irs3-1772976991,,csr_approved,cert_registered,2026-03-08T13:36:51.867634679Z,2026-03-08T13:38:25.510081041Z,/var/lib/docker/volumes,c58c4c31a22da439d2b7f591fd40cdcdd9bb8458f543e682f66d858083ef9ea8,other,NA,NA,
run_002,csr,csr_1772976991,csr-irs3-1772976991,csr-irs3-1772976991,,csr_approved,cert_registered,2026-03-08T13:36:51.867634679Z,2026-03-08T13:38:25.510081041Z,/var/lib/docker/volumes,d9b7785a06954372515977133a1213437b80c5db1517196ca5e26134d3413ccf,other,NA,NA,
run_002,csr,csr_1772976991,csr-irs3-1772976991,csr-irs3-1772976991,,csr_approved,cert_registered,2026-03-08T13:36:51.867634679Z,2026-03-08T13:38:25.510081041Z,/var/lib/docker/volumes,dfb0ca7b4b9cad4ec8515f6484cd89e2febfe10817782070636d5b3db6848438,other,NA,NA,
run_002,csr,csr_1772976991,csr-irs3-1772976991,csr-irs3-1772976991,,csr_approved,cert_registered,2026-03-08T13:36:51.867634679Z,2026-03-08T13:38:25.510081041Z,/var/lib/docker/volumes,fabric_orderer.kit.edu,orderer,270726311,271719447,993136
run_002,csr,csr_1772976991,csr-irs3-1772976991,csr-irs3-1772976991,,csr_approved,cert_registered,2026-03-08T13:36:51.867634679Z,2026-03-08T13:38:25.510081041Z,/var/lib/docker/volumes,fabric_peer0.irs1.kit.edu,other,5006,5006,0
run_002,csr,csr_1772976991,csr-irs3-1772976991,csr-irs3-1772976991,,csr_approved,cert_registered,2026-03-08T13:36:51.867634679Z,2026-03-08T13:38:25.510081041Z,/var/lib/docker/volumes,fabric_peer0.irs3.kit.edu,peer,108665511,109771234,1105723
run_002,csr,csr_1772976991,csr-irs3-1772976991,csr-irs3-1772976991,,csr_approved,cert_registered,2026-03-08T13:36:51.867634679Z,2026-03-08T13:38:25.510081041Z,/var/lib/docker/volumes,fabric_peer1.irs3.kit.edu,other,108664085,109769808,1105723
run_002,csr,csr_1772976991,csr-irs3-1772976991,csr-irs3-1772976991,,csr_approved,cert_registered,2026-03-08T13:36:51.867634679Z,2026-03-08T13:38:25.510081041Z,/var/lib/docker/volumes,fabric_peer2.irs3.kit.edu,other,108665504,109771227,1105723
run_002,csr,csr_1772976991,csr-irs3-1772976991,csr-irs3-1772976991,,csr_approved,cert_registered,2026-03-08T13:36:51.867634679Z,2026-03-08T13:38:25.510081041Z,/var/lib/docker/volumes,fabric_peer3.irs3.kit.edu,other,108664082,109769805,1105723
run_002,csr,csr_1772976991,csr-irs3-1772976991,csr-irs3-1772976991,,cert_registered,operation_end,2026-03-08T13:38:25.510081041Z,2026-03-08T13:38:26.037361Z,/var/lib/docker/volumes,07323924f55a40af409ae862fc14ab08f2d8c06ba282f174beb7e74ff5782926,other,NA,NA,
run_002,csr,csr_1772976991,csr-irs3-1772976991,csr-irs3-1772976991,,cert_registered,operation_end,2026-03-08T13:38:25.510081041Z,2026-03-08T13:38:26.037361Z,/var/lib/docker/volumes,301473890dade69bfa0d19b444d1f0769b67a90d1197c166d84af2511e48f916,other,49770,49770,0
run_002,csr,csr_1772976991,csr-irs3-1772976991,csr-irs3-1772976991,,cert_registered,operation_end,2026-03-08T13:38:25.510081041Z,2026-03-08T13:38:26.037361Z,/var/lib/docker/volumes,6b7bb91b53bcbfeb56b486bba478d97728a3c0004c18649976daaade961a2721,other,NA,NA,
run_002,csr,csr_1772976991,csr-irs3-1772976991,csr-irs3-1772976991,,cert_registered,operation_end,2026-03-08T13:38:25.510081041Z,2026-03-08T13:38:26.037361Z,/var/lib/docker/volumes,791e62bfc17bf044236c3dcb5d77ec82610b27aa4d5f3c78aff2e2842f98f9ee,other,NA,NA,
run_002,csr,csr_1772976991,csr-irs3-1772976991,csr-irs3-1772976991,,cert_registered,operation_end,2026-03-08T13:38:25.510081041Z,2026-03-08T13:38:26.037361Z,/var/lib/docker/volumes,86e46c7349c98bd170ab7467b42f5b1a8fcf1438535fca6ee74a0dcce3856102,other,NA,NA,
run_002,csr,csr_1772976991,csr-irs3-1772976991,csr-irs3-1772976991,,cert_registered,operation_end,2026-03-08T13:38:25.510081041Z,2026-03-08T13:38:26.037361Z,/var/lib/docker/volumes,99ac8c723665556c954d288ca00335f1fae5493d384cb656ecf5a945cc9ae3b8,other,NA,NA,
run_002,csr,csr_1772976991,csr-irs3-1772976991,csr-irs3-1772976991,,cert_registered,operation_end,2026-03-08T13:38:25.510081041Z,2026-03-08T13:38:26.037361Z,/var/lib/docker/volumes,ab96d922f06ec7a94f1b5200e75e480c9ed7eba86fbbe33b5cb9edbe031c6ea8,other,49770,49770,0
run_002,csr,csr_1772976991,csr-irs3-1772976991,csr-irs3-1772976991,,cert_registered,operation_end,2026-03-08T13:38:25.510081041Z,2026-03-08T13:38:26.037361Z,/var/lib/docker/volumes,c58c4c31a22da439d2b7f591fd40cdcdd9bb8458f543e682f66d858083ef9ea8,other,NA,NA,
run_002,csr,csr_1772976991,csr-irs3-1772976991,csr-irs3-1772976991,,cert_registered,operation_end,2026-03-08T13:38:25.510081041Z,2026-03-08T13:38:26.037361Z,/var/lib/docker/volumes,d9b7785a06954372515977133a1213437b80c5db1517196ca5e26134d3413ccf,other,NA,NA,
run_002,csr,csr_1772976991,csr-irs3-1772976991,csr-irs3-1772976991,,cert_registered,operation_end,2026-03-08T13:38:25.510081041Z,2026-03-08T13:38:26.037361Z,/var/lib/docker/volumes,dfb0ca7b4b9cad4ec8515f6484cd89e2febfe10817782070636d5b3db6848438,other,NA,NA,
run_002,csr,csr_1772976991,csr-irs3-1772976991,csr-irs3-1772976991,,cert_registered,operation_end,2026-03-08T13:38:25.510081041Z,2026-03-08T13:38:26.037361Z,/var/lib/docker/volumes,fabric_orderer.kit.edu,orderer,271719447,271719447,0
run_002,csr,csr_1772976991,csr-irs3-1772976991,csr-irs3-1772976991,,cert_registered,operation_end,2026-03-08T13:38:25.510081041Z,2026-03-08T13:38:26.037361Z,/var/lib/docker/volumes,fabric_peer0.irs1.kit.edu,other,5006,5006,0
run_002,csr,csr_1772976991,csr-irs3-1772976991,csr-irs3-1772976991,,cert_registered,operation_end,2026-03-08T13:38:25.510081041Z,2026-03-08T13:38:26.037361Z,/var/lib/docker/volumes,fabric_peer0.irs3.kit.edu,peer,109771234,109771234,0
run_002,csr,csr_1772976991,csr-irs3-1772976991,csr-irs3-1772976991,,cert_registered,operation_end,2026-03-08T13:38:25.510081041Z,2026-03-08T13:38:26.037361Z,/var/lib/docker/volumes,fabric_peer1.irs3.kit.edu,other,109769808,109769808,0
run_002,csr,csr_1772976991,csr-irs3-1772976991,csr-irs3-1772976991,,cert_registered,operation_end,2026-03-08T13:38:25.510081041Z,2026-03-08T13:38:26.037361Z,/var/lib/docker/volumes,fabric_peer2.irs3.kit.edu,other,109771227,109771227,0
run_002,csr,csr_1772976991,csr-irs3-1772976991,csr-irs3-1772976991,,cert_registered,operation_end,2026-03-08T13:38:25.510081041Z,2026-03-08T13:38:26.037361Z,/var/lib/docker/volumes,fabric_peer3.irs3.kit.edu,other,109769805,109769805,0
run_002,revocation,revocation_1772977126,revoke-irs3-1772977126,revoke-irs3-1772977126,,operation_start,revocation_submit_done,2026-03-08T13:38:46.757475Z,2026-03-08T13:38:49.106212Z,/var/lib/docker/volumes,07323924f55a40af409ae862fc14ab08f2d8c06ba282f174beb7e74ff5782926,other,NA,NA,
run_002,revocation,revocation_1772977126,revoke-irs3-1772977126,revoke-irs3-1772977126,,operation_start,revocation_submit_done,2026-03-08T13:38:46.757475Z,2026-03-08T13:38:49.106212Z,/var/lib/docker/volumes,301473890dade69bfa0d19b444d1f0769b67a90d1197c166d84af2511e48f916,other,49770,49770,0
run_002,revocation,revocation_1772977126,revoke-irs3-1772977126,revoke-irs3-1772977126,,operation_start,revocation_submit_done,2026-03-08T13:38:46.757475Z,2026-03-08T13:38:49.106212Z,/var/lib/docker/volumes,6b7bb91b53bcbfeb56b486bba478d97728a3c0004c18649976daaade961a2721,other,NA,NA,
run_002,revocation,revocation_1772977126,revoke-irs3-1772977126,revoke-irs3-1772977126,,operation_start,revocation_submit_done,2026-03-08T13:38:46.757475Z,2026-03-08T13:38:49.106212Z,/var/lib/docker/volumes,791e62bfc17bf044236c3dcb5d77ec82610b27aa4d5f3c78aff2e2842f98f9ee,other,NA,NA,
run_002,revocation,revocation_1772977126,revoke-irs3-1772977126,revoke-irs3-1772977126,,operation_start,revocation_submit_done,2026-03-08T13:38:46.757475Z,2026-03-08T13:38:49.106212Z,/var/lib/docker/volumes,86e46c7349c98bd170ab7467b42f5b1a8fcf1438535fca6ee74a0dcce3856102,other,NA,NA,
run_002,revocation,revocation_1772977126,revoke-irs3-1772977126,revoke-irs3-1772977126,,operation_start,revocation_submit_done,2026-03-08T13:38:46.757475Z,2026-03-08T13:38:49.106212Z,/var/lib/docker/volumes,99ac8c723665556c954d288ca00335f1fae5493d384cb656ecf5a945cc9ae3b8,other,NA,NA,
run_002,revocation,revocation_1772977126,revoke-irs3-1772977126,revoke-irs3-1772977126,,operation_start,revocation_submit_done,2026-03-08T13:38:46.757475Z,2026-03-08T13:38:49.106212Z,/var/lib/docker/volumes,ab96d922f06ec7a94f1b5200e75e480c9ed7eba86fbbe33b5cb9edbe031c6ea8,other,49770,49770,0
run_002,revocation,revocation_1772977126,revoke-irs3-1772977126,revoke-irs3-1772977126,,operation_start,revocation_submit_done,2026-03-08T13:38:46.757475Z,2026-03-08T13:38:49.106212Z,/var/lib/docker/volumes,c58c4c31a22da439d2b7f591fd40cdcdd9bb8458f543e682f66d858083ef9ea8,other,NA,NA,
run_002,revocation,revocation_1772977126,revoke-irs3-1772977126,revoke-irs3-1772977126,,operation_start,revocation_submit_done,2026-03-08T13:38:46.757475Z,2026-03-08T13:38:49.106212Z,/var/lib/docker/volumes,d9b7785a06954372515977133a1213437b80c5db1517196ca5e26134d3413ccf,other,NA,NA,
run_002,revocation,revocation_1772977126,revoke-irs3-1772977126,revoke-irs3-1772977126,,operation_start,revocation_submit_done,2026-03-08T13:38:46.757475Z,2026-03-08T13:38:49.106212Z,/var/lib/docker/volumes,dfb0ca7b4b9cad4ec8515f6484cd89e2febfe10817782070636d5b3db6848438,other,NA,NA,
run_002,revocation,revocation_1772977126,revoke-irs3-1772977126,revoke-irs3-1772977126,,operation_start,revocation_submit_done,2026-03-08T13:38:46.757475Z,2026-03-08T13:38:49.106212Z,/var/lib/docker/volumes,fabric_orderer.kit.edu,orderer,271766123,271773327,7204
run_002,revocation,revocation_1772977126,revoke-irs3-1772977126,revoke-irs3-1772977126,,operation_start,revocation_submit_done,2026-03-08T13:38:46.757475Z,2026-03-08T13:38:49.106212Z,/var/lib/docker/volumes,fabric_peer0.irs1.kit.edu,other,5006,5006,0
run_002,revocation,revocation_1772977126,revoke-irs3-1772977126,revoke-irs3-1772977126,,operation_start,revocation_submit_done,2026-03-08T13:38:46.757475Z,2026-03-08T13:38:49.106212Z,/var/lib/docker/volumes,fabric_peer0.irs3.kit.edu,peer,109819137,109827390,8253
run_002,revocation,revocation_1772977126,revoke-irs3-1772977126,revoke-irs3-1772977126,,operation_start,revocation_submit_done,2026-03-08T13:38:46.757475Z,2026-03-08T13:38:49.106212Z,/var/lib/docker/volumes,fabric_peer1.irs3.kit.edu,other,109817711,109825964,8253
run_002,revocation,revocation_1772977126,revoke-irs3-1772977126,revoke-irs3-1772977126,,operation_start,revocation_submit_done,2026-03-08T13:38:46.757475Z,2026-03-08T13:38:49.106212Z,/var/lib/docker/volumes,fabric_peer2.irs3.kit.edu,other,109819130,109827383,8253
run_002,revocation,revocation_1772977126,revoke-irs3-1772977126,revoke-irs3-1772977126,,operation_start,revocation_submit_done,2026-03-08T13:38:46.757475Z,2026-03-08T13:38:49.106212Z,/var/lib/docker/volumes,fabric_peer3.irs3.kit.edu,other,109817708,109825961,8253
run_002,revocation,revocation_1772977126,revoke-irs3-1772977126,revoke-irs3-1772977126,,revocation_submit_done,revocation_voted,2026-03-08T13:38:49.106212Z,2026-03-08T13:38:51.76342327Z,/var/lib/docker/volumes,07323924f55a40af409ae862fc14ab08f2d8c06ba282f174beb7e74ff5782926,other,NA,NA,
run_002,revocation,revocation_1772977126,revoke-irs3-1772977126,revoke-irs3-1772977126,,revocation_submit_done,revocation_voted,2026-03-08T13:38:49.106212Z,2026-03-08T13:38:51.76342327Z,/var/lib/docker/volumes,301473890dade69bfa0d19b444d1f0769b67a90d1197c166d84af2511e48f916,other,49770,49770,0
run_002,revocation,revocation_1772977126,revoke-irs3-1772977126,revoke-irs3-1772977126,,revocation_submit_done,revocation_voted,2026-03-08T13:38:49.106212Z,2026-03-08T13:38:51.76342327Z,/var/lib/docker/volumes,6b7bb91b53bcbfeb56b486bba478d97728a3c0004c18649976daaade961a2721,other,NA,NA,
run_002,revocation,revocation_1772977126,revoke-irs3-1772977126,revoke-irs3-1772977126,,revocation_submit_done,revocation_voted,2026-03-08T13:38:49.106212Z,2026-03-08T13:38:51.76342327Z,/var/lib/docker/volumes,791e62bfc17bf044236c3dcb5d77ec82610b27aa4d5f3c78aff2e2842f98f9ee,other,NA,NA,
run_002,revocation,revocation_1772977126,revoke-irs3-1772977126,revoke-irs3-1772977126,,revocation_submit_done,revocation_voted,2026-03-08T13:38:49.106212Z,2026-03-08T13:38:51.76342327Z,/var/lib/docker/volumes,86e46c7349c98bd170ab7467b42f5b1a8fcf1438535fca6ee74a0dcce3856102,other,NA,NA,
run_002,revocation,revocation_1772977126,revoke-irs3-1772977126,revoke-irs3-1772977126,,revocation_submit_done,revocation_voted,2026-03-08T13:38:49.106212Z,2026-03-08T13:38:51.76342327Z,/var/lib/docker/volumes,99ac8c723665556c954d288ca00335f1fae5493d384cb656ecf5a945cc9ae3b8,other,NA,NA,
run_002,revocation,revocation_1772977126,revoke-irs3-1772977126,revoke-irs3-1772977126,,revocation_submit_done,revocation_voted,2026-03-08T13:38:49.106212Z,2026-03-08T13:38:51.76342327Z,/var/lib/docker/volumes,ab96d922f06ec7a94f1b5200e75e480c9ed7eba86fbbe33b5cb9edbe031c6ea8,other,49770,49770,0
run_002,revocation,revocation_1772977126,revoke-irs3-1772977126,revoke-irs3-1772977126,,revocation_submit_done,revocation_voted,2026-03-08T13:38:49.106212Z,2026-03-08T13:38:51.76342327Z,/var/lib/docker/volumes,c58c4c31a22da439d2b7f591fd40cdcdd9bb8458f543e682f66d858083ef9ea8,other,NA,NA,
run_002,revocation,revocation_1772977126,revoke-irs3-1772977126,revoke-irs3-1772977126,,revocation_submit_done,revocation_voted,2026-03-08T13:38:49.106212Z,2026-03-08T13:38:51.76342327Z,/var/lib/docker/volumes,d9b7785a06954372515977133a1213437b80c5db1517196ca5e26134d3413ccf,other,NA,NA,
run_002,revocation,revocation_1772977126,revoke-irs3-1772977126,revoke-irs3-1772977126,,revocation_submit_done,revocation_voted,2026-03-08T13:38:49.106212Z,2026-03-08T13:38:51.76342327Z,/var/lib/docker/volumes,dfb0ca7b4b9cad4ec8515f6484cd89e2febfe10817782070636d5b3db6848438,other,NA,NA,
run_002,revocation,revocation_1772977126,revoke-irs3-1772977126,revoke-irs3-1772977126,,revocation_submit_done,revocation_voted,2026-03-08T13:38:49.106212Z,2026-03-08T13:38:51.76342327Z,/var/lib/docker/volumes,fabric_orderer.kit.edu,orderer,271773327,271884651,111324
run_002,revocation,revocation_1772977126,revoke-irs3-1772977126,revoke-irs3-1772977126,,revocation_submit_done,revocation_voted,2026-03-08T13:38:49.106212Z,2026-03-08T13:38:51.76342327Z,/var/lib/docker/volumes,fabric_peer0.irs1.kit.edu,other,5006,5006,0
run_002,revocation,revocation_1772977126,revoke-irs3-1772977126,revoke-irs3-1772977126,,revocation_submit_done,revocation_voted,2026-03-08T13:38:49.106212Z,2026-03-08T13:38:51.76342327Z,/var/lib/docker/volumes,fabric_peer0.irs3.kit.edu,peer,109827390,109871370,43980
run_002,revocation,revocation_1772977126,revoke-irs3-1772977126,revoke-irs3-1772977126,,revocation_submit_done,revocation_voted,2026-03-08T13:38:49.106212Z,2026-03-08T13:38:51.76342327Z,/var/lib/docker/volumes,fabric_peer1.irs3.kit.edu,other,109825964,109869944,43980
run_002,revocation,revocation_1772977126,revoke-irs3-1772977126,revoke-irs3-1772977126,,revocation_submit_done,revocation_voted,2026-03-08T13:38:49.106212Z,2026-03-08T13:38:51.76342327Z,/var/lib/docker/volumes,fabric_peer2.irs3.kit.edu,other,109827383,109871363,43980
run_002,revocation,revocation_1772977126,revoke-irs3-1772977126,revoke-irs3-1772977126,,revocation_submit_done,revocation_voted,2026-03-08T13:38:49.106212Z,2026-03-08T13:38:51.76342327Z,/var/lib/docker/volumes,fabric_peer3.irs3.kit.edu,other,109825961,109869941,43980
run_002,revocation,revocation_1772977126,revoke-irs3-1772977126,revoke-irs3-1772977126,,revocation_voted,revocation_executed,2026-03-08T13:38:51.76342327Z,2026-03-08T13:39:10.40847554Z,/var/lib/docker/volumes,07323924f55a40af409ae862fc14ab08f2d8c06ba282f174beb7e74ff5782926,other,NA,NA,
run_002,revocation,revocation_1772977126,revoke-irs3-1772977126,revoke-irs3-1772977126,,revocation_voted,revocation_executed,2026-03-08T13:38:51.76342327Z,2026-03-08T13:39:10.40847554Z,/var/lib/docker/volumes,301473890dade69bfa0d19b444d1f0769b67a90d1197c166d84af2511e48f916,other,49770,49770,0
run_002,revocation,revocation_1772977126,revoke-irs3-1772977126,revoke-irs3-1772977126,,revocation_voted,revocation_executed,2026-03-08T13:38:51.76342327Z,2026-03-08T13:39:10.40847554Z,/var/lib/docker/volumes,6b7bb91b53bcbfeb56b486bba478d97728a3c0004c18649976daaade961a2721,other,NA,NA,
run_002,revocation,revocation_1772977126,revoke-irs3-1772977126,revoke-irs3-1772977126,,revocation_voted,revocation_executed,2026-03-08T13:38:51.76342327Z,2026-03-08T13:39:10.40847554Z,/var/lib/docker/volumes,791e62bfc17bf044236c3dcb5d77ec82610b27aa4d5f3c78aff2e2842f98f9ee,other,NA,NA,
run_002,revocation,revocation_1772977126,revoke-irs3-1772977126,revoke-irs3-1772977126,,revocation_voted,revocation_executed,2026-03-08T13:38:51.76342327Z,2026-03-08T13:39:10.40847554Z,/var/lib/docker/volumes,86e46c7349c98bd170ab7467b42f5b1a8fcf1438535fca6ee74a0dcce3856102,other,NA,NA,
run_002,revocation,revocation_1772977126,revoke-irs3-1772977126,revoke-irs3-1772977126,,revocation_voted,revocation_executed,2026-03-08T13:38:51.76342327Z,2026-03-08T13:39:10.40847554Z,/var/lib/docker/volumes,99ac8c723665556c954d288ca00335f1fae5493d384cb656ecf5a945cc9ae3b8,other,NA,NA,
run_002,revocation,revocation_1772977126,revoke-irs3-1772977126,revoke-irs3-1772977126,,revocation_voted,revocation_executed,2026-03-08T13:38:51.76342327Z,2026-03-08T13:39:10.40847554Z,/var/lib/docker/volumes,ab96d922f06ec7a94f1b5200e75e480c9ed7eba86fbbe33b5cb9edbe031c6ea8,other,49770,49770,0
run_002,revocation,revocation_1772977126,revoke-irs3-1772977126,revoke-irs3-1772977126,,revocation_voted,revocation_executed,2026-03-08T13:38:51.76342327Z,2026-03-08T13:39:10.40847554Z,/var/lib/docker/volumes,c58c4c31a22da439d2b7f591fd40cdcdd9bb8458f543e682f66d858083ef9ea8,other,NA,NA,
run_002,revocation,revocation_1772977126,revoke-irs3-1772977126,revoke-irs3-1772977126,,revocation_voted,revocation_executed,2026-03-08T13:38:51.76342327Z,2026-03-08T13:39:10.40847554Z,/var/lib/docker/volumes,d9b7785a06954372515977133a1213437b80c5db1517196ca5e26134d3413ccf,other,NA,NA,
run_002,revocation,revocation_1772977126,revoke-irs3-1772977126,revoke-irs3-1772977126,,revocation_voted,revocation_executed,2026-03-08T13:38:51.76342327Z,2026-03-08T13:39:10.40847554Z,/var/lib/docker/volumes,dfb0ca7b4b9cad4ec8515f6484cd89e2febfe10817782070636d5b3db6848438,other,NA,NA,
run_002,revocation,revocation_1772977126,revoke-irs3-1772977126,revoke-irs3-1772977126,,revocation_voted,revocation_executed,2026-03-08T13:38:51.76342327Z,2026-03-08T13:39:10.40847554Z,/var/lib/docker/volumes,fabric_orderer.kit.edu,orderer,271884651,272498719,614068
run_002,revocation,revocation_1772977126,revoke-irs3-1772977126,revoke-irs3-1772977126,,revocation_voted,revocation_executed,2026-03-08T13:38:51.76342327Z,2026-03-08T13:39:10.40847554Z,/var/lib/docker/volumes,fabric_peer0.irs1.kit.edu,other,5006,5006,0
run_002,revocation,revocation_1772977126,revoke-irs3-1772977126,revoke-irs3-1772977126,,revocation_voted,revocation_executed,2026-03-08T13:38:51.76342327Z,2026-03-08T13:39:10.40847554Z,/var/lib/docker/volumes,fabric_peer0.irs3.kit.edu,peer,109871370,110594272,722902
run_002,revocation,revocation_1772977126,revoke-irs3-1772977126,revoke-irs3-1772977126,,revocation_voted,revocation_executed,2026-03-08T13:38:51.76342327Z,2026-03-08T13:39:10.40847554Z,/var/lib/docker/volumes,fabric_peer1.irs3.kit.edu,other,109869944,110592846,722902
run_002,revocation,revocation_1772977126,revoke-irs3-1772977126,revoke-irs3-1772977126,,revocation_voted,revocation_executed,2026-03-08T13:38:51.76342327Z,2026-03-08T13:39:10.40847554Z,/var/lib/docker/volumes,fabric_peer2.irs3.kit.edu,other,109871363,110594265,722902
run_002,revocation,revocation_1772977126,revoke-irs3-1772977126,revoke-irs3-1772977126,,revocation_voted,revocation_executed,2026-03-08T13:38:51.76342327Z,2026-03-08T13:39:10.40847554Z,/var/lib/docker/volumes,fabric_peer3.irs3.kit.edu,other,109869941,110592843,722902
run_002,revocation,revocation_1772977126,revoke-irs3-1772977126,revoke-irs3-1772977126,,revocation_executed,operation_end,2026-03-08T13:39:10.40847554Z,2026-03-08T13:39:11.736709Z,/var/lib/docker/volumes,07323924f55a40af409ae862fc14ab08f2d8c06ba282f174beb7e74ff5782926,other,NA,NA,
run_002,revocation,revocation_1772977126,revoke-irs3-1772977126,revoke-irs3-1772977126,,revocation_executed,operation_end,2026-03-08T13:39:10.40847554Z,2026-03-08T13:39:11.736709Z,/var/lib/docker/volumes,301473890dade69bfa0d19b444d1f0769b67a90d1197c166d84af2511e48f916,other,49770,49770,0
run_002,revocation,revocation_1772977126,revoke-irs3-1772977126,revoke-irs3-1772977126,,revocation_executed,operation_end,2026-03-08T13:39:10.40847554Z,2026-03-08T13:39:11.736709Z,/var/lib/docker/volumes,6b7bb91b53bcbfeb56b486bba478d97728a3c0004c18649976daaade961a2721,other,NA,NA,
run_002,revocation,revocation_1772977126,revoke-irs3-1772977126,revoke-irs3-1772977126,,revocation_executed,operation_end,2026-03-08T13:39:10.40847554Z,2026-03-08T13:39:11.736709Z,/var/lib/docker/volumes,791e62bfc17bf044236c3dcb5d77ec82610b27aa4d5f3c78aff2e2842f98f9ee,other,NA,NA,
run_002,revocation,revocation_1772977126,revoke-irs3-1772977126,revoke-irs3-1772977126,,revocation_executed,operation_end,2026-03-08T13:39:10.40847554Z,2026-03-08T13:39:11.736709Z,/var/lib/docker/volumes,86e46c7349c98bd170ab7467b42f5b1a8fcf1438535fca6ee74a0dcce3856102,other,NA,NA,
run_002,revocation,revocation_1772977126,revoke-irs3-1772977126,revoke-irs3-1772977126,,revocation_executed,operation_end,2026-03-08T13:39:10.40847554Z,2026-03-08T13:39:11.736709Z,/var/lib/docker/volumes,99ac8c723665556c954d288ca00335f1fae5493d384cb656ecf5a945cc9ae3b8,other,NA,NA,
run_002,revocation,revocation_1772977126,revoke-irs3-1772977126,revoke-irs3-1772977126,,revocation_executed,operation_end,2026-03-08T13:39:10.40847554Z,2026-03-08T13:39:11.736709Z,/var/lib/docker/volumes,ab96d922f06ec7a94f1b5200e75e480c9ed7eba86fbbe33b5cb9edbe031c6ea8,other,49770,49770,0
run_002,revocation,revocation_1772977126,revoke-irs3-1772977126,revoke-irs3-1772977126,,revocation_executed,operation_end,2026-03-08T13:39:10.40847554Z,2026-03-08T13:39:11.736709Z,/var/lib/docker/volumes,c58c4c31a22da439d2b7f591fd40cdcdd9bb8458f543e682f66d858083ef9ea8,other,NA,NA,
run_002,revocation,revocation_1772977126,revoke-irs3-1772977126,revoke-irs3-1772977126,,revocation_executed,operation_end,2026-03-08T13:39:10.40847554Z,2026-03-08T13:39:11.736709Z,/var/lib/docker/volumes,d9b7785a06954372515977133a1213437b80c5db1517196ca5e26134d3413ccf,other,NA,NA,
run_002,revocation,revocation_1772977126,revoke-irs3-1772977126,revoke-irs3-1772977126,,revocation_executed,operation_end,2026-03-08T13:39:10.40847554Z,2026-03-08T13:39:11.736709Z,/var/lib/docker/volumes,dfb0ca7b4b9cad4ec8515f6484cd89e2febfe10817782070636d5b3db6848438,other,NA,NA,
run_002,revocation,revocation_1772977126,revoke-irs3-1772977126,revoke-irs3-1772977126,,revocation_executed,operation_end,2026-03-08T13:39:10.40847554Z,2026-03-08T13:39:11.736709Z,/var/lib/docker/volumes,fabric_orderer.kit.edu,orderer,272498719,272498719,0
run_002,revocation,revocation_1772977126,revoke-irs3-1772977126,revoke-irs3-1772977126,,revocation_executed,operation_end,2026-03-08T13:39:10.40847554Z,2026-03-08T13:39:11.736709Z,/var/lib/docker/volumes,fabric_peer0.irs1.kit.edu,other,5006,5006,0
run_002,revocation,revocation_1772977126,revoke-irs3-1772977126,revoke-irs3-1772977126,,revocation_executed,operation_end,2026-03-08T13:39:10.40847554Z,2026-03-08T13:39:11.736709Z,/var/lib/docker/volumes,fabric_peer0.irs3.kit.edu,peer,110594272,110594272,0
run_002,revocation,revocation_1772977126,revoke-irs3-1772977126,revoke-irs3-1772977126,,revocation_executed,operation_end,2026-03-08T13:39:10.40847554Z,2026-03-08T13:39:11.736709Z,/var/lib/docker/volumes,fabric_peer1.irs3.kit.edu,other,110592846,110592846,0
run_002,revocation,revocation_1772977126,revoke-irs3-1772977126,revoke-irs3-1772977126,,revocation_executed,operation_end,2026-03-08T13:39:10.40847554Z,2026-03-08T13:39:11.736709Z,/var/lib/docker/volumes,fabric_peer2.irs3.kit.edu,other,110594265,110594265,0
run_002,revocation,revocation_1772977126,revoke-irs3-1772977126,revoke-irs3-1772977126,,revocation_executed,operation_end,2026-03-08T13:39:10.40847554Z,2026-03-08T13:39:11.736709Z,/var/lib/docker/volumes,fabric_peer3.irs3.kit.edu,other,110592843,110592843,0
run_002,removal,removal_1772977170,remove-irs3-member1-1772977170,remove-irs3-member1-1772977170,30,operation_start,removal_submit_done,2026-03-08T13:39:30.392135Z,2026-03-08T13:39:32.833789Z,/var/lib/docker/volumes,07323924f55a40af409ae862fc14ab08f2d8c06ba282f174beb7e74ff5782926,other,NA,NA,
run_002,removal,removal_1772977170,remove-irs3-member1-1772977170,remove-irs3-member1-1772977170,30,operation_start,removal_submit_done,2026-03-08T13:39:30.392135Z,2026-03-08T13:39:32.833789Z,/var/lib/docker/volumes,301473890dade69bfa0d19b444d1f0769b67a90d1197c166d84af2511e48f916,other,49770,49770,0
run_002,removal,removal_1772977170,remove-irs3-member1-1772977170,remove-irs3-member1-1772977170,30,operation_start,removal_submit_done,2026-03-08T13:39:30.392135Z,2026-03-08T13:39:32.833789Z,/var/lib/docker/volumes,6b7bb91b53bcbfeb56b486bba478d97728a3c0004c18649976daaade961a2721,other,NA,NA,
run_002,removal,removal_1772977170,remove-irs3-member1-1772977170,remove-irs3-member1-1772977170,30,operation_start,removal_submit_done,2026-03-08T13:39:30.392135Z,2026-03-08T13:39:32.833789Z,/var/lib/docker/volumes,791e62bfc17bf044236c3dcb5d77ec82610b27aa4d5f3c78aff2e2842f98f9ee,other,NA,NA,
run_002,removal,removal_1772977170,remove-irs3-member1-1772977170,remove-irs3-member1-1772977170,30,operation_start,removal_submit_done,2026-03-08T13:39:30.392135Z,2026-03-08T13:39:32.833789Z,/var/lib/docker/volumes,86e46c7349c98bd170ab7467b42f5b1a8fcf1438535fca6ee74a0dcce3856102,other,NA,NA,
run_002,removal,removal_1772977170,remove-irs3-member1-1772977170,remove-irs3-member1-1772977170,30,operation_start,removal_submit_done,2026-03-08T13:39:30.392135Z,2026-03-08T13:39:32.833789Z,/var/lib/docker/volumes,99ac8c723665556c954d288ca00335f1fae5493d384cb656ecf5a945cc9ae3b8,other,NA,NA,
run_002,removal,removal_1772977170,remove-irs3-member1-1772977170,remove-irs3-member1-1772977170,30,operation_start,removal_submit_done,2026-03-08T13:39:30.392135Z,2026-03-08T13:39:32.833789Z,/var/lib/docker/volumes,ab96d922f06ec7a94f1b5200e75e480c9ed7eba86fbbe33b5cb9edbe031c6ea8,other,49770,49770,0
run_002,removal,removal_1772977170,remove-irs3-member1-1772977170,remove-irs3-member1-1772977170,30,operation_start,removal_submit_done,2026-03-08T13:39:30.392135Z,2026-03-08T13:39:32.833789Z,/var/lib/docker/volumes,c58c4c31a22da439d2b7f591fd40cdcdd9bb8458f543e682f66d858083ef9ea8,other,NA,NA,
run_002,removal,removal_1772977170,remove-irs3-member1-1772977170,remove-irs3-member1-1772977170,30,operation_start,removal_submit_done,2026-03-08T13:39:30.392135Z,2026-03-08T13:39:32.833789Z,/var/lib/docker/volumes,d9b7785a06954372515977133a1213437b80c5db1517196ca5e26134d3413ccf,other,NA,NA,
run_002,removal,removal_1772977170,remove-irs3-member1-1772977170,remove-irs3-member1-1772977170,30,operation_start,removal_submit_done,2026-03-08T13:39:30.392135Z,2026-03-08T13:39:32.833789Z,/var/lib/docker/volumes,dfb0ca7b4b9cad4ec8515f6484cd89e2febfe10817782070636d5b3db6848438,other,NA,NA,
run_002,removal,removal_1772977170,remove-irs3-member1-1772977170,remove-irs3-member1-1772977170,30,operation_start,removal_submit_done,2026-03-08T13:39:30.392135Z,2026-03-08T13:39:32.833789Z,/var/lib/docker/volumes,fabric_orderer.kit.edu,orderer,272521062,272529854,8792
run_002,removal,removal_1772977170,remove-irs3-member1-1772977170,remove-irs3-member1-1772977170,30,operation_start,removal_submit_done,2026-03-08T13:39:30.392135Z,2026-03-08T13:39:32.833789Z,/var/lib/docker/volumes,fabric_peer0.irs1.kit.edu,other,5006,5006,0
run_002,removal,removal_1772977170,remove-irs3-member1-1772977170,remove-irs3-member1-1772977170,30,operation_start,removal_submit_done,2026-03-08T13:39:30.392135Z,2026-03-08T13:39:32.833789Z,/var/lib/docker/volumes,fabric_peer0.irs3.kit.edu,peer,110617072,110626977,9905
run_002,removal,removal_1772977170,remove-irs3-member1-1772977170,remove-irs3-member1-1772977170,30,operation_start,removal_submit_done,2026-03-08T13:39:30.392135Z,2026-03-08T13:39:32.833789Z,/var/lib/docker/volumes,fabric_peer1.irs3.kit.edu,other,110615646,110625551,9905
run_002,removal,removal_1772977170,remove-irs3-member1-1772977170,remove-irs3-member1-1772977170,30,operation_start,removal_submit_done,2026-03-08T13:39:30.392135Z,2026-03-08T13:39:32.833789Z,/var/lib/docker/volumes,fabric_peer2.irs3.kit.edu,other,110617065,110626970,9905
run_002,removal,removal_1772977170,remove-irs3-member1-1772977170,remove-irs3-member1-1772977170,30,operation_start,removal_submit_done,2026-03-08T13:39:30.392135Z,2026-03-08T13:39:32.833789Z,/var/lib/docker/volumes,fabric_peer3.irs3.kit.edu,other,110615643,110625548,9905
run_002,removal,removal_1772977170,remove-irs3-member1-1772977170,remove-irs3-member1-1772977170,30,removal_submit_done,removal_voted,2026-03-08T13:39:32.833789Z,2026-03-08T13:39:35.417670024Z,/var/lib/docker/volumes,07323924f55a40af409ae862fc14ab08f2d8c06ba282f174beb7e74ff5782926,other,NA,NA,
run_002,removal,removal_1772977170,remove-irs3-member1-1772977170,remove-irs3-member1-1772977170,30,removal_submit_done,removal_voted,2026-03-08T13:39:32.833789Z,2026-03-08T13:39:35.417670024Z,/var/lib/docker/volumes,301473890dade69bfa0d19b444d1f0769b67a90d1197c166d84af2511e48f916,other,49770,49770,0
run_002,removal,removal_1772977170,remove-irs3-member1-1772977170,remove-irs3-member1-1772977170,30,removal_submit_done,removal_voted,2026-03-08T13:39:32.833789Z,2026-03-08T13:39:35.417670024Z,/var/lib/docker/volumes,6b7bb91b53bcbfeb56b486bba478d97728a3c0004c18649976daaade961a2721,other,NA,NA,
run_002,removal,removal_1772977170,remove-irs3-member1-1772977170,remove-irs3-member1-1772977170,30,removal_submit_done,removal_voted,2026-03-08T13:39:32.833789Z,2026-03-08T13:39:35.417670024Z,/var/lib/docker/volumes,791e62bfc17bf044236c3dcb5d77ec82610b27aa4d5f3c78aff2e2842f98f9ee,other,NA,NA,
run_002,removal,removal_1772977170,remove-irs3-member1-1772977170,remove-irs3-member1-1772977170,30,removal_submit_done,removal_voted,2026-03-08T13:39:32.833789Z,2026-03-08T13:39:35.417670024Z,/var/lib/docker/volumes,86e46c7349c98bd170ab7467b42f5b1a8fcf1438535fca6ee74a0dcce3856102,other,NA,NA,
run_002,removal,removal_1772977170,remove-irs3-member1-1772977170,remove-irs3-member1-1772977170,30,removal_submit_done,removal_voted,2026-03-08T13:39:32.833789Z,2026-03-08T13:39:35.417670024Z,/var/lib/docker/volumes,99ac8c723665556c954d288ca00335f1fae5493d384cb656ecf5a945cc9ae3b8,other,NA,NA,
run_002,removal,removal_1772977170,remove-irs3-member1-1772977170,remove-irs3-member1-1772977170,30,removal_submit_done,removal_voted,2026-03-08T13:39:32.833789Z,2026-03-08T13:39:35.417670024Z,/var/lib/docker/volumes,ab96d922f06ec7a94f1b5200e75e480c9ed7eba86fbbe33b5cb9edbe031c6ea8,other,49770,49770,0
run_002,removal,removal_1772977170,remove-irs3-member1-1772977170,remove-irs3-member1-1772977170,30,removal_submit_done,removal_voted,2026-03-08T13:39:32.833789Z,2026-03-08T13:39:35.417670024Z,/var/lib/docker/volumes,c58c4c31a22da439d2b7f591fd40cdcdd9bb8458f543e682f66d858083ef9ea8,other,NA,NA,
run_002,removal,removal_1772977170,remove-irs3-member1-1772977170,remove-irs3-member1-1772977170,30,removal_submit_done,removal_voted,2026-03-08T13:39:32.833789Z,2026-03-08T13:39:35.417670024Z,/var/lib/docker/volumes,d9b7785a06954372515977133a1213437b80c5db1517196ca5e26134d3413ccf,other,NA,NA,
run_002,removal,removal_1772977170,remove-irs3-member1-1772977170,remove-irs3-member1-1772977170,30,removal_submit_done,removal_voted,2026-03-08T13:39:32.833789Z,2026-03-08T13:39:35.417670024Z,/var/lib/docker/volumes,dfb0ca7b4b9cad4ec8515f6484cd89e2febfe10817782070636d5b3db6848438,other,NA,NA,
run_002,removal,removal_1772977170,remove-irs3-member1-1772977170,remove-irs3-member1-1772977170,30,removal_submit_done,removal_voted,2026-03-08T13:39:32.833789Z,2026-03-08T13:39:35.417670024Z,/var/lib/docker/volumes,fabric_orderer.kit.edu,orderer,272529854,272650543,120689
run_002,removal,removal_1772977170,remove-irs3-member1-1772977170,remove-irs3-member1-1772977170,30,removal_submit_done,removal_voted,2026-03-08T13:39:32.833789Z,2026-03-08T13:39:35.417670024Z,/var/lib/docker/volumes,fabric_peer0.irs1.kit.edu,other,5006,5006,0
run_002,removal,removal_1772977170,remove-irs3-member1-1772977170,remove-irs3-member1-1772977170,30,removal_submit_done,removal_voted,2026-03-08T13:39:32.833789Z,2026-03-08T13:39:35.417670024Z,/var/lib/docker/volumes,fabric_peer0.irs3.kit.edu,peer,110626977,110753879,126902
run_002,removal,removal_1772977170,remove-irs3-member1-1772977170,remove-irs3-member1-1772977170,30,removal_submit_done,removal_voted,2026-03-08T13:39:32.833789Z,2026-03-08T13:39:35.417670024Z,/var/lib/docker/volumes,fabric_peer1.irs3.kit.edu,other,110625551,110752453,126902
run_002,removal,removal_1772977170,remove-irs3-member1-1772977170,remove-irs3-member1-1772977170,30,removal_submit_done,removal_voted,2026-03-08T13:39:32.833789Z,2026-03-08T13:39:35.417670024Z,/var/lib/docker/volumes,fabric_peer2.irs3.kit.edu,other,110626970,110753872,126902
run_002,removal,removal_1772977170,remove-irs3-member1-1772977170,remove-irs3-member1-1772977170,30,removal_submit_done,removal_voted,2026-03-08T13:39:32.833789Z,2026-03-08T13:39:35.417670024Z,/var/lib/docker/volumes,fabric_peer3.irs3.kit.edu,other,110625548,110752450,126902
run_002,removal,removal_1772977170,remove-irs3-member1-1772977170,remove-irs3-member1-1772977170,30,removal_voted,removal_approved,2026-03-08T13:39:35.417670024Z,2026-03-08T13:39:51.437627212Z,/var/lib/docker/volumes,07323924f55a40af409ae862fc14ab08f2d8c06ba282f174beb7e74ff5782926,other,NA,NA,
run_002,removal,removal_1772977170,remove-irs3-member1-1772977170,remove-irs3-member1-1772977170,30,removal_voted,removal_approved,2026-03-08T13:39:35.417670024Z,2026-03-08T13:39:51.437627212Z,/var/lib/docker/volumes,301473890dade69bfa0d19b444d1f0769b67a90d1197c166d84af2511e48f916,other,49770,49770,0
run_002,removal,removal_1772977170,remove-irs3-member1-1772977170,remove-irs3-member1-1772977170,30,removal_voted,removal_approved,2026-03-08T13:39:35.417670024Z,2026-03-08T13:39:51.437627212Z,/var/lib/docker/volumes,6b7bb91b53bcbfeb56b486bba478d97728a3c0004c18649976daaade961a2721,other,NA,NA,
run_002,removal,removal_1772977170,remove-irs3-member1-1772977170,remove-irs3-member1-1772977170,30,removal_voted,removal_approved,2026-03-08T13:39:35.417670024Z,2026-03-08T13:39:51.437627212Z,/var/lib/docker/volumes,791e62bfc17bf044236c3dcb5d77ec82610b27aa4d5f3c78aff2e2842f98f9ee,other,NA,NA,
run_002,removal,removal_1772977170,remove-irs3-member1-1772977170,remove-irs3-member1-1772977170,30,removal_voted,removal_approved,2026-03-08T13:39:35.417670024Z,2026-03-08T13:39:51.437627212Z,/var/lib/docker/volumes,86e46c7349c98bd170ab7467b42f5b1a8fcf1438535fca6ee74a0dcce3856102,other,NA,NA,
run_002,removal,removal_1772977170,remove-irs3-member1-1772977170,remove-irs3-member1-1772977170,30,removal_voted,removal_approved,2026-03-08T13:39:35.417670024Z,2026-03-08T13:39:51.437627212Z,/var/lib/docker/volumes,99ac8c723665556c954d288ca00335f1fae5493d384cb656ecf5a945cc9ae3b8,other,NA,NA,
run_002,removal,removal_1772977170,remove-irs3-member1-1772977170,remove-irs3-member1-1772977170,30,removal_voted,removal_approved,2026-03-08T13:39:35.417670024Z,2026-03-08T13:39:51.437627212Z,/var/lib/docker/volumes,ab96d922f06ec7a94f1b5200e75e480c9ed7eba86fbbe33b5cb9edbe031c6ea8,other,49770,49770,0
run_002,removal,removal_1772977170,remove-irs3-member1-1772977170,remove-irs3-member1-1772977170,30,removal_voted,removal_approved,2026-03-08T13:39:35.417670024Z,2026-03-08T13:39:51.437627212Z,/var/lib/docker/volumes,c58c4c31a22da439d2b7f591fd40cdcdd9bb8458f543e682f66d858083ef9ea8,other,NA,NA,
run_002,removal,removal_1772977170,remove-irs3-member1-1772977170,remove-irs3-member1-1772977170,30,removal_voted,removal_approved,2026-03-08T13:39:35.417670024Z,2026-03-08T13:39:51.437627212Z,/var/lib/docker/volumes,d9b7785a06954372515977133a1213437b80c5db1517196ca5e26134d3413ccf,other,NA,NA,
run_002,removal,removal_1772977170,remove-irs3-member1-1772977170,remove-irs3-member1-1772977170,30,removal_voted,removal_approved,2026-03-08T13:39:35.417670024Z,2026-03-08T13:39:51.437627212Z,/var/lib/docker/volumes,dfb0ca7b4b9cad4ec8515f6484cd89e2febfe10817782070636d5b3db6848438,other,NA,NA,
run_002,removal,removal_1772977170,remove-irs3-member1-1772977170,remove-irs3-member1-1772977170,30,removal_voted,removal_approved,2026-03-08T13:39:35.417670024Z,2026-03-08T13:39:51.437627212Z,/var/lib/docker/volumes,fabric_orderer.kit.edu,orderer,272650543,273263642,613099
run_002,removal,removal_1772977170,remove-irs3-member1-1772977170,remove-irs3-member1-1772977170,30,removal_voted,removal_approved,2026-03-08T13:39:35.417670024Z,2026-03-08T13:39:51.437627212Z,/var/lib/docker/volumes,fabric_peer0.irs1.kit.edu,other,5006,5006,0
run_002,removal,removal_1772977170,remove-irs3-member1-1772977170,remove-irs3-member1-1772977170,30,removal_voted,removal_approved,2026-03-08T13:39:35.417670024Z,2026-03-08T13:39:51.437627212Z,/var/lib/docker/volumes,fabric_peer0.irs3.kit.edu,peer,110753879,111410742,656863
run_002,removal,removal_1772977170,remove-irs3-member1-1772977170,remove-irs3-member1-1772977170,30,removal_voted,removal_approved,2026-03-08T13:39:35.417670024Z,2026-03-08T13:39:51.437627212Z,/var/lib/docker/volumes,fabric_peer1.irs3.kit.edu,other,110752453,111409316,656863
run_002,removal,removal_1772977170,remove-irs3-member1-1772977170,remove-irs3-member1-1772977170,30,removal_voted,removal_approved,2026-03-08T13:39:35.417670024Z,2026-03-08T13:39:51.437627212Z,/var/lib/docker/volumes,fabric_peer2.irs3.kit.edu,other,110753872,111410735,656863
run_002,removal,removal_1772977170,remove-irs3-member1-1772977170,remove-irs3-member1-1772977170,30,removal_voted,removal_approved,2026-03-08T13:39:35.417670024Z,2026-03-08T13:39:51.437627212Z,/var/lib/docker/volumes,fabric_peer3.irs3.kit.edu,other,110752450,111409313,656863
run_002,removal,removal_1772977170,remove-irs3-member1-1772977170,remove-irs3-member1-1772977170,30,removal_approved,reshare_started,2026-03-08T13:39:51.437627212Z,2026-03-08T13:39:53.393568Z,/var/lib/docker/volumes,07323924f55a40af409ae862fc14ab08f2d8c06ba282f174beb7e74ff5782926,other,NA,NA,
run_002,removal,removal_1772977170,remove-irs3-member1-1772977170,remove-irs3-member1-1772977170,30,removal_approved,reshare_started,2026-03-08T13:39:51.437627212Z,2026-03-08T13:39:53.393568Z,/var/lib/docker/volumes,301473890dade69bfa0d19b444d1f0769b67a90d1197c166d84af2511e48f916,other,49770,49770,0
run_002,removal,removal_1772977170,remove-irs3-member1-1772977170,remove-irs3-member1-1772977170,30,removal_approved,reshare_started,2026-03-08T13:39:51.437627212Z,2026-03-08T13:39:53.393568Z,/var/lib/docker/volumes,6b7bb91b53bcbfeb56b486bba478d97728a3c0004c18649976daaade961a2721,other,NA,NA,
run_002,removal,removal_1772977170,remove-irs3-member1-1772977170,remove-irs3-member1-1772977170,30,removal_approved,reshare_started,2026-03-08T13:39:51.437627212Z,2026-03-08T13:39:53.393568Z,/var/lib/docker/volumes,791e62bfc17bf044236c3dcb5d77ec82610b27aa4d5f3c78aff2e2842f98f9ee,other,NA,NA,
run_002,removal,removal_1772977170,remove-irs3-member1-1772977170,remove-irs3-member1-1772977170,30,removal_approved,reshare_started,2026-03-08T13:39:51.437627212Z,2026-03-08T13:39:53.393568Z,/var/lib/docker/volumes,86e46c7349c98bd170ab7467b42f5b1a8fcf1438535fca6ee74a0dcce3856102,other,NA,NA,
run_002,removal,removal_1772977170,remove-irs3-member1-1772977170,remove-irs3-member1-1772977170,30,removal_approved,reshare_started,2026-03-08T13:39:51.437627212Z,2026-03-08T13:39:53.393568Z,/var/lib/docker/volumes,99ac8c723665556c954d288ca00335f1fae5493d384cb656ecf5a945cc9ae3b8,other,NA,NA,
run_002,removal,removal_1772977170,remove-irs3-member1-1772977170,remove-irs3-member1-1772977170,30,removal_approved,reshare_started,2026-03-08T13:39:51.437627212Z,2026-03-08T13:39:53.393568Z,/var/lib/docker/volumes,ab96d922f06ec7a94f1b5200e75e480c9ed7eba86fbbe33b5cb9edbe031c6ea8,other,49770,49770,0
run_002,removal,removal_1772977170,remove-irs3-member1-1772977170,remove-irs3-member1-1772977170,30,removal_approved,reshare_started,2026-03-08T13:39:51.437627212Z,2026-03-08T13:39:53.393568Z,/var/lib/docker/volumes,c58c4c31a22da439d2b7f591fd40cdcdd9bb8458f543e682f66d858083ef9ea8,other,NA,NA,
run_002,removal,removal_1772977170,remove-irs3-member1-1772977170,remove-irs3-member1-1772977170,30,removal_approved,reshare_started,2026-03-08T13:39:51.437627212Z,2026-03-08T13:39:53.393568Z,/var/lib/docker/volumes,d9b7785a06954372515977133a1213437b80c5db1517196ca5e26134d3413ccf,other,NA,NA,
run_002,removal,removal_1772977170,remove-irs3-member1-1772977170,remove-irs3-member1-1772977170,30,removal_approved,reshare_started,2026-03-08T13:39:51.437627212Z,2026-03-08T13:39:53.393568Z,/var/lib/docker/volumes,dfb0ca7b4b9cad4ec8515f6484cd89e2febfe10817782070636d5b3db6848438,other,NA,NA,
run_002,removal,removal_1772977170,remove-irs3-member1-1772977170,remove-irs3-member1-1772977170,30,removal_approved,reshare_started,2026-03-08T13:39:51.437627212Z,2026-03-08T13:39:53.393568Z,/var/lib/docker/volumes,fabric_orderer.kit.edu,orderer,273263642,273263642,0
run_002,removal,removal_1772977170,remove-irs3-member1-1772977170,remove-irs3-member1-1772977170,30,removal_approved,reshare_started,2026-03-08T13:39:51.437627212Z,2026-03-08T13:39:53.393568Z,/var/lib/docker/volumes,fabric_peer0.irs1.kit.edu,other,5006,5006,0
run_002,removal,removal_1772977170,remove-irs3-member1-1772977170,remove-irs3-member1-1772977170,30,removal_approved,reshare_started,2026-03-08T13:39:51.437627212Z,2026-03-08T13:39:53.393568Z,/var/lib/docker/volumes,fabric_peer0.irs3.kit.edu,peer,111410742,111410742,0
run_002,removal,removal_1772977170,remove-irs3-member1-1772977170,remove-irs3-member1-1772977170,30,removal_approved,reshare_started,2026-03-08T13:39:51.437627212Z,2026-03-08T13:39:53.393568Z,/var/lib/docker/volumes,fabric_peer1.irs3.kit.edu,other,111409316,111409316,0
run_002,removal,removal_1772977170,remove-irs3-member1-1772977170,remove-irs3-member1-1772977170,30,removal_approved,reshare_started,2026-03-08T13:39:51.437627212Z,2026-03-08T13:39:53.393568Z,/var/lib/docker/volumes,fabric_peer2.irs3.kit.edu,other,111410735,111410735,0
run_002,removal,removal_1772977170,remove-irs3-member1-1772977170,remove-irs3-member1-1772977170,30,removal_approved,reshare_started,2026-03-08T13:39:51.437627212Z,2026-03-08T13:39:53.393568Z,/var/lib/docker/volumes,fabric_peer3.irs3.kit.edu,other,111409313,111409313,0
run_002,removal,removal_1772977170,remove-irs3-member1-1772977170,remove-irs3-member1-1772977170,30,reshare_started,reshare_completed,2026-03-08T13:39:53.393568Z,2026-03-08T13:44:58.938815356Z,/var/lib/docker/volumes,07323924f55a40af409ae862fc14ab08f2d8c06ba282f174beb7e74ff5782926,other,NA,NA,
run_002,removal,removal_1772977170,remove-irs3-member1-1772977170,remove-irs3-member1-1772977170,30,reshare_started,reshare_completed,2026-03-08T13:39:53.393568Z,2026-03-08T13:44:58.938815356Z,/var/lib/docker/volumes,301473890dade69bfa0d19b444d1f0769b67a90d1197c166d84af2511e48f916,other,49770,49770,0
run_002,removal,removal_1772977170,remove-irs3-member1-1772977170,remove-irs3-member1-1772977170,30,reshare_started,reshare_completed,2026-03-08T13:39:53.393568Z,2026-03-08T13:44:58.938815356Z,/var/lib/docker/volumes,6b7bb91b53bcbfeb56b486bba478d97728a3c0004c18649976daaade961a2721,other,NA,NA,
run_002,removal,removal_1772977170,remove-irs3-member1-1772977170,remove-irs3-member1-1772977170,30,reshare_started,reshare_completed,2026-03-08T13:39:53.393568Z,2026-03-08T13:44:58.938815356Z,/var/lib/docker/volumes,791e62bfc17bf044236c3dcb5d77ec82610b27aa4d5f3c78aff2e2842f98f9ee,other,NA,NA,
run_002,removal,removal_1772977170,remove-irs3-member1-1772977170,remove-irs3-member1-1772977170,30,reshare_started,reshare_completed,2026-03-08T13:39:53.393568Z,2026-03-08T13:44:58.938815356Z,/var/lib/docker/volumes,86e46c7349c98bd170ab7467b42f5b1a8fcf1438535fca6ee74a0dcce3856102,other,NA,NA,
run_002,removal,removal_1772977170,remove-irs3-member1-1772977170,remove-irs3-member1-1772977170,30,reshare_started,reshare_completed,2026-03-08T13:39:53.393568Z,2026-03-08T13:44:58.938815356Z,/var/lib/docker/volumes,99ac8c723665556c954d288ca00335f1fae5493d384cb656ecf5a945cc9ae3b8,other,NA,NA,
run_002,removal,removal_1772977170,remove-irs3-member1-1772977170,remove-irs3-member1-1772977170,30,reshare_started,reshare_completed,2026-03-08T13:39:53.393568Z,2026-03-08T13:44:58.938815356Z,/var/lib/docker/volumes,ab96d922f06ec7a94f1b5200e75e480c9ed7eba86fbbe33b5cb9edbe031c6ea8,other,49770,49770,0
run_002,removal,removal_1772977170,remove-irs3-member1-1772977170,remove-irs3-member1-1772977170,30,reshare_started,reshare_completed,2026-03-08T13:39:53.393568Z,2026-03-08T13:44:58.938815356Z,/var/lib/docker/volumes,c58c4c31a22da439d2b7f591fd40cdcdd9bb8458f543e682f66d858083ef9ea8,other,NA,NA,
run_002,removal,removal_1772977170,remove-irs3-member1-1772977170,remove-irs3-member1-1772977170,30,reshare_started,reshare_completed,2026-03-08T13:39:53.393568Z,2026-03-08T13:44:58.938815356Z,/var/lib/docker/volumes,d9b7785a06954372515977133a1213437b80c5db1517196ca5e26134d3413ccf,other,NA,NA,
run_002,removal,removal_1772977170,remove-irs3-member1-1772977170,remove-irs3-member1-1772977170,30,reshare_started,reshare_completed,2026-03-08T13:39:53.393568Z,2026-03-08T13:44:58.938815356Z,/var/lib/docker/volumes,dfb0ca7b4b9cad4ec8515f6484cd89e2febfe10817782070636d5b3db6848438,other,NA,NA,
run_002,removal,removal_1772977170,remove-irs3-member1-1772977170,remove-irs3-member1-1772977170,30,reshare_started,reshare_completed,2026-03-08T13:39:53.393568Z,2026-03-08T13:44:58.938815356Z,/var/lib/docker/volumes,fabric_orderer.kit.edu,orderer,273263642,279971137,6707495
run_002,removal,removal_1772977170,remove-irs3-member1-1772977170,remove-irs3-member1-1772977170,30,reshare_started,reshare_completed,2026-03-08T13:39:53.393568Z,2026-03-08T13:44:58.938815356Z,/var/lib/docker/volumes,fabric_peer0.irs1.kit.edu,other,5006,5006,0
run_002,removal,removal_1772977170,remove-irs3-member1-1772977170,remove-irs3-member1-1772977170,30,reshare_started,reshare_completed,2026-03-08T13:39:53.393568Z,2026-03-08T13:44:58.938815356Z,/var/lib/docker/volumes,fabric_peer0.irs3.kit.edu,peer,111410742,118613285,7202543
run_002,removal,removal_1772977170,remove-irs3-member1-1772977170,remove-irs3-member1-1772977170,30,reshare_started,reshare_completed,2026-03-08T13:39:53.393568Z,2026-03-08T13:44:58.938815356Z,/var/lib/docker/volumes,fabric_peer1.irs3.kit.edu,other,111409316,118611859,7202543
run_002,removal,removal_1772977170,remove-irs3-member1-1772977170,remove-irs3-member1-1772977170,30,reshare_started,reshare_completed,2026-03-08T13:39:53.393568Z,2026-03-08T13:44:58.938815356Z,/var/lib/docker/volumes,fabric_peer2.irs3.kit.edu,other,111410735,118613278,7202543
run_002,removal,removal_1772977170,remove-irs3-member1-1772977170,remove-irs3-member1-1772977170,30,reshare_started,reshare_completed,2026-03-08T13:39:53.393568Z,2026-03-08T13:44:58.938815356Z,/var/lib/docker/volumes,fabric_peer3.irs3.kit.edu,other,111409313,118611856,7202543
run_002,removal,removal_1772977170,remove-irs3-member1-1772977170,remove-irs3-member1-1772977170,30,reshare_completed,operation_end,2026-03-08T13:44:58.938815356Z,2026-03-08T13:45:00.993675Z,/var/lib/docker/volumes,07323924f55a40af409ae862fc14ab08f2d8c06ba282f174beb7e74ff5782926,other,NA,NA,
run_002,removal,removal_1772977170,remove-irs3-member1-1772977170,remove-irs3-member1-1772977170,30,reshare_completed,operation_end,2026-03-08T13:44:58.938815356Z,2026-03-08T13:45:00.993675Z,/var/lib/docker/volumes,301473890dade69bfa0d19b444d1f0769b67a90d1197c166d84af2511e48f916,other,49770,49770,0
run_002,removal,removal_1772977170,remove-irs3-member1-1772977170,remove-irs3-member1-1772977170,30,reshare_completed,operation_end,2026-03-08T13:44:58.938815356Z,2026-03-08T13:45:00.993675Z,/var/lib/docker/volumes,6b7bb91b53bcbfeb56b486bba478d97728a3c0004c18649976daaade961a2721,other,NA,NA,
run_002,removal,removal_1772977170,remove-irs3-member1-1772977170,remove-irs3-member1-1772977170,30,reshare_completed,operation_end,2026-03-08T13:44:58.938815356Z,2026-03-08T13:45:00.993675Z,/var/lib/docker/volumes,791e62bfc17bf044236c3dcb5d77ec82610b27aa4d5f3c78aff2e2842f98f9ee,other,NA,NA,
run_002,removal,removal_1772977170,remove-irs3-member1-1772977170,remove-irs3-member1-1772977170,30,reshare_completed,operation_end,2026-03-08T13:44:58.938815356Z,2026-03-08T13:45:00.993675Z,/var/lib/docker/volumes,86e46c7349c98bd170ab7467b42f5b1a8fcf1438535fca6ee74a0dcce3856102,other,NA,NA,
run_002,removal,removal_1772977170,remove-irs3-member1-1772977170,remove-irs3-member1-1772977170,30,reshare_completed,operation_end,2026-03-08T13:44:58.938815356Z,2026-03-08T13:45:00.993675Z,/var/lib/docker/volumes,99ac8c723665556c954d288ca00335f1fae5493d384cb656ecf5a945cc9ae3b8,other,NA,NA,
run_002,removal,removal_1772977170,remove-irs3-member1-1772977170,remove-irs3-member1-1772977170,30,reshare_completed,operation_end,2026-03-08T13:44:58.938815356Z,2026-03-08T13:45:00.993675Z,/var/lib/docker/volumes,ab96d922f06ec7a94f1b5200e75e480c9ed7eba86fbbe33b5cb9edbe031c6ea8,other,49770,49770,0
run_002,removal,removal_1772977170,remove-irs3-member1-1772977170,remove-irs3-member1-1772977170,30,reshare_completed,operation_end,2026-03-08T13:44:58.938815356Z,2026-03-08T13:45:00.993675Z,/var/lib/docker/volumes,c58c4c31a22da439d2b7f591fd40cdcdd9bb8458f543e682f66d858083ef9ea8,other,NA,NA,
run_002,removal,removal_1772977170,remove-irs3-member1-1772977170,remove-irs3-member1-1772977170,30,reshare_completed,operation_end,2026-03-08T13:44:58.938815356Z,2026-03-08T13:45:00.993675Z,/var/lib/docker/volumes,d9b7785a06954372515977133a1213437b80c5db1517196ca5e26134d3413ccf,other,NA,NA,
run_002,removal,removal_1772977170,remove-irs3-member1-1772977170,remove-irs3-member1-1772977170,30,reshare_completed,operation_end,2026-03-08T13:44:58.938815356Z,2026-03-08T13:45:00.993675Z,/var/lib/docker/volumes,dfb0ca7b4b9cad4ec8515f6484cd89e2febfe10817782070636d5b3db6848438,other,NA,NA,
run_002,removal,removal_1772977170,remove-irs3-member1-1772977170,remove-irs3-member1-1772977170,30,reshare_completed,operation_end,2026-03-08T13:44:58.938815356Z,2026-03-08T13:45:00.993675Z,/var/lib/docker/volumes,fabric_orderer.kit.edu,orderer,279971137,279971137,0
run_002,removal,removal_1772977170,remove-irs3-member1-1772977170,remove-irs3-member1-1772977170,30,reshare_completed,operation_end,2026-03-08T13:44:58.938815356Z,2026-03-08T13:45:00.993675Z,/var/lib/docker/volumes,fabric_peer0.irs1.kit.edu,other,5006,5006,0
run_002,removal,removal_1772977170,remove-irs3-member1-1772977170,remove-irs3-member1-1772977170,30,reshare_completed,operation_end,2026-03-08T13:44:58.938815356Z,2026-03-08T13:45:00.993675Z,/var/lib/docker/volumes,fabric_peer0.irs3.kit.edu,peer,118613285,118613285,0
run_002,removal,removal_1772977170,remove-irs3-member1-1772977170,remove-irs3-member1-1772977170,30,reshare_completed,operation_end,2026-03-08T13:44:58.938815356Z,2026-03-08T13:45:00.993675Z,/var/lib/docker/volumes,fabric_peer1.irs3.kit.edu,other,118611859,118611859,0
run_002,removal,removal_1772977170,remove-irs3-member1-1772977170,remove-irs3-member1-1772977170,30,reshare_completed,operation_end,2026-03-08T13:44:58.938815356Z,2026-03-08T13:45:00.993675Z,/var/lib/docker/volumes,fabric_peer2.irs3.kit.edu,other,118613278,118613278,0
run_002,removal,removal_1772977170,remove-irs3-member1-1772977170,remove-irs3-member1-1772977170,30,reshare_completed,operation_end,2026-03-08T13:44:58.938815356Z,2026-03-08T13:45:00.993675Z,/var/lib/docker/volumes,fabric_peer3.irs3.kit.edu,other,118611856,118611856,0
run_002,join,join_1772977519,join-irs3-1772977519,join-irs3-1772977519,31,operation_start,join_submit_done,2026-03-08T13:45:19.717117Z,2026-03-08T13:45:22.122797Z,/var/lib/docker/volumes,07323924f55a40af409ae862fc14ab08f2d8c06ba282f174beb7e74ff5782926,other,NA,NA,
run_002,join,join_1772977519,join-irs3-1772977519,join-irs3-1772977519,31,operation_start,join_submit_done,2026-03-08T13:45:19.717117Z,2026-03-08T13:45:22.122797Z,/var/lib/docker/volumes,301473890dade69bfa0d19b444d1f0769b67a90d1197c166d84af2511e48f916,other,49770,49770,0
run_002,join,join_1772977519,join-irs3-1772977519,join-irs3-1772977519,31,operation_start,join_submit_done,2026-03-08T13:45:19.717117Z,2026-03-08T13:45:22.122797Z,/var/lib/docker/volumes,6b7bb91b53bcbfeb56b486bba478d97728a3c0004c18649976daaade961a2721,other,NA,NA,
run_002,join,join_1772977519,join-irs3-1772977519,join-irs3-1772977519,31,operation_start,join_submit_done,2026-03-08T13:45:19.717117Z,2026-03-08T13:45:22.122797Z,/var/lib/docker/volumes,791e62bfc17bf044236c3dcb5d77ec82610b27aa4d5f3c78aff2e2842f98f9ee,other,NA,NA,
run_002,join,join_1772977519,join-irs3-1772977519,join-irs3-1772977519,31,operation_start,join_submit_done,2026-03-08T13:45:19.717117Z,2026-03-08T13:45:22.122797Z,/var/lib/docker/volumes,86e46c7349c98bd170ab7467b42f5b1a8fcf1438535fca6ee74a0dcce3856102,other,NA,NA,
run_002,join,join_1772977519,join-irs3-1772977519,join-irs3-1772977519,31,operation_start,join_submit_done,2026-03-08T13:45:19.717117Z,2026-03-08T13:45:22.122797Z,/var/lib/docker/volumes,99ac8c723665556c954d288ca00335f1fae5493d384cb656ecf5a945cc9ae3b8,other,NA,NA,
run_002,join,join_1772977519,join-irs3-1772977519,join-irs3-1772977519,31,operation_start,join_submit_done,2026-03-08T13:45:19.717117Z,2026-03-08T13:45:22.122797Z,/var/lib/docker/volumes,ab96d922f06ec7a94f1b5200e75e480c9ed7eba86fbbe33b5cb9edbe031c6ea8,other,49770,49770,0
run_002,join,join_1772977519,join-irs3-1772977519,join-irs3-1772977519,31,operation_start,join_submit_done,2026-03-08T13:45:19.717117Z,2026-03-08T13:45:22.122797Z,/var/lib/docker/volumes,c58c4c31a22da439d2b7f591fd40cdcdd9bb8458f543e682f66d858083ef9ea8,other,NA,NA,
run_002,join,join_1772977519,join-irs3-1772977519,join-irs3-1772977519,31,operation_start,join_submit_done,2026-03-08T13:45:19.717117Z,2026-03-08T13:45:22.122797Z,/var/lib/docker/volumes,d9b7785a06954372515977133a1213437b80c5db1517196ca5e26134d3413ccf,other,NA,NA,
run_002,join,join_1772977519,join-irs3-1772977519,join-irs3-1772977519,31,operation_start,join_submit_done,2026-03-08T13:45:19.717117Z,2026-03-08T13:45:22.122797Z,/var/lib/docker/volumes,dfb0ca7b4b9cad4ec8515f6484cd89e2febfe10817782070636d5b3db6848438,other,NA,NA,
run_002,join,join_1772977519,join-irs3-1772977519,join-irs3-1772977519,31,operation_start,join_submit_done,2026-03-08T13:45:19.717117Z,2026-03-08T13:45:22.122797Z,/var/lib/docker/volumes,fabric_orderer.kit.edu,orderer,279971137,279980360,9223
run_002,join,join_1772977519,join-irs3-1772977519,join-irs3-1772977519,31,operation_start,join_submit_done,2026-03-08T13:45:19.717117Z,2026-03-08T13:45:22.122797Z,/var/lib/docker/volumes,fabric_peer0.irs1.kit.edu,other,5006,5006,0
run_002,join,join_1772977519,join-irs3-1772977519,join-irs3-1772977519,31,operation_start,join_submit_done,2026-03-08T13:45:19.717117Z,2026-03-08T13:45:22.122797Z,/var/lib/docker/volumes,fabric_peer0.irs3.kit.edu,peer,118613285,118624407,11122
run_002,join,join_1772977519,join-irs3-1772977519,join-irs3-1772977519,31,operation_start,join_submit_done,2026-03-08T13:45:19.717117Z,2026-03-08T13:45:22.122797Z,/var/lib/docker/volumes,fabric_peer1.irs3.kit.edu,other,118611859,118622981,11122
run_002,join,join_1772977519,join-irs3-1772977519,join-irs3-1772977519,31,operation_start,join_submit_done,2026-03-08T13:45:19.717117Z,2026-03-08T13:45:22.122797Z,/var/lib/docker/volumes,fabric_peer2.irs3.kit.edu,other,118613278,118624400,11122
run_002,join,join_1772977519,join-irs3-1772977519,join-irs3-1772977519,31,operation_start,join_submit_done,2026-03-08T13:45:19.717117Z,2026-03-08T13:45:22.122797Z,/var/lib/docker/volumes,fabric_peer3.irs3.kit.edu,other,118611856,118622978,11122
run_002,join,join_1772977519,join-irs3-1772977519,join-irs3-1772977519,31,join_submit_done,join_voted,2026-03-08T13:45:22.122797Z,2026-03-08T13:45:25.476774422Z,/var/lib/docker/volumes,07323924f55a40af409ae862fc14ab08f2d8c06ba282f174beb7e74ff5782926,other,NA,NA,
run_002,join,join_1772977519,join-irs3-1772977519,join-irs3-1772977519,31,join_submit_done,join_voted,2026-03-08T13:45:22.122797Z,2026-03-08T13:45:25.476774422Z,/var/lib/docker/volumes,301473890dade69bfa0d19b444d1f0769b67a90d1197c166d84af2511e48f916,other,49770,49770,0
run_002,join,join_1772977519,join-irs3-1772977519,join-irs3-1772977519,31,join_submit_done,join_voted,2026-03-08T13:45:22.122797Z,2026-03-08T13:45:25.476774422Z,/var/lib/docker/volumes,6b7bb91b53bcbfeb56b486bba478d97728a3c0004c18649976daaade961a2721,other,NA,NA,
run_002,join,join_1772977519,join-irs3-1772977519,join-irs3-1772977519,31,join_submit_done,join_voted,2026-03-08T13:45:22.122797Z,2026-03-08T13:45:25.476774422Z,/var/lib/docker/volumes,791e62bfc17bf044236c3dcb5d77ec82610b27aa4d5f3c78aff2e2842f98f9ee,other,NA,NA,
run_002,join,join_1772977519,join-irs3-1772977519,join-irs3-1772977519,31,join_submit_done,join_voted,2026-03-08T13:45:22.122797Z,2026-03-08T13:45:25.476774422Z,/var/lib/docker/volumes,86e46c7349c98bd170ab7467b42f5b1a8fcf1438535fca6ee74a0dcce3856102,other,NA,NA,
run_002,join,join_1772977519,join-irs3-1772977519,join-irs3-1772977519,31,join_submit_done,join_voted,2026-03-08T13:45:22.122797Z,2026-03-08T13:45:25.476774422Z,/var/lib/docker/volumes,99ac8c723665556c954d288ca00335f1fae5493d384cb656ecf5a945cc9ae3b8,other,NA,NA,
run_002,join,join_1772977519,join-irs3-1772977519,join-irs3-1772977519,31,join_submit_done,join_voted,2026-03-08T13:45:22.122797Z,2026-03-08T13:45:25.476774422Z,/var/lib/docker/volumes,ab96d922f06ec7a94f1b5200e75e480c9ed7eba86fbbe33b5cb9edbe031c6ea8,other,49770,49770,0
run_002,join,join_1772977519,join-irs3-1772977519,join-irs3-1772977519,31,join_submit_done,join_voted,2026-03-08T13:45:22.122797Z,2026-03-08T13:45:25.476774422Z,/var/lib/docker/volumes,c58c4c31a22da439d2b7f591fd40cdcdd9bb8458f543e682f66d858083ef9ea8,other,NA,NA,
run_002,join,join_1772977519,join-irs3-1772977519,join-irs3-1772977519,31,join_submit_done,join_voted,2026-03-08T13:45:22.122797Z,2026-03-08T13:45:25.476774422Z,/var/lib/docker/volumes,d9b7785a06954372515977133a1213437b80c5db1517196ca5e26134d3413ccf,other,NA,NA,
run_002,join,join_1772977519,join-irs3-1772977519,join-irs3-1772977519,31,join_submit_done,join_voted,2026-03-08T13:45:22.122797Z,2026-03-08T13:45:25.476774422Z,/var/lib/docker/volumes,dfb0ca7b4b9cad4ec8515f6484cd89e2febfe10817782070636d5b3db6848438,other,NA,NA,
run_002,join,join_1772977519,join-irs3-1772977519,join-irs3-1772977519,31,join_submit_done,join_voted,2026-03-08T13:45:22.122797Z,2026-03-08T13:45:25.476774422Z,/var/lib/docker/volumes,fabric_orderer.kit.edu,orderer,279980360,280037659,57299
run_002,join,join_1772977519,join-irs3-1772977519,join-irs3-1772977519,31,join_submit_done,join_voted,2026-03-08T13:45:22.122797Z,2026-03-08T13:45:25.476774422Z,/var/lib/docker/volumes,fabric_peer0.irs1.kit.edu,other,5006,5006,0
run_002,join,join_1772977519,join-irs3-1772977519,join-irs3-1772977519,31,join_submit_done,join_voted,2026-03-08T13:45:22.122797Z,2026-03-08T13:45:25.476774422Z,/var/lib/docker/volumes,fabric_peer0.irs3.kit.edu,peer,118624407,118685352,60945
run_002,join,join_1772977519,join-irs3-1772977519,join-irs3-1772977519,31,join_submit_done,join_voted,2026-03-08T13:45:22.122797Z,2026-03-08T13:45:25.476774422Z,/var/lib/docker/volumes,fabric_peer1.irs3.kit.edu,other,118622981,118683926,60945
run_002,join,join_1772977519,join-irs3-1772977519,join-irs3-1772977519,31,join_submit_done,join_voted,2026-03-08T13:45:22.122797Z,2026-03-08T13:45:25.476774422Z,/var/lib/docker/volumes,fabric_peer2.irs3.kit.edu,other,118624400,118685345,60945
run_002,join,join_1772977519,join-irs3-1772977519,join-irs3-1772977519,31,join_submit_done,join_voted,2026-03-08T13:45:22.122797Z,2026-03-08T13:45:25.476774422Z,/var/lib/docker/volumes,fabric_peer3.irs3.kit.edu,other,118622978,118683923,60945
run_002,join,join_1772977519,join-irs3-1772977519,join-irs3-1772977519,31,join_voted,join_approved,2026-03-08T13:45:25.476774422Z,2026-03-08T13:45:44.728520755Z,/var/lib/docker/volumes,07323924f55a40af409ae862fc14ab08f2d8c06ba282f174beb7e74ff5782926,other,NA,NA,
run_002,join,join_1772977519,join-irs3-1772977519,join-irs3-1772977519,31,join_voted,join_approved,2026-03-08T13:45:25.476774422Z,2026-03-08T13:45:44.728520755Z,/var/lib/docker/volumes,301473890dade69bfa0d19b444d1f0769b67a90d1197c166d84af2511e48f916,other,49770,49770,0
run_002,join,join_1772977519,join-irs3-1772977519,join-irs3-1772977519,31,join_voted,join_approved,2026-03-08T13:45:25.476774422Z,2026-03-08T13:45:44.728520755Z,/var/lib/docker/volumes,6b7bb91b53bcbfeb56b486bba478d97728a3c0004c18649976daaade961a2721,other,NA,NA,
run_002,join,join_1772977519,join-irs3-1772977519,join-irs3-1772977519,31,join_voted,join_approved,2026-03-08T13:45:25.476774422Z,2026-03-08T13:45:44.728520755Z,/var/lib/docker/volumes,791e62bfc17bf044236c3dcb5d77ec82610b27aa4d5f3c78aff2e2842f98f9ee,other,NA,NA,
run_002,join,join_1772977519,join-irs3-1772977519,join-irs3-1772977519,31,join_voted,join_approved,2026-03-08T13:45:25.476774422Z,2026-03-08T13:45:44.728520755Z,/var/lib/docker/volumes,86e46c7349c98bd170ab7467b42f5b1a8fcf1438535fca6ee74a0dcce3856102,other,NA,NA,
run_002,join,join_1772977519,join-irs3-1772977519,join-irs3-1772977519,31,join_voted,join_approved,2026-03-08T13:45:25.476774422Z,2026-03-08T13:45:44.728520755Z,/var/lib/docker/volumes,99ac8c723665556c954d288ca00335f1fae5493d384cb656ecf5a945cc9ae3b8,other,NA,NA,
run_002,join,join_1772977519,join-irs3-1772977519,join-irs3-1772977519,31,join_voted,join_approved,2026-03-08T13:45:25.476774422Z,2026-03-08T13:45:44.728520755Z,/var/lib/docker/volumes,ab96d922f06ec7a94f1b5200e75e480c9ed7eba86fbbe33b5cb9edbe031c6ea8,other,49770,49770,0
run_002,join,join_1772977519,join-irs3-1772977519,join-irs3-1772977519,31,join_voted,join_approved,2026-03-08T13:45:25.476774422Z,2026-03-08T13:45:44.728520755Z,/var/lib/docker/volumes,c58c4c31a22da439d2b7f591fd40cdcdd9bb8458f543e682f66d858083ef9ea8,other,NA,NA,
run_002,join,join_1772977519,join-irs3-1772977519,join-irs3-1772977519,31,join_voted,join_approved,2026-03-08T13:45:25.476774422Z,2026-03-08T13:45:44.728520755Z,/var/lib/docker/volumes,d9b7785a06954372515977133a1213437b80c5db1517196ca5e26134d3413ccf,other,NA,NA,
run_002,join,join_1772977519,join-irs3-1772977519,join-irs3-1772977519,31,join_voted,join_approved,2026-03-08T13:45:25.476774422Z,2026-03-08T13:45:44.728520755Z,/var/lib/docker/volumes,dfb0ca7b4b9cad4ec8515f6484cd89e2febfe10817782070636d5b3db6848438,other,NA,NA,
run_002,join,join_1772977519,join-irs3-1772977519,join-irs3-1772977519,31,join_voted,join_approved,2026-03-08T13:45:25.476774422Z,2026-03-08T13:45:44.728520755Z,/var/lib/docker/volumes,fabric_orderer.kit.edu,orderer,280037659,280867760,830101
run_002,join,join_1772977519,join-irs3-1772977519,join-irs3-1772977519,31,join_voted,join_approved,2026-03-08T13:45:25.476774422Z,2026-03-08T13:45:44.728520755Z,/var/lib/docker/volumes,fabric_peer0.irs1.kit.edu,other,5006,5006,0
run_002,join,join_1772977519,join-irs3-1772977519,join-irs3-1772977519,31,join_voted,join_approved,2026-03-08T13:45:25.476774422Z,2026-03-08T13:45:44.728520755Z,/var/lib/docker/volumes,fabric_peer0.irs3.kit.edu,peer,118685352,119578748,893396
run_002,join,join_1772977519,join-irs3-1772977519,join-irs3-1772977519,31,join_voted,join_approved,2026-03-08T13:45:25.476774422Z,2026-03-08T13:45:44.728520755Z,/var/lib/docker/volumes,fabric_peer1.irs3.kit.edu,other,118683926,119577322,893396
run_002,join,join_1772977519,join-irs3-1772977519,join-irs3-1772977519,31,join_voted,join_approved,2026-03-08T13:45:25.476774422Z,2026-03-08T13:45:44.728520755Z,/var/lib/docker/volumes,fabric_peer2.irs3.kit.edu,other,118685345,119578741,893396
run_002,join,join_1772977519,join-irs3-1772977519,join-irs3-1772977519,31,join_voted,join_approved,2026-03-08T13:45:25.476774422Z,2026-03-08T13:45:44.728520755Z,/var/lib/docker/volumes,fabric_peer3.irs3.kit.edu,other,118683923,119577319,893396
run_002,join,join_1772977519,join-irs3-1772977519,join-irs3-1772977519,31,join_approved,reshare_started,2026-03-08T13:45:44.728520755Z,2026-03-08T13:45:46.797924Z,/var/lib/docker/volumes,07323924f55a40af409ae862fc14ab08f2d8c06ba282f174beb7e74ff5782926,other,NA,NA,
run_002,join,join_1772977519,join-irs3-1772977519,join-irs3-1772977519,31,join_approved,reshare_started,2026-03-08T13:45:44.728520755Z,2026-03-08T13:45:46.797924Z,/var/lib/docker/volumes,301473890dade69bfa0d19b444d1f0769b67a90d1197c166d84af2511e48f916,other,49770,49770,0
run_002,join,join_1772977519,join-irs3-1772977519,join-irs3-1772977519,31,join_approved,reshare_started,2026-03-08T13:45:44.728520755Z,2026-03-08T13:45:46.797924Z,/var/lib/docker/volumes,6b7bb91b53bcbfeb56b486bba478d97728a3c0004c18649976daaade961a2721,other,NA,NA,
run_002,join,join_1772977519,join-irs3-1772977519,join-irs3-1772977519,31,join_approved,reshare_started,2026-03-08T13:45:44.728520755Z,2026-03-08T13:45:46.797924Z,/var/lib/docker/volumes,791e62bfc17bf044236c3dcb5d77ec82610b27aa4d5f3c78aff2e2842f98f9ee,other,NA,NA,
run_002,join,join_1772977519,join-irs3-1772977519,join-irs3-1772977519,31,join_approved,reshare_started,2026-03-08T13:45:44.728520755Z,2026-03-08T13:45:46.797924Z,/var/lib/docker/volumes,86e46c7349c98bd170ab7467b42f5b1a8fcf1438535fca6ee74a0dcce3856102,other,NA,NA,
run_002,join,join_1772977519,join-irs3-1772977519,join-irs3-1772977519,31,join_approved,reshare_started,2026-03-08T13:45:44.728520755Z,2026-03-08T13:45:46.797924Z,/var/lib/docker/volumes,99ac8c723665556c954d288ca00335f1fae5493d384cb656ecf5a945cc9ae3b8,other,NA,NA,
run_002,join,join_1772977519,join-irs3-1772977519,join-irs3-1772977519,31,join_approved,reshare_started,2026-03-08T13:45:44.728520755Z,2026-03-08T13:45:46.797924Z,/var/lib/docker/volumes,ab96d922f06ec7a94f1b5200e75e480c9ed7eba86fbbe33b5cb9edbe031c6ea8,other,49770,49770,0
run_002,join,join_1772977519,join-irs3-1772977519,join-irs3-1772977519,31,join_approved,reshare_started,2026-03-08T13:45:44.728520755Z,2026-03-08T13:45:46.797924Z,/var/lib/docker/volumes,c58c4c31a22da439d2b7f591fd40cdcdd9bb8458f543e682f66d858083ef9ea8,other,NA,NA,
run_002,join,join_1772977519,join-irs3-1772977519,join-irs3-1772977519,31,join_approved,reshare_started,2026-03-08T13:45:44.728520755Z,2026-03-08T13:45:46.797924Z,/var/lib/docker/volumes,d9b7785a06954372515977133a1213437b80c5db1517196ca5e26134d3413ccf,other,NA,NA,
run_002,join,join_1772977519,join-irs3-1772977519,join-irs3-1772977519,31,join_approved,reshare_started,2026-03-08T13:45:44.728520755Z,2026-03-08T13:45:46.797924Z,/var/lib/docker/volumes,dfb0ca7b4b9cad4ec8515f6484cd89e2febfe10817782070636d5b3db6848438,other,NA,NA,
run_002,join,join_1772977519,join-irs3-1772977519,join-irs3-1772977519,31,join_approved,reshare_started,2026-03-08T13:45:44.728520755Z,2026-03-08T13:45:46.797924Z,/var/lib/docker/volumes,fabric_orderer.kit.edu,orderer,280867760,280867760,0
run_002,join,join_1772977519,join-irs3-1772977519,join-irs3-1772977519,31,join_approved,reshare_started,2026-03-08T13:45:44.728520755Z,2026-03-08T13:45:46.797924Z,/var/lib/docker/volumes,fabric_peer0.irs1.kit.edu,other,5006,5006,0
run_002,join,join_1772977519,join-irs3-1772977519,join-irs3-1772977519,31,join_approved,reshare_started,2026-03-08T13:45:44.728520755Z,2026-03-08T13:45:46.797924Z,/var/lib/docker/volumes,fabric_peer0.irs3.kit.edu,peer,119578748,119578748,0
run_002,join,join_1772977519,join-irs3-1772977519,join-irs3-1772977519,31,join_approved,reshare_started,2026-03-08T13:45:44.728520755Z,2026-03-08T13:45:46.797924Z,/var/lib/docker/volumes,fabric_peer1.irs3.kit.edu,other,119577322,119577322,0
run_002,join,join_1772977519,join-irs3-1772977519,join-irs3-1772977519,31,join_approved,reshare_started,2026-03-08T13:45:44.728520755Z,2026-03-08T13:45:46.797924Z,/var/lib/docker/volumes,fabric_peer2.irs3.kit.edu,other,119578741,119578741,0
run_002,join,join_1772977519,join-irs3-1772977519,join-irs3-1772977519,31,join_approved,reshare_started,2026-03-08T13:45:44.728520755Z,2026-03-08T13:45:46.797924Z,/var/lib/docker/volumes,fabric_peer3.irs3.kit.edu,other,119577319,119577319,0
run_002,join,join_1772977519,join-irs3-1772977519,join-irs3-1772977519,31,reshare_started,reshare_completed,2026-03-08T13:45:46.797924Z,2026-03-08T13:49:47.357511728Z,/var/lib/docker/volumes,07323924f55a40af409ae862fc14ab08f2d8c06ba282f174beb7e74ff5782926,other,NA,NA,
run_002,join,join_1772977519,join-irs3-1772977519,join-irs3-1772977519,31,reshare_started,reshare_completed,2026-03-08T13:45:46.797924Z,2026-03-08T13:49:47.357511728Z,/var/lib/docker/volumes,301473890dade69bfa0d19b444d1f0769b67a90d1197c166d84af2511e48f916,other,49770,49770,0
run_002,join,join_1772977519,join-irs3-1772977519,join-irs3-1772977519,31,reshare_started,reshare_completed,2026-03-08T13:45:46.797924Z,2026-03-08T13:49:47.357511728Z,/var/lib/docker/volumes,6b7bb91b53bcbfeb56b486bba478d97728a3c0004c18649976daaade961a2721,other,NA,NA,
run_002,join,join_1772977519,join-irs3-1772977519,join-irs3-1772977519,31,reshare_started,reshare_completed,2026-03-08T13:45:46.797924Z,2026-03-08T13:49:47.357511728Z,/var/lib/docker/volumes,791e62bfc17bf044236c3dcb5d77ec82610b27aa4d5f3c78aff2e2842f98f9ee,other,NA,NA,
run_002,join,join_1772977519,join-irs3-1772977519,join-irs3-1772977519,31,reshare_started,reshare_completed,2026-03-08T13:45:46.797924Z,2026-03-08T13:49:47.357511728Z,/var/lib/docker/volumes,86e46c7349c98bd170ab7467b42f5b1a8fcf1438535fca6ee74a0dcce3856102,other,NA,NA,
run_002,join,join_1772977519,join-irs3-1772977519,join-irs3-1772977519,31,reshare_started,reshare_completed,2026-03-08T13:45:46.797924Z,2026-03-08T13:49:47.357511728Z,/var/lib/docker/volumes,99ac8c723665556c954d288ca00335f1fae5493d384cb656ecf5a945cc9ae3b8,other,NA,NA,
run_002,join,join_1772977519,join-irs3-1772977519,join-irs3-1772977519,31,reshare_started,reshare_completed,2026-03-08T13:45:46.797924Z,2026-03-08T13:49:47.357511728Z,/var/lib/docker/volumes,ab96d922f06ec7a94f1b5200e75e480c9ed7eba86fbbe33b5cb9edbe031c6ea8,other,49770,49770,0
run_002,join,join_1772977519,join-irs3-1772977519,join-irs3-1772977519,31,reshare_started,reshare_completed,2026-03-08T13:45:46.797924Z,2026-03-08T13:49:47.357511728Z,/var/lib/docker/volumes,c58c4c31a22da439d2b7f591fd40cdcdd9bb8458f543e682f66d858083ef9ea8,other,NA,NA,
run_002,join,join_1772977519,join-irs3-1772977519,join-irs3-1772977519,31,reshare_started,reshare_completed,2026-03-08T13:45:46.797924Z,2026-03-08T13:49:47.357511728Z,/var/lib/docker/volumes,d9b7785a06954372515977133a1213437b80c5db1517196ca5e26134d3413ccf,other,NA,NA,
run_002,join,join_1772977519,join-irs3-1772977519,join-irs3-1772977519,31,reshare_started,reshare_completed,2026-03-08T13:45:46.797924Z,2026-03-08T13:49:47.357511728Z,/var/lib/docker/volumes,dfb0ca7b4b9cad4ec8515f6484cd89e2febfe10817782070636d5b3db6848438,other,NA,NA,
run_002,join,join_1772977519,join-irs3-1772977519,join-irs3-1772977519,31,reshare_started,reshare_completed,2026-03-08T13:45:46.797924Z,2026-03-08T13:49:47.357511728Z,/var/lib/docker/volumes,fabric_orderer.kit.edu,orderer,280867760,283174755,2306995
run_002,join,join_1772977519,join-irs3-1772977519,join-irs3-1772977519,31,reshare_started,reshare_completed,2026-03-08T13:45:46.797924Z,2026-03-08T13:49:47.357511728Z,/var/lib/docker/volumes,fabric_peer0.irs1.kit.edu,other,5006,5006,0
run_002,join,join_1772977519,join-irs3-1772977519,join-irs3-1772977519,31,reshare_started,reshare_completed,2026-03-08T13:45:46.797924Z,2026-03-08T13:49:47.357511728Z,/var/lib/docker/volumes,fabric_peer0.irs3.kit.edu,peer,119578748,122115589,2536841
run_002,join,join_1772977519,join-irs3-1772977519,join-irs3-1772977519,31,reshare_started,reshare_completed,2026-03-08T13:45:46.797924Z,2026-03-08T13:49:47.357511728Z,/var/lib/docker/volumes,fabric_peer1.irs3.kit.edu,other,119577322,122112592,2535270
run_002,join,join_1772977519,join-irs3-1772977519,join-irs3-1772977519,31,reshare_started,reshare_completed,2026-03-08T13:45:46.797924Z,2026-03-08T13:49:47.357511728Z,/var/lib/docker/volumes,fabric_peer2.irs3.kit.edu,other,119578741,122115582,2536841
run_002,join,join_1772977519,join-irs3-1772977519,join-irs3-1772977519,31,reshare_started,reshare_completed,2026-03-08T13:45:46.797924Z,2026-03-08T13:49:47.357511728Z,/var/lib/docker/volumes,fabric_peer3.irs3.kit.edu,other,119577319,122114160,2536841
run_002,join,join_1772977519,join-irs3-1772977519,join-irs3-1772977519,31,reshare_completed,operation_end,2026-03-08T13:49:47.357511728Z,2026-03-08T13:51:42.757867Z,/var/lib/docker/volumes,07323924f55a40af409ae862fc14ab08f2d8c06ba282f174beb7e74ff5782926,other,NA,NA,
run_002,join,join_1772977519,join-irs3-1772977519,join-irs3-1772977519,31,reshare_completed,operation_end,2026-03-08T13:49:47.357511728Z,2026-03-08T13:51:42.757867Z,/var/lib/docker/volumes,301473890dade69bfa0d19b444d1f0769b67a90d1197c166d84af2511e48f916,other,49770,49770,0
run_002,join,join_1772977519,join-irs3-1772977519,join-irs3-1772977519,31,reshare_completed,operation_end,2026-03-08T13:49:47.357511728Z,2026-03-08T13:51:42.757867Z,/var/lib/docker/volumes,6b7bb91b53bcbfeb56b486bba478d97728a3c0004c18649976daaade961a2721,other,NA,NA,
run_002,join,join_1772977519,join-irs3-1772977519,join-irs3-1772977519,31,reshare_completed,operation_end,2026-03-08T13:49:47.357511728Z,2026-03-08T13:51:42.757867Z,/var/lib/docker/volumes,791e62bfc17bf044236c3dcb5d77ec82610b27aa4d5f3c78aff2e2842f98f9ee,other,NA,NA,
run_002,join,join_1772977519,join-irs3-1772977519,join-irs3-1772977519,31,reshare_completed,operation_end,2026-03-08T13:49:47.357511728Z,2026-03-08T13:51:42.757867Z,/var/lib/docker/volumes,86e46c7349c98bd170ab7467b42f5b1a8fcf1438535fca6ee74a0dcce3856102,other,NA,NA,
run_002,join,join_1772977519,join-irs3-1772977519,join-irs3-1772977519,31,reshare_completed,operation_end,2026-03-08T13:49:47.357511728Z,2026-03-08T13:51:42.757867Z,/var/lib/docker/volumes,99ac8c723665556c954d288ca00335f1fae5493d384cb656ecf5a945cc9ae3b8,other,NA,NA,
run_002,join,join_1772977519,join-irs3-1772977519,join-irs3-1772977519,31,reshare_completed,operation_end,2026-03-08T13:49:47.357511728Z,2026-03-08T13:51:42.757867Z,/var/lib/docker/volumes,ab96d922f06ec7a94f1b5200e75e480c9ed7eba86fbbe33b5cb9edbe031c6ea8,other,49770,49770,0
run_002,join,join_1772977519,join-irs3-1772977519,join-irs3-1772977519,31,reshare_completed,operation_end,2026-03-08T13:49:47.357511728Z,2026-03-08T13:51:42.757867Z,/var/lib/docker/volumes,c58c4c31a22da439d2b7f591fd40cdcdd9bb8458f543e682f66d858083ef9ea8,other,NA,NA,
run_002,join,join_1772977519,join-irs3-1772977519,join-irs3-1772977519,31,reshare_completed,operation_end,2026-03-08T13:49:47.357511728Z,2026-03-08T13:51:42.757867Z,/var/lib/docker/volumes,d9b7785a06954372515977133a1213437b80c5db1517196ca5e26134d3413ccf,other,NA,NA,
run_002,join,join_1772977519,join-irs3-1772977519,join-irs3-1772977519,31,reshare_completed,operation_end,2026-03-08T13:49:47.357511728Z,2026-03-08T13:51:42.757867Z,/var/lib/docker/volumes,dfb0ca7b4b9cad4ec8515f6484cd89e2febfe10817782070636d5b3db6848438,other,NA,NA,
run_002,join,join_1772977519,join-irs3-1772977519,join-irs3-1772977519,31,reshare_completed,operation_end,2026-03-08T13:49:47.357511728Z,2026-03-08T13:51:42.757867Z,/var/lib/docker/volumes,fabric_orderer.kit.edu,orderer,283174755,288675557,5500802
run_002,join,join_1772977519,join-irs3-1772977519,join-irs3-1772977519,31,reshare_completed,operation_end,2026-03-08T13:49:47.357511728Z,2026-03-08T13:51:42.757867Z,/var/lib/docker/volumes,fabric_peer0.irs1.kit.edu,other,5006,5006,0
run_002,join,join_1772977519,join-irs3-1772977519,join-irs3-1772977519,31,reshare_completed,operation_end,2026-03-08T13:49:47.357511728Z,2026-03-08T13:51:42.757867Z,/var/lib/docker/volumes,fabric_peer0.irs3.kit.edu,peer,122115589,128132285,6016696
run_002,join,join_1772977519,join-irs3-1772977519,join-irs3-1772977519,31,reshare_completed,operation_end,2026-03-08T13:49:47.357511728Z,2026-03-08T13:51:42.757867Z,/var/lib/docker/volumes,fabric_peer1.irs3.kit.edu,other,122112592,128130859,6018267
run_002,join,join_1772977519,join-irs3-1772977519,join-irs3-1772977519,31,reshare_completed,operation_end,2026-03-08T13:49:47.357511728Z,2026-03-08T13:51:42.757867Z,/var/lib/docker/volumes,fabric_peer2.irs3.kit.edu,other,122115582,128132278,6016696
run_002,join,join_1772977519,join-irs3-1772977519,join-irs3-1772977519,31,reshare_completed,operation_end,2026-03-08T13:49:47.357511728Z,2026-03-08T13:51:42.757867Z,/var/lib/docker/volumes,fabric_peer3.irs3.kit.edu,other,122114160,128130856,6016696
run_003,csr,csr_1772977910,csr-irs3-1772977910,csr-irs3-1772977910,,operation_start,csr_submit_done,2026-03-08T13:51:50.723047Z,2026-03-08T13:51:53.056858Z,/var/lib/docker/volumes,07323924f55a40af409ae862fc14ab08f2d8c06ba282f174beb7e74ff5782926,other,NA,NA,
run_003,csr,csr_1772977910,csr-irs3-1772977910,csr-irs3-1772977910,,operation_start,csr_submit_done,2026-03-08T13:51:50.723047Z,2026-03-08T13:51:53.056858Z,/var/lib/docker/volumes,301473890dade69bfa0d19b444d1f0769b67a90d1197c166d84af2511e48f916,other,49770,49770,0
run_003,csr,csr_1772977910,csr-irs3-1772977910,csr-irs3-1772977910,,operation_start,csr_submit_done,2026-03-08T13:51:50.723047Z,2026-03-08T13:51:53.056858Z,/var/lib/docker/volumes,6b7bb91b53bcbfeb56b486bba478d97728a3c0004c18649976daaade961a2721,other,NA,NA,
run_003,csr,csr_1772977910,csr-irs3-1772977910,csr-irs3-1772977910,,operation_start,csr_submit_done,2026-03-08T13:51:50.723047Z,2026-03-08T13:51:53.056858Z,/var/lib/docker/volumes,791e62bfc17bf044236c3dcb5d77ec82610b27aa4d5f3c78aff2e2842f98f9ee,other,NA,NA,
run_003,csr,csr_1772977910,csr-irs3-1772977910,csr-irs3-1772977910,,operation_start,csr_submit_done,2026-03-08T13:51:50.723047Z,2026-03-08T13:51:53.056858Z,/var/lib/docker/volumes,86e46c7349c98bd170ab7467b42f5b1a8fcf1438535fca6ee74a0dcce3856102,other,NA,NA,
run_003,csr,csr_1772977910,csr-irs3-1772977910,csr-irs3-1772977910,,operation_start,csr_submit_done,2026-03-08T13:51:50.723047Z,2026-03-08T13:51:53.056858Z,/var/lib/docker/volumes,99ac8c723665556c954d288ca00335f1fae5493d384cb656ecf5a945cc9ae3b8,other,NA,NA,
run_003,csr,csr_1772977910,csr-irs3-1772977910,csr-irs3-1772977910,,operation_start,csr_submit_done,2026-03-08T13:51:50.723047Z,2026-03-08T13:51:53.056858Z,/var/lib/docker/volumes,ab96d922f06ec7a94f1b5200e75e480c9ed7eba86fbbe33b5cb9edbe031c6ea8,other,49770,49770,0
run_003,csr,csr_1772977910,csr-irs3-1772977910,csr-irs3-1772977910,,operation_start,csr_submit_done,2026-03-08T13:51:50.723047Z,2026-03-08T13:51:53.056858Z,/var/lib/docker/volumes,c58c4c31a22da439d2b7f591fd40cdcdd9bb8458f543e682f66d858083ef9ea8,other,NA,NA,
run_003,csr,csr_1772977910,csr-irs3-1772977910,csr-irs3-1772977910,,operation_start,csr_submit_done,2026-03-08T13:51:50.723047Z,2026-03-08T13:51:53.056858Z,/var/lib/docker/volumes,d9b7785a06954372515977133a1213437b80c5db1517196ca5e26134d3413ccf,other,NA,NA,
run_003,csr,csr_1772977910,csr-irs3-1772977910,csr-irs3-1772977910,,operation_start,csr_submit_done,2026-03-08T13:51:50.723047Z,2026-03-08T13:51:53.056858Z,/var/lib/docker/volumes,dfb0ca7b4b9cad4ec8515f6484cd89e2febfe10817782070636d5b3db6848438,other,NA,NA,
run_003,csr,csr_1772977910,csr-irs3-1772977910,csr-irs3-1772977910,,operation_start,csr_submit_done,2026-03-08T13:51:50.723047Z,2026-03-08T13:51:53.056858Z,/var/lib/docker/volumes,fabric_orderer.kit.edu,orderer,288675557,288684118,8561
run_003,csr,csr_1772977910,csr-irs3-1772977910,csr-irs3-1772977910,,operation_start,csr_submit_done,2026-03-08T13:51:50.723047Z,2026-03-08T13:51:53.056858Z,/var/lib/docker/volumes,fabric_peer0.irs1.kit.edu,other,5006,5006,0
run_003,csr,csr_1772977910,csr-irs3-1772977910,csr-irs3-1772977910,,operation_start,csr_submit_done,2026-03-08T13:51:50.723047Z,2026-03-08T13:51:53.056858Z,/var/lib/docker/volumes,fabric_peer0.irs3.kit.edu,peer,128132285,128142996,10711
run_003,csr,csr_1772977910,csr-irs3-1772977910,csr-irs3-1772977910,,operation_start,csr_submit_done,2026-03-08T13:51:50.723047Z,2026-03-08T13:51:53.056858Z,/var/lib/docker/volumes,fabric_peer1.irs3.kit.edu,other,128130859,128141570,10711
run_003,csr,csr_1772977910,csr-irs3-1772977910,csr-irs3-1772977910,,operation_start,csr_submit_done,2026-03-08T13:51:50.723047Z,2026-03-08T13:51:53.056858Z,/var/lib/docker/volumes,fabric_peer2.irs3.kit.edu,other,128132278,128142989,10711
run_003,csr,csr_1772977910,csr-irs3-1772977910,csr-irs3-1772977910,,operation_start,csr_submit_done,2026-03-08T13:51:50.723047Z,2026-03-08T13:51:53.056858Z,/var/lib/docker/volumes,fabric_peer3.irs3.kit.edu,other,128130856,128141567,10711
run_003,csr,csr_1772977910,csr-irs3-1772977910,csr-irs3-1772977910,,csr_submit_done,csr_voted,2026-03-08T13:51:53.056858Z,2026-03-08T13:51:55.509383159Z,/var/lib/docker/volumes,07323924f55a40af409ae862fc14ab08f2d8c06ba282f174beb7e74ff5782926,other,NA,NA,
run_003,csr,csr_1772977910,csr-irs3-1772977910,csr-irs3-1772977910,,csr_submit_done,csr_voted,2026-03-08T13:51:53.056858Z,2026-03-08T13:51:55.509383159Z,/var/lib/docker/volumes,301473890dade69bfa0d19b444d1f0769b67a90d1197c166d84af2511e48f916,other,49770,49770,0
run_003,csr,csr_1772977910,csr-irs3-1772977910,csr-irs3-1772977910,,csr_submit_done,csr_voted,2026-03-08T13:51:53.056858Z,2026-03-08T13:51:55.509383159Z,/var/lib/docker/volumes,6b7bb91b53bcbfeb56b486bba478d97728a3c0004c18649976daaade961a2721,other,NA,NA,
run_003,csr,csr_1772977910,csr-irs3-1772977910,csr-irs3-1772977910,,csr_submit_done,csr_voted,2026-03-08T13:51:53.056858Z,2026-03-08T13:51:55.509383159Z,/var/lib/docker/volumes,791e62bfc17bf044236c3dcb5d77ec82610b27aa4d5f3c78aff2e2842f98f9ee,other,NA,NA,
run_003,csr,csr_1772977910,csr-irs3-1772977910,csr-irs3-1772977910,,csr_submit_done,csr_voted,2026-03-08T13:51:53.056858Z,2026-03-08T13:51:55.509383159Z,/var/lib/docker/volumes,86e46c7349c98bd170ab7467b42f5b1a8fcf1438535fca6ee74a0dcce3856102,other,NA,NA,
run_003,csr,csr_1772977910,csr-irs3-1772977910,csr-irs3-1772977910,,csr_submit_done,csr_voted,2026-03-08T13:51:53.056858Z,2026-03-08T13:51:55.509383159Z,/var/lib/docker/volumes,99ac8c723665556c954d288ca00335f1fae5493d384cb656ecf5a945cc9ae3b8,other,NA,NA,
run_003,csr,csr_1772977910,csr-irs3-1772977910,csr-irs3-1772977910,,csr_submit_done,csr_voted,2026-03-08T13:51:53.056858Z,2026-03-08T13:51:55.509383159Z,/var/lib/docker/volumes,ab96d922f06ec7a94f1b5200e75e480c9ed7eba86fbbe33b5cb9edbe031c6ea8,other,49770,49770,0
run_003,csr,csr_1772977910,csr-irs3-1772977910,csr-irs3-1772977910,,csr_submit_done,csr_voted,2026-03-08T13:51:53.056858Z,2026-03-08T13:51:55.509383159Z,/var/lib/docker/volumes,c58c4c31a22da439d2b7f591fd40cdcdd9bb8458f543e682f66d858083ef9ea8,other,NA,NA,
run_003,csr,csr_1772977910,csr-irs3-1772977910,csr-irs3-1772977910,,csr_submit_done,csr_voted,2026-03-08T13:51:53.056858Z,2026-03-08T13:51:55.509383159Z,/var/lib/docker/volumes,d9b7785a06954372515977133a1213437b80c5db1517196ca5e26134d3413ccf,other,NA,NA,
run_003,csr,csr_1772977910,csr-irs3-1772977910,csr-irs3-1772977910,,csr_submit_done,csr_voted,2026-03-08T13:51:53.056858Z,2026-03-08T13:51:55.509383159Z,/var/lib/docker/volumes,dfb0ca7b4b9cad4ec8515f6484cd89e2febfe10817782070636d5b3db6848438,other,NA,NA,
run_003,csr,csr_1772977910,csr-irs3-1772977910,csr-irs3-1772977910,,csr_submit_done,csr_voted,2026-03-08T13:51:53.056858Z,2026-03-08T13:51:55.509383159Z,/var/lib/docker/volumes,fabric_orderer.kit.edu,orderer,288684118,288827870,143752
run_003,csr,csr_1772977910,csr-irs3-1772977910,csr-irs3-1772977910,,csr_submit_done,csr_voted,2026-03-08T13:51:53.056858Z,2026-03-08T13:51:55.509383159Z,/var/lib/docker/volumes,fabric_peer0.irs1.kit.edu,other,5006,5006,0
run_003,csr,csr_1772977910,csr-irs3-1772977910,csr-irs3-1772977910,,csr_submit_done,csr_voted,2026-03-08T13:51:53.056858Z,2026-03-08T13:51:55.509383159Z,/var/lib/docker/volumes,fabric_peer0.irs3.kit.edu,peer,128142996,128295181,152185
run_003,csr,csr_1772977910,csr-irs3-1772977910,csr-irs3-1772977910,,csr_submit_done,csr_voted,2026-03-08T13:51:53.056858Z,2026-03-08T13:51:55.509383159Z,/var/lib/docker/volumes,fabric_peer1.irs3.kit.edu,other,128141570,128293755,152185
run_003,csr,csr_1772977910,csr-irs3-1772977910,csr-irs3-1772977910,,csr_submit_done,csr_voted,2026-03-08T13:51:53.056858Z,2026-03-08T13:51:55.509383159Z,/var/lib/docker/volumes,fabric_peer2.irs3.kit.edu,other,128142989,128295174,152185
run_003,csr,csr_1772977910,csr-irs3-1772977910,csr-irs3-1772977910,,csr_submit_done,csr_voted,2026-03-08T13:51:53.056858Z,2026-03-08T13:51:55.509383159Z,/var/lib/docker/volumes,fabric_peer3.irs3.kit.edu,other,128141567,128293752,152185
run_003,csr,csr_1772977910,csr-irs3-1772977910,csr-irs3-1772977910,,csr_voted,csr_approved,2026-03-08T13:51:55.509383159Z,2026-03-08T13:52:14.618161466Z,/var/lib/docker/volumes,07323924f55a40af409ae862fc14ab08f2d8c06ba282f174beb7e74ff5782926,other,NA,NA,
run_003,csr,csr_1772977910,csr-irs3-1772977910,csr-irs3-1772977910,,csr_voted,csr_approved,2026-03-08T13:51:55.509383159Z,2026-03-08T13:52:14.618161466Z,/var/lib/docker/volumes,301473890dade69bfa0d19b444d1f0769b67a90d1197c166d84af2511e48f916,other,49770,49770,0
run_003,csr,csr_1772977910,csr-irs3-1772977910,csr-irs3-1772977910,,csr_voted,csr_approved,2026-03-08T13:51:55.509383159Z,2026-03-08T13:52:14.618161466Z,/var/lib/docker/volumes,6b7bb91b53bcbfeb56b486bba478d97728a3c0004c18649976daaade961a2721,other,NA,NA,
run_003,csr,csr_1772977910,csr-irs3-1772977910,csr-irs3-1772977910,,csr_voted,csr_approved,2026-03-08T13:51:55.509383159Z,2026-03-08T13:52:14.618161466Z,/var/lib/docker/volumes,791e62bfc17bf044236c3dcb5d77ec82610b27aa4d5f3c78aff2e2842f98f9ee,other,NA,NA,
run_003,csr,csr_1772977910,csr-irs3-1772977910,csr-irs3-1772977910,,csr_voted,csr_approved,2026-03-08T13:51:55.509383159Z,2026-03-08T13:52:14.618161466Z,/var/lib/docker/volumes,86e46c7349c98bd170ab7467b42f5b1a8fcf1438535fca6ee74a0dcce3856102,other,NA,NA,
run_003,csr,csr_1772977910,csr-irs3-1772977910,csr-irs3-1772977910,,csr_voted,csr_approved,2026-03-08T13:51:55.509383159Z,2026-03-08T13:52:14.618161466Z,/var/lib/docker/volumes,99ac8c723665556c954d288ca00335f1fae5493d384cb656ecf5a945cc9ae3b8,other,NA,NA,
run_003,csr,csr_1772977910,csr-irs3-1772977910,csr-irs3-1772977910,,csr_voted,csr_approved,2026-03-08T13:51:55.509383159Z,2026-03-08T13:52:14.618161466Z,/var/lib/docker/volumes,ab96d922f06ec7a94f1b5200e75e480c9ed7eba86fbbe33b5cb9edbe031c6ea8,other,49770,49770,0
run_003,csr,csr_1772977910,csr-irs3-1772977910,csr-irs3-1772977910,,csr_voted,csr_approved,2026-03-08T13:51:55.509383159Z,2026-03-08T13:52:14.618161466Z,/var/lib/docker/volumes,c58c4c31a22da439d2b7f591fd40cdcdd9bb8458f543e682f66d858083ef9ea8,other,NA,NA,
run_003,csr,csr_1772977910,csr-irs3-1772977910,csr-irs3-1772977910,,csr_voted,csr_approved,2026-03-08T13:51:55.509383159Z,2026-03-08T13:52:14.618161466Z,/var/lib/docker/volumes,d9b7785a06954372515977133a1213437b80c5db1517196ca5e26134d3413ccf,other,NA,NA,
run_003,csr,csr_1772977910,csr-irs3-1772977910,csr-irs3-1772977910,,csr_voted,csr_approved,2026-03-08T13:51:55.509383159Z,2026-03-08T13:52:14.618161466Z,/var/lib/docker/volumes,dfb0ca7b4b9cad4ec8515f6484cd89e2febfe10817782070636d5b3db6848438,other,NA,NA,
run_003,csr,csr_1772977910,csr-irs3-1772977910,csr-irs3-1772977910,,csr_voted,csr_approved,2026-03-08T13:51:55.509383159Z,2026-03-08T13:52:14.618161466Z,/var/lib/docker/volumes,fabric_orderer.kit.edu,orderer,288827870,289451800,623930
run_003,csr,csr_1772977910,csr-irs3-1772977910,csr-irs3-1772977910,,csr_voted,csr_approved,2026-03-08T13:51:55.509383159Z,2026-03-08T13:52:14.618161466Z,/var/lib/docker/volumes,fabric_peer0.irs1.kit.edu,other,5006,5006,0
run_003,csr,csr_1772977910,csr-irs3-1772977910,csr-irs3-1772977910,,csr_voted,csr_approved,2026-03-08T13:51:55.509383159Z,2026-03-08T13:52:14.618161466Z,/var/lib/docker/volumes,fabric_peer0.irs3.kit.edu,peer,128295181,128960199,665018
run_003,csr,csr_1772977910,csr-irs3-1772977910,csr-irs3-1772977910,,csr_voted,csr_approved,2026-03-08T13:51:55.509383159Z,2026-03-08T13:52:14.618161466Z,/var/lib/docker/volumes,fabric_peer1.irs3.kit.edu,other,128293755,128958773,665018
run_003,csr,csr_1772977910,csr-irs3-1772977910,csr-irs3-1772977910,,csr_voted,csr_approved,2026-03-08T13:51:55.509383159Z,2026-03-08T13:52:14.618161466Z,/var/lib/docker/volumes,fabric_peer2.irs3.kit.edu,other,128295174,128960192,665018
run_003,csr,csr_1772977910,csr-irs3-1772977910,csr-irs3-1772977910,,csr_voted,csr_approved,2026-03-08T13:51:55.509383159Z,2026-03-08T13:52:14.618161466Z,/var/lib/docker/volumes,fabric_peer3.irs3.kit.edu,other,128293752,128958770,665018
run_003,csr,csr_1772977910,csr-irs3-1772977910,csr-irs3-1772977910,,csr_approved,cert_registered,2026-03-08T13:52:14.618161466Z,2026-03-08T13:53:49.630267091Z,/var/lib/docker/volumes,07323924f55a40af409ae862fc14ab08f2d8c06ba282f174beb7e74ff5782926,other,NA,NA,
run_003,csr,csr_1772977910,csr-irs3-1772977910,csr-irs3-1772977910,,csr_approved,cert_registered,2026-03-08T13:52:14.618161466Z,2026-03-08T13:53:49.630267091Z,/var/lib/docker/volumes,301473890dade69bfa0d19b444d1f0769b67a90d1197c166d84af2511e48f916,other,49770,49770,0
run_003,csr,csr_1772977910,csr-irs3-1772977910,csr-irs3-1772977910,,csr_approved,cert_registered,2026-03-08T13:52:14.618161466Z,2026-03-08T13:53:49.630267091Z,/var/lib/docker/volumes,6b7bb91b53bcbfeb56b486bba478d97728a3c0004c18649976daaade961a2721,other,NA,NA,
run_003,csr,csr_1772977910,csr-irs3-1772977910,csr-irs3-1772977910,,csr_approved,cert_registered,2026-03-08T13:52:14.618161466Z,2026-03-08T13:53:49.630267091Z,/var/lib/docker/volumes,791e62bfc17bf044236c3dcb5d77ec82610b27aa4d5f3c78aff2e2842f98f9ee,other,NA,NA,
run_003,csr,csr_1772977910,csr-irs3-1772977910,csr-irs3-1772977910,,csr_approved,cert_registered,2026-03-08T13:52:14.618161466Z,2026-03-08T13:53:49.630267091Z,/var/lib/docker/volumes,86e46c7349c98bd170ab7467b42f5b1a8fcf1438535fca6ee74a0dcce3856102,other,NA,NA,
run_003,csr,csr_1772977910,csr-irs3-1772977910,csr-irs3-1772977910,,csr_approved,cert_registered,2026-03-08T13:52:14.618161466Z,2026-03-08T13:53:49.630267091Z,/var/lib/docker/volumes,99ac8c723665556c954d288ca00335f1fae5493d384cb656ecf5a945cc9ae3b8,other,NA,NA,
run_003,csr,csr_1772977910,csr-irs3-1772977910,csr-irs3-1772977910,,csr_approved,cert_registered,2026-03-08T13:52:14.618161466Z,2026-03-08T13:53:49.630267091Z,/var/lib/docker/volumes,ab96d922f06ec7a94f1b5200e75e480c9ed7eba86fbbe33b5cb9edbe031c6ea8,other,49770,49770,0
run_003,csr,csr_1772977910,csr-irs3-1772977910,csr-irs3-1772977910,,csr_approved,cert_registered,2026-03-08T13:52:14.618161466Z,2026-03-08T13:53:49.630267091Z,/var/lib/docker/volumes,c58c4c31a22da439d2b7f591fd40cdcdd9bb8458f543e682f66d858083ef9ea8,other,NA,NA,
run_003,csr,csr_1772977910,csr-irs3-1772977910,csr-irs3-1772977910,,csr_approved,cert_registered,2026-03-08T13:52:14.618161466Z,2026-03-08T13:53:49.630267091Z,/var/lib/docker/volumes,d9b7785a06954372515977133a1213437b80c5db1517196ca5e26134d3413ccf,other,NA,NA,
run_003,csr,csr_1772977910,csr-irs3-1772977910,csr-irs3-1772977910,,csr_approved,cert_registered,2026-03-08T13:52:14.618161466Z,2026-03-08T13:53:49.630267091Z,/var/lib/docker/volumes,dfb0ca7b4b9cad4ec8515f6484cd89e2febfe10817782070636d5b3db6848438,other,NA,NA,
run_003,csr,csr_1772977910,csr-irs3-1772977910,csr-irs3-1772977910,,csr_approved,cert_registered,2026-03-08T13:52:14.618161466Z,2026-03-08T13:53:49.630267091Z,/var/lib/docker/volumes,fabric_orderer.kit.edu,orderer,289451800,290538030,1086230
run_003,csr,csr_1772977910,csr-irs3-1772977910,csr-irs3-1772977910,,csr_approved,cert_registered,2026-03-08T13:52:14.618161466Z,2026-03-08T13:53:49.630267091Z,/var/lib/docker/volumes,fabric_peer0.irs1.kit.edu,other,5006,5006,0
run_003,csr,csr_1772977910,csr-irs3-1772977910,csr-irs3-1772977910,,csr_approved,cert_registered,2026-03-08T13:52:14.618161466Z,2026-03-08T13:53:49.630267091Z,/var/lib/docker/volumes,fabric_peer0.irs3.kit.edu,peer,128960199,125423403,-3536796
run_003,csr,csr_1772977910,csr-irs3-1772977910,csr-irs3-1772977910,,csr_approved,cert_registered,2026-03-08T13:52:14.618161466Z,2026-03-08T13:53:49.630267091Z,/var/lib/docker/volumes,fabric_peer1.irs3.kit.edu,other,128958773,125421983,-3536790
run_003,csr,csr_1772977910,csr-irs3-1772977910,csr-irs3-1772977910,,csr_approved,cert_registered,2026-03-08T13:52:14.618161466Z,2026-03-08T13:53:49.630267091Z,/var/lib/docker/volumes,fabric_peer2.irs3.kit.edu,other,128960192,125423391,-3536801
run_003,csr,csr_1772977910,csr-irs3-1772977910,csr-irs3-1772977910,,csr_approved,cert_registered,2026-03-08T13:52:14.618161466Z,2026-03-08T13:53:49.630267091Z,/var/lib/docker/volumes,fabric_peer3.irs3.kit.edu,other,128958770,125421968,-3536802
run_003,csr,csr_1772977910,csr-irs3-1772977910,csr-irs3-1772977910,,cert_registered,operation_end,2026-03-08T13:53:49.630267091Z,2026-03-08T13:53:50.885675Z,/var/lib/docker/volumes,07323924f55a40af409ae862fc14ab08f2d8c06ba282f174beb7e74ff5782926,other,NA,NA,
run_003,csr,csr_1772977910,csr-irs3-1772977910,csr-irs3-1772977910,,cert_registered,operation_end,2026-03-08T13:53:49.630267091Z,2026-03-08T13:53:50.885675Z,/var/lib/docker/volumes,301473890dade69bfa0d19b444d1f0769b67a90d1197c166d84af2511e48f916,other,49770,49770,0
run_003,csr,csr_1772977910,csr-irs3-1772977910,csr-irs3-1772977910,,cert_registered,operation_end,2026-03-08T13:53:49.630267091Z,2026-03-08T13:53:50.885675Z,/var/lib/docker/volumes,6b7bb91b53bcbfeb56b486bba478d97728a3c0004c18649976daaade961a2721,other,NA,NA,
run_003,csr,csr_1772977910,csr-irs3-1772977910,csr-irs3-1772977910,,cert_registered,operation_end,2026-03-08T13:53:49.630267091Z,2026-03-08T13:53:50.885675Z,/var/lib/docker/volumes,791e62bfc17bf044236c3dcb5d77ec82610b27aa4d5f3c78aff2e2842f98f9ee,other,NA,NA,
run_003,csr,csr_1772977910,csr-irs3-1772977910,csr-irs3-1772977910,,cert_registered,operation_end,2026-03-08T13:53:49.630267091Z,2026-03-08T13:53:50.885675Z,/var/lib/docker/volumes,86e46c7349c98bd170ab7467b42f5b1a8fcf1438535fca6ee74a0dcce3856102,other,NA,NA,
run_003,csr,csr_1772977910,csr-irs3-1772977910,csr-irs3-1772977910,,cert_registered,operation_end,2026-03-08T13:53:49.630267091Z,2026-03-08T13:53:50.885675Z,/var/lib/docker/volumes,99ac8c723665556c954d288ca00335f1fae5493d384cb656ecf5a945cc9ae3b8,other,NA,NA,
run_003,csr,csr_1772977910,csr-irs3-1772977910,csr-irs3-1772977910,,cert_registered,operation_end,2026-03-08T13:53:49.630267091Z,2026-03-08T13:53:50.885675Z,/var/lib/docker/volumes,ab96d922f06ec7a94f1b5200e75e480c9ed7eba86fbbe33b5cb9edbe031c6ea8,other,49770,49770,0
run_003,csr,csr_1772977910,csr-irs3-1772977910,csr-irs3-1772977910,,cert_registered,operation_end,2026-03-08T13:53:49.630267091Z,2026-03-08T13:53:50.885675Z,/var/lib/docker/volumes,c58c4c31a22da439d2b7f591fd40cdcdd9bb8458f543e682f66d858083ef9ea8,other,NA,NA,
run_003,csr,csr_1772977910,csr-irs3-1772977910,csr-irs3-1772977910,,cert_registered,operation_end,2026-03-08T13:53:49.630267091Z,2026-03-08T13:53:50.885675Z,/var/lib/docker/volumes,d9b7785a06954372515977133a1213437b80c5db1517196ca5e26134d3413ccf,other,NA,NA,
run_003,csr,csr_1772977910,csr-irs3-1772977910,csr-irs3-1772977910,,cert_registered,operation_end,2026-03-08T13:53:49.630267091Z,2026-03-08T13:53:50.885675Z,/var/lib/docker/volumes,dfb0ca7b4b9cad4ec8515f6484cd89e2febfe10817782070636d5b3db6848438,other,NA,NA,
run_003,csr,csr_1772977910,csr-irs3-1772977910,csr-irs3-1772977910,,cert_registered,operation_end,2026-03-08T13:53:49.630267091Z,2026-03-08T13:53:50.885675Z,/var/lib/docker/volumes,fabric_orderer.kit.edu,orderer,290538030,290538030,0
run_003,csr,csr_1772977910,csr-irs3-1772977910,csr-irs3-1772977910,,cert_registered,operation_end,2026-03-08T13:53:49.630267091Z,2026-03-08T13:53:50.885675Z,/var/lib/docker/volumes,fabric_peer0.irs1.kit.edu,other,5006,5006,0
run_003,csr,csr_1772977910,csr-irs3-1772977910,csr-irs3-1772977910,,cert_registered,operation_end,2026-03-08T13:53:49.630267091Z,2026-03-08T13:53:50.885675Z,/var/lib/docker/volumes,fabric_peer0.irs3.kit.edu,peer,125423403,125423403,0
run_003,csr,csr_1772977910,csr-irs3-1772977910,csr-irs3-1772977910,,cert_registered,operation_end,2026-03-08T13:53:49.630267091Z,2026-03-08T13:53:50.885675Z,/var/lib/docker/volumes,fabric_peer1.irs3.kit.edu,other,125421983,125421983,0
run_003,csr,csr_1772977910,csr-irs3-1772977910,csr-irs3-1772977910,,cert_registered,operation_end,2026-03-08T13:53:49.630267091Z,2026-03-08T13:53:50.885675Z,/var/lib/docker/volumes,fabric_peer2.irs3.kit.edu,other,125423391,125423391,0
run_003,csr,csr_1772977910,csr-irs3-1772977910,csr-irs3-1772977910,,cert_registered,operation_end,2026-03-08T13:53:49.630267091Z,2026-03-08T13:53:50.885675Z,/var/lib/docker/volumes,fabric_peer3.irs3.kit.edu,other,125421968,125421968,0
run_003,revocation,revocation_1772978051,revoke-irs3-1772978051,revoke-irs3-1772978051,,operation_start,revocation_submit_done,2026-03-08T13:54:11.787274Z,2026-03-08T13:54:14.149304Z,/var/lib/docker/volumes,07323924f55a40af409ae862fc14ab08f2d8c06ba282f174beb7e74ff5782926,other,NA,NA,
run_003,revocation,revocation_1772978051,revoke-irs3-1772978051,revoke-irs3-1772978051,,operation_start,revocation_submit_done,2026-03-08T13:54:11.787274Z,2026-03-08T13:54:14.149304Z,/var/lib/docker/volumes,301473890dade69bfa0d19b444d1f0769b67a90d1197c166d84af2511e48f916,other,49770,49770,0
run_003,revocation,revocation_1772978051,revoke-irs3-1772978051,revoke-irs3-1772978051,,operation_start,revocation_submit_done,2026-03-08T13:54:11.787274Z,2026-03-08T13:54:14.149304Z,/var/lib/docker/volumes,6b7bb91b53bcbfeb56b486bba478d97728a3c0004c18649976daaade961a2721,other,NA,NA,
run_003,revocation,revocation_1772978051,revoke-irs3-1772978051,revoke-irs3-1772978051,,operation_start,revocation_submit_done,2026-03-08T13:54:11.787274Z,2026-03-08T13:54:14.149304Z,/var/lib/docker/volumes,791e62bfc17bf044236c3dcb5d77ec82610b27aa4d5f3c78aff2e2842f98f9ee,other,NA,NA,
run_003,revocation,revocation_1772978051,revoke-irs3-1772978051,revoke-irs3-1772978051,,operation_start,revocation_submit_done,2026-03-08T13:54:11.787274Z,2026-03-08T13:54:14.149304Z,/var/lib/docker/volumes,86e46c7349c98bd170ab7467b42f5b1a8fcf1438535fca6ee74a0dcce3856102,other,NA,NA,
run_003,revocation,revocation_1772978051,revoke-irs3-1772978051,revoke-irs3-1772978051,,operation_start,revocation_submit_done,2026-03-08T13:54:11.787274Z,2026-03-08T13:54:14.149304Z,/var/lib/docker/volumes,99ac8c723665556c954d288ca00335f1fae5493d384cb656ecf5a945cc9ae3b8,other,NA,NA,
run_003,revocation,revocation_1772978051,revoke-irs3-1772978051,revoke-irs3-1772978051,,operation_start,revocation_submit_done,2026-03-08T13:54:11.787274Z,2026-03-08T13:54:14.149304Z,/var/lib/docker/volumes,ab96d922f06ec7a94f1b5200e75e480c9ed7eba86fbbe33b5cb9edbe031c6ea8,other,49770,49770,0
run_003,revocation,revocation_1772978051,revoke-irs3-1772978051,revoke-irs3-1772978051,,operation_start,revocation_submit_done,2026-03-08T13:54:11.787274Z,2026-03-08T13:54:14.149304Z,/var/lib/docker/volumes,c58c4c31a22da439d2b7f591fd40cdcdd9bb8458f543e682f66d858083ef9ea8,other,NA,NA,
run_003,revocation,revocation_1772978051,revoke-irs3-1772978051,revoke-irs3-1772978051,,operation_start,revocation_submit_done,2026-03-08T13:54:11.787274Z,2026-03-08T13:54:14.149304Z,/var/lib/docker/volumes,d9b7785a06954372515977133a1213437b80c5db1517196ca5e26134d3413ccf,other,NA,NA,
run_003,revocation,revocation_1772978051,revoke-irs3-1772978051,revoke-irs3-1772978051,,operation_start,revocation_submit_done,2026-03-08T13:54:11.787274Z,2026-03-08T13:54:14.149304Z,/var/lib/docker/volumes,dfb0ca7b4b9cad4ec8515f6484cd89e2febfe10817782070636d5b3db6848438,other,NA,NA,
run_003,revocation,revocation_1772978051,revoke-irs3-1772978051,revoke-irs3-1772978051,,operation_start,revocation_submit_done,2026-03-08T13:54:11.787274Z,2026-03-08T13:54:14.149304Z,/var/lib/docker/volumes,fabric_orderer.kit.edu,orderer,290600153,290607364,7211
run_003,revocation,revocation_1772978051,revoke-irs3-1772978051,revoke-irs3-1772978051,,operation_start,revocation_submit_done,2026-03-08T13:54:11.787274Z,2026-03-08T13:54:14.149304Z,/var/lib/docker/volumes,fabric_peer0.irs1.kit.edu,other,5006,5006,0
run_003,revocation,revocation_1772978051,revoke-irs3-1772978051,revoke-irs3-1772978051,,operation_start,revocation_submit_done,2026-03-08T13:54:11.787274Z,2026-03-08T13:54:14.149304Z,/var/lib/docker/volumes,fabric_peer0.irs3.kit.edu,peer,125487078,125495331,8253
run_003,revocation,revocation_1772978051,revoke-irs3-1772978051,revoke-irs3-1772978051,,operation_start,revocation_submit_done,2026-03-08T13:54:11.787274Z,2026-03-08T13:54:14.149304Z,/var/lib/docker/volumes,fabric_peer1.irs3.kit.edu,other,125485658,125493911,8253
run_003,revocation,revocation_1772978051,revoke-irs3-1772978051,revoke-irs3-1772978051,,operation_start,revocation_submit_done,2026-03-08T13:54:11.787274Z,2026-03-08T13:54:14.149304Z,/var/lib/docker/volumes,fabric_peer2.irs3.kit.edu,other,125487066,125495319,8253
run_003,revocation,revocation_1772978051,revoke-irs3-1772978051,revoke-irs3-1772978051,,operation_start,revocation_submit_done,2026-03-08T13:54:11.787274Z,2026-03-08T13:54:14.149304Z,/var/lib/docker/volumes,fabric_peer3.irs3.kit.edu,other,125485643,125493896,8253
run_003,revocation,revocation_1772978051,revoke-irs3-1772978051,revoke-irs3-1772978051,,revocation_submit_done,revocation_voted,2026-03-08T13:54:14.149304Z,2026-03-08T13:54:16.523374116Z,/var/lib/docker/volumes,07323924f55a40af409ae862fc14ab08f2d8c06ba282f174beb7e74ff5782926,other,NA,NA,
run_003,revocation,revocation_1772978051,revoke-irs3-1772978051,revoke-irs3-1772978051,,revocation_submit_done,revocation_voted,2026-03-08T13:54:14.149304Z,2026-03-08T13:54:16.523374116Z,/var/lib/docker/volumes,301473890dade69bfa0d19b444d1f0769b67a90d1197c166d84af2511e48f916,other,49770,49770,0
run_003,revocation,revocation_1772978051,revoke-irs3-1772978051,revoke-irs3-1772978051,,revocation_submit_done,revocation_voted,2026-03-08T13:54:14.149304Z,2026-03-08T13:54:16.523374116Z,/var/lib/docker/volumes,6b7bb91b53bcbfeb56b486bba478d97728a3c0004c18649976daaade961a2721,other,NA,NA,
run_003,revocation,revocation_1772978051,revoke-irs3-1772978051,revoke-irs3-1772978051,,revocation_submit_done,revocation_voted,2026-03-08T13:54:14.149304Z,2026-03-08T13:54:16.523374116Z,/var/lib/docker/volumes,791e62bfc17bf044236c3dcb5d77ec82610b27aa4d5f3c78aff2e2842f98f9ee,other,NA,NA,
run_003,revocation,revocation_1772978051,revoke-irs3-1772978051,revoke-irs3-1772978051,,revocation_submit_done,revocation_voted,2026-03-08T13:54:14.149304Z,2026-03-08T13:54:16.523374116Z,/var/lib/docker/volumes,86e46c7349c98bd170ab7467b42f5b1a8fcf1438535fca6ee74a0dcce3856102,other,NA,NA,
run_003,revocation,revocation_1772978051,revoke-irs3-1772978051,revoke-irs3-1772978051,,revocation_submit_done,revocation_voted,2026-03-08T13:54:14.149304Z,2026-03-08T13:54:16.523374116Z,/var/lib/docker/volumes,99ac8c723665556c954d288ca00335f1fae5493d384cb656ecf5a945cc9ae3b8,other,NA,NA,
run_003,revocation,revocation_1772978051,revoke-irs3-1772978051,revoke-irs3-1772978051,,revocation_submit_done,revocation_voted,2026-03-08T13:54:14.149304Z,2026-03-08T13:54:16.523374116Z,/var/lib/docker/volumes,ab96d922f06ec7a94f1b5200e75e480c9ed7eba86fbbe33b5cb9edbe031c6ea8,other,49770,49770,0
run_003,revocation,revocation_1772978051,revoke-irs3-1772978051,revoke-irs3-1772978051,,revocation_submit_done,revocation_voted,2026-03-08T13:54:14.149304Z,2026-03-08T13:54:16.523374116Z,/var/lib/docker/volumes,c58c4c31a22da439d2b7f591fd40cdcdd9bb8458f543e682f66d858083ef9ea8,other,NA,NA,
run_003,revocation,revocation_1772978051,revoke-irs3-1772978051,revoke-irs3-1772978051,,revocation_submit_done,revocation_voted,2026-03-08T13:54:14.149304Z,2026-03-08T13:54:16.523374116Z,/var/lib/docker/volumes,d9b7785a06954372515977133a1213437b80c5db1517196ca5e26134d3413ccf,other,NA,NA,
run_003,revocation,revocation_1772978051,revoke-irs3-1772978051,revoke-irs3-1772978051,,revocation_submit_done,revocation_voted,2026-03-08T13:54:14.149304Z,2026-03-08T13:54:16.523374116Z,/var/lib/docker/volumes,dfb0ca7b4b9cad4ec8515f6484cd89e2febfe10817782070636d5b3db6848438,other,NA,NA,
run_003,revocation,revocation_1772978051,revoke-irs3-1772978051,revoke-irs3-1772978051,,revocation_submit_done,revocation_voted,2026-03-08T13:54:14.149304Z,2026-03-08T13:54:16.523374116Z,/var/lib/docker/volumes,fabric_orderer.kit.edu,orderer,290607364,290797070,189706
run_003,revocation,revocation_1772978051,revoke-irs3-1772978051,revoke-irs3-1772978051,,revocation_submit_done,revocation_voted,2026-03-08T13:54:14.149304Z,2026-03-08T13:54:16.523374116Z,/var/lib/docker/volumes,fabric_peer0.irs1.kit.edu,other,5006,5006,0
run_003,revocation,revocation_1772978051,revoke-irs3-1772978051,revoke-irs3-1772978051,,revocation_submit_done,revocation_voted,2026-03-08T13:54:14.149304Z,2026-03-08T13:54:16.523374116Z,/var/lib/docker/volumes,fabric_peer0.irs3.kit.edu,peer,125495331,125691124,195793
run_003,revocation,revocation_1772978051,revoke-irs3-1772978051,revoke-irs3-1772978051,,revocation_submit_done,revocation_voted,2026-03-08T13:54:14.149304Z,2026-03-08T13:54:16.523374116Z,/var/lib/docker/volumes,fabric_peer1.irs3.kit.edu,other,125493911,125692948,199037
run_003,revocation,revocation_1772978051,revoke-irs3-1772978051,revoke-irs3-1772978051,,revocation_submit_done,revocation_voted,2026-03-08T13:54:14.149304Z,2026-03-08T13:54:16.523374116Z,/var/lib/docker/volumes,fabric_peer2.irs3.kit.edu,other,125495319,125619326,124007
run_003,revocation,revocation_1772978051,revoke-irs3-1772978051,revoke-irs3-1772978051,,revocation_submit_done,revocation_voted,2026-03-08T13:54:14.149304Z,2026-03-08T13:54:16.523374116Z,/var/lib/docker/volumes,fabric_peer3.irs3.kit.edu,other,125493896,125693261,199365
run_003,revocation,revocation_1772978051,revoke-irs3-1772978051,revoke-irs3-1772978051,,revocation_voted,revocation_executed,2026-03-08T13:54:16.523374116Z,2026-03-08T13:54:32.462829167Z,/var/lib/docker/volumes,07323924f55a40af409ae862fc14ab08f2d8c06ba282f174beb7e74ff5782926,other,NA,NA,
run_003,revocation,revocation_1772978051,revoke-irs3-1772978051,revoke-irs3-1772978051,,revocation_voted,revocation_executed,2026-03-08T13:54:16.523374116Z,2026-03-08T13:54:32.462829167Z,/var/lib/docker/volumes,301473890dade69bfa0d19b444d1f0769b67a90d1197c166d84af2511e48f916,other,49770,49770,0
run_003,revocation,revocation_1772978051,revoke-irs3-1772978051,revoke-irs3-1772978051,,revocation_voted,revocation_executed,2026-03-08T13:54:16.523374116Z,2026-03-08T13:54:32.462829167Z,/var/lib/docker/volumes,6b7bb91b53bcbfeb56b486bba478d97728a3c0004c18649976daaade961a2721,other,NA,NA,
run_003,revocation,revocation_1772978051,revoke-irs3-1772978051,revoke-irs3-1772978051,,revocation_voted,revocation_executed,2026-03-08T13:54:16.523374116Z,2026-03-08T13:54:32.462829167Z,/var/lib/docker/volumes,791e62bfc17bf044236c3dcb5d77ec82610b27aa4d5f3c78aff2e2842f98f9ee,other,NA,NA,
run_003,revocation,revocation_1772978051,revoke-irs3-1772978051,revoke-irs3-1772978051,,revocation_voted,revocation_executed,2026-03-08T13:54:16.523374116Z,2026-03-08T13:54:32.462829167Z,/var/lib/docker/volumes,86e46c7349c98bd170ab7467b42f5b1a8fcf1438535fca6ee74a0dcce3856102,other,NA,NA,
run_003,revocation,revocation_1772978051,revoke-irs3-1772978051,revoke-irs3-1772978051,,revocation_voted,revocation_executed,2026-03-08T13:54:16.523374116Z,2026-03-08T13:54:32.462829167Z,/var/lib/docker/volumes,99ac8c723665556c954d288ca00335f1fae5493d384cb656ecf5a945cc9ae3b8,other,NA,NA,
run_003,revocation,revocation_1772978051,revoke-irs3-1772978051,revoke-irs3-1772978051,,revocation_voted,revocation_executed,2026-03-08T13:54:16.523374116Z,2026-03-08T13:54:32.462829167Z,/var/lib/docker/volumes,ab96d922f06ec7a94f1b5200e75e480c9ed7eba86fbbe33b5cb9edbe031c6ea8,other,49770,49770,0
run_003,revocation,revocation_1772978051,revoke-irs3-1772978051,revoke-irs3-1772978051,,revocation_voted,revocation_executed,2026-03-08T13:54:16.523374116Z,2026-03-08T13:54:32.462829167Z,/var/lib/docker/volumes,c58c4c31a22da439d2b7f591fd40cdcdd9bb8458f543e682f66d858083ef9ea8,other,NA,NA,
run_003,revocation,revocation_1772978051,revoke-irs3-1772978051,revoke-irs3-1772978051,,revocation_voted,revocation_executed,2026-03-08T13:54:16.523374116Z,2026-03-08T13:54:32.462829167Z,/var/lib/docker/volumes,d9b7785a06954372515977133a1213437b80c5db1517196ca5e26134d3413ccf,other,NA,NA,
run_003,revocation,revocation_1772978051,revoke-irs3-1772978051,revoke-irs3-1772978051,,revocation_voted,revocation_executed,2026-03-08T13:54:16.523374116Z,2026-03-08T13:54:32.462829167Z,/var/lib/docker/volumes,dfb0ca7b4b9cad4ec8515f6484cd89e2febfe10817782070636d5b3db6848438,other,NA,NA,
run_003,revocation,revocation_1772978051,revoke-irs3-1772978051,revoke-irs3-1772978051,,revocation_voted,revocation_executed,2026-03-08T13:54:16.523374116Z,2026-03-08T13:54:32.462829167Z,/var/lib/docker/volumes,fabric_orderer.kit.edu,orderer,290797070,291236871,439801
run_003,revocation,revocation_1772978051,revoke-irs3-1772978051,revoke-irs3-1772978051,,revocation_voted,revocation_executed,2026-03-08T13:54:16.523374116Z,2026-03-08T13:54:32.462829167Z,/var/lib/docker/volumes,fabric_peer0.irs1.kit.edu,other,5006,5006,0
run_003,revocation,revocation_1772978051,revoke-irs3-1772978051,revoke-irs3-1772978051,,revocation_voted,revocation_executed,2026-03-08T13:54:16.523374116Z,2026-03-08T13:54:32.462829167Z,/var/lib/docker/volumes,fabric_peer0.irs3.kit.edu,peer,125691124,126164838,473714
run_003,revocation,revocation_1772978051,revoke-irs3-1772978051,revoke-irs3-1772978051,,revocation_voted,revocation_executed,2026-03-08T13:54:16.523374116Z,2026-03-08T13:54:32.462829167Z,/var/lib/docker/volumes,fabric_peer1.irs3.kit.edu,other,125692948,126163418,470470
run_003,revocation,revocation_1772978051,revoke-irs3-1772978051,revoke-irs3-1772978051,,revocation_voted,revocation_executed,2026-03-08T13:54:16.523374116Z,2026-03-08T13:54:32.462829167Z,/var/lib/docker/volumes,fabric_peer2.irs3.kit.edu,other,125619326,126164826,545500
run_003,revocation,revocation_1772978051,revoke-irs3-1772978051,revoke-irs3-1772978051,,revocation_voted,revocation_executed,2026-03-08T13:54:16.523374116Z,2026-03-08T13:54:32.462829167Z,/var/lib/docker/volumes,fabric_peer3.irs3.kit.edu,other,125693261,126163403,470142
run_003,revocation,revocation_1772978051,revoke-irs3-1772978051,revoke-irs3-1772978051,,revocation_executed,operation_end,2026-03-08T13:54:32.462829167Z,2026-03-08T13:54:32.721880Z,/var/lib/docker/volumes,07323924f55a40af409ae862fc14ab08f2d8c06ba282f174beb7e74ff5782926,other,NA,NA,
run_003,revocation,revocation_1772978051,revoke-irs3-1772978051,revoke-irs3-1772978051,,revocation_executed,operation_end,2026-03-08T13:54:32.462829167Z,2026-03-08T13:54:32.721880Z,/var/lib/docker/volumes,301473890dade69bfa0d19b444d1f0769b67a90d1197c166d84af2511e48f916,other,49770,49770,0
run_003,revocation,revocation_1772978051,revoke-irs3-1772978051,revoke-irs3-1772978051,,revocation_executed,operation_end,2026-03-08T13:54:32.462829167Z,2026-03-08T13:54:32.721880Z,/var/lib/docker/volumes,6b7bb91b53bcbfeb56b486bba478d97728a3c0004c18649976daaade961a2721,other,NA,NA,
run_003,revocation,revocation_1772978051,revoke-irs3-1772978051,revoke-irs3-1772978051,,revocation_executed,operation_end,2026-03-08T13:54:32.462829167Z,2026-03-08T13:54:32.721880Z,/var/lib/docker/volumes,791e62bfc17bf044236c3dcb5d77ec82610b27aa4d5f3c78aff2e2842f98f9ee,other,NA,NA,
run_003,revocation,revocation_1772978051,revoke-irs3-1772978051,revoke-irs3-1772978051,,revocation_executed,operation_end,2026-03-08T13:54:32.462829167Z,2026-03-08T13:54:32.721880Z,/var/lib/docker/volumes,86e46c7349c98bd170ab7467b42f5b1a8fcf1438535fca6ee74a0dcce3856102,other,NA,NA,
run_003,revocation,revocation_1772978051,revoke-irs3-1772978051,revoke-irs3-1772978051,,revocation_executed,operation_end,2026-03-08T13:54:32.462829167Z,2026-03-08T13:54:32.721880Z,/var/lib/docker/volumes,99ac8c723665556c954d288ca00335f1fae5493d384cb656ecf5a945cc9ae3b8,other,NA,NA,
run_003,revocation,revocation_1772978051,revoke-irs3-1772978051,revoke-irs3-1772978051,,revocation_executed,operation_end,2026-03-08T13:54:32.462829167Z,2026-03-08T13:54:32.721880Z,/var/lib/docker/volumes,ab96d922f06ec7a94f1b5200e75e480c9ed7eba86fbbe33b5cb9edbe031c6ea8,other,49770,49770,0
run_003,revocation,revocation_1772978051,revoke-irs3-1772978051,revoke-irs3-1772978051,,revocation_executed,operation_end,2026-03-08T13:54:32.462829167Z,2026-03-08T13:54:32.721880Z,/var/lib/docker/volumes,c58c4c31a22da439d2b7f591fd40cdcdd9bb8458f543e682f66d858083ef9ea8,other,NA,NA,
run_003,revocation,revocation_1772978051,revoke-irs3-1772978051,revoke-irs3-1772978051,,revocation_executed,operation_end,2026-03-08T13:54:32.462829167Z,2026-03-08T13:54:32.721880Z,/var/lib/docker/volumes,d9b7785a06954372515977133a1213437b80c5db1517196ca5e26134d3413ccf,other,NA,NA,
run_003,revocation,revocation_1772978051,revoke-irs3-1772978051,revoke-irs3-1772978051,,revocation_executed,operation_end,2026-03-08T13:54:32.462829167Z,2026-03-08T13:54:32.721880Z,/var/lib/docker/volumes,dfb0ca7b4b9cad4ec8515f6484cd89e2febfe10817782070636d5b3db6848438,other,NA,NA,
run_003,revocation,revocation_1772978051,revoke-irs3-1772978051,revoke-irs3-1772978051,,revocation_executed,operation_end,2026-03-08T13:54:32.462829167Z,2026-03-08T13:54:32.721880Z,/var/lib/docker/volumes,fabric_orderer.kit.edu,orderer,291236871,291236871,0
run_003,revocation,revocation_1772978051,revoke-irs3-1772978051,revoke-irs3-1772978051,,revocation_executed,operation_end,2026-03-08T13:54:32.462829167Z,2026-03-08T13:54:32.721880Z,/var/lib/docker/volumes,fabric_peer0.irs1.kit.edu,other,5006,5006,0
run_003,revocation,revocation_1772978051,revoke-irs3-1772978051,revoke-irs3-1772978051,,revocation_executed,operation_end,2026-03-08T13:54:32.462829167Z,2026-03-08T13:54:32.721880Z,/var/lib/docker/volumes,fabric_peer0.irs3.kit.edu,peer,126164838,126164838,0
run_003,revocation,revocation_1772978051,revoke-irs3-1772978051,revoke-irs3-1772978051,,revocation_executed,operation_end,2026-03-08T13:54:32.462829167Z,2026-03-08T13:54:32.721880Z,/var/lib/docker/volumes,fabric_peer1.irs3.kit.edu,other,126163418,126163418,0
run_003,revocation,revocation_1772978051,revoke-irs3-1772978051,revoke-irs3-1772978051,,revocation_executed,operation_end,2026-03-08T13:54:32.462829167Z,2026-03-08T13:54:32.721880Z,/var/lib/docker/volumes,fabric_peer2.irs3.kit.edu,other,126164826,126164826,0
run_003,revocation,revocation_1772978051,revoke-irs3-1772978051,revoke-irs3-1772978051,,revocation_executed,operation_end,2026-03-08T13:54:32.462829167Z,2026-03-08T13:54:32.721880Z,/var/lib/docker/volumes,fabric_peer3.irs3.kit.edu,other,126163403,126163403,0
run_003,removal,removal_1772978091,remove-irs3-member1-1772978091,remove-irs3-member1-1772978091,32,operation_start,removal_submit_done,2026-03-08T13:54:51.464557Z,2026-03-08T13:54:53.967885Z,/var/lib/docker/volumes,07323924f55a40af409ae862fc14ab08f2d8c06ba282f174beb7e74ff5782926,other,NA,NA,
run_003,removal,removal_1772978091,remove-irs3-member1-1772978091,remove-irs3-member1-1772978091,32,operation_start,removal_submit_done,2026-03-08T13:54:51.464557Z,2026-03-08T13:54:53.967885Z,/var/lib/docker/volumes,301473890dade69bfa0d19b444d1f0769b67a90d1197c166d84af2511e48f916,other,49770,49770,0
run_003,removal,removal_1772978091,remove-irs3-member1-1772978091,remove-irs3-member1-1772978091,32,operation_start,removal_submit_done,2026-03-08T13:54:51.464557Z,2026-03-08T13:54:53.967885Z,/var/lib/docker/volumes,6b7bb91b53bcbfeb56b486bba478d97728a3c0004c18649976daaade961a2721,other,NA,NA,
run_003,removal,removal_1772978091,remove-irs3-member1-1772978091,remove-irs3-member1-1772978091,32,operation_start,removal_submit_done,2026-03-08T13:54:51.464557Z,2026-03-08T13:54:53.967885Z,/var/lib/docker/volumes,791e62bfc17bf044236c3dcb5d77ec82610b27aa4d5f3c78aff2e2842f98f9ee,other,NA,NA,
run_003,removal,removal_1772978091,remove-irs3-member1-1772978091,remove-irs3-member1-1772978091,32,operation_start,removal_submit_done,2026-03-08T13:54:51.464557Z,2026-03-08T13:54:53.967885Z,/var/lib/docker/volumes,86e46c7349c98bd170ab7467b42f5b1a8fcf1438535fca6ee74a0dcce3856102,other,NA,NA,
run_003,removal,removal_1772978091,remove-irs3-member1-1772978091,remove-irs3-member1-1772978091,32,operation_start,removal_submit_done,2026-03-08T13:54:51.464557Z,2026-03-08T13:54:53.967885Z,/var/lib/docker/volumes,99ac8c723665556c954d288ca00335f1fae5493d384cb656ecf5a945cc9ae3b8,other,NA,NA,
run_003,removal,removal_1772978091,remove-irs3-member1-1772978091,remove-irs3-member1-1772978091,32,operation_start,removal_submit_done,2026-03-08T13:54:51.464557Z,2026-03-08T13:54:53.967885Z,/var/lib/docker/volumes,ab96d922f06ec7a94f1b5200e75e480c9ed7eba86fbbe33b5cb9edbe031c6ea8,other,49770,49770,0
run_003,removal,removal_1772978091,remove-irs3-member1-1772978091,remove-irs3-member1-1772978091,32,operation_start,removal_submit_done,2026-03-08T13:54:51.464557Z,2026-03-08T13:54:53.967885Z,/var/lib/docker/volumes,c58c4c31a22da439d2b7f591fd40cdcdd9bb8458f543e682f66d858083ef9ea8,other,NA,NA,
run_003,removal,removal_1772978091,remove-irs3-member1-1772978091,remove-irs3-member1-1772978091,32,operation_start,removal_submit_done,2026-03-08T13:54:51.464557Z,2026-03-08T13:54:53.967885Z,/var/lib/docker/volumes,d9b7785a06954372515977133a1213437b80c5db1517196ca5e26134d3413ccf,other,NA,NA,
run_003,removal,removal_1772978091,remove-irs3-member1-1772978091,remove-irs3-member1-1772978091,32,operation_start,removal_submit_done,2026-03-08T13:54:51.464557Z,2026-03-08T13:54:53.967885Z,/var/lib/docker/volumes,dfb0ca7b4b9cad4ec8515f6484cd89e2febfe10817782070636d5b3db6848438,other,NA,NA,
run_003,removal,removal_1772978091,remove-irs3-member1-1772978091,remove-irs3-member1-1772978091,32,operation_start,removal_submit_done,2026-03-08T13:54:51.464557Z,2026-03-08T13:54:53.967885Z,/var/lib/docker/volumes,fabric_orderer.kit.edu,orderer,291269866,291278801,8935
run_003,removal,removal_1772978091,remove-irs3-member1-1772978091,remove-irs3-member1-1772978091,32,operation_start,removal_submit_done,2026-03-08T13:54:51.464557Z,2026-03-08T13:54:53.967885Z,/var/lib/docker/volumes,fabric_peer0.irs1.kit.edu,other,5006,5006,0
run_003,removal,removal_1772978091,remove-irs3-member1-1772978091,remove-irs3-member1-1772978091,32,operation_start,removal_submit_done,2026-03-08T13:54:51.464557Z,2026-03-08T13:54:53.967885Z,/var/lib/docker/volumes,fabric_peer0.irs3.kit.edu,peer,126198421,126208467,10046
run_003,removal,removal_1772978091,remove-irs3-member1-1772978091,remove-irs3-member1-1772978091,32,operation_start,removal_submit_done,2026-03-08T13:54:51.464557Z,2026-03-08T13:54:53.967885Z,/var/lib/docker/volumes,fabric_peer1.irs3.kit.edu,other,126197001,126207047,10046
run_003,removal,removal_1772978091,remove-irs3-member1-1772978091,remove-irs3-member1-1772978091,32,operation_start,removal_submit_done,2026-03-08T13:54:51.464557Z,2026-03-08T13:54:53.967885Z,/var/lib/docker/volumes,fabric_peer2.irs3.kit.edu,other,126198409,126208455,10046
run_003,removal,removal_1772978091,remove-irs3-member1-1772978091,remove-irs3-member1-1772978091,32,operation_start,removal_submit_done,2026-03-08T13:54:51.464557Z,2026-03-08T13:54:53.967885Z,/var/lib/docker/volumes,fabric_peer3.irs3.kit.edu,other,126196986,126207032,10046
run_003,removal,removal_1772978091,remove-irs3-member1-1772978091,remove-irs3-member1-1772978091,32,removal_submit_done,removal_voted,2026-03-08T13:54:53.967885Z,2026-03-08T13:54:56.377245552Z,/var/lib/docker/volumes,07323924f55a40af409ae862fc14ab08f2d8c06ba282f174beb7e74ff5782926,other,NA,NA,
run_003,removal,removal_1772978091,remove-irs3-member1-1772978091,remove-irs3-member1-1772978091,32,removal_submit_done,removal_voted,2026-03-08T13:54:53.967885Z,2026-03-08T13:54:56.377245552Z,/var/lib/docker/volumes,301473890dade69bfa0d19b444d1f0769b67a90d1197c166d84af2511e48f916,other,49770,49770,0
run_003,removal,removal_1772978091,remove-irs3-member1-1772978091,remove-irs3-member1-1772978091,32,removal_submit_done,removal_voted,2026-03-08T13:54:53.967885Z,2026-03-08T13:54:56.377245552Z,/var/lib/docker/volumes,6b7bb91b53bcbfeb56b486bba478d97728a3c0004c18649976daaade961a2721,other,NA,NA,
run_003,removal,removal_1772978091,remove-irs3-member1-1772978091,remove-irs3-member1-1772978091,32,removal_submit_done,removal_voted,2026-03-08T13:54:53.967885Z,2026-03-08T13:54:56.377245552Z,/var/lib/docker/volumes,791e62bfc17bf044236c3dcb5d77ec82610b27aa4d5f3c78aff2e2842f98f9ee,other,NA,NA,
run_003,removal,removal_1772978091,remove-irs3-member1-1772978091,remove-irs3-member1-1772978091,32,removal_submit_done,removal_voted,2026-03-08T13:54:53.967885Z,2026-03-08T13:54:56.377245552Z,/var/lib/docker/volumes,86e46c7349c98bd170ab7467b42f5b1a8fcf1438535fca6ee74a0dcce3856102,other,NA,NA,
run_003,removal,removal_1772978091,remove-irs3-member1-1772978091,remove-irs3-member1-1772978091,32,removal_submit_done,removal_voted,2026-03-08T13:54:53.967885Z,2026-03-08T13:54:56.377245552Z,/var/lib/docker/volumes,99ac8c723665556c954d288ca00335f1fae5493d384cb656ecf5a945cc9ae3b8,other,NA,NA,
run_003,removal,removal_1772978091,remove-irs3-member1-1772978091,remove-irs3-member1-1772978091,32,removal_submit_done,removal_voted,2026-03-08T13:54:53.967885Z,2026-03-08T13:54:56.377245552Z,/var/lib/docker/volumes,ab96d922f06ec7a94f1b5200e75e480c9ed7eba86fbbe33b5cb9edbe031c6ea8,other,49770,49770,0
run_003,removal,removal_1772978091,remove-irs3-member1-1772978091,remove-irs3-member1-1772978091,32,removal_submit_done,removal_voted,2026-03-08T13:54:53.967885Z,2026-03-08T13:54:56.377245552Z,/var/lib/docker/volumes,c58c4c31a22da439d2b7f591fd40cdcdd9bb8458f543e682f66d858083ef9ea8,other,NA,NA,
run_003,removal,removal_1772978091,remove-irs3-member1-1772978091,remove-irs3-member1-1772978091,32,removal_submit_done,removal_voted,2026-03-08T13:54:53.967885Z,2026-03-08T13:54:56.377245552Z,/var/lib/docker/volumes,d9b7785a06954372515977133a1213437b80c5db1517196ca5e26134d3413ccf,other,NA,NA,
run_003,removal,removal_1772978091,remove-irs3-member1-1772978091,remove-irs3-member1-1772978091,32,removal_submit_done,removal_voted,2026-03-08T13:54:53.967885Z,2026-03-08T13:54:56.377245552Z,/var/lib/docker/volumes,dfb0ca7b4b9cad4ec8515f6484cd89e2febfe10817782070636d5b3db6848438,other,NA,NA,
run_003,removal,removal_1772978091,remove-irs3-member1-1772978091,remove-irs3-member1-1772978091,32,removal_submit_done,removal_voted,2026-03-08T13:54:53.967885Z,2026-03-08T13:54:56.377245552Z,/var/lib/docker/volumes,fabric_orderer.kit.edu,orderer,291278801,291470602,191801
run_003,removal,removal_1772978091,remove-irs3-member1-1772978091,remove-irs3-member1-1772978091,32,removal_submit_done,removal_voted,2026-03-08T13:54:53.967885Z,2026-03-08T13:54:56.377245552Z,/var/lib/docker/volumes,fabric_peer0.irs1.kit.edu,other,5006,5006,0
run_003,removal,removal_1772978091,remove-irs3-member1-1772978091,remove-irs3-member1-1772978091,32,removal_submit_done,removal_voted,2026-03-08T13:54:53.967885Z,2026-03-08T13:54:56.377245552Z,/var/lib/docker/volumes,fabric_peer0.irs3.kit.edu,peer,126208467,126328493,120026
run_003,removal,removal_1772978091,remove-irs3-member1-1772978091,remove-irs3-member1-1772978091,32,removal_submit_done,removal_voted,2026-03-08T13:54:53.967885Z,2026-03-08T13:54:56.377245552Z,/var/lib/docker/volumes,fabric_peer1.irs3.kit.edu,other,126207047,126327073,120026
run_003,removal,removal_1772978091,remove-irs3-member1-1772978091,remove-irs3-member1-1772978091,32,removal_submit_done,removal_voted,2026-03-08T13:54:53.967885Z,2026-03-08T13:54:56.377245552Z,/var/lib/docker/volumes,fabric_peer2.irs3.kit.edu,other,126208455,126328481,120026
run_003,removal,removal_1772978091,remove-irs3-member1-1772978091,remove-irs3-member1-1772978091,32,removal_submit_done,removal_voted,2026-03-08T13:54:53.967885Z,2026-03-08T13:54:56.377245552Z,/var/lib/docker/volumes,fabric_peer3.irs3.kit.edu,other,126207032,126327058,120026
run_003,removal,removal_1772978091,remove-irs3-member1-1772978091,remove-irs3-member1-1772978091,32,removal_voted,removal_approved,2026-03-08T13:54:56.377245552Z,2026-03-08T13:55:14.424464044Z,/var/lib/docker/volumes,07323924f55a40af409ae862fc14ab08f2d8c06ba282f174beb7e74ff5782926,other,NA,NA,
run_003,removal,removal_1772978091,remove-irs3-member1-1772978091,remove-irs3-member1-1772978091,32,removal_voted,removal_approved,2026-03-08T13:54:56.377245552Z,2026-03-08T13:55:14.424464044Z,/var/lib/docker/volumes,301473890dade69bfa0d19b444d1f0769b67a90d1197c166d84af2511e48f916,other,49770,49770,0
run_003,removal,removal_1772978091,remove-irs3-member1-1772978091,remove-irs3-member1-1772978091,32,removal_voted,removal_approved,2026-03-08T13:54:56.377245552Z,2026-03-08T13:55:14.424464044Z,/var/lib/docker/volumes,6b7bb91b53bcbfeb56b486bba478d97728a3c0004c18649976daaade961a2721,other,NA,NA,
run_003,removal,removal_1772978091,remove-irs3-member1-1772978091,remove-irs3-member1-1772978091,32,removal_voted,removal_approved,2026-03-08T13:54:56.377245552Z,2026-03-08T13:55:14.424464044Z,/var/lib/docker/volumes,791e62bfc17bf044236c3dcb5d77ec82610b27aa4d5f3c78aff2e2842f98f9ee,other,NA,NA,
run_003,removal,removal_1772978091,remove-irs3-member1-1772978091,remove-irs3-member1-1772978091,32,removal_voted,removal_approved,2026-03-08T13:54:56.377245552Z,2026-03-08T13:55:14.424464044Z,/var/lib/docker/volumes,86e46c7349c98bd170ab7467b42f5b1a8fcf1438535fca6ee74a0dcce3856102,other,NA,NA,
run_003,removal,removal_1772978091,remove-irs3-member1-1772978091,remove-irs3-member1-1772978091,32,removal_voted,removal_approved,2026-03-08T13:54:56.377245552Z,2026-03-08T13:55:14.424464044Z,/var/lib/docker/volumes,99ac8c723665556c954d288ca00335f1fae5493d384cb656ecf5a945cc9ae3b8,other,NA,NA,
run_003,removal,removal_1772978091,remove-irs3-member1-1772978091,remove-irs3-member1-1772978091,32,removal_voted,removal_approved,2026-03-08T13:54:56.377245552Z,2026-03-08T13:55:14.424464044Z,/var/lib/docker/volumes,ab96d922f06ec7a94f1b5200e75e480c9ed7eba86fbbe33b5cb9edbe031c6ea8,other,49770,49770,0
run_003,removal,removal_1772978091,remove-irs3-member1-1772978091,remove-irs3-member1-1772978091,32,removal_voted,removal_approved,2026-03-08T13:54:56.377245552Z,2026-03-08T13:55:14.424464044Z,/var/lib/docker/volumes,c58c4c31a22da439d2b7f591fd40cdcdd9bb8458f543e682f66d858083ef9ea8,other,NA,NA,
run_003,removal,removal_1772978091,remove-irs3-member1-1772978091,remove-irs3-member1-1772978091,32,removal_voted,removal_approved,2026-03-08T13:54:56.377245552Z,2026-03-08T13:55:14.424464044Z,/var/lib/docker/volumes,d9b7785a06954372515977133a1213437b80c5db1517196ca5e26134d3413ccf,other,NA,NA,
run_003,removal,removal_1772978091,remove-irs3-member1-1772978091,remove-irs3-member1-1772978091,32,removal_voted,removal_approved,2026-03-08T13:54:56.377245552Z,2026-03-08T13:55:14.424464044Z,/var/lib/docker/volumes,dfb0ca7b4b9cad4ec8515f6484cd89e2febfe10817782070636d5b3db6848438,other,NA,NA,
run_003,removal,removal_1772978091,remove-irs3-member1-1772978091,remove-irs3-member1-1772978091,32,removal_voted,removal_approved,2026-03-08T13:54:56.377245552Z,2026-03-08T13:55:14.424464044Z,/var/lib/docker/volumes,fabric_orderer.kit.edu,orderer,291470602,292013460,542858
run_003,removal,removal_1772978091,remove-irs3-member1-1772978091,remove-irs3-member1-1772978091,32,removal_voted,removal_approved,2026-03-08T13:54:56.377245552Z,2026-03-08T13:55:14.424464044Z,/var/lib/docker/volumes,fabric_peer0.irs1.kit.edu,other,5006,5006,0
run_003,removal,removal_1772978091,remove-irs3-member1-1772978091,remove-irs3-member1-1772978091,32,removal_voted,removal_approved,2026-03-08T13:54:56.377245552Z,2026-03-08T13:55:14.424464044Z,/var/lib/docker/volumes,fabric_peer0.irs3.kit.edu,peer,126328493,126993217,664724
run_003,removal,removal_1772978091,remove-irs3-member1-1772978091,remove-irs3-member1-1772978091,32,removal_voted,removal_approved,2026-03-08T13:54:56.377245552Z,2026-03-08T13:55:14.424464044Z,/var/lib/docker/volumes,fabric_peer1.irs3.kit.edu,other,126327073,126991797,664724
run_003,removal,removal_1772978091,remove-irs3-member1-1772978091,remove-irs3-member1-1772978091,32,removal_voted,removal_approved,2026-03-08T13:54:56.377245552Z,2026-03-08T13:55:14.424464044Z,/var/lib/docker/volumes,fabric_peer2.irs3.kit.edu,other,126328481,126993205,664724
run_003,removal,removal_1772978091,remove-irs3-member1-1772978091,remove-irs3-member1-1772978091,32,removal_voted,removal_approved,2026-03-08T13:54:56.377245552Z,2026-03-08T13:55:14.424464044Z,/var/lib/docker/volumes,fabric_peer3.irs3.kit.edu,other,126327058,126991782,664724
run_003,removal,removal_1772978091,remove-irs3-member1-1772978091,remove-irs3-member1-1772978091,32,removal_approved,reshare_started,2026-03-08T13:55:14.424464044Z,2026-03-08T13:55:14.659046Z,/var/lib/docker/volumes,07323924f55a40af409ae862fc14ab08f2d8c06ba282f174beb7e74ff5782926,other,NA,NA,
run_003,removal,removal_1772978091,remove-irs3-member1-1772978091,remove-irs3-member1-1772978091,32,removal_approved,reshare_started,2026-03-08T13:55:14.424464044Z,2026-03-08T13:55:14.659046Z,/var/lib/docker/volumes,301473890dade69bfa0d19b444d1f0769b67a90d1197c166d84af2511e48f916,other,49770,49770,0
run_003,removal,removal_1772978091,remove-irs3-member1-1772978091,remove-irs3-member1-1772978091,32,removal_approved,reshare_started,2026-03-08T13:55:14.424464044Z,2026-03-08T13:55:14.659046Z,/var/lib/docker/volumes,6b7bb91b53bcbfeb56b486bba478d97728a3c0004c18649976daaade961a2721,other,NA,NA,
run_003,removal,removal_1772978091,remove-irs3-member1-1772978091,remove-irs3-member1-1772978091,32,removal_approved,reshare_started,2026-03-08T13:55:14.424464044Z,2026-03-08T13:55:14.659046Z,/var/lib/docker/volumes,791e62bfc17bf044236c3dcb5d77ec82610b27aa4d5f3c78aff2e2842f98f9ee,other,NA,NA,
run_003,removal,removal_1772978091,remove-irs3-member1-1772978091,remove-irs3-member1-1772978091,32,removal_approved,reshare_started,2026-03-08T13:55:14.424464044Z,2026-03-08T13:55:14.659046Z,/var/lib/docker/volumes,86e46c7349c98bd170ab7467b42f5b1a8fcf1438535fca6ee74a0dcce3856102,other,NA,NA,
run_003,removal,removal_1772978091,remove-irs3-member1-1772978091,remove-irs3-member1-1772978091,32,removal_approved,reshare_started,2026-03-08T13:55:14.424464044Z,2026-03-08T13:55:14.659046Z,/var/lib/docker/volumes,99ac8c723665556c954d288ca00335f1fae5493d384cb656ecf5a945cc9ae3b8,other,NA,NA,
run_003,removal,removal_1772978091,remove-irs3-member1-1772978091,remove-irs3-member1-1772978091,32,removal_approved,reshare_started,2026-03-08T13:55:14.424464044Z,2026-03-08T13:55:14.659046Z,/var/lib/docker/volumes,ab96d922f06ec7a94f1b5200e75e480c9ed7eba86fbbe33b5cb9edbe031c6ea8,other,49770,49770,0
run_003,removal,removal_1772978091,remove-irs3-member1-1772978091,remove-irs3-member1-1772978091,32,removal_approved,reshare_started,2026-03-08T13:55:14.424464044Z,2026-03-08T13:55:14.659046Z,/var/lib/docker/volumes,c58c4c31a22da439d2b7f591fd40cdcdd9bb8458f543e682f66d858083ef9ea8,other,NA,NA,
run_003,removal,removal_1772978091,remove-irs3-member1-1772978091,remove-irs3-member1-1772978091,32,removal_approved,reshare_started,2026-03-08T13:55:14.424464044Z,2026-03-08T13:55:14.659046Z,/var/lib/docker/volumes,d9b7785a06954372515977133a1213437b80c5db1517196ca5e26134d3413ccf,other,NA,NA,
run_003,removal,removal_1772978091,remove-irs3-member1-1772978091,remove-irs3-member1-1772978091,32,removal_approved,reshare_started,2026-03-08T13:55:14.424464044Z,2026-03-08T13:55:14.659046Z,/var/lib/docker/volumes,dfb0ca7b4b9cad4ec8515f6484cd89e2febfe10817782070636d5b3db6848438,other,NA,NA,
run_003,removal,removal_1772978091,remove-irs3-member1-1772978091,remove-irs3-member1-1772978091,32,removal_approved,reshare_started,2026-03-08T13:55:14.424464044Z,2026-03-08T13:55:14.659046Z,/var/lib/docker/volumes,fabric_orderer.kit.edu,orderer,292013460,292013460,0
run_003,removal,removal_1772978091,remove-irs3-member1-1772978091,remove-irs3-member1-1772978091,32,removal_approved,reshare_started,2026-03-08T13:55:14.424464044Z,2026-03-08T13:55:14.659046Z,/var/lib/docker/volumes,fabric_peer0.irs1.kit.edu,other,5006,5006,0
run_003,removal,removal_1772978091,remove-irs3-member1-1772978091,remove-irs3-member1-1772978091,32,removal_approved,reshare_started,2026-03-08T13:55:14.424464044Z,2026-03-08T13:55:14.659046Z,/var/lib/docker/volumes,fabric_peer0.irs3.kit.edu,peer,126993217,126993217,0
run_003,removal,removal_1772978091,remove-irs3-member1-1772978091,remove-irs3-member1-1772978091,32,removal_approved,reshare_started,2026-03-08T13:55:14.424464044Z,2026-03-08T13:55:14.659046Z,/var/lib/docker/volumes,fabric_peer1.irs3.kit.edu,other,126991797,126991797,0
run_003,removal,removal_1772978091,remove-irs3-member1-1772978091,remove-irs3-member1-1772978091,32,removal_approved,reshare_started,2026-03-08T13:55:14.424464044Z,2026-03-08T13:55:14.659046Z,/var/lib/docker/volumes,fabric_peer2.irs3.kit.edu,other,126993205,126993205,0
run_003,removal,removal_1772978091,remove-irs3-member1-1772978091,remove-irs3-member1-1772978091,32,removal_approved,reshare_started,2026-03-08T13:55:14.424464044Z,2026-03-08T13:55:14.659046Z,/var/lib/docker/volumes,fabric_peer3.irs3.kit.edu,other,126991782,126991782,0
run_003,removal,removal_1772978091,remove-irs3-member1-1772978091,remove-irs3-member1-1772978091,32,reshare_started,reshare_completed,2026-03-08T13:55:14.659046Z,2026-03-08T13:59:54.709048707Z,/var/lib/docker/volumes,07323924f55a40af409ae862fc14ab08f2d8c06ba282f174beb7e74ff5782926,other,NA,NA,
run_003,removal,removal_1772978091,remove-irs3-member1-1772978091,remove-irs3-member1-1772978091,32,reshare_started,reshare_completed,2026-03-08T13:55:14.659046Z,2026-03-08T13:59:54.709048707Z,/var/lib/docker/volumes,301473890dade69bfa0d19b444d1f0769b67a90d1197c166d84af2511e48f916,other,49770,49770,0
run_003,removal,removal_1772978091,remove-irs3-member1-1772978091,remove-irs3-member1-1772978091,32,reshare_started,reshare_completed,2026-03-08T13:55:14.659046Z,2026-03-08T13:59:54.709048707Z,/var/lib/docker/volumes,6b7bb91b53bcbfeb56b486bba478d97728a3c0004c18649976daaade961a2721,other,NA,NA,
run_003,removal,removal_1772978091,remove-irs3-member1-1772978091,remove-irs3-member1-1772978091,32,reshare_started,reshare_completed,2026-03-08T13:55:14.659046Z,2026-03-08T13:59:54.709048707Z,/var/lib/docker/volumes,791e62bfc17bf044236c3dcb5d77ec82610b27aa4d5f3c78aff2e2842f98f9ee,other,NA,NA,
run_003,removal,removal_1772978091,remove-irs3-member1-1772978091,remove-irs3-member1-1772978091,32,reshare_started,reshare_completed,2026-03-08T13:55:14.659046Z,2026-03-08T13:59:54.709048707Z,/var/lib/docker/volumes,86e46c7349c98bd170ab7467b42f5b1a8fcf1438535fca6ee74a0dcce3856102,other,NA,NA,
run_003,removal,removal_1772978091,remove-irs3-member1-1772978091,remove-irs3-member1-1772978091,32,reshare_started,reshare_completed,2026-03-08T13:55:14.659046Z,2026-03-08T13:59:54.709048707Z,/var/lib/docker/volumes,99ac8c723665556c954d288ca00335f1fae5493d384cb656ecf5a945cc9ae3b8,other,NA,NA,
run_003,removal,removal_1772978091,remove-irs3-member1-1772978091,remove-irs3-member1-1772978091,32,reshare_started,reshare_completed,2026-03-08T13:55:14.659046Z,2026-03-08T13:59:54.709048707Z,/var/lib/docker/volumes,ab96d922f06ec7a94f1b5200e75e480c9ed7eba86fbbe33b5cb9edbe031c6ea8,other,49770,49770,0
run_003,removal,removal_1772978091,remove-irs3-member1-1772978091,remove-irs3-member1-1772978091,32,reshare_started,reshare_completed,2026-03-08T13:55:14.659046Z,2026-03-08T13:59:54.709048707Z,/var/lib/docker/volumes,c58c4c31a22da439d2b7f591fd40cdcdd9bb8458f543e682f66d858083ef9ea8,other,NA,NA,
run_003,removal,removal_1772978091,remove-irs3-member1-1772978091,remove-irs3-member1-1772978091,32,reshare_started,reshare_completed,2026-03-08T13:55:14.659046Z,2026-03-08T13:59:54.709048707Z,/var/lib/docker/volumes,d9b7785a06954372515977133a1213437b80c5db1517196ca5e26134d3413ccf,other,NA,NA,
run_003,removal,removal_1772978091,remove-irs3-member1-1772978091,remove-irs3-member1-1772978091,32,reshare_started,reshare_completed,2026-03-08T13:55:14.659046Z,2026-03-08T13:59:54.709048707Z,/var/lib/docker/volumes,dfb0ca7b4b9cad4ec8515f6484cd89e2febfe10817782070636d5b3db6848438,other,NA,NA,
run_003,removal,removal_1772978091,remove-irs3-member1-1772978091,remove-irs3-member1-1772978091,32,reshare_started,reshare_completed,2026-03-08T13:55:14.659046Z,2026-03-08T13:59:54.709048707Z,/var/lib/docker/volumes,fabric_orderer.kit.edu,orderer,292013460,297830992,5817532
run_003,removal,removal_1772978091,remove-irs3-member1-1772978091,remove-irs3-member1-1772978091,32,reshare_started,reshare_completed,2026-03-08T13:55:14.659046Z,2026-03-08T13:59:54.709048707Z,/var/lib/docker/volumes,fabric_peer0.irs1.kit.edu,other,5006,5006,0
run_003,removal,removal_1772978091,remove-irs3-member1-1772978091,remove-irs3-member1-1772978091,32,reshare_started,reshare_completed,2026-03-08T13:55:14.659046Z,2026-03-08T13:59:54.709048707Z,/var/lib/docker/volumes,fabric_peer0.irs3.kit.edu,peer,126993217,133364589,6371372
run_003,removal,removal_1772978091,remove-irs3-member1-1772978091,remove-irs3-member1-1772978091,32,reshare_started,reshare_completed,2026-03-08T13:55:14.659046Z,2026-03-08T13:59:54.709048707Z,/var/lib/docker/volumes,fabric_peer1.irs3.kit.edu,other,126991797,133363169,6371372
run_003,removal,removal_1772978091,remove-irs3-member1-1772978091,remove-irs3-member1-1772978091,32,reshare_started,reshare_completed,2026-03-08T13:55:14.659046Z,2026-03-08T13:59:54.709048707Z,/var/lib/docker/volumes,fabric_peer2.irs3.kit.edu,other,126993205,133364577,6371372
run_003,removal,removal_1772978091,remove-irs3-member1-1772978091,remove-irs3-member1-1772978091,32,reshare_started,reshare_completed,2026-03-08T13:55:14.659046Z,2026-03-08T13:59:54.709048707Z,/var/lib/docker/volumes,fabric_peer3.irs3.kit.edu,other,126991782,133363154,6371372
run_003,removal,removal_1772978091,remove-irs3-member1-1772978091,remove-irs3-member1-1772978091,32,reshare_completed,operation_end,2026-03-08T13:59:54.709048707Z,2026-03-08T13:59:56.320156Z,/var/lib/docker/volumes,07323924f55a40af409ae862fc14ab08f2d8c06ba282f174beb7e74ff5782926,other,NA,NA,
run_003,removal,removal_1772978091,remove-irs3-member1-1772978091,remove-irs3-member1-1772978091,32,reshare_completed,operation_end,2026-03-08T13:59:54.709048707Z,2026-03-08T13:59:56.320156Z,/var/lib/docker/volumes,301473890dade69bfa0d19b444d1f0769b67a90d1197c166d84af2511e48f916,other,49770,49770,0
run_003,removal,removal_1772978091,remove-irs3-member1-1772978091,remove-irs3-member1-1772978091,32,reshare_completed,operation_end,2026-03-08T13:59:54.709048707Z,2026-03-08T13:59:56.320156Z,/var/lib/docker/volumes,6b7bb91b53bcbfeb56b486bba478d97728a3c0004c18649976daaade961a2721,other,NA,NA,
run_003,removal,removal_1772978091,remove-irs3-member1-1772978091,remove-irs3-member1-1772978091,32,reshare_completed,operation_end,2026-03-08T13:59:54.709048707Z,2026-03-08T13:59:56.320156Z,/var/lib/docker/volumes,791e62bfc17bf044236c3dcb5d77ec82610b27aa4d5f3c78aff2e2842f98f9ee,other,NA,NA,
run_003,removal,removal_1772978091,remove-irs3-member1-1772978091,remove-irs3-member1-1772978091,32,reshare_completed,operation_end,2026-03-08T13:59:54.709048707Z,2026-03-08T13:59:56.320156Z,/var/lib/docker/volumes,86e46c7349c98bd170ab7467b42f5b1a8fcf1438535fca6ee74a0dcce3856102,other,NA,NA,
run_003,removal,removal_1772978091,remove-irs3-member1-1772978091,remove-irs3-member1-1772978091,32,reshare_completed,operation_end,2026-03-08T13:59:54.709048707Z,2026-03-08T13:59:56.320156Z,/var/lib/docker/volumes,99ac8c723665556c954d288ca00335f1fae5493d384cb656ecf5a945cc9ae3b8,other,NA,NA,
run_003,removal,removal_1772978091,remove-irs3-member1-1772978091,remove-irs3-member1-1772978091,32,reshare_completed,operation_end,2026-03-08T13:59:54.709048707Z,2026-03-08T13:59:56.320156Z,/var/lib/docker/volumes,ab96d922f06ec7a94f1b5200e75e480c9ed7eba86fbbe33b5cb9edbe031c6ea8,other,49770,49770,0
run_003,removal,removal_1772978091,remove-irs3-member1-1772978091,remove-irs3-member1-1772978091,32,reshare_completed,operation_end,2026-03-08T13:59:54.709048707Z,2026-03-08T13:59:56.320156Z,/var/lib/docker/volumes,c58c4c31a22da439d2b7f591fd40cdcdd9bb8458f543e682f66d858083ef9ea8,other,NA,NA,
run_003,removal,removal_1772978091,remove-irs3-member1-1772978091,remove-irs3-member1-1772978091,32,reshare_completed,operation_end,2026-03-08T13:59:54.709048707Z,2026-03-08T13:59:56.320156Z,/var/lib/docker/volumes,d9b7785a06954372515977133a1213437b80c5db1517196ca5e26134d3413ccf,other,NA,NA,
run_003,removal,removal_1772978091,remove-irs3-member1-1772978091,remove-irs3-member1-1772978091,32,reshare_completed,operation_end,2026-03-08T13:59:54.709048707Z,2026-03-08T13:59:56.320156Z,/var/lib/docker/volumes,dfb0ca7b4b9cad4ec8515f6484cd89e2febfe10817782070636d5b3db6848438,other,NA,NA,
run_003,removal,removal_1772978091,remove-irs3-member1-1772978091,remove-irs3-member1-1772978091,32,reshare_completed,operation_end,2026-03-08T13:59:54.709048707Z,2026-03-08T13:59:56.320156Z,/var/lib/docker/volumes,fabric_orderer.kit.edu,orderer,297830992,297830992,0
run_003,removal,removal_1772978091,remove-irs3-member1-1772978091,remove-irs3-member1-1772978091,32,reshare_completed,operation_end,2026-03-08T13:59:54.709048707Z,2026-03-08T13:59:56.320156Z,/var/lib/docker/volumes,fabric_peer0.irs1.kit.edu,other,5006,5006,0
run_003,removal,removal_1772978091,remove-irs3-member1-1772978091,remove-irs3-member1-1772978091,32,reshare_completed,operation_end,2026-03-08T13:59:54.709048707Z,2026-03-08T13:59:56.320156Z,/var/lib/docker/volumes,fabric_peer0.irs3.kit.edu,peer,133364589,133364589,0
run_003,removal,removal_1772978091,remove-irs3-member1-1772978091,remove-irs3-member1-1772978091,32,reshare_completed,operation_end,2026-03-08T13:59:54.709048707Z,2026-03-08T13:59:56.320156Z,/var/lib/docker/volumes,fabric_peer1.irs3.kit.edu,other,133363169,133363169,0
run_003,removal,removal_1772978091,remove-irs3-member1-1772978091,remove-irs3-member1-1772978091,32,reshare_completed,operation_end,2026-03-08T13:59:54.709048707Z,2026-03-08T13:59:56.320156Z,/var/lib/docker/volumes,fabric_peer2.irs3.kit.edu,other,133364577,133364577,0
run_003,removal,removal_1772978091,remove-irs3-member1-1772978091,remove-irs3-member1-1772978091,32,reshare_completed,operation_end,2026-03-08T13:59:54.709048707Z,2026-03-08T13:59:56.320156Z,/var/lib/docker/volumes,fabric_peer3.irs3.kit.edu,other,133363154,133363154,0
run_003,join,join_1772978414,join-irs3-1772978415,join-irs3-1772978415,33,operation_start,join_submit_done,2026-03-08T14:00:14.976295Z,2026-03-08T14:00:17.357843Z,/var/lib/docker/volumes,07323924f55a40af409ae862fc14ab08f2d8c06ba282f174beb7e74ff5782926,other,NA,NA,
run_003,join,join_1772978414,join-irs3-1772978415,join-irs3-1772978415,33,operation_start,join_submit_done,2026-03-08T14:00:14.976295Z,2026-03-08T14:00:17.357843Z,/var/lib/docker/volumes,301473890dade69bfa0d19b444d1f0769b67a90d1197c166d84af2511e48f916,other,49770,49770,0
run_003,join,join_1772978414,join-irs3-1772978415,join-irs3-1772978415,33,operation_start,join_submit_done,2026-03-08T14:00:14.976295Z,2026-03-08T14:00:17.357843Z,/var/lib/docker/volumes,6b7bb91b53bcbfeb56b486bba478d97728a3c0004c18649976daaade961a2721,other,NA,NA,
run_003,join,join_1772978414,join-irs3-1772978415,join-irs3-1772978415,33,operation_start,join_submit_done,2026-03-08T14:00:14.976295Z,2026-03-08T14:00:17.357843Z,/var/lib/docker/volumes,791e62bfc17bf044236c3dcb5d77ec82610b27aa4d5f3c78aff2e2842f98f9ee,other,NA,NA,
run_003,join,join_1772978414,join-irs3-1772978415,join-irs3-1772978415,33,operation_start,join_submit_done,2026-03-08T14:00:14.976295Z,2026-03-08T14:00:17.357843Z,/var/lib/docker/volumes,86e46c7349c98bd170ab7467b42f5b1a8fcf1438535fca6ee74a0dcce3856102,other,NA,NA,
run_003,join,join_1772978414,join-irs3-1772978415,join-irs3-1772978415,33,operation_start,join_submit_done,2026-03-08T14:00:14.976295Z,2026-03-08T14:00:17.357843Z,/var/lib/docker/volumes,99ac8c723665556c954d288ca00335f1fae5493d384cb656ecf5a945cc9ae3b8,other,NA,NA,
run_003,join,join_1772978414,join-irs3-1772978415,join-irs3-1772978415,33,operation_start,join_submit_done,2026-03-08T14:00:14.976295Z,2026-03-08T14:00:17.357843Z,/var/lib/docker/volumes,ab96d922f06ec7a94f1b5200e75e480c9ed7eba86fbbe33b5cb9edbe031c6ea8,other,49770,49770,0
run_003,join,join_1772978414,join-irs3-1772978415,join-irs3-1772978415,33,operation_start,join_submit_done,2026-03-08T14:00:14.976295Z,2026-03-08T14:00:17.357843Z,/var/lib/docker/volumes,c58c4c31a22da439d2b7f591fd40cdcdd9bb8458f543e682f66d858083ef9ea8,other,NA,NA,
run_003,join,join_1772978414,join-irs3-1772978415,join-irs3-1772978415,33,operation_start,join_submit_done,2026-03-08T14:00:14.976295Z,2026-03-08T14:00:17.357843Z,/var/lib/docker/volumes,d9b7785a06954372515977133a1213437b80c5db1517196ca5e26134d3413ccf,other,NA,NA,
run_003,join,join_1772978414,join-irs3-1772978415,join-irs3-1772978415,33,operation_start,join_submit_done,2026-03-08T14:00:14.976295Z,2026-03-08T14:00:17.357843Z,/var/lib/docker/volumes,dfb0ca7b4b9cad4ec8515f6484cd89e2febfe10817782070636d5b3db6848438,other,NA,NA,
run_003,join,join_1772978414,join-irs3-1772978415,join-irs3-1772978415,33,operation_start,join_submit_done,2026-03-08T14:00:14.976295Z,2026-03-08T14:00:17.357843Z,/var/lib/docker/volumes,fabric_orderer.kit.edu,orderer,297830992,297840362,9370
run_003,join,join_1772978414,join-irs3-1772978415,join-irs3-1772978415,33,operation_start,join_submit_done,2026-03-08T14:00:14.976295Z,2026-03-08T14:00:17.357843Z,/var/lib/docker/volumes,fabric_peer0.irs1.kit.edu,other,5006,5006,0
run_003,join,join_1772978414,join-irs3-1772978415,join-irs3-1772978415,33,operation_start,join_submit_done,2026-03-08T14:00:14.976295Z,2026-03-08T14:00:17.357843Z,/var/lib/docker/volumes,fabric_peer0.irs3.kit.edu,peer,133364589,133375858,11269
run_003,join,join_1772978414,join-irs3-1772978415,join-irs3-1772978415,33,operation_start,join_submit_done,2026-03-08T14:00:14.976295Z,2026-03-08T14:00:17.357843Z,/var/lib/docker/volumes,fabric_peer1.irs3.kit.edu,other,133363169,133374438,11269
run_003,join,join_1772978414,join-irs3-1772978415,join-irs3-1772978415,33,operation_start,join_submit_done,2026-03-08T14:00:14.976295Z,2026-03-08T14:00:17.357843Z,/var/lib/docker/volumes,fabric_peer2.irs3.kit.edu,other,133364577,133375846,11269
run_003,join,join_1772978414,join-irs3-1772978415,join-irs3-1772978415,33,operation_start,join_submit_done,2026-03-08T14:00:14.976295Z,2026-03-08T14:00:17.357843Z,/var/lib/docker/volumes,fabric_peer3.irs3.kit.edu,other,133363154,133374423,11269
run_003,join,join_1772978414,join-irs3-1772978415,join-irs3-1772978415,33,join_submit_done,join_voted,2026-03-08T14:00:17.357843Z,2026-03-08T14:00:19.786550239Z,/var/lib/docker/volumes,07323924f55a40af409ae862fc14ab08f2d8c06ba282f174beb7e74ff5782926,other,NA,NA,
run_003,join,join_1772978414,join-irs3-1772978415,join-irs3-1772978415,33,join_submit_done,join_voted,2026-03-08T14:00:17.357843Z,2026-03-08T14:00:19.786550239Z,/var/lib/docker/volumes,301473890dade69bfa0d19b444d1f0769b67a90d1197c166d84af2511e48f916,other,49770,49770,0
run_003,join,join_1772978414,join-irs3-1772978415,join-irs3-1772978415,33,join_submit_done,join_voted,2026-03-08T14:00:17.357843Z,2026-03-08T14:00:19.786550239Z,/var/lib/docker/volumes,6b7bb91b53bcbfeb56b486bba478d97728a3c0004c18649976daaade961a2721,other,NA,NA,
run_003,join,join_1772978414,join-irs3-1772978415,join-irs3-1772978415,33,join_submit_done,join_voted,2026-03-08T14:00:17.357843Z,2026-03-08T14:00:19.786550239Z,/var/lib/docker/volumes,791e62bfc17bf044236c3dcb5d77ec82610b27aa4d5f3c78aff2e2842f98f9ee,other,NA,NA,
run_003,join,join_1772978414,join-irs3-1772978415,join-irs3-1772978415,33,join_submit_done,join_voted,2026-03-08T14:00:17.357843Z,2026-03-08T14:00:19.786550239Z,/var/lib/docker/volumes,86e46c7349c98bd170ab7467b42f5b1a8fcf1438535fca6ee74a0dcce3856102,other,NA,NA,
run_003,join,join_1772978414,join-irs3-1772978415,join-irs3-1772978415,33,join_submit_done,join_voted,2026-03-08T14:00:17.357843Z,2026-03-08T14:00:19.786550239Z,/var/lib/docker/volumes,99ac8c723665556c954d288ca00335f1fae5493d384cb656ecf5a945cc9ae3b8,other,NA,NA,
run_003,join,join_1772978414,join-irs3-1772978415,join-irs3-1772978415,33,join_submit_done,join_voted,2026-03-08T14:00:17.357843Z,2026-03-08T14:00:19.786550239Z,/var/lib/docker/volumes,ab96d922f06ec7a94f1b5200e75e480c9ed7eba86fbbe33b5cb9edbe031c6ea8,other,49770,49770,0
run_003,join,join_1772978414,join-irs3-1772978415,join-irs3-1772978415,33,join_submit_done,join_voted,2026-03-08T14:00:17.357843Z,2026-03-08T14:00:19.786550239Z,/var/lib/docker/volumes,c58c4c31a22da439d2b7f591fd40cdcdd9bb8458f543e682f66d858083ef9ea8,other,NA,NA,
run_003,join,join_1772978414,join-irs3-1772978415,join-irs3-1772978415,33,join_submit_done,join_voted,2026-03-08T14:00:17.357843Z,2026-03-08T14:00:19.786550239Z,/var/lib/docker/volumes,d9b7785a06954372515977133a1213437b80c5db1517196ca5e26134d3413ccf,other,NA,NA,
run_003,join,join_1772978414,join-irs3-1772978415,join-irs3-1772978415,33,join_submit_done,join_voted,2026-03-08T14:00:17.357843Z,2026-03-08T14:00:19.786550239Z,/var/lib/docker/volumes,dfb0ca7b4b9cad4ec8515f6484cd89e2febfe10817782070636d5b3db6848438,other,NA,NA,
run_003,join,join_1772978414,join-irs3-1772978415,join-irs3-1772978415,33,join_submit_done,join_voted,2026-03-08T14:00:17.357843Z,2026-03-08T14:00:19.786550239Z,/var/lib/docker/volumes,fabric_orderer.kit.edu,orderer,297840362,297881782,41420
run_003,join,join_1772978414,join-irs3-1772978415,join-irs3-1772978415,33,join_submit_done,join_voted,2026-03-08T14:00:17.357843Z,2026-03-08T14:00:19.786550239Z,/var/lib/docker/volumes,fabric_peer0.irs1.kit.edu,other,5006,5006,0
run_003,join,join_1772978414,join-irs3-1772978415,join-irs3-1772978415,33,join_submit_done,join_voted,2026-03-08T14:00:17.357843Z,2026-03-08T14:00:19.786550239Z,/var/lib/docker/volumes,fabric_peer0.irs3.kit.edu,peer,133375858,133420662,44804
run_003,join,join_1772978414,join-irs3-1772978415,join-irs3-1772978415,33,join_submit_done,join_voted,2026-03-08T14:00:17.357843Z,2026-03-08T14:00:19.786550239Z,/var/lib/docker/volumes,fabric_peer1.irs3.kit.edu,other,133374438,133419242,44804
run_003,join,join_1772978414,join-irs3-1772978415,join-irs3-1772978415,33,join_submit_done,join_voted,2026-03-08T14:00:17.357843Z,2026-03-08T14:00:19.786550239Z,/var/lib/docker/volumes,fabric_peer2.irs3.kit.edu,other,133375846,133420650,44804
run_003,join,join_1772978414,join-irs3-1772978415,join-irs3-1772978415,33,join_submit_done,join_voted,2026-03-08T14:00:17.357843Z,2026-03-08T14:00:19.786550239Z,/var/lib/docker/volumes,fabric_peer3.irs3.kit.edu,other,133374423,133419227,44804
run_003,join,join_1772978414,join-irs3-1772978415,join-irs3-1772978415,33,join_voted,join_approved,2026-03-08T14:00:19.786550239Z,2026-03-08T14:00:40.362393796Z,/var/lib/docker/volumes,07323924f55a40af409ae862fc14ab08f2d8c06ba282f174beb7e74ff5782926,other,NA,NA,
run_003,join,join_1772978414,join-irs3-1772978415,join-irs3-1772978415,33,join_voted,join_approved,2026-03-08T14:00:19.786550239Z,2026-03-08T14:00:40.362393796Z,/var/lib/docker/volumes,301473890dade69bfa0d19b444d1f0769b67a90d1197c166d84af2511e48f916,other,49770,49770,0
run_003,join,join_1772978414,join-irs3-1772978415,join-irs3-1772978415,33,join_voted,join_approved,2026-03-08T14:00:19.786550239Z,2026-03-08T14:00:40.362393796Z,/var/lib/docker/volumes,6b7bb91b53bcbfeb56b486bba478d97728a3c0004c18649976daaade961a2721,other,NA,NA,
run_003,join,join_1772978414,join-irs3-1772978415,join-irs3-1772978415,33,join_voted,join_approved,2026-03-08T14:00:19.786550239Z,2026-03-08T14:00:40.362393796Z,/var/lib/docker/volumes,791e62bfc17bf044236c3dcb5d77ec82610b27aa4d5f3c78aff2e2842f98f9ee,other,NA,NA,
run_003,join,join_1772978414,join-irs3-1772978415,join-irs3-1772978415,33,join_voted,join_approved,2026-03-08T14:00:19.786550239Z,2026-03-08T14:00:40.362393796Z,/var/lib/docker/volumes,86e46c7349c98bd170ab7467b42f5b1a8fcf1438535fca6ee74a0dcce3856102,other,NA,NA,
run_003,join,join_1772978414,join-irs3-1772978415,join-irs3-1772978415,33,join_voted,join_approved,2026-03-08T14:00:19.786550239Z,2026-03-08T14:00:40.362393796Z,/var/lib/docker/volumes,99ac8c723665556c954d288ca00335f1fae5493d384cb656ecf5a945cc9ae3b8,other,NA,NA,
run_003,join,join_1772978414,join-irs3-1772978415,join-irs3-1772978415,33,join_voted,join_approved,2026-03-08T14:00:19.786550239Z,2026-03-08T14:00:40.362393796Z,/var/lib/docker/volumes,ab96d922f06ec7a94f1b5200e75e480c9ed7eba86fbbe33b5cb9edbe031c6ea8,other,49770,49770,0
run_003,join,join_1772978414,join-irs3-1772978415,join-irs3-1772978415,33,join_voted,join_approved,2026-03-08T14:00:19.786550239Z,2026-03-08T14:00:40.362393796Z,/var/lib/docker/volumes,c58c4c31a22da439d2b7f591fd40cdcdd9bb8458f543e682f66d858083ef9ea8,other,NA,NA,
run_003,join,join_1772978414,join-irs3-1772978415,join-irs3-1772978415,33,join_voted,join_approved,2026-03-08T14:00:19.786550239Z,2026-03-08T14:00:40.362393796Z,/var/lib/docker/volumes,d9b7785a06954372515977133a1213437b80c5db1517196ca5e26134d3413ccf,other,NA,NA,
run_003,join,join_1772978414,join-irs3-1772978415,join-irs3-1772978415,33,join_voted,join_approved,2026-03-08T14:00:19.786550239Z,2026-03-08T14:00:40.362393796Z,/var/lib/docker/volumes,dfb0ca7b4b9cad4ec8515f6484cd89e2febfe10817782070636d5b3db6848438,other,NA,NA,
run_003,join,join_1772978414,join-irs3-1772978415,join-irs3-1772978415,33,join_voted,join_approved,2026-03-08T14:00:19.786550239Z,2026-03-08T14:00:40.362393796Z,/var/lib/docker/volumes,fabric_orderer.kit.edu,orderer,297881782,298722619,840837
run_003,join,join_1772978414,join-irs3-1772978415,join-irs3-1772978415,33,join_voted,join_approved,2026-03-08T14:00:19.786550239Z,2026-03-08T14:00:40.362393796Z,/var/lib/docker/volumes,fabric_peer0.irs1.kit.edu,other,5006,5006,0
run_003,join,join_1772978414,join-irs3-1772978415,join-irs3-1772978415,33,join_voted,join_approved,2026-03-08T14:00:19.786550239Z,2026-03-08T14:00:40.362393796Z,/var/lib/docker/volumes,fabric_peer0.irs3.kit.edu,peer,133420662,134325041,904379
run_003,join,join_1772978414,join-irs3-1772978415,join-irs3-1772978415,33,join_voted,join_approved,2026-03-08T14:00:19.786550239Z,2026-03-08T14:00:40.362393796Z,/var/lib/docker/volumes,fabric_peer1.irs3.kit.edu,other,133419242,134323621,904379
run_003,join,join_1772978414,join-irs3-1772978415,join-irs3-1772978415,33,join_voted,join_approved,2026-03-08T14:00:19.786550239Z,2026-03-08T14:00:40.362393796Z,/var/lib/docker/volumes,fabric_peer2.irs3.kit.edu,other,133420650,134325029,904379
run_003,join,join_1772978414,join-irs3-1772978415,join-irs3-1772978415,33,join_voted,join_approved,2026-03-08T14:00:19.786550239Z,2026-03-08T14:00:40.362393796Z,/var/lib/docker/volumes,fabric_peer3.irs3.kit.edu,other,133419227,134323606,904379
run_003,join,join_1772978414,join-irs3-1772978415,join-irs3-1772978415,33,join_approved,reshare_started,2026-03-08T14:00:40.362393796Z,2026-03-08T14:00:42.053823Z,/var/lib/docker/volumes,07323924f55a40af409ae862fc14ab08f2d8c06ba282f174beb7e74ff5782926,other,NA,NA,
run_003,join,join_1772978414,join-irs3-1772978415,join-irs3-1772978415,33,join_approved,reshare_started,2026-03-08T14:00:40.362393796Z,2026-03-08T14:00:42.053823Z,/var/lib/docker/volumes,301473890dade69bfa0d19b444d1f0769b67a90d1197c166d84af2511e48f916,other,49770,49770,0
run_003,join,join_1772978414,join-irs3-1772978415,join-irs3-1772978415,33,join_approved,reshare_started,2026-03-08T14:00:40.362393796Z,2026-03-08T14:00:42.053823Z,/var/lib/docker/volumes,6b7bb91b53bcbfeb56b486bba478d97728a3c0004c18649976daaade961a2721,other,NA,NA,
run_003,join,join_1772978414,join-irs3-1772978415,join-irs3-1772978415,33,join_approved,reshare_started,2026-03-08T14:00:40.362393796Z,2026-03-08T14:00:42.053823Z,/var/lib/docker/volumes,791e62bfc17bf044236c3dcb5d77ec82610b27aa4d5f3c78aff2e2842f98f9ee,other,NA,NA,
run_003,join,join_1772978414,join-irs3-1772978415,join-irs3-1772978415,33,join_approved,reshare_started,2026-03-08T14:00:40.362393796Z,2026-03-08T14:00:42.053823Z,/var/lib/docker/volumes,86e46c7349c98bd170ab7467b42f5b1a8fcf1438535fca6ee74a0dcce3856102,other,NA,NA,
run_003,join,join_1772978414,join-irs3-1772978415,join-irs3-1772978415,33,join_approved,reshare_started,2026-03-08T14:00:40.362393796Z,2026-03-08T14:00:42.053823Z,/var/lib/docker/volumes,99ac8c723665556c954d288ca00335f1fae5493d384cb656ecf5a945cc9ae3b8,other,NA,NA,
run_003,join,join_1772978414,join-irs3-1772978415,join-irs3-1772978415,33,join_approved,reshare_started,2026-03-08T14:00:40.362393796Z,2026-03-08T14:00:42.053823Z,/var/lib/docker/volumes,ab96d922f06ec7a94f1b5200e75e480c9ed7eba86fbbe33b5cb9edbe031c6ea8,other,49770,49770,0
run_003,join,join_1772978414,join-irs3-1772978415,join-irs3-1772978415,33,join_approved,reshare_started,2026-03-08T14:00:40.362393796Z,2026-03-08T14:00:42.053823Z,/var/lib/docker/volumes,c58c4c31a22da439d2b7f591fd40cdcdd9bb8458f543e682f66d858083ef9ea8,other,NA,NA,
run_003,join,join_1772978414,join-irs3-1772978415,join-irs3-1772978415,33,join_approved,reshare_started,2026-03-08T14:00:40.362393796Z,2026-03-08T14:00:42.053823Z,/var/lib/docker/volumes,d9b7785a06954372515977133a1213437b80c5db1517196ca5e26134d3413ccf,other,NA,NA,
run_003,join,join_1772978414,join-irs3-1772978415,join-irs3-1772978415,33,join_approved,reshare_started,2026-03-08T14:00:40.362393796Z,2026-03-08T14:00:42.053823Z,/var/lib/docker/volumes,dfb0ca7b4b9cad4ec8515f6484cd89e2febfe10817782070636d5b3db6848438,other,NA,NA,
run_003,join,join_1772978414,join-irs3-1772978415,join-irs3-1772978415,33,join_approved,reshare_started,2026-03-08T14:00:40.362393796Z,2026-03-08T14:00:42.053823Z,/var/lib/docker/volumes,fabric_orderer.kit.edu,orderer,298722619,298722619,0
run_003,join,join_1772978414,join-irs3-1772978415,join-irs3-1772978415,33,join_approved,reshare_started,2026-03-08T14:00:40.362393796Z,2026-03-08T14:00:42.053823Z,/var/lib/docker/volumes,fabric_peer0.irs1.kit.edu,other,5006,5006,0
run_003,join,join_1772978414,join-irs3-1772978415,join-irs3-1772978415,33,join_approved,reshare_started,2026-03-08T14:00:40.362393796Z,2026-03-08T14:00:42.053823Z,/var/lib/docker/volumes,fabric_peer0.irs3.kit.edu,peer,134325041,134325041,0
run_003,join,join_1772978414,join-irs3-1772978415,join-irs3-1772978415,33,join_approved,reshare_started,2026-03-08T14:00:40.362393796Z,2026-03-08T14:00:42.053823Z,/var/lib/docker/volumes,fabric_peer1.irs3.kit.edu,other,134323621,134323621,0
run_003,join,join_1772978414,join-irs3-1772978415,join-irs3-1772978415,33,join_approved,reshare_started,2026-03-08T14:00:40.362393796Z,2026-03-08T14:00:42.053823Z,/var/lib/docker/volumes,fabric_peer2.irs3.kit.edu,other,134325029,134325029,0
run_003,join,join_1772978414,join-irs3-1772978415,join-irs3-1772978415,33,join_approved,reshare_started,2026-03-08T14:00:40.362393796Z,2026-03-08T14:00:42.053823Z,/var/lib/docker/volumes,fabric_peer3.irs3.kit.edu,other,134323606,134323606,0
run_003,join,join_1772978414,join-irs3-1772978415,join-irs3-1772978415,33,reshare_started,reshare_completed,2026-03-08T14:00:42.053823Z,2026-03-08T14:04:18.558044242Z,/var/lib/docker/volumes,07323924f55a40af409ae862fc14ab08f2d8c06ba282f174beb7e74ff5782926,other,NA,NA,
run_003,join,join_1772978414,join-irs3-1772978415,join-irs3-1772978415,33,reshare_started,reshare_completed,2026-03-08T14:00:42.053823Z,2026-03-08T14:04:18.558044242Z,/var/lib/docker/volumes,301473890dade69bfa0d19b444d1f0769b67a90d1197c166d84af2511e48f916,other,49770,49770,0
run_003,join,join_1772978414,join-irs3-1772978415,join-irs3-1772978415,33,reshare_started,reshare_completed,2026-03-08T14:00:42.053823Z,2026-03-08T14:04:18.558044242Z,/var/lib/docker/volumes,6b7bb91b53bcbfeb56b486bba478d97728a3c0004c18649976daaade961a2721,other,NA,NA,
run_003,join,join_1772978414,join-irs3-1772978415,join-irs3-1772978415,33,reshare_started,reshare_completed,2026-03-08T14:00:42.053823Z,2026-03-08T14:04:18.558044242Z,/var/lib/docker/volumes,791e62bfc17bf044236c3dcb5d77ec82610b27aa4d5f3c78aff2e2842f98f9ee,other,NA,NA,
run_003,join,join_1772978414,join-irs3-1772978415,join-irs3-1772978415,33,reshare_started,reshare_completed,2026-03-08T14:00:42.053823Z,2026-03-08T14:04:18.558044242Z,/var/lib/docker/volumes,86e46c7349c98bd170ab7467b42f5b1a8fcf1438535fca6ee74a0dcce3856102,other,NA,NA,
run_003,join,join_1772978414,join-irs3-1772978415,join-irs3-1772978415,33,reshare_started,reshare_completed,2026-03-08T14:00:42.053823Z,2026-03-08T14:04:18.558044242Z,/var/lib/docker/volumes,99ac8c723665556c954d288ca00335f1fae5493d384cb656ecf5a945cc9ae3b8,other,NA,NA,
run_003,join,join_1772978414,join-irs3-1772978415,join-irs3-1772978415,33,reshare_started,reshare_completed,2026-03-08T14:00:42.053823Z,2026-03-08T14:04:18.558044242Z,/var/lib/docker/volumes,ab96d922f06ec7a94f1b5200e75e480c9ed7eba86fbbe33b5cb9edbe031c6ea8,other,49770,49770,0
run_003,join,join_1772978414,join-irs3-1772978415,join-irs3-1772978415,33,reshare_started,reshare_completed,2026-03-08T14:00:42.053823Z,2026-03-08T14:04:18.558044242Z,/var/lib/docker/volumes,c58c4c31a22da439d2b7f591fd40cdcdd9bb8458f543e682f66d858083ef9ea8,other,NA,NA,
run_003,join,join_1772978414,join-irs3-1772978415,join-irs3-1772978415,33,reshare_started,reshare_completed,2026-03-08T14:00:42.053823Z,2026-03-08T14:04:18.558044242Z,/var/lib/docker/volumes,d9b7785a06954372515977133a1213437b80c5db1517196ca5e26134d3413ccf,other,NA,NA,
run_003,join,join_1772978414,join-irs3-1772978415,join-irs3-1772978415,33,reshare_started,reshare_completed,2026-03-08T14:00:42.053823Z,2026-03-08T14:04:18.558044242Z,/var/lib/docker/volumes,dfb0ca7b4b9cad4ec8515f6484cd89e2febfe10817782070636d5b3db6848438,other,NA,NA,
run_003,join,join_1772978414,join-irs3-1772978415,join-irs3-1772978415,33,reshare_started,reshare_completed,2026-03-08T14:00:42.053823Z,2026-03-08T14:04:18.558044242Z,/var/lib/docker/volumes,fabric_orderer.kit.edu,orderer,298722619,300822722,2100103
run_003,join,join_1772978414,join-irs3-1772978415,join-irs3-1772978415,33,reshare_started,reshare_completed,2026-03-08T14:00:42.053823Z,2026-03-08T14:04:18.558044242Z,/var/lib/docker/volumes,fabric_peer0.irs1.kit.edu,other,5006,5006,0
run_003,join,join_1772978414,join-irs3-1772978415,join-irs3-1772978415,33,reshare_started,reshare_completed,2026-03-08T14:00:42.053823Z,2026-03-08T14:04:18.558044242Z,/var/lib/docker/volumes,fabric_peer0.irs3.kit.edu,peer,134325041,136653149,2328108
run_003,join,join_1772978414,join-irs3-1772978415,join-irs3-1772978415,33,reshare_started,reshare_completed,2026-03-08T14:00:42.053823Z,2026-03-08T14:04:18.558044242Z,/var/lib/docker/volumes,fabric_peer1.irs3.kit.edu,other,134323621,136651729,2328108
run_003,join,join_1772978414,join-irs3-1772978415,join-irs3-1772978415,33,reshare_started,reshare_completed,2026-03-08T14:00:42.053823Z,2026-03-08T14:04:18.558044242Z,/var/lib/docker/volumes,fabric_peer2.irs3.kit.edu,other,134325029,136653137,2328108
run_003,join,join_1772978414,join-irs3-1772978415,join-irs3-1772978415,33,reshare_started,reshare_completed,2026-03-08T14:00:42.053823Z,2026-03-08T14:04:18.558044242Z,/var/lib/docker/volumes,fabric_peer3.irs3.kit.edu,other,134323606,136651714,2328108
run_003,join,join_1772978414,join-irs3-1772978415,join-irs3-1772978415,33,reshare_completed,operation_end,2026-03-08T14:04:18.558044242Z,2026-03-08T14:05:53.657425Z,/var/lib/docker/volumes,07323924f55a40af409ae862fc14ab08f2d8c06ba282f174beb7e74ff5782926,other,NA,NA,
run_003,join,join_1772978414,join-irs3-1772978415,join-irs3-1772978415,33,reshare_completed,operation_end,2026-03-08T14:04:18.558044242Z,2026-03-08T14:05:53.657425Z,/var/lib/docker/volumes,301473890dade69bfa0d19b444d1f0769b67a90d1197c166d84af2511e48f916,other,49770,49770,0
run_003,join,join_1772978414,join-irs3-1772978415,join-irs3-1772978415,33,reshare_completed,operation_end,2026-03-08T14:04:18.558044242Z,2026-03-08T14:05:53.657425Z,/var/lib/docker/volumes,6b7bb91b53bcbfeb56b486bba478d97728a3c0004c18649976daaade961a2721,other,NA,NA,
run_003,join,join_1772978414,join-irs3-1772978415,join-irs3-1772978415,33,reshare_completed,operation_end,2026-03-08T14:04:18.558044242Z,2026-03-08T14:05:53.657425Z,/var/lib/docker/volumes,791e62bfc17bf044236c3dcb5d77ec82610b27aa4d5f3c78aff2e2842f98f9ee,other,NA,NA,
run_003,join,join_1772978414,join-irs3-1772978415,join-irs3-1772978415,33,reshare_completed,operation_end,2026-03-08T14:04:18.558044242Z,2026-03-08T14:05:53.657425Z,/var/lib/docker/volumes,86e46c7349c98bd170ab7467b42f5b1a8fcf1438535fca6ee74a0dcce3856102,other,NA,NA,
run_003,join,join_1772978414,join-irs3-1772978415,join-irs3-1772978415,33,reshare_completed,operation_end,2026-03-08T14:04:18.558044242Z,2026-03-08T14:05:53.657425Z,/var/lib/docker/volumes,99ac8c723665556c954d288ca00335f1fae5493d384cb656ecf5a945cc9ae3b8,other,NA,NA,
run_003,join,join_1772978414,join-irs3-1772978415,join-irs3-1772978415,33,reshare_completed,operation_end,2026-03-08T14:04:18.558044242Z,2026-03-08T14:05:53.657425Z,/var/lib/docker/volumes,ab96d922f06ec7a94f1b5200e75e480c9ed7eba86fbbe33b5cb9edbe031c6ea8,other,49770,49770,0
run_003,join,join_1772978414,join-irs3-1772978415,join-irs3-1772978415,33,reshare_completed,operation_end,2026-03-08T14:04:18.558044242Z,2026-03-08T14:05:53.657425Z,/var/lib/docker/volumes,c58c4c31a22da439d2b7f591fd40cdcdd9bb8458f543e682f66d858083ef9ea8,other,NA,NA,
run_003,join,join_1772978414,join-irs3-1772978415,join-irs3-1772978415,33,reshare_completed,operation_end,2026-03-08T14:04:18.558044242Z,2026-03-08T14:05:53.657425Z,/var/lib/docker/volumes,d9b7785a06954372515977133a1213437b80c5db1517196ca5e26134d3413ccf,other,NA,NA,
run_003,join,join_1772978414,join-irs3-1772978415,join-irs3-1772978415,33,reshare_completed,operation_end,2026-03-08T14:04:18.558044242Z,2026-03-08T14:05:53.657425Z,/var/lib/docker/volumes,dfb0ca7b4b9cad4ec8515f6484cd89e2febfe10817782070636d5b3db6848438,other,NA,NA,
run_003,join,join_1772978414,join-irs3-1772978415,join-irs3-1772978415,33,reshare_completed,operation_end,2026-03-08T14:04:18.558044242Z,2026-03-08T14:05:53.657425Z,/var/lib/docker/volumes,fabric_orderer.kit.edu,orderer,300822722,305904976,5082254
run_003,join,join_1772978414,join-irs3-1772978415,join-irs3-1772978415,33,reshare_completed,operation_end,2026-03-08T14:04:18.558044242Z,2026-03-08T14:05:53.657425Z,/var/lib/docker/volumes,fabric_peer0.irs1.kit.edu,other,5006,5006,0
run_003,join,join_1772978414,join-irs3-1772978415,join-irs3-1772978415,33,reshare_completed,operation_end,2026-03-08T14:04:18.558044242Z,2026-03-08T14:05:53.657425Z,/var/lib/docker/volumes,fabric_peer0.irs3.kit.edu,peer,136653149,142236743,5583594
run_003,join,join_1772978414,join-irs3-1772978415,join-irs3-1772978415,33,reshare_completed,operation_end,2026-03-08T14:04:18.558044242Z,2026-03-08T14:05:53.657425Z,/var/lib/docker/volumes,fabric_peer1.irs3.kit.edu,other,136651729,142235323,5583594
run_003,join,join_1772978414,join-irs3-1772978415,join-irs3-1772978415,33,reshare_completed,operation_end,2026-03-08T14:04:18.558044242Z,2026-03-08T14:05:53.657425Z,/var/lib/docker/volumes,fabric_peer2.irs3.kit.edu,other,136653137,142236731,5583594
run_003,join,join_1772978414,join-irs3-1772978415,join-irs3-1772978415,33,reshare_completed,operation_end,2026-03-08T14:04:18.558044242Z,2026-03-08T14:05:53.657425Z,/var/lib/docker/volumes,fabric_peer3.irs3.kit.edu,other,136651714,142235308,5583594
run_004,csr,csr_1772978761,csr-irs3-1772978761,csr-irs3-1772978761,,operation_start,csr_submit_done,2026-03-08T14:06:01.750663Z,2026-03-08T14:06:04.111490Z,/var/lib/docker/volumes,07323924f55a40af409ae862fc14ab08f2d8c06ba282f174beb7e74ff5782926,other,NA,NA,
run_004,csr,csr_1772978761,csr-irs3-1772978761,csr-irs3-1772978761,,operation_start,csr_submit_done,2026-03-08T14:06:01.750663Z,2026-03-08T14:06:04.111490Z,/var/lib/docker/volumes,301473890dade69bfa0d19b444d1f0769b67a90d1197c166d84af2511e48f916,other,49770,49770,0
run_004,csr,csr_1772978761,csr-irs3-1772978761,csr-irs3-1772978761,,operation_start,csr_submit_done,2026-03-08T14:06:01.750663Z,2026-03-08T14:06:04.111490Z,/var/lib/docker/volumes,6b7bb91b53bcbfeb56b486bba478d97728a3c0004c18649976daaade961a2721,other,NA,NA,
run_004,csr,csr_1772978761,csr-irs3-1772978761,csr-irs3-1772978761,,operation_start,csr_submit_done,2026-03-08T14:06:01.750663Z,2026-03-08T14:06:04.111490Z,/var/lib/docker/volumes,791e62bfc17bf044236c3dcb5d77ec82610b27aa4d5f3c78aff2e2842f98f9ee,other,NA,NA,
run_004,csr,csr_1772978761,csr-irs3-1772978761,csr-irs3-1772978761,,operation_start,csr_submit_done,2026-03-08T14:06:01.750663Z,2026-03-08T14:06:04.111490Z,/var/lib/docker/volumes,86e46c7349c98bd170ab7467b42f5b1a8fcf1438535fca6ee74a0dcce3856102,other,NA,NA,
run_004,csr,csr_1772978761,csr-irs3-1772978761,csr-irs3-1772978761,,operation_start,csr_submit_done,2026-03-08T14:06:01.750663Z,2026-03-08T14:06:04.111490Z,/var/lib/docker/volumes,99ac8c723665556c954d288ca00335f1fae5493d384cb656ecf5a945cc9ae3b8,other,NA,NA,
run_004,csr,csr_1772978761,csr-irs3-1772978761,csr-irs3-1772978761,,operation_start,csr_submit_done,2026-03-08T14:06:01.750663Z,2026-03-08T14:06:04.111490Z,/var/lib/docker/volumes,ab96d922f06ec7a94f1b5200e75e480c9ed7eba86fbbe33b5cb9edbe031c6ea8,other,49770,49770,0
run_004,csr,csr_1772978761,csr-irs3-1772978761,csr-irs3-1772978761,,operation_start,csr_submit_done,2026-03-08T14:06:01.750663Z,2026-03-08T14:06:04.111490Z,/var/lib/docker/volumes,c58c4c31a22da439d2b7f591fd40cdcdd9bb8458f543e682f66d858083ef9ea8,other,NA,NA,
run_004,csr,csr_1772978761,csr-irs3-1772978761,csr-irs3-1772978761,,operation_start,csr_submit_done,2026-03-08T14:06:01.750663Z,2026-03-08T14:06:04.111490Z,/var/lib/docker/volumes,d9b7785a06954372515977133a1213437b80c5db1517196ca5e26134d3413ccf,other,NA,NA,
run_004,csr,csr_1772978761,csr-irs3-1772978761,csr-irs3-1772978761,,operation_start,csr_submit_done,2026-03-08T14:06:01.750663Z,2026-03-08T14:06:04.111490Z,/var/lib/docker/volumes,dfb0ca7b4b9cad4ec8515f6484cd89e2febfe10817782070636d5b3db6848438,other,NA,NA,
run_004,csr,csr_1772978761,csr-irs3-1772978761,csr-irs3-1772978761,,operation_start,csr_submit_done,2026-03-08T14:06:01.750663Z,2026-03-08T14:06:04.111490Z,/var/lib/docker/volumes,fabric_orderer.kit.edu,orderer,305904976,305913541,8565
run_004,csr,csr_1772978761,csr-irs3-1772978761,csr-irs3-1772978761,,operation_start,csr_submit_done,2026-03-08T14:06:01.750663Z,2026-03-08T14:06:04.111490Z,/var/lib/docker/volumes,fabric_peer0.irs1.kit.edu,other,5006,5006,0
run_004,csr,csr_1772978761,csr-irs3-1772978761,csr-irs3-1772978761,,operation_start,csr_submit_done,2026-03-08T14:06:01.750663Z,2026-03-08T14:06:04.111490Z,/var/lib/docker/volumes,fabric_peer0.irs3.kit.edu,peer,142236743,142247458,10715
run_004,csr,csr_1772978761,csr-irs3-1772978761,csr-irs3-1772978761,,operation_start,csr_submit_done,2026-03-08T14:06:01.750663Z,2026-03-08T14:06:04.111490Z,/var/lib/docker/volumes,fabric_peer1.irs3.kit.edu,other,142235323,142246038,10715
run_004,csr,csr_1772978761,csr-irs3-1772978761,csr-irs3-1772978761,,operation_start,csr_submit_done,2026-03-08T14:06:01.750663Z,2026-03-08T14:06:04.111490Z,/var/lib/docker/volumes,fabric_peer2.irs3.kit.edu,other,142236731,142247446,10715
run_004,csr,csr_1772978761,csr-irs3-1772978761,csr-irs3-1772978761,,operation_start,csr_submit_done,2026-03-08T14:06:01.750663Z,2026-03-08T14:06:04.111490Z,/var/lib/docker/volumes,fabric_peer3.irs3.kit.edu,other,142235308,142246023,10715
run_004,csr,csr_1772978761,csr-irs3-1772978761,csr-irs3-1772978761,,csr_submit_done,csr_voted,2026-03-08T14:06:04.111490Z,2026-03-08T14:06:07.397914382Z,/var/lib/docker/volumes,07323924f55a40af409ae862fc14ab08f2d8c06ba282f174beb7e74ff5782926,other,NA,NA,
run_004,csr,csr_1772978761,csr-irs3-1772978761,csr-irs3-1772978761,,csr_submit_done,csr_voted,2026-03-08T14:06:04.111490Z,2026-03-08T14:06:07.397914382Z,/var/lib/docker/volumes,301473890dade69bfa0d19b444d1f0769b67a90d1197c166d84af2511e48f916,other,49770,49770,0
run_004,csr,csr_1772978761,csr-irs3-1772978761,csr-irs3-1772978761,,csr_submit_done,csr_voted,2026-03-08T14:06:04.111490Z,2026-03-08T14:06:07.397914382Z,/var/lib/docker/volumes,6b7bb91b53bcbfeb56b486bba478d97728a3c0004c18649976daaade961a2721,other,NA,NA,
run_004,csr,csr_1772978761,csr-irs3-1772978761,csr-irs3-1772978761,,csr_submit_done,csr_voted,2026-03-08T14:06:04.111490Z,2026-03-08T14:06:07.397914382Z,/var/lib/docker/volumes,791e62bfc17bf044236c3dcb5d77ec82610b27aa4d5f3c78aff2e2842f98f9ee,other,NA,NA,
run_004,csr,csr_1772978761,csr-irs3-1772978761,csr-irs3-1772978761,,csr_submit_done,csr_voted,2026-03-08T14:06:04.111490Z,2026-03-08T14:06:07.397914382Z,/var/lib/docker/volumes,86e46c7349c98bd170ab7467b42f5b1a8fcf1438535fca6ee74a0dcce3856102,other,NA,NA,
run_004,csr,csr_1772978761,csr-irs3-1772978761,csr-irs3-1772978761,,csr_submit_done,csr_voted,2026-03-08T14:06:04.111490Z,2026-03-08T14:06:07.397914382Z,/var/lib/docker/volumes,99ac8c723665556c954d288ca00335f1fae5493d384cb656ecf5a945cc9ae3b8,other,NA,NA,
run_004,csr,csr_1772978761,csr-irs3-1772978761,csr-irs3-1772978761,,csr_submit_done,csr_voted,2026-03-08T14:06:04.111490Z,2026-03-08T14:06:07.397914382Z,/var/lib/docker/volumes,ab96d922f06ec7a94f1b5200e75e480c9ed7eba86fbbe33b5cb9edbe031c6ea8,other,49770,49770,0
run_004,csr,csr_1772978761,csr-irs3-1772978761,csr-irs3-1772978761,,csr_submit_done,csr_voted,2026-03-08T14:06:04.111490Z,2026-03-08T14:06:07.397914382Z,/var/lib/docker/volumes,c58c4c31a22da439d2b7f591fd40cdcdd9bb8458f543e682f66d858083ef9ea8,other,NA,NA,
run_004,csr,csr_1772978761,csr-irs3-1772978761,csr-irs3-1772978761,,csr_submit_done,csr_voted,2026-03-08T14:06:04.111490Z,2026-03-08T14:06:07.397914382Z,/var/lib/docker/volumes,d9b7785a06954372515977133a1213437b80c5db1517196ca5e26134d3413ccf,other,NA,NA,
run_004,csr,csr_1772978761,csr-irs3-1772978761,csr-irs3-1772978761,,csr_submit_done,csr_voted,2026-03-08T14:06:04.111490Z,2026-03-08T14:06:07.397914382Z,/var/lib/docker/volumes,dfb0ca7b4b9cad4ec8515f6484cd89e2febfe10817782070636d5b3db6848438,other,NA,NA,
run_004,csr,csr_1772978761,csr-irs3-1772978761,csr-irs3-1772978761,,csr_submit_done,csr_voted,2026-03-08T14:06:04.111490Z,2026-03-08T14:06:07.397914382Z,/var/lib/docker/volumes,fabric_orderer.kit.edu,orderer,305913541,306072884,159343
run_004,csr,csr_1772978761,csr-irs3-1772978761,csr-irs3-1772978761,,csr_submit_done,csr_voted,2026-03-08T14:06:04.111490Z,2026-03-08T14:06:07.397914382Z,/var/lib/docker/volumes,fabric_peer0.irs1.kit.edu,other,5006,5006,0
run_004,csr,csr_1772978761,csr-irs3-1772978761,csr-irs3-1772978761,,csr_submit_done,csr_voted,2026-03-08T14:06:04.111490Z,2026-03-08T14:06:07.397914382Z,/var/lib/docker/volumes,fabric_peer0.irs3.kit.edu,peer,142247458,142415496,168038
run_004,csr,csr_1772978761,csr-irs3-1772978761,csr-irs3-1772978761,,csr_submit_done,csr_voted,2026-03-08T14:06:04.111490Z,2026-03-08T14:06:07.397914382Z,/var/lib/docker/volumes,fabric_peer1.irs3.kit.edu,other,142246038,142414076,168038
run_004,csr,csr_1772978761,csr-irs3-1772978761,csr-irs3-1772978761,,csr_submit_done,csr_voted,2026-03-08T14:06:04.111490Z,2026-03-08T14:06:07.397914382Z,/var/lib/docker/volumes,fabric_peer2.irs3.kit.edu,other,142247446,142415484,168038
run_004,csr,csr_1772978761,csr-irs3-1772978761,csr-irs3-1772978761,,csr_submit_done,csr_voted,2026-03-08T14:06:04.111490Z,2026-03-08T14:06:07.397914382Z,/var/lib/docker/volumes,fabric_peer3.irs3.kit.edu,other,142246023,142414061,168038
run_004,csr,csr_1772978761,csr-irs3-1772978761,csr-irs3-1772978761,,csr_voted,csr_approved,2026-03-08T14:06:07.397914382Z,2026-03-08T14:06:23.853671873Z,/var/lib/docker/volumes,07323924f55a40af409ae862fc14ab08f2d8c06ba282f174beb7e74ff5782926,other,NA,NA,
run_004,csr,csr_1772978761,csr-irs3-1772978761,csr-irs3-1772978761,,csr_voted,csr_approved,2026-03-08T14:06:07.397914382Z,2026-03-08T14:06:23.853671873Z,/var/lib/docker/volumes,301473890dade69bfa0d19b444d1f0769b67a90d1197c166d84af2511e48f916,other,49770,49770,0
run_004,csr,csr_1772978761,csr-irs3-1772978761,csr-irs3-1772978761,,csr_voted,csr_approved,2026-03-08T14:06:07.397914382Z,2026-03-08T14:06:23.853671873Z,/var/lib/docker/volumes,6b7bb91b53bcbfeb56b486bba478d97728a3c0004c18649976daaade961a2721,other,NA,NA,
run_004,csr,csr_1772978761,csr-irs3-1772978761,csr-irs3-1772978761,,csr_voted,csr_approved,2026-03-08T14:06:07.397914382Z,2026-03-08T14:06:23.853671873Z,/var/lib/docker/volumes,791e62bfc17bf044236c3dcb5d77ec82610b27aa4d5f3c78aff2e2842f98f9ee,other,NA,NA,
run_004,csr,csr_1772978761,csr-irs3-1772978761,csr-irs3-1772978761,,csr_voted,csr_approved,2026-03-08T14:06:07.397914382Z,2026-03-08T14:06:23.853671873Z,/var/lib/docker/volumes,86e46c7349c98bd170ab7467b42f5b1a8fcf1438535fca6ee74a0dcce3856102,other,NA,NA,
run_004,csr,csr_1772978761,csr-irs3-1772978761,csr-irs3-1772978761,,csr_voted,csr_approved,2026-03-08T14:06:07.397914382Z,2026-03-08T14:06:23.853671873Z,/var/lib/docker/volumes,99ac8c723665556c954d288ca00335f1fae5493d384cb656ecf5a945cc9ae3b8,other,NA,NA,
run_004,csr,csr_1772978761,csr-irs3-1772978761,csr-irs3-1772978761,,csr_voted,csr_approved,2026-03-08T14:06:07.397914382Z,2026-03-08T14:06:23.853671873Z,/var/lib/docker/volumes,ab96d922f06ec7a94f1b5200e75e480c9ed7eba86fbbe33b5cb9edbe031c6ea8,other,49770,49770,0
run_004,csr,csr_1772978761,csr-irs3-1772978761,csr-irs3-1772978761,,csr_voted,csr_approved,2026-03-08T14:06:07.397914382Z,2026-03-08T14:06:23.853671873Z,/var/lib/docker/volumes,c58c4c31a22da439d2b7f591fd40cdcdd9bb8458f543e682f66d858083ef9ea8,other,NA,NA,
run_004,csr,csr_1772978761,csr-irs3-1772978761,csr-irs3-1772978761,,csr_voted,csr_approved,2026-03-08T14:06:07.397914382Z,2026-03-08T14:06:23.853671873Z,/var/lib/docker/volumes,d9b7785a06954372515977133a1213437b80c5db1517196ca5e26134d3413ccf,other,NA,NA,
run_004,csr,csr_1772978761,csr-irs3-1772978761,csr-irs3-1772978761,,csr_voted,csr_approved,2026-03-08T14:06:07.397914382Z,2026-03-08T14:06:23.853671873Z,/var/lib/docker/volumes,dfb0ca7b4b9cad4ec8515f6484cd89e2febfe10817782070636d5b3db6848438,other,NA,NA,
run_004,csr,csr_1772978761,csr-irs3-1772978761,csr-irs3-1772978761,,csr_voted,csr_approved,2026-03-08T14:06:07.397914382Z,2026-03-08T14:06:23.853671873Z,/var/lib/docker/volumes,fabric_orderer.kit.edu,orderer,306072884,306726747,653863
run_004,csr,csr_1772978761,csr-irs3-1772978761,csr-irs3-1772978761,,csr_voted,csr_approved,2026-03-08T14:06:07.397914382Z,2026-03-08T14:06:23.853671873Z,/var/lib/docker/volumes,fabric_peer0.irs1.kit.edu,other,5006,5006,0
run_004,csr,csr_1772978761,csr-irs3-1772978761,csr-irs3-1772978761,,csr_voted,csr_approved,2026-03-08T14:06:07.397914382Z,2026-03-08T14:06:23.853671873Z,/var/lib/docker/volumes,fabric_peer0.irs3.kit.edu,peer,142415496,143043811,628315
run_004,csr,csr_1772978761,csr-irs3-1772978761,csr-irs3-1772978761,,csr_voted,csr_approved,2026-03-08T14:06:07.397914382Z,2026-03-08T14:06:23.853671873Z,/var/lib/docker/volumes,fabric_peer1.irs3.kit.edu,other,142414076,143114496,700420
run_004,csr,csr_1772978761,csr-irs3-1772978761,csr-irs3-1772978761,,csr_voted,csr_approved,2026-03-08T14:06:07.397914382Z,2026-03-08T14:06:23.853671873Z,/var/lib/docker/volumes,fabric_peer2.irs3.kit.edu,other,142415484,143043764,628280
run_004,csr,csr_1772978761,csr-irs3-1772978761,csr-irs3-1772978761,,csr_voted,csr_approved,2026-03-08T14:06:07.397914382Z,2026-03-08T14:06:23.853671873Z,/var/lib/docker/volumes,fabric_peer3.irs3.kit.edu,other,142414061,143114481,700420
run_004,csr,csr_1772978761,csr-irs3-1772978761,csr-irs3-1772978761,,csr_approved,cert_registered,2026-03-08T14:06:23.853671873Z,2026-03-08T14:07:54.240829141Z,/var/lib/docker/volumes,07323924f55a40af409ae862fc14ab08f2d8c06ba282f174beb7e74ff5782926,other,NA,NA,
run_004,csr,csr_1772978761,csr-irs3-1772978761,csr-irs3-1772978761,,csr_approved,cert_registered,2026-03-08T14:06:23.853671873Z,2026-03-08T14:07:54.240829141Z,/var/lib/docker/volumes,301473890dade69bfa0d19b444d1f0769b67a90d1197c166d84af2511e48f916,other,49770,49770,0
run_004,csr,csr_1772978761,csr-irs3-1772978761,csr-irs3-1772978761,,csr_approved,cert_registered,2026-03-08T14:06:23.853671873Z,2026-03-08T14:07:54.240829141Z,/var/lib/docker/volumes,6b7bb91b53bcbfeb56b486bba478d97728a3c0004c18649976daaade961a2721,other,NA,NA,
run_004,csr,csr_1772978761,csr-irs3-1772978761,csr-irs3-1772978761,,csr_approved,cert_registered,2026-03-08T14:06:23.853671873Z,2026-03-08T14:07:54.240829141Z,/var/lib/docker/volumes,791e62bfc17bf044236c3dcb5d77ec82610b27aa4d5f3c78aff2e2842f98f9ee,other,NA,NA,
run_004,csr,csr_1772978761,csr-irs3-1772978761,csr-irs3-1772978761,,csr_approved,cert_registered,2026-03-08T14:06:23.853671873Z,2026-03-08T14:07:54.240829141Z,/var/lib/docker/volumes,86e46c7349c98bd170ab7467b42f5b1a8fcf1438535fca6ee74a0dcce3856102,other,NA,NA,
run_004,csr,csr_1772978761,csr-irs3-1772978761,csr-irs3-1772978761,,csr_approved,cert_registered,2026-03-08T14:06:23.853671873Z,2026-03-08T14:07:54.240829141Z,/var/lib/docker/volumes,99ac8c723665556c954d288ca00335f1fae5493d384cb656ecf5a945cc9ae3b8,other,NA,NA,
run_004,csr,csr_1772978761,csr-irs3-1772978761,csr-irs3-1772978761,,csr_approved,cert_registered,2026-03-08T14:06:23.853671873Z,2026-03-08T14:07:54.240829141Z,/var/lib/docker/volumes,ab96d922f06ec7a94f1b5200e75e480c9ed7eba86fbbe33b5cb9edbe031c6ea8,other,49770,49770,0
run_004,csr,csr_1772978761,csr-irs3-1772978761,csr-irs3-1772978761,,csr_approved,cert_registered,2026-03-08T14:06:23.853671873Z,2026-03-08T14:07:54.240829141Z,/var/lib/docker/volumes,c58c4c31a22da439d2b7f591fd40cdcdd9bb8458f543e682f66d858083ef9ea8,other,NA,NA,
run_004,csr,csr_1772978761,csr-irs3-1772978761,csr-irs3-1772978761,,csr_approved,cert_registered,2026-03-08T14:06:23.853671873Z,2026-03-08T14:07:54.240829141Z,/var/lib/docker/volumes,d9b7785a06954372515977133a1213437b80c5db1517196ca5e26134d3413ccf,other,NA,NA,
run_004,csr,csr_1772978761,csr-irs3-1772978761,csr-irs3-1772978761,,csr_approved,cert_registered,2026-03-08T14:06:23.853671873Z,2026-03-08T14:07:54.240829141Z,/var/lib/docker/volumes,dfb0ca7b4b9cad4ec8515f6484cd89e2febfe10817782070636d5b3db6848438,other,NA,NA,
run_004,csr,csr_1772978761,csr-irs3-1772978761,csr-irs3-1772978761,,csr_approved,cert_registered,2026-03-08T14:06:23.853671873Z,2026-03-08T14:07:54.240829141Z,/var/lib/docker/volumes,fabric_orderer.kit.edu,orderer,306726747,307694481,967734
run_004,csr,csr_1772978761,csr-irs3-1772978761,csr-irs3-1772978761,,csr_approved,cert_registered,2026-03-08T14:06:23.853671873Z,2026-03-08T14:07:54.240829141Z,/var/lib/docker/volumes,fabric_peer0.irs1.kit.edu,other,5006,5006,0
run_004,csr,csr_1772978761,csr-irs3-1772978761,csr-irs3-1772978761,,csr_approved,cert_registered,2026-03-08T14:06:23.853671873Z,2026-03-08T14:07:54.240829141Z,/var/lib/docker/volumes,fabric_peer0.irs3.kit.edu,peer,143043811,144190589,1146778
run_004,csr,csr_1772978761,csr-irs3-1772978761,csr-irs3-1772978761,,csr_approved,cert_registered,2026-03-08T14:06:23.853671873Z,2026-03-08T14:07:54.240829141Z,/var/lib/docker/volumes,fabric_peer1.irs3.kit.edu,other,143114496,144189169,1074673
run_004,csr,csr_1772978761,csr-irs3-1772978761,csr-irs3-1772978761,,csr_approved,cert_registered,2026-03-08T14:06:23.853671873Z,2026-03-08T14:07:54.240829141Z,/var/lib/docker/volumes,fabric_peer2.irs3.kit.edu,other,143043764,144190577,1146813
run_004,csr,csr_1772978761,csr-irs3-1772978761,csr-irs3-1772978761,,csr_approved,cert_registered,2026-03-08T14:06:23.853671873Z,2026-03-08T14:07:54.240829141Z,/var/lib/docker/volumes,fabric_peer3.irs3.kit.edu,other,143114481,144189154,1074673
run_004,csr,csr_1772978761,csr-irs3-1772978761,csr-irs3-1772978761,,cert_registered,operation_end,2026-03-08T14:07:54.240829141Z,2026-03-08T14:07:54.823008Z,/var/lib/docker/volumes,07323924f55a40af409ae862fc14ab08f2d8c06ba282f174beb7e74ff5782926,other,NA,NA,
run_004,csr,csr_1772978761,csr-irs3-1772978761,csr-irs3-1772978761,,cert_registered,operation_end,2026-03-08T14:07:54.240829141Z,2026-03-08T14:07:54.823008Z,/var/lib/docker/volumes,301473890dade69bfa0d19b444d1f0769b67a90d1197c166d84af2511e48f916,other,49770,49770,0
run_004,csr,csr_1772978761,csr-irs3-1772978761,csr-irs3-1772978761,,cert_registered,operation_end,2026-03-08T14:07:54.240829141Z,2026-03-08T14:07:54.823008Z,/var/lib/docker/volumes,6b7bb91b53bcbfeb56b486bba478d97728a3c0004c18649976daaade961a2721,other,NA,NA,
run_004,csr,csr_1772978761,csr-irs3-1772978761,csr-irs3-1772978761,,cert_registered,operation_end,2026-03-08T14:07:54.240829141Z,2026-03-08T14:07:54.823008Z,/var/lib/docker/volumes,791e62bfc17bf044236c3dcb5d77ec82610b27aa4d5f3c78aff2e2842f98f9ee,other,NA,NA,
run_004,csr,csr_1772978761,csr-irs3-1772978761,csr-irs3-1772978761,,cert_registered,operation_end,2026-03-08T14:07:54.240829141Z,2026-03-08T14:07:54.823008Z,/var/lib/docker/volumes,86e46c7349c98bd170ab7467b42f5b1a8fcf1438535fca6ee74a0dcce3856102,other,NA,NA,
run_004,csr,csr_1772978761,csr-irs3-1772978761,csr-irs3-1772978761,,cert_registered,operation_end,2026-03-08T14:07:54.240829141Z,2026-03-08T14:07:54.823008Z,/var/lib/docker/volumes,99ac8c723665556c954d288ca00335f1fae5493d384cb656ecf5a945cc9ae3b8,other,NA,NA,
run_004,csr,csr_1772978761,csr-irs3-1772978761,csr-irs3-1772978761,,cert_registered,operation_end,2026-03-08T14:07:54.240829141Z,2026-03-08T14:07:54.823008Z,/var/lib/docker/volumes,ab96d922f06ec7a94f1b5200e75e480c9ed7eba86fbbe33b5cb9edbe031c6ea8,other,49770,49770,0
run_004,csr,csr_1772978761,csr-irs3-1772978761,csr-irs3-1772978761,,cert_registered,operation_end,2026-03-08T14:07:54.240829141Z,2026-03-08T14:07:54.823008Z,/var/lib/docker/volumes,c58c4c31a22da439d2b7f591fd40cdcdd9bb8458f543e682f66d858083ef9ea8,other,NA,NA,
run_004,csr,csr_1772978761,csr-irs3-1772978761,csr-irs3-1772978761,,cert_registered,operation_end,2026-03-08T14:07:54.240829141Z,2026-03-08T14:07:54.823008Z,/var/lib/docker/volumes,d9b7785a06954372515977133a1213437b80c5db1517196ca5e26134d3413ccf,other,NA,NA,
run_004,csr,csr_1772978761,csr-irs3-1772978761,csr-irs3-1772978761,,cert_registered,operation_end,2026-03-08T14:07:54.240829141Z,2026-03-08T14:07:54.823008Z,/var/lib/docker/volumes,dfb0ca7b4b9cad4ec8515f6484cd89e2febfe10817782070636d5b3db6848438,other,NA,NA,
run_004,csr,csr_1772978761,csr-irs3-1772978761,csr-irs3-1772978761,,cert_registered,operation_end,2026-03-08T14:07:54.240829141Z,2026-03-08T14:07:54.823008Z,/var/lib/docker/volumes,fabric_orderer.kit.edu,orderer,307694481,307694481,0
run_004,csr,csr_1772978761,csr-irs3-1772978761,csr-irs3-1772978761,,cert_registered,operation_end,2026-03-08T14:07:54.240829141Z,2026-03-08T14:07:54.823008Z,/var/lib/docker/volumes,fabric_peer0.irs1.kit.edu,other,5006,5006,0
run_004,csr,csr_1772978761,csr-irs3-1772978761,csr-irs3-1772978761,,cert_registered,operation_end,2026-03-08T14:07:54.240829141Z,2026-03-08T14:07:54.823008Z,/var/lib/docker/volumes,fabric_peer0.irs3.kit.edu,peer,144190589,144190589,0
run_004,csr,csr_1772978761,csr-irs3-1772978761,csr-irs3-1772978761,,cert_registered,operation_end,2026-03-08T14:07:54.240829141Z,2026-03-08T14:07:54.823008Z,/var/lib/docker/volumes,fabric_peer1.irs3.kit.edu,other,144189169,144189169,0
run_004,csr,csr_1772978761,csr-irs3-1772978761,csr-irs3-1772978761,,cert_registered,operation_end,2026-03-08T14:07:54.240829141Z,2026-03-08T14:07:54.823008Z,/var/lib/docker/volumes,fabric_peer2.irs3.kit.edu,other,144190577,144190577,0
run_004,csr,csr_1772978761,csr-irs3-1772978761,csr-irs3-1772978761,,cert_registered,operation_end,2026-03-08T14:07:54.240829141Z,2026-03-08T14:07:54.823008Z,/var/lib/docker/volumes,fabric_peer3.irs3.kit.edu,other,144189154,144189154,0
run_004,revocation,revocation_1772978895,revoke-irs3-1772978896,revoke-irs3-1772978896,,operation_start,revocation_submit_done,2026-03-08T14:08:15.968567Z,2026-03-08T14:08:18.326526Z,/var/lib/docker/volumes,07323924f55a40af409ae862fc14ab08f2d8c06ba282f174beb7e74ff5782926,other,NA,NA,
run_004,revocation,revocation_1772978895,revoke-irs3-1772978896,revoke-irs3-1772978896,,operation_start,revocation_submit_done,2026-03-08T14:08:15.968567Z,2026-03-08T14:08:18.326526Z,/var/lib/docker/volumes,301473890dade69bfa0d19b444d1f0769b67a90d1197c166d84af2511e48f916,other,49770,49770,0
run_004,revocation,revocation_1772978895,revoke-irs3-1772978896,revoke-irs3-1772978896,,operation_start,revocation_submit_done,2026-03-08T14:08:15.968567Z,2026-03-08T14:08:18.326526Z,/var/lib/docker/volumes,6b7bb91b53bcbfeb56b486bba478d97728a3c0004c18649976daaade961a2721,other,NA,NA,
run_004,revocation,revocation_1772978895,revoke-irs3-1772978896,revoke-irs3-1772978896,,operation_start,revocation_submit_done,2026-03-08T14:08:15.968567Z,2026-03-08T14:08:18.326526Z,/var/lib/docker/volumes,791e62bfc17bf044236c3dcb5d77ec82610b27aa4d5f3c78aff2e2842f98f9ee,other,NA,NA,
run_004,revocation,revocation_1772978895,revoke-irs3-1772978896,revoke-irs3-1772978896,,operation_start,revocation_submit_done,2026-03-08T14:08:15.968567Z,2026-03-08T14:08:18.326526Z,/var/lib/docker/volumes,86e46c7349c98bd170ab7467b42f5b1a8fcf1438535fca6ee74a0dcce3856102,other,NA,NA,
run_004,revocation,revocation_1772978895,revoke-irs3-1772978896,revoke-irs3-1772978896,,operation_start,revocation_submit_done,2026-03-08T14:08:15.968567Z,2026-03-08T14:08:18.326526Z,/var/lib/docker/volumes,99ac8c723665556c954d288ca00335f1fae5493d384cb656ecf5a945cc9ae3b8,other,NA,NA,
run_004,revocation,revocation_1772978895,revoke-irs3-1772978896,revoke-irs3-1772978896,,operation_start,revocation_submit_done,2026-03-08T14:08:15.968567Z,2026-03-08T14:08:18.326526Z,/var/lib/docker/volumes,ab96d922f06ec7a94f1b5200e75e480c9ed7eba86fbbe33b5cb9edbe031c6ea8,other,49770,49770,0
run_004,revocation,revocation_1772978895,revoke-irs3-1772978896,revoke-irs3-1772978896,,operation_start,revocation_submit_done,2026-03-08T14:08:15.968567Z,2026-03-08T14:08:18.326526Z,/var/lib/docker/volumes,c58c4c31a22da439d2b7f591fd40cdcdd9bb8458f543e682f66d858083ef9ea8,other,NA,NA,
run_004,revocation,revocation_1772978895,revoke-irs3-1772978896,revoke-irs3-1772978896,,operation_start,revocation_submit_done,2026-03-08T14:08:15.968567Z,2026-03-08T14:08:18.326526Z,/var/lib/docker/volumes,d9b7785a06954372515977133a1213437b80c5db1517196ca5e26134d3413ccf,other,NA,NA,
run_004,revocation,revocation_1772978895,revoke-irs3-1772978896,revoke-irs3-1772978896,,operation_start,revocation_submit_done,2026-03-08T14:08:15.968567Z,2026-03-08T14:08:18.326526Z,/var/lib/docker/volumes,dfb0ca7b4b9cad4ec8515f6484cd89e2febfe10817782070636d5b3db6848438,other,NA,NA,
run_004,revocation,revocation_1772978895,revoke-irs3-1772978896,revoke-irs3-1772978896,,operation_start,revocation_submit_done,2026-03-08T14:08:15.968567Z,2026-03-08T14:08:18.326526Z,/var/lib/docker/volumes,fabric_orderer.kit.edu,orderer,307756644,307763844,7200
run_004,revocation,revocation_1772978895,revoke-irs3-1772978896,revoke-irs3-1772978896,,operation_start,revocation_submit_done,2026-03-08T14:08:15.968567Z,2026-03-08T14:08:18.326526Z,/var/lib/docker/volumes,fabric_peer0.irs1.kit.edu,other,5006,5006,0
run_004,revocation,revocation_1772978895,revoke-irs3-1772978896,revoke-irs3-1772978896,,operation_start,revocation_submit_done,2026-03-08T14:08:15.968567Z,2026-03-08T14:08:18.326526Z,/var/lib/docker/volumes,fabric_peer0.irs3.kit.edu,peer,144254304,144262544,8240
run_004,revocation,revocation_1772978895,revoke-irs3-1772978896,revoke-irs3-1772978896,,operation_start,revocation_submit_done,2026-03-08T14:08:15.968567Z,2026-03-08T14:08:18.326526Z,/var/lib/docker/volumes,fabric_peer1.irs3.kit.edu,other,144252884,144261124,8240
run_004,revocation,revocation_1772978895,revoke-irs3-1772978896,revoke-irs3-1772978896,,operation_start,revocation_submit_done,2026-03-08T14:08:15.968567Z,2026-03-08T14:08:18.326526Z,/var/lib/docker/volumes,fabric_peer2.irs3.kit.edu,other,144254292,144262532,8240
run_004,revocation,revocation_1772978895,revoke-irs3-1772978896,revoke-irs3-1772978896,,operation_start,revocation_submit_done,2026-03-08T14:08:15.968567Z,2026-03-08T14:08:18.326526Z,/var/lib/docker/volumes,fabric_peer3.irs3.kit.edu,other,144252869,144261109,8240
run_004,revocation,revocation_1772978895,revoke-irs3-1772978896,revoke-irs3-1772978896,,revocation_submit_done,revocation_voted,2026-03-08T14:08:18.326526Z,2026-03-08T14:08:21.097620255Z,/var/lib/docker/volumes,07323924f55a40af409ae862fc14ab08f2d8c06ba282f174beb7e74ff5782926,other,NA,NA,
run_004,revocation,revocation_1772978895,revoke-irs3-1772978896,revoke-irs3-1772978896,,revocation_submit_done,revocation_voted,2026-03-08T14:08:18.326526Z,2026-03-08T14:08:21.097620255Z,/var/lib/docker/volumes,301473890dade69bfa0d19b444d1f0769b67a90d1197c166d84af2511e48f916,other,49770,49770,0
run_004,revocation,revocation_1772978895,revoke-irs3-1772978896,revoke-irs3-1772978896,,revocation_submit_done,revocation_voted,2026-03-08T14:08:18.326526Z,2026-03-08T14:08:21.097620255Z,/var/lib/docker/volumes,6b7bb91b53bcbfeb56b486bba478d97728a3c0004c18649976daaade961a2721,other,NA,NA,
run_004,revocation,revocation_1772978895,revoke-irs3-1772978896,revoke-irs3-1772978896,,revocation_submit_done,revocation_voted,2026-03-08T14:08:18.326526Z,2026-03-08T14:08:21.097620255Z,/var/lib/docker/volumes,791e62bfc17bf044236c3dcb5d77ec82610b27aa4d5f3c78aff2e2842f98f9ee,other,NA,NA,
run_004,revocation,revocation_1772978895,revoke-irs3-1772978896,revoke-irs3-1772978896,,revocation_submit_done,revocation_voted,2026-03-08T14:08:18.326526Z,2026-03-08T14:08:21.097620255Z,/var/lib/docker/volumes,86e46c7349c98bd170ab7467b42f5b1a8fcf1438535fca6ee74a0dcce3856102,other,NA,NA,
run_004,revocation,revocation_1772978895,revoke-irs3-1772978896,revoke-irs3-1772978896,,revocation_submit_done,revocation_voted,2026-03-08T14:08:18.326526Z,2026-03-08T14:08:21.097620255Z,/var/lib/docker/volumes,99ac8c723665556c954d288ca00335f1fae5493d384cb656ecf5a945cc9ae3b8,other,NA,NA,
run_004,revocation,revocation_1772978895,revoke-irs3-1772978896,revoke-irs3-1772978896,,revocation_submit_done,revocation_voted,2026-03-08T14:08:18.326526Z,2026-03-08T14:08:21.097620255Z,/var/lib/docker/volumes,ab96d922f06ec7a94f1b5200e75e480c9ed7eba86fbbe33b5cb9edbe031c6ea8,other,49770,49770,0
run_004,revocation,revocation_1772978895,revoke-irs3-1772978896,revoke-irs3-1772978896,,revocation_submit_done,revocation_voted,2026-03-08T14:08:18.326526Z,2026-03-08T14:08:21.097620255Z,/var/lib/docker/volumes,c58c4c31a22da439d2b7f591fd40cdcdd9bb8458f543e682f66d858083ef9ea8,other,NA,NA,
run_004,revocation,revocation_1772978895,revoke-irs3-1772978896,revoke-irs3-1772978896,,revocation_submit_done,revocation_voted,2026-03-08T14:08:18.326526Z,2026-03-08T14:08:21.097620255Z,/var/lib/docker/volumes,d9b7785a06954372515977133a1213437b80c5db1517196ca5e26134d3413ccf,other,NA,NA,
run_004,revocation,revocation_1772978895,revoke-irs3-1772978896,revoke-irs3-1772978896,,revocation_submit_done,revocation_voted,2026-03-08T14:08:18.326526Z,2026-03-08T14:08:21.097620255Z,/var/lib/docker/volumes,dfb0ca7b4b9cad4ec8515f6484cd89e2febfe10817782070636d5b3db6848438,other,NA,NA,
run_004,revocation,revocation_1772978895,revoke-irs3-1772978896,revoke-irs3-1772978896,,revocation_submit_done,revocation_voted,2026-03-08T14:08:18.326526Z,2026-03-08T14:08:21.097620255Z,/var/lib/docker/volumes,fabric_orderer.kit.edu,orderer,307763844,307798463,34619
run_004,revocation,revocation_1772978895,revoke-irs3-1772978896,revoke-irs3-1772978896,,revocation_submit_done,revocation_voted,2026-03-08T14:08:18.326526Z,2026-03-08T14:08:21.097620255Z,/var/lib/docker/volumes,fabric_peer0.irs1.kit.edu,other,5006,5006,0
run_004,revocation,revocation_1772978895,revoke-irs3-1772978896,revoke-irs3-1772978896,,revocation_submit_done,revocation_voted,2026-03-08T14:08:18.326526Z,2026-03-08T14:08:21.097620255Z,/var/lib/docker/volumes,fabric_peer0.irs3.kit.edu,peer,144262544,144299681,37137
run_004,revocation,revocation_1772978895,revoke-irs3-1772978896,revoke-irs3-1772978896,,revocation_submit_done,revocation_voted,2026-03-08T14:08:18.326526Z,2026-03-08T14:08:21.097620255Z,/var/lib/docker/volumes,fabric_peer1.irs3.kit.edu,other,144261124,144298261,37137
run_004,revocation,revocation_1772978895,revoke-irs3-1772978896,revoke-irs3-1772978896,,revocation_submit_done,revocation_voted,2026-03-08T14:08:18.326526Z,2026-03-08T14:08:21.097620255Z,/var/lib/docker/volumes,fabric_peer2.irs3.kit.edu,other,144262532,144299669,37137
run_004,revocation,revocation_1772978895,revoke-irs3-1772978896,revoke-irs3-1772978896,,revocation_submit_done,revocation_voted,2026-03-08T14:08:18.326526Z,2026-03-08T14:08:21.097620255Z,/var/lib/docker/volumes,fabric_peer3.irs3.kit.edu,other,144261109,144298246,37137
run_004,revocation,revocation_1772978895,revoke-irs3-1772978896,revoke-irs3-1772978896,,revocation_voted,revocation_executed,2026-03-08T14:08:21.097620255Z,2026-03-08T14:08:39.187793631Z,/var/lib/docker/volumes,07323924f55a40af409ae862fc14ab08f2d8c06ba282f174beb7e74ff5782926,other,NA,NA,
run_004,revocation,revocation_1772978895,revoke-irs3-1772978896,revoke-irs3-1772978896,,revocation_voted,revocation_executed,2026-03-08T14:08:21.097620255Z,2026-03-08T14:08:39.187793631Z,/var/lib/docker/volumes,301473890dade69bfa0d19b444d1f0769b67a90d1197c166d84af2511e48f916,other,49770,49770,0
run_004,revocation,revocation_1772978895,revoke-irs3-1772978896,revoke-irs3-1772978896,,revocation_voted,revocation_executed,2026-03-08T14:08:21.097620255Z,2026-03-08T14:08:39.187793631Z,/var/lib/docker/volumes,6b7bb91b53bcbfeb56b486bba478d97728a3c0004c18649976daaade961a2721,other,NA,NA,
run_004,revocation,revocation_1772978895,revoke-irs3-1772978896,revoke-irs3-1772978896,,revocation_voted,revocation_executed,2026-03-08T14:08:21.097620255Z,2026-03-08T14:08:39.187793631Z,/var/lib/docker/volumes,791e62bfc17bf044236c3dcb5d77ec82610b27aa4d5f3c78aff2e2842f98f9ee,other,NA,NA,
run_004,revocation,revocation_1772978895,revoke-irs3-1772978896,revoke-irs3-1772978896,,revocation_voted,revocation_executed,2026-03-08T14:08:21.097620255Z,2026-03-08T14:08:39.187793631Z,/var/lib/docker/volumes,86e46c7349c98bd170ab7467b42f5b1a8fcf1438535fca6ee74a0dcce3856102,other,NA,NA,
run_004,revocation,revocation_1772978895,revoke-irs3-1772978896,revoke-irs3-1772978896,,revocation_voted,revocation_executed,2026-03-08T14:08:21.097620255Z,2026-03-08T14:08:39.187793631Z,/var/lib/docker/volumes,99ac8c723665556c954d288ca00335f1fae5493d384cb656ecf5a945cc9ae3b8,other,NA,NA,
run_004,revocation,revocation_1772978895,revoke-irs3-1772978896,revoke-irs3-1772978896,,revocation_voted,revocation_executed,2026-03-08T14:08:21.097620255Z,2026-03-08T14:08:39.187793631Z,/var/lib/docker/volumes,ab96d922f06ec7a94f1b5200e75e480c9ed7eba86fbbe33b5cb9edbe031c6ea8,other,49770,49770,0
run_004,revocation,revocation_1772978895,revoke-irs3-1772978896,revoke-irs3-1772978896,,revocation_voted,revocation_executed,2026-03-08T14:08:21.097620255Z,2026-03-08T14:08:39.187793631Z,/var/lib/docker/volumes,c58c4c31a22da439d2b7f591fd40cdcdd9bb8458f543e682f66d858083ef9ea8,other,NA,NA,
run_004,revocation,revocation_1772978895,revoke-irs3-1772978896,revoke-irs3-1772978896,,revocation_voted,revocation_executed,2026-03-08T14:08:21.097620255Z,2026-03-08T14:08:39.187793631Z,/var/lib/docker/volumes,d9b7785a06954372515977133a1213437b80c5db1517196ca5e26134d3413ccf,other,NA,NA,
run_004,revocation,revocation_1772978895,revoke-irs3-1772978896,revoke-irs3-1772978896,,revocation_voted,revocation_executed,2026-03-08T14:08:21.097620255Z,2026-03-08T14:08:39.187793631Z,/var/lib/docker/volumes,dfb0ca7b4b9cad4ec8515f6484cd89e2febfe10817782070636d5b3db6848438,other,NA,NA,
run_004,revocation,revocation_1772978895,revoke-irs3-1772978896,revoke-irs3-1772978896,,revocation_voted,revocation_executed,2026-03-08T14:08:21.097620255Z,2026-03-08T14:08:39.187793631Z,/var/lib/docker/volumes,fabric_orderer.kit.edu,orderer,307798463,308430021,631558
run_004,revocation,revocation_1772978895,revoke-irs3-1772978896,revoke-irs3-1772978896,,revocation_voted,revocation_executed,2026-03-08T14:08:21.097620255Z,2026-03-08T14:08:39.187793631Z,/var/lib/docker/volumes,fabric_peer0.irs1.kit.edu,other,5006,5006,0
run_004,revocation,revocation_1772978895,revoke-irs3-1772978896,revoke-irs3-1772978896,,revocation_voted,revocation_executed,2026-03-08T14:08:21.097620255Z,2026-03-08T14:08:39.187793631Z,/var/lib/docker/volumes,fabric_peer0.irs3.kit.edu,peer,144299681,144969197,669516
run_004,revocation,revocation_1772978895,revoke-irs3-1772978896,revoke-irs3-1772978896,,revocation_voted,revocation_executed,2026-03-08T14:08:21.097620255Z,2026-03-08T14:08:39.187793631Z,/var/lib/docker/volumes,fabric_peer1.irs3.kit.edu,other,144298261,144967777,669516
run_004,revocation,revocation_1772978895,revoke-irs3-1772978896,revoke-irs3-1772978896,,revocation_voted,revocation_executed,2026-03-08T14:08:21.097620255Z,2026-03-08T14:08:39.187793631Z,/var/lib/docker/volumes,fabric_peer2.irs3.kit.edu,other,144299669,144969185,669516
run_004,revocation,revocation_1772978895,revoke-irs3-1772978896,revoke-irs3-1772978896,,revocation_voted,revocation_executed,2026-03-08T14:08:21.097620255Z,2026-03-08T14:08:39.187793631Z,/var/lib/docker/volumes,fabric_peer3.irs3.kit.edu,other,144298246,144967762,669516
run_004,revocation,revocation_1772978895,revoke-irs3-1772978896,revoke-irs3-1772978896,,revocation_executed,operation_end,2026-03-08T14:08:39.187793631Z,2026-03-08T14:08:40.945014Z,/var/lib/docker/volumes,07323924f55a40af409ae862fc14ab08f2d8c06ba282f174beb7e74ff5782926,other,NA,NA,
run_004,revocation,revocation_1772978895,revoke-irs3-1772978896,revoke-irs3-1772978896,,revocation_executed,operation_end,2026-03-08T14:08:39.187793631Z,2026-03-08T14:08:40.945014Z,/var/lib/docker/volumes,301473890dade69bfa0d19b444d1f0769b67a90d1197c166d84af2511e48f916,other,49770,49770,0
run_004,revocation,revocation_1772978895,revoke-irs3-1772978896,revoke-irs3-1772978896,,revocation_executed,operation_end,2026-03-08T14:08:39.187793631Z,2026-03-08T14:08:40.945014Z,/var/lib/docker/volumes,6b7bb91b53bcbfeb56b486bba478d97728a3c0004c18649976daaade961a2721,other,NA,NA,
run_004,revocation,revocation_1772978895,revoke-irs3-1772978896,revoke-irs3-1772978896,,revocation_executed,operation_end,2026-03-08T14:08:39.187793631Z,2026-03-08T14:08:40.945014Z,/var/lib/docker/volumes,791e62bfc17bf044236c3dcb5d77ec82610b27aa4d5f3c78aff2e2842f98f9ee,other,NA,NA,
run_004,revocation,revocation_1772978895,revoke-irs3-1772978896,revoke-irs3-1772978896,,revocation_executed,operation_end,2026-03-08T14:08:39.187793631Z,2026-03-08T14:08:40.945014Z,/var/lib/docker/volumes,86e46c7349c98bd170ab7467b42f5b1a8fcf1438535fca6ee74a0dcce3856102,other,NA,NA,
run_004,revocation,revocation_1772978895,revoke-irs3-1772978896,revoke-irs3-1772978896,,revocation_executed,operation_end,2026-03-08T14:08:39.187793631Z,2026-03-08T14:08:40.945014Z,/var/lib/docker/volumes,99ac8c723665556c954d288ca00335f1fae5493d384cb656ecf5a945cc9ae3b8,other,NA,NA,
run_004,revocation,revocation_1772978895,revoke-irs3-1772978896,revoke-irs3-1772978896,,revocation_executed,operation_end,2026-03-08T14:08:39.187793631Z,2026-03-08T14:08:40.945014Z,/var/lib/docker/volumes,ab96d922f06ec7a94f1b5200e75e480c9ed7eba86fbbe33b5cb9edbe031c6ea8,other,49770,49770,0
run_004,revocation,revocation_1772978895,revoke-irs3-1772978896,revoke-irs3-1772978896,,revocation_executed,operation_end,2026-03-08T14:08:39.187793631Z,2026-03-08T14:08:40.945014Z,/var/lib/docker/volumes,c58c4c31a22da439d2b7f591fd40cdcdd9bb8458f543e682f66d858083ef9ea8,other,NA,NA,
run_004,revocation,revocation_1772978895,revoke-irs3-1772978896,revoke-irs3-1772978896,,revocation_executed,operation_end,2026-03-08T14:08:39.187793631Z,2026-03-08T14:08:40.945014Z,/var/lib/docker/volumes,d9b7785a06954372515977133a1213437b80c5db1517196ca5e26134d3413ccf,other,NA,NA,
run_004,revocation,revocation_1772978895,revoke-irs3-1772978896,revoke-irs3-1772978896,,revocation_executed,operation_end,2026-03-08T14:08:39.187793631Z,2026-03-08T14:08:40.945014Z,/var/lib/docker/volumes,dfb0ca7b4b9cad4ec8515f6484cd89e2febfe10817782070636d5b3db6848438,other,NA,NA,
run_004,revocation,revocation_1772978895,revoke-irs3-1772978896,revoke-irs3-1772978896,,revocation_executed,operation_end,2026-03-08T14:08:39.187793631Z,2026-03-08T14:08:40.945014Z,/var/lib/docker/volumes,fabric_orderer.kit.edu,orderer,308430021,308430021,0
run_004,revocation,revocation_1772978895,revoke-irs3-1772978896,revoke-irs3-1772978896,,revocation_executed,operation_end,2026-03-08T14:08:39.187793631Z,2026-03-08T14:08:40.945014Z,/var/lib/docker/volumes,fabric_peer0.irs1.kit.edu,other,5006,5006,0
run_004,revocation,revocation_1772978895,revoke-irs3-1772978896,revoke-irs3-1772978896,,revocation_executed,operation_end,2026-03-08T14:08:39.187793631Z,2026-03-08T14:08:40.945014Z,/var/lib/docker/volumes,fabric_peer0.irs3.kit.edu,peer,144969197,144969197,0
run_004,revocation,revocation_1772978895,revoke-irs3-1772978896,revoke-irs3-1772978896,,revocation_executed,operation_end,2026-03-08T14:08:39.187793631Z,2026-03-08T14:08:40.945014Z,/var/lib/docker/volumes,fabric_peer1.irs3.kit.edu,other,144967777,144967777,0
run_004,revocation,revocation_1772978895,revoke-irs3-1772978896,revoke-irs3-1772978896,,revocation_executed,operation_end,2026-03-08T14:08:39.187793631Z,2026-03-08T14:08:40.945014Z,/var/lib/docker/volumes,fabric_peer2.irs3.kit.edu,other,144969185,144969185,0
run_004,revocation,revocation_1772978895,revoke-irs3-1772978896,revoke-irs3-1772978896,,revocation_executed,operation_end,2026-03-08T14:08:39.187793631Z,2026-03-08T14:08:40.945014Z,/var/lib/docker/volumes,fabric_peer3.irs3.kit.edu,other,144967762,144967762,0
run_004,removal,removal_1772978939,remove-irs3-member1-1772978939,remove-irs3-member1-1772978939,34,operation_start,removal_submit_done,2026-03-08T14:08:59.670314Z,2026-03-08T14:09:02.097965Z,/var/lib/docker/volumes,07323924f55a40af409ae862fc14ab08f2d8c06ba282f174beb7e74ff5782926,other,NA,NA,
run_004,removal,removal_1772978939,remove-irs3-member1-1772978939,remove-irs3-member1-1772978939,34,operation_start,removal_submit_done,2026-03-08T14:08:59.670314Z,2026-03-08T14:09:02.097965Z,/var/lib/docker/volumes,301473890dade69bfa0d19b444d1f0769b67a90d1197c166d84af2511e48f916,other,49770,49770,0
run_004,removal,removal_1772978939,remove-irs3-member1-1772978939,remove-irs3-member1-1772978939,34,operation_start,removal_submit_done,2026-03-08T14:08:59.670314Z,2026-03-08T14:09:02.097965Z,/var/lib/docker/volumes,6b7bb91b53bcbfeb56b486bba478d97728a3c0004c18649976daaade961a2721,other,NA,NA,
run_004,removal,removal_1772978939,remove-irs3-member1-1772978939,remove-irs3-member1-1772978939,34,operation_start,removal_submit_done,2026-03-08T14:08:59.670314Z,2026-03-08T14:09:02.097965Z,/var/lib/docker/volumes,791e62bfc17bf044236c3dcb5d77ec82610b27aa4d5f3c78aff2e2842f98f9ee,other,NA,NA,
run_004,removal,removal_1772978939,remove-irs3-member1-1772978939,remove-irs3-member1-1772978939,34,operation_start,removal_submit_done,2026-03-08T14:08:59.670314Z,2026-03-08T14:09:02.097965Z,/var/lib/docker/volumes,86e46c7349c98bd170ab7467b42f5b1a8fcf1438535fca6ee74a0dcce3856102,other,NA,NA,
run_004,removal,removal_1772978939,remove-irs3-member1-1772978939,remove-irs3-member1-1772978939,34,operation_start,removal_submit_done,2026-03-08T14:08:59.670314Z,2026-03-08T14:09:02.097965Z,/var/lib/docker/volumes,99ac8c723665556c954d288ca00335f1fae5493d384cb656ecf5a945cc9ae3b8,other,NA,NA,
run_004,removal,removal_1772978939,remove-irs3-member1-1772978939,remove-irs3-member1-1772978939,34,operation_start,removal_submit_done,2026-03-08T14:08:59.670314Z,2026-03-08T14:09:02.097965Z,/var/lib/docker/volumes,ab96d922f06ec7a94f1b5200e75e480c9ed7eba86fbbe33b5cb9edbe031c6ea8,other,49770,49770,0
run_004,removal,removal_1772978939,remove-irs3-member1-1772978939,remove-irs3-member1-1772978939,34,operation_start,removal_submit_done,2026-03-08T14:08:59.670314Z,2026-03-08T14:09:02.097965Z,/var/lib/docker/volumes,c58c4c31a22da439d2b7f591fd40cdcdd9bb8458f543e682f66d858083ef9ea8,other,NA,NA,
run_004,removal,removal_1772978939,remove-irs3-member1-1772978939,remove-irs3-member1-1772978939,34,operation_start,removal_submit_done,2026-03-08T14:08:59.670314Z,2026-03-08T14:09:02.097965Z,/var/lib/docker/volumes,d9b7785a06954372515977133a1213437b80c5db1517196ca5e26134d3413ccf,other,NA,NA,
run_004,removal,removal_1772978939,remove-irs3-member1-1772978939,remove-irs3-member1-1772978939,34,operation_start,removal_submit_done,2026-03-08T14:08:59.670314Z,2026-03-08T14:09:02.097965Z,/var/lib/docker/volumes,dfb0ca7b4b9cad4ec8515f6484cd89e2febfe10817782070636d5b3db6848438,other,NA,NA,
run_004,removal,removal_1772978939,remove-irs3-member1-1772978939,remove-irs3-member1-1772978939,34,operation_start,removal_submit_done,2026-03-08T14:08:59.670314Z,2026-03-08T14:09:02.097965Z,/var/lib/docker/volumes,fabric_orderer.kit.edu,orderer,308430021,308439100,9079
run_004,removal,removal_1772978939,remove-irs3-member1-1772978939,remove-irs3-member1-1772978939,34,operation_start,removal_submit_done,2026-03-08T14:08:59.670314Z,2026-03-08T14:09:02.097965Z,/var/lib/docker/volumes,fabric_peer0.irs1.kit.edu,other,5006,5006,0
run_004,removal,removal_1772978939,remove-irs3-member1-1772978939,remove-irs3-member1-1772978939,34,operation_start,removal_submit_done,2026-03-08T14:08:59.670314Z,2026-03-08T14:09:02.097965Z,/var/lib/docker/volumes,fabric_peer0.irs3.kit.edu,peer,144969197,144979389,10192
run_004,removal,removal_1772978939,remove-irs3-member1-1772978939,remove-irs3-member1-1772978939,34,operation_start,removal_submit_done,2026-03-08T14:08:59.670314Z,2026-03-08T14:09:02.097965Z,/var/lib/docker/volumes,fabric_peer1.irs3.kit.edu,other,144967777,144977969,10192
run_004,removal,removal_1772978939,remove-irs3-member1-1772978939,remove-irs3-member1-1772978939,34,operation_start,removal_submit_done,2026-03-08T14:08:59.670314Z,2026-03-08T14:09:02.097965Z,/var/lib/docker/volumes,fabric_peer2.irs3.kit.edu,other,144969185,144979377,10192
run_004,removal,removal_1772978939,remove-irs3-member1-1772978939,remove-irs3-member1-1772978939,34,operation_start,removal_submit_done,2026-03-08T14:08:59.670314Z,2026-03-08T14:09:02.097965Z,/var/lib/docker/volumes,fabric_peer3.irs3.kit.edu,other,144967762,144977954,10192
run_004,removal,removal_1772978939,remove-irs3-member1-1772978939,remove-irs3-member1-1772978939,34,removal_submit_done,removal_voted,2026-03-08T14:09:02.097965Z,2026-03-08T14:09:04.611773438Z,/var/lib/docker/volumes,07323924f55a40af409ae862fc14ab08f2d8c06ba282f174beb7e74ff5782926,other,NA,NA,
run_004,removal,removal_1772978939,remove-irs3-member1-1772978939,remove-irs3-member1-1772978939,34,removal_submit_done,removal_voted,2026-03-08T14:09:02.097965Z,2026-03-08T14:09:04.611773438Z,/var/lib/docker/volumes,301473890dade69bfa0d19b444d1f0769b67a90d1197c166d84af2511e48f916,other,49770,49770,0
run_004,removal,removal_1772978939,remove-irs3-member1-1772978939,remove-irs3-member1-1772978939,34,removal_submit_done,removal_voted,2026-03-08T14:09:02.097965Z,2026-03-08T14:09:04.611773438Z,/var/lib/docker/volumes,6b7bb91b53bcbfeb56b486bba478d97728a3c0004c18649976daaade961a2721,other,NA,NA,
run_004,removal,removal_1772978939,remove-irs3-member1-1772978939,remove-irs3-member1-1772978939,34,removal_submit_done,removal_voted,2026-03-08T14:09:02.097965Z,2026-03-08T14:09:04.611773438Z,/var/lib/docker/volumes,791e62bfc17bf044236c3dcb5d77ec82610b27aa4d5f3c78aff2e2842f98f9ee,other,NA,NA,
run_004,removal,removal_1772978939,remove-irs3-member1-1772978939,remove-irs3-member1-1772978939,34,removal_submit_done,removal_voted,2026-03-08T14:09:02.097965Z,2026-03-08T14:09:04.611773438Z,/var/lib/docker/volumes,86e46c7349c98bd170ab7467b42f5b1a8fcf1438535fca6ee74a0dcce3856102,other,NA,NA,
run_004,removal,removal_1772978939,remove-irs3-member1-1772978939,remove-irs3-member1-1772978939,34,removal_submit_done,removal_voted,2026-03-08T14:09:02.097965Z,2026-03-08T14:09:04.611773438Z,/var/lib/docker/volumes,99ac8c723665556c954d288ca00335f1fae5493d384cb656ecf5a945cc9ae3b8,other,NA,NA,
run_004,removal,removal_1772978939,remove-irs3-member1-1772978939,remove-irs3-member1-1772978939,34,removal_submit_done,removal_voted,2026-03-08T14:09:02.097965Z,2026-03-08T14:09:04.611773438Z,/var/lib/docker/volumes,ab96d922f06ec7a94f1b5200e75e480c9ed7eba86fbbe33b5cb9edbe031c6ea8,other,49770,49770,0
run_004,removal,removal_1772978939,remove-irs3-member1-1772978939,remove-irs3-member1-1772978939,34,removal_submit_done,removal_voted,2026-03-08T14:09:02.097965Z,2026-03-08T14:09:04.611773438Z,/var/lib/docker/volumes,c58c4c31a22da439d2b7f591fd40cdcdd9bb8458f543e682f66d858083ef9ea8,other,NA,NA,
run_004,removal,removal_1772978939,remove-irs3-member1-1772978939,remove-irs3-member1-1772978939,34,removal_submit_done,removal_voted,2026-03-08T14:09:02.097965Z,2026-03-08T14:09:04.611773438Z,/var/lib/docker/volumes,d9b7785a06954372515977133a1213437b80c5db1517196ca5e26134d3413ccf,other,NA,NA,
run_004,removal,removal_1772978939,remove-irs3-member1-1772978939,remove-irs3-member1-1772978939,34,removal_submit_done,removal_voted,2026-03-08T14:09:02.097965Z,2026-03-08T14:09:04.611773438Z,/var/lib/docker/volumes,dfb0ca7b4b9cad4ec8515f6484cd89e2febfe10817782070636d5b3db6848438,other,NA,NA,
run_004,removal,removal_1772978939,remove-irs3-member1-1772978939,remove-irs3-member1-1772978939,34,removal_submit_done,removal_voted,2026-03-08T14:09:02.097965Z,2026-03-08T14:09:04.611773438Z,/var/lib/docker/volumes,fabric_orderer.kit.edu,orderer,308439100,308499163,60063
run_004,removal,removal_1772978939,remove-irs3-member1-1772978939,remove-irs3-member1-1772978939,34,removal_submit_done,removal_voted,2026-03-08T14:09:02.097965Z,2026-03-08T14:09:04.611773438Z,/var/lib/docker/volumes,fabric_peer0.irs1.kit.edu,other,5006,5006,0
run_004,removal,removal_1772978939,remove-irs3-member1-1772978939,remove-irs3-member1-1772978939,34,removal_submit_done,removal_voted,2026-03-08T14:09:02.097965Z,2026-03-08T14:09:04.611773438Z,/var/lib/docker/volumes,fabric_peer0.irs3.kit.edu,peer,144979389,145042469,63080
run_004,removal,removal_1772978939,remove-irs3-member1-1772978939,remove-irs3-member1-1772978939,34,removal_submit_done,removal_voted,2026-03-08T14:09:02.097965Z,2026-03-08T14:09:04.611773438Z,/var/lib/docker/volumes,fabric_peer1.irs3.kit.edu,other,144977969,145041049,63080
run_004,removal,removal_1772978939,remove-irs3-member1-1772978939,remove-irs3-member1-1772978939,34,removal_submit_done,removal_voted,2026-03-08T14:09:02.097965Z,2026-03-08T14:09:04.611773438Z,/var/lib/docker/volumes,fabric_peer2.irs3.kit.edu,other,144979377,145042457,63080
run_004,removal,removal_1772978939,remove-irs3-member1-1772978939,remove-irs3-member1-1772978939,34,removal_submit_done,removal_voted,2026-03-08T14:09:02.097965Z,2026-03-08T14:09:04.611773438Z,/var/lib/docker/volumes,fabric_peer3.irs3.kit.edu,other,144977954,145041034,63080
run_004,removal,removal_1772978939,remove-irs3-member1-1772978939,remove-irs3-member1-1772978939,34,removal_voted,removal_approved,2026-03-08T14:09:04.611773438Z,2026-03-08T14:09:21.564181263Z,/var/lib/docker/volumes,07323924f55a40af409ae862fc14ab08f2d8c06ba282f174beb7e74ff5782926,other,NA,NA,
run_004,removal,removal_1772978939,remove-irs3-member1-1772978939,remove-irs3-member1-1772978939,34,removal_voted,removal_approved,2026-03-08T14:09:04.611773438Z,2026-03-08T14:09:21.564181263Z,/var/lib/docker/volumes,301473890dade69bfa0d19b444d1f0769b67a90d1197c166d84af2511e48f916,other,49770,49770,0
run_004,removal,removal_1772978939,remove-irs3-member1-1772978939,remove-irs3-member1-1772978939,34,removal_voted,removal_approved,2026-03-08T14:09:04.611773438Z,2026-03-08T14:09:21.564181263Z,/var/lib/docker/volumes,6b7bb91b53bcbfeb56b486bba478d97728a3c0004c18649976daaade961a2721,other,NA,NA,
run_004,removal,removal_1772978939,remove-irs3-member1-1772978939,remove-irs3-member1-1772978939,34,removal_voted,removal_approved,2026-03-08T14:09:04.611773438Z,2026-03-08T14:09:21.564181263Z,/var/lib/docker/volumes,791e62bfc17bf044236c3dcb5d77ec82610b27aa4d5f3c78aff2e2842f98f9ee,other,NA,NA,
run_004,removal,removal_1772978939,remove-irs3-member1-1772978939,remove-irs3-member1-1772978939,34,removal_voted,removal_approved,2026-03-08T14:09:04.611773438Z,2026-03-08T14:09:21.564181263Z,/var/lib/docker/volumes,86e46c7349c98bd170ab7467b42f5b1a8fcf1438535fca6ee74a0dcce3856102,other,NA,NA,
run_004,removal,removal_1772978939,remove-irs3-member1-1772978939,remove-irs3-member1-1772978939,34,removal_voted,removal_approved,2026-03-08T14:09:04.611773438Z,2026-03-08T14:09:21.564181263Z,/var/lib/docker/volumes,99ac8c723665556c954d288ca00335f1fae5493d384cb656ecf5a945cc9ae3b8,other,NA,NA,
run_004,removal,removal_1772978939,remove-irs3-member1-1772978939,remove-irs3-member1-1772978939,34,removal_voted,removal_approved,2026-03-08T14:09:04.611773438Z,2026-03-08T14:09:21.564181263Z,/var/lib/docker/volumes,ab96d922f06ec7a94f1b5200e75e480c9ed7eba86fbbe33b5cb9edbe031c6ea8,other,49770,49770,0
run_004,removal,removal_1772978939,remove-irs3-member1-1772978939,remove-irs3-member1-1772978939,34,removal_voted,removal_approved,2026-03-08T14:09:04.611773438Z,2026-03-08T14:09:21.564181263Z,/var/lib/docker/volumes,c58c4c31a22da439d2b7f591fd40cdcdd9bb8458f543e682f66d858083ef9ea8,other,NA,NA,
run_004,removal,removal_1772978939,remove-irs3-member1-1772978939,remove-irs3-member1-1772978939,34,removal_voted,removal_approved,2026-03-08T14:09:04.611773438Z,2026-03-08T14:09:21.564181263Z,/var/lib/docker/volumes,d9b7785a06954372515977133a1213437b80c5db1517196ca5e26134d3413ccf,other,NA,NA,
run_004,removal,removal_1772978939,remove-irs3-member1-1772978939,remove-irs3-member1-1772978939,34,removal_voted,removal_approved,2026-03-08T14:09:04.611773438Z,2026-03-08T14:09:21.564181263Z,/var/lib/docker/volumes,dfb0ca7b4b9cad4ec8515f6484cd89e2febfe10817782070636d5b3db6848438,other,NA,NA,
run_004,removal,removal_1772978939,remove-irs3-member1-1772978939,remove-irs3-member1-1772978939,34,removal_voted,removal_approved,2026-03-08T14:09:04.611773438Z,2026-03-08T14:09:21.564181263Z,/var/lib/docker/volumes,fabric_orderer.kit.edu,orderer,308499163,309193873,694710
run_004,removal,removal_1772978939,remove-irs3-member1-1772978939,remove-irs3-member1-1772978939,34,removal_voted,removal_approved,2026-03-08T14:09:04.611773438Z,2026-03-08T14:09:21.564181263Z,/var/lib/docker/volumes,fabric_peer0.irs1.kit.edu,other,5006,5006,0
run_004,removal,removal_1772978939,remove-irs3-member1-1772978939,remove-irs3-member1-1772978939,34,removal_voted,removal_approved,2026-03-08T14:09:04.611773438Z,2026-03-08T14:09:21.564181263Z,/var/lib/docker/volumes,fabric_peer0.irs3.kit.edu,peer,145042469,145784534,742065
run_004,removal,removal_1772978939,remove-irs3-member1-1772978939,remove-irs3-member1-1772978939,34,removal_voted,removal_approved,2026-03-08T14:09:04.611773438Z,2026-03-08T14:09:21.564181263Z,/var/lib/docker/volumes,fabric_peer1.irs3.kit.edu,other,145041049,145783114,742065
run_004,removal,removal_1772978939,remove-irs3-member1-1772978939,remove-irs3-member1-1772978939,34,removal_voted,removal_approved,2026-03-08T14:09:04.611773438Z,2026-03-08T14:09:21.564181263Z,/var/lib/docker/volumes,fabric_peer2.irs3.kit.edu,other,145042457,145784522,742065
run_004,removal,removal_1772978939,remove-irs3-member1-1772978939,remove-irs3-member1-1772978939,34,removal_voted,removal_approved,2026-03-08T14:09:04.611773438Z,2026-03-08T14:09:21.564181263Z,/var/lib/docker/volumes,fabric_peer3.irs3.kit.edu,other,145041034,145783099,742065
run_004,removal,removal_1772978939,remove-irs3-member1-1772978939,remove-irs3-member1-1772978939,34,removal_approved,reshare_started,2026-03-08T14:09:21.564181263Z,2026-03-08T14:09:22.745114Z,/var/lib/docker/volumes,07323924f55a40af409ae862fc14ab08f2d8c06ba282f174beb7e74ff5782926,other,NA,NA,
run_004,removal,removal_1772978939,remove-irs3-member1-1772978939,remove-irs3-member1-1772978939,34,removal_approved,reshare_started,2026-03-08T14:09:21.564181263Z,2026-03-08T14:09:22.745114Z,/var/lib/docker/volumes,301473890dade69bfa0d19b444d1f0769b67a90d1197c166d84af2511e48f916,other,49770,49770,0
run_004,removal,removal_1772978939,remove-irs3-member1-1772978939,remove-irs3-member1-1772978939,34,removal_approved,reshare_started,2026-03-08T14:09:21.564181263Z,2026-03-08T14:09:22.745114Z,/var/lib/docker/volumes,6b7bb91b53bcbfeb56b486bba478d97728a3c0004c18649976daaade961a2721,other,NA,NA,
run_004,removal,removal_1772978939,remove-irs3-member1-1772978939,remove-irs3-member1-1772978939,34,removal_approved,reshare_started,2026-03-08T14:09:21.564181263Z,2026-03-08T14:09:22.745114Z,/var/lib/docker/volumes,791e62bfc17bf044236c3dcb5d77ec82610b27aa4d5f3c78aff2e2842f98f9ee,other,NA,NA,
run_004,removal,removal_1772978939,remove-irs3-member1-1772978939,remove-irs3-member1-1772978939,34,removal_approved,reshare_started,2026-03-08T14:09:21.564181263Z,2026-03-08T14:09:22.745114Z,/var/lib/docker/volumes,86e46c7349c98bd170ab7467b42f5b1a8fcf1438535fca6ee74a0dcce3856102,other,NA,NA,
run_004,removal,removal_1772978939,remove-irs3-member1-1772978939,remove-irs3-member1-1772978939,34,removal_approved,reshare_started,2026-03-08T14:09:21.564181263Z,2026-03-08T14:09:22.745114Z,/var/lib/docker/volumes,99ac8c723665556c954d288ca00335f1fae5493d384cb656ecf5a945cc9ae3b8,other,NA,NA,
run_004,removal,removal_1772978939,remove-irs3-member1-1772978939,remove-irs3-member1-1772978939,34,removal_approved,reshare_started,2026-03-08T14:09:21.564181263Z,2026-03-08T14:09:22.745114Z,/var/lib/docker/volumes,ab96d922f06ec7a94f1b5200e75e480c9ed7eba86fbbe33b5cb9edbe031c6ea8,other,49770,49770,0
run_004,removal,removal_1772978939,remove-irs3-member1-1772978939,remove-irs3-member1-1772978939,34,removal_approved,reshare_started,2026-03-08T14:09:21.564181263Z,2026-03-08T14:09:22.745114Z,/var/lib/docker/volumes,c58c4c31a22da439d2b7f591fd40cdcdd9bb8458f543e682f66d858083ef9ea8,other,NA,NA,
run_004,removal,removal_1772978939,remove-irs3-member1-1772978939,remove-irs3-member1-1772978939,34,removal_approved,reshare_started,2026-03-08T14:09:21.564181263Z,2026-03-08T14:09:22.745114Z,/var/lib/docker/volumes,d9b7785a06954372515977133a1213437b80c5db1517196ca5e26134d3413ccf,other,NA,NA,
run_004,removal,removal_1772978939,remove-irs3-member1-1772978939,remove-irs3-member1-1772978939,34,removal_approved,reshare_started,2026-03-08T14:09:21.564181263Z,2026-03-08T14:09:22.745114Z,/var/lib/docker/volumes,dfb0ca7b4b9cad4ec8515f6484cd89e2febfe10817782070636d5b3db6848438,other,NA,NA,
run_004,removal,removal_1772978939,remove-irs3-member1-1772978939,remove-irs3-member1-1772978939,34,removal_approved,reshare_started,2026-03-08T14:09:21.564181263Z,2026-03-08T14:09:22.745114Z,/var/lib/docker/volumes,fabric_orderer.kit.edu,orderer,309193873,309193873,0
run_004,removal,removal_1772978939,remove-irs3-member1-1772978939,remove-irs3-member1-1772978939,34,removal_approved,reshare_started,2026-03-08T14:09:21.564181263Z,2026-03-08T14:09:22.745114Z,/var/lib/docker/volumes,fabric_peer0.irs1.kit.edu,other,5006,5006,0
run_004,removal,removal_1772978939,remove-irs3-member1-1772978939,remove-irs3-member1-1772978939,34,removal_approved,reshare_started,2026-03-08T14:09:21.564181263Z,2026-03-08T14:09:22.745114Z,/var/lib/docker/volumes,fabric_peer0.irs3.kit.edu,peer,145784534,145784534,0
run_004,removal,removal_1772978939,remove-irs3-member1-1772978939,remove-irs3-member1-1772978939,34,removal_approved,reshare_started,2026-03-08T14:09:21.564181263Z,2026-03-08T14:09:22.745114Z,/var/lib/docker/volumes,fabric_peer1.irs3.kit.edu,other,145783114,145783114,0
run_004,removal,removal_1772978939,remove-irs3-member1-1772978939,remove-irs3-member1-1772978939,34,removal_approved,reshare_started,2026-03-08T14:09:21.564181263Z,2026-03-08T14:09:22.745114Z,/var/lib/docker/volumes,fabric_peer2.irs3.kit.edu,other,145784522,145784522,0
run_004,removal,removal_1772978939,remove-irs3-member1-1772978939,remove-irs3-member1-1772978939,34,removal_approved,reshare_started,2026-03-08T14:09:21.564181263Z,2026-03-08T14:09:22.745114Z,/var/lib/docker/volumes,fabric_peer3.irs3.kit.edu,other,145783099,145783099,0
run_004,removal,removal_1772978939,remove-irs3-member1-1772978939,remove-irs3-member1-1772978939,34,reshare_started,reshare_completed,2026-03-08T14:09:22.745114Z,2026-03-08T14:14:29.329776018Z,/var/lib/docker/volumes,07323924f55a40af409ae862fc14ab08f2d8c06ba282f174beb7e74ff5782926,other,NA,NA,
run_004,removal,removal_1772978939,remove-irs3-member1-1772978939,remove-irs3-member1-1772978939,34,reshare_started,reshare_completed,2026-03-08T14:09:22.745114Z,2026-03-08T14:14:29.329776018Z,/var/lib/docker/volumes,301473890dade69bfa0d19b444d1f0769b67a90d1197c166d84af2511e48f916,other,49770,49770,0
run_004,removal,removal_1772978939,remove-irs3-member1-1772978939,remove-irs3-member1-1772978939,34,reshare_started,reshare_completed,2026-03-08T14:09:22.745114Z,2026-03-08T14:14:29.329776018Z,/var/lib/docker/volumes,6b7bb91b53bcbfeb56b486bba478d97728a3c0004c18649976daaade961a2721,other,NA,NA,
run_004,removal,removal_1772978939,remove-irs3-member1-1772978939,remove-irs3-member1-1772978939,34,reshare_started,reshare_completed,2026-03-08T14:09:22.745114Z,2026-03-08T14:14:29.329776018Z,/var/lib/docker/volumes,791e62bfc17bf044236c3dcb5d77ec82610b27aa4d5f3c78aff2e2842f98f9ee,other,NA,NA,
run_004,removal,removal_1772978939,remove-irs3-member1-1772978939,remove-irs3-member1-1772978939,34,reshare_started,reshare_completed,2026-03-08T14:09:22.745114Z,2026-03-08T14:14:29.329776018Z,/var/lib/docker/volumes,86e46c7349c98bd170ab7467b42f5b1a8fcf1438535fca6ee74a0dcce3856102,other,NA,NA,
run_004,removal,removal_1772978939,remove-irs3-member1-1772978939,remove-irs3-member1-1772978939,34,reshare_started,reshare_completed,2026-03-08T14:09:22.745114Z,2026-03-08T14:14:29.329776018Z,/var/lib/docker/volumes,99ac8c723665556c954d288ca00335f1fae5493d384cb656ecf5a945cc9ae3b8,other,NA,NA,
run_004,removal,removal_1772978939,remove-irs3-member1-1772978939,remove-irs3-member1-1772978939,34,reshare_started,reshare_completed,2026-03-08T14:09:22.745114Z,2026-03-08T14:14:29.329776018Z,/var/lib/docker/volumes,ab96d922f06ec7a94f1b5200e75e480c9ed7eba86fbbe33b5cb9edbe031c6ea8,other,49770,49770,0
run_004,removal,removal_1772978939,remove-irs3-member1-1772978939,remove-irs3-member1-1772978939,34,reshare_started,reshare_completed,2026-03-08T14:09:22.745114Z,2026-03-08T14:14:29.329776018Z,/var/lib/docker/volumes,c58c4c31a22da439d2b7f591fd40cdcdd9bb8458f543e682f66d858083ef9ea8,other,NA,NA,
run_004,removal,removal_1772978939,remove-irs3-member1-1772978939,remove-irs3-member1-1772978939,34,reshare_started,reshare_completed,2026-03-08T14:09:22.745114Z,2026-03-08T14:14:29.329776018Z,/var/lib/docker/volumes,d9b7785a06954372515977133a1213437b80c5db1517196ca5e26134d3413ccf,other,NA,NA,
run_004,removal,removal_1772978939,remove-irs3-member1-1772978939,remove-irs3-member1-1772978939,34,reshare_started,reshare_completed,2026-03-08T14:09:22.745114Z,2026-03-08T14:14:29.329776018Z,/var/lib/docker/volumes,dfb0ca7b4b9cad4ec8515f6484cd89e2febfe10817782070636d5b3db6848438,other,NA,NA,
run_004,removal,removal_1772978939,remove-irs3-member1-1772978939,remove-irs3-member1-1772978939,34,reshare_started,reshare_completed,2026-03-08T14:09:22.745114Z,2026-03-08T14:14:29.329776018Z,/var/lib/docker/volumes,fabric_orderer.kit.edu,orderer,309193873,251327350,-57866523
run_004,removal,removal_1772978939,remove-irs3-member1-1772978939,remove-irs3-member1-1772978939,34,reshare_started,reshare_completed,2026-03-08T14:09:22.745114Z,2026-03-08T14:14:29.329776018Z,/var/lib/docker/volumes,fabric_peer0.irs1.kit.edu,other,5006,5006,0
run_004,removal,removal_1772978939,remove-irs3-member1-1772978939,remove-irs3-member1-1772978939,34,reshare_started,reshare_completed,2026-03-08T14:09:22.745114Z,2026-03-08T14:14:29.329776018Z,/var/lib/docker/volumes,fabric_peer0.irs3.kit.edu,peer,145784534,152661536,6877002
run_004,removal,removal_1772978939,remove-irs3-member1-1772978939,remove-irs3-member1-1772978939,34,reshare_started,reshare_completed,2026-03-08T14:09:22.745114Z,2026-03-08T14:14:29.329776018Z,/var/lib/docker/volumes,fabric_peer1.irs3.kit.edu,other,145783114,152660116,6877002
run_004,removal,removal_1772978939,remove-irs3-member1-1772978939,remove-irs3-member1-1772978939,34,reshare_started,reshare_completed,2026-03-08T14:09:22.745114Z,2026-03-08T14:14:29.329776018Z,/var/lib/docker/volumes,fabric_peer2.irs3.kit.edu,other,145784522,152661524,6877002
run_004,removal,removal_1772978939,remove-irs3-member1-1772978939,remove-irs3-member1-1772978939,34,reshare_started,reshare_completed,2026-03-08T14:09:22.745114Z,2026-03-08T14:14:29.329776018Z,/var/lib/docker/volumes,fabric_peer3.irs3.kit.edu,other,145783099,152660101,6877002
run_004,removal,removal_1772978939,remove-irs3-member1-1772978939,remove-irs3-member1-1772978939,34,reshare_completed,operation_end,2026-03-08T14:14:29.329776018Z,2026-03-08T14:14:30.273763Z,/var/lib/docker/volumes,07323924f55a40af409ae862fc14ab08f2d8c06ba282f174beb7e74ff5782926,other,NA,NA,
run_004,removal,removal_1772978939,remove-irs3-member1-1772978939,remove-irs3-member1-1772978939,34,reshare_completed,operation_end,2026-03-08T14:14:29.329776018Z,2026-03-08T14:14:30.273763Z,/var/lib/docker/volumes,301473890dade69bfa0d19b444d1f0769b67a90d1197c166d84af2511e48f916,other,49770,49770,0
run_004,removal,removal_1772978939,remove-irs3-member1-1772978939,remove-irs3-member1-1772978939,34,reshare_completed,operation_end,2026-03-08T14:14:29.329776018Z,2026-03-08T14:14:30.273763Z,/var/lib/docker/volumes,6b7bb91b53bcbfeb56b486bba478d97728a3c0004c18649976daaade961a2721,other,NA,NA,
run_004,removal,removal_1772978939,remove-irs3-member1-1772978939,remove-irs3-member1-1772978939,34,reshare_completed,operation_end,2026-03-08T14:14:29.329776018Z,2026-03-08T14:14:30.273763Z,/var/lib/docker/volumes,791e62bfc17bf044236c3dcb5d77ec82610b27aa4d5f3c78aff2e2842f98f9ee,other,NA,NA,
run_004,removal,removal_1772978939,remove-irs3-member1-1772978939,remove-irs3-member1-1772978939,34,reshare_completed,operation_end,2026-03-08T14:14:29.329776018Z,2026-03-08T14:14:30.273763Z,/var/lib/docker/volumes,86e46c7349c98bd170ab7467b42f5b1a8fcf1438535fca6ee74a0dcce3856102,other,NA,NA,
run_004,removal,removal_1772978939,remove-irs3-member1-1772978939,remove-irs3-member1-1772978939,34,reshare_completed,operation_end,2026-03-08T14:14:29.329776018Z,2026-03-08T14:14:30.273763Z,/var/lib/docker/volumes,99ac8c723665556c954d288ca00335f1fae5493d384cb656ecf5a945cc9ae3b8,other,NA,NA,
run_004,removal,removal_1772978939,remove-irs3-member1-1772978939,remove-irs3-member1-1772978939,34,reshare_completed,operation_end,2026-03-08T14:14:29.329776018Z,2026-03-08T14:14:30.273763Z,/var/lib/docker/volumes,ab96d922f06ec7a94f1b5200e75e480c9ed7eba86fbbe33b5cb9edbe031c6ea8,other,49770,49770,0
run_004,removal,removal_1772978939,remove-irs3-member1-1772978939,remove-irs3-member1-1772978939,34,reshare_completed,operation_end,2026-03-08T14:14:29.329776018Z,2026-03-08T14:14:30.273763Z,/var/lib/docker/volumes,c58c4c31a22da439d2b7f591fd40cdcdd9bb8458f543e682f66d858083ef9ea8,other,NA,NA,
run_004,removal,removal_1772978939,remove-irs3-member1-1772978939,remove-irs3-member1-1772978939,34,reshare_completed,operation_end,2026-03-08T14:14:29.329776018Z,2026-03-08T14:14:30.273763Z,/var/lib/docker/volumes,d9b7785a06954372515977133a1213437b80c5db1517196ca5e26134d3413ccf,other,NA,NA,
run_004,removal,removal_1772978939,remove-irs3-member1-1772978939,remove-irs3-member1-1772978939,34,reshare_completed,operation_end,2026-03-08T14:14:29.329776018Z,2026-03-08T14:14:30.273763Z,/var/lib/docker/volumes,dfb0ca7b4b9cad4ec8515f6484cd89e2febfe10817782070636d5b3db6848438,other,NA,NA,
run_004,removal,removal_1772978939,remove-irs3-member1-1772978939,remove-irs3-member1-1772978939,34,reshare_completed,operation_end,2026-03-08T14:14:29.329776018Z,2026-03-08T14:14:30.273763Z,/var/lib/docker/volumes,fabric_orderer.kit.edu,orderer,251327350,251327350,0
run_004,removal,removal_1772978939,remove-irs3-member1-1772978939,remove-irs3-member1-1772978939,34,reshare_completed,operation_end,2026-03-08T14:14:29.329776018Z,2026-03-08T14:14:30.273763Z,/var/lib/docker/volumes,fabric_peer0.irs1.kit.edu,other,5006,5006,0
run_004,removal,removal_1772978939,remove-irs3-member1-1772978939,remove-irs3-member1-1772978939,34,reshare_completed,operation_end,2026-03-08T14:14:29.329776018Z,2026-03-08T14:14:30.273763Z,/var/lib/docker/volumes,fabric_peer0.irs3.kit.edu,peer,152661536,152661536,0
run_004,removal,removal_1772978939,remove-irs3-member1-1772978939,remove-irs3-member1-1772978939,34,reshare_completed,operation_end,2026-03-08T14:14:29.329776018Z,2026-03-08T14:14:30.273763Z,/var/lib/docker/volumes,fabric_peer1.irs3.kit.edu,other,152660116,152660116,0
run_004,removal,removal_1772978939,remove-irs3-member1-1772978939,remove-irs3-member1-1772978939,34,reshare_completed,operation_end,2026-03-08T14:14:29.329776018Z,2026-03-08T14:14:30.273763Z,/var/lib/docker/volumes,fabric_peer2.irs3.kit.edu,other,152661524,152661524,0
run_004,removal,removal_1772978939,remove-irs3-member1-1772978939,remove-irs3-member1-1772978939,34,reshare_completed,operation_end,2026-03-08T14:14:29.329776018Z,2026-03-08T14:14:30.273763Z,/var/lib/docker/volumes,fabric_peer3.irs3.kit.edu,other,152660101,152660101,0
run_004,join,join_1772979289,join-irs3-1772979289,join-irs3-1772979289,35,operation_start,join_submit_done,2026-03-08T14:14:49.259197Z,2026-03-08T14:14:51.651061Z,/var/lib/docker/volumes,07323924f55a40af409ae862fc14ab08f2d8c06ba282f174beb7e74ff5782926,other,NA,NA,
run_004,join,join_1772979289,join-irs3-1772979289,join-irs3-1772979289,35,operation_start,join_submit_done,2026-03-08T14:14:49.259197Z,2026-03-08T14:14:51.651061Z,/var/lib/docker/volumes,301473890dade69bfa0d19b444d1f0769b67a90d1197c166d84af2511e48f916,other,49770,49770,0
run_004,join,join_1772979289,join-irs3-1772979289,join-irs3-1772979289,35,operation_start,join_submit_done,2026-03-08T14:14:49.259197Z,2026-03-08T14:14:51.651061Z,/var/lib/docker/volumes,6b7bb91b53bcbfeb56b486bba478d97728a3c0004c18649976daaade961a2721,other,NA,NA,
run_004,join,join_1772979289,join-irs3-1772979289,join-irs3-1772979289,35,operation_start,join_submit_done,2026-03-08T14:14:49.259197Z,2026-03-08T14:14:51.651061Z,/var/lib/docker/volumes,791e62bfc17bf044236c3dcb5d77ec82610b27aa4d5f3c78aff2e2842f98f9ee,other,NA,NA,
run_004,join,join_1772979289,join-irs3-1772979289,join-irs3-1772979289,35,operation_start,join_submit_done,2026-03-08T14:14:49.259197Z,2026-03-08T14:14:51.651061Z,/var/lib/docker/volumes,86e46c7349c98bd170ab7467b42f5b1a8fcf1438535fca6ee74a0dcce3856102,other,NA,NA,
run_004,join,join_1772979289,join-irs3-1772979289,join-irs3-1772979289,35,operation_start,join_submit_done,2026-03-08T14:14:49.259197Z,2026-03-08T14:14:51.651061Z,/var/lib/docker/volumes,99ac8c723665556c954d288ca00335f1fae5493d384cb656ecf5a945cc9ae3b8,other,NA,NA,
run_004,join,join_1772979289,join-irs3-1772979289,join-irs3-1772979289,35,operation_start,join_submit_done,2026-03-08T14:14:49.259197Z,2026-03-08T14:14:51.651061Z,/var/lib/docker/volumes,ab96d922f06ec7a94f1b5200e75e480c9ed7eba86fbbe33b5cb9edbe031c6ea8,other,49770,49770,0
run_004,join,join_1772979289,join-irs3-1772979289,join-irs3-1772979289,35,operation_start,join_submit_done,2026-03-08T14:14:49.259197Z,2026-03-08T14:14:51.651061Z,/var/lib/docker/volumes,c58c4c31a22da439d2b7f591fd40cdcdd9bb8458f543e682f66d858083ef9ea8,other,NA,NA,
run_004,join,join_1772979289,join-irs3-1772979289,join-irs3-1772979289,35,operation_start,join_submit_done,2026-03-08T14:14:49.259197Z,2026-03-08T14:14:51.651061Z,/var/lib/docker/volumes,d9b7785a06954372515977133a1213437b80c5db1517196ca5e26134d3413ccf,other,NA,NA,
run_004,join,join_1772979289,join-irs3-1772979289,join-irs3-1772979289,35,operation_start,join_submit_done,2026-03-08T14:14:49.259197Z,2026-03-08T14:14:51.651061Z,/var/lib/docker/volumes,dfb0ca7b4b9cad4ec8515f6484cd89e2febfe10817782070636d5b3db6848438,other,NA,NA,
run_004,join,join_1772979289,join-irs3-1772979289,join-irs3-1772979289,35,operation_start,join_submit_done,2026-03-08T14:14:49.259197Z,2026-03-08T14:14:51.651061Z,/var/lib/docker/volumes,fabric_orderer.kit.edu,orderer,251327350,251336865,9515
run_004,join,join_1772979289,join-irs3-1772979289,join-irs3-1772979289,35,operation_start,join_submit_done,2026-03-08T14:14:49.259197Z,2026-03-08T14:14:51.651061Z,/var/lib/docker/volumes,fabric_peer0.irs1.kit.edu,other,5006,5006,0
run_004,join,join_1772979289,join-irs3-1772979289,join-irs3-1772979289,35,operation_start,join_submit_done,2026-03-08T14:14:49.259197Z,2026-03-08T14:14:51.651061Z,/var/lib/docker/volumes,fabric_peer0.irs3.kit.edu,peer,152661536,152672948,11412
run_004,join,join_1772979289,join-irs3-1772979289,join-irs3-1772979289,35,operation_start,join_submit_done,2026-03-08T14:14:49.259197Z,2026-03-08T14:14:51.651061Z,/var/lib/docker/volumes,fabric_peer1.irs3.kit.edu,other,152660116,152671528,11412
run_004,join,join_1772979289,join-irs3-1772979289,join-irs3-1772979289,35,operation_start,join_submit_done,2026-03-08T14:14:49.259197Z,2026-03-08T14:14:51.651061Z,/var/lib/docker/volumes,fabric_peer2.irs3.kit.edu,other,152661524,152672936,11412
run_004,join,join_1772979289,join-irs3-1772979289,join-irs3-1772979289,35,operation_start,join_submit_done,2026-03-08T14:14:49.259197Z,2026-03-08T14:14:51.651061Z,/var/lib/docker/volumes,fabric_peer3.irs3.kit.edu,other,152660101,152671513,11412
run_004,join,join_1772979289,join-irs3-1772979289,join-irs3-1772979289,35,join_submit_done,join_voted,2026-03-08T14:14:51.651061Z,2026-03-08T14:14:54.240812801Z,/var/lib/docker/volumes,07323924f55a40af409ae862fc14ab08f2d8c06ba282f174beb7e74ff5782926,other,NA,NA,
run_004,join,join_1772979289,join-irs3-1772979289,join-irs3-1772979289,35,join_submit_done,join_voted,2026-03-08T14:14:51.651061Z,2026-03-08T14:14:54.240812801Z,/var/lib/docker/volumes,301473890dade69bfa0d19b444d1f0769b67a90d1197c166d84af2511e48f916,other,49770,49770,0
run_004,join,join_1772979289,join-irs3-1772979289,join-irs3-1772979289,35,join_submit_done,join_voted,2026-03-08T14:14:51.651061Z,2026-03-08T14:14:54.240812801Z,/var/lib/docker/volumes,6b7bb91b53bcbfeb56b486bba478d97728a3c0004c18649976daaade961a2721,other,NA,NA,
run_004,join,join_1772979289,join-irs3-1772979289,join-irs3-1772979289,35,join_submit_done,join_voted,2026-03-08T14:14:51.651061Z,2026-03-08T14:14:54.240812801Z,/var/lib/docker/volumes,791e62bfc17bf044236c3dcb5d77ec82610b27aa4d5f3c78aff2e2842f98f9ee,other,NA,NA,
run_004,join,join_1772979289,join-irs3-1772979289,join-irs3-1772979289,35,join_submit_done,join_voted,2026-03-08T14:14:51.651061Z,2026-03-08T14:14:54.240812801Z,/var/lib/docker/volumes,86e46c7349c98bd170ab7467b42f5b1a8fcf1438535fca6ee74a0dcce3856102,other,NA,NA,
run_004,join,join_1772979289,join-irs3-1772979289,join-irs3-1772979289,35,join_submit_done,join_voted,2026-03-08T14:14:51.651061Z,2026-03-08T14:14:54.240812801Z,/var/lib/docker/volumes,99ac8c723665556c954d288ca00335f1fae5493d384cb656ecf5a945cc9ae3b8,other,NA,NA,
run_004,join,join_1772979289,join-irs3-1772979289,join-irs3-1772979289,35,join_submit_done,join_voted,2026-03-08T14:14:51.651061Z,2026-03-08T14:14:54.240812801Z,/var/lib/docker/volumes,ab96d922f06ec7a94f1b5200e75e480c9ed7eba86fbbe33b5cb9edbe031c6ea8,other,49770,49770,0
run_004,join,join_1772979289,join-irs3-1772979289,join-irs3-1772979289,35,join_submit_done,join_voted,2026-03-08T14:14:51.651061Z,2026-03-08T14:14:54.240812801Z,/var/lib/docker/volumes,c58c4c31a22da439d2b7f591fd40cdcdd9bb8458f543e682f66d858083ef9ea8,other,NA,NA,
run_004,join,join_1772979289,join-irs3-1772979289,join-irs3-1772979289,35,join_submit_done,join_voted,2026-03-08T14:14:51.651061Z,2026-03-08T14:14:54.240812801Z,/var/lib/docker/volumes,d9b7785a06954372515977133a1213437b80c5db1517196ca5e26134d3413ccf,other,NA,NA,
run_004,join,join_1772979289,join-irs3-1772979289,join-irs3-1772979289,35,join_submit_done,join_voted,2026-03-08T14:14:51.651061Z,2026-03-08T14:14:54.240812801Z,/var/lib/docker/volumes,dfb0ca7b4b9cad4ec8515f6484cd89e2febfe10817782070636d5b3db6848438,other,NA,NA,
run_004,join,join_1772979289,join-irs3-1772979289,join-irs3-1772979289,35,join_submit_done,join_voted,2026-03-08T14:14:51.651061Z,2026-03-08T14:14:54.240812801Z,/var/lib/docker/volumes,fabric_orderer.kit.edu,orderer,251336865,251394682,57817
run_004,join,join_1772979289,join-irs3-1772979289,join-irs3-1772979289,35,join_submit_done,join_voted,2026-03-08T14:14:51.651061Z,2026-03-08T14:14:54.240812801Z,/var/lib/docker/volumes,fabric_peer0.irs1.kit.edu,other,5006,5006,0
run_004,join,join_1772979289,join-irs3-1772979289,join-irs3-1772979289,35,join_submit_done,join_voted,2026-03-08T14:14:51.651061Z,2026-03-08T14:14:54.240812801Z,/var/lib/docker/volumes,fabric_peer0.irs3.kit.edu,peer,152672948,152734409,61461
run_004,join,join_1772979289,join-irs3-1772979289,join-irs3-1772979289,35,join_submit_done,join_voted,2026-03-08T14:14:51.651061Z,2026-03-08T14:14:54.240812801Z,/var/lib/docker/volumes,fabric_peer1.irs3.kit.edu,other,152671528,152732989,61461
run_004,join,join_1772979289,join-irs3-1772979289,join-irs3-1772979289,35,join_submit_done,join_voted,2026-03-08T14:14:51.651061Z,2026-03-08T14:14:54.240812801Z,/var/lib/docker/volumes,fabric_peer2.irs3.kit.edu,other,152672936,152734397,61461
run_004,join,join_1772979289,join-irs3-1772979289,join-irs3-1772979289,35,join_submit_done,join_voted,2026-03-08T14:14:51.651061Z,2026-03-08T14:14:54.240812801Z,/var/lib/docker/volumes,fabric_peer3.irs3.kit.edu,other,152671513,152732974,61461
run_004,join,join_1772979289,join-irs3-1772979289,join-irs3-1772979289,35,join_voted,join_approved,2026-03-08T14:14:54.240812801Z,2026-03-08T14:15:14.525460028Z,/var/lib/docker/volumes,07323924f55a40af409ae862fc14ab08f2d8c06ba282f174beb7e74ff5782926,other,NA,NA,
run_004,join,join_1772979289,join-irs3-1772979289,join-irs3-1772979289,35,join_voted,join_approved,2026-03-08T14:14:54.240812801Z,2026-03-08T14:15:14.525460028Z,/var/lib/docker/volumes,301473890dade69bfa0d19b444d1f0769b67a90d1197c166d84af2511e48f916,other,49770,49770,0
run_004,join,join_1772979289,join-irs3-1772979289,join-irs3-1772979289,35,join_voted,join_approved,2026-03-08T14:14:54.240812801Z,2026-03-08T14:15:14.525460028Z,/var/lib/docker/volumes,6b7bb91b53bcbfeb56b486bba478d97728a3c0004c18649976daaade961a2721,other,NA,NA,
run_004,join,join_1772979289,join-irs3-1772979289,join-irs3-1772979289,35,join_voted,join_approved,2026-03-08T14:14:54.240812801Z,2026-03-08T14:15:14.525460028Z,/var/lib/docker/volumes,791e62bfc17bf044236c3dcb5d77ec82610b27aa4d5f3c78aff2e2842f98f9ee,other,NA,NA,
run_004,join,join_1772979289,join-irs3-1772979289,join-irs3-1772979289,35,join_voted,join_approved,2026-03-08T14:14:54.240812801Z,2026-03-08T14:15:14.525460028Z,/var/lib/docker/volumes,86e46c7349c98bd170ab7467b42f5b1a8fcf1438535fca6ee74a0dcce3856102,other,NA,NA,
run_004,join,join_1772979289,join-irs3-1772979289,join-irs3-1772979289,35,join_voted,join_approved,2026-03-08T14:14:54.240812801Z,2026-03-08T14:15:14.525460028Z,/var/lib/docker/volumes,99ac8c723665556c954d288ca00335f1fae5493d384cb656ecf5a945cc9ae3b8,other,NA,NA,
run_004,join,join_1772979289,join-irs3-1772979289,join-irs3-1772979289,35,join_voted,join_approved,2026-03-08T14:14:54.240812801Z,2026-03-08T14:15:14.525460028Z,/var/lib/docker/volumes,ab96d922f06ec7a94f1b5200e75e480c9ed7eba86fbbe33b5cb9edbe031c6ea8,other,49770,49770,0
run_004,join,join_1772979289,join-irs3-1772979289,join-irs3-1772979289,35,join_voted,join_approved,2026-03-08T14:14:54.240812801Z,2026-03-08T14:15:14.525460028Z,/var/lib/docker/volumes,c58c4c31a22da439d2b7f591fd40cdcdd9bb8458f543e682f66d858083ef9ea8,other,NA,NA,
run_004,join,join_1772979289,join-irs3-1772979289,join-irs3-1772979289,35,join_voted,join_approved,2026-03-08T14:14:54.240812801Z,2026-03-08T14:15:14.525460028Z,/var/lib/docker/volumes,d9b7785a06954372515977133a1213437b80c5db1517196ca5e26134d3413ccf,other,NA,NA,
run_004,join,join_1772979289,join-irs3-1772979289,join-irs3-1772979289,35,join_voted,join_approved,2026-03-08T14:14:54.240812801Z,2026-03-08T14:15:14.525460028Z,/var/lib/docker/volumes,dfb0ca7b4b9cad4ec8515f6484cd89e2febfe10817782070636d5b3db6848438,other,NA,NA,
run_004,join,join_1772979289,join-irs3-1772979289,join-irs3-1772979289,35,join_voted,join_approved,2026-03-08T14:14:54.240812801Z,2026-03-08T14:15:14.525460028Z,/var/lib/docker/volumes,fabric_orderer.kit.edu,orderer,251394682,252105914,711232
run_004,join,join_1772979289,join-irs3-1772979289,join-irs3-1772979289,35,join_voted,join_approved,2026-03-08T14:14:54.240812801Z,2026-03-08T14:15:14.525460028Z,/var/lib/docker/volumes,fabric_peer0.irs1.kit.edu,other,5006,5006,0
run_004,join,join_1772979289,join-irs3-1772979289,join-irs3-1772979289,35,join_voted,join_approved,2026-03-08T14:14:54.240812801Z,2026-03-08T14:15:14.525460028Z,/var/lib/docker/volumes,fabric_peer0.irs3.kit.edu,peer,152734409,153499661,765252
run_004,join,join_1772979289,join-irs3-1772979289,join-irs3-1772979289,35,join_voted,join_approved,2026-03-08T14:14:54.240812801Z,2026-03-08T14:15:14.525460028Z,/var/lib/docker/volumes,fabric_peer1.irs3.kit.edu,other,152732989,153498241,765252
run_004,join,join_1772979289,join-irs3-1772979289,join-irs3-1772979289,35,join_voted,join_approved,2026-03-08T14:14:54.240812801Z,2026-03-08T14:15:14.525460028Z,/var/lib/docker/volumes,fabric_peer2.irs3.kit.edu,other,152734397,153499649,765252
run_004,join,join_1772979289,join-irs3-1772979289,join-irs3-1772979289,35,join_voted,join_approved,2026-03-08T14:14:54.240812801Z,2026-03-08T14:15:14.525460028Z,/var/lib/docker/volumes,fabric_peer3.irs3.kit.edu,other,152732974,153498226,765252
run_004,join,join_1772979289,join-irs3-1772979289,join-irs3-1772979289,35,join_approved,reshare_started,2026-03-08T14:15:14.525460028Z,2026-03-08T14:15:16.225392Z,/var/lib/docker/volumes,07323924f55a40af409ae862fc14ab08f2d8c06ba282f174beb7e74ff5782926,other,NA,NA,
run_004,join,join_1772979289,join-irs3-1772979289,join-irs3-1772979289,35,join_approved,reshare_started,2026-03-08T14:15:14.525460028Z,2026-03-08T14:15:16.225392Z,/var/lib/docker/volumes,301473890dade69bfa0d19b444d1f0769b67a90d1197c166d84af2511e48f916,other,49770,49770,0
run_004,join,join_1772979289,join-irs3-1772979289,join-irs3-1772979289,35,join_approved,reshare_started,2026-03-08T14:15:14.525460028Z,2026-03-08T14:15:16.225392Z,/var/lib/docker/volumes,6b7bb91b53bcbfeb56b486bba478d97728a3c0004c18649976daaade961a2721,other,NA,NA,
run_004,join,join_1772979289,join-irs3-1772979289,join-irs3-1772979289,35,join_approved,reshare_started,2026-03-08T14:15:14.525460028Z,2026-03-08T14:15:16.225392Z,/var/lib/docker/volumes,791e62bfc17bf044236c3dcb5d77ec82610b27aa4d5f3c78aff2e2842f98f9ee,other,NA,NA,
run_004,join,join_1772979289,join-irs3-1772979289,join-irs3-1772979289,35,join_approved,reshare_started,2026-03-08T14:15:14.525460028Z,2026-03-08T14:15:16.225392Z,/var/lib/docker/volumes,86e46c7349c98bd170ab7467b42f5b1a8fcf1438535fca6ee74a0dcce3856102,other,NA,NA,
run_004,join,join_1772979289,join-irs3-1772979289,join-irs3-1772979289,35,join_approved,reshare_started,2026-03-08T14:15:14.525460028Z,2026-03-08T14:15:16.225392Z,/var/lib/docker/volumes,99ac8c723665556c954d288ca00335f1fae5493d384cb656ecf5a945cc9ae3b8,other,NA,NA,
run_004,join,join_1772979289,join-irs3-1772979289,join-irs3-1772979289,35,join_approved,reshare_started,2026-03-08T14:15:14.525460028Z,2026-03-08T14:15:16.225392Z,/var/lib/docker/volumes,ab96d922f06ec7a94f1b5200e75e480c9ed7eba86fbbe33b5cb9edbe031c6ea8,other,49770,49770,0
run_004,join,join_1772979289,join-irs3-1772979289,join-irs3-1772979289,35,join_approved,reshare_started,2026-03-08T14:15:14.525460028Z,2026-03-08T14:15:16.225392Z,/var/lib/docker/volumes,c58c4c31a22da439d2b7f591fd40cdcdd9bb8458f543e682f66d858083ef9ea8,other,NA,NA,
run_004,join,join_1772979289,join-irs3-1772979289,join-irs3-1772979289,35,join_approved,reshare_started,2026-03-08T14:15:14.525460028Z,2026-03-08T14:15:16.225392Z,/var/lib/docker/volumes,d9b7785a06954372515977133a1213437b80c5db1517196ca5e26134d3413ccf,other,NA,NA,
run_004,join,join_1772979289,join-irs3-1772979289,join-irs3-1772979289,35,join_approved,reshare_started,2026-03-08T14:15:14.525460028Z,2026-03-08T14:15:16.225392Z,/var/lib/docker/volumes,dfb0ca7b4b9cad4ec8515f6484cd89e2febfe10817782070636d5b3db6848438,other,NA,NA,
run_004,join,join_1772979289,join-irs3-1772979289,join-irs3-1772979289,35,join_approved,reshare_started,2026-03-08T14:15:14.525460028Z,2026-03-08T14:15:16.225392Z,/var/lib/docker/volumes,fabric_orderer.kit.edu,orderer,252105914,252105914,0
run_004,join,join_1772979289,join-irs3-1772979289,join-irs3-1772979289,35,join_approved,reshare_started,2026-03-08T14:15:14.525460028Z,2026-03-08T14:15:16.225392Z,/var/lib/docker/volumes,fabric_peer0.irs1.kit.edu,other,5006,5006,0
run_004,join,join_1772979289,join-irs3-1772979289,join-irs3-1772979289,35,join_approved,reshare_started,2026-03-08T14:15:14.525460028Z,2026-03-08T14:15:16.225392Z,/var/lib/docker/volumes,fabric_peer0.irs3.kit.edu,peer,153499661,153499661,0
run_004,join,join_1772979289,join-irs3-1772979289,join-irs3-1772979289,35,join_approved,reshare_started,2026-03-08T14:15:14.525460028Z,2026-03-08T14:15:16.225392Z,/var/lib/docker/volumes,fabric_peer1.irs3.kit.edu,other,153498241,153498241,0
run_004,join,join_1772979289,join-irs3-1772979289,join-irs3-1772979289,35,join_approved,reshare_started,2026-03-08T14:15:14.525460028Z,2026-03-08T14:15:16.225392Z,/var/lib/docker/volumes,fabric_peer2.irs3.kit.edu,other,153499649,153499649,0
run_004,join,join_1772979289,join-irs3-1772979289,join-irs3-1772979289,35,join_approved,reshare_started,2026-03-08T14:15:14.525460028Z,2026-03-08T14:15:16.225392Z,/var/lib/docker/volumes,fabric_peer3.irs3.kit.edu,other,153498226,153498226,0
run_004,join,join_1772979289,join-irs3-1772979289,join-irs3-1772979289,35,reshare_started,reshare_completed,2026-03-08T14:15:16.225392Z,2026-03-08T14:19:25.599105812Z,/var/lib/docker/volumes,07323924f55a40af409ae862fc14ab08f2d8c06ba282f174beb7e74ff5782926,other,NA,NA,
run_004,join,join_1772979289,join-irs3-1772979289,join-irs3-1772979289,35,reshare_started,reshare_completed,2026-03-08T14:15:16.225392Z,2026-03-08T14:19:25.599105812Z,/var/lib/docker/volumes,301473890dade69bfa0d19b444d1f0769b67a90d1197c166d84af2511e48f916,other,49770,49770,0
run_004,join,join_1772979289,join-irs3-1772979289,join-irs3-1772979289,35,reshare_started,reshare_completed,2026-03-08T14:15:16.225392Z,2026-03-08T14:19:25.599105812Z,/var/lib/docker/volumes,6b7bb91b53bcbfeb56b486bba478d97728a3c0004c18649976daaade961a2721,other,NA,NA,
run_004,join,join_1772979289,join-irs3-1772979289,join-irs3-1772979289,35,reshare_started,reshare_completed,2026-03-08T14:15:16.225392Z,2026-03-08T14:19:25.599105812Z,/var/lib/docker/volumes,791e62bfc17bf044236c3dcb5d77ec82610b27aa4d5f3c78aff2e2842f98f9ee,other,NA,NA,
run_004,join,join_1772979289,join-irs3-1772979289,join-irs3-1772979289,35,reshare_started,reshare_completed,2026-03-08T14:15:16.225392Z,2026-03-08T14:19:25.599105812Z,/var/lib/docker/volumes,86e46c7349c98bd170ab7467b42f5b1a8fcf1438535fca6ee74a0dcce3856102,other,NA,NA,
run_004,join,join_1772979289,join-irs3-1772979289,join-irs3-1772979289,35,reshare_started,reshare_completed,2026-03-08T14:15:16.225392Z,2026-03-08T14:19:25.599105812Z,/var/lib/docker/volumes,99ac8c723665556c954d288ca00335f1fae5493d384cb656ecf5a945cc9ae3b8,other,NA,NA,
run_004,join,join_1772979289,join-irs3-1772979289,join-irs3-1772979289,35,reshare_started,reshare_completed,2026-03-08T14:15:16.225392Z,2026-03-08T14:19:25.599105812Z,/var/lib/docker/volumes,ab96d922f06ec7a94f1b5200e75e480c9ed7eba86fbbe33b5cb9edbe031c6ea8,other,49770,49770,0
run_004,join,join_1772979289,join-irs3-1772979289,join-irs3-1772979289,35,reshare_started,reshare_completed,2026-03-08T14:15:16.225392Z,2026-03-08T14:19:25.599105812Z,/var/lib/docker/volumes,c58c4c31a22da439d2b7f591fd40cdcdd9bb8458f543e682f66d858083ef9ea8,other,NA,NA,
run_004,join,join_1772979289,join-irs3-1772979289,join-irs3-1772979289,35,reshare_started,reshare_completed,2026-03-08T14:15:16.225392Z,2026-03-08T14:19:25.599105812Z,/var/lib/docker/volumes,d9b7785a06954372515977133a1213437b80c5db1517196ca5e26134d3413ccf,other,NA,NA,
run_004,join,join_1772979289,join-irs3-1772979289,join-irs3-1772979289,35,reshare_started,reshare_completed,2026-03-08T14:15:16.225392Z,2026-03-08T14:19:25.599105812Z,/var/lib/docker/volumes,dfb0ca7b4b9cad4ec8515f6484cd89e2febfe10817782070636d5b3db6848438,other,NA,NA,
run_004,join,join_1772979289,join-irs3-1772979289,join-irs3-1772979289,35,reshare_started,reshare_completed,2026-03-08T14:15:16.225392Z,2026-03-08T14:19:25.599105812Z,/var/lib/docker/volumes,fabric_orderer.kit.edu,orderer,252105914,254772646,2666732
run_004,join,join_1772979289,join-irs3-1772979289,join-irs3-1772979289,35,reshare_started,reshare_completed,2026-03-08T14:15:16.225392Z,2026-03-08T14:19:25.599105812Z,/var/lib/docker/volumes,fabric_peer0.irs1.kit.edu,other,5006,5006,0
run_004,join,join_1772979289,join-irs3-1772979289,join-irs3-1772979289,35,reshare_started,reshare_completed,2026-03-08T14:15:16.225392Z,2026-03-08T14:19:25.599105812Z,/var/lib/docker/volumes,fabric_peer0.irs3.kit.edu,peer,153499661,156239896,2740235
run_004,join,join_1772979289,join-irs3-1772979289,join-irs3-1772979289,35,reshare_started,reshare_completed,2026-03-08T14:15:16.225392Z,2026-03-08T14:19:25.599105812Z,/var/lib/docker/volumes,fabric_peer1.irs3.kit.edu,other,153498241,156238476,2740235
run_004,join,join_1772979289,join-irs3-1772979289,join-irs3-1772979289,35,reshare_started,reshare_completed,2026-03-08T14:15:16.225392Z,2026-03-08T14:19:25.599105812Z,/var/lib/docker/volumes,fabric_peer2.irs3.kit.edu,other,153499649,156239884,2740235
run_004,join,join_1772979289,join-irs3-1772979289,join-irs3-1772979289,35,reshare_started,reshare_completed,2026-03-08T14:15:16.225392Z,2026-03-08T14:19:25.599105812Z,/var/lib/docker/volumes,fabric_peer3.irs3.kit.edu,other,153498226,156225255,2727029
run_004,join,join_1772979289,join-irs3-1772979289,join-irs3-1772979289,35,reshare_completed,operation_end,2026-03-08T14:19:25.599105812Z,2026-03-08T14:20:13.937371Z,/var/lib/docker/volumes,07323924f55a40af409ae862fc14ab08f2d8c06ba282f174beb7e74ff5782926,other,NA,NA,
run_004,join,join_1772979289,join-irs3-1772979289,join-irs3-1772979289,35,reshare_completed,operation_end,2026-03-08T14:19:25.599105812Z,2026-03-08T14:20:13.937371Z,/var/lib/docker/volumes,301473890dade69bfa0d19b444d1f0769b67a90d1197c166d84af2511e48f916,other,49770,49770,0
run_004,join,join_1772979289,join-irs3-1772979289,join-irs3-1772979289,35,reshare_completed,operation_end,2026-03-08T14:19:25.599105812Z,2026-03-08T14:20:13.937371Z,/var/lib/docker/volumes,6b7bb91b53bcbfeb56b486bba478d97728a3c0004c18649976daaade961a2721,other,NA,NA,
run_004,join,join_1772979289,join-irs3-1772979289,join-irs3-1772979289,35,reshare_completed,operation_end,2026-03-08T14:19:25.599105812Z,2026-03-08T14:20:13.937371Z,/var/lib/docker/volumes,791e62bfc17bf044236c3dcb5d77ec82610b27aa4d5f3c78aff2e2842f98f9ee,other,NA,NA,
run_004,join,join_1772979289,join-irs3-1772979289,join-irs3-1772979289,35,reshare_completed,operation_end,2026-03-08T14:19:25.599105812Z,2026-03-08T14:20:13.937371Z,/var/lib/docker/volumes,86e46c7349c98bd170ab7467b42f5b1a8fcf1438535fca6ee74a0dcce3856102,other,NA,NA,
run_004,join,join_1772979289,join-irs3-1772979289,join-irs3-1772979289,35,reshare_completed,operation_end,2026-03-08T14:19:25.599105812Z,2026-03-08T14:20:13.937371Z,/var/lib/docker/volumes,99ac8c723665556c954d288ca00335f1fae5493d384cb656ecf5a945cc9ae3b8,other,NA,NA,
run_004,join,join_1772979289,join-irs3-1772979289,join-irs3-1772979289,35,reshare_completed,operation_end,2026-03-08T14:19:25.599105812Z,2026-03-08T14:20:13.937371Z,/var/lib/docker/volumes,ab96d922f06ec7a94f1b5200e75e480c9ed7eba86fbbe33b5cb9edbe031c6ea8,other,49770,49770,0
run_004,join,join_1772979289,join-irs3-1772979289,join-irs3-1772979289,35,reshare_completed,operation_end,2026-03-08T14:19:25.599105812Z,2026-03-08T14:20:13.937371Z,/var/lib/docker/volumes,c58c4c31a22da439d2b7f591fd40cdcdd9bb8458f543e682f66d858083ef9ea8,other,NA,NA,
run_004,join,join_1772979289,join-irs3-1772979289,join-irs3-1772979289,35,reshare_completed,operation_end,2026-03-08T14:19:25.599105812Z,2026-03-08T14:20:13.937371Z,/var/lib/docker/volumes,d9b7785a06954372515977133a1213437b80c5db1517196ca5e26134d3413ccf,other,NA,NA,
run_004,join,join_1772979289,join-irs3-1772979289,join-irs3-1772979289,35,reshare_completed,operation_end,2026-03-08T14:19:25.599105812Z,2026-03-08T14:20:13.937371Z,/var/lib/docker/volumes,dfb0ca7b4b9cad4ec8515f6484cd89e2febfe10817782070636d5b3db6848438,other,NA,NA,
run_004,join,join_1772979289,join-irs3-1772979289,join-irs3-1772979289,35,reshare_completed,operation_end,2026-03-08T14:19:25.599105812Z,2026-03-08T14:20:13.937371Z,/var/lib/docker/volumes,fabric_orderer.kit.edu,orderer,254772646,322866978,68094332
run_004,join,join_1772979289,join-irs3-1772979289,join-irs3-1772979289,35,reshare_completed,operation_end,2026-03-08T14:19:25.599105812Z,2026-03-08T14:20:13.937371Z,/var/lib/docker/volumes,fabric_peer0.irs1.kit.edu,other,5006,5006,0
run_004,join,join_1772979289,join-irs3-1772979289,join-irs3-1772979289,35,reshare_completed,operation_end,2026-03-08T14:19:25.599105812Z,2026-03-08T14:20:13.937371Z,/var/lib/docker/volumes,fabric_peer0.irs3.kit.edu,peer,156239896,160827673,4587777
run_004,join,join_1772979289,join-irs3-1772979289,join-irs3-1772979289,35,reshare_completed,operation_end,2026-03-08T14:19:25.599105812Z,2026-03-08T14:20:13.937371Z,/var/lib/docker/volumes,fabric_peer1.irs3.kit.edu,other,156238476,160826253,4587777
run_004,join,join_1772979289,join-irs3-1772979289,join-irs3-1772979289,35,reshare_completed,operation_end,2026-03-08T14:19:25.599105812Z,2026-03-08T14:20:13.937371Z,/var/lib/docker/volumes,fabric_peer2.irs3.kit.edu,other,156239884,160827661,4587777
run_004,join,join_1772979289,join-irs3-1772979289,join-irs3-1772979289,35,reshare_completed,operation_end,2026-03-08T14:19:25.599105812Z,2026-03-08T14:20:13.937371Z,/var/lib/docker/volumes,fabric_peer3.irs3.kit.edu,other,156225255,160826238,4600983
run_005,csr,csr_1772979622,csr-irs3-1772979622,csr-irs3-1772979622,,operation_start,csr_submit_done,2026-03-08T14:20:22.509517Z,2026-03-08T14:20:24.861309Z,/var/lib/docker/volumes,07323924f55a40af409ae862fc14ab08f2d8c06ba282f174beb7e74ff5782926,other,NA,NA,
run_005,csr,csr_1772979622,csr-irs3-1772979622,csr-irs3-1772979622,,operation_start,csr_submit_done,2026-03-08T14:20:22.509517Z,2026-03-08T14:20:24.861309Z,/var/lib/docker/volumes,301473890dade69bfa0d19b444d1f0769b67a90d1197c166d84af2511e48f916,other,49770,49770,0
run_005,csr,csr_1772979622,csr-irs3-1772979622,csr-irs3-1772979622,,operation_start,csr_submit_done,2026-03-08T14:20:22.509517Z,2026-03-08T14:20:24.861309Z,/var/lib/docker/volumes,6b7bb91b53bcbfeb56b486bba478d97728a3c0004c18649976daaade961a2721,other,NA,NA,
run_005,csr,csr_1772979622,csr-irs3-1772979622,csr-irs3-1772979622,,operation_start,csr_submit_done,2026-03-08T14:20:22.509517Z,2026-03-08T14:20:24.861309Z,/var/lib/docker/volumes,791e62bfc17bf044236c3dcb5d77ec82610b27aa4d5f3c78aff2e2842f98f9ee,other,NA,NA,
run_005,csr,csr_1772979622,csr-irs3-1772979622,csr-irs3-1772979622,,operation_start,csr_submit_done,2026-03-08T14:20:22.509517Z,2026-03-08T14:20:24.861309Z,/var/lib/docker/volumes,86e46c7349c98bd170ab7467b42f5b1a8fcf1438535fca6ee74a0dcce3856102,other,NA,NA,
run_005,csr,csr_1772979622,csr-irs3-1772979622,csr-irs3-1772979622,,operation_start,csr_submit_done,2026-03-08T14:20:22.509517Z,2026-03-08T14:20:24.861309Z,/var/lib/docker/volumes,99ac8c723665556c954d288ca00335f1fae5493d384cb656ecf5a945cc9ae3b8,other,NA,NA,
run_005,csr,csr_1772979622,csr-irs3-1772979622,csr-irs3-1772979622,,operation_start,csr_submit_done,2026-03-08T14:20:22.509517Z,2026-03-08T14:20:24.861309Z,/var/lib/docker/volumes,ab96d922f06ec7a94f1b5200e75e480c9ed7eba86fbbe33b5cb9edbe031c6ea8,other,49770,49770,0
run_005,csr,csr_1772979622,csr-irs3-1772979622,csr-irs3-1772979622,,operation_start,csr_submit_done,2026-03-08T14:20:22.509517Z,2026-03-08T14:20:24.861309Z,/var/lib/docker/volumes,c58c4c31a22da439d2b7f591fd40cdcdd9bb8458f543e682f66d858083ef9ea8,other,NA,NA,
run_005,csr,csr_1772979622,csr-irs3-1772979622,csr-irs3-1772979622,,operation_start,csr_submit_done,2026-03-08T14:20:22.509517Z,2026-03-08T14:20:24.861309Z,/var/lib/docker/volumes,d9b7785a06954372515977133a1213437b80c5db1517196ca5e26134d3413ccf,other,NA,NA,
run_005,csr,csr_1772979622,csr-irs3-1772979622,csr-irs3-1772979622,,operation_start,csr_submit_done,2026-03-08T14:20:22.509517Z,2026-03-08T14:20:24.861309Z,/var/lib/docker/volumes,dfb0ca7b4b9cad4ec8515f6484cd89e2febfe10817782070636d5b3db6848438,other,NA,NA,
run_005,csr,csr_1772979622,csr-irs3-1772979622,csr-irs3-1772979622,,operation_start,csr_submit_done,2026-03-08T14:20:22.509517Z,2026-03-08T14:20:24.861309Z,/var/lib/docker/volumes,fabric_orderer.kit.edu,orderer,322866978,322875543,8565
run_005,csr,csr_1772979622,csr-irs3-1772979622,csr-irs3-1772979622,,operation_start,csr_submit_done,2026-03-08T14:20:22.509517Z,2026-03-08T14:20:24.861309Z,/var/lib/docker/volumes,fabric_peer0.irs1.kit.edu,other,5006,5006,0
run_005,csr,csr_1772979622,csr-irs3-1772979622,csr-irs3-1772979622,,operation_start,csr_submit_done,2026-03-08T14:20:22.509517Z,2026-03-08T14:20:24.861309Z,/var/lib/docker/volumes,fabric_peer0.irs3.kit.edu,peer,160827673,160838388,10715
run_005,csr,csr_1772979622,csr-irs3-1772979622,csr-irs3-1772979622,,operation_start,csr_submit_done,2026-03-08T14:20:22.509517Z,2026-03-08T14:20:24.861309Z,/var/lib/docker/volumes,fabric_peer1.irs3.kit.edu,other,160826253,160836968,10715
run_005,csr,csr_1772979622,csr-irs3-1772979622,csr-irs3-1772979622,,operation_start,csr_submit_done,2026-03-08T14:20:22.509517Z,2026-03-08T14:20:24.861309Z,/var/lib/docker/volumes,fabric_peer2.irs3.kit.edu,other,160827661,160838376,10715
run_005,csr,csr_1772979622,csr-irs3-1772979622,csr-irs3-1772979622,,operation_start,csr_submit_done,2026-03-08T14:20:22.509517Z,2026-03-08T14:20:24.861309Z,/var/lib/docker/volumes,fabric_peer3.irs3.kit.edu,other,160826238,160836953,10715
run_005,csr,csr_1772979622,csr-irs3-1772979622,csr-irs3-1772979622,,csr_submit_done,csr_voted,2026-03-08T14:20:24.861309Z,2026-03-08T14:20:27.223140493Z,/var/lib/docker/volumes,07323924f55a40af409ae862fc14ab08f2d8c06ba282f174beb7e74ff5782926,other,NA,NA,
run_005,csr,csr_1772979622,csr-irs3-1772979622,csr-irs3-1772979622,,csr_submit_done,csr_voted,2026-03-08T14:20:24.861309Z,2026-03-08T14:20:27.223140493Z,/var/lib/docker/volumes,301473890dade69bfa0d19b444d1f0769b67a90d1197c166d84af2511e48f916,other,49770,49770,0
run_005,csr,csr_1772979622,csr-irs3-1772979622,csr-irs3-1772979622,,csr_submit_done,csr_voted,2026-03-08T14:20:24.861309Z,2026-03-08T14:20:27.223140493Z,/var/lib/docker/volumes,6b7bb91b53bcbfeb56b486bba478d97728a3c0004c18649976daaade961a2721,other,NA,NA,
run_005,csr,csr_1772979622,csr-irs3-1772979622,csr-irs3-1772979622,,csr_submit_done,csr_voted,2026-03-08T14:20:24.861309Z,2026-03-08T14:20:27.223140493Z,/var/lib/docker/volumes,791e62bfc17bf044236c3dcb5d77ec82610b27aa4d5f3c78aff2e2842f98f9ee,other,NA,NA,
run_005,csr,csr_1772979622,csr-irs3-1772979622,csr-irs3-1772979622,,csr_submit_done,csr_voted,2026-03-08T14:20:24.861309Z,2026-03-08T14:20:27.223140493Z,/var/lib/docker/volumes,86e46c7349c98bd170ab7467b42f5b1a8fcf1438535fca6ee74a0dcce3856102,other,NA,NA,
run_005,csr,csr_1772979622,csr-irs3-1772979622,csr-irs3-1772979622,,csr_submit_done,csr_voted,2026-03-08T14:20:24.861309Z,2026-03-08T14:20:27.223140493Z,/var/lib/docker/volumes,99ac8c723665556c954d288ca00335f1fae5493d384cb656ecf5a945cc9ae3b8,other,NA,NA,
run_005,csr,csr_1772979622,csr-irs3-1772979622,csr-irs3-1772979622,,csr_submit_done,csr_voted,2026-03-08T14:20:24.861309Z,2026-03-08T14:20:27.223140493Z,/var/lib/docker/volumes,ab96d922f06ec7a94f1b5200e75e480c9ed7eba86fbbe33b5cb9edbe031c6ea8,other,49770,49770,0
run_005,csr,csr_1772979622,csr-irs3-1772979622,csr-irs3-1772979622,,csr_submit_done,csr_voted,2026-03-08T14:20:24.861309Z,2026-03-08T14:20:27.223140493Z,/var/lib/docker/volumes,c58c4c31a22da439d2b7f591fd40cdcdd9bb8458f543e682f66d858083ef9ea8,other,NA,NA,
run_005,csr,csr_1772979622,csr-irs3-1772979622,csr-irs3-1772979622,,csr_submit_done,csr_voted,2026-03-08T14:20:24.861309Z,2026-03-08T14:20:27.223140493Z,/var/lib/docker/volumes,d9b7785a06954372515977133a1213437b80c5db1517196ca5e26134d3413ccf,other,NA,NA,
run_005,csr,csr_1772979622,csr-irs3-1772979622,csr-irs3-1772979622,,csr_submit_done,csr_voted,2026-03-08T14:20:24.861309Z,2026-03-08T14:20:27.223140493Z,/var/lib/docker/volumes,dfb0ca7b4b9cad4ec8515f6484cd89e2febfe10817782070636d5b3db6848438,other,NA,NA,
run_005,csr,csr_1772979622,csr-irs3-1772979622,csr-irs3-1772979622,,csr_submit_done,csr_voted,2026-03-08T14:20:24.861309Z,2026-03-08T14:20:27.223140493Z,/var/lib/docker/volumes,fabric_orderer.kit.edu,orderer,322875543,323093622,218079
run_005,csr,csr_1772979622,csr-irs3-1772979622,csr-irs3-1772979622,,csr_submit_done,csr_voted,2026-03-08T14:20:24.861309Z,2026-03-08T14:20:27.223140493Z,/var/lib/docker/volumes,fabric_peer0.irs1.kit.edu,other,5006,5006,0
run_005,csr,csr_1772979622,csr-irs3-1772979622,csr-irs3-1772979622,,csr_submit_done,csr_voted,2026-03-08T14:20:24.861309Z,2026-03-08T14:20:27.223140493Z,/var/lib/docker/volumes,fabric_peer0.irs3.kit.edu,peer,160838388,161069394,231006
run_005,csr,csr_1772979622,csr-irs3-1772979622,csr-irs3-1772979622,,csr_submit_done,csr_voted,2026-03-08T14:20:24.861309Z,2026-03-08T14:20:27.223140493Z,/var/lib/docker/volumes,fabric_peer1.irs3.kit.edu,other,160836968,161067974,231006
run_005,csr,csr_1772979622,csr-irs3-1772979622,csr-irs3-1772979622,,csr_submit_done,csr_voted,2026-03-08T14:20:24.861309Z,2026-03-08T14:20:27.223140493Z,/var/lib/docker/volumes,fabric_peer2.irs3.kit.edu,other,160838376,161069382,231006
run_005,csr,csr_1772979622,csr-irs3-1772979622,csr-irs3-1772979622,,csr_submit_done,csr_voted,2026-03-08T14:20:24.861309Z,2026-03-08T14:20:27.223140493Z,/var/lib/docker/volumes,fabric_peer3.irs3.kit.edu,other,160836953,161067959,231006
run_005,csr,csr_1772979622,csr-irs3-1772979622,csr-irs3-1772979622,,csr_voted,csr_approved,2026-03-08T14:20:27.223140493Z,2026-03-08T14:20:42.982960863Z,/var/lib/docker/volumes,07323924f55a40af409ae862fc14ab08f2d8c06ba282f174beb7e74ff5782926,other,NA,NA,
run_005,csr,csr_1772979622,csr-irs3-1772979622,csr-irs3-1772979622,,csr_voted,csr_approved,2026-03-08T14:20:27.223140493Z,2026-03-08T14:20:42.982960863Z,/var/lib/docker/volumes,301473890dade69bfa0d19b444d1f0769b67a90d1197c166d84af2511e48f916,other,49770,49770,0
run_005,csr,csr_1772979622,csr-irs3-1772979622,csr-irs3-1772979622,,csr_voted,csr_approved,2026-03-08T14:20:27.223140493Z,2026-03-08T14:20:42.982960863Z,/var/lib/docker/volumes,6b7bb91b53bcbfeb56b486bba478d97728a3c0004c18649976daaade961a2721,other,NA,NA,
run_005,csr,csr_1772979622,csr-irs3-1772979622,csr-irs3-1772979622,,csr_voted,csr_approved,2026-03-08T14:20:27.223140493Z,2026-03-08T14:20:42.982960863Z,/var/lib/docker/volumes,791e62bfc17bf044236c3dcb5d77ec82610b27aa4d5f3c78aff2e2842f98f9ee,other,NA,NA,
run_005,csr,csr_1772979622,csr-irs3-1772979622,csr-irs3-1772979622,,csr_voted,csr_approved,2026-03-08T14:20:27.223140493Z,2026-03-08T14:20:42.982960863Z,/var/lib/docker/volumes,86e46c7349c98bd170ab7467b42f5b1a8fcf1438535fca6ee74a0dcce3856102,other,NA,NA,
run_005,csr,csr_1772979622,csr-irs3-1772979622,csr-irs3-1772979622,,csr_voted,csr_approved,2026-03-08T14:20:27.223140493Z,2026-03-08T14:20:42.982960863Z,/var/lib/docker/volumes,99ac8c723665556c954d288ca00335f1fae5493d384cb656ecf5a945cc9ae3b8,other,NA,NA,
run_005,csr,csr_1772979622,csr-irs3-1772979622,csr-irs3-1772979622,,csr_voted,csr_approved,2026-03-08T14:20:27.223140493Z,2026-03-08T14:20:42.982960863Z,/var/lib/docker/volumes,ab96d922f06ec7a94f1b5200e75e480c9ed7eba86fbbe33b5cb9edbe031c6ea8,other,49770,49770,0
run_005,csr,csr_1772979622,csr-irs3-1772979622,csr-irs3-1772979622,,csr_voted,csr_approved,2026-03-08T14:20:27.223140493Z,2026-03-08T14:20:42.982960863Z,/var/lib/docker/volumes,c58c4c31a22da439d2b7f591fd40cdcdd9bb8458f543e682f66d858083ef9ea8,other,NA,NA,
run_005,csr,csr_1772979622,csr-irs3-1772979622,csr-irs3-1772979622,,csr_voted,csr_approved,2026-03-08T14:20:27.223140493Z,2026-03-08T14:20:42.982960863Z,/var/lib/docker/volumes,d9b7785a06954372515977133a1213437b80c5db1517196ca5e26134d3413ccf,other,NA,NA,
run_005,csr,csr_1772979622,csr-irs3-1772979622,csr-irs3-1772979622,,csr_voted,csr_approved,2026-03-08T14:20:27.223140493Z,2026-03-08T14:20:42.982960863Z,/var/lib/docker/volumes,dfb0ca7b4b9cad4ec8515f6484cd89e2febfe10817782070636d5b3db6848438,other,NA,NA,
run_005,csr,csr_1772979622,csr-irs3-1772979622,csr-irs3-1772979622,,csr_voted,csr_approved,2026-03-08T14:20:27.223140493Z,2026-03-08T14:20:42.982960863Z,/var/lib/docker/volumes,fabric_orderer.kit.edu,orderer,323093622,323608838,515216
run_005,csr,csr_1772979622,csr-irs3-1772979622,csr-irs3-1772979622,,csr_voted,csr_approved,2026-03-08T14:20:27.223140493Z,2026-03-08T14:20:42.982960863Z,/var/lib/docker/volumes,fabric_peer0.irs1.kit.edu,other,5006,5006,0
run_005,csr,csr_1772979622,csr-irs3-1772979622,csr-irs3-1772979622,,csr_voted,csr_approved,2026-03-08T14:20:27.223140493Z,2026-03-08T14:20:42.982960863Z,/var/lib/docker/volumes,fabric_peer0.irs3.kit.edu,peer,161069394,161620695,551301
run_005,csr,csr_1772979622,csr-irs3-1772979622,csr-irs3-1772979622,,csr_voted,csr_approved,2026-03-08T14:20:27.223140493Z,2026-03-08T14:20:42.982960863Z,/var/lib/docker/volumes,fabric_peer1.irs3.kit.edu,other,161067974,161619275,551301
run_005,csr,csr_1772979622,csr-irs3-1772979622,csr-irs3-1772979622,,csr_voted,csr_approved,2026-03-08T14:20:27.223140493Z,2026-03-08T14:20:42.982960863Z,/var/lib/docker/volumes,fabric_peer2.irs3.kit.edu,other,161069382,161620683,551301
run_005,csr,csr_1772979622,csr-irs3-1772979622,csr-irs3-1772979622,,csr_voted,csr_approved,2026-03-08T14:20:27.223140493Z,2026-03-08T14:20:42.982960863Z,/var/lib/docker/volumes,fabric_peer3.irs3.kit.edu,other,161067959,161619260,551301
run_005,csr,csr_1772979622,csr-irs3-1772979622,csr-irs3-1772979622,,csr_approved,cert_registered,2026-03-08T14:20:42.982960863Z,2026-03-08T14:22:13.381174977Z,/var/lib/docker/volumes,07323924f55a40af409ae862fc14ab08f2d8c06ba282f174beb7e74ff5782926,other,NA,NA,
run_005,csr,csr_1772979622,csr-irs3-1772979622,csr-irs3-1772979622,,csr_approved,cert_registered,2026-03-08T14:20:42.982960863Z,2026-03-08T14:22:13.381174977Z,/var/lib/docker/volumes,301473890dade69bfa0d19b444d1f0769b67a90d1197c166d84af2511e48f916,other,49770,49770,0
run_005,csr,csr_1772979622,csr-irs3-1772979622,csr-irs3-1772979622,,csr_approved,cert_registered,2026-03-08T14:20:42.982960863Z,2026-03-08T14:22:13.381174977Z,/var/lib/docker/volumes,6b7bb91b53bcbfeb56b486bba478d97728a3c0004c18649976daaade961a2721,other,NA,NA,
run_005,csr,csr_1772979622,csr-irs3-1772979622,csr-irs3-1772979622,,csr_approved,cert_registered,2026-03-08T14:20:42.982960863Z,2026-03-08T14:22:13.381174977Z,/var/lib/docker/volumes,791e62bfc17bf044236c3dcb5d77ec82610b27aa4d5f3c78aff2e2842f98f9ee,other,NA,NA,
run_005,csr,csr_1772979622,csr-irs3-1772979622,csr-irs3-1772979622,,csr_approved,cert_registered,2026-03-08T14:20:42.982960863Z,2026-03-08T14:22:13.381174977Z,/var/lib/docker/volumes,86e46c7349c98bd170ab7467b42f5b1a8fcf1438535fca6ee74a0dcce3856102,other,NA,NA,
run_005,csr,csr_1772979622,csr-irs3-1772979622,csr-irs3-1772979622,,csr_approved,cert_registered,2026-03-08T14:20:42.982960863Z,2026-03-08T14:22:13.381174977Z,/var/lib/docker/volumes,99ac8c723665556c954d288ca00335f1fae5493d384cb656ecf5a945cc9ae3b8,other,NA,NA,
run_005,csr,csr_1772979622,csr-irs3-1772979622,csr-irs3-1772979622,,csr_approved,cert_registered,2026-03-08T14:20:42.982960863Z,2026-03-08T14:22:13.381174977Z,/var/lib/docker/volumes,ab96d922f06ec7a94f1b5200e75e480c9ed7eba86fbbe33b5cb9edbe031c6ea8,other,49770,49770,0
run_005,csr,csr_1772979622,csr-irs3-1772979622,csr-irs3-1772979622,,csr_approved,cert_registered,2026-03-08T14:20:42.982960863Z,2026-03-08T14:22:13.381174977Z,/var/lib/docker/volumes,c58c4c31a22da439d2b7f591fd40cdcdd9bb8458f543e682f66d858083ef9ea8,other,NA,NA,
run_005,csr,csr_1772979622,csr-irs3-1772979622,csr-irs3-1772979622,,csr_approved,cert_registered,2026-03-08T14:20:42.982960863Z,2026-03-08T14:22:13.381174977Z,/var/lib/docker/volumes,d9b7785a06954372515977133a1213437b80c5db1517196ca5e26134d3413ccf,other,NA,NA,
run_005,csr,csr_1772979622,csr-irs3-1772979622,csr-irs3-1772979622,,csr_approved,cert_registered,2026-03-08T14:20:42.982960863Z,2026-03-08T14:22:13.381174977Z,/var/lib/docker/volumes,dfb0ca7b4b9cad4ec8515f6484cd89e2febfe10817782070636d5b3db6848438,other,NA,NA,
run_005,csr,csr_1772979622,csr-irs3-1772979622,csr-irs3-1772979622,,csr_approved,cert_registered,2026-03-08T14:20:42.982960863Z,2026-03-08T14:22:13.381174977Z,/var/lib/docker/volumes,fabric_orderer.kit.edu,orderer,323608838,324644283,1035445
run_005,csr,csr_1772979622,csr-irs3-1772979622,csr-irs3-1772979622,,csr_approved,cert_registered,2026-03-08T14:20:42.982960863Z,2026-03-08T14:22:13.381174977Z,/var/lib/docker/volumes,fabric_peer0.irs1.kit.edu,other,5006,5006,0
run_005,csr,csr_1772979622,csr-irs3-1772979622,csr-irs3-1772979622,,csr_approved,cert_registered,2026-03-08T14:20:42.982960863Z,2026-03-08T14:22:13.381174977Z,/var/lib/docker/volumes,fabric_peer0.irs3.kit.edu,peer,161620695,162769675,1148980
run_005,csr,csr_1772979622,csr-irs3-1772979622,csr-irs3-1772979622,,csr_approved,cert_registered,2026-03-08T14:20:42.982960863Z,2026-03-08T14:22:13.381174977Z,/var/lib/docker/volumes,fabric_peer1.irs3.kit.edu,other,161619275,162768255,1148980
run_005,csr,csr_1772979622,csr-irs3-1772979622,csr-irs3-1772979622,,csr_approved,cert_registered,2026-03-08T14:20:42.982960863Z,2026-03-08T14:22:13.381174977Z,/var/lib/docker/volumes,fabric_peer2.irs3.kit.edu,other,161620683,162769663,1148980
run_005,csr,csr_1772979622,csr-irs3-1772979622,csr-irs3-1772979622,,csr_approved,cert_registered,2026-03-08T14:20:42.982960863Z,2026-03-08T14:22:13.381174977Z,/var/lib/docker/volumes,fabric_peer3.irs3.kit.edu,other,161619260,162768240,1148980
run_005,csr,csr_1772979622,csr-irs3-1772979622,csr-irs3-1772979622,,cert_registered,operation_end,2026-03-08T14:22:13.381174977Z,2026-03-08T14:22:13.636379Z,/var/lib/docker/volumes,07323924f55a40af409ae862fc14ab08f2d8c06ba282f174beb7e74ff5782926,other,NA,NA,
run_005,csr,csr_1772979622,csr-irs3-1772979622,csr-irs3-1772979622,,cert_registered,operation_end,2026-03-08T14:22:13.381174977Z,2026-03-08T14:22:13.636379Z,/var/lib/docker/volumes,301473890dade69bfa0d19b444d1f0769b67a90d1197c166d84af2511e48f916,other,49770,49770,0
run_005,csr,csr_1772979622,csr-irs3-1772979622,csr-irs3-1772979622,,cert_registered,operation_end,2026-03-08T14:22:13.381174977Z,2026-03-08T14:22:13.636379Z,/var/lib/docker/volumes,6b7bb91b53bcbfeb56b486bba478d97728a3c0004c18649976daaade961a2721,other,NA,NA,
run_005,csr,csr_1772979622,csr-irs3-1772979622,csr-irs3-1772979622,,cert_registered,operation_end,2026-03-08T14:22:13.381174977Z,2026-03-08T14:22:13.636379Z,/var/lib/docker/volumes,791e62bfc17bf044236c3dcb5d77ec82610b27aa4d5f3c78aff2e2842f98f9ee,other,NA,NA,
run_005,csr,csr_1772979622,csr-irs3-1772979622,csr-irs3-1772979622,,cert_registered,operation_end,2026-03-08T14:22:13.381174977Z,2026-03-08T14:22:13.636379Z,/var/lib/docker/volumes,86e46c7349c98bd170ab7467b42f5b1a8fcf1438535fca6ee74a0dcce3856102,other,NA,NA,
run_005,csr,csr_1772979622,csr-irs3-1772979622,csr-irs3-1772979622,,cert_registered,operation_end,2026-03-08T14:22:13.381174977Z,2026-03-08T14:22:13.636379Z,/var/lib/docker/volumes,99ac8c723665556c954d288ca00335f1fae5493d384cb656ecf5a945cc9ae3b8,other,NA,NA,
run_005,csr,csr_1772979622,csr-irs3-1772979622,csr-irs3-1772979622,,cert_registered,operation_end,2026-03-08T14:22:13.381174977Z,2026-03-08T14:22:13.636379Z,/var/lib/docker/volumes,ab96d922f06ec7a94f1b5200e75e480c9ed7eba86fbbe33b5cb9edbe031c6ea8,other,49770,49770,0
run_005,csr,csr_1772979622,csr-irs3-1772979622,csr-irs3-1772979622,,cert_registered,operation_end,2026-03-08T14:22:13.381174977Z,2026-03-08T14:22:13.636379Z,/var/lib/docker/volumes,c58c4c31a22da439d2b7f591fd40cdcdd9bb8458f543e682f66d858083ef9ea8,other,NA,NA,
run_005,csr,csr_1772979622,csr-irs3-1772979622,csr-irs3-1772979622,,cert_registered,operation_end,2026-03-08T14:22:13.381174977Z,2026-03-08T14:22:13.636379Z,/var/lib/docker/volumes,d9b7785a06954372515977133a1213437b80c5db1517196ca5e26134d3413ccf,other,NA,NA,
run_005,csr,csr_1772979622,csr-irs3-1772979622,csr-irs3-1772979622,,cert_registered,operation_end,2026-03-08T14:22:13.381174977Z,2026-03-08T14:22:13.636379Z,/var/lib/docker/volumes,dfb0ca7b4b9cad4ec8515f6484cd89e2febfe10817782070636d5b3db6848438,other,NA,NA,
run_005,csr,csr_1772979622,csr-irs3-1772979622,csr-irs3-1772979622,,cert_registered,operation_end,2026-03-08T14:22:13.381174977Z,2026-03-08T14:22:13.636379Z,/var/lib/docker/volumes,fabric_orderer.kit.edu,orderer,324644283,324644283,0
run_005,csr,csr_1772979622,csr-irs3-1772979622,csr-irs3-1772979622,,cert_registered,operation_end,2026-03-08T14:22:13.381174977Z,2026-03-08T14:22:13.636379Z,/var/lib/docker/volumes,fabric_peer0.irs1.kit.edu,other,5006,5006,0
run_005,csr,csr_1772979622,csr-irs3-1772979622,csr-irs3-1772979622,,cert_registered,operation_end,2026-03-08T14:22:13.381174977Z,2026-03-08T14:22:13.636379Z,/var/lib/docker/volumes,fabric_peer0.irs3.kit.edu,peer,162769675,162769675,0
run_005,csr,csr_1772979622,csr-irs3-1772979622,csr-irs3-1772979622,,cert_registered,operation_end,2026-03-08T14:22:13.381174977Z,2026-03-08T14:22:13.636379Z,/var/lib/docker/volumes,fabric_peer1.irs3.kit.edu,other,162768255,162768255,0
run_005,csr,csr_1772979622,csr-irs3-1772979622,csr-irs3-1772979622,,cert_registered,operation_end,2026-03-08T14:22:13.381174977Z,2026-03-08T14:22:13.636379Z,/var/lib/docker/volumes,fabric_peer2.irs3.kit.edu,other,162769663,162769663,0
run_005,csr,csr_1772979622,csr-irs3-1772979622,csr-irs3-1772979622,,cert_registered,operation_end,2026-03-08T14:22:13.381174977Z,2026-03-08T14:22:13.636379Z,/var/lib/docker/volumes,fabric_peer3.irs3.kit.edu,other,162768240,162768240,0
run_005,revocation,revocation_1772979754,revoke-irs3-1772979754,revoke-irs3-1772979754,,operation_start,revocation_submit_done,2026-03-08T14:22:34.557908Z,2026-03-08T14:22:36.897655Z,/var/lib/docker/volumes,07323924f55a40af409ae862fc14ab08f2d8c06ba282f174beb7e74ff5782926,other,NA,NA,
run_005,revocation,revocation_1772979754,revoke-irs3-1772979754,revoke-irs3-1772979754,,operation_start,revocation_submit_done,2026-03-08T14:22:34.557908Z,2026-03-08T14:22:36.897655Z,/var/lib/docker/volumes,301473890dade69bfa0d19b444d1f0769b67a90d1197c166d84af2511e48f916,other,49770,49770,0
run_005,revocation,revocation_1772979754,revoke-irs3-1772979754,revoke-irs3-1772979754,,operation_start,revocation_submit_done,2026-03-08T14:22:34.557908Z,2026-03-08T14:22:36.897655Z,/var/lib/docker/volumes,6b7bb91b53bcbfeb56b486bba478d97728a3c0004c18649976daaade961a2721,other,NA,NA,
run_005,revocation,revocation_1772979754,revoke-irs3-1772979754,revoke-irs3-1772979754,,operation_start,revocation_submit_done,2026-03-08T14:22:34.557908Z,2026-03-08T14:22:36.897655Z,/var/lib/docker/volumes,791e62bfc17bf044236c3dcb5d77ec82610b27aa4d5f3c78aff2e2842f98f9ee,other,NA,NA,
run_005,revocation,revocation_1772979754,revoke-irs3-1772979754,revoke-irs3-1772979754,,operation_start,revocation_submit_done,2026-03-08T14:22:34.557908Z,2026-03-08T14:22:36.897655Z,/var/lib/docker/volumes,86e46c7349c98bd170ab7467b42f5b1a8fcf1438535fca6ee74a0dcce3856102,other,NA,NA,
run_005,revocation,revocation_1772979754,revoke-irs3-1772979754,revoke-irs3-1772979754,,operation_start,revocation_submit_done,2026-03-08T14:22:34.557908Z,2026-03-08T14:22:36.897655Z,/var/lib/docker/volumes,99ac8c723665556c954d288ca00335f1fae5493d384cb656ecf5a945cc9ae3b8,other,NA,NA,
run_005,revocation,revocation_1772979754,revoke-irs3-1772979754,revoke-irs3-1772979754,,operation_start,revocation_submit_done,2026-03-08T14:22:34.557908Z,2026-03-08T14:22:36.897655Z,/var/lib/docker/volumes,ab96d922f06ec7a94f1b5200e75e480c9ed7eba86fbbe33b5cb9edbe031c6ea8,other,49770,49770,0
run_005,revocation,revocation_1772979754,revoke-irs3-1772979754,revoke-irs3-1772979754,,operation_start,revocation_submit_done,2026-03-08T14:22:34.557908Z,2026-03-08T14:22:36.897655Z,/var/lib/docker/volumes,c58c4c31a22da439d2b7f591fd40cdcdd9bb8458f543e682f66d858083ef9ea8,other,NA,NA,
run_005,revocation,revocation_1772979754,revoke-irs3-1772979754,revoke-irs3-1772979754,,operation_start,revocation_submit_done,2026-03-08T14:22:34.557908Z,2026-03-08T14:22:36.897655Z,/var/lib/docker/volumes,d9b7785a06954372515977133a1213437b80c5db1517196ca5e26134d3413ccf,other,NA,NA,
run_005,revocation,revocation_1772979754,revoke-irs3-1772979754,revoke-irs3-1772979754,,operation_start,revocation_submit_done,2026-03-08T14:22:34.557908Z,2026-03-08T14:22:36.897655Z,/var/lib/docker/volumes,dfb0ca7b4b9cad4ec8515f6484cd89e2febfe10817782070636d5b3db6848438,other,NA,NA,
run_005,revocation,revocation_1772979754,revoke-irs3-1772979754,revoke-irs3-1772979754,,operation_start,revocation_submit_done,2026-03-08T14:22:34.557908Z,2026-03-08T14:22:36.897655Z,/var/lib/docker/volumes,fabric_orderer.kit.edu,orderer,324692024,324699232,7208
run_005,revocation,revocation_1772979754,revoke-irs3-1772979754,revoke-irs3-1772979754,,operation_start,revocation_submit_done,2026-03-08T14:22:34.557908Z,2026-03-08T14:22:36.897655Z,/var/lib/docker/volumes,fabric_peer0.irs1.kit.edu,other,5006,5006,0
run_005,revocation,revocation_1772979754,revoke-irs3-1772979754,revoke-irs3-1772979754,,operation_start,revocation_submit_done,2026-03-08T14:22:34.557908Z,2026-03-08T14:22:36.897655Z,/var/lib/docker/volumes,fabric_peer0.irs3.kit.edu,peer,162818837,162827087,8250
run_005,revocation,revocation_1772979754,revoke-irs3-1772979754,revoke-irs3-1772979754,,operation_start,revocation_submit_done,2026-03-08T14:22:34.557908Z,2026-03-08T14:22:36.897655Z,/var/lib/docker/volumes,fabric_peer1.irs3.kit.edu,other,162817417,162825667,8250
run_005,revocation,revocation_1772979754,revoke-irs3-1772979754,revoke-irs3-1772979754,,operation_start,revocation_submit_done,2026-03-08T14:22:34.557908Z,2026-03-08T14:22:36.897655Z,/var/lib/docker/volumes,fabric_peer2.irs3.kit.edu,other,162818825,162827075,8250
run_005,revocation,revocation_1772979754,revoke-irs3-1772979754,revoke-irs3-1772979754,,operation_start,revocation_submit_done,2026-03-08T14:22:34.557908Z,2026-03-08T14:22:36.897655Z,/var/lib/docker/volumes,fabric_peer3.irs3.kit.edu,other,162817402,162825652,8250
run_005,revocation,revocation_1772979754,revoke-irs3-1772979754,revoke-irs3-1772979754,,revocation_submit_done,revocation_voted,2026-03-08T14:22:36.897655Z,2026-03-08T14:22:39.289288166Z,/var/lib/docker/volumes,07323924f55a40af409ae862fc14ab08f2d8c06ba282f174beb7e74ff5782926,other,NA,NA,
run_005,revocation,revocation_1772979754,revoke-irs3-1772979754,revoke-irs3-1772979754,,revocation_submit_done,revocation_voted,2026-03-08T14:22:36.897655Z,2026-03-08T14:22:39.289288166Z,/var/lib/docker/volumes,301473890dade69bfa0d19b444d1f0769b67a90d1197c166d84af2511e48f916,other,49770,49770,0
run_005,revocation,revocation_1772979754,revoke-irs3-1772979754,revoke-irs3-1772979754,,revocation_submit_done,revocation_voted,2026-03-08T14:22:36.897655Z,2026-03-08T14:22:39.289288166Z,/var/lib/docker/volumes,6b7bb91b53bcbfeb56b486bba478d97728a3c0004c18649976daaade961a2721,other,NA,NA,
run_005,revocation,revocation_1772979754,revoke-irs3-1772979754,revoke-irs3-1772979754,,revocation_submit_done,revocation_voted,2026-03-08T14:22:36.897655Z,2026-03-08T14:22:39.289288166Z,/var/lib/docker/volumes,791e62bfc17bf044236c3dcb5d77ec82610b27aa4d5f3c78aff2e2842f98f9ee,other,NA,NA,
run_005,revocation,revocation_1772979754,revoke-irs3-1772979754,revoke-irs3-1772979754,,revocation_submit_done,revocation_voted,2026-03-08T14:22:36.897655Z,2026-03-08T14:22:39.289288166Z,/var/lib/docker/volumes,86e46c7349c98bd170ab7467b42f5b1a8fcf1438535fca6ee74a0dcce3856102,other,NA,NA,
run_005,revocation,revocation_1772979754,revoke-irs3-1772979754,revoke-irs3-1772979754,,revocation_submit_done,revocation_voted,2026-03-08T14:22:36.897655Z,2026-03-08T14:22:39.289288166Z,/var/lib/docker/volumes,99ac8c723665556c954d288ca00335f1fae5493d384cb656ecf5a945cc9ae3b8,other,NA,NA,
run_005,revocation,revocation_1772979754,revoke-irs3-1772979754,revoke-irs3-1772979754,,revocation_submit_done,revocation_voted,2026-03-08T14:22:36.897655Z,2026-03-08T14:22:39.289288166Z,/var/lib/docker/volumes,ab96d922f06ec7a94f1b5200e75e480c9ed7eba86fbbe33b5cb9edbe031c6ea8,other,49770,49770,0
run_005,revocation,revocation_1772979754,revoke-irs3-1772979754,revoke-irs3-1772979754,,revocation_submit_done,revocation_voted,2026-03-08T14:22:36.897655Z,2026-03-08T14:22:39.289288166Z,/var/lib/docker/volumes,c58c4c31a22da439d2b7f591fd40cdcdd9bb8458f543e682f66d858083ef9ea8,other,NA,NA,
run_005,revocation,revocation_1772979754,revoke-irs3-1772979754,revoke-irs3-1772979754,,revocation_submit_done,revocation_voted,2026-03-08T14:22:36.897655Z,2026-03-08T14:22:39.289288166Z,/var/lib/docker/volumes,d9b7785a06954372515977133a1213437b80c5db1517196ca5e26134d3413ccf,other,NA,NA,
run_005,revocation,revocation_1772979754,revoke-irs3-1772979754,revoke-irs3-1772979754,,revocation_submit_done,revocation_voted,2026-03-08T14:22:36.897655Z,2026-03-08T14:22:39.289288166Z,/var/lib/docker/volumes,dfb0ca7b4b9cad4ec8515f6484cd89e2febfe10817782070636d5b3db6848438,other,NA,NA,
run_005,revocation,revocation_1772979754,revoke-irs3-1772979754,revoke-irs3-1772979754,,revocation_submit_done,revocation_voted,2026-03-08T14:22:36.897655Z,2026-03-08T14:22:39.289288166Z,/var/lib/docker/volumes,fabric_orderer.kit.edu,orderer,324699232,324824004,124772
run_005,revocation,revocation_1772979754,revoke-irs3-1772979754,revoke-irs3-1772979754,,revocation_submit_done,revocation_voted,2026-03-08T14:22:36.897655Z,2026-03-08T14:22:39.289288166Z,/var/lib/docker/volumes,fabric_peer0.irs1.kit.edu,other,5006,5006,0
run_005,revocation,revocation_1772979754,revoke-irs3-1772979754,revoke-irs3-1772979754,,revocation_submit_done,revocation_voted,2026-03-08T14:22:36.897655Z,2026-03-08T14:22:39.289288166Z,/var/lib/docker/volumes,fabric_peer0.irs3.kit.edu,peer,162827087,162884765,57678
run_005,revocation,revocation_1772979754,revoke-irs3-1772979754,revoke-irs3-1772979754,,revocation_submit_done,revocation_voted,2026-03-08T14:22:36.897655Z,2026-03-08T14:22:39.289288166Z,/var/lib/docker/volumes,fabric_peer1.irs3.kit.edu,other,162825667,162883345,57678
run_005,revocation,revocation_1772979754,revoke-irs3-1772979754,revoke-irs3-1772979754,,revocation_submit_done,revocation_voted,2026-03-08T14:22:36.897655Z,2026-03-08T14:22:39.289288166Z,/var/lib/docker/volumes,fabric_peer2.irs3.kit.edu,other,162827075,162884753,57678
run_005,revocation,revocation_1772979754,revoke-irs3-1772979754,revoke-irs3-1772979754,,revocation_submit_done,revocation_voted,2026-03-08T14:22:36.897655Z,2026-03-08T14:22:39.289288166Z,/var/lib/docker/volumes,fabric_peer3.irs3.kit.edu,other,162825652,162883330,57678
run_005,revocation,revocation_1772979754,revoke-irs3-1772979754,revoke-irs3-1772979754,,revocation_voted,revocation_executed,2026-03-08T14:22:39.289288166Z,2026-03-08T14:23:01.060510233Z,/var/lib/docker/volumes,07323924f55a40af409ae862fc14ab08f2d8c06ba282f174beb7e74ff5782926,other,NA,NA,
run_005,revocation,revocation_1772979754,revoke-irs3-1772979754,revoke-irs3-1772979754,,revocation_voted,revocation_executed,2026-03-08T14:22:39.289288166Z,2026-03-08T14:23:01.060510233Z,/var/lib/docker/volumes,301473890dade69bfa0d19b444d1f0769b67a90d1197c166d84af2511e48f916,other,49770,49770,0
run_005,revocation,revocation_1772979754,revoke-irs3-1772979754,revoke-irs3-1772979754,,revocation_voted,revocation_executed,2026-03-08T14:22:39.289288166Z,2026-03-08T14:23:01.060510233Z,/var/lib/docker/volumes,6b7bb91b53bcbfeb56b486bba478d97728a3c0004c18649976daaade961a2721,other,NA,NA,
run_005,revocation,revocation_1772979754,revoke-irs3-1772979754,revoke-irs3-1772979754,,revocation_voted,revocation_executed,2026-03-08T14:22:39.289288166Z,2026-03-08T14:23:01.060510233Z,/var/lib/docker/volumes,791e62bfc17bf044236c3dcb5d77ec82610b27aa4d5f3c78aff2e2842f98f9ee,other,NA,NA,
run_005,revocation,revocation_1772979754,revoke-irs3-1772979754,revoke-irs3-1772979754,,revocation_voted,revocation_executed,2026-03-08T14:22:39.289288166Z,2026-03-08T14:23:01.060510233Z,/var/lib/docker/volumes,86e46c7349c98bd170ab7467b42f5b1a8fcf1438535fca6ee74a0dcce3856102,other,NA,NA,
run_005,revocation,revocation_1772979754,revoke-irs3-1772979754,revoke-irs3-1772979754,,revocation_voted,revocation_executed,2026-03-08T14:22:39.289288166Z,2026-03-08T14:23:01.060510233Z,/var/lib/docker/volumes,99ac8c723665556c954d288ca00335f1fae5493d384cb656ecf5a945cc9ae3b8,other,NA,NA,
run_005,revocation,revocation_1772979754,revoke-irs3-1772979754,revoke-irs3-1772979754,,revocation_voted,revocation_executed,2026-03-08T14:22:39.289288166Z,2026-03-08T14:23:01.060510233Z,/var/lib/docker/volumes,ab96d922f06ec7a94f1b5200e75e480c9ed7eba86fbbe33b5cb9edbe031c6ea8,other,49770,49770,0
run_005,revocation,revocation_1772979754,revoke-irs3-1772979754,revoke-irs3-1772979754,,revocation_voted,revocation_executed,2026-03-08T14:22:39.289288166Z,2026-03-08T14:23:01.060510233Z,/var/lib/docker/volumes,c58c4c31a22da439d2b7f591fd40cdcdd9bb8458f543e682f66d858083ef9ea8,other,NA,NA,
run_005,revocation,revocation_1772979754,revoke-irs3-1772979754,revoke-irs3-1772979754,,revocation_voted,revocation_executed,2026-03-08T14:22:39.289288166Z,2026-03-08T14:23:01.060510233Z,/var/lib/docker/volumes,d9b7785a06954372515977133a1213437b80c5db1517196ca5e26134d3413ccf,other,NA,NA,
run_005,revocation,revocation_1772979754,revoke-irs3-1772979754,revoke-irs3-1772979754,,revocation_voted,revocation_executed,2026-03-08T14:22:39.289288166Z,2026-03-08T14:23:01.060510233Z,/var/lib/docker/volumes,dfb0ca7b4b9cad4ec8515f6484cd89e2febfe10817782070636d5b3db6848438,other,NA,NA,
run_005,revocation,revocation_1772979754,revoke-irs3-1772979754,revoke-irs3-1772979754,,revocation_voted,revocation_executed,2026-03-08T14:22:39.289288166Z,2026-03-08T14:23:01.060510233Z,/var/lib/docker/volumes,fabric_orderer.kit.edu,orderer,324824004,325458547,634543
run_005,revocation,revocation_1772979754,revoke-irs3-1772979754,revoke-irs3-1772979754,,revocation_voted,revocation_executed,2026-03-08T14:22:39.289288166Z,2026-03-08T14:23:01.060510233Z,/var/lib/docker/volumes,fabric_peer0.irs1.kit.edu,other,5006,5006,0
run_005,revocation,revocation_1772979754,revoke-irs3-1772979754,revoke-irs3-1772979754,,revocation_voted,revocation_executed,2026-03-08T14:22:39.289288166Z,2026-03-08T14:23:01.060510233Z,/var/lib/docker/volumes,fabric_peer0.irs3.kit.edu,peer,162884765,163628412,743647
run_005,revocation,revocation_1772979754,revoke-irs3-1772979754,revoke-irs3-1772979754,,revocation_voted,revocation_executed,2026-03-08T14:22:39.289288166Z,2026-03-08T14:23:01.060510233Z,/var/lib/docker/volumes,fabric_peer1.irs3.kit.edu,other,162883345,163626992,743647
run_005,revocation,revocation_1772979754,revoke-irs3-1772979754,revoke-irs3-1772979754,,revocation_voted,revocation_executed,2026-03-08T14:22:39.289288166Z,2026-03-08T14:23:01.060510233Z,/var/lib/docker/volumes,fabric_peer2.irs3.kit.edu,other,162884753,163628400,743647
run_005,revocation,revocation_1772979754,revoke-irs3-1772979754,revoke-irs3-1772979754,,revocation_voted,revocation_executed,2026-03-08T14:22:39.289288166Z,2026-03-08T14:23:01.060510233Z,/var/lib/docker/volumes,fabric_peer3.irs3.kit.edu,other,162883330,163626977,743647
run_005,revocation,revocation_1772979754,revoke-irs3-1772979754,revoke-irs3-1772979754,,revocation_executed,operation_end,2026-03-08T14:23:01.060510233Z,2026-03-08T14:23:01.549725Z,/var/lib/docker/volumes,07323924f55a40af409ae862fc14ab08f2d8c06ba282f174beb7e74ff5782926,other,NA,NA,
run_005,revocation,revocation_1772979754,revoke-irs3-1772979754,revoke-irs3-1772979754,,revocation_executed,operation_end,2026-03-08T14:23:01.060510233Z,2026-03-08T14:23:01.549725Z,/var/lib/docker/volumes,301473890dade69bfa0d19b444d1f0769b67a90d1197c166d84af2511e48f916,other,49770,49770,0
run_005,revocation,revocation_1772979754,revoke-irs3-1772979754,revoke-irs3-1772979754,,revocation_executed,operation_end,2026-03-08T14:23:01.060510233Z,2026-03-08T14:23:01.549725Z,/var/lib/docker/volumes,6b7bb91b53bcbfeb56b486bba478d97728a3c0004c18649976daaade961a2721,other,NA,NA,
run_005,revocation,revocation_1772979754,revoke-irs3-1772979754,revoke-irs3-1772979754,,revocation_executed,operation_end,2026-03-08T14:23:01.060510233Z,2026-03-08T14:23:01.549725Z,/var/lib/docker/volumes,791e62bfc17bf044236c3dcb5d77ec82610b27aa4d5f3c78aff2e2842f98f9ee,other,NA,NA,
run_005,revocation,revocation_1772979754,revoke-irs3-1772979754,revoke-irs3-1772979754,,revocation_executed,operation_end,2026-03-08T14:23:01.060510233Z,2026-03-08T14:23:01.549725Z,/var/lib/docker/volumes,86e46c7349c98bd170ab7467b42f5b1a8fcf1438535fca6ee74a0dcce3856102,other,NA,NA,
run_005,revocation,revocation_1772979754,revoke-irs3-1772979754,revoke-irs3-1772979754,,revocation_executed,operation_end,2026-03-08T14:23:01.060510233Z,2026-03-08T14:23:01.549725Z,/var/lib/docker/volumes,99ac8c723665556c954d288ca00335f1fae5493d384cb656ecf5a945cc9ae3b8,other,NA,NA,
run_005,revocation,revocation_1772979754,revoke-irs3-1772979754,revoke-irs3-1772979754,,revocation_executed,operation_end,2026-03-08T14:23:01.060510233Z,2026-03-08T14:23:01.549725Z,/var/lib/docker/volumes,ab96d922f06ec7a94f1b5200e75e480c9ed7eba86fbbe33b5cb9edbe031c6ea8,other,49770,49770,0
run_005,revocation,revocation_1772979754,revoke-irs3-1772979754,revoke-irs3-1772979754,,revocation_executed,operation_end,2026-03-08T14:23:01.060510233Z,2026-03-08T14:23:01.549725Z,/var/lib/docker/volumes,c58c4c31a22da439d2b7f591fd40cdcdd9bb8458f543e682f66d858083ef9ea8,other,NA,NA,
run_005,revocation,revocation_1772979754,revoke-irs3-1772979754,revoke-irs3-1772979754,,revocation_executed,operation_end,2026-03-08T14:23:01.060510233Z,2026-03-08T14:23:01.549725Z,/var/lib/docker/volumes,d9b7785a06954372515977133a1213437b80c5db1517196ca5e26134d3413ccf,other,NA,NA,
run_005,revocation,revocation_1772979754,revoke-irs3-1772979754,revoke-irs3-1772979754,,revocation_executed,operation_end,2026-03-08T14:23:01.060510233Z,2026-03-08T14:23:01.549725Z,/var/lib/docker/volumes,dfb0ca7b4b9cad4ec8515f6484cd89e2febfe10817782070636d5b3db6848438,other,NA,NA,
run_005,revocation,revocation_1772979754,revoke-irs3-1772979754,revoke-irs3-1772979754,,revocation_executed,operation_end,2026-03-08T14:23:01.060510233Z,2026-03-08T14:23:01.549725Z,/var/lib/docker/volumes,fabric_orderer.kit.edu,orderer,325458547,325458547,0
run_005,revocation,revocation_1772979754,revoke-irs3-1772979754,revoke-irs3-1772979754,,revocation_executed,operation_end,2026-03-08T14:23:01.060510233Z,2026-03-08T14:23:01.549725Z,/var/lib/docker/volumes,fabric_peer0.irs1.kit.edu,other,5006,5006,0
run_005,revocation,revocation_1772979754,revoke-irs3-1772979754,revoke-irs3-1772979754,,revocation_executed,operation_end,2026-03-08T14:23:01.060510233Z,2026-03-08T14:23:01.549725Z,/var/lib/docker/volumes,fabric_peer0.irs3.kit.edu,peer,163628412,163628412,0
run_005,revocation,revocation_1772979754,revoke-irs3-1772979754,revoke-irs3-1772979754,,revocation_executed,operation_end,2026-03-08T14:23:01.060510233Z,2026-03-08T14:23:01.549725Z,/var/lib/docker/volumes,fabric_peer1.irs3.kit.edu,other,163626992,163626992,0
run_005,revocation,revocation_1772979754,revoke-irs3-1772979754,revoke-irs3-1772979754,,revocation_executed,operation_end,2026-03-08T14:23:01.060510233Z,2026-03-08T14:23:01.549725Z,/var/lib/docker/volumes,fabric_peer2.irs3.kit.edu,other,163628400,163628400,0
run_005,revocation,revocation_1772979754,revoke-irs3-1772979754,revoke-irs3-1772979754,,revocation_executed,operation_end,2026-03-08T14:23:01.060510233Z,2026-03-08T14:23:01.549725Z,/var/lib/docker/volumes,fabric_peer3.irs3.kit.edu,other,163626977,163626977,0
run_005,removal,removal_1772979800,remove-irs3-member1-1772979800,remove-irs3-member1-1772979800,36,operation_start,removal_submit_done,2026-03-08T14:23:20.254757Z,2026-03-08T14:23:22.712463Z,/var/lib/docker/volumes,07323924f55a40af409ae862fc14ab08f2d8c06ba282f174beb7e74ff5782926,other,NA,NA,
run_005,removal,removal_1772979800,remove-irs3-member1-1772979800,remove-irs3-member1-1772979800,36,operation_start,removal_submit_done,2026-03-08T14:23:20.254757Z,2026-03-08T14:23:22.712463Z,/var/lib/docker/volumes,301473890dade69bfa0d19b444d1f0769b67a90d1197c166d84af2511e48f916,other,49770,49770,0
run_005,removal,removal_1772979800,remove-irs3-member1-1772979800,remove-irs3-member1-1772979800,36,operation_start,removal_submit_done,2026-03-08T14:23:20.254757Z,2026-03-08T14:23:22.712463Z,/var/lib/docker/volumes,6b7bb91b53bcbfeb56b486bba478d97728a3c0004c18649976daaade961a2721,other,NA,NA,
run_005,removal,removal_1772979800,remove-irs3-member1-1772979800,remove-irs3-member1-1772979800,36,operation_start,removal_submit_done,2026-03-08T14:23:20.254757Z,2026-03-08T14:23:22.712463Z,/var/lib/docker/volumes,791e62bfc17bf044236c3dcb5d77ec82610b27aa4d5f3c78aff2e2842f98f9ee,other,NA,NA,
run_005,removal,removal_1772979800,remove-irs3-member1-1772979800,remove-irs3-member1-1772979800,36,operation_start,removal_submit_done,2026-03-08T14:23:20.254757Z,2026-03-08T14:23:22.712463Z,/var/lib/docker/volumes,86e46c7349c98bd170ab7467b42f5b1a8fcf1438535fca6ee74a0dcce3856102,other,NA,NA,
run_005,removal,removal_1772979800,remove-irs3-member1-1772979800,remove-irs3-member1-1772979800,36,operation_start,removal_submit_done,2026-03-08T14:23:20.254757Z,2026-03-08T14:23:22.712463Z,/var/lib/docker/volumes,99ac8c723665556c954d288ca00335f1fae5493d384cb656ecf5a945cc9ae3b8,other,NA,NA,
run_005,removal,removal_1772979800,remove-irs3-member1-1772979800,remove-irs3-member1-1772979800,36,operation_start,removal_submit_done,2026-03-08T14:23:20.254757Z,2026-03-08T14:23:22.712463Z,/var/lib/docker/volumes,ab96d922f06ec7a94f1b5200e75e480c9ed7eba86fbbe33b5cb9edbe031c6ea8,other,49770,49770,0
run_005,removal,removal_1772979800,remove-irs3-member1-1772979800,remove-irs3-member1-1772979800,36,operation_start,removal_submit_done,2026-03-08T14:23:20.254757Z,2026-03-08T14:23:22.712463Z,/var/lib/docker/volumes,c58c4c31a22da439d2b7f591fd40cdcdd9bb8458f543e682f66d858083ef9ea8,other,NA,NA,
run_005,removal,removal_1772979800,remove-irs3-member1-1772979800,remove-irs3-member1-1772979800,36,operation_start,removal_submit_done,2026-03-08T14:23:20.254757Z,2026-03-08T14:23:22.712463Z,/var/lib/docker/volumes,d9b7785a06954372515977133a1213437b80c5db1517196ca5e26134d3413ccf,other,NA,NA,
run_005,removal,removal_1772979800,remove-irs3-member1-1772979800,remove-irs3-member1-1772979800,36,operation_start,removal_submit_done,2026-03-08T14:23:20.254757Z,2026-03-08T14:23:22.712463Z,/var/lib/docker/volumes,dfb0ca7b4b9cad4ec8515f6484cd89e2febfe10817782070636d5b3db6848438,other,NA,NA,
run_005,removal,removal_1772979800,remove-irs3-member1-1772979800,remove-irs3-member1-1772979800,36,operation_start,removal_submit_done,2026-03-08T14:23:20.254757Z,2026-03-08T14:23:22.712463Z,/var/lib/docker/volumes,fabric_orderer.kit.edu,orderer,325470243,325479467,9224
run_005,removal,removal_1772979800,remove-irs3-member1-1772979800,remove-irs3-member1-1772979800,36,operation_start,removal_submit_done,2026-03-08T14:23:20.254757Z,2026-03-08T14:23:22.712463Z,/var/lib/docker/volumes,fabric_peer0.irs1.kit.edu,other,5006,5006,0
run_005,removal,removal_1772979800,remove-irs3-member1-1772979800,remove-irs3-member1-1772979800,36,operation_start,removal_submit_done,2026-03-08T14:23:20.254757Z,2026-03-08T14:23:22.712463Z,/var/lib/docker/volumes,fabric_peer0.irs3.kit.edu,peer,163640433,163650770,10337
run_005,removal,removal_1772979800,remove-irs3-member1-1772979800,remove-irs3-member1-1772979800,36,operation_start,removal_submit_done,2026-03-08T14:23:20.254757Z,2026-03-08T14:23:22.712463Z,/var/lib/docker/volumes,fabric_peer1.irs3.kit.edu,other,163639013,163649350,10337
run_005,removal,removal_1772979800,remove-irs3-member1-1772979800,remove-irs3-member1-1772979800,36,operation_start,removal_submit_done,2026-03-08T14:23:20.254757Z,2026-03-08T14:23:22.712463Z,/var/lib/docker/volumes,fabric_peer2.irs3.kit.edu,other,163640421,163650758,10337
run_005,removal,removal_1772979800,remove-irs3-member1-1772979800,remove-irs3-member1-1772979800,36,operation_start,removal_submit_done,2026-03-08T14:23:20.254757Z,2026-03-08T14:23:22.712463Z,/var/lib/docker/volumes,fabric_peer3.irs3.kit.edu,other,163638998,163649335,10337
run_005,removal,removal_1772979800,remove-irs3-member1-1772979800,remove-irs3-member1-1772979800,36,removal_submit_done,removal_voted,2026-03-08T14:23:22.712463Z,2026-03-08T14:23:25.502131026Z,/var/lib/docker/volumes,07323924f55a40af409ae862fc14ab08f2d8c06ba282f174beb7e74ff5782926,other,NA,NA,
run_005,removal,removal_1772979800,remove-irs3-member1-1772979800,remove-irs3-member1-1772979800,36,removal_submit_done,removal_voted,2026-03-08T14:23:22.712463Z,2026-03-08T14:23:25.502131026Z,/var/lib/docker/volumes,301473890dade69bfa0d19b444d1f0769b67a90d1197c166d84af2511e48f916,other,49770,49770,0
run_005,removal,removal_1772979800,remove-irs3-member1-1772979800,remove-irs3-member1-1772979800,36,removal_submit_done,removal_voted,2026-03-08T14:23:22.712463Z,2026-03-08T14:23:25.502131026Z,/var/lib/docker/volumes,6b7bb91b53bcbfeb56b486bba478d97728a3c0004c18649976daaade961a2721,other,NA,NA,
run_005,removal,removal_1772979800,remove-irs3-member1-1772979800,remove-irs3-member1-1772979800,36,removal_submit_done,removal_voted,2026-03-08T14:23:22.712463Z,2026-03-08T14:23:25.502131026Z,/var/lib/docker/volumes,791e62bfc17bf044236c3dcb5d77ec82610b27aa4d5f3c78aff2e2842f98f9ee,other,NA,NA,
run_005,removal,removal_1772979800,remove-irs3-member1-1772979800,remove-irs3-member1-1772979800,36,removal_submit_done,removal_voted,2026-03-08T14:23:22.712463Z,2026-03-08T14:23:25.502131026Z,/var/lib/docker/volumes,86e46c7349c98bd170ab7467b42f5b1a8fcf1438535fca6ee74a0dcce3856102,other,NA,NA,
run_005,removal,removal_1772979800,remove-irs3-member1-1772979800,remove-irs3-member1-1772979800,36,removal_submit_done,removal_voted,2026-03-08T14:23:22.712463Z,2026-03-08T14:23:25.502131026Z,/var/lib/docker/volumes,99ac8c723665556c954d288ca00335f1fae5493d384cb656ecf5a945cc9ae3b8,other,NA,NA,
run_005,removal,removal_1772979800,remove-irs3-member1-1772979800,remove-irs3-member1-1772979800,36,removal_submit_done,removal_voted,2026-03-08T14:23:22.712463Z,2026-03-08T14:23:25.502131026Z,/var/lib/docker/volumes,ab96d922f06ec7a94f1b5200e75e480c9ed7eba86fbbe33b5cb9edbe031c6ea8,other,49770,49770,0
run_005,removal,removal_1772979800,remove-irs3-member1-1772979800,remove-irs3-member1-1772979800,36,removal_submit_done,removal_voted,2026-03-08T14:23:22.712463Z,2026-03-08T14:23:25.502131026Z,/var/lib/docker/volumes,c58c4c31a22da439d2b7f591fd40cdcdd9bb8458f543e682f66d858083ef9ea8,other,NA,NA,
run_005,removal,removal_1772979800,remove-irs3-member1-1772979800,remove-irs3-member1-1772979800,36,removal_submit_done,removal_voted,2026-03-08T14:23:22.712463Z,2026-03-08T14:23:25.502131026Z,/var/lib/docker/volumes,d9b7785a06954372515977133a1213437b80c5db1517196ca5e26134d3413ccf,other,NA,NA,
run_005,removal,removal_1772979800,remove-irs3-member1-1772979800,remove-irs3-member1-1772979800,36,removal_submit_done,removal_voted,2026-03-08T14:23:22.712463Z,2026-03-08T14:23:25.502131026Z,/var/lib/docker/volumes,dfb0ca7b4b9cad4ec8515f6484cd89e2febfe10817782070636d5b3db6848438,other,NA,NA,
run_005,removal,removal_1772979800,remove-irs3-member1-1772979800,remove-irs3-member1-1772979800,36,removal_submit_done,removal_voted,2026-03-08T14:23:22.712463Z,2026-03-08T14:23:25.502131026Z,/var/lib/docker/volumes,fabric_orderer.kit.edu,orderer,325479467,325616822,137355
run_005,removal,removal_1772979800,remove-irs3-member1-1772979800,remove-irs3-member1-1772979800,36,removal_submit_done,removal_voted,2026-03-08T14:23:22.712463Z,2026-03-08T14:23:25.502131026Z,/var/lib/docker/volumes,fabric_peer0.irs1.kit.edu,other,5006,5006,0
run_005,removal,removal_1772979800,remove-irs3-member1-1772979800,remove-irs3-member1-1772979800,36,removal_submit_done,removal_voted,2026-03-08T14:23:22.712463Z,2026-03-08T14:23:25.502131026Z,/var/lib/docker/volumes,fabric_peer0.irs3.kit.edu,peer,163650770,163794600,143830
run_005,removal,removal_1772979800,remove-irs3-member1-1772979800,remove-irs3-member1-1772979800,36,removal_submit_done,removal_voted,2026-03-08T14:23:22.712463Z,2026-03-08T14:23:25.502131026Z,/var/lib/docker/volumes,fabric_peer1.irs3.kit.edu,other,163649350,163793180,143830
run_005,removal,removal_1772979800,remove-irs3-member1-1772979800,remove-irs3-member1-1772979800,36,removal_submit_done,removal_voted,2026-03-08T14:23:22.712463Z,2026-03-08T14:23:25.502131026Z,/var/lib/docker/volumes,fabric_peer2.irs3.kit.edu,other,163650758,163794588,143830
run_005,removal,removal_1772979800,remove-irs3-member1-1772979800,remove-irs3-member1-1772979800,36,removal_submit_done,removal_voted,2026-03-08T14:23:22.712463Z,2026-03-08T14:23:25.502131026Z,/var/lib/docker/volumes,fabric_peer3.irs3.kit.edu,other,163649335,163793165,143830
run_005,removal,removal_1772979800,remove-irs3-member1-1772979800,remove-irs3-member1-1772979800,36,removal_voted,removal_approved,2026-03-08T14:23:25.502131026Z,2026-03-08T14:23:43.225796Z,/var/lib/docker/volumes,07323924f55a40af409ae862fc14ab08f2d8c06ba282f174beb7e74ff5782926,other,NA,NA,
run_005,removal,removal_1772979800,remove-irs3-member1-1772979800,remove-irs3-member1-1772979800,36,removal_voted,removal_approved,2026-03-08T14:23:25.502131026Z,2026-03-08T14:23:43.225796Z,/var/lib/docker/volumes,301473890dade69bfa0d19b444d1f0769b67a90d1197c166d84af2511e48f916,other,49770,49770,0
run_005,removal,removal_1772979800,remove-irs3-member1-1772979800,remove-irs3-member1-1772979800,36,removal_voted,removal_approved,2026-03-08T14:23:25.502131026Z,2026-03-08T14:23:43.225796Z,/var/lib/docker/volumes,6b7bb91b53bcbfeb56b486bba478d97728a3c0004c18649976daaade961a2721,other,NA,NA,
run_005,removal,removal_1772979800,remove-irs3-member1-1772979800,remove-irs3-member1-1772979800,36,removal_voted,removal_approved,2026-03-08T14:23:25.502131026Z,2026-03-08T14:23:43.225796Z,/var/lib/docker/volumes,791e62bfc17bf044236c3dcb5d77ec82610b27aa4d5f3c78aff2e2842f98f9ee,other,NA,NA,
run_005,removal,removal_1772979800,remove-irs3-member1-1772979800,remove-irs3-member1-1772979800,36,removal_voted,removal_approved,2026-03-08T14:23:25.502131026Z,2026-03-08T14:23:43.225796Z,/var/lib/docker/volumes,86e46c7349c98bd170ab7467b42f5b1a8fcf1438535fca6ee74a0dcce3856102,other,NA,NA,
run_005,removal,removal_1772979800,remove-irs3-member1-1772979800,remove-irs3-member1-1772979800,36,removal_voted,removal_approved,2026-03-08T14:23:25.502131026Z,2026-03-08T14:23:43.225796Z,/var/lib/docker/volumes,99ac8c723665556c954d288ca00335f1fae5493d384cb656ecf5a945cc9ae3b8,other,NA,NA,
run_005,removal,removal_1772979800,remove-irs3-member1-1772979800,remove-irs3-member1-1772979800,36,removal_voted,removal_approved,2026-03-08T14:23:25.502131026Z,2026-03-08T14:23:43.225796Z,/var/lib/docker/volumes,ab96d922f06ec7a94f1b5200e75e480c9ed7eba86fbbe33b5cb9edbe031c6ea8,other,49770,49770,0
run_005,removal,removal_1772979800,remove-irs3-member1-1772979800,remove-irs3-member1-1772979800,36,removal_voted,removal_approved,2026-03-08T14:23:25.502131026Z,2026-03-08T14:23:43.225796Z,/var/lib/docker/volumes,c58c4c31a22da439d2b7f591fd40cdcdd9bb8458f543e682f66d858083ef9ea8,other,NA,NA,
run_005,removal,removal_1772979800,remove-irs3-member1-1772979800,remove-irs3-member1-1772979800,36,removal_voted,removal_approved,2026-03-08T14:23:25.502131026Z,2026-03-08T14:23:43.225796Z,/var/lib/docker/volumes,d9b7785a06954372515977133a1213437b80c5db1517196ca5e26134d3413ccf,other,NA,NA,
run_005,removal,removal_1772979800,remove-irs3-member1-1772979800,remove-irs3-member1-1772979800,36,removal_voted,removal_approved,2026-03-08T14:23:25.502131026Z,2026-03-08T14:23:43.225796Z,/var/lib/docker/volumes,dfb0ca7b4b9cad4ec8515f6484cd89e2febfe10817782070636d5b3db6848438,other,NA,NA,
run_005,removal,removal_1772979800,remove-irs3-member1-1772979800,remove-irs3-member1-1772979800,36,removal_voted,removal_approved,2026-03-08T14:23:25.502131026Z,2026-03-08T14:23:43.225796Z,/var/lib/docker/volumes,fabric_orderer.kit.edu,orderer,325616822,326228336,611514
run_005,removal,removal_1772979800,remove-irs3-member1-1772979800,remove-irs3-member1-1772979800,36,removal_voted,removal_approved,2026-03-08T14:23:25.502131026Z,2026-03-08T14:23:43.225796Z,/var/lib/docker/volumes,fabric_peer0.irs1.kit.edu,other,5006,5006,0
run_005,removal,removal_1772979800,remove-irs3-member1-1772979800,remove-irs3-member1-1772979800,36,removal_voted,removal_approved,2026-03-08T14:23:25.502131026Z,2026-03-08T14:23:43.225796Z,/var/lib/docker/volumes,fabric_peer0.irs3.kit.edu,peer,163794600,164449759,655159
run_005,removal,removal_1772979800,remove-irs3-member1-1772979800,remove-irs3-member1-1772979800,36,removal_voted,removal_approved,2026-03-08T14:23:25.502131026Z,2026-03-08T14:23:43.225796Z,/var/lib/docker/volumes,fabric_peer1.irs3.kit.edu,other,163793180,164448339,655159
run_005,removal,removal_1772979800,remove-irs3-member1-1772979800,remove-irs3-member1-1772979800,36,removal_voted,removal_approved,2026-03-08T14:23:25.502131026Z,2026-03-08T14:23:43.225796Z,/var/lib/docker/volumes,fabric_peer2.irs3.kit.edu,other,163794588,164449747,655159
run_005,removal,removal_1772979800,remove-irs3-member1-1772979800,remove-irs3-member1-1772979800,36,removal_voted,removal_approved,2026-03-08T14:23:25.502131026Z,2026-03-08T14:23:43.225796Z,/var/lib/docker/volumes,fabric_peer3.irs3.kit.edu,other,163793165,164448324,655159
run_005,removal,removal_1772979800,remove-irs3-member1-1772979800,remove-irs3-member1-1772979800,36,removal_approved,reshare_started,2026-03-08T14:23:43.225796Z,2026-03-08T14:23:43.352345Z,/var/lib/docker/volumes,07323924f55a40af409ae862fc14ab08f2d8c06ba282f174beb7e74ff5782926,other,NA,NA,
run_005,removal,removal_1772979800,remove-irs3-member1-1772979800,remove-irs3-member1-1772979800,36,removal_approved,reshare_started,2026-03-08T14:23:43.225796Z,2026-03-08T14:23:43.352345Z,/var/lib/docker/volumes,301473890dade69bfa0d19b444d1f0769b67a90d1197c166d84af2511e48f916,other,49770,49770,0
run_005,removal,removal_1772979800,remove-irs3-member1-1772979800,remove-irs3-member1-1772979800,36,removal_approved,reshare_started,2026-03-08T14:23:43.225796Z,2026-03-08T14:23:43.352345Z,/var/lib/docker/volumes,6b7bb91b53bcbfeb56b486bba478d97728a3c0004c18649976daaade961a2721,other,NA,NA,
run_005,removal,removal_1772979800,remove-irs3-member1-1772979800,remove-irs3-member1-1772979800,36,removal_approved,reshare_started,2026-03-08T14:23:43.225796Z,2026-03-08T14:23:43.352345Z,/var/lib/docker/volumes,791e62bfc17bf044236c3dcb5d77ec82610b27aa4d5f3c78aff2e2842f98f9ee,other,NA,NA,
run_005,removal,removal_1772979800,remove-irs3-member1-1772979800,remove-irs3-member1-1772979800,36,removal_approved,reshare_started,2026-03-08T14:23:43.225796Z,2026-03-08T14:23:43.352345Z,/var/lib/docker/volumes,86e46c7349c98bd170ab7467b42f5b1a8fcf1438535fca6ee74a0dcce3856102,other,NA,NA,
run_005,removal,removal_1772979800,remove-irs3-member1-1772979800,remove-irs3-member1-1772979800,36,removal_approved,reshare_started,2026-03-08T14:23:43.225796Z,2026-03-08T14:23:43.352345Z,/var/lib/docker/volumes,99ac8c723665556c954d288ca00335f1fae5493d384cb656ecf5a945cc9ae3b8,other,NA,NA,
run_005,removal,removal_1772979800,remove-irs3-member1-1772979800,remove-irs3-member1-1772979800,36,removal_approved,reshare_started,2026-03-08T14:23:43.225796Z,2026-03-08T14:23:43.352345Z,/var/lib/docker/volumes,ab96d922f06ec7a94f1b5200e75e480c9ed7eba86fbbe33b5cb9edbe031c6ea8,other,49770,49770,0
run_005,removal,removal_1772979800,remove-irs3-member1-1772979800,remove-irs3-member1-1772979800,36,removal_approved,reshare_started,2026-03-08T14:23:43.225796Z,2026-03-08T14:23:43.352345Z,/var/lib/docker/volumes,c58c4c31a22da439d2b7f591fd40cdcdd9bb8458f543e682f66d858083ef9ea8,other,NA,NA,
run_005,removal,removal_1772979800,remove-irs3-member1-1772979800,remove-irs3-member1-1772979800,36,removal_approved,reshare_started,2026-03-08T14:23:43.225796Z,2026-03-08T14:23:43.352345Z,/var/lib/docker/volumes,d9b7785a06954372515977133a1213437b80c5db1517196ca5e26134d3413ccf,other,NA,NA,
run_005,removal,removal_1772979800,remove-irs3-member1-1772979800,remove-irs3-member1-1772979800,36,removal_approved,reshare_started,2026-03-08T14:23:43.225796Z,2026-03-08T14:23:43.352345Z,/var/lib/docker/volumes,dfb0ca7b4b9cad4ec8515f6484cd89e2febfe10817782070636d5b3db6848438,other,NA,NA,
run_005,removal,removal_1772979800,remove-irs3-member1-1772979800,remove-irs3-member1-1772979800,36,removal_approved,reshare_started,2026-03-08T14:23:43.225796Z,2026-03-08T14:23:43.352345Z,/var/lib/docker/volumes,fabric_orderer.kit.edu,orderer,326228336,326228336,0
run_005,removal,removal_1772979800,remove-irs3-member1-1772979800,remove-irs3-member1-1772979800,36,removal_approved,reshare_started,2026-03-08T14:23:43.225796Z,2026-03-08T14:23:43.352345Z,/var/lib/docker/volumes,fabric_peer0.irs1.kit.edu,other,5006,5006,0
run_005,removal,removal_1772979800,remove-irs3-member1-1772979800,remove-irs3-member1-1772979800,36,removal_approved,reshare_started,2026-03-08T14:23:43.225796Z,2026-03-08T14:23:43.352345Z,/var/lib/docker/volumes,fabric_peer0.irs3.kit.edu,peer,164449759,164449759,0
run_005,removal,removal_1772979800,remove-irs3-member1-1772979800,remove-irs3-member1-1772979800,36,removal_approved,reshare_started,2026-03-08T14:23:43.225796Z,2026-03-08T14:23:43.352345Z,/var/lib/docker/volumes,fabric_peer1.irs3.kit.edu,other,164448339,164448339,0
run_005,removal,removal_1772979800,remove-irs3-member1-1772979800,remove-irs3-member1-1772979800,36,removal_approved,reshare_started,2026-03-08T14:23:43.225796Z,2026-03-08T14:23:43.352345Z,/var/lib/docker/volumes,fabric_peer2.irs3.kit.edu,other,164449747,164449747,0
run_005,removal,removal_1772979800,remove-irs3-member1-1772979800,remove-irs3-member1-1772979800,36,removal_approved,reshare_started,2026-03-08T14:23:43.225796Z,2026-03-08T14:23:43.352345Z,/var/lib/docker/volumes,fabric_peer3.irs3.kit.edu,other,164448324,164448324,0
run_005,removal,removal_1772979800,remove-irs3-member1-1772979800,remove-irs3-member1-1772979800,36,reshare_started,reshare_completed,2026-03-08T14:23:43.352345Z,2026-03-08T14:28:46.955604205Z,/var/lib/docker/volumes,07323924f55a40af409ae862fc14ab08f2d8c06ba282f174beb7e74ff5782926,other,NA,NA,
run_005,removal,removal_1772979800,remove-irs3-member1-1772979800,remove-irs3-member1-1772979800,36,reshare_started,reshare_completed,2026-03-08T14:23:43.352345Z,2026-03-08T14:28:46.955604205Z,/var/lib/docker/volumes,301473890dade69bfa0d19b444d1f0769b67a90d1197c166d84af2511e48f916,other,49770,49770,0
run_005,removal,removal_1772979800,remove-irs3-member1-1772979800,remove-irs3-member1-1772979800,36,reshare_started,reshare_completed,2026-03-08T14:23:43.352345Z,2026-03-08T14:28:46.955604205Z,/var/lib/docker/volumes,6b7bb91b53bcbfeb56b486bba478d97728a3c0004c18649976daaade961a2721,other,NA,NA,
run_005,removal,removal_1772979800,remove-irs3-member1-1772979800,remove-irs3-member1-1772979800,36,reshare_started,reshare_completed,2026-03-08T14:23:43.352345Z,2026-03-08T14:28:46.955604205Z,/var/lib/docker/volumes,791e62bfc17bf044236c3dcb5d77ec82610b27aa4d5f3c78aff2e2842f98f9ee,other,NA,NA,
run_005,removal,removal_1772979800,remove-irs3-member1-1772979800,remove-irs3-member1-1772979800,36,reshare_started,reshare_completed,2026-03-08T14:23:43.352345Z,2026-03-08T14:28:46.955604205Z,/var/lib/docker/volumes,86e46c7349c98bd170ab7467b42f5b1a8fcf1438535fca6ee74a0dcce3856102,other,NA,NA,
run_005,removal,removal_1772979800,remove-irs3-member1-1772979800,remove-irs3-member1-1772979800,36,reshare_started,reshare_completed,2026-03-08T14:23:43.352345Z,2026-03-08T14:28:46.955604205Z,/var/lib/docker/volumes,99ac8c723665556c954d288ca00335f1fae5493d384cb656ecf5a945cc9ae3b8,other,NA,NA,
run_005,removal,removal_1772979800,remove-irs3-member1-1772979800,remove-irs3-member1-1772979800,36,reshare_started,reshare_completed,2026-03-08T14:23:43.352345Z,2026-03-08T14:28:46.955604205Z,/var/lib/docker/volumes,ab96d922f06ec7a94f1b5200e75e480c9ed7eba86fbbe33b5cb9edbe031c6ea8,other,49770,49770,0
run_005,removal,removal_1772979800,remove-irs3-member1-1772979800,remove-irs3-member1-1772979800,36,reshare_started,reshare_completed,2026-03-08T14:23:43.352345Z,2026-03-08T14:28:46.955604205Z,/var/lib/docker/volumes,c58c4c31a22da439d2b7f591fd40cdcdd9bb8458f543e682f66d858083ef9ea8,other,NA,NA,
run_005,removal,removal_1772979800,remove-irs3-member1-1772979800,remove-irs3-member1-1772979800,36,reshare_started,reshare_completed,2026-03-08T14:23:43.352345Z,2026-03-08T14:28:46.955604205Z,/var/lib/docker/volumes,d9b7785a06954372515977133a1213437b80c5db1517196ca5e26134d3413ccf,other,NA,NA,
run_005,removal,removal_1772979800,remove-irs3-member1-1772979800,remove-irs3-member1-1772979800,36,reshare_started,reshare_completed,2026-03-08T14:23:43.352345Z,2026-03-08T14:28:46.955604205Z,/var/lib/docker/volumes,dfb0ca7b4b9cad4ec8515f6484cd89e2febfe10817782070636d5b3db6848438,other,NA,NA,
run_005,removal,removal_1772979800,remove-irs3-member1-1772979800,remove-irs3-member1-1772979800,36,reshare_started,reshare_completed,2026-03-08T14:23:43.352345Z,2026-03-08T14:28:46.955604205Z,/var/lib/docker/volumes,fabric_orderer.kit.edu,orderer,326228336,332351001,6122665
run_005,removal,removal_1772979800,remove-irs3-member1-1772979800,remove-irs3-member1-1772979800,36,reshare_started,reshare_completed,2026-03-08T14:23:43.352345Z,2026-03-08T14:28:46.955604205Z,/var/lib/docker/volumes,fabric_peer0.irs1.kit.edu,other,5006,5006,0
run_005,removal,removal_1772979800,remove-irs3-member1-1772979800,remove-irs3-member1-1772979800,36,reshare_started,reshare_completed,2026-03-08T14:23:43.352345Z,2026-03-08T14:28:46.955604205Z,/var/lib/docker/volumes,fabric_peer0.irs3.kit.edu,peer,164449759,171248458,6798699
run_005,removal,removal_1772979800,remove-irs3-member1-1772979800,remove-irs3-member1-1772979800,36,reshare_started,reshare_completed,2026-03-08T14:23:43.352345Z,2026-03-08T14:28:46.955604205Z,/var/lib/docker/volumes,fabric_peer1.irs3.kit.edu,other,164448339,171247038,6798699
run_005,removal,removal_1772979800,remove-irs3-member1-1772979800,remove-irs3-member1-1772979800,36,reshare_started,reshare_completed,2026-03-08T14:23:43.352345Z,2026-03-08T14:28:46.955604205Z,/var/lib/docker/volumes,fabric_peer2.irs3.kit.edu,other,164449747,171248446,6798699
run_005,removal,removal_1772979800,remove-irs3-member1-1772979800,remove-irs3-member1-1772979800,36,reshare_started,reshare_completed,2026-03-08T14:23:43.352345Z,2026-03-08T14:28:46.955604205Z,/var/lib/docker/volumes,fabric_peer3.irs3.kit.edu,other,164448324,171247023,6798699
run_005,removal,removal_1772979800,remove-irs3-member1-1772979800,remove-irs3-member1-1772979800,36,reshare_completed,operation_end,2026-03-08T14:28:46.955604205Z,2026-03-08T14:28:47.200335Z,/var/lib/docker/volumes,07323924f55a40af409ae862fc14ab08f2d8c06ba282f174beb7e74ff5782926,other,NA,NA,
run_005,removal,removal_1772979800,remove-irs3-member1-1772979800,remove-irs3-member1-1772979800,36,reshare_completed,operation_end,2026-03-08T14:28:46.955604205Z,2026-03-08T14:28:47.200335Z,/var/lib/docker/volumes,301473890dade69bfa0d19b444d1f0769b67a90d1197c166d84af2511e48f916,other,49770,49770,0
run_005,removal,removal_1772979800,remove-irs3-member1-1772979800,remove-irs3-member1-1772979800,36,reshare_completed,operation_end,2026-03-08T14:28:46.955604205Z,2026-03-08T14:28:47.200335Z,/var/lib/docker/volumes,6b7bb91b53bcbfeb56b486bba478d97728a3c0004c18649976daaade961a2721,other,NA,NA,
run_005,removal,removal_1772979800,remove-irs3-member1-1772979800,remove-irs3-member1-1772979800,36,reshare_completed,operation_end,2026-03-08T14:28:46.955604205Z,2026-03-08T14:28:47.200335Z,/var/lib/docker/volumes,791e62bfc17bf044236c3dcb5d77ec82610b27aa4d5f3c78aff2e2842f98f9ee,other,NA,NA,
run_005,removal,removal_1772979800,remove-irs3-member1-1772979800,remove-irs3-member1-1772979800,36,reshare_completed,operation_end,2026-03-08T14:28:46.955604205Z,2026-03-08T14:28:47.200335Z,/var/lib/docker/volumes,86e46c7349c98bd170ab7467b42f5b1a8fcf1438535fca6ee74a0dcce3856102,other,NA,NA,
run_005,removal,removal_1772979800,remove-irs3-member1-1772979800,remove-irs3-member1-1772979800,36,reshare_completed,operation_end,2026-03-08T14:28:46.955604205Z,2026-03-08T14:28:47.200335Z,/var/lib/docker/volumes,99ac8c723665556c954d288ca00335f1fae5493d384cb656ecf5a945cc9ae3b8,other,NA,NA,
run_005,removal,removal_1772979800,remove-irs3-member1-1772979800,remove-irs3-member1-1772979800,36,reshare_completed,operation_end,2026-03-08T14:28:46.955604205Z,2026-03-08T14:28:47.200335Z,/var/lib/docker/volumes,ab96d922f06ec7a94f1b5200e75e480c9ed7eba86fbbe33b5cb9edbe031c6ea8,other,49770,49770,0
run_005,removal,removal_1772979800,remove-irs3-member1-1772979800,remove-irs3-member1-1772979800,36,reshare_completed,operation_end,2026-03-08T14:28:46.955604205Z,2026-03-08T14:28:47.200335Z,/var/lib/docker/volumes,c58c4c31a22da439d2b7f591fd40cdcdd9bb8458f543e682f66d858083ef9ea8,other,NA,NA,
run_005,removal,removal_1772979800,remove-irs3-member1-1772979800,remove-irs3-member1-1772979800,36,reshare_completed,operation_end,2026-03-08T14:28:46.955604205Z,2026-03-08T14:28:47.200335Z,/var/lib/docker/volumes,d9b7785a06954372515977133a1213437b80c5db1517196ca5e26134d3413ccf,other,NA,NA,
run_005,removal,removal_1772979800,remove-irs3-member1-1772979800,remove-irs3-member1-1772979800,36,reshare_completed,operation_end,2026-03-08T14:28:46.955604205Z,2026-03-08T14:28:47.200335Z,/var/lib/docker/volumes,dfb0ca7b4b9cad4ec8515f6484cd89e2febfe10817782070636d5b3db6848438,other,NA,NA,
run_005,removal,removal_1772979800,remove-irs3-member1-1772979800,remove-irs3-member1-1772979800,36,reshare_completed,operation_end,2026-03-08T14:28:46.955604205Z,2026-03-08T14:28:47.200335Z,/var/lib/docker/volumes,fabric_orderer.kit.edu,orderer,332351001,332351001,0
run_005,removal,removal_1772979800,remove-irs3-member1-1772979800,remove-irs3-member1-1772979800,36,reshare_completed,operation_end,2026-03-08T14:28:46.955604205Z,2026-03-08T14:28:47.200335Z,/var/lib/docker/volumes,fabric_peer0.irs1.kit.edu,other,5006,5006,0
run_005,removal,removal_1772979800,remove-irs3-member1-1772979800,remove-irs3-member1-1772979800,36,reshare_completed,operation_end,2026-03-08T14:28:46.955604205Z,2026-03-08T14:28:47.200335Z,/var/lib/docker/volumes,fabric_peer0.irs3.kit.edu,peer,171248458,171248458,0
run_005,removal,removal_1772979800,remove-irs3-member1-1772979800,remove-irs3-member1-1772979800,36,reshare_completed,operation_end,2026-03-08T14:28:46.955604205Z,2026-03-08T14:28:47.200335Z,/var/lib/docker/volumes,fabric_peer1.irs3.kit.edu,other,171247038,171247038,0
run_005,removal,removal_1772979800,remove-irs3-member1-1772979800,remove-irs3-member1-1772979800,36,reshare_completed,operation_end,2026-03-08T14:28:46.955604205Z,2026-03-08T14:28:47.200335Z,/var/lib/docker/volumes,fabric_peer2.irs3.kit.edu,other,171248446,171248446,0
run_005,removal,removal_1772979800,remove-irs3-member1-1772979800,remove-irs3-member1-1772979800,36,reshare_completed,operation_end,2026-03-08T14:28:46.955604205Z,2026-03-08T14:28:47.200335Z,/var/lib/docker/volumes,fabric_peer3.irs3.kit.edu,other,171247023,171247023,0
run_005,join,join_1772980145,join-irs3-1772980146,join-irs3-1772980146,37,operation_start,join_submit_done,2026-03-08T14:29:05.911784Z,2026-03-08T14:29:08.326645Z,/var/lib/docker/volumes,07323924f55a40af409ae862fc14ab08f2d8c06ba282f174beb7e74ff5782926,other,NA,NA,
run_005,join,join_1772980145,join-irs3-1772980146,join-irs3-1772980146,37,operation_start,join_submit_done,2026-03-08T14:29:05.911784Z,2026-03-08T14:29:08.326645Z,/var/lib/docker/volumes,301473890dade69bfa0d19b444d1f0769b67a90d1197c166d84af2511e48f916,other,49770,49770,0
run_005,join,join_1772980145,join-irs3-1772980146,join-irs3-1772980146,37,operation_start,join_submit_done,2026-03-08T14:29:05.911784Z,2026-03-08T14:29:08.326645Z,/var/lib/docker/volumes,6b7bb91b53bcbfeb56b486bba478d97728a3c0004c18649976daaade961a2721,other,NA,NA,
run_005,join,join_1772980145,join-irs3-1772980146,join-irs3-1772980146,37,operation_start,join_submit_done,2026-03-08T14:29:05.911784Z,2026-03-08T14:29:08.326645Z,/var/lib/docker/volumes,791e62bfc17bf044236c3dcb5d77ec82610b27aa4d5f3c78aff2e2842f98f9ee,other,NA,NA,
run_005,join,join_1772980145,join-irs3-1772980146,join-irs3-1772980146,37,operation_start,join_submit_done,2026-03-08T14:29:05.911784Z,2026-03-08T14:29:08.326645Z,/var/lib/docker/volumes,86e46c7349c98bd170ab7467b42f5b1a8fcf1438535fca6ee74a0dcce3856102,other,NA,NA,
run_005,join,join_1772980145,join-irs3-1772980146,join-irs3-1772980146,37,operation_start,join_submit_done,2026-03-08T14:29:05.911784Z,2026-03-08T14:29:08.326645Z,/var/lib/docker/volumes,99ac8c723665556c954d288ca00335f1fae5493d384cb656ecf5a945cc9ae3b8,other,NA,NA,
run_005,join,join_1772980145,join-irs3-1772980146,join-irs3-1772980146,37,operation_start,join_submit_done,2026-03-08T14:29:05.911784Z,2026-03-08T14:29:08.326645Z,/var/lib/docker/volumes,ab96d922f06ec7a94f1b5200e75e480c9ed7eba86fbbe33b5cb9edbe031c6ea8,other,49770,49770,0
run_005,join,join_1772980145,join-irs3-1772980146,join-irs3-1772980146,37,operation_start,join_submit_done,2026-03-08T14:29:05.911784Z,2026-03-08T14:29:08.326645Z,/var/lib/docker/volumes,c58c4c31a22da439d2b7f591fd40cdcdd9bb8458f543e682f66d858083ef9ea8,other,NA,NA,
run_005,join,join_1772980145,join-irs3-1772980146,join-irs3-1772980146,37,operation_start,join_submit_done,2026-03-08T14:29:05.911784Z,2026-03-08T14:29:08.326645Z,/var/lib/docker/volumes,d9b7785a06954372515977133a1213437b80c5db1517196ca5e26134d3413ccf,other,NA,NA,
run_005,join,join_1772980145,join-irs3-1772980146,join-irs3-1772980146,37,operation_start,join_submit_done,2026-03-08T14:29:05.911784Z,2026-03-08T14:29:08.326645Z,/var/lib/docker/volumes,dfb0ca7b4b9cad4ec8515f6484cd89e2febfe10817782070636d5b3db6848438,other,NA,NA,
run_005,join,join_1772980145,join-irs3-1772980146,join-irs3-1772980146,37,operation_start,join_submit_done,2026-03-08T14:29:05.911784Z,2026-03-08T14:29:08.326645Z,/var/lib/docker/volumes,fabric_orderer.kit.edu,orderer,332351001,332360664,9663
run_005,join,join_1772980145,join-irs3-1772980146,join-irs3-1772980146,37,operation_start,join_submit_done,2026-03-08T14:29:05.911784Z,2026-03-08T14:29:08.326645Z,/var/lib/docker/volumes,fabric_peer0.irs1.kit.edu,other,5006,5006,0
run_005,join,join_1772980145,join-irs3-1772980146,join-irs3-1772980146,37,operation_start,join_submit_done,2026-03-08T14:29:05.911784Z,2026-03-08T14:29:08.326645Z,/var/lib/docker/volumes,fabric_peer0.irs3.kit.edu,peer,171248458,171260020,11562
run_005,join,join_1772980145,join-irs3-1772980146,join-irs3-1772980146,37,operation_start,join_submit_done,2026-03-08T14:29:05.911784Z,2026-03-08T14:29:08.326645Z,/var/lib/docker/volumes,fabric_peer1.irs3.kit.edu,other,171247038,171258600,11562
run_005,join,join_1772980145,join-irs3-1772980146,join-irs3-1772980146,37,operation_start,join_submit_done,2026-03-08T14:29:05.911784Z,2026-03-08T14:29:08.326645Z,/var/lib/docker/volumes,fabric_peer2.irs3.kit.edu,other,171248446,171260008,11562
run_005,join,join_1772980145,join-irs3-1772980146,join-irs3-1772980146,37,operation_start,join_submit_done,2026-03-08T14:29:05.911784Z,2026-03-08T14:29:08.326645Z,/var/lib/docker/volumes,fabric_peer3.irs3.kit.edu,other,171247023,171258585,11562
run_005,join,join_1772980145,join-irs3-1772980146,join-irs3-1772980146,37,join_submit_done,join_voted,2026-03-08T14:29:08.326645Z,2026-03-08T14:29:10.655195671Z,/var/lib/docker/volumes,07323924f55a40af409ae862fc14ab08f2d8c06ba282f174beb7e74ff5782926,other,NA,NA,
run_005,join,join_1772980145,join-irs3-1772980146,join-irs3-1772980146,37,join_submit_done,join_voted,2026-03-08T14:29:08.326645Z,2026-03-08T14:29:10.655195671Z,/var/lib/docker/volumes,301473890dade69bfa0d19b444d1f0769b67a90d1197c166d84af2511e48f916,other,49770,49770,0
run_005,join,join_1772980145,join-irs3-1772980146,join-irs3-1772980146,37,join_submit_done,join_voted,2026-03-08T14:29:08.326645Z,2026-03-08T14:29:10.655195671Z,/var/lib/docker/volumes,6b7bb91b53bcbfeb56b486bba478d97728a3c0004c18649976daaade961a2721,other,NA,NA,
run_005,join,join_1772980145,join-irs3-1772980146,join-irs3-1772980146,37,join_submit_done,join_voted,2026-03-08T14:29:08.326645Z,2026-03-08T14:29:10.655195671Z,/var/lib/docker/volumes,791e62bfc17bf044236c3dcb5d77ec82610b27aa4d5f3c78aff2e2842f98f9ee,other,NA,NA,
run_005,join,join_1772980145,join-irs3-1772980146,join-irs3-1772980146,37,join_submit_done,join_voted,2026-03-08T14:29:08.326645Z,2026-03-08T14:29:10.655195671Z,/var/lib/docker/volumes,86e46c7349c98bd170ab7467b42f5b1a8fcf1438535fca6ee74a0dcce3856102,other,NA,NA,
run_005,join,join_1772980145,join-irs3-1772980146,join-irs3-1772980146,37,join_submit_done,join_voted,2026-03-08T14:29:08.326645Z,2026-03-08T14:29:10.655195671Z,/var/lib/docker/volumes,99ac8c723665556c954d288ca00335f1fae5493d384cb656ecf5a945cc9ae3b8,other,NA,NA,
run_005,join,join_1772980145,join-irs3-1772980146,join-irs3-1772980146,37,join_submit_done,join_voted,2026-03-08T14:29:08.326645Z,2026-03-08T14:29:10.655195671Z,/var/lib/docker/volumes,ab96d922f06ec7a94f1b5200e75e480c9ed7eba86fbbe33b5cb9edbe031c6ea8,other,49770,49770,0
run_005,join,join_1772980145,join-irs3-1772980146,join-irs3-1772980146,37,join_submit_done,join_voted,2026-03-08T14:29:08.326645Z,2026-03-08T14:29:10.655195671Z,/var/lib/docker/volumes,c58c4c31a22da439d2b7f591fd40cdcdd9bb8458f543e682f66d858083ef9ea8,other,NA,NA,
run_005,join,join_1772980145,join-irs3-1772980146,join-irs3-1772980146,37,join_submit_done,join_voted,2026-03-08T14:29:08.326645Z,2026-03-08T14:29:10.655195671Z,/var/lib/docker/volumes,d9b7785a06954372515977133a1213437b80c5db1517196ca5e26134d3413ccf,other,NA,NA,
run_005,join,join_1772980145,join-irs3-1772980146,join-irs3-1772980146,37,join_submit_done,join_voted,2026-03-08T14:29:08.326645Z,2026-03-08T14:29:10.655195671Z,/var/lib/docker/volumes,dfb0ca7b4b9cad4ec8515f6484cd89e2febfe10817782070636d5b3db6848438,other,NA,NA,
run_005,join,join_1772980145,join-irs3-1772980146,join-irs3-1772980146,37,join_submit_done,join_voted,2026-03-08T14:29:08.326645Z,2026-03-08T14:29:10.655195671Z,/var/lib/docker/volumes,fabric_orderer.kit.edu,orderer,332360664,332394311,33647
run_005,join,join_1772980145,join-irs3-1772980146,join-irs3-1772980146,37,join_submit_done,join_voted,2026-03-08T14:29:08.326645Z,2026-03-08T14:29:10.655195671Z,/var/lib/docker/volumes,fabric_peer0.irs1.kit.edu,other,5006,5006,0
run_005,join,join_1772980145,join-irs3-1772980146,join-irs3-1772980146,37,join_submit_done,join_voted,2026-03-08T14:29:08.326645Z,2026-03-08T14:29:10.655195671Z,/var/lib/docker/volumes,fabric_peer0.irs3.kit.edu,peer,171260020,171296920,36900
run_005,join,join_1772980145,join-irs3-1772980146,join-irs3-1772980146,37,join_submit_done,join_voted,2026-03-08T14:29:08.326645Z,2026-03-08T14:29:10.655195671Z,/var/lib/docker/volumes,fabric_peer1.irs3.kit.edu,other,171258600,171295500,36900
run_005,join,join_1772980145,join-irs3-1772980146,join-irs3-1772980146,37,join_submit_done,join_voted,2026-03-08T14:29:08.326645Z,2026-03-08T14:29:10.655195671Z,/var/lib/docker/volumes,fabric_peer2.irs3.kit.edu,other,171260008,171296908,36900
run_005,join,join_1772980145,join-irs3-1772980146,join-irs3-1772980146,37,join_submit_done,join_voted,2026-03-08T14:29:08.326645Z,2026-03-08T14:29:10.655195671Z,/var/lib/docker/volumes,fabric_peer3.irs3.kit.edu,other,171258585,171295485,36900
run_005,join,join_1772980145,join-irs3-1772980146,join-irs3-1772980146,37,join_voted,join_approved,2026-03-08T14:29:10.655195671Z,2026-03-08T14:29:27.189889623Z,/var/lib/docker/volumes,07323924f55a40af409ae862fc14ab08f2d8c06ba282f174beb7e74ff5782926,other,NA,NA,
run_005,join,join_1772980145,join-irs3-1772980146,join-irs3-1772980146,37,join_voted,join_approved,2026-03-08T14:29:10.655195671Z,2026-03-08T14:29:27.189889623Z,/var/lib/docker/volumes,301473890dade69bfa0d19b444d1f0769b67a90d1197c166d84af2511e48f916,other,49770,49770,0
run_005,join,join_1772980145,join-irs3-1772980146,join-irs3-1772980146,37,join_voted,join_approved,2026-03-08T14:29:10.655195671Z,2026-03-08T14:29:27.189889623Z,/var/lib/docker/volumes,6b7bb91b53bcbfeb56b486bba478d97728a3c0004c18649976daaade961a2721,other,NA,NA,
run_005,join,join_1772980145,join-irs3-1772980146,join-irs3-1772980146,37,join_voted,join_approved,2026-03-08T14:29:10.655195671Z,2026-03-08T14:29:27.189889623Z,/var/lib/docker/volumes,791e62bfc17bf044236c3dcb5d77ec82610b27aa4d5f3c78aff2e2842f98f9ee,other,NA,NA,
run_005,join,join_1772980145,join-irs3-1772980146,join-irs3-1772980146,37,join_voted,join_approved,2026-03-08T14:29:10.655195671Z,2026-03-08T14:29:27.189889623Z,/var/lib/docker/volumes,86e46c7349c98bd170ab7467b42f5b1a8fcf1438535fca6ee74a0dcce3856102,other,NA,NA,
run_005,join,join_1772980145,join-irs3-1772980146,join-irs3-1772980146,37,join_voted,join_approved,2026-03-08T14:29:10.655195671Z,2026-03-08T14:29:27.189889623Z,/var/lib/docker/volumes,99ac8c723665556c954d288ca00335f1fae5493d384cb656ecf5a945cc9ae3b8,other,NA,NA,
run_005,join,join_1772980145,join-irs3-1772980146,join-irs3-1772980146,37,join_voted,join_approved,2026-03-08T14:29:10.655195671Z,2026-03-08T14:29:27.189889623Z,/var/lib/docker/volumes,ab96d922f06ec7a94f1b5200e75e480c9ed7eba86fbbe33b5cb9edbe031c6ea8,other,49770,49770,0
run_005,join,join_1772980145,join-irs3-1772980146,join-irs3-1772980146,37,join_voted,join_approved,2026-03-08T14:29:10.655195671Z,2026-03-08T14:29:27.189889623Z,/var/lib/docker/volumes,c58c4c31a22da439d2b7f591fd40cdcdd9bb8458f543e682f66d858083ef9ea8,other,NA,NA,
run_005,join,join_1772980145,join-irs3-1772980146,join-irs3-1772980146,37,join_voted,join_approved,2026-03-08T14:29:10.655195671Z,2026-03-08T14:29:27.189889623Z,/var/lib/docker/volumes,d9b7785a06954372515977133a1213437b80c5db1517196ca5e26134d3413ccf,other,NA,NA,
run_005,join,join_1772980145,join-irs3-1772980146,join-irs3-1772980146,37,join_voted,join_approved,2026-03-08T14:29:10.655195671Z,2026-03-08T14:29:27.189889623Z,/var/lib/docker/volumes,dfb0ca7b4b9cad4ec8515f6484cd89e2febfe10817782070636d5b3db6848438,other,NA,NA,
run_005,join,join_1772980145,join-irs3-1772980146,join-irs3-1772980146,37,join_voted,join_approved,2026-03-08T14:29:10.655195671Z,2026-03-08T14:29:27.189889623Z,/var/lib/docker/volumes,fabric_orderer.kit.edu,orderer,332394311,333087045,692734
run_005,join,join_1772980145,join-irs3-1772980146,join-irs3-1772980146,37,join_voted,join_approved,2026-03-08T14:29:10.655195671Z,2026-03-08T14:29:27.189889623Z,/var/lib/docker/volumes,fabric_peer0.irs1.kit.edu,other,5006,5006,0
run_005,join,join_1772980145,join-irs3-1772980146,join-irs3-1772980146,37,join_voted,join_approved,2026-03-08T14:29:10.655195671Z,2026-03-08T14:29:27.189889623Z,/var/lib/docker/volumes,fabric_peer0.irs3.kit.edu,peer,171296920,172043813,746893
run_005,join,join_1772980145,join-irs3-1772980146,join-irs3-1772980146,37,join_voted,join_approved,2026-03-08T14:29:10.655195671Z,2026-03-08T14:29:27.189889623Z,/var/lib/docker/volumes,fabric_peer1.irs3.kit.edu,other,171295500,172042393,746893
run_005,join,join_1772980145,join-irs3-1772980146,join-irs3-1772980146,37,join_voted,join_approved,2026-03-08T14:29:10.655195671Z,2026-03-08T14:29:27.189889623Z,/var/lib/docker/volumes,fabric_peer2.irs3.kit.edu,other,171296908,172043801,746893
run_005,join,join_1772980145,join-irs3-1772980146,join-irs3-1772980146,37,join_voted,join_approved,2026-03-08T14:29:10.655195671Z,2026-03-08T14:29:27.189889623Z,/var/lib/docker/volumes,fabric_peer3.irs3.kit.edu,other,171295485,172042378,746893
run_005,join,join_1772980145,join-irs3-1772980146,join-irs3-1772980146,37,join_approved,reshare_started,2026-03-08T14:29:27.189889623Z,2026-03-08T14:29:28.945064Z,/var/lib/docker/volumes,07323924f55a40af409ae862fc14ab08f2d8c06ba282f174beb7e74ff5782926,other,NA,NA,
run_005,join,join_1772980145,join-irs3-1772980146,join-irs3-1772980146,37,join_approved,reshare_started,2026-03-08T14:29:27.189889623Z,2026-03-08T14:29:28.945064Z,/var/lib/docker/volumes,301473890dade69bfa0d19b444d1f0769b67a90d1197c166d84af2511e48f916,other,49770,49770,0
run_005,join,join_1772980145,join-irs3-1772980146,join-irs3-1772980146,37,join_approved,reshare_started,2026-03-08T14:29:27.189889623Z,2026-03-08T14:29:28.945064Z,/var/lib/docker/volumes,6b7bb91b53bcbfeb56b486bba478d97728a3c0004c18649976daaade961a2721,other,NA,NA,
run_005,join,join_1772980145,join-irs3-1772980146,join-irs3-1772980146,37,join_approved,reshare_started,2026-03-08T14:29:27.189889623Z,2026-03-08T14:29:28.945064Z,/var/lib/docker/volumes,791e62bfc17bf044236c3dcb5d77ec82610b27aa4d5f3c78aff2e2842f98f9ee,other,NA,NA,
run_005,join,join_1772980145,join-irs3-1772980146,join-irs3-1772980146,37,join_approved,reshare_started,2026-03-08T14:29:27.189889623Z,2026-03-08T14:29:28.945064Z,/var/lib/docker/volumes,86e46c7349c98bd170ab7467b42f5b1a8fcf1438535fca6ee74a0dcce3856102,other,NA,NA,
run_005,join,join_1772980145,join-irs3-1772980146,join-irs3-1772980146,37,join_approved,reshare_started,2026-03-08T14:29:27.189889623Z,2026-03-08T14:29:28.945064Z,/var/lib/docker/volumes,99ac8c723665556c954d288ca00335f1fae5493d384cb656ecf5a945cc9ae3b8,other,NA,NA,
run_005,join,join_1772980145,join-irs3-1772980146,join-irs3-1772980146,37,join_approved,reshare_started,2026-03-08T14:29:27.189889623Z,2026-03-08T14:29:28.945064Z,/var/lib/docker/volumes,ab96d922f06ec7a94f1b5200e75e480c9ed7eba86fbbe33b5cb9edbe031c6ea8,other,49770,49770,0
run_005,join,join_1772980145,join-irs3-1772980146,join-irs3-1772980146,37,join_approved,reshare_started,2026-03-08T14:29:27.189889623Z,2026-03-08T14:29:28.945064Z,/var/lib/docker/volumes,c58c4c31a22da439d2b7f591fd40cdcdd9bb8458f543e682f66d858083ef9ea8,other,NA,NA,
run_005,join,join_1772980145,join-irs3-1772980146,join-irs3-1772980146,37,join_approved,reshare_started,2026-03-08T14:29:27.189889623Z,2026-03-08T14:29:28.945064Z,/var/lib/docker/volumes,d9b7785a06954372515977133a1213437b80c5db1517196ca5e26134d3413ccf,other,NA,NA,
run_005,join,join_1772980145,join-irs3-1772980146,join-irs3-1772980146,37,join_approved,reshare_started,2026-03-08T14:29:27.189889623Z,2026-03-08T14:29:28.945064Z,/var/lib/docker/volumes,dfb0ca7b4b9cad4ec8515f6484cd89e2febfe10817782070636d5b3db6848438,other,NA,NA,
run_005,join,join_1772980145,join-irs3-1772980146,join-irs3-1772980146,37,join_approved,reshare_started,2026-03-08T14:29:27.189889623Z,2026-03-08T14:29:28.945064Z,/var/lib/docker/volumes,fabric_orderer.kit.edu,orderer,333087045,333087045,0
run_005,join,join_1772980145,join-irs3-1772980146,join-irs3-1772980146,37,join_approved,reshare_started,2026-03-08T14:29:27.189889623Z,2026-03-08T14:29:28.945064Z,/var/lib/docker/volumes,fabric_peer0.irs1.kit.edu,other,5006,5006,0
run_005,join,join_1772980145,join-irs3-1772980146,join-irs3-1772980146,37,join_approved,reshare_started,2026-03-08T14:29:27.189889623Z,2026-03-08T14:29:28.945064Z,/var/lib/docker/volumes,fabric_peer0.irs3.kit.edu,peer,172043813,172043813,0
run_005,join,join_1772980145,join-irs3-1772980146,join-irs3-1772980146,37,join_approved,reshare_started,2026-03-08T14:29:27.189889623Z,2026-03-08T14:29:28.945064Z,/var/lib/docker/volumes,fabric_peer1.irs3.kit.edu,other,172042393,172042393,0
run_005,join,join_1772980145,join-irs3-1772980146,join-irs3-1772980146,37,join_approved,reshare_started,2026-03-08T14:29:27.189889623Z,2026-03-08T14:29:28.945064Z,/var/lib/docker/volumes,fabric_peer2.irs3.kit.edu,other,172043801,172043801,0
run_005,join,join_1772980145,join-irs3-1772980146,join-irs3-1772980146,37,join_approved,reshare_started,2026-03-08T14:29:27.189889623Z,2026-03-08T14:29:28.945064Z,/var/lib/docker/volumes,fabric_peer3.irs3.kit.edu,other,172042378,172042378,0
run_005,join,join_1772980145,join-irs3-1772980146,join-irs3-1772980146,37,reshare_started,reshare_completed,2026-03-08T14:29:28.945064Z,2026-03-08T14:33:08.688554192Z,/var/lib/docker/volumes,07323924f55a40af409ae862fc14ab08f2d8c06ba282f174beb7e74ff5782926,other,NA,NA,
run_005,join,join_1772980145,join-irs3-1772980146,join-irs3-1772980146,37,reshare_started,reshare_completed,2026-03-08T14:29:28.945064Z,2026-03-08T14:33:08.688554192Z,/var/lib/docker/volumes,301473890dade69bfa0d19b444d1f0769b67a90d1197c166d84af2511e48f916,other,49770,49770,0
run_005,join,join_1772980145,join-irs3-1772980146,join-irs3-1772980146,37,reshare_started,reshare_completed,2026-03-08T14:29:28.945064Z,2026-03-08T14:33:08.688554192Z,/var/lib/docker/volumes,6b7bb91b53bcbfeb56b486bba478d97728a3c0004c18649976daaade961a2721,other,NA,NA,
run_005,join,join_1772980145,join-irs3-1772980146,join-irs3-1772980146,37,reshare_started,reshare_completed,2026-03-08T14:29:28.945064Z,2026-03-08T14:33:08.688554192Z,/var/lib/docker/volumes,791e62bfc17bf044236c3dcb5d77ec82610b27aa4d5f3c78aff2e2842f98f9ee,other,NA,NA,
run_005,join,join_1772980145,join-irs3-1772980146,join-irs3-1772980146,37,reshare_started,reshare_completed,2026-03-08T14:29:28.945064Z,2026-03-08T14:33:08.688554192Z,/var/lib/docker/volumes,86e46c7349c98bd170ab7467b42f5b1a8fcf1438535fca6ee74a0dcce3856102,other,NA,NA,
run_005,join,join_1772980145,join-irs3-1772980146,join-irs3-1772980146,37,reshare_started,reshare_completed,2026-03-08T14:29:28.945064Z,2026-03-08T14:33:08.688554192Z,/var/lib/docker/volumes,99ac8c723665556c954d288ca00335f1fae5493d384cb656ecf5a945cc9ae3b8,other,NA,NA,
run_005,join,join_1772980145,join-irs3-1772980146,join-irs3-1772980146,37,reshare_started,reshare_completed,2026-03-08T14:29:28.945064Z,2026-03-08T14:33:08.688554192Z,/var/lib/docker/volumes,ab96d922f06ec7a94f1b5200e75e480c9ed7eba86fbbe33b5cb9edbe031c6ea8,other,49770,49770,0
run_005,join,join_1772980145,join-irs3-1772980146,join-irs3-1772980146,37,reshare_started,reshare_completed,2026-03-08T14:29:28.945064Z,2026-03-08T14:33:08.688554192Z,/var/lib/docker/volumes,c58c4c31a22da439d2b7f591fd40cdcdd9bb8458f543e682f66d858083ef9ea8,other,NA,NA,
run_005,join,join_1772980145,join-irs3-1772980146,join-irs3-1772980146,37,reshare_started,reshare_completed,2026-03-08T14:29:28.945064Z,2026-03-08T14:33:08.688554192Z,/var/lib/docker/volumes,d9b7785a06954372515977133a1213437b80c5db1517196ca5e26134d3413ccf,other,NA,NA,
run_005,join,join_1772980145,join-irs3-1772980146,join-irs3-1772980146,37,reshare_started,reshare_completed,2026-03-08T14:29:28.945064Z,2026-03-08T14:33:08.688554192Z,/var/lib/docker/volumes,dfb0ca7b4b9cad4ec8515f6484cd89e2febfe10817782070636d5b3db6848438,other,NA,NA,
run_005,join,join_1772980145,join-irs3-1772980146,join-irs3-1772980146,37,reshare_started,reshare_completed,2026-03-08T14:29:28.945064Z,2026-03-08T14:33:08.688554192Z,/var/lib/docker/volumes,fabric_orderer.kit.edu,orderer,333087045,334968647,1881602
run_005,join,join_1772980145,join-irs3-1772980146,join-irs3-1772980146,37,reshare_started,reshare_completed,2026-03-08T14:29:28.945064Z,2026-03-08T14:33:08.688554192Z,/var/lib/docker/volumes,fabric_peer0.irs1.kit.edu,other,5006,5006,0
run_005,join,join_1772980145,join-irs3-1772980146,join-irs3-1772980146,37,reshare_started,reshare_completed,2026-03-08T14:29:28.945064Z,2026-03-08T14:33:08.688554192Z,/var/lib/docker/volumes,fabric_peer0.irs3.kit.edu,peer,172043813,173803985,1760172
run_005,join,join_1772980145,join-irs3-1772980146,join-irs3-1772980146,37,reshare_started,reshare_completed,2026-03-08T14:29:28.945064Z,2026-03-08T14:33:08.688554192Z,/var/lib/docker/volumes,fabric_peer1.irs3.kit.edu,other,172042393,173802565,1760172
run_005,join,join_1772980145,join-irs3-1772980146,join-irs3-1772980146,37,reshare_started,reshare_completed,2026-03-08T14:29:28.945064Z,2026-03-08T14:33:08.688554192Z,/var/lib/docker/volumes,fabric_peer2.irs3.kit.edu,other,172043801,173803973,1760172
run_005,join,join_1772980145,join-irs3-1772980146,join-irs3-1772980146,37,reshare_started,reshare_completed,2026-03-08T14:29:28.945064Z,2026-03-08T14:33:08.688554192Z,/var/lib/docker/volumes,fabric_peer3.irs3.kit.edu,other,172042378,173802550,1760172
run_005,join,join_1772980145,join-irs3-1772980146,join-irs3-1772980146,37,reshare_completed,operation_end,2026-03-08T14:33:08.688554192Z,2026-03-08T14:34:18.188560Z,/var/lib/docker/volumes,07323924f55a40af409ae862fc14ab08f2d8c06ba282f174beb7e74ff5782926,other,NA,NA,
run_005,join,join_1772980145,join-irs3-1772980146,join-irs3-1772980146,37,reshare_completed,operation_end,2026-03-08T14:33:08.688554192Z,2026-03-08T14:34:18.188560Z,/var/lib/docker/volumes,301473890dade69bfa0d19b444d1f0769b67a90d1197c166d84af2511e48f916,other,49770,49770,0
run_005,join,join_1772980145,join-irs3-1772980146,join-irs3-1772980146,37,reshare_completed,operation_end,2026-03-08T14:33:08.688554192Z,2026-03-08T14:34:18.188560Z,/var/lib/docker/volumes,6b7bb91b53bcbfeb56b486bba478d97728a3c0004c18649976daaade961a2721,other,NA,NA,
run_005,join,join_1772980145,join-irs3-1772980146,join-irs3-1772980146,37,reshare_completed,operation_end,2026-03-08T14:33:08.688554192Z,2026-03-08T14:34:18.188560Z,/var/lib/docker/volumes,791e62bfc17bf044236c3dcb5d77ec82610b27aa4d5f3c78aff2e2842f98f9ee,other,NA,NA,
run_005,join,join_1772980145,join-irs3-1772980146,join-irs3-1772980146,37,reshare_completed,operation_end,2026-03-08T14:33:08.688554192Z,2026-03-08T14:34:18.188560Z,/var/lib/docker/volumes,86e46c7349c98bd170ab7467b42f5b1a8fcf1438535fca6ee74a0dcce3856102,other,NA,NA,
run_005,join,join_1772980145,join-irs3-1772980146,join-irs3-1772980146,37,reshare_completed,operation_end,2026-03-08T14:33:08.688554192Z,2026-03-08T14:34:18.188560Z,/var/lib/docker/volumes,99ac8c723665556c954d288ca00335f1fae5493d384cb656ecf5a945cc9ae3b8,other,NA,NA,
run_005,join,join_1772980145,join-irs3-1772980146,join-irs3-1772980146,37,reshare_completed,operation_end,2026-03-08T14:33:08.688554192Z,2026-03-08T14:34:18.188560Z,/var/lib/docker/volumes,ab96d922f06ec7a94f1b5200e75e480c9ed7eba86fbbe33b5cb9edbe031c6ea8,other,49770,49770,0
run_005,join,join_1772980145,join-irs3-1772980146,join-irs3-1772980146,37,reshare_completed,operation_end,2026-03-08T14:33:08.688554192Z,2026-03-08T14:34:18.188560Z,/var/lib/docker/volumes,c58c4c31a22da439d2b7f591fd40cdcdd9bb8458f543e682f66d858083ef9ea8,other,NA,NA,
run_005,join,join_1772980145,join-irs3-1772980146,join-irs3-1772980146,37,reshare_completed,operation_end,2026-03-08T14:33:08.688554192Z,2026-03-08T14:34:18.188560Z,/var/lib/docker/volumes,d9b7785a06954372515977133a1213437b80c5db1517196ca5e26134d3413ccf,other,NA,NA,
run_005,join,join_1772980145,join-irs3-1772980146,join-irs3-1772980146,37,reshare_completed,operation_end,2026-03-08T14:33:08.688554192Z,2026-03-08T14:34:18.188560Z,/var/lib/docker/volumes,dfb0ca7b4b9cad4ec8515f6484cd89e2febfe10817782070636d5b3db6848438,other,NA,NA,
run_005,join,join_1772980145,join-irs3-1772980146,join-irs3-1772980146,37,reshare_completed,operation_end,2026-03-08T14:33:08.688554192Z,2026-03-08T14:34:18.188560Z,/var/lib/docker/volumes,fabric_orderer.kit.edu,orderer,334968647,339710182,4741535
run_005,join,join_1772980145,join-irs3-1772980146,join-irs3-1772980146,37,reshare_completed,operation_end,2026-03-08T14:33:08.688554192Z,2026-03-08T14:34:18.188560Z,/var/lib/docker/volumes,fabric_peer0.irs1.kit.edu,other,5006,5006,0
run_005,join,join_1772980145,join-irs3-1772980146,join-irs3-1772980146,37,reshare_completed,operation_end,2026-03-08T14:33:08.688554192Z,2026-03-08T14:34:18.188560Z,/var/lib/docker/volumes,fabric_peer0.irs3.kit.edu,peer,173803985,175730046,1926061
run_005,join,join_1772980145,join-irs3-1772980146,join-irs3-1772980146,37,reshare_completed,operation_end,2026-03-08T14:33:08.688554192Z,2026-03-08T14:34:18.188560Z,/var/lib/docker/volumes,fabric_peer1.irs3.kit.edu,other,173802565,175728619,1926054
run_005,join,join_1772980145,join-irs3-1772980146,join-irs3-1772980146,37,reshare_completed,operation_end,2026-03-08T14:33:08.688554192Z,2026-03-08T14:34:18.188560Z,/var/lib/docker/volumes,fabric_peer2.irs3.kit.edu,other,173803973,175730053,1926080
run_005,join,join_1772980145,join-irs3-1772980146,join-irs3-1772980146,37,reshare_completed,operation_end,2026-03-08T14:33:08.688554192Z,2026-03-08T14:34:18.188560Z,/var/lib/docker/volumes,fabric_peer3.irs3.kit.edu,other,173802550,175728603,1926053
run_006,csr,csr_1772980466,csr-irs3-1772980466,csr-irs3-1772980466,,operation_start,csr_submit_done,2026-03-08T14:34:26.304388Z,2026-03-08T14:34:28.641058Z,/var/lib/docker/volumes,07323924f55a40af409ae862fc14ab08f2d8c06ba282f174beb7e74ff5782926,other,NA,NA,
run_006,csr,csr_1772980466,csr-irs3-1772980466,csr-irs3-1772980466,,operation_start,csr_submit_done,2026-03-08T14:34:26.304388Z,2026-03-08T14:34:28.641058Z,/var/lib/docker/volumes,301473890dade69bfa0d19b444d1f0769b67a90d1197c166d84af2511e48f916,other,49770,49770,0
run_006,csr,csr_1772980466,csr-irs3-1772980466,csr-irs3-1772980466,,operation_start,csr_submit_done,2026-03-08T14:34:26.304388Z,2026-03-08T14:34:28.641058Z,/var/lib/docker/volumes,6b7bb91b53bcbfeb56b486bba478d97728a3c0004c18649976daaade961a2721,other,NA,NA,
run_006,csr,csr_1772980466,csr-irs3-1772980466,csr-irs3-1772980466,,operation_start,csr_submit_done,2026-03-08T14:34:26.304388Z,2026-03-08T14:34:28.641058Z,/var/lib/docker/volumes,791e62bfc17bf044236c3dcb5d77ec82610b27aa4d5f3c78aff2e2842f98f9ee,other,NA,NA,
run_006,csr,csr_1772980466,csr-irs3-1772980466,csr-irs3-1772980466,,operation_start,csr_submit_done,2026-03-08T14:34:26.304388Z,2026-03-08T14:34:28.641058Z,/var/lib/docker/volumes,86e46c7349c98bd170ab7467b42f5b1a8fcf1438535fca6ee74a0dcce3856102,other,NA,NA,
run_006,csr,csr_1772980466,csr-irs3-1772980466,csr-irs3-1772980466,,operation_start,csr_submit_done,2026-03-08T14:34:26.304388Z,2026-03-08T14:34:28.641058Z,/var/lib/docker/volumes,99ac8c723665556c954d288ca00335f1fae5493d384cb656ecf5a945cc9ae3b8,other,NA,NA,
run_006,csr,csr_1772980466,csr-irs3-1772980466,csr-irs3-1772980466,,operation_start,csr_submit_done,2026-03-08T14:34:26.304388Z,2026-03-08T14:34:28.641058Z,/var/lib/docker/volumes,ab96d922f06ec7a94f1b5200e75e480c9ed7eba86fbbe33b5cb9edbe031c6ea8,other,49770,49770,0
run_006,csr,csr_1772980466,csr-irs3-1772980466,csr-irs3-1772980466,,operation_start,csr_submit_done,2026-03-08T14:34:26.304388Z,2026-03-08T14:34:28.641058Z,/var/lib/docker/volumes,c58c4c31a22da439d2b7f591fd40cdcdd9bb8458f543e682f66d858083ef9ea8,other,NA,NA,
run_006,csr,csr_1772980466,csr-irs3-1772980466,csr-irs3-1772980466,,operation_start,csr_submit_done,2026-03-08T14:34:26.304388Z,2026-03-08T14:34:28.641058Z,/var/lib/docker/volumes,d9b7785a06954372515977133a1213437b80c5db1517196ca5e26134d3413ccf,other,NA,NA,
run_006,csr,csr_1772980466,csr-irs3-1772980466,csr-irs3-1772980466,,operation_start,csr_submit_done,2026-03-08T14:34:26.304388Z,2026-03-08T14:34:28.641058Z,/var/lib/docker/volumes,dfb0ca7b4b9cad4ec8515f6484cd89e2febfe10817782070636d5b3db6848438,other,NA,NA,
run_006,csr,csr_1772980466,csr-irs3-1772980466,csr-irs3-1772980466,,operation_start,csr_submit_done,2026-03-08T14:34:26.304388Z,2026-03-08T14:34:28.641058Z,/var/lib/docker/volumes,fabric_orderer.kit.edu,orderer,339710182,339718748,8566
run_006,csr,csr_1772980466,csr-irs3-1772980466,csr-irs3-1772980466,,operation_start,csr_submit_done,2026-03-08T14:34:26.304388Z,2026-03-08T14:34:28.641058Z,/var/lib/docker/volumes,fabric_peer0.irs1.kit.edu,other,5006,5006,0
run_006,csr,csr_1772980466,csr-irs3-1772980466,csr-irs3-1772980466,,operation_start,csr_submit_done,2026-03-08T14:34:26.304388Z,2026-03-08T14:34:28.641058Z,/var/lib/docker/volumes,fabric_peer0.irs3.kit.edu,peer,175730046,175740762,10716
run_006,csr,csr_1772980466,csr-irs3-1772980466,csr-irs3-1772980466,,operation_start,csr_submit_done,2026-03-08T14:34:26.304388Z,2026-03-08T14:34:28.641058Z,/var/lib/docker/volumes,fabric_peer1.irs3.kit.edu,other,175728619,175739335,10716
run_006,csr,csr_1772980466,csr-irs3-1772980466,csr-irs3-1772980466,,operation_start,csr_submit_done,2026-03-08T14:34:26.304388Z,2026-03-08T14:34:28.641058Z,/var/lib/docker/volumes,fabric_peer2.irs3.kit.edu,other,175730053,175740769,10716
run_006,csr,csr_1772980466,csr-irs3-1772980466,csr-irs3-1772980466,,operation_start,csr_submit_done,2026-03-08T14:34:26.304388Z,2026-03-08T14:34:28.641058Z,/var/lib/docker/volumes,fabric_peer3.irs3.kit.edu,other,175728603,175739319,10716
run_006,csr,csr_1772980466,csr-irs3-1772980466,csr-irs3-1772980466,,csr_submit_done,csr_voted,2026-03-08T14:34:28.641058Z,2026-03-08T14:34:31.529316667Z,/var/lib/docker/volumes,07323924f55a40af409ae862fc14ab08f2d8c06ba282f174beb7e74ff5782926,other,NA,NA,
run_006,csr,csr_1772980466,csr-irs3-1772980466,csr-irs3-1772980466,,csr_submit_done,csr_voted,2026-03-08T14:34:28.641058Z,2026-03-08T14:34:31.529316667Z,/var/lib/docker/volumes,301473890dade69bfa0d19b444d1f0769b67a90d1197c166d84af2511e48f916,other,49770,49770,0
run_006,csr,csr_1772980466,csr-irs3-1772980466,csr-irs3-1772980466,,csr_submit_done,csr_voted,2026-03-08T14:34:28.641058Z,2026-03-08T14:34:31.529316667Z,/var/lib/docker/volumes,6b7bb91b53bcbfeb56b486bba478d97728a3c0004c18649976daaade961a2721,other,NA,NA,
run_006,csr,csr_1772980466,csr-irs3-1772980466,csr-irs3-1772980466,,csr_submit_done,csr_voted,2026-03-08T14:34:28.641058Z,2026-03-08T14:34:31.529316667Z,/var/lib/docker/volumes,791e62bfc17bf044236c3dcb5d77ec82610b27aa4d5f3c78aff2e2842f98f9ee,other,NA,NA,
run_006,csr,csr_1772980466,csr-irs3-1772980466,csr-irs3-1772980466,,csr_submit_done,csr_voted,2026-03-08T14:34:28.641058Z,2026-03-08T14:34:31.529316667Z,/var/lib/docker/volumes,86e46c7349c98bd170ab7467b42f5b1a8fcf1438535fca6ee74a0dcce3856102,other,NA,NA,
run_006,csr,csr_1772980466,csr-irs3-1772980466,csr-irs3-1772980466,,csr_submit_done,csr_voted,2026-03-08T14:34:28.641058Z,2026-03-08T14:34:31.529316667Z,/var/lib/docker/volumes,99ac8c723665556c954d288ca00335f1fae5493d384cb656ecf5a945cc9ae3b8,other,NA,NA,
run_006,csr,csr_1772980466,csr-irs3-1772980466,csr-irs3-1772980466,,csr_submit_done,csr_voted,2026-03-08T14:34:28.641058Z,2026-03-08T14:34:31.529316667Z,/var/lib/docker/volumes,ab96d922f06ec7a94f1b5200e75e480c9ed7eba86fbbe33b5cb9edbe031c6ea8,other,49770,49770,0
run_006,csr,csr_1772980466,csr-irs3-1772980466,csr-irs3-1772980466,,csr_submit_done,csr_voted,2026-03-08T14:34:28.641058Z,2026-03-08T14:34:31.529316667Z,/var/lib/docker/volumes,c58c4c31a22da439d2b7f591fd40cdcdd9bb8458f543e682f66d858083ef9ea8,other,NA,NA,
run_006,csr,csr_1772980466,csr-irs3-1772980466,csr-irs3-1772980466,,csr_submit_done,csr_voted,2026-03-08T14:34:28.641058Z,2026-03-08T14:34:31.529316667Z,/var/lib/docker/volumes,d9b7785a06954372515977133a1213437b80c5db1517196ca5e26134d3413ccf,other,NA,NA,
run_006,csr,csr_1772980466,csr-irs3-1772980466,csr-irs3-1772980466,,csr_submit_done,csr_voted,2026-03-08T14:34:28.641058Z,2026-03-08T14:34:31.529316667Z,/var/lib/docker/volumes,dfb0ca7b4b9cad4ec8515f6484cd89e2febfe10817782070636d5b3db6848438,other,NA,NA,
run_006,csr,csr_1772980466,csr-irs3-1772980466,csr-irs3-1772980466,,csr_submit_done,csr_voted,2026-03-08T14:34:28.641058Z,2026-03-08T14:34:31.529316667Z,/var/lib/docker/volumes,fabric_orderer.kit.edu,orderer,339718748,339774252,55504
run_006,csr,csr_1772980466,csr-irs3-1772980466,csr-irs3-1772980466,,csr_submit_done,csr_voted,2026-03-08T14:34:28.641058Z,2026-03-08T14:34:31.529316667Z,/var/lib/docker/volumes,fabric_peer0.irs1.kit.edu,other,5006,5006,0
run_006,csr,csr_1772980466,csr-irs3-1772980466,csr-irs3-1772980466,,csr_submit_done,csr_voted,2026-03-08T14:34:28.641058Z,2026-03-08T14:34:31.529316667Z,/var/lib/docker/volumes,fabric_peer0.irs3.kit.edu,peer,175740762,175800129,59367
run_006,csr,csr_1772980466,csr-irs3-1772980466,csr-irs3-1772980466,,csr_submit_done,csr_voted,2026-03-08T14:34:28.641058Z,2026-03-08T14:34:31.529316667Z,/var/lib/docker/volumes,fabric_peer1.irs3.kit.edu,other,175739335,175798702,59367
run_006,csr,csr_1772980466,csr-irs3-1772980466,csr-irs3-1772980466,,csr_submit_done,csr_voted,2026-03-08T14:34:28.641058Z,2026-03-08T14:34:31.529316667Z,/var/lib/docker/volumes,fabric_peer2.irs3.kit.edu,other,175740769,175800136,59367
run_006,csr,csr_1772980466,csr-irs3-1772980466,csr-irs3-1772980466,,csr_submit_done,csr_voted,2026-03-08T14:34:28.641058Z,2026-03-08T14:34:31.529316667Z,/var/lib/docker/volumes,fabric_peer3.irs3.kit.edu,other,175739319,175798686,59367
run_006,csr,csr_1772980466,csr-irs3-1772980466,csr-irs3-1772980466,,csr_voted,csr_approved,2026-03-08T14:34:31.529316667Z,2026-03-08T14:34:48.821538829Z,/var/lib/docker/volumes,07323924f55a40af409ae862fc14ab08f2d8c06ba282f174beb7e74ff5782926,other,NA,NA,
run_006,csr,csr_1772980466,csr-irs3-1772980466,csr-irs3-1772980466,,csr_voted,csr_approved,2026-03-08T14:34:31.529316667Z,2026-03-08T14:34:48.821538829Z,/var/lib/docker/volumes,301473890dade69bfa0d19b444d1f0769b67a90d1197c166d84af2511e48f916,other,49770,49770,0
run_006,csr,csr_1772980466,csr-irs3-1772980466,csr-irs3-1772980466,,csr_voted,csr_approved,2026-03-08T14:34:31.529316667Z,2026-03-08T14:34:48.821538829Z,/var/lib/docker/volumes,6b7bb91b53bcbfeb56b486bba478d97728a3c0004c18649976daaade961a2721,other,NA,NA,
run_006,csr,csr_1772980466,csr-irs3-1772980466,csr-irs3-1772980466,,csr_voted,csr_approved,2026-03-08T14:34:31.529316667Z,2026-03-08T14:34:48.821538829Z,/var/lib/docker/volumes,791e62bfc17bf044236c3dcb5d77ec82610b27aa4d5f3c78aff2e2842f98f9ee,other,NA,NA,
run_006,csr,csr_1772980466,csr-irs3-1772980466,csr-irs3-1772980466,,csr_voted,csr_approved,2026-03-08T14:34:31.529316667Z,2026-03-08T14:34:48.821538829Z,/var/lib/docker/volumes,86e46c7349c98bd170ab7467b42f5b1a8fcf1438535fca6ee74a0dcce3856102,other,NA,NA,
run_006,csr,csr_1772980466,csr-irs3-1772980466,csr-irs3-1772980466,,csr_voted,csr_approved,2026-03-08T14:34:31.529316667Z,2026-03-08T14:34:48.821538829Z,/var/lib/docker/volumes,99ac8c723665556c954d288ca00335f1fae5493d384cb656ecf5a945cc9ae3b8,other,NA,NA,
run_006,csr,csr_1772980466,csr-irs3-1772980466,csr-irs3-1772980466,,csr_voted,csr_approved,2026-03-08T14:34:31.529316667Z,2026-03-08T14:34:48.821538829Z,/var/lib/docker/volumes,ab96d922f06ec7a94f1b5200e75e480c9ed7eba86fbbe33b5cb9edbe031c6ea8,other,49770,49770,0
run_006,csr,csr_1772980466,csr-irs3-1772980466,csr-irs3-1772980466,,csr_voted,csr_approved,2026-03-08T14:34:31.529316667Z,2026-03-08T14:34:48.821538829Z,/var/lib/docker/volumes,c58c4c31a22da439d2b7f591fd40cdcdd9bb8458f543e682f66d858083ef9ea8,other,NA,NA,
run_006,csr,csr_1772980466,csr-irs3-1772980466,csr-irs3-1772980466,,csr_voted,csr_approved,2026-03-08T14:34:31.529316667Z,2026-03-08T14:34:48.821538829Z,/var/lib/docker/volumes,d9b7785a06954372515977133a1213437b80c5db1517196ca5e26134d3413ccf,other,NA,NA,
run_006,csr,csr_1772980466,csr-irs3-1772980466,csr-irs3-1772980466,,csr_voted,csr_approved,2026-03-08T14:34:31.529316667Z,2026-03-08T14:34:48.821538829Z,/var/lib/docker/volumes,dfb0ca7b4b9cad4ec8515f6484cd89e2febfe10817782070636d5b3db6848438,other,NA,NA,
run_006,csr,csr_1772980466,csr-irs3-1772980466,csr-irs3-1772980466,,csr_voted,csr_approved,2026-03-08T14:34:31.529316667Z,2026-03-08T14:34:48.821538829Z,/var/lib/docker/volumes,fabric_orderer.kit.edu,orderer,339774252,340461176,686924
run_006,csr,csr_1772980466,csr-irs3-1772980466,csr-irs3-1772980466,,csr_voted,csr_approved,2026-03-08T14:34:31.529316667Z,2026-03-08T14:34:48.821538829Z,/var/lib/docker/volumes,fabric_peer0.irs1.kit.edu,other,5006,5006,0
run_006,csr,csr_1772980466,csr-irs3-1772980466,csr-irs3-1772980466,,csr_voted,csr_approved,2026-03-08T14:34:31.529316667Z,2026-03-08T14:34:48.821538829Z,/var/lib/docker/volumes,fabric_peer0.irs3.kit.edu,peer,175800129,176532322,732193
run_006,csr,csr_1772980466,csr-irs3-1772980466,csr-irs3-1772980466,,csr_voted,csr_approved,2026-03-08T14:34:31.529316667Z,2026-03-08T14:34:48.821538829Z,/var/lib/docker/volumes,fabric_peer1.irs3.kit.edu,other,175798702,176530895,732193
run_006,csr,csr_1772980466,csr-irs3-1772980466,csr-irs3-1772980466,,csr_voted,csr_approved,2026-03-08T14:34:31.529316667Z,2026-03-08T14:34:48.821538829Z,/var/lib/docker/volumes,fabric_peer2.irs3.kit.edu,other,175800136,176532329,732193
run_006,csr,csr_1772980466,csr-irs3-1772980466,csr-irs3-1772980466,,csr_voted,csr_approved,2026-03-08T14:34:31.529316667Z,2026-03-08T14:34:48.821538829Z,/var/lib/docker/volumes,fabric_peer3.irs3.kit.edu,other,175798686,176530879,732193
run_006,csr,csr_1772980466,csr-irs3-1772980466,csr-irs3-1772980466,,csr_approved,cert_registered,2026-03-08T14:34:48.821538829Z,2026-03-08T14:36:26.731314287Z,/var/lib/docker/volumes,07323924f55a40af409ae862fc14ab08f2d8c06ba282f174beb7e74ff5782926,other,NA,NA,
run_006,csr,csr_1772980466,csr-irs3-1772980466,csr-irs3-1772980466,,csr_approved,cert_registered,2026-03-08T14:34:48.821538829Z,2026-03-08T14:36:26.731314287Z,/var/lib/docker/volumes,301473890dade69bfa0d19b444d1f0769b67a90d1197c166d84af2511e48f916,other,49770,49770,0
run_006,csr,csr_1772980466,csr-irs3-1772980466,csr-irs3-1772980466,,csr_approved,cert_registered,2026-03-08T14:34:48.821538829Z,2026-03-08T14:36:26.731314287Z,/var/lib/docker/volumes,6b7bb91b53bcbfeb56b486bba478d97728a3c0004c18649976daaade961a2721,other,NA,NA,
run_006,csr,csr_1772980466,csr-irs3-1772980466,csr-irs3-1772980466,,csr_approved,cert_registered,2026-03-08T14:34:48.821538829Z,2026-03-08T14:36:26.731314287Z,/var/lib/docker/volumes,791e62bfc17bf044236c3dcb5d77ec82610b27aa4d5f3c78aff2e2842f98f9ee,other,NA,NA,
run_006,csr,csr_1772980466,csr-irs3-1772980466,csr-irs3-1772980466,,csr_approved,cert_registered,2026-03-08T14:34:48.821538829Z,2026-03-08T14:36:26.731314287Z,/var/lib/docker/volumes,86e46c7349c98bd170ab7467b42f5b1a8fcf1438535fca6ee74a0dcce3856102,other,NA,NA,
run_006,csr,csr_1772980466,csr-irs3-1772980466,csr-irs3-1772980466,,csr_approved,cert_registered,2026-03-08T14:34:48.821538829Z,2026-03-08T14:36:26.731314287Z,/var/lib/docker/volumes,99ac8c723665556c954d288ca00335f1fae5493d384cb656ecf5a945cc9ae3b8,other,NA,NA,
run_006,csr,csr_1772980466,csr-irs3-1772980466,csr-irs3-1772980466,,csr_approved,cert_registered,2026-03-08T14:34:48.821538829Z,2026-03-08T14:36:26.731314287Z,/var/lib/docker/volumes,ab96d922f06ec7a94f1b5200e75e480c9ed7eba86fbbe33b5cb9edbe031c6ea8,other,49770,49770,0
run_006,csr,csr_1772980466,csr-irs3-1772980466,csr-irs3-1772980466,,csr_approved,cert_registered,2026-03-08T14:34:48.821538829Z,2026-03-08T14:36:26.731314287Z,/var/lib/docker/volumes,c58c4c31a22da439d2b7f591fd40cdcdd9bb8458f543e682f66d858083ef9ea8,other,NA,NA,
run_006,csr,csr_1772980466,csr-irs3-1772980466,csr-irs3-1772980466,,csr_approved,cert_registered,2026-03-08T14:34:48.821538829Z,2026-03-08T14:36:26.731314287Z,/var/lib/docker/volumes,d9b7785a06954372515977133a1213437b80c5db1517196ca5e26134d3413ccf,other,NA,NA,
run_006,csr,csr_1772980466,csr-irs3-1772980466,csr-irs3-1772980466,,csr_approved,cert_registered,2026-03-08T14:34:48.821538829Z,2026-03-08T14:36:26.731314287Z,/var/lib/docker/volumes,dfb0ca7b4b9cad4ec8515f6484cd89e2febfe10817782070636d5b3db6848438,other,NA,NA,
run_006,csr,csr_1772980466,csr-irs3-1772980466,csr-irs3-1772980466,,csr_approved,cert_registered,2026-03-08T14:34:48.821538829Z,2026-03-08T14:36:26.731314287Z,/var/lib/docker/volumes,fabric_orderer.kit.edu,orderer,340461176,341705837,1244661
run_006,csr,csr_1772980466,csr-irs3-1772980466,csr-irs3-1772980466,,csr_approved,cert_registered,2026-03-08T14:34:48.821538829Z,2026-03-08T14:36:26.731314287Z,/var/lib/docker/volumes,fabric_peer0.irs1.kit.edu,other,5006,5006,0
run_006,csr,csr_1772980466,csr-irs3-1772980466,csr-irs3-1772980466,,csr_approved,cert_registered,2026-03-08T14:34:48.821538829Z,2026-03-08T14:36:26.731314287Z,/var/lib/docker/volumes,fabric_peer0.irs3.kit.edu,peer,176532322,177892991,1360669
run_006,csr,csr_1772980466,csr-irs3-1772980466,csr-irs3-1772980466,,csr_approved,cert_registered,2026-03-08T14:34:48.821538829Z,2026-03-08T14:36:26.731314287Z,/var/lib/docker/volumes,fabric_peer1.irs3.kit.edu,other,176530895,177891564,1360669
run_006,csr,csr_1772980466,csr-irs3-1772980466,csr-irs3-1772980466,,csr_approved,cert_registered,2026-03-08T14:34:48.821538829Z,2026-03-08T14:36:26.731314287Z,/var/lib/docker/volumes,fabric_peer2.irs3.kit.edu,other,176532329,177892998,1360669
run_006,csr,csr_1772980466,csr-irs3-1772980466,csr-irs3-1772980466,,csr_approved,cert_registered,2026-03-08T14:34:48.821538829Z,2026-03-08T14:36:26.731314287Z,/var/lib/docker/volumes,fabric_peer3.irs3.kit.edu,other,176530879,177891548,1360669
run_006,csr,csr_1772980466,csr-irs3-1772980466,csr-irs3-1772980466,,cert_registered,operation_end,2026-03-08T14:36:26.731314287Z,2026-03-08T14:36:28.433912Z,/var/lib/docker/volumes,07323924f55a40af409ae862fc14ab08f2d8c06ba282f174beb7e74ff5782926,other,NA,NA,
run_006,csr,csr_1772980466,csr-irs3-1772980466,csr-irs3-1772980466,,cert_registered,operation_end,2026-03-08T14:36:26.731314287Z,2026-03-08T14:36:28.433912Z,/var/lib/docker/volumes,301473890dade69bfa0d19b444d1f0769b67a90d1197c166d84af2511e48f916,other,49770,49770,0
run_006,csr,csr_1772980466,csr-irs3-1772980466,csr-irs3-1772980466,,cert_registered,operation_end,2026-03-08T14:36:26.731314287Z,2026-03-08T14:36:28.433912Z,/var/lib/docker/volumes,6b7bb91b53bcbfeb56b486bba478d97728a3c0004c18649976daaade961a2721,other,NA,NA,
run_006,csr,csr_1772980466,csr-irs3-1772980466,csr-irs3-1772980466,,cert_registered,operation_end,2026-03-08T14:36:26.731314287Z,2026-03-08T14:36:28.433912Z,/var/lib/docker/volumes,791e62bfc17bf044236c3dcb5d77ec82610b27aa4d5f3c78aff2e2842f98f9ee,other,NA,NA,
run_006,csr,csr_1772980466,csr-irs3-1772980466,csr-irs3-1772980466,,cert_registered,operation_end,2026-03-08T14:36:26.731314287Z,2026-03-08T14:36:28.433912Z,/var/lib/docker/volumes,86e46c7349c98bd170ab7467b42f5b1a8fcf1438535fca6ee74a0dcce3856102,other,NA,NA,
run_006,csr,csr_1772980466,csr-irs3-1772980466,csr-irs3-1772980466,,cert_registered,operation_end,2026-03-08T14:36:26.731314287Z,2026-03-08T14:36:28.433912Z,/var/lib/docker/volumes,99ac8c723665556c954d288ca00335f1fae5493d384cb656ecf5a945cc9ae3b8,other,NA,NA,
run_006,csr,csr_1772980466,csr-irs3-1772980466,csr-irs3-1772980466,,cert_registered,operation_end,2026-03-08T14:36:26.731314287Z,2026-03-08T14:36:28.433912Z,/var/lib/docker/volumes,ab96d922f06ec7a94f1b5200e75e480c9ed7eba86fbbe33b5cb9edbe031c6ea8,other,49770,49770,0
run_006,csr,csr_1772980466,csr-irs3-1772980466,csr-irs3-1772980466,,cert_registered,operation_end,2026-03-08T14:36:26.731314287Z,2026-03-08T14:36:28.433912Z,/var/lib/docker/volumes,c58c4c31a22da439d2b7f591fd40cdcdd9bb8458f543e682f66d858083ef9ea8,other,NA,NA,
run_006,csr,csr_1772980466,csr-irs3-1772980466,csr-irs3-1772980466,,cert_registered,operation_end,2026-03-08T14:36:26.731314287Z,2026-03-08T14:36:28.433912Z,/var/lib/docker/volumes,d9b7785a06954372515977133a1213437b80c5db1517196ca5e26134d3413ccf,other,NA,NA,
run_006,csr,csr_1772980466,csr-irs3-1772980466,csr-irs3-1772980466,,cert_registered,operation_end,2026-03-08T14:36:26.731314287Z,2026-03-08T14:36:28.433912Z,/var/lib/docker/volumes,dfb0ca7b4b9cad4ec8515f6484cd89e2febfe10817782070636d5b3db6848438,other,NA,NA,
run_006,csr,csr_1772980466,csr-irs3-1772980466,csr-irs3-1772980466,,cert_registered,operation_end,2026-03-08T14:36:26.731314287Z,2026-03-08T14:36:28.433912Z,/var/lib/docker/volumes,fabric_orderer.kit.edu,orderer,341705837,341705837,0
run_006,csr,csr_1772980466,csr-irs3-1772980466,csr-irs3-1772980466,,cert_registered,operation_end,2026-03-08T14:36:26.731314287Z,2026-03-08T14:36:28.433912Z,/var/lib/docker/volumes,fabric_peer0.irs1.kit.edu,other,5006,5006,0
run_006,csr,csr_1772980466,csr-irs3-1772980466,csr-irs3-1772980466,,cert_registered,operation_end,2026-03-08T14:36:26.731314287Z,2026-03-08T14:36:28.433912Z,/var/lib/docker/volumes,fabric_peer0.irs3.kit.edu,peer,177892991,177892991,0
run_006,csr,csr_1772980466,csr-irs3-1772980466,csr-irs3-1772980466,,cert_registered,operation_end,2026-03-08T14:36:26.731314287Z,2026-03-08T14:36:28.433912Z,/var/lib/docker/volumes,fabric_peer1.irs3.kit.edu,other,177891564,177891564,0
run_006,csr,csr_1772980466,csr-irs3-1772980466,csr-irs3-1772980466,,cert_registered,operation_end,2026-03-08T14:36:26.731314287Z,2026-03-08T14:36:28.433912Z,/var/lib/docker/volumes,fabric_peer2.irs3.kit.edu,other,177892998,177892998,0
run_006,csr,csr_1772980466,csr-irs3-1772980466,csr-irs3-1772980466,,cert_registered,operation_end,2026-03-08T14:36:26.731314287Z,2026-03-08T14:36:28.433912Z,/var/lib/docker/volumes,fabric_peer3.irs3.kit.edu,other,177891548,177891548,0
run_006,revocation,revocation_1772980609,revoke-irs3-1772980609,revoke-irs3-1772980609,,operation_start,revocation_submit_done,2026-03-08T14:36:49.249323Z,2026-03-08T14:36:51.585745Z,/var/lib/docker/volumes,07323924f55a40af409ae862fc14ab08f2d8c06ba282f174beb7e74ff5782926,other,NA,NA,
run_006,revocation,revocation_1772980609,revoke-irs3-1772980609,revoke-irs3-1772980609,,operation_start,revocation_submit_done,2026-03-08T14:36:49.249323Z,2026-03-08T14:36:51.585745Z,/var/lib/docker/volumes,301473890dade69bfa0d19b444d1f0769b67a90d1197c166d84af2511e48f916,other,49770,49770,0
run_006,revocation,revocation_1772980609,revoke-irs3-1772980609,revoke-irs3-1772980609,,operation_start,revocation_submit_done,2026-03-08T14:36:49.249323Z,2026-03-08T14:36:51.585745Z,/var/lib/docker/volumes,6b7bb91b53bcbfeb56b486bba478d97728a3c0004c18649976daaade961a2721,other,NA,NA,
run_006,revocation,revocation_1772980609,revoke-irs3-1772980609,revoke-irs3-1772980609,,operation_start,revocation_submit_done,2026-03-08T14:36:49.249323Z,2026-03-08T14:36:51.585745Z,/var/lib/docker/volumes,791e62bfc17bf044236c3dcb5d77ec82610b27aa4d5f3c78aff2e2842f98f9ee,other,NA,NA,
run_006,revocation,revocation_1772980609,revoke-irs3-1772980609,revoke-irs3-1772980609,,operation_start,revocation_submit_done,2026-03-08T14:36:49.249323Z,2026-03-08T14:36:51.585745Z,/var/lib/docker/volumes,86e46c7349c98bd170ab7467b42f5b1a8fcf1438535fca6ee74a0dcce3856102,other,NA,NA,
run_006,revocation,revocation_1772980609,revoke-irs3-1772980609,revoke-irs3-1772980609,,operation_start,revocation_submit_done,2026-03-08T14:36:49.249323Z,2026-03-08T14:36:51.585745Z,/var/lib/docker/volumes,99ac8c723665556c954d288ca00335f1fae5493d384cb656ecf5a945cc9ae3b8,other,NA,NA,
run_006,revocation,revocation_1772980609,revoke-irs3-1772980609,revoke-irs3-1772980609,,operation_start,revocation_submit_done,2026-03-08T14:36:49.249323Z,2026-03-08T14:36:51.585745Z,/var/lib/docker/volumes,ab96d922f06ec7a94f1b5200e75e480c9ed7eba86fbbe33b5cb9edbe031c6ea8,other,49770,49770,0
run_006,revocation,revocation_1772980609,revoke-irs3-1772980609,revoke-irs3-1772980609,,operation_start,revocation_submit_done,2026-03-08T14:36:49.249323Z,2026-03-08T14:36:51.585745Z,/var/lib/docker/volumes,c58c4c31a22da439d2b7f591fd40cdcdd9bb8458f543e682f66d858083ef9ea8,other,NA,NA,
run_006,revocation,revocation_1772980609,revoke-irs3-1772980609,revoke-irs3-1772980609,,operation_start,revocation_submit_done,2026-03-08T14:36:49.249323Z,2026-03-08T14:36:51.585745Z,/var/lib/docker/volumes,d9b7785a06954372515977133a1213437b80c5db1517196ca5e26134d3413ccf,other,NA,NA,
run_006,revocation,revocation_1772980609,revoke-irs3-1772980609,revoke-irs3-1772980609,,operation_start,revocation_submit_done,2026-03-08T14:36:49.249323Z,2026-03-08T14:36:51.585745Z,/var/lib/docker/volumes,dfb0ca7b4b9cad4ec8515f6484cd89e2febfe10817782070636d5b3db6848438,other,NA,NA,
run_006,revocation,revocation_1772980609,revoke-irs3-1772980609,revoke-irs3-1772980609,,operation_start,revocation_submit_done,2026-03-08T14:36:49.249323Z,2026-03-08T14:36:51.585745Z,/var/lib/docker/volumes,fabric_orderer.kit.edu,orderer,341752526,341759735,7209
run_006,revocation,revocation_1772980609,revoke-irs3-1772980609,revoke-irs3-1772980609,,operation_start,revocation_submit_done,2026-03-08T14:36:49.249323Z,2026-03-08T14:36:51.585745Z,/var/lib/docker/volumes,fabric_peer0.irs1.kit.edu,other,5006,5006,0
run_006,revocation,revocation_1772980609,revoke-irs3-1772980609,revoke-irs3-1772980609,,operation_start,revocation_submit_done,2026-03-08T14:36:49.249323Z,2026-03-08T14:36:51.585745Z,/var/lib/docker/volumes,fabric_peer0.irs3.kit.edu,peer,177419631,177427882,8251
run_006,revocation,revocation_1772980609,revoke-irs3-1772980609,revoke-irs3-1772980609,,operation_start,revocation_submit_done,2026-03-08T14:36:49.249323Z,2026-03-08T14:36:51.585745Z,/var/lib/docker/volumes,fabric_peer1.irs3.kit.edu,other,177939480,177947731,8251
run_006,revocation,revocation_1772980609,revoke-irs3-1772980609,revoke-irs3-1772980609,,operation_start,revocation_submit_done,2026-03-08T14:36:49.249323Z,2026-03-08T14:36:51.585745Z,/var/lib/docker/volumes,fabric_peer2.irs3.kit.edu,other,177940914,177949165,8251
run_006,revocation,revocation_1772980609,revoke-irs3-1772980609,revoke-irs3-1772980609,,operation_start,revocation_submit_done,2026-03-08T14:36:49.249323Z,2026-03-08T14:36:51.585745Z,/var/lib/docker/volumes,fabric_peer3.irs3.kit.edu,other,177939464,177947715,8251
run_006,revocation,revocation_1772980609,revoke-irs3-1772980609,revoke-irs3-1772980609,,revocation_submit_done,revocation_voted,2026-03-08T14:36:51.585745Z,2026-03-08T14:36:54.159280789Z,/var/lib/docker/volumes,07323924f55a40af409ae862fc14ab08f2d8c06ba282f174beb7e74ff5782926,other,NA,NA,
run_006,revocation,revocation_1772980609,revoke-irs3-1772980609,revoke-irs3-1772980609,,revocation_submit_done,revocation_voted,2026-03-08T14:36:51.585745Z,2026-03-08T14:36:54.159280789Z,/var/lib/docker/volumes,301473890dade69bfa0d19b444d1f0769b67a90d1197c166d84af2511e48f916,other,49770,49770,0
run_006,revocation,revocation_1772980609,revoke-irs3-1772980609,revoke-irs3-1772980609,,revocation_submit_done,revocation_voted,2026-03-08T14:36:51.585745Z,2026-03-08T14:36:54.159280789Z,/var/lib/docker/volumes,6b7bb91b53bcbfeb56b486bba478d97728a3c0004c18649976daaade961a2721,other,NA,NA,
run_006,revocation,revocation_1772980609,revoke-irs3-1772980609,revoke-irs3-1772980609,,revocation_submit_done,revocation_voted,2026-03-08T14:36:51.585745Z,2026-03-08T14:36:54.159280789Z,/var/lib/docker/volumes,791e62bfc17bf044236c3dcb5d77ec82610b27aa4d5f3c78aff2e2842f98f9ee,other,NA,NA,
run_006,revocation,revocation_1772980609,revoke-irs3-1772980609,revoke-irs3-1772980609,,revocation_submit_done,revocation_voted,2026-03-08T14:36:51.585745Z,2026-03-08T14:36:54.159280789Z,/var/lib/docker/volumes,86e46c7349c98bd170ab7467b42f5b1a8fcf1438535fca6ee74a0dcce3856102,other,NA,NA,
run_006,revocation,revocation_1772980609,revoke-irs3-1772980609,revoke-irs3-1772980609,,revocation_submit_done,revocation_voted,2026-03-08T14:36:51.585745Z,2026-03-08T14:36:54.159280789Z,/var/lib/docker/volumes,99ac8c723665556c954d288ca00335f1fae5493d384cb656ecf5a945cc9ae3b8,other,NA,NA,
run_006,revocation,revocation_1772980609,revoke-irs3-1772980609,revoke-irs3-1772980609,,revocation_submit_done,revocation_voted,2026-03-08T14:36:51.585745Z,2026-03-08T14:36:54.159280789Z,/var/lib/docker/volumes,ab96d922f06ec7a94f1b5200e75e480c9ed7eba86fbbe33b5cb9edbe031c6ea8,other,49770,49770,0
run_006,revocation,revocation_1772980609,revoke-irs3-1772980609,revoke-irs3-1772980609,,revocation_submit_done,revocation_voted,2026-03-08T14:36:51.585745Z,2026-03-08T14:36:54.159280789Z,/var/lib/docker/volumes,c58c4c31a22da439d2b7f591fd40cdcdd9bb8458f543e682f66d858083ef9ea8,other,NA,NA,
run_006,revocation,revocation_1772980609,revoke-irs3-1772980609,revoke-irs3-1772980609,,revocation_submit_done,revocation_voted,2026-03-08T14:36:51.585745Z,2026-03-08T14:36:54.159280789Z,/var/lib/docker/volumes,d9b7785a06954372515977133a1213437b80c5db1517196ca5e26134d3413ccf,other,NA,NA,
run_006,revocation,revocation_1772980609,revoke-irs3-1772980609,revoke-irs3-1772980609,,revocation_submit_done,revocation_voted,2026-03-08T14:36:51.585745Z,2026-03-08T14:36:54.159280789Z,/var/lib/docker/volumes,dfb0ca7b4b9cad4ec8515f6484cd89e2febfe10817782070636d5b3db6848438,other,NA,NA,
run_006,revocation,revocation_1772980609,revoke-irs3-1772980609,revoke-irs3-1772980609,,revocation_submit_done,revocation_voted,2026-03-08T14:36:51.585745Z,2026-03-08T14:36:54.159280789Z,/var/lib/docker/volumes,fabric_orderer.kit.edu,orderer,341759735,341877574,117839
run_006,revocation,revocation_1772980609,revoke-irs3-1772980609,revoke-irs3-1772980609,,revocation_submit_done,revocation_voted,2026-03-08T14:36:51.585745Z,2026-03-08T14:36:54.159280789Z,/var/lib/docker/volumes,fabric_peer0.irs1.kit.edu,other,5006,5006,0
run_006,revocation,revocation_1772980609,revoke-irs3-1772980609,revoke-irs3-1772980609,,revocation_submit_done,revocation_voted,2026-03-08T14:36:51.585745Z,2026-03-08T14:36:54.159280789Z,/var/lib/docker/volumes,fabric_peer0.irs3.kit.edu,peer,177427882,177551846,123964
run_006,revocation,revocation_1772980609,revoke-irs3-1772980609,revoke-irs3-1772980609,,revocation_submit_done,revocation_voted,2026-03-08T14:36:51.585745Z,2026-03-08T14:36:54.159280789Z,/var/lib/docker/volumes,fabric_peer1.irs3.kit.edu,other,177947731,178071695,123964
run_006,revocation,revocation_1772980609,revoke-irs3-1772980609,revoke-irs3-1772980609,,revocation_submit_done,revocation_voted,2026-03-08T14:36:51.585745Z,2026-03-08T14:36:54.159280789Z,/var/lib/docker/volumes,fabric_peer2.irs3.kit.edu,other,177949165,178073129,123964
run_006,revocation,revocation_1772980609,revoke-irs3-1772980609,revoke-irs3-1772980609,,revocation_submit_done,revocation_voted,2026-03-08T14:36:51.585745Z,2026-03-08T14:36:54.159280789Z,/var/lib/docker/volumes,fabric_peer3.irs3.kit.edu,other,177947715,178071679,123964
run_006,revocation,revocation_1772980609,revoke-irs3-1772980609,revoke-irs3-1772980609,,revocation_voted,revocation_executed,2026-03-08T14:36:54.159280789Z,2026-03-08T14:37:11.390819038Z,/var/lib/docker/volumes,07323924f55a40af409ae862fc14ab08f2d8c06ba282f174beb7e74ff5782926,other,NA,NA,
run_006,revocation,revocation_1772980609,revoke-irs3-1772980609,revoke-irs3-1772980609,,revocation_voted,revocation_executed,2026-03-08T14:36:54.159280789Z,2026-03-08T14:37:11.390819038Z,/var/lib/docker/volumes,301473890dade69bfa0d19b444d1f0769b67a90d1197c166d84af2511e48f916,other,49770,49770,0
run_006,revocation,revocation_1772980609,revoke-irs3-1772980609,revoke-irs3-1772980609,,revocation_voted,revocation_executed,2026-03-08T14:36:54.159280789Z,2026-03-08T14:37:11.390819038Z,/var/lib/docker/volumes,6b7bb91b53bcbfeb56b486bba478d97728a3c0004c18649976daaade961a2721,other,NA,NA,
run_006,revocation,revocation_1772980609,revoke-irs3-1772980609,revoke-irs3-1772980609,,revocation_voted,revocation_executed,2026-03-08T14:36:54.159280789Z,2026-03-08T14:37:11.390819038Z,/var/lib/docker/volumes,791e62bfc17bf044236c3dcb5d77ec82610b27aa4d5f3c78aff2e2842f98f9ee,other,NA,NA,
run_006,revocation,revocation_1772980609,revoke-irs3-1772980609,revoke-irs3-1772980609,,revocation_voted,revocation_executed,2026-03-08T14:36:54.159280789Z,2026-03-08T14:37:11.390819038Z,/var/lib/docker/volumes,86e46c7349c98bd170ab7467b42f5b1a8fcf1438535fca6ee74a0dcce3856102,other,NA,NA,
run_006,revocation,revocation_1772980609,revoke-irs3-1772980609,revoke-irs3-1772980609,,revocation_voted,revocation_executed,2026-03-08T14:36:54.159280789Z,2026-03-08T14:37:11.390819038Z,/var/lib/docker/volumes,99ac8c723665556c954d288ca00335f1fae5493d384cb656ecf5a945cc9ae3b8,other,NA,NA,
run_006,revocation,revocation_1772980609,revoke-irs3-1772980609,revoke-irs3-1772980609,,revocation_voted,revocation_executed,2026-03-08T14:36:54.159280789Z,2026-03-08T14:37:11.390819038Z,/var/lib/docker/volumes,ab96d922f06ec7a94f1b5200e75e480c9ed7eba86fbbe33b5cb9edbe031c6ea8,other,49770,49770,0
run_006,revocation,revocation_1772980609,revoke-irs3-1772980609,revoke-irs3-1772980609,,revocation_voted,revocation_executed,2026-03-08T14:36:54.159280789Z,2026-03-08T14:37:11.390819038Z,/var/lib/docker/volumes,c58c4c31a22da439d2b7f591fd40cdcdd9bb8458f543e682f66d858083ef9ea8,other,NA,NA,
run_006,revocation,revocation_1772980609,revoke-irs3-1772980609,revoke-irs3-1772980609,,revocation_voted,revocation_executed,2026-03-08T14:36:54.159280789Z,2026-03-08T14:37:11.390819038Z,/var/lib/docker/volumes,d9b7785a06954372515977133a1213437b80c5db1517196ca5e26134d3413ccf,other,NA,NA,
run_006,revocation,revocation_1772980609,revoke-irs3-1772980609,revoke-irs3-1772980609,,revocation_voted,revocation_executed,2026-03-08T14:36:54.159280789Z,2026-03-08T14:37:11.390819038Z,/var/lib/docker/volumes,dfb0ca7b4b9cad4ec8515f6484cd89e2febfe10817782070636d5b3db6848438,other,NA,NA,
run_006,revocation,revocation_1772980609,revoke-irs3-1772980609,revoke-irs3-1772980609,,revocation_voted,revocation_executed,2026-03-08T14:36:54.159280789Z,2026-03-08T14:37:11.390819038Z,/var/lib/docker/volumes,fabric_orderer.kit.edu,orderer,341877574,342452224,574650
run_006,revocation,revocation_1772980609,revoke-irs3-1772980609,revoke-irs3-1772980609,,revocation_voted,revocation_executed,2026-03-08T14:36:54.159280789Z,2026-03-08T14:37:11.390819038Z,/var/lib/docker/volumes,fabric_peer0.irs1.kit.edu,other,5006,5006,0
run_006,revocation,revocation_1772980609,revoke-irs3-1772980609,revoke-irs3-1772980609,,revocation_voted,revocation_executed,2026-03-08T14:36:54.159280789Z,2026-03-08T14:37:11.390819038Z,/var/lib/docker/volumes,fabric_peer0.irs3.kit.edu,peer,177551846,178161278,609432
run_006,revocation,revocation_1772980609,revoke-irs3-1772980609,revoke-irs3-1772980609,,revocation_voted,revocation_executed,2026-03-08T14:36:54.159280789Z,2026-03-08T14:37:11.390819038Z,/var/lib/docker/volumes,fabric_peer1.irs3.kit.edu,other,178071695,178681127,609432
run_006,revocation,revocation_1772980609,revoke-irs3-1772980609,revoke-irs3-1772980609,,revocation_voted,revocation_executed,2026-03-08T14:36:54.159280789Z,2026-03-08T14:37:11.390819038Z,/var/lib/docker/volumes,fabric_peer2.irs3.kit.edu,other,178073129,178682561,609432
run_006,revocation,revocation_1772980609,revoke-irs3-1772980609,revoke-irs3-1772980609,,revocation_voted,revocation_executed,2026-03-08T14:36:54.159280789Z,2026-03-08T14:37:11.390819038Z,/var/lib/docker/volumes,fabric_peer3.irs3.kit.edu,other,178071679,178681111,609432
run_006,revocation,revocation_1772980609,revoke-irs3-1772980609,revoke-irs3-1772980609,,revocation_executed,operation_end,2026-03-08T14:37:11.390819038Z,2026-03-08T14:37:12.233167Z,/var/lib/docker/volumes,07323924f55a40af409ae862fc14ab08f2d8c06ba282f174beb7e74ff5782926,other,NA,NA,
run_006,revocation,revocation_1772980609,revoke-irs3-1772980609,revoke-irs3-1772980609,,revocation_executed,operation_end,2026-03-08T14:37:11.390819038Z,2026-03-08T14:37:12.233167Z,/var/lib/docker/volumes,301473890dade69bfa0d19b444d1f0769b67a90d1197c166d84af2511e48f916,other,49770,49770,0
run_006,revocation,revocation_1772980609,revoke-irs3-1772980609,revoke-irs3-1772980609,,revocation_executed,operation_end,2026-03-08T14:37:11.390819038Z,2026-03-08T14:37:12.233167Z,/var/lib/docker/volumes,6b7bb91b53bcbfeb56b486bba478d97728a3c0004c18649976daaade961a2721,other,NA,NA,
run_006,revocation,revocation_1772980609,revoke-irs3-1772980609,revoke-irs3-1772980609,,revocation_executed,operation_end,2026-03-08T14:37:11.390819038Z,2026-03-08T14:37:12.233167Z,/var/lib/docker/volumes,791e62bfc17bf044236c3dcb5d77ec82610b27aa4d5f3c78aff2e2842f98f9ee,other,NA,NA,
run_006,revocation,revocation_1772980609,revoke-irs3-1772980609,revoke-irs3-1772980609,,revocation_executed,operation_end,2026-03-08T14:37:11.390819038Z,2026-03-08T14:37:12.233167Z,/var/lib/docker/volumes,86e46c7349c98bd170ab7467b42f5b1a8fcf1438535fca6ee74a0dcce3856102,other,NA,NA,
run_006,revocation,revocation_1772980609,revoke-irs3-1772980609,revoke-irs3-1772980609,,revocation_executed,operation_end,2026-03-08T14:37:11.390819038Z,2026-03-08T14:37:12.233167Z,/var/lib/docker/volumes,99ac8c723665556c954d288ca00335f1fae5493d384cb656ecf5a945cc9ae3b8,other,NA,NA,
run_006,revocation,revocation_1772980609,revoke-irs3-1772980609,revoke-irs3-1772980609,,revocation_executed,operation_end,2026-03-08T14:37:11.390819038Z,2026-03-08T14:37:12.233167Z,/var/lib/docker/volumes,ab96d922f06ec7a94f1b5200e75e480c9ed7eba86fbbe33b5cb9edbe031c6ea8,other,49770,49770,0
run_006,revocation,revocation_1772980609,revoke-irs3-1772980609,revoke-irs3-1772980609,,revocation_executed,operation_end,2026-03-08T14:37:11.390819038Z,2026-03-08T14:37:12.233167Z,/var/lib/docker/volumes,c58c4c31a22da439d2b7f591fd40cdcdd9bb8458f543e682f66d858083ef9ea8,other,NA,NA,
run_006,revocation,revocation_1772980609,revoke-irs3-1772980609,revoke-irs3-1772980609,,revocation_executed,operation_end,2026-03-08T14:37:11.390819038Z,2026-03-08T14:37:12.233167Z,/var/lib/docker/volumes,d9b7785a06954372515977133a1213437b80c5db1517196ca5e26134d3413ccf,other,NA,NA,
run_006,revocation,revocation_1772980609,revoke-irs3-1772980609,revoke-irs3-1772980609,,revocation_executed,operation_end,2026-03-08T14:37:11.390819038Z,2026-03-08T14:37:12.233167Z,/var/lib/docker/volumes,dfb0ca7b4b9cad4ec8515f6484cd89e2febfe10817782070636d5b3db6848438,other,NA,NA,
run_006,revocation,revocation_1772980609,revoke-irs3-1772980609,revoke-irs3-1772980609,,revocation_executed,operation_end,2026-03-08T14:37:11.390819038Z,2026-03-08T14:37:12.233167Z,/var/lib/docker/volumes,fabric_orderer.kit.edu,orderer,342452224,342452224,0
run_006,revocation,revocation_1772980609,revoke-irs3-1772980609,revoke-irs3-1772980609,,revocation_executed,operation_end,2026-03-08T14:37:11.390819038Z,2026-03-08T14:37:12.233167Z,/var/lib/docker/volumes,fabric_peer0.irs1.kit.edu,other,5006,5006,0
run_006,revocation,revocation_1772980609,revoke-irs3-1772980609,revoke-irs3-1772980609,,revocation_executed,operation_end,2026-03-08T14:37:11.390819038Z,2026-03-08T14:37:12.233167Z,/var/lib/docker/volumes,fabric_peer0.irs3.kit.edu,peer,178161278,178161278,0
run_006,revocation,revocation_1772980609,revoke-irs3-1772980609,revoke-irs3-1772980609,,revocation_executed,operation_end,2026-03-08T14:37:11.390819038Z,2026-03-08T14:37:12.233167Z,/var/lib/docker/volumes,fabric_peer1.irs3.kit.edu,other,178681127,178681127,0
run_006,revocation,revocation_1772980609,revoke-irs3-1772980609,revoke-irs3-1772980609,,revocation_executed,operation_end,2026-03-08T14:37:11.390819038Z,2026-03-08T14:37:12.233167Z,/var/lib/docker/volumes,fabric_peer2.irs3.kit.edu,other,178682561,178682561,0
run_006,revocation,revocation_1772980609,revoke-irs3-1772980609,revoke-irs3-1772980609,,revocation_executed,operation_end,2026-03-08T14:37:11.390819038Z,2026-03-08T14:37:12.233167Z,/var/lib/docker/volumes,fabric_peer3.irs3.kit.edu,other,178681111,178681111,0
run_006,removal,removal_1772980651,remove-irs3-member1-1772980651,remove-irs3-member1-1772980651,38,operation_start,removal_submit_done,2026-03-08T14:37:31.024687Z,2026-03-08T14:37:33.448260Z,/var/lib/docker/volumes,07323924f55a40af409ae862fc14ab08f2d8c06ba282f174beb7e74ff5782926,other,NA,NA,
run_006,removal,removal_1772980651,remove-irs3-member1-1772980651,remove-irs3-member1-1772980651,38,operation_start,removal_submit_done,2026-03-08T14:37:31.024687Z,2026-03-08T14:37:33.448260Z,/var/lib/docker/volumes,301473890dade69bfa0d19b444d1f0769b67a90d1197c166d84af2511e48f916,other,49770,49770,0
run_006,removal,removal_1772980651,remove-irs3-member1-1772980651,remove-irs3-member1-1772980651,38,operation_start,removal_submit_done,2026-03-08T14:37:31.024687Z,2026-03-08T14:37:33.448260Z,/var/lib/docker/volumes,6b7bb91b53bcbfeb56b486bba478d97728a3c0004c18649976daaade961a2721,other,NA,NA,
run_006,removal,removal_1772980651,remove-irs3-member1-1772980651,remove-irs3-member1-1772980651,38,operation_start,removal_submit_done,2026-03-08T14:37:31.024687Z,2026-03-08T14:37:33.448260Z,/var/lib/docker/volumes,791e62bfc17bf044236c3dcb5d77ec82610b27aa4d5f3c78aff2e2842f98f9ee,other,NA,NA,
run_006,removal,removal_1772980651,remove-irs3-member1-1772980651,remove-irs3-member1-1772980651,38,operation_start,removal_submit_done,2026-03-08T14:37:31.024687Z,2026-03-08T14:37:33.448260Z,/var/lib/docker/volumes,86e46c7349c98bd170ab7467b42f5b1a8fcf1438535fca6ee74a0dcce3856102,other,NA,NA,
run_006,removal,removal_1772980651,remove-irs3-member1-1772980651,remove-irs3-member1-1772980651,38,operation_start,removal_submit_done,2026-03-08T14:37:31.024687Z,2026-03-08T14:37:33.448260Z,/var/lib/docker/volumes,99ac8c723665556c954d288ca00335f1fae5493d384cb656ecf5a945cc9ae3b8,other,NA,NA,
run_006,removal,removal_1772980651,remove-irs3-member1-1772980651,remove-irs3-member1-1772980651,38,operation_start,removal_submit_done,2026-03-08T14:37:31.024687Z,2026-03-08T14:37:33.448260Z,/var/lib/docker/volumes,ab96d922f06ec7a94f1b5200e75e480c9ed7eba86fbbe33b5cb9edbe031c6ea8,other,49770,49770,0
run_006,removal,removal_1772980651,remove-irs3-member1-1772980651,remove-irs3-member1-1772980651,38,operation_start,removal_submit_done,2026-03-08T14:37:31.024687Z,2026-03-08T14:37:33.448260Z,/var/lib/docker/volumes,c58c4c31a22da439d2b7f591fd40cdcdd9bb8458f543e682f66d858083ef9ea8,other,NA,NA,
run_006,removal,removal_1772980651,remove-irs3-member1-1772980651,remove-irs3-member1-1772980651,38,operation_start,removal_submit_done,2026-03-08T14:37:31.024687Z,2026-03-08T14:37:33.448260Z,/var/lib/docker/volumes,d9b7785a06954372515977133a1213437b80c5db1517196ca5e26134d3413ccf,other,NA,NA,
run_006,removal,removal_1772980651,remove-irs3-member1-1772980651,remove-irs3-member1-1772980651,38,operation_start,removal_submit_done,2026-03-08T14:37:31.024687Z,2026-03-08T14:37:33.448260Z,/var/lib/docker/volumes,dfb0ca7b4b9cad4ec8515f6484cd89e2febfe10817782070636d5b3db6848438,other,NA,NA,
run_006,removal,removal_1772980651,remove-irs3-member1-1772980651,remove-irs3-member1-1772980651,38,operation_start,removal_submit_done,2026-03-08T14:37:31.024687Z,2026-03-08T14:37:33.448260Z,/var/lib/docker/volumes,fabric_orderer.kit.edu,orderer,342452224,342461599,9375
run_006,removal,removal_1772980651,remove-irs3-member1-1772980651,remove-irs3-member1-1772980651,38,operation_start,removal_submit_done,2026-03-08T14:37:31.024687Z,2026-03-08T14:37:33.448260Z,/var/lib/docker/volumes,fabric_peer0.irs1.kit.edu,other,5006,5006,0
run_006,removal,removal_1772980651,remove-irs3-member1-1772980651,remove-irs3-member1-1772980651,38,operation_start,removal_submit_done,2026-03-08T14:37:31.024687Z,2026-03-08T14:37:33.448260Z,/var/lib/docker/volumes,fabric_peer0.irs3.kit.edu,peer,178161278,178171766,10488
run_006,removal,removal_1772980651,remove-irs3-member1-1772980651,remove-irs3-member1-1772980651,38,operation_start,removal_submit_done,2026-03-08T14:37:31.024687Z,2026-03-08T14:37:33.448260Z,/var/lib/docker/volumes,fabric_peer1.irs3.kit.edu,other,178681127,178691615,10488
run_006,removal,removal_1772980651,remove-irs3-member1-1772980651,remove-irs3-member1-1772980651,38,operation_start,removal_submit_done,2026-03-08T14:37:31.024687Z,2026-03-08T14:37:33.448260Z,/var/lib/docker/volumes,fabric_peer2.irs3.kit.edu,other,178682561,178693049,10488
run_006,removal,removal_1772980651,remove-irs3-member1-1772980651,remove-irs3-member1-1772980651,38,operation_start,removal_submit_done,2026-03-08T14:37:31.024687Z,2026-03-08T14:37:33.448260Z,/var/lib/docker/volumes,fabric_peer3.irs3.kit.edu,other,178681111,178691599,10488
run_006,removal,removal_1772980651,remove-irs3-member1-1772980651,remove-irs3-member1-1772980651,38,removal_submit_done,removal_voted,2026-03-08T14:37:33.448260Z,2026-03-08T14:37:36.080932297Z,/var/lib/docker/volumes,07323924f55a40af409ae862fc14ab08f2d8c06ba282f174beb7e74ff5782926,other,NA,NA,
run_006,removal,removal_1772980651,remove-irs3-member1-1772980651,remove-irs3-member1-1772980651,38,removal_submit_done,removal_voted,2026-03-08T14:37:33.448260Z,2026-03-08T14:37:36.080932297Z,/var/lib/docker/volumes,301473890dade69bfa0d19b444d1f0769b67a90d1197c166d84af2511e48f916,other,49770,49770,0
run_006,removal,removal_1772980651,remove-irs3-member1-1772980651,remove-irs3-member1-1772980651,38,removal_submit_done,removal_voted,2026-03-08T14:37:33.448260Z,2026-03-08T14:37:36.080932297Z,/var/lib/docker/volumes,6b7bb91b53bcbfeb56b486bba478d97728a3c0004c18649976daaade961a2721,other,NA,NA,
run_006,removal,removal_1772980651,remove-irs3-member1-1772980651,remove-irs3-member1-1772980651,38,removal_submit_done,removal_voted,2026-03-08T14:37:33.448260Z,2026-03-08T14:37:36.080932297Z,/var/lib/docker/volumes,791e62bfc17bf044236c3dcb5d77ec82610b27aa4d5f3c78aff2e2842f98f9ee,other,NA,NA,
run_006,removal,removal_1772980651,remove-irs3-member1-1772980651,remove-irs3-member1-1772980651,38,removal_submit_done,removal_voted,2026-03-08T14:37:33.448260Z,2026-03-08T14:37:36.080932297Z,/var/lib/docker/volumes,86e46c7349c98bd170ab7467b42f5b1a8fcf1438535fca6ee74a0dcce3856102,other,NA,NA,
run_006,removal,removal_1772980651,remove-irs3-member1-1772980651,remove-irs3-member1-1772980651,38,removal_submit_done,removal_voted,2026-03-08T14:37:33.448260Z,2026-03-08T14:37:36.080932297Z,/var/lib/docker/volumes,99ac8c723665556c954d288ca00335f1fae5493d384cb656ecf5a945cc9ae3b8,other,NA,NA,
run_006,removal,removal_1772980651,remove-irs3-member1-1772980651,remove-irs3-member1-1772980651,38,removal_submit_done,removal_voted,2026-03-08T14:37:33.448260Z,2026-03-08T14:37:36.080932297Z,/var/lib/docker/volumes,ab96d922f06ec7a94f1b5200e75e480c9ed7eba86fbbe33b5cb9edbe031c6ea8,other,49770,49770,0
run_006,removal,removal_1772980651,remove-irs3-member1-1772980651,remove-irs3-member1-1772980651,38,removal_submit_done,removal_voted,2026-03-08T14:37:33.448260Z,2026-03-08T14:37:36.080932297Z,/var/lib/docker/volumes,c58c4c31a22da439d2b7f591fd40cdcdd9bb8458f543e682f66d858083ef9ea8,other,NA,NA,
run_006,removal,removal_1772980651,remove-irs3-member1-1772980651,remove-irs3-member1-1772980651,38,removal_submit_done,removal_voted,2026-03-08T14:37:33.448260Z,2026-03-08T14:37:36.080932297Z,/var/lib/docker/volumes,d9b7785a06954372515977133a1213437b80c5db1517196ca5e26134d3413ccf,other,NA,NA,
run_006,removal,removal_1772980651,remove-irs3-member1-1772980651,remove-irs3-member1-1772980651,38,removal_submit_done,removal_voted,2026-03-08T14:37:33.448260Z,2026-03-08T14:37:36.080932297Z,/var/lib/docker/volumes,dfb0ca7b4b9cad4ec8515f6484cd89e2febfe10817782070636d5b3db6848438,other,NA,NA,
run_006,removal,removal_1772980651,remove-irs3-member1-1772980651,remove-irs3-member1-1772980651,38,removal_submit_done,removal_voted,2026-03-08T14:37:33.448260Z,2026-03-08T14:37:36.080932297Z,/var/lib/docker/volumes,fabric_orderer.kit.edu,orderer,342461599,342592176,130577
run_006,removal,removal_1772980651,remove-irs3-member1-1772980651,remove-irs3-member1-1772980651,38,removal_submit_done,removal_voted,2026-03-08T14:37:33.448260Z,2026-03-08T14:37:36.080932297Z,/var/lib/docker/volumes,fabric_peer0.irs1.kit.edu,other,5006,5006,0
run_006,removal,removal_1772980651,remove-irs3-member1-1772980651,remove-irs3-member1-1772980651,38,removal_submit_done,removal_voted,2026-03-08T14:37:33.448260Z,2026-03-08T14:37:36.080932297Z,/var/lib/docker/volumes,fabric_peer0.irs3.kit.edu,peer,178171766,178308687,136921
run_006,removal,removal_1772980651,remove-irs3-member1-1772980651,remove-irs3-member1-1772980651,38,removal_submit_done,removal_voted,2026-03-08T14:37:33.448260Z,2026-03-08T14:37:36.080932297Z,/var/lib/docker/volumes,fabric_peer1.irs3.kit.edu,other,178691615,178307260,-384355
run_006,removal,removal_1772980651,remove-irs3-member1-1772980651,remove-irs3-member1-1772980651,38,removal_submit_done,removal_voted,2026-03-08T14:37:33.448260Z,2026-03-08T14:37:36.080932297Z,/var/lib/docker/volumes,fabric_peer2.irs3.kit.edu,other,178693049,178308673,-384376
run_006,removal,removal_1772980651,remove-irs3-member1-1772980651,remove-irs3-member1-1772980651,38,removal_submit_done,removal_voted,2026-03-08T14:37:33.448260Z,2026-03-08T14:37:36.080932297Z,/var/lib/docker/volumes,fabric_peer3.irs3.kit.edu,other,178691599,178828520,136921
run_006,removal,removal_1772980651,remove-irs3-member1-1772980651,remove-irs3-member1-1772980651,38,removal_voted,removal_approved,2026-03-08T14:37:36.080932297Z,2026-03-08T14:37:55.530808222Z,/var/lib/docker/volumes,07323924f55a40af409ae862fc14ab08f2d8c06ba282f174beb7e74ff5782926,other,NA,NA,
run_006,removal,removal_1772980651,remove-irs3-member1-1772980651,remove-irs3-member1-1772980651,38,removal_voted,removal_approved,2026-03-08T14:37:36.080932297Z,2026-03-08T14:37:55.530808222Z,/var/lib/docker/volumes,301473890dade69bfa0d19b444d1f0769b67a90d1197c166d84af2511e48f916,other,49770,49770,0
run_006,removal,removal_1772980651,remove-irs3-member1-1772980651,remove-irs3-member1-1772980651,38,removal_voted,removal_approved,2026-03-08T14:37:36.080932297Z,2026-03-08T14:37:55.530808222Z,/var/lib/docker/volumes,6b7bb91b53bcbfeb56b486bba478d97728a3c0004c18649976daaade961a2721,other,NA,NA,
run_006,removal,removal_1772980651,remove-irs3-member1-1772980651,remove-irs3-member1-1772980651,38,removal_voted,removal_approved,2026-03-08T14:37:36.080932297Z,2026-03-08T14:37:55.530808222Z,/var/lib/docker/volumes,791e62bfc17bf044236c3dcb5d77ec82610b27aa4d5f3c78aff2e2842f98f9ee,other,NA,NA,
run_006,removal,removal_1772980651,remove-irs3-member1-1772980651,remove-irs3-member1-1772980651,38,removal_voted,removal_approved,2026-03-08T14:37:36.080932297Z,2026-03-08T14:37:55.530808222Z,/var/lib/docker/volumes,86e46c7349c98bd170ab7467b42f5b1a8fcf1438535fca6ee74a0dcce3856102,other,NA,NA,
run_006,removal,removal_1772980651,remove-irs3-member1-1772980651,remove-irs3-member1-1772980651,38,removal_voted,removal_approved,2026-03-08T14:37:36.080932297Z,2026-03-08T14:37:55.530808222Z,/var/lib/docker/volumes,99ac8c723665556c954d288ca00335f1fae5493d384cb656ecf5a945cc9ae3b8,other,NA,NA,
run_006,removal,removal_1772980651,remove-irs3-member1-1772980651,remove-irs3-member1-1772980651,38,removal_voted,removal_approved,2026-03-08T14:37:36.080932297Z,2026-03-08T14:37:55.530808222Z,/var/lib/docker/volumes,ab96d922f06ec7a94f1b5200e75e480c9ed7eba86fbbe33b5cb9edbe031c6ea8,other,49770,49770,0
run_006,removal,removal_1772980651,remove-irs3-member1-1772980651,remove-irs3-member1-1772980651,38,removal_voted,removal_approved,2026-03-08T14:37:36.080932297Z,2026-03-08T14:37:55.530808222Z,/var/lib/docker/volumes,c58c4c31a22da439d2b7f591fd40cdcdd9bb8458f543e682f66d858083ef9ea8,other,NA,NA,
run_006,removal,removal_1772980651,remove-irs3-member1-1772980651,remove-irs3-member1-1772980651,38,removal_voted,removal_approved,2026-03-08T14:37:36.080932297Z,2026-03-08T14:37:55.530808222Z,/var/lib/docker/volumes,d9b7785a06954372515977133a1213437b80c5db1517196ca5e26134d3413ccf,other,NA,NA,
run_006,removal,removal_1772980651,remove-irs3-member1-1772980651,remove-irs3-member1-1772980651,38,removal_voted,removal_approved,2026-03-08T14:37:36.080932297Z,2026-03-08T14:37:55.530808222Z,/var/lib/docker/volumes,dfb0ca7b4b9cad4ec8515f6484cd89e2febfe10817782070636d5b3db6848438,other,NA,NA,
run_006,removal,removal_1772980651,remove-irs3-member1-1772980651,remove-irs3-member1-1772980651,38,removal_voted,removal_approved,2026-03-08T14:37:36.080932297Z,2026-03-08T14:37:55.530808222Z,/var/lib/docker/volumes,fabric_orderer.kit.edu,orderer,342592176,343255155,662979
run_006,removal,removal_1772980651,remove-irs3-member1-1772980651,remove-irs3-member1-1772980651,38,removal_voted,removal_approved,2026-03-08T14:37:36.080932297Z,2026-03-08T14:37:55.530808222Z,/var/lib/docker/volumes,fabric_peer0.irs1.kit.edu,other,5006,5006,0
run_006,removal,removal_1772980651,remove-irs3-member1-1772980651,remove-irs3-member1-1772980651,38,removal_voted,removal_approved,2026-03-08T14:37:36.080932297Z,2026-03-08T14:37:55.530808222Z,/var/lib/docker/volumes,fabric_peer0.irs3.kit.edu,peer,178308687,179015691,707004
run_006,removal,removal_1772980651,remove-irs3-member1-1772980651,remove-irs3-member1-1772980651,38,removal_voted,removal_approved,2026-03-08T14:37:36.080932297Z,2026-03-08T14:37:55.530808222Z,/var/lib/docker/volumes,fabric_peer1.irs3.kit.edu,other,178307260,179014264,707004
run_006,removal,removal_1772980651,remove-irs3-member1-1772980651,remove-irs3-member1-1772980651,38,removal_voted,removal_approved,2026-03-08T14:37:36.080932297Z,2026-03-08T14:37:55.530808222Z,/var/lib/docker/volumes,fabric_peer2.irs3.kit.edu,other,178308673,179015677,707004
run_006,removal,removal_1772980651,remove-irs3-member1-1772980651,remove-irs3-member1-1772980651,38,removal_voted,removal_approved,2026-03-08T14:37:36.080932297Z,2026-03-08T14:37:55.530808222Z,/var/lib/docker/volumes,fabric_peer3.irs3.kit.edu,other,178828520,179014247,185727
run_006,removal,removal_1772980651,remove-irs3-member1-1772980651,remove-irs3-member1-1772980651,38,removal_approved,reshare_started,2026-03-08T14:37:55.530808222Z,2026-03-08T14:37:56.137691Z,/var/lib/docker/volumes,07323924f55a40af409ae862fc14ab08f2d8c06ba282f174beb7e74ff5782926,other,NA,NA,
run_006,removal,removal_1772980651,remove-irs3-member1-1772980651,remove-irs3-member1-1772980651,38,removal_approved,reshare_started,2026-03-08T14:37:55.530808222Z,2026-03-08T14:37:56.137691Z,/var/lib/docker/volumes,301473890dade69bfa0d19b444d1f0769b67a90d1197c166d84af2511e48f916,other,49770,49770,0
run_006,removal,removal_1772980651,remove-irs3-member1-1772980651,remove-irs3-member1-1772980651,38,removal_approved,reshare_started,2026-03-08T14:37:55.530808222Z,2026-03-08T14:37:56.137691Z,/var/lib/docker/volumes,6b7bb91b53bcbfeb56b486bba478d97728a3c0004c18649976daaade961a2721,other,NA,NA,
run_006,removal,removal_1772980651,remove-irs3-member1-1772980651,remove-irs3-member1-1772980651,38,removal_approved,reshare_started,2026-03-08T14:37:55.530808222Z,2026-03-08T14:37:56.137691Z,/var/lib/docker/volumes,791e62bfc17bf044236c3dcb5d77ec82610b27aa4d5f3c78aff2e2842f98f9ee,other,NA,NA,
run_006,removal,removal_1772980651,remove-irs3-member1-1772980651,remove-irs3-member1-1772980651,38,removal_approved,reshare_started,2026-03-08T14:37:55.530808222Z,2026-03-08T14:37:56.137691Z,/var/lib/docker/volumes,86e46c7349c98bd170ab7467b42f5b1a8fcf1438535fca6ee74a0dcce3856102,other,NA,NA,
run_006,removal,removal_1772980651,remove-irs3-member1-1772980651,remove-irs3-member1-1772980651,38,removal_approved,reshare_started,2026-03-08T14:37:55.530808222Z,2026-03-08T14:37:56.137691Z,/var/lib/docker/volumes,99ac8c723665556c954d288ca00335f1fae5493d384cb656ecf5a945cc9ae3b8,other,NA,NA,
run_006,removal,removal_1772980651,remove-irs3-member1-1772980651,remove-irs3-member1-1772980651,38,removal_approved,reshare_started,2026-03-08T14:37:55.530808222Z,2026-03-08T14:37:56.137691Z,/var/lib/docker/volumes,ab96d922f06ec7a94f1b5200e75e480c9ed7eba86fbbe33b5cb9edbe031c6ea8,other,49770,49770,0
run_006,removal,removal_1772980651,remove-irs3-member1-1772980651,remove-irs3-member1-1772980651,38,removal_approved,reshare_started,2026-03-08T14:37:55.530808222Z,2026-03-08T14:37:56.137691Z,/var/lib/docker/volumes,c58c4c31a22da439d2b7f591fd40cdcdd9bb8458f543e682f66d858083ef9ea8,other,NA,NA,
run_006,removal,removal_1772980651,remove-irs3-member1-1772980651,remove-irs3-member1-1772980651,38,removal_approved,reshare_started,2026-03-08T14:37:55.530808222Z,2026-03-08T14:37:56.137691Z,/var/lib/docker/volumes,d9b7785a06954372515977133a1213437b80c5db1517196ca5e26134d3413ccf,other,NA,NA,
run_006,removal,removal_1772980651,remove-irs3-member1-1772980651,remove-irs3-member1-1772980651,38,removal_approved,reshare_started,2026-03-08T14:37:55.530808222Z,2026-03-08T14:37:56.137691Z,/var/lib/docker/volumes,dfb0ca7b4b9cad4ec8515f6484cd89e2febfe10817782070636d5b3db6848438,other,NA,NA,
run_006,removal,removal_1772980651,remove-irs3-member1-1772980651,remove-irs3-member1-1772980651,38,removal_approved,reshare_started,2026-03-08T14:37:55.530808222Z,2026-03-08T14:37:56.137691Z,/var/lib/docker/volumes,fabric_orderer.kit.edu,orderer,343255155,343255155,0
run_006,removal,removal_1772980651,remove-irs3-member1-1772980651,remove-irs3-member1-1772980651,38,removal_approved,reshare_started,2026-03-08T14:37:55.530808222Z,2026-03-08T14:37:56.137691Z,/var/lib/docker/volumes,fabric_peer0.irs1.kit.edu,other,5006,5006,0
run_006,removal,removal_1772980651,remove-irs3-member1-1772980651,remove-irs3-member1-1772980651,38,removal_approved,reshare_started,2026-03-08T14:37:55.530808222Z,2026-03-08T14:37:56.137691Z,/var/lib/docker/volumes,fabric_peer0.irs3.kit.edu,peer,179015691,179015691,0
run_006,removal,removal_1772980651,remove-irs3-member1-1772980651,remove-irs3-member1-1772980651,38,removal_approved,reshare_started,2026-03-08T14:37:55.530808222Z,2026-03-08T14:37:56.137691Z,/var/lib/docker/volumes,fabric_peer1.irs3.kit.edu,other,179014264,179014264,0
run_006,removal,removal_1772980651,remove-irs3-member1-1772980651,remove-irs3-member1-1772980651,38,removal_approved,reshare_started,2026-03-08T14:37:55.530808222Z,2026-03-08T14:37:56.137691Z,/var/lib/docker/volumes,fabric_peer2.irs3.kit.edu,other,179015677,179015677,0
run_006,removal,removal_1772980651,remove-irs3-member1-1772980651,remove-irs3-member1-1772980651,38,removal_approved,reshare_started,2026-03-08T14:37:55.530808222Z,2026-03-08T14:37:56.137691Z,/var/lib/docker/volumes,fabric_peer3.irs3.kit.edu,other,179014247,179014247,0
run_006,removal,removal_1772980651,remove-irs3-member1-1772980651,remove-irs3-member1-1772980651,38,reshare_started,reshare_completed,2026-03-08T14:37:56.137691Z,2026-03-08T14:42:40.601345077Z,/var/lib/docker/volumes,07323924f55a40af409ae862fc14ab08f2d8c06ba282f174beb7e74ff5782926,other,NA,NA,
run_006,removal,removal_1772980651,remove-irs3-member1-1772980651,remove-irs3-member1-1772980651,38,reshare_started,reshare_completed,2026-03-08T14:37:56.137691Z,2026-03-08T14:42:40.601345077Z,/var/lib/docker/volumes,301473890dade69bfa0d19b444d1f0769b67a90d1197c166d84af2511e48f916,other,49770,49770,0
run_006,removal,removal_1772980651,remove-irs3-member1-1772980651,remove-irs3-member1-1772980651,38,reshare_started,reshare_completed,2026-03-08T14:37:56.137691Z,2026-03-08T14:42:40.601345077Z,/var/lib/docker/volumes,6b7bb91b53bcbfeb56b486bba478d97728a3c0004c18649976daaade961a2721,other,NA,NA,
run_006,removal,removal_1772980651,remove-irs3-member1-1772980651,remove-irs3-member1-1772980651,38,reshare_started,reshare_completed,2026-03-08T14:37:56.137691Z,2026-03-08T14:42:40.601345077Z,/var/lib/docker/volumes,791e62bfc17bf044236c3dcb5d77ec82610b27aa4d5f3c78aff2e2842f98f9ee,other,NA,NA,
run_006,removal,removal_1772980651,remove-irs3-member1-1772980651,remove-irs3-member1-1772980651,38,reshare_started,reshare_completed,2026-03-08T14:37:56.137691Z,2026-03-08T14:42:40.601345077Z,/var/lib/docker/volumes,86e46c7349c98bd170ab7467b42f5b1a8fcf1438535fca6ee74a0dcce3856102,other,NA,NA,
run_006,removal,removal_1772980651,remove-irs3-member1-1772980651,remove-irs3-member1-1772980651,38,reshare_started,reshare_completed,2026-03-08T14:37:56.137691Z,2026-03-08T14:42:40.601345077Z,/var/lib/docker/volumes,99ac8c723665556c954d288ca00335f1fae5493d384cb656ecf5a945cc9ae3b8,other,NA,NA,
run_006,removal,removal_1772980651,remove-irs3-member1-1772980651,remove-irs3-member1-1772980651,38,reshare_started,reshare_completed,2026-03-08T14:37:56.137691Z,2026-03-08T14:42:40.601345077Z,/var/lib/docker/volumes,ab96d922f06ec7a94f1b5200e75e480c9ed7eba86fbbe33b5cb9edbe031c6ea8,other,49770,49770,0
run_006,removal,removal_1772980651,remove-irs3-member1-1772980651,remove-irs3-member1-1772980651,38,reshare_started,reshare_completed,2026-03-08T14:37:56.137691Z,2026-03-08T14:42:40.601345077Z,/var/lib/docker/volumes,c58c4c31a22da439d2b7f591fd40cdcdd9bb8458f543e682f66d858083ef9ea8,other,NA,NA,
run_006,removal,removal_1772980651,remove-irs3-member1-1772980651,remove-irs3-member1-1772980651,38,reshare_started,reshare_completed,2026-03-08T14:37:56.137691Z,2026-03-08T14:42:40.601345077Z,/var/lib/docker/volumes,d9b7785a06954372515977133a1213437b80c5db1517196ca5e26134d3413ccf,other,NA,NA,
run_006,removal,removal_1772980651,remove-irs3-member1-1772980651,remove-irs3-member1-1772980651,38,reshare_started,reshare_completed,2026-03-08T14:37:56.137691Z,2026-03-08T14:42:40.601345077Z,/var/lib/docker/volumes,dfb0ca7b4b9cad4ec8515f6484cd89e2febfe10817782070636d5b3db6848438,other,NA,NA,
run_006,removal,removal_1772980651,remove-irs3-member1-1772980651,remove-irs3-member1-1772980651,38,reshare_started,reshare_completed,2026-03-08T14:37:56.137691Z,2026-03-08T14:42:40.601345077Z,/var/lib/docker/volumes,fabric_orderer.kit.edu,orderer,343255155,349048611,5793456
run_006,removal,removal_1772980651,remove-irs3-member1-1772980651,remove-irs3-member1-1772980651,38,reshare_started,reshare_completed,2026-03-08T14:37:56.137691Z,2026-03-08T14:42:40.601345077Z,/var/lib/docker/volumes,fabric_peer0.irs1.kit.edu,other,5006,5006,0
run_006,removal,removal_1772980651,remove-irs3-member1-1772980651,remove-irs3-member1-1772980651,38,reshare_started,reshare_completed,2026-03-08T14:37:56.137691Z,2026-03-08T14:42:40.601345077Z,/var/lib/docker/volumes,fabric_peer0.irs3.kit.edu,peer,179015691,185474594,6458903
run_006,removal,removal_1772980651,remove-irs3-member1-1772980651,remove-irs3-member1-1772980651,38,reshare_started,reshare_completed,2026-03-08T14:37:56.137691Z,2026-03-08T14:42:40.601345077Z,/var/lib/docker/volumes,fabric_peer1.irs3.kit.edu,other,179014264,185473167,6458903
run_006,removal,removal_1772980651,remove-irs3-member1-1772980651,remove-irs3-member1-1772980651,38,reshare_started,reshare_completed,2026-03-08T14:37:56.137691Z,2026-03-08T14:42:40.601345077Z,/var/lib/docker/volumes,fabric_peer2.irs3.kit.edu,other,179015677,185474580,6458903
run_006,removal,removal_1772980651,remove-irs3-member1-1772980651,remove-irs3-member1-1772980651,38,reshare_started,reshare_completed,2026-03-08T14:37:56.137691Z,2026-03-08T14:42:40.601345077Z,/var/lib/docker/volumes,fabric_peer3.irs3.kit.edu,other,179014247,185473150,6458903
run_006,removal,removal_1772980651,remove-irs3-member1-1772980651,remove-irs3-member1-1772980651,38,reshare_completed,operation_end,2026-03-08T14:42:40.601345077Z,2026-03-08T14:42:41.703752Z,/var/lib/docker/volumes,07323924f55a40af409ae862fc14ab08f2d8c06ba282f174beb7e74ff5782926,other,NA,NA,
run_006,removal,removal_1772980651,remove-irs3-member1-1772980651,remove-irs3-member1-1772980651,38,reshare_completed,operation_end,2026-03-08T14:42:40.601345077Z,2026-03-08T14:42:41.703752Z,/var/lib/docker/volumes,301473890dade69bfa0d19b444d1f0769b67a90d1197c166d84af2511e48f916,other,49770,49770,0
run_006,removal,removal_1772980651,remove-irs3-member1-1772980651,remove-irs3-member1-1772980651,38,reshare_completed,operation_end,2026-03-08T14:42:40.601345077Z,2026-03-08T14:42:41.703752Z,/var/lib/docker/volumes,6b7bb91b53bcbfeb56b486bba478d97728a3c0004c18649976daaade961a2721,other,NA,NA,
run_006,removal,removal_1772980651,remove-irs3-member1-1772980651,remove-irs3-member1-1772980651,38,reshare_completed,operation_end,2026-03-08T14:42:40.601345077Z,2026-03-08T14:42:41.703752Z,/var/lib/docker/volumes,791e62bfc17bf044236c3dcb5d77ec82610b27aa4d5f3c78aff2e2842f98f9ee,other,NA,NA,
run_006,removal,removal_1772980651,remove-irs3-member1-1772980651,remove-irs3-member1-1772980651,38,reshare_completed,operation_end,2026-03-08T14:42:40.601345077Z,2026-03-08T14:42:41.703752Z,/var/lib/docker/volumes,86e46c7349c98bd170ab7467b42f5b1a8fcf1438535fca6ee74a0dcce3856102,other,NA,NA,
run_006,removal,removal_1772980651,remove-irs3-member1-1772980651,remove-irs3-member1-1772980651,38,reshare_completed,operation_end,2026-03-08T14:42:40.601345077Z,2026-03-08T14:42:41.703752Z,/var/lib/docker/volumes,99ac8c723665556c954d288ca00335f1fae5493d384cb656ecf5a945cc9ae3b8,other,NA,NA,
run_006,removal,removal_1772980651,remove-irs3-member1-1772980651,remove-irs3-member1-1772980651,38,reshare_completed,operation_end,2026-03-08T14:42:40.601345077Z,2026-03-08T14:42:41.703752Z,/var/lib/docker/volumes,ab96d922f06ec7a94f1b5200e75e480c9ed7eba86fbbe33b5cb9edbe031c6ea8,other,49770,49770,0
run_006,removal,removal_1772980651,remove-irs3-member1-1772980651,remove-irs3-member1-1772980651,38,reshare_completed,operation_end,2026-03-08T14:42:40.601345077Z,2026-03-08T14:42:41.703752Z,/var/lib/docker/volumes,c58c4c31a22da439d2b7f591fd40cdcdd9bb8458f543e682f66d858083ef9ea8,other,NA,NA,
run_006,removal,removal_1772980651,remove-irs3-member1-1772980651,remove-irs3-member1-1772980651,38,reshare_completed,operation_end,2026-03-08T14:42:40.601345077Z,2026-03-08T14:42:41.703752Z,/var/lib/docker/volumes,d9b7785a06954372515977133a1213437b80c5db1517196ca5e26134d3413ccf,other,NA,NA,
run_006,removal,removal_1772980651,remove-irs3-member1-1772980651,remove-irs3-member1-1772980651,38,reshare_completed,operation_end,2026-03-08T14:42:40.601345077Z,2026-03-08T14:42:41.703752Z,/var/lib/docker/volumes,dfb0ca7b4b9cad4ec8515f6484cd89e2febfe10817782070636d5b3db6848438,other,NA,NA,
run_006,removal,removal_1772980651,remove-irs3-member1-1772980651,remove-irs3-member1-1772980651,38,reshare_completed,operation_end,2026-03-08T14:42:40.601345077Z,2026-03-08T14:42:41.703752Z,/var/lib/docker/volumes,fabric_orderer.kit.edu,orderer,349048611,349048611,0
run_006,removal,removal_1772980651,remove-irs3-member1-1772980651,remove-irs3-member1-1772980651,38,reshare_completed,operation_end,2026-03-08T14:42:40.601345077Z,2026-03-08T14:42:41.703752Z,/var/lib/docker/volumes,fabric_peer0.irs1.kit.edu,other,5006,5006,0
run_006,removal,removal_1772980651,remove-irs3-member1-1772980651,remove-irs3-member1-1772980651,38,reshare_completed,operation_end,2026-03-08T14:42:40.601345077Z,2026-03-08T14:42:41.703752Z,/var/lib/docker/volumes,fabric_peer0.irs3.kit.edu,peer,185474594,185474594,0
run_006,removal,removal_1772980651,remove-irs3-member1-1772980651,remove-irs3-member1-1772980651,38,reshare_completed,operation_end,2026-03-08T14:42:40.601345077Z,2026-03-08T14:42:41.703752Z,/var/lib/docker/volumes,fabric_peer1.irs3.kit.edu,other,185473167,185473167,0
run_006,removal,removal_1772980651,remove-irs3-member1-1772980651,remove-irs3-member1-1772980651,38,reshare_completed,operation_end,2026-03-08T14:42:40.601345077Z,2026-03-08T14:42:41.703752Z,/var/lib/docker/volumes,fabric_peer2.irs3.kit.edu,other,185474580,185474580,0
run_006,removal,removal_1772980651,remove-irs3-member1-1772980651,remove-irs3-member1-1772980651,38,reshare_completed,operation_end,2026-03-08T14:42:40.601345077Z,2026-03-08T14:42:41.703752Z,/var/lib/docker/volumes,fabric_peer3.irs3.kit.edu,other,185473150,185473150,0
run_006,join,join_1772980980,join-irs3-1772980980,join-irs3-1772980980,39,operation_start,join_submit_done,2026-03-08T14:43:00.464976Z,2026-03-08T14:43:02.940911Z,/var/lib/docker/volumes,07323924f55a40af409ae862fc14ab08f2d8c06ba282f174beb7e74ff5782926,other,NA,NA,
run_006,join,join_1772980980,join-irs3-1772980980,join-irs3-1772980980,39,operation_start,join_submit_done,2026-03-08T14:43:00.464976Z,2026-03-08T14:43:02.940911Z,/var/lib/docker/volumes,301473890dade69bfa0d19b444d1f0769b67a90d1197c166d84af2511e48f916,other,49770,49770,0
run_006,join,join_1772980980,join-irs3-1772980980,join-irs3-1772980980,39,operation_start,join_submit_done,2026-03-08T14:43:00.464976Z,2026-03-08T14:43:02.940911Z,/var/lib/docker/volumes,6b7bb91b53bcbfeb56b486bba478d97728a3c0004c18649976daaade961a2721,other,NA,NA,
run_006,join,join_1772980980,join-irs3-1772980980,join-irs3-1772980980,39,operation_start,join_submit_done,2026-03-08T14:43:00.464976Z,2026-03-08T14:43:02.940911Z,/var/lib/docker/volumes,791e62bfc17bf044236c3dcb5d77ec82610b27aa4d5f3c78aff2e2842f98f9ee,other,NA,NA,
run_006,join,join_1772980980,join-irs3-1772980980,join-irs3-1772980980,39,operation_start,join_submit_done,2026-03-08T14:43:00.464976Z,2026-03-08T14:43:02.940911Z,/var/lib/docker/volumes,86e46c7349c98bd170ab7467b42f5b1a8fcf1438535fca6ee74a0dcce3856102,other,NA,NA,
run_006,join,join_1772980980,join-irs3-1772980980,join-irs3-1772980980,39,operation_start,join_submit_done,2026-03-08T14:43:00.464976Z,2026-03-08T14:43:02.940911Z,/var/lib/docker/volumes,99ac8c723665556c954d288ca00335f1fae5493d384cb656ecf5a945cc9ae3b8,other,NA,NA,
run_006,join,join_1772980980,join-irs3-1772980980,join-irs3-1772980980,39,operation_start,join_submit_done,2026-03-08T14:43:00.464976Z,2026-03-08T14:43:02.940911Z,/var/lib/docker/volumes,ab96d922f06ec7a94f1b5200e75e480c9ed7eba86fbbe33b5cb9edbe031c6ea8,other,49770,49770,0
run_006,join,join_1772980980,join-irs3-1772980980,join-irs3-1772980980,39,operation_start,join_submit_done,2026-03-08T14:43:00.464976Z,2026-03-08T14:43:02.940911Z,/var/lib/docker/volumes,c58c4c31a22da439d2b7f591fd40cdcdd9bb8458f543e682f66d858083ef9ea8,other,NA,NA,
run_006,join,join_1772980980,join-irs3-1772980980,join-irs3-1772980980,39,operation_start,join_submit_done,2026-03-08T14:43:00.464976Z,2026-03-08T14:43:02.940911Z,/var/lib/docker/volumes,d9b7785a06954372515977133a1213437b80c5db1517196ca5e26134d3413ccf,other,NA,NA,
run_006,join,join_1772980980,join-irs3-1772980980,join-irs3-1772980980,39,operation_start,join_submit_done,2026-03-08T14:43:00.464976Z,2026-03-08T14:43:02.940911Z,/var/lib/docker/volumes,dfb0ca7b4b9cad4ec8515f6484cd89e2febfe10817782070636d5b3db6848438,other,NA,NA,
run_006,join,join_1772980980,join-irs3-1772980980,join-irs3-1772980980,39,operation_start,join_submit_done,2026-03-08T14:43:00.464976Z,2026-03-08T14:43:02.940911Z,/var/lib/docker/volumes,fabric_orderer.kit.edu,orderer,349048611,349058416,9805
run_006,join,join_1772980980,join-irs3-1772980980,join-irs3-1772980980,39,operation_start,join_submit_done,2026-03-08T14:43:00.464976Z,2026-03-08T14:43:02.940911Z,/var/lib/docker/volumes,fabric_peer0.irs1.kit.edu,other,5006,5006,0
run_006,join,join_1772980980,join-irs3-1772980980,join-irs3-1772980980,39,operation_start,join_submit_done,2026-03-08T14:43:00.464976Z,2026-03-08T14:43:02.940911Z,/var/lib/docker/volumes,fabric_peer0.irs3.kit.edu,peer,185474594,185486298,11704
run_006,join,join_1772980980,join-irs3-1772980980,join-irs3-1772980980,39,operation_start,join_submit_done,2026-03-08T14:43:00.464976Z,2026-03-08T14:43:02.940911Z,/var/lib/docker/volumes,fabric_peer1.irs3.kit.edu,other,185473167,185484871,11704
run_006,join,join_1772980980,join-irs3-1772980980,join-irs3-1772980980,39,operation_start,join_submit_done,2026-03-08T14:43:00.464976Z,2026-03-08T14:43:02.940911Z,/var/lib/docker/volumes,fabric_peer2.irs3.kit.edu,other,185474580,185486284,11704
run_006,join,join_1772980980,join-irs3-1772980980,join-irs3-1772980980,39,operation_start,join_submit_done,2026-03-08T14:43:00.464976Z,2026-03-08T14:43:02.940911Z,/var/lib/docker/volumes,fabric_peer3.irs3.kit.edu,other,185473150,185484854,11704
run_006,join,join_1772980980,join-irs3-1772980980,join-irs3-1772980980,39,join_submit_done,join_voted,2026-03-08T14:43:02.940911Z,2026-03-08T14:43:05.405921216Z,/var/lib/docker/volumes,07323924f55a40af409ae862fc14ab08f2d8c06ba282f174beb7e74ff5782926,other,NA,NA,
run_006,join,join_1772980980,join-irs3-1772980980,join-irs3-1772980980,39,join_submit_done,join_voted,2026-03-08T14:43:02.940911Z,2026-03-08T14:43:05.405921216Z,/var/lib/docker/volumes,301473890dade69bfa0d19b444d1f0769b67a90d1197c166d84af2511e48f916,other,49770,49770,0
run_006,join,join_1772980980,join-irs3-1772980980,join-irs3-1772980980,39,join_submit_done,join_voted,2026-03-08T14:43:02.940911Z,2026-03-08T14:43:05.405921216Z,/var/lib/docker/volumes,6b7bb91b53bcbfeb56b486bba478d97728a3c0004c18649976daaade961a2721,other,NA,NA,
run_006,join,join_1772980980,join-irs3-1772980980,join-irs3-1772980980,39,join_submit_done,join_voted,2026-03-08T14:43:02.940911Z,2026-03-08T14:43:05.405921216Z,/var/lib/docker/volumes,791e62bfc17bf044236c3dcb5d77ec82610b27aa4d5f3c78aff2e2842f98f9ee,other,NA,NA,
run_006,join,join_1772980980,join-irs3-1772980980,join-irs3-1772980980,39,join_submit_done,join_voted,2026-03-08T14:43:02.940911Z,2026-03-08T14:43:05.405921216Z,/var/lib/docker/volumes,86e46c7349c98bd170ab7467b42f5b1a8fcf1438535fca6ee74a0dcce3856102,other,NA,NA,
run_006,join,join_1772980980,join-irs3-1772980980,join-irs3-1772980980,39,join_submit_done,join_voted,2026-03-08T14:43:02.940911Z,2026-03-08T14:43:05.405921216Z,/var/lib/docker/volumes,99ac8c723665556c954d288ca00335f1fae5493d384cb656ecf5a945cc9ae3b8,other,NA,NA,
run_006,join,join_1772980980,join-irs3-1772980980,join-irs3-1772980980,39,join_submit_done,join_voted,2026-03-08T14:43:02.940911Z,2026-03-08T14:43:05.405921216Z,/var/lib/docker/volumes,ab96d922f06ec7a94f1b5200e75e480c9ed7eba86fbbe33b5cb9edbe031c6ea8,other,49770,49770,0
run_006,join,join_1772980980,join-irs3-1772980980,join-irs3-1772980980,39,join_submit_done,join_voted,2026-03-08T14:43:02.940911Z,2026-03-08T14:43:05.405921216Z,/var/lib/docker/volumes,c58c4c31a22da439d2b7f591fd40cdcdd9bb8458f543e682f66d858083ef9ea8,other,NA,NA,
run_006,join,join_1772980980,join-irs3-1772980980,join-irs3-1772980980,39,join_submit_done,join_voted,2026-03-08T14:43:02.940911Z,2026-03-08T14:43:05.405921216Z,/var/lib/docker/volumes,d9b7785a06954372515977133a1213437b80c5db1517196ca5e26134d3413ccf,other,NA,NA,
run_006,join,join_1772980980,join-irs3-1772980980,join-irs3-1772980980,39,join_submit_done,join_voted,2026-03-08T14:43:02.940911Z,2026-03-08T14:43:05.405921216Z,/var/lib/docker/volumes,dfb0ca7b4b9cad4ec8515f6484cd89e2febfe10817782070636d5b3db6848438,other,NA,NA,
run_006,join,join_1772980980,join-irs3-1772980980,join-irs3-1772980980,39,join_submit_done,join_voted,2026-03-08T14:43:02.940911Z,2026-03-08T14:43:05.405921216Z,/var/lib/docker/volumes,fabric_orderer.kit.edu,orderer,349058416,349184971,126555
run_006,join,join_1772980980,join-irs3-1772980980,join-irs3-1772980980,39,join_submit_done,join_voted,2026-03-08T14:43:02.940911Z,2026-03-08T14:43:05.405921216Z,/var/lib/docker/volumes,fabric_peer0.irs1.kit.edu,other,5006,5006,0
run_006,join,join_1772980980,join-irs3-1772980980,join-irs3-1772980980,39,join_submit_done,join_voted,2026-03-08T14:43:02.940911Z,2026-03-08T14:43:05.405921216Z,/var/lib/docker/volumes,fabric_peer0.irs3.kit.edu,peer,185486298,185531666,45368
run_006,join,join_1772980980,join-irs3-1772980980,join-irs3-1772980980,39,join_submit_done,join_voted,2026-03-08T14:43:02.940911Z,2026-03-08T14:43:05.405921216Z,/var/lib/docker/volumes,fabric_peer1.irs3.kit.edu,other,185484871,185530239,45368
run_006,join,join_1772980980,join-irs3-1772980980,join-irs3-1772980980,39,join_submit_done,join_voted,2026-03-08T14:43:02.940911Z,2026-03-08T14:43:05.405921216Z,/var/lib/docker/volumes,fabric_peer2.irs3.kit.edu,other,185486284,185531652,45368
run_006,join,join_1772980980,join-irs3-1772980980,join-irs3-1772980980,39,join_submit_done,join_voted,2026-03-08T14:43:02.940911Z,2026-03-08T14:43:05.405921216Z,/var/lib/docker/volumes,fabric_peer3.irs3.kit.edu,other,185484854,185530222,45368
run_006,join,join_1772980980,join-irs3-1772980980,join-irs3-1772980980,39,join_voted,join_approved,2026-03-08T14:43:05.405921216Z,2026-03-08T14:43:24.44140258Z,/var/lib/docker/volumes,07323924f55a40af409ae862fc14ab08f2d8c06ba282f174beb7e74ff5782926,other,NA,NA,
run_006,join,join_1772980980,join-irs3-1772980980,join-irs3-1772980980,39,join_voted,join_approved,2026-03-08T14:43:05.405921216Z,2026-03-08T14:43:24.44140258Z,/var/lib/docker/volumes,301473890dade69bfa0d19b444d1f0769b67a90d1197c166d84af2511e48f916,other,49770,49770,0
run_006,join,join_1772980980,join-irs3-1772980980,join-irs3-1772980980,39,join_voted,join_approved,2026-03-08T14:43:05.405921216Z,2026-03-08T14:43:24.44140258Z,/var/lib/docker/volumes,6b7bb91b53bcbfeb56b486bba478d97728a3c0004c18649976daaade961a2721,other,NA,NA,
run_006,join,join_1772980980,join-irs3-1772980980,join-irs3-1772980980,39,join_voted,join_approved,2026-03-08T14:43:05.405921216Z,2026-03-08T14:43:24.44140258Z,/var/lib/docker/volumes,791e62bfc17bf044236c3dcb5d77ec82610b27aa4d5f3c78aff2e2842f98f9ee,other,NA,NA,
run_006,join,join_1772980980,join-irs3-1772980980,join-irs3-1772980980,39,join_voted,join_approved,2026-03-08T14:43:05.405921216Z,2026-03-08T14:43:24.44140258Z,/var/lib/docker/volumes,86e46c7349c98bd170ab7467b42f5b1a8fcf1438535fca6ee74a0dcce3856102,other,NA,NA,
run_006,join,join_1772980980,join-irs3-1772980980,join-irs3-1772980980,39,join_voted,join_approved,2026-03-08T14:43:05.405921216Z,2026-03-08T14:43:24.44140258Z,/var/lib/docker/volumes,99ac8c723665556c954d288ca00335f1fae5493d384cb656ecf5a945cc9ae3b8,other,NA,NA,
run_006,join,join_1772980980,join-irs3-1772980980,join-irs3-1772980980,39,join_voted,join_approved,2026-03-08T14:43:05.405921216Z,2026-03-08T14:43:24.44140258Z,/var/lib/docker/volumes,ab96d922f06ec7a94f1b5200e75e480c9ed7eba86fbbe33b5cb9edbe031c6ea8,other,49770,49770,0
run_006,join,join_1772980980,join-irs3-1772980980,join-irs3-1772980980,39,join_voted,join_approved,2026-03-08T14:43:05.405921216Z,2026-03-08T14:43:24.44140258Z,/var/lib/docker/volumes,c58c4c31a22da439d2b7f591fd40cdcdd9bb8458f543e682f66d858083ef9ea8,other,NA,NA,
run_006,join,join_1772980980,join-irs3-1772980980,join-irs3-1772980980,39,join_voted,join_approved,2026-03-08T14:43:05.405921216Z,2026-03-08T14:43:24.44140258Z,/var/lib/docker/volumes,d9b7785a06954372515977133a1213437b80c5db1517196ca5e26134d3413ccf,other,NA,NA,
run_006,join,join_1772980980,join-irs3-1772980980,join-irs3-1772980980,39,join_voted,join_approved,2026-03-08T14:43:05.405921216Z,2026-03-08T14:43:24.44140258Z,/var/lib/docker/volumes,dfb0ca7b4b9cad4ec8515f6484cd89e2febfe10817782070636d5b3db6848438,other,NA,NA,
run_006,join,join_1772980980,join-irs3-1772980980,join-irs3-1772980980,39,join_voted,join_approved,2026-03-08T14:43:05.405921216Z,2026-03-08T14:43:24.44140258Z,/var/lib/docker/volumes,fabric_orderer.kit.edu,orderer,349184971,349858255,673284
run_006,join,join_1772980980,join-irs3-1772980980,join-irs3-1772980980,39,join_voted,join_approved,2026-03-08T14:43:05.405921216Z,2026-03-08T14:43:24.44140258Z,/var/lib/docker/volumes,fabric_peer0.irs1.kit.edu,other,5006,5006,0
run_006,join,join_1772980980,join-irs3-1772980980,join-irs3-1772980980,39,join_voted,join_approved,2026-03-08T14:43:05.405921216Z,2026-03-08T14:43:24.44140258Z,/var/lib/docker/volumes,fabric_peer0.irs3.kit.edu,peer,185531666,186343961,812295
run_006,join,join_1772980980,join-irs3-1772980980,join-irs3-1772980980,39,join_voted,join_approved,2026-03-08T14:43:05.405921216Z,2026-03-08T14:43:24.44140258Z,/var/lib/docker/volumes,fabric_peer1.irs3.kit.edu,other,185530239,186342534,812295
run_006,join,join_1772980980,join-irs3-1772980980,join-irs3-1772980980,39,join_voted,join_approved,2026-03-08T14:43:05.405921216Z,2026-03-08T14:43:24.44140258Z,/var/lib/docker/volumes,fabric_peer2.irs3.kit.edu,other,185531652,186343947,812295
run_006,join,join_1772980980,join-irs3-1772980980,join-irs3-1772980980,39,join_voted,join_approved,2026-03-08T14:43:05.405921216Z,2026-03-08T14:43:24.44140258Z,/var/lib/docker/volumes,fabric_peer3.irs3.kit.edu,other,185530222,186342517,812295
run_006,join,join_1772980980,join-irs3-1772980980,join-irs3-1772980980,39,join_approved,reshare_started,2026-03-08T14:43:24.44140258Z,2026-03-08T14:43:25.571430Z,/var/lib/docker/volumes,07323924f55a40af409ae862fc14ab08f2d8c06ba282f174beb7e74ff5782926,other,NA,NA,
run_006,join,join_1772980980,join-irs3-1772980980,join-irs3-1772980980,39,join_approved,reshare_started,2026-03-08T14:43:24.44140258Z,2026-03-08T14:43:25.571430Z,/var/lib/docker/volumes,301473890dade69bfa0d19b444d1f0769b67a90d1197c166d84af2511e48f916,other,49770,49770,0
run_006,join,join_1772980980,join-irs3-1772980980,join-irs3-1772980980,39,join_approved,reshare_started,2026-03-08T14:43:24.44140258Z,2026-03-08T14:43:25.571430Z,/var/lib/docker/volumes,6b7bb91b53bcbfeb56b486bba478d97728a3c0004c18649976daaade961a2721,other,NA,NA,
run_006,join,join_1772980980,join-irs3-1772980980,join-irs3-1772980980,39,join_approved,reshare_started,2026-03-08T14:43:24.44140258Z,2026-03-08T14:43:25.571430Z,/var/lib/docker/volumes,791e62bfc17bf044236c3dcb5d77ec82610b27aa4d5f3c78aff2e2842f98f9ee,other,NA,NA,
run_006,join,join_1772980980,join-irs3-1772980980,join-irs3-1772980980,39,join_approved,reshare_started,2026-03-08T14:43:24.44140258Z,2026-03-08T14:43:25.571430Z,/var/lib/docker/volumes,86e46c7349c98bd170ab7467b42f5b1a8fcf1438535fca6ee74a0dcce3856102,other,NA,NA,
run_006,join,join_1772980980,join-irs3-1772980980,join-irs3-1772980980,39,join_approved,reshare_started,2026-03-08T14:43:24.44140258Z,2026-03-08T14:43:25.571430Z,/var/lib/docker/volumes,99ac8c723665556c954d288ca00335f1fae5493d384cb656ecf5a945cc9ae3b8,other,NA,NA,
run_006,join,join_1772980980,join-irs3-1772980980,join-irs3-1772980980,39,join_approved,reshare_started,2026-03-08T14:43:24.44140258Z,2026-03-08T14:43:25.571430Z,/var/lib/docker/volumes,ab96d922f06ec7a94f1b5200e75e480c9ed7eba86fbbe33b5cb9edbe031c6ea8,other,49770,49770,0
run_006,join,join_1772980980,join-irs3-1772980980,join-irs3-1772980980,39,join_approved,reshare_started,2026-03-08T14:43:24.44140258Z,2026-03-08T14:43:25.571430Z,/var/lib/docker/volumes,c58c4c31a22da439d2b7f591fd40cdcdd9bb8458f543e682f66d858083ef9ea8,other,NA,NA,
run_006,join,join_1772980980,join-irs3-1772980980,join-irs3-1772980980,39,join_approved,reshare_started,2026-03-08T14:43:24.44140258Z,2026-03-08T14:43:25.571430Z,/var/lib/docker/volumes,d9b7785a06954372515977133a1213437b80c5db1517196ca5e26134d3413ccf,other,NA,NA,
run_006,join,join_1772980980,join-irs3-1772980980,join-irs3-1772980980,39,join_approved,reshare_started,2026-03-08T14:43:24.44140258Z,2026-03-08T14:43:25.571430Z,/var/lib/docker/volumes,dfb0ca7b4b9cad4ec8515f6484cd89e2febfe10817782070636d5b3db6848438,other,NA,NA,
run_006,join,join_1772980980,join-irs3-1772980980,join-irs3-1772980980,39,join_approved,reshare_started,2026-03-08T14:43:24.44140258Z,2026-03-08T14:43:25.571430Z,/var/lib/docker/volumes,fabric_orderer.kit.edu,orderer,349858255,349858255,0
run_006,join,join_1772980980,join-irs3-1772980980,join-irs3-1772980980,39,join_approved,reshare_started,2026-03-08T14:43:24.44140258Z,2026-03-08T14:43:25.571430Z,/var/lib/docker/volumes,fabric_peer0.irs1.kit.edu,other,5006,5006,0
run_006,join,join_1772980980,join-irs3-1772980980,join-irs3-1772980980,39,join_approved,reshare_started,2026-03-08T14:43:24.44140258Z,2026-03-08T14:43:25.571430Z,/var/lib/docker/volumes,fabric_peer0.irs3.kit.edu,peer,186343961,186343961,0
run_006,join,join_1772980980,join-irs3-1772980980,join-irs3-1772980980,39,join_approved,reshare_started,2026-03-08T14:43:24.44140258Z,2026-03-08T14:43:25.571430Z,/var/lib/docker/volumes,fabric_peer1.irs3.kit.edu,other,186342534,186342534,0
run_006,join,join_1772980980,join-irs3-1772980980,join-irs3-1772980980,39,join_approved,reshare_started,2026-03-08T14:43:24.44140258Z,2026-03-08T14:43:25.571430Z,/var/lib/docker/volumes,fabric_peer2.irs3.kit.edu,other,186343947,186343947,0
run_006,join,join_1772980980,join-irs3-1772980980,join-irs3-1772980980,39,join_approved,reshare_started,2026-03-08T14:43:24.44140258Z,2026-03-08T14:43:25.571430Z,/var/lib/docker/volumes,fabric_peer3.irs3.kit.edu,other,186342517,186342517,0
run_006,join,join_1772980980,join-irs3-1772980980,join-irs3-1772980980,39,reshare_started,reshare_completed,2026-03-08T14:43:25.571430Z,2026-03-08T14:47:05.516061813Z,/var/lib/docker/volumes,07323924f55a40af409ae862fc14ab08f2d8c06ba282f174beb7e74ff5782926,other,NA,NA,
run_006,join,join_1772980980,join-irs3-1772980980,join-irs3-1772980980,39,reshare_started,reshare_completed,2026-03-08T14:43:25.571430Z,2026-03-08T14:47:05.516061813Z,/var/lib/docker/volumes,301473890dade69bfa0d19b444d1f0769b67a90d1197c166d84af2511e48f916,other,49770,49770,0
run_006,join,join_1772980980,join-irs3-1772980980,join-irs3-1772980980,39,reshare_started,reshare_completed,2026-03-08T14:43:25.571430Z,2026-03-08T14:47:05.516061813Z,/var/lib/docker/volumes,6b7bb91b53bcbfeb56b486bba478d97728a3c0004c18649976daaade961a2721,other,NA,NA,
run_006,join,join_1772980980,join-irs3-1772980980,join-irs3-1772980980,39,reshare_started,reshare_completed,2026-03-08T14:43:25.571430Z,2026-03-08T14:47:05.516061813Z,/var/lib/docker/volumes,791e62bfc17bf044236c3dcb5d77ec82610b27aa4d5f3c78aff2e2842f98f9ee,other,NA,NA,
run_006,join,join_1772980980,join-irs3-1772980980,join-irs3-1772980980,39,reshare_started,reshare_completed,2026-03-08T14:43:25.571430Z,2026-03-08T14:47:05.516061813Z,/var/lib/docker/volumes,86e46c7349c98bd170ab7467b42f5b1a8fcf1438535fca6ee74a0dcce3856102,other,NA,NA,
run_006,join,join_1772980980,join-irs3-1772980980,join-irs3-1772980980,39,reshare_started,reshare_completed,2026-03-08T14:43:25.571430Z,2026-03-08T14:47:05.516061813Z,/var/lib/docker/volumes,99ac8c723665556c954d288ca00335f1fae5493d384cb656ecf5a945cc9ae3b8,other,NA,NA,
run_006,join,join_1772980980,join-irs3-1772980980,join-irs3-1772980980,39,reshare_started,reshare_completed,2026-03-08T14:43:25.571430Z,2026-03-08T14:47:05.516061813Z,/var/lib/docker/volumes,ab96d922f06ec7a94f1b5200e75e480c9ed7eba86fbbe33b5cb9edbe031c6ea8,other,49770,49770,0
run_006,join,join_1772980980,join-irs3-1772980980,join-irs3-1772980980,39,reshare_started,reshare_completed,2026-03-08T14:43:25.571430Z,2026-03-08T14:47:05.516061813Z,/var/lib/docker/volumes,c58c4c31a22da439d2b7f591fd40cdcdd9bb8458f543e682f66d858083ef9ea8,other,NA,NA,
run_006,join,join_1772980980,join-irs3-1772980980,join-irs3-1772980980,39,reshare_started,reshare_completed,2026-03-08T14:43:25.571430Z,2026-03-08T14:47:05.516061813Z,/var/lib/docker/volumes,d9b7785a06954372515977133a1213437b80c5db1517196ca5e26134d3413ccf,other,NA,NA,
run_006,join,join_1772980980,join-irs3-1772980980,join-irs3-1772980980,39,reshare_started,reshare_completed,2026-03-08T14:43:25.571430Z,2026-03-08T14:47:05.516061813Z,/var/lib/docker/volumes,dfb0ca7b4b9cad4ec8515f6484cd89e2febfe10817782070636d5b3db6848438,other,NA,NA,
run_006,join,join_1772980980,join-irs3-1772980980,join-irs3-1772980980,39,reshare_started,reshare_completed,2026-03-08T14:43:25.571430Z,2026-03-08T14:47:05.516061813Z,/var/lib/docker/volumes,fabric_orderer.kit.edu,orderer,349858255,351761393,1903138
run_006,join,join_1772980980,join-irs3-1772980980,join-irs3-1772980980,39,reshare_started,reshare_completed,2026-03-08T14:43:25.571430Z,2026-03-08T14:47:05.516061813Z,/var/lib/docker/volumes,fabric_peer0.irs1.kit.edu,other,5006,5006,0
run_006,join,join_1772980980,join-irs3-1772980980,join-irs3-1772980980,39,reshare_started,reshare_completed,2026-03-08T14:43:25.571430Z,2026-03-08T14:47:05.516061813Z,/var/lib/docker/volumes,fabric_peer0.irs3.kit.edu,peer,186343961,188125970,1782009
run_006,join,join_1772980980,join-irs3-1772980980,join-irs3-1772980980,39,reshare_started,reshare_completed,2026-03-08T14:43:25.571430Z,2026-03-08T14:47:05.516061813Z,/var/lib/docker/volumes,fabric_peer1.irs3.kit.edu,other,186342534,188124543,1782009
run_006,join,join_1772980980,join-irs3-1772980980,join-irs3-1772980980,39,reshare_started,reshare_completed,2026-03-08T14:43:25.571430Z,2026-03-08T14:47:05.516061813Z,/var/lib/docker/volumes,fabric_peer2.irs3.kit.edu,other,186343947,188125956,1782009
run_006,join,join_1772980980,join-irs3-1772980980,join-irs3-1772980980,39,reshare_started,reshare_completed,2026-03-08T14:43:25.571430Z,2026-03-08T14:47:05.516061813Z,/var/lib/docker/volumes,fabric_peer3.irs3.kit.edu,other,186342517,188124526,1782009
run_006,join,join_1772980980,join-irs3-1772980980,join-irs3-1772980980,39,reshare_completed,operation_end,2026-03-08T14:47:05.516061813Z,2026-03-08T14:48:25.349204Z,/var/lib/docker/volumes,07323924f55a40af409ae862fc14ab08f2d8c06ba282f174beb7e74ff5782926,other,NA,NA,
run_006,join,join_1772980980,join-irs3-1772980980,join-irs3-1772980980,39,reshare_completed,operation_end,2026-03-08T14:47:05.516061813Z,2026-03-08T14:48:25.349204Z,/var/lib/docker/volumes,301473890dade69bfa0d19b444d1f0769b67a90d1197c166d84af2511e48f916,other,49770,49770,0
run_006,join,join_1772980980,join-irs3-1772980980,join-irs3-1772980980,39,reshare_completed,operation_end,2026-03-08T14:47:05.516061813Z,2026-03-08T14:48:25.349204Z,/var/lib/docker/volumes,6b7bb91b53bcbfeb56b486bba478d97728a3c0004c18649976daaade961a2721,other,NA,NA,
run_006,join,join_1772980980,join-irs3-1772980980,join-irs3-1772980980,39,reshare_completed,operation_end,2026-03-08T14:47:05.516061813Z,2026-03-08T14:48:25.349204Z,/var/lib/docker/volumes,791e62bfc17bf044236c3dcb5d77ec82610b27aa4d5f3c78aff2e2842f98f9ee,other,NA,NA,
run_006,join,join_1772980980,join-irs3-1772980980,join-irs3-1772980980,39,reshare_completed,operation_end,2026-03-08T14:47:05.516061813Z,2026-03-08T14:48:25.349204Z,/var/lib/docker/volumes,86e46c7349c98bd170ab7467b42f5b1a8fcf1438535fca6ee74a0dcce3856102,other,NA,NA,
run_006,join,join_1772980980,join-irs3-1772980980,join-irs3-1772980980,39,reshare_completed,operation_end,2026-03-08T14:47:05.516061813Z,2026-03-08T14:48:25.349204Z,/var/lib/docker/volumes,99ac8c723665556c954d288ca00335f1fae5493d384cb656ecf5a945cc9ae3b8,other,NA,NA,
run_006,join,join_1772980980,join-irs3-1772980980,join-irs3-1772980980,39,reshare_completed,operation_end,2026-03-08T14:47:05.516061813Z,2026-03-08T14:48:25.349204Z,/var/lib/docker/volumes,ab96d922f06ec7a94f1b5200e75e480c9ed7eba86fbbe33b5cb9edbe031c6ea8,other,49770,49770,0
run_006,join,join_1772980980,join-irs3-1772980980,join-irs3-1772980980,39,reshare_completed,operation_end,2026-03-08T14:47:05.516061813Z,2026-03-08T14:48:25.349204Z,/var/lib/docker/volumes,c58c4c31a22da439d2b7f591fd40cdcdd9bb8458f543e682f66d858083ef9ea8,other,NA,NA,
run_006,join,join_1772980980,join-irs3-1772980980,join-irs3-1772980980,39,reshare_completed,operation_end,2026-03-08T14:47:05.516061813Z,2026-03-08T14:48:25.349204Z,/var/lib/docker/volumes,d9b7785a06954372515977133a1213437b80c5db1517196ca5e26134d3413ccf,other,NA,NA,
run_006,join,join_1772980980,join-irs3-1772980980,join-irs3-1772980980,39,reshare_completed,operation_end,2026-03-08T14:47:05.516061813Z,2026-03-08T14:48:25.349204Z,/var/lib/docker/volumes,dfb0ca7b4b9cad4ec8515f6484cd89e2febfe10817782070636d5b3db6848438,other,NA,NA,
run_006,join,join_1772980980,join-irs3-1772980980,join-irs3-1772980980,39,reshare_completed,operation_end,2026-03-08T14:47:05.516061813Z,2026-03-08T14:48:25.349204Z,/var/lib/docker/volumes,fabric_orderer.kit.edu,orderer,351761393,356786426,5025033
run_006,join,join_1772980980,join-irs3-1772980980,join-irs3-1772980980,39,reshare_completed,operation_end,2026-03-08T14:47:05.516061813Z,2026-03-08T14:48:25.349204Z,/var/lib/docker/volumes,fabric_peer0.irs1.kit.edu,other,5006,5006,0
run_006,join,join_1772980980,join-irs3-1772980980,join-irs3-1772980980,39,reshare_completed,operation_end,2026-03-08T14:47:05.516061813Z,2026-03-08T14:48:25.349204Z,/var/lib/docker/volumes,fabric_peer0.irs3.kit.edu,peer,188125970,193964790,5838820
run_006,join,join_1772980980,join-irs3-1772980980,join-irs3-1772980980,39,reshare_completed,operation_end,2026-03-08T14:47:05.516061813Z,2026-03-08T14:48:25.349204Z,/var/lib/docker/volumes,fabric_peer1.irs3.kit.edu,other,188124543,193963363,5838820
run_006,join,join_1772980980,join-irs3-1772980980,join-irs3-1772980980,39,reshare_completed,operation_end,2026-03-08T14:47:05.516061813Z,2026-03-08T14:48:25.349204Z,/var/lib/docker/volumes,fabric_peer2.irs3.kit.edu,other,188125956,193964776,5838820
run_006,join,join_1772980980,join-irs3-1772980980,join-irs3-1772980980,39,reshare_completed,operation_end,2026-03-08T14:47:05.516061813Z,2026-03-08T14:48:25.349204Z,/var/lib/docker/volumes,fabric_peer3.irs3.kit.edu,other,188124526,193963346,5838820
run_007,csr,csr_1772981313,csr-irs3-1772981313,csr-irs3-1772981313,,operation_start,csr_submit_done,2026-03-08T14:48:33.579154Z,2026-03-08T14:48:35.960833Z,/var/lib/docker/volumes,07323924f55a40af409ae862fc14ab08f2d8c06ba282f174beb7e74ff5782926,other,NA,NA,
run_007,csr,csr_1772981313,csr-irs3-1772981313,csr-irs3-1772981313,,operation_start,csr_submit_done,2026-03-08T14:48:33.579154Z,2026-03-08T14:48:35.960833Z,/var/lib/docker/volumes,301473890dade69bfa0d19b444d1f0769b67a90d1197c166d84af2511e48f916,other,49770,49770,0
run_007,csr,csr_1772981313,csr-irs3-1772981313,csr-irs3-1772981313,,operation_start,csr_submit_done,2026-03-08T14:48:33.579154Z,2026-03-08T14:48:35.960833Z,/var/lib/docker/volumes,6b7bb91b53bcbfeb56b486bba478d97728a3c0004c18649976daaade961a2721,other,NA,NA,
run_007,csr,csr_1772981313,csr-irs3-1772981313,csr-irs3-1772981313,,operation_start,csr_submit_done,2026-03-08T14:48:33.579154Z,2026-03-08T14:48:35.960833Z,/var/lib/docker/volumes,791e62bfc17bf044236c3dcb5d77ec82610b27aa4d5f3c78aff2e2842f98f9ee,other,NA,NA,
run_007,csr,csr_1772981313,csr-irs3-1772981313,csr-irs3-1772981313,,operation_start,csr_submit_done,2026-03-08T14:48:33.579154Z,2026-03-08T14:48:35.960833Z,/var/lib/docker/volumes,86e46c7349c98bd170ab7467b42f5b1a8fcf1438535fca6ee74a0dcce3856102,other,NA,NA,
run_007,csr,csr_1772981313,csr-irs3-1772981313,csr-irs3-1772981313,,operation_start,csr_submit_done,2026-03-08T14:48:33.579154Z,2026-03-08T14:48:35.960833Z,/var/lib/docker/volumes,99ac8c723665556c954d288ca00335f1fae5493d384cb656ecf5a945cc9ae3b8,other,NA,NA,
run_007,csr,csr_1772981313,csr-irs3-1772981313,csr-irs3-1772981313,,operation_start,csr_submit_done,2026-03-08T14:48:33.579154Z,2026-03-08T14:48:35.960833Z,/var/lib/docker/volumes,ab96d922f06ec7a94f1b5200e75e480c9ed7eba86fbbe33b5cb9edbe031c6ea8,other,49770,49770,0
run_007,csr,csr_1772981313,csr-irs3-1772981313,csr-irs3-1772981313,,operation_start,csr_submit_done,2026-03-08T14:48:33.579154Z,2026-03-08T14:48:35.960833Z,/var/lib/docker/volumes,c58c4c31a22da439d2b7f591fd40cdcdd9bb8458f543e682f66d858083ef9ea8,other,NA,NA,
run_007,csr,csr_1772981313,csr-irs3-1772981313,csr-irs3-1772981313,,operation_start,csr_submit_done,2026-03-08T14:48:33.579154Z,2026-03-08T14:48:35.960833Z,/var/lib/docker/volumes,d9b7785a06954372515977133a1213437b80c5db1517196ca5e26134d3413ccf,other,NA,NA,
run_007,csr,csr_1772981313,csr-irs3-1772981313,csr-irs3-1772981313,,operation_start,csr_submit_done,2026-03-08T14:48:33.579154Z,2026-03-08T14:48:35.960833Z,/var/lib/docker/volumes,dfb0ca7b4b9cad4ec8515f6484cd89e2febfe10817782070636d5b3db6848438,other,NA,NA,
run_007,csr,csr_1772981313,csr-irs3-1772981313,csr-irs3-1772981313,,operation_start,csr_submit_done,2026-03-08T14:48:33.579154Z,2026-03-08T14:48:35.960833Z,/var/lib/docker/volumes,fabric_orderer.kit.edu,orderer,356786426,356794988,8562
run_007,csr,csr_1772981313,csr-irs3-1772981313,csr-irs3-1772981313,,operation_start,csr_submit_done,2026-03-08T14:48:33.579154Z,2026-03-08T14:48:35.960833Z,/var/lib/docker/volumes,fabric_peer0.irs1.kit.edu,other,5006,5006,0
run_007,csr,csr_1772981313,csr-irs3-1772981313,csr-irs3-1772981313,,operation_start,csr_submit_done,2026-03-08T14:48:33.579154Z,2026-03-08T14:48:35.960833Z,/var/lib/docker/volumes,fabric_peer0.irs3.kit.edu,peer,193964790,193975502,10712
run_007,csr,csr_1772981313,csr-irs3-1772981313,csr-irs3-1772981313,,operation_start,csr_submit_done,2026-03-08T14:48:33.579154Z,2026-03-08T14:48:35.960833Z,/var/lib/docker/volumes,fabric_peer1.irs3.kit.edu,other,193963363,193974075,10712
run_007,csr,csr_1772981313,csr-irs3-1772981313,csr-irs3-1772981313,,operation_start,csr_submit_done,2026-03-08T14:48:33.579154Z,2026-03-08T14:48:35.960833Z,/var/lib/docker/volumes,fabric_peer2.irs3.kit.edu,other,193964776,193975488,10712
run_007,csr,csr_1772981313,csr-irs3-1772981313,csr-irs3-1772981313,,operation_start,csr_submit_done,2026-03-08T14:48:33.579154Z,2026-03-08T14:48:35.960833Z,/var/lib/docker/volumes,fabric_peer3.irs3.kit.edu,other,193963346,193974058,10712
run_007,csr,csr_1772981313,csr-irs3-1772981313,csr-irs3-1772981313,,csr_submit_done,csr_voted,2026-03-08T14:48:35.960833Z,2026-03-08T14:48:38.330507692Z,/var/lib/docker/volumes,07323924f55a40af409ae862fc14ab08f2d8c06ba282f174beb7e74ff5782926,other,NA,NA,
run_007,csr,csr_1772981313,csr-irs3-1772981313,csr-irs3-1772981313,,csr_submit_done,csr_voted,2026-03-08T14:48:35.960833Z,2026-03-08T14:48:38.330507692Z,/var/lib/docker/volumes,301473890dade69bfa0d19b444d1f0769b67a90d1197c166d84af2511e48f916,other,49770,49770,0
run_007,csr,csr_1772981313,csr-irs3-1772981313,csr-irs3-1772981313,,csr_submit_done,csr_voted,2026-03-08T14:48:35.960833Z,2026-03-08T14:48:38.330507692Z,/var/lib/docker/volumes,6b7bb91b53bcbfeb56b486bba478d97728a3c0004c18649976daaade961a2721,other,NA,NA,
run_007,csr,csr_1772981313,csr-irs3-1772981313,csr-irs3-1772981313,,csr_submit_done,csr_voted,2026-03-08T14:48:35.960833Z,2026-03-08T14:48:38.330507692Z,/var/lib/docker/volumes,791e62bfc17bf044236c3dcb5d77ec82610b27aa4d5f3c78aff2e2842f98f9ee,other,NA,NA,
run_007,csr,csr_1772981313,csr-irs3-1772981313,csr-irs3-1772981313,,csr_submit_done,csr_voted,2026-03-08T14:48:35.960833Z,2026-03-08T14:48:38.330507692Z,/var/lib/docker/volumes,86e46c7349c98bd170ab7467b42f5b1a8fcf1438535fca6ee74a0dcce3856102,other,NA,NA,
run_007,csr,csr_1772981313,csr-irs3-1772981313,csr-irs3-1772981313,,csr_submit_done,csr_voted,2026-03-08T14:48:35.960833Z,2026-03-08T14:48:38.330507692Z,/var/lib/docker/volumes,99ac8c723665556c954d288ca00335f1fae5493d384cb656ecf5a945cc9ae3b8,other,NA,NA,
run_007,csr,csr_1772981313,csr-irs3-1772981313,csr-irs3-1772981313,,csr_submit_done,csr_voted,2026-03-08T14:48:35.960833Z,2026-03-08T14:48:38.330507692Z,/var/lib/docker/volumes,ab96d922f06ec7a94f1b5200e75e480c9ed7eba86fbbe33b5cb9edbe031c6ea8,other,49770,49770,0
run_007,csr,csr_1772981313,csr-irs3-1772981313,csr-irs3-1772981313,,csr_submit_done,csr_voted,2026-03-08T14:48:35.960833Z,2026-03-08T14:48:38.330507692Z,/var/lib/docker/volumes,c58c4c31a22da439d2b7f591fd40cdcdd9bb8458f543e682f66d858083ef9ea8,other,NA,NA,
run_007,csr,csr_1772981313,csr-irs3-1772981313,csr-irs3-1772981313,,csr_submit_done,csr_voted,2026-03-08T14:48:35.960833Z,2026-03-08T14:48:38.330507692Z,/var/lib/docker/volumes,d9b7785a06954372515977133a1213437b80c5db1517196ca5e26134d3413ccf,other,NA,NA,
run_007,csr,csr_1772981313,csr-irs3-1772981313,csr-irs3-1772981313,,csr_submit_done,csr_voted,2026-03-08T14:48:35.960833Z,2026-03-08T14:48:38.330507692Z,/var/lib/docker/volumes,dfb0ca7b4b9cad4ec8515f6484cd89e2febfe10817782070636d5b3db6848438,other,NA,NA,
run_007,csr,csr_1772981313,csr-irs3-1772981313,csr-irs3-1772981313,,csr_submit_done,csr_voted,2026-03-08T14:48:35.960833Z,2026-03-08T14:48:38.330507692Z,/var/lib/docker/volumes,fabric_orderer.kit.edu,orderer,356794988,357029058,234070
run_007,csr,csr_1772981313,csr-irs3-1772981313,csr-irs3-1772981313,,csr_submit_done,csr_voted,2026-03-08T14:48:35.960833Z,2026-03-08T14:48:38.330507692Z,/var/lib/docker/volumes,fabric_peer0.irs1.kit.edu,other,5006,5006,0
run_007,csr,csr_1772981313,csr-irs3-1772981313,csr-irs3-1772981313,,csr_submit_done,csr_voted,2026-03-08T14:48:35.960833Z,2026-03-08T14:48:38.330507692Z,/var/lib/docker/volumes,fabric_peer0.irs3.kit.edu,peer,193975502,194222749,247247
run_007,csr,csr_1772981313,csr-irs3-1772981313,csr-irs3-1772981313,,csr_submit_done,csr_voted,2026-03-08T14:48:35.960833Z,2026-03-08T14:48:38.330507692Z,/var/lib/docker/volumes,fabric_peer1.irs3.kit.edu,other,193974075,194221322,247247
run_007,csr,csr_1772981313,csr-irs3-1772981313,csr-irs3-1772981313,,csr_submit_done,csr_voted,2026-03-08T14:48:35.960833Z,2026-03-08T14:48:38.330507692Z,/var/lib/docker/volumes,fabric_peer2.irs3.kit.edu,other,193975488,194222735,247247
run_007,csr,csr_1772981313,csr-irs3-1772981313,csr-irs3-1772981313,,csr_submit_done,csr_voted,2026-03-08T14:48:35.960833Z,2026-03-08T14:48:38.330507692Z,/var/lib/docker/volumes,fabric_peer3.irs3.kit.edu,other,193974058,194221305,247247
run_007,csr,csr_1772981313,csr-irs3-1772981313,csr-irs3-1772981313,,csr_voted,csr_approved,2026-03-08T14:48:38.330507692Z,2026-03-08T14:48:55.328312892Z,/var/lib/docker/volumes,07323924f55a40af409ae862fc14ab08f2d8c06ba282f174beb7e74ff5782926,other,NA,NA,
run_007,csr,csr_1772981313,csr-irs3-1772981313,csr-irs3-1772981313,,csr_voted,csr_approved,2026-03-08T14:48:38.330507692Z,2026-03-08T14:48:55.328312892Z,/var/lib/docker/volumes,301473890dade69bfa0d19b444d1f0769b67a90d1197c166d84af2511e48f916,other,49770,49770,0
run_007,csr,csr_1772981313,csr-irs3-1772981313,csr-irs3-1772981313,,csr_voted,csr_approved,2026-03-08T14:48:38.330507692Z,2026-03-08T14:48:55.328312892Z,/var/lib/docker/volumes,6b7bb91b53bcbfeb56b486bba478d97728a3c0004c18649976daaade961a2721,other,NA,NA,
run_007,csr,csr_1772981313,csr-irs3-1772981313,csr-irs3-1772981313,,csr_voted,csr_approved,2026-03-08T14:48:38.330507692Z,2026-03-08T14:48:55.328312892Z,/var/lib/docker/volumes,791e62bfc17bf044236c3dcb5d77ec82610b27aa4d5f3c78aff2e2842f98f9ee,other,NA,NA,
run_007,csr,csr_1772981313,csr-irs3-1772981313,csr-irs3-1772981313,,csr_voted,csr_approved,2026-03-08T14:48:38.330507692Z,2026-03-08T14:48:55.328312892Z,/var/lib/docker/volumes,86e46c7349c98bd170ab7467b42f5b1a8fcf1438535fca6ee74a0dcce3856102,other,NA,NA,
run_007,csr,csr_1772981313,csr-irs3-1772981313,csr-irs3-1772981313,,csr_voted,csr_approved,2026-03-08T14:48:38.330507692Z,2026-03-08T14:48:55.328312892Z,/var/lib/docker/volumes,99ac8c723665556c954d288ca00335f1fae5493d384cb656ecf5a945cc9ae3b8,other,NA,NA,
run_007,csr,csr_1772981313,csr-irs3-1772981313,csr-irs3-1772981313,,csr_voted,csr_approved,2026-03-08T14:48:38.330507692Z,2026-03-08T14:48:55.328312892Z,/var/lib/docker/volumes,ab96d922f06ec7a94f1b5200e75e480c9ed7eba86fbbe33b5cb9edbe031c6ea8,other,49770,49770,0
run_007,csr,csr_1772981313,csr-irs3-1772981313,csr-irs3-1772981313,,csr_voted,csr_approved,2026-03-08T14:48:38.330507692Z,2026-03-08T14:48:55.328312892Z,/var/lib/docker/volumes,c58c4c31a22da439d2b7f591fd40cdcdd9bb8458f543e682f66d858083ef9ea8,other,NA,NA,
run_007,csr,csr_1772981313,csr-irs3-1772981313,csr-irs3-1772981313,,csr_voted,csr_approved,2026-03-08T14:48:38.330507692Z,2026-03-08T14:48:55.328312892Z,/var/lib/docker/volumes,d9b7785a06954372515977133a1213437b80c5db1517196ca5e26134d3413ccf,other,NA,NA,
run_007,csr,csr_1772981313,csr-irs3-1772981313,csr-irs3-1772981313,,csr_voted,csr_approved,2026-03-08T14:48:38.330507692Z,2026-03-08T14:48:55.328312892Z,/var/lib/docker/volumes,dfb0ca7b4b9cad4ec8515f6484cd89e2febfe10817782070636d5b3db6848438,other,NA,NA,
run_007,csr,csr_1772981313,csr-irs3-1772981313,csr-irs3-1772981313,,csr_voted,csr_approved,2026-03-08T14:48:38.330507692Z,2026-03-08T14:48:55.328312892Z,/var/lib/docker/volumes,fabric_orderer.kit.edu,orderer,357029058,357517625,488567
run_007,csr,csr_1772981313,csr-irs3-1772981313,csr-irs3-1772981313,,csr_voted,csr_approved,2026-03-08T14:48:38.330507692Z,2026-03-08T14:48:55.328312892Z,/var/lib/docker/volumes,fabric_peer0.irs1.kit.edu,other,5006,5006,0
run_007,csr,csr_1772981313,csr-irs3-1772981313,csr-irs3-1772981313,,csr_voted,csr_approved,2026-03-08T14:48:38.330507692Z,2026-03-08T14:48:55.328312892Z,/var/lib/docker/volumes,fabric_peer0.irs3.kit.edu,peer,194222749,194752094,529345
run_007,csr,csr_1772981313,csr-irs3-1772981313,csr-irs3-1772981313,,csr_voted,csr_approved,2026-03-08T14:48:38.330507692Z,2026-03-08T14:48:55.328312892Z,/var/lib/docker/volumes,fabric_peer1.irs3.kit.edu,other,194221322,194750667,529345
run_007,csr,csr_1772981313,csr-irs3-1772981313,csr-irs3-1772981313,,csr_voted,csr_approved,2026-03-08T14:48:38.330507692Z,2026-03-08T14:48:55.328312892Z,/var/lib/docker/volumes,fabric_peer2.irs3.kit.edu,other,194222735,194752080,529345
run_007,csr,csr_1772981313,csr-irs3-1772981313,csr-irs3-1772981313,,csr_voted,csr_approved,2026-03-08T14:48:38.330507692Z,2026-03-08T14:48:55.328312892Z,/var/lib/docker/volumes,fabric_peer3.irs3.kit.edu,other,194221305,194750650,529345
run_007,csr,csr_1772981313,csr-irs3-1772981313,csr-irs3-1772981313,,csr_approved,cert_registered,2026-03-08T14:48:55.328312892Z,2026-03-08T14:50:21.562078355Z,/var/lib/docker/volumes,07323924f55a40af409ae862fc14ab08f2d8c06ba282f174beb7e74ff5782926,other,NA,NA,
run_007,csr,csr_1772981313,csr-irs3-1772981313,csr-irs3-1772981313,,csr_approved,cert_registered,2026-03-08T14:48:55.328312892Z,2026-03-08T14:50:21.562078355Z,/var/lib/docker/volumes,301473890dade69bfa0d19b444d1f0769b67a90d1197c166d84af2511e48f916,other,49770,49770,0
run_007,csr,csr_1772981313,csr-irs3-1772981313,csr-irs3-1772981313,,csr_approved,cert_registered,2026-03-08T14:48:55.328312892Z,2026-03-08T14:50:21.562078355Z,/var/lib/docker/volumes,6b7bb91b53bcbfeb56b486bba478d97728a3c0004c18649976daaade961a2721,other,NA,NA,
run_007,csr,csr_1772981313,csr-irs3-1772981313,csr-irs3-1772981313,,csr_approved,cert_registered,2026-03-08T14:48:55.328312892Z,2026-03-08T14:50:21.562078355Z,/var/lib/docker/volumes,791e62bfc17bf044236c3dcb5d77ec82610b27aa4d5f3c78aff2e2842f98f9ee,other,NA,NA,
run_007,csr,csr_1772981313,csr-irs3-1772981313,csr-irs3-1772981313,,csr_approved,cert_registered,2026-03-08T14:48:55.328312892Z,2026-03-08T14:50:21.562078355Z,/var/lib/docker/volumes,86e46c7349c98bd170ab7467b42f5b1a8fcf1438535fca6ee74a0dcce3856102,other,NA,NA,
run_007,csr,csr_1772981313,csr-irs3-1772981313,csr-irs3-1772981313,,csr_approved,cert_registered,2026-03-08T14:48:55.328312892Z,2026-03-08T14:50:21.562078355Z,/var/lib/docker/volumes,99ac8c723665556c954d288ca00335f1fae5493d384cb656ecf5a945cc9ae3b8,other,NA,NA,
run_007,csr,csr_1772981313,csr-irs3-1772981313,csr-irs3-1772981313,,csr_approved,cert_registered,2026-03-08T14:48:55.328312892Z,2026-03-08T14:50:21.562078355Z,/var/lib/docker/volumes,ab96d922f06ec7a94f1b5200e75e480c9ed7eba86fbbe33b5cb9edbe031c6ea8,other,49770,49770,0
run_007,csr,csr_1772981313,csr-irs3-1772981313,csr-irs3-1772981313,,csr_approved,cert_registered,2026-03-08T14:48:55.328312892Z,2026-03-08T14:50:21.562078355Z,/var/lib/docker/volumes,c58c4c31a22da439d2b7f591fd40cdcdd9bb8458f543e682f66d858083ef9ea8,other,NA,NA,
run_007,csr,csr_1772981313,csr-irs3-1772981313,csr-irs3-1772981313,,csr_approved,cert_registered,2026-03-08T14:48:55.328312892Z,2026-03-08T14:50:21.562078355Z,/var/lib/docker/volumes,d9b7785a06954372515977133a1213437b80c5db1517196ca5e26134d3413ccf,other,NA,NA,
run_007,csr,csr_1772981313,csr-irs3-1772981313,csr-irs3-1772981313,,csr_approved,cert_registered,2026-03-08T14:48:55.328312892Z,2026-03-08T14:50:21.562078355Z,/var/lib/docker/volumes,dfb0ca7b4b9cad4ec8515f6484cd89e2febfe10817782070636d5b3db6848438,other,NA,NA,
run_007,csr,csr_1772981313,csr-irs3-1772981313,csr-irs3-1772981313,,csr_approved,cert_registered,2026-03-08T14:48:55.328312892Z,2026-03-08T14:50:21.562078355Z,/var/lib/docker/volumes,fabric_orderer.kit.edu,orderer,357517625,358502636,985011
run_007,csr,csr_1772981313,csr-irs3-1772981313,csr-irs3-1772981313,,csr_approved,cert_registered,2026-03-08T14:48:55.328312892Z,2026-03-08T14:50:21.562078355Z,/var/lib/docker/volumes,fabric_peer0.irs1.kit.edu,other,5006,5006,0
run_007,csr,csr_1772981313,csr-irs3-1772981313,csr-irs3-1772981313,,csr_approved,cert_registered,2026-03-08T14:48:55.328312892Z,2026-03-08T14:50:21.562078355Z,/var/lib/docker/volumes,fabric_peer0.irs3.kit.edu,peer,194752094,195844570,1092476
run_007,csr,csr_1772981313,csr-irs3-1772981313,csr-irs3-1772981313,,csr_approved,cert_registered,2026-03-08T14:48:55.328312892Z,2026-03-08T14:50:21.562078355Z,/var/lib/docker/volumes,fabric_peer1.irs3.kit.edu,other,194750667,195843143,1092476
run_007,csr,csr_1772981313,csr-irs3-1772981313,csr-irs3-1772981313,,csr_approved,cert_registered,2026-03-08T14:48:55.328312892Z,2026-03-08T14:50:21.562078355Z,/var/lib/docker/volumes,fabric_peer2.irs3.kit.edu,other,194752080,195844556,1092476
run_007,csr,csr_1772981313,csr-irs3-1772981313,csr-irs3-1772981313,,csr_approved,cert_registered,2026-03-08T14:48:55.328312892Z,2026-03-08T14:50:21.562078355Z,/var/lib/docker/volumes,fabric_peer3.irs3.kit.edu,other,194750650,195843126,1092476
run_007,csr,csr_1772981313,csr-irs3-1772981313,csr-irs3-1772981313,,cert_registered,operation_end,2026-03-08T14:50:21.562078355Z,2026-03-08T14:50:21.943683Z,/var/lib/docker/volumes,07323924f55a40af409ae862fc14ab08f2d8c06ba282f174beb7e74ff5782926,other,NA,NA,
run_007,csr,csr_1772981313,csr-irs3-1772981313,csr-irs3-1772981313,,cert_registered,operation_end,2026-03-08T14:50:21.562078355Z,2026-03-08T14:50:21.943683Z,/var/lib/docker/volumes,301473890dade69bfa0d19b444d1f0769b67a90d1197c166d84af2511e48f916,other,49770,49770,0
run_007,csr,csr_1772981313,csr-irs3-1772981313,csr-irs3-1772981313,,cert_registered,operation_end,2026-03-08T14:50:21.562078355Z,2026-03-08T14:50:21.943683Z,/var/lib/docker/volumes,6b7bb91b53bcbfeb56b486bba478d97728a3c0004c18649976daaade961a2721,other,NA,NA,
run_007,csr,csr_1772981313,csr-irs3-1772981313,csr-irs3-1772981313,,cert_registered,operation_end,2026-03-08T14:50:21.562078355Z,2026-03-08T14:50:21.943683Z,/var/lib/docker/volumes,791e62bfc17bf044236c3dcb5d77ec82610b27aa4d5f3c78aff2e2842f98f9ee,other,NA,NA,
run_007,csr,csr_1772981313,csr-irs3-1772981313,csr-irs3-1772981313,,cert_registered,operation_end,2026-03-08T14:50:21.562078355Z,2026-03-08T14:50:21.943683Z,/var/lib/docker/volumes,86e46c7349c98bd170ab7467b42f5b1a8fcf1438535fca6ee74a0dcce3856102,other,NA,NA,
run_007,csr,csr_1772981313,csr-irs3-1772981313,csr-irs3-1772981313,,cert_registered,operation_end,2026-03-08T14:50:21.562078355Z,2026-03-08T14:50:21.943683Z,/var/lib/docker/volumes,99ac8c723665556c954d288ca00335f1fae5493d384cb656ecf5a945cc9ae3b8,other,NA,NA,
run_007,csr,csr_1772981313,csr-irs3-1772981313,csr-irs3-1772981313,,cert_registered,operation_end,2026-03-08T14:50:21.562078355Z,2026-03-08T14:50:21.943683Z,/var/lib/docker/volumes,ab96d922f06ec7a94f1b5200e75e480c9ed7eba86fbbe33b5cb9edbe031c6ea8,other,49770,49770,0
run_007,csr,csr_1772981313,csr-irs3-1772981313,csr-irs3-1772981313,,cert_registered,operation_end,2026-03-08T14:50:21.562078355Z,2026-03-08T14:50:21.943683Z,/var/lib/docker/volumes,c58c4c31a22da439d2b7f591fd40cdcdd9bb8458f543e682f66d858083ef9ea8,other,NA,NA,
run_007,csr,csr_1772981313,csr-irs3-1772981313,csr-irs3-1772981313,,cert_registered,operation_end,2026-03-08T14:50:21.562078355Z,2026-03-08T14:50:21.943683Z,/var/lib/docker/volumes,d9b7785a06954372515977133a1213437b80c5db1517196ca5e26134d3413ccf,other,NA,NA,
run_007,csr,csr_1772981313,csr-irs3-1772981313,csr-irs3-1772981313,,cert_registered,operation_end,2026-03-08T14:50:21.562078355Z,2026-03-08T14:50:21.943683Z,/var/lib/docker/volumes,dfb0ca7b4b9cad4ec8515f6484cd89e2febfe10817782070636d5b3db6848438,other,NA,NA,
run_007,csr,csr_1772981313,csr-irs3-1772981313,csr-irs3-1772981313,,cert_registered,operation_end,2026-03-08T14:50:21.562078355Z,2026-03-08T14:50:21.943683Z,/var/lib/docker/volumes,fabric_orderer.kit.edu,orderer,358502636,358502636,0
run_007,csr,csr_1772981313,csr-irs3-1772981313,csr-irs3-1772981313,,cert_registered,operation_end,2026-03-08T14:50:21.562078355Z,2026-03-08T14:50:21.943683Z,/var/lib/docker/volumes,fabric_peer0.irs1.kit.edu,other,5006,5006,0
run_007,csr,csr_1772981313,csr-irs3-1772981313,csr-irs3-1772981313,,cert_registered,operation_end,2026-03-08T14:50:21.562078355Z,2026-03-08T14:50:21.943683Z,/var/lib/docker/volumes,fabric_peer0.irs3.kit.edu,peer,195844570,195844570,0
run_007,csr,csr_1772981313,csr-irs3-1772981313,csr-irs3-1772981313,,cert_registered,operation_end,2026-03-08T14:50:21.562078355Z,2026-03-08T14:50:21.943683Z,/var/lib/docker/volumes,fabric_peer1.irs3.kit.edu,other,195843143,195843143,0
run_007,csr,csr_1772981313,csr-irs3-1772981313,csr-irs3-1772981313,,cert_registered,operation_end,2026-03-08T14:50:21.562078355Z,2026-03-08T14:50:21.943683Z,/var/lib/docker/volumes,fabric_peer2.irs3.kit.edu,other,195844556,195844556,0
run_007,csr,csr_1772981313,csr-irs3-1772981313,csr-irs3-1772981313,,cert_registered,operation_end,2026-03-08T14:50:21.562078355Z,2026-03-08T14:50:21.943683Z,/var/lib/docker/volumes,fabric_peer3.irs3.kit.edu,other,195843126,195843126,0
run_007,revocation,revocation_1772981443,revoke-irs3-1772981443,revoke-irs3-1772981443,,operation_start,revocation_submit_done,2026-03-08T14:50:43.258517Z,2026-03-08T14:50:45.613470Z,/var/lib/docker/volumes,07323924f55a40af409ae862fc14ab08f2d8c06ba282f174beb7e74ff5782926,other,NA,NA,
run_007,revocation,revocation_1772981443,revoke-irs3-1772981443,revoke-irs3-1772981443,,operation_start,revocation_submit_done,2026-03-08T14:50:43.258517Z,2026-03-08T14:50:45.613470Z,/var/lib/docker/volumes,301473890dade69bfa0d19b444d1f0769b67a90d1197c166d84af2511e48f916,other,49770,49770,0
run_007,revocation,revocation_1772981443,revoke-irs3-1772981443,revoke-irs3-1772981443,,operation_start,revocation_submit_done,2026-03-08T14:50:43.258517Z,2026-03-08T14:50:45.613470Z,/var/lib/docker/volumes,6b7bb91b53bcbfeb56b486bba478d97728a3c0004c18649976daaade961a2721,other,NA,NA,
run_007,revocation,revocation_1772981443,revoke-irs3-1772981443,revoke-irs3-1772981443,,operation_start,revocation_submit_done,2026-03-08T14:50:43.258517Z,2026-03-08T14:50:45.613470Z,/var/lib/docker/volumes,791e62bfc17bf044236c3dcb5d77ec82610b27aa4d5f3c78aff2e2842f98f9ee,other,NA,NA,
run_007,revocation,revocation_1772981443,revoke-irs3-1772981443,revoke-irs3-1772981443,,operation_start,revocation_submit_done,2026-03-08T14:50:43.258517Z,2026-03-08T14:50:45.613470Z,/var/lib/docker/volumes,86e46c7349c98bd170ab7467b42f5b1a8fcf1438535fca6ee74a0dcce3856102,other,NA,NA,
run_007,revocation,revocation_1772981443,revoke-irs3-1772981443,revoke-irs3-1772981443,,operation_start,revocation_submit_done,2026-03-08T14:50:43.258517Z,2026-03-08T14:50:45.613470Z,/var/lib/docker/volumes,99ac8c723665556c954d288ca00335f1fae5493d384cb656ecf5a945cc9ae3b8,other,NA,NA,
run_007,revocation,revocation_1772981443,revoke-irs3-1772981443,revoke-irs3-1772981443,,operation_start,revocation_submit_done,2026-03-08T14:50:43.258517Z,2026-03-08T14:50:45.613470Z,/var/lib/docker/volumes,ab96d922f06ec7a94f1b5200e75e480c9ed7eba86fbbe33b5cb9edbe031c6ea8,other,49770,49770,0
run_007,revocation,revocation_1772981443,revoke-irs3-1772981443,revoke-irs3-1772981443,,operation_start,revocation_submit_done,2026-03-08T14:50:43.258517Z,2026-03-08T14:50:45.613470Z,/var/lib/docker/volumes,c58c4c31a22da439d2b7f591fd40cdcdd9bb8458f543e682f66d858083ef9ea8,other,NA,NA,
run_007,revocation,revocation_1772981443,revoke-irs3-1772981443,revoke-irs3-1772981443,,operation_start,revocation_submit_done,2026-03-08T14:50:43.258517Z,2026-03-08T14:50:45.613470Z,/var/lib/docker/volumes,d9b7785a06954372515977133a1213437b80c5db1517196ca5e26134d3413ccf,other,NA,NA,
run_007,revocation,revocation_1772981443,revoke-irs3-1772981443,revoke-irs3-1772981443,,operation_start,revocation_submit_done,2026-03-08T14:50:43.258517Z,2026-03-08T14:50:45.613470Z,/var/lib/docker/volumes,dfb0ca7b4b9cad4ec8515f6484cd89e2febfe10817782070636d5b3db6848438,other,NA,NA,
run_007,revocation,revocation_1772981443,revoke-irs3-1772981443,revoke-irs3-1772981443,,operation_start,revocation_submit_done,2026-03-08T14:50:43.258517Z,2026-03-08T14:50:45.613470Z,/var/lib/docker/volumes,fabric_orderer.kit.edu,orderer,358550390,358557605,7215
run_007,revocation,revocation_1772981443,revoke-irs3-1772981443,revoke-irs3-1772981443,,operation_start,revocation_submit_done,2026-03-08T14:50:43.258517Z,2026-03-08T14:50:45.613470Z,/var/lib/docker/volumes,fabric_peer0.irs1.kit.edu,other,5006,5006,0
run_007,revocation,revocation_1772981443,revoke-irs3-1772981443,revoke-irs3-1772981443,,operation_start,revocation_submit_done,2026-03-08T14:50:43.258517Z,2026-03-08T14:50:45.613470Z,/var/lib/docker/volumes,fabric_peer0.irs3.kit.edu,peer,195893746,195902003,8257
run_007,revocation,revocation_1772981443,revoke-irs3-1772981443,revoke-irs3-1772981443,,operation_start,revocation_submit_done,2026-03-08T14:50:43.258517Z,2026-03-08T14:50:45.613470Z,/var/lib/docker/volumes,fabric_peer1.irs3.kit.edu,other,195892319,195900576,8257
run_007,revocation,revocation_1772981443,revoke-irs3-1772981443,revoke-irs3-1772981443,,operation_start,revocation_submit_done,2026-03-08T14:50:43.258517Z,2026-03-08T14:50:45.613470Z,/var/lib/docker/volumes,fabric_peer2.irs3.kit.edu,other,195893732,195901989,8257
run_007,revocation,revocation_1772981443,revoke-irs3-1772981443,revoke-irs3-1772981443,,operation_start,revocation_submit_done,2026-03-08T14:50:43.258517Z,2026-03-08T14:50:45.613470Z,/var/lib/docker/volumes,fabric_peer3.irs3.kit.edu,other,195892302,195900559,8257
run_007,revocation,revocation_1772981443,revoke-irs3-1772981443,revoke-irs3-1772981443,,revocation_submit_done,revocation_voted,2026-03-08T14:50:45.613470Z,2026-03-08T14:50:48.225734979Z,/var/lib/docker/volumes,07323924f55a40af409ae862fc14ab08f2d8c06ba282f174beb7e74ff5782926,other,NA,NA,
run_007,revocation,revocation_1772981443,revoke-irs3-1772981443,revoke-irs3-1772981443,,revocation_submit_done,revocation_voted,2026-03-08T14:50:45.613470Z,2026-03-08T14:50:48.225734979Z,/var/lib/docker/volumes,301473890dade69bfa0d19b444d1f0769b67a90d1197c166d84af2511e48f916,other,49770,49770,0
run_007,revocation,revocation_1772981443,revoke-irs3-1772981443,revoke-irs3-1772981443,,revocation_submit_done,revocation_voted,2026-03-08T14:50:45.613470Z,2026-03-08T14:50:48.225734979Z,/var/lib/docker/volumes,6b7bb91b53bcbfeb56b486bba478d97728a3c0004c18649976daaade961a2721,other,NA,NA,
run_007,revocation,revocation_1772981443,revoke-irs3-1772981443,revoke-irs3-1772981443,,revocation_submit_done,revocation_voted,2026-03-08T14:50:45.613470Z,2026-03-08T14:50:48.225734979Z,/var/lib/docker/volumes,791e62bfc17bf044236c3dcb5d77ec82610b27aa4d5f3c78aff2e2842f98f9ee,other,NA,NA,
run_007,revocation,revocation_1772981443,revoke-irs3-1772981443,revoke-irs3-1772981443,,revocation_submit_done,revocation_voted,2026-03-08T14:50:45.613470Z,2026-03-08T14:50:48.225734979Z,/var/lib/docker/volumes,86e46c7349c98bd170ab7467b42f5b1a8fcf1438535fca6ee74a0dcce3856102,other,NA,NA,
run_007,revocation,revocation_1772981443,revoke-irs3-1772981443,revoke-irs3-1772981443,,revocation_submit_done,revocation_voted,2026-03-08T14:50:45.613470Z,2026-03-08T14:50:48.225734979Z,/var/lib/docker/volumes,99ac8c723665556c954d288ca00335f1fae5493d384cb656ecf5a945cc9ae3b8,other,NA,NA,
run_007,revocation,revocation_1772981443,revoke-irs3-1772981443,revoke-irs3-1772981443,,revocation_submit_done,revocation_voted,2026-03-08T14:50:45.613470Z,2026-03-08T14:50:48.225734979Z,/var/lib/docker/volumes,ab96d922f06ec7a94f1b5200e75e480c9ed7eba86fbbe33b5cb9edbe031c6ea8,other,49770,49770,0
run_007,revocation,revocation_1772981443,revoke-irs3-1772981443,revoke-irs3-1772981443,,revocation_submit_done,revocation_voted,2026-03-08T14:50:45.613470Z,2026-03-08T14:50:48.225734979Z,/var/lib/docker/volumes,c58c4c31a22da439d2b7f591fd40cdcdd9bb8458f543e682f66d858083ef9ea8,other,NA,NA,
run_007,revocation,revocation_1772981443,revoke-irs3-1772981443,revoke-irs3-1772981443,,revocation_submit_done,revocation_voted,2026-03-08T14:50:45.613470Z,2026-03-08T14:50:48.225734979Z,/var/lib/docker/volumes,d9b7785a06954372515977133a1213437b80c5db1517196ca5e26134d3413ccf,other,NA,NA,
run_007,revocation,revocation_1772981443,revoke-irs3-1772981443,revoke-irs3-1772981443,,revocation_submit_done,revocation_voted,2026-03-08T14:50:45.613470Z,2026-03-08T14:50:48.225734979Z,/var/lib/docker/volumes,dfb0ca7b4b9cad4ec8515f6484cd89e2febfe10817782070636d5b3db6848438,other,NA,NA,
run_007,revocation,revocation_1772981443,revoke-irs3-1772981443,revoke-irs3-1772981443,,revocation_submit_done,revocation_voted,2026-03-08T14:50:45.613470Z,2026-03-08T14:50:48.225734979Z,/var/lib/docker/volumes,fabric_orderer.kit.edu,orderer,358557605,358767569,209964
run_007,revocation,revocation_1772981443,revoke-irs3-1772981443,revoke-irs3-1772981443,,revocation_submit_done,revocation_voted,2026-03-08T14:50:45.613470Z,2026-03-08T14:50:48.225734979Z,/var/lib/docker/volumes,fabric_peer0.irs1.kit.edu,other,5006,5006,0
run_007,revocation,revocation_1772981443,revoke-irs3-1772981443,revoke-irs3-1772981443,,revocation_submit_done,revocation_voted,2026-03-08T14:50:45.613470Z,2026-03-08T14:50:48.225734979Z,/var/lib/docker/volumes,fabric_peer0.irs3.kit.edu,peer,195902003,196122008,220005
run_007,revocation,revocation_1772981443,revoke-irs3-1772981443,revoke-irs3-1772981443,,revocation_submit_done,revocation_voted,2026-03-08T14:50:45.613470Z,2026-03-08T14:50:48.225734979Z,/var/lib/docker/volumes,fabric_peer1.irs3.kit.edu,other,195900576,196120581,220005
run_007,revocation,revocation_1772981443,revoke-irs3-1772981443,revoke-irs3-1772981443,,revocation_submit_done,revocation_voted,2026-03-08T14:50:45.613470Z,2026-03-08T14:50:48.225734979Z,/var/lib/docker/volumes,fabric_peer2.irs3.kit.edu,other,195901989,196121994,220005
run_007,revocation,revocation_1772981443,revoke-irs3-1772981443,revoke-irs3-1772981443,,revocation_submit_done,revocation_voted,2026-03-08T14:50:45.613470Z,2026-03-08T14:50:48.225734979Z,/var/lib/docker/volumes,fabric_peer3.irs3.kit.edu,other,195900559,196120564,220005
run_007,revocation,revocation_1772981443,revoke-irs3-1772981443,revoke-irs3-1772981443,,revocation_voted,revocation_executed,2026-03-08T14:50:48.225734979Z,2026-03-08T14:51:04.151619Z,/var/lib/docker/volumes,07323924f55a40af409ae862fc14ab08f2d8c06ba282f174beb7e74ff5782926,other,NA,NA,
run_007,revocation,revocation_1772981443,revoke-irs3-1772981443,revoke-irs3-1772981443,,revocation_voted,revocation_executed,2026-03-08T14:50:48.225734979Z,2026-03-08T14:51:04.151619Z,/var/lib/docker/volumes,301473890dade69bfa0d19b444d1f0769b67a90d1197c166d84af2511e48f916,other,49770,49770,0
run_007,revocation,revocation_1772981443,revoke-irs3-1772981443,revoke-irs3-1772981443,,revocation_voted,revocation_executed,2026-03-08T14:50:48.225734979Z,2026-03-08T14:51:04.151619Z,/var/lib/docker/volumes,6b7bb91b53bcbfeb56b486bba478d97728a3c0004c18649976daaade961a2721,other,NA,NA,
run_007,revocation,revocation_1772981443,revoke-irs3-1772981443,revoke-irs3-1772981443,,revocation_voted,revocation_executed,2026-03-08T14:50:48.225734979Z,2026-03-08T14:51:04.151619Z,/var/lib/docker/volumes,791e62bfc17bf044236c3dcb5d77ec82610b27aa4d5f3c78aff2e2842f98f9ee,other,NA,NA,
run_007,revocation,revocation_1772981443,revoke-irs3-1772981443,revoke-irs3-1772981443,,revocation_voted,revocation_executed,2026-03-08T14:50:48.225734979Z,2026-03-08T14:51:04.151619Z,/var/lib/docker/volumes,86e46c7349c98bd170ab7467b42f5b1a8fcf1438535fca6ee74a0dcce3856102,other,NA,NA,
run_007,revocation,revocation_1772981443,revoke-irs3-1772981443,revoke-irs3-1772981443,,revocation_voted,revocation_executed,2026-03-08T14:50:48.225734979Z,2026-03-08T14:51:04.151619Z,/var/lib/docker/volumes,99ac8c723665556c954d288ca00335f1fae5493d384cb656ecf5a945cc9ae3b8,other,NA,NA,
run_007,revocation,revocation_1772981443,revoke-irs3-1772981443,revoke-irs3-1772981443,,revocation_voted,revocation_executed,2026-03-08T14:50:48.225734979Z,2026-03-08T14:51:04.151619Z,/var/lib/docker/volumes,ab96d922f06ec7a94f1b5200e75e480c9ed7eba86fbbe33b5cb9edbe031c6ea8,other,49770,49770,0
run_007,revocation,revocation_1772981443,revoke-irs3-1772981443,revoke-irs3-1772981443,,revocation_voted,revocation_executed,2026-03-08T14:50:48.225734979Z,2026-03-08T14:51:04.151619Z,/var/lib/docker/volumes,c58c4c31a22da439d2b7f591fd40cdcdd9bb8458f543e682f66d858083ef9ea8,other,NA,NA,
run_007,revocation,revocation_1772981443,revoke-irs3-1772981443,revoke-irs3-1772981443,,revocation_voted,revocation_executed,2026-03-08T14:50:48.225734979Z,2026-03-08T14:51:04.151619Z,/var/lib/docker/volumes,d9b7785a06954372515977133a1213437b80c5db1517196ca5e26134d3413ccf,other,NA,NA,
run_007,revocation,revocation_1772981443,revoke-irs3-1772981443,revoke-irs3-1772981443,,revocation_voted,revocation_executed,2026-03-08T14:50:48.225734979Z,2026-03-08T14:51:04.151619Z,/var/lib/docker/volumes,dfb0ca7b4b9cad4ec8515f6484cd89e2febfe10817782070636d5b3db6848438,other,NA,NA,
run_007,revocation,revocation_1772981443,revoke-irs3-1772981443,revoke-irs3-1772981443,,revocation_voted,revocation_executed,2026-03-08T14:50:48.225734979Z,2026-03-08T14:51:04.151619Z,/var/lib/docker/volumes,fabric_orderer.kit.edu,orderer,358767569,359241540,473971
run_007,revocation,revocation_1772981443,revoke-irs3-1772981443,revoke-irs3-1772981443,,revocation_voted,revocation_executed,2026-03-08T14:50:48.225734979Z,2026-03-08T14:51:04.151619Z,/var/lib/docker/volumes,fabric_peer0.irs1.kit.edu,other,5006,5006,0
run_007,revocation,revocation_1772981443,revoke-irs3-1772981443,revoke-irs3-1772981443,,revocation_voted,revocation_executed,2026-03-08T14:50:48.225734979Z,2026-03-08T14:51:04.151619Z,/var/lib/docker/volumes,fabric_peer0.irs3.kit.edu,peer,196122008,196626838,504830
run_007,revocation,revocation_1772981443,revoke-irs3-1772981443,revoke-irs3-1772981443,,revocation_voted,revocation_executed,2026-03-08T14:50:48.225734979Z,2026-03-08T14:51:04.151619Z,/var/lib/docker/volumes,fabric_peer1.irs3.kit.edu,other,196120581,196625411,504830
run_007,revocation,revocation_1772981443,revoke-irs3-1772981443,revoke-irs3-1772981443,,revocation_voted,revocation_executed,2026-03-08T14:50:48.225734979Z,2026-03-08T14:51:04.151619Z,/var/lib/docker/volumes,fabric_peer2.irs3.kit.edu,other,196121994,196626824,504830
run_007,revocation,revocation_1772981443,revoke-irs3-1772981443,revoke-irs3-1772981443,,revocation_voted,revocation_executed,2026-03-08T14:50:48.225734979Z,2026-03-08T14:51:04.151619Z,/var/lib/docker/volumes,fabric_peer3.irs3.kit.edu,other,196120564,196625394,504830
run_007,revocation,revocation_1772981443,revoke-irs3-1772981443,revoke-irs3-1772981443,,revocation_executed,operation_end,2026-03-08T14:51:04.151619Z,2026-03-08T14:51:04.280155Z,/var/lib/docker/volumes,07323924f55a40af409ae862fc14ab08f2d8c06ba282f174beb7e74ff5782926,other,NA,NA,
run_007,revocation,revocation_1772981443,revoke-irs3-1772981443,revoke-irs3-1772981443,,revocation_executed,operation_end,2026-03-08T14:51:04.151619Z,2026-03-08T14:51:04.280155Z,/var/lib/docker/volumes,301473890dade69bfa0d19b444d1f0769b67a90d1197c166d84af2511e48f916,other,49770,49770,0
run_007,revocation,revocation_1772981443,revoke-irs3-1772981443,revoke-irs3-1772981443,,revocation_executed,operation_end,2026-03-08T14:51:04.151619Z,2026-03-08T14:51:04.280155Z,/var/lib/docker/volumes,6b7bb91b53bcbfeb56b486bba478d97728a3c0004c18649976daaade961a2721,other,NA,NA,
run_007,revocation,revocation_1772981443,revoke-irs3-1772981443,revoke-irs3-1772981443,,revocation_executed,operation_end,2026-03-08T14:51:04.151619Z,2026-03-08T14:51:04.280155Z,/var/lib/docker/volumes,791e62bfc17bf044236c3dcb5d77ec82610b27aa4d5f3c78aff2e2842f98f9ee,other,NA,NA,
run_007,revocation,revocation_1772981443,revoke-irs3-1772981443,revoke-irs3-1772981443,,revocation_executed,operation_end,2026-03-08T14:51:04.151619Z,2026-03-08T14:51:04.280155Z,/var/lib/docker/volumes,86e46c7349c98bd170ab7467b42f5b1a8fcf1438535fca6ee74a0dcce3856102,other,NA,NA,
run_007,revocation,revocation_1772981443,revoke-irs3-1772981443,revoke-irs3-1772981443,,revocation_executed,operation_end,2026-03-08T14:51:04.151619Z,2026-03-08T14:51:04.280155Z,/var/lib/docker/volumes,99ac8c723665556c954d288ca00335f1fae5493d384cb656ecf5a945cc9ae3b8,other,NA,NA,
run_007,revocation,revocation_1772981443,revoke-irs3-1772981443,revoke-irs3-1772981443,,revocation_executed,operation_end,2026-03-08T14:51:04.151619Z,2026-03-08T14:51:04.280155Z,/var/lib/docker/volumes,ab96d922f06ec7a94f1b5200e75e480c9ed7eba86fbbe33b5cb9edbe031c6ea8,other,49770,49770,0
run_007,revocation,revocation_1772981443,revoke-irs3-1772981443,revoke-irs3-1772981443,,revocation_executed,operation_end,2026-03-08T14:51:04.151619Z,2026-03-08T14:51:04.280155Z,/var/lib/docker/volumes,c58c4c31a22da439d2b7f591fd40cdcdd9bb8458f543e682f66d858083ef9ea8,other,NA,NA,
run_007,revocation,revocation_1772981443,revoke-irs3-1772981443,revoke-irs3-1772981443,,revocation_executed,operation_end,2026-03-08T14:51:04.151619Z,2026-03-08T14:51:04.280155Z,/var/lib/docker/volumes,d9b7785a06954372515977133a1213437b80c5db1517196ca5e26134d3413ccf,other,NA,NA,
run_007,revocation,revocation_1772981443,revoke-irs3-1772981443,revoke-irs3-1772981443,,revocation_executed,operation_end,2026-03-08T14:51:04.151619Z,2026-03-08T14:51:04.280155Z,/var/lib/docker/volumes,dfb0ca7b4b9cad4ec8515f6484cd89e2febfe10817782070636d5b3db6848438,other,NA,NA,
run_007,revocation,revocation_1772981443,revoke-irs3-1772981443,revoke-irs3-1772981443,,revocation_executed,operation_end,2026-03-08T14:51:04.151619Z,2026-03-08T14:51:04.280155Z,/var/lib/docker/volumes,fabric_orderer.kit.edu,orderer,359241540,359241540,0
run_007,revocation,revocation_1772981443,revoke-irs3-1772981443,revoke-irs3-1772981443,,revocation_executed,operation_end,2026-03-08T14:51:04.151619Z,2026-03-08T14:51:04.280155Z,/var/lib/docker/volumes,fabric_peer0.irs1.kit.edu,other,5006,5006,0
run_007,revocation,revocation_1772981443,revoke-irs3-1772981443,revoke-irs3-1772981443,,revocation_executed,operation_end,2026-03-08T14:51:04.151619Z,2026-03-08T14:51:04.280155Z,/var/lib/docker/volumes,fabric_peer0.irs3.kit.edu,peer,196626838,196626838,0
run_007,revocation,revocation_1772981443,revoke-irs3-1772981443,revoke-irs3-1772981443,,revocation_executed,operation_end,2026-03-08T14:51:04.151619Z,2026-03-08T14:51:04.280155Z,/var/lib/docker/volumes,fabric_peer1.irs3.kit.edu,other,196625411,196625411,0
run_007,revocation,revocation_1772981443,revoke-irs3-1772981443,revoke-irs3-1772981443,,revocation_executed,operation_end,2026-03-08T14:51:04.151619Z,2026-03-08T14:51:04.280155Z,/var/lib/docker/volumes,fabric_peer2.irs3.kit.edu,other,196626824,196626824,0
run_007,revocation,revocation_1772981443,revoke-irs3-1772981443,revoke-irs3-1772981443,,revocation_executed,operation_end,2026-03-08T14:51:04.151619Z,2026-03-08T14:51:04.280155Z,/var/lib/docker/volumes,fabric_peer3.irs3.kit.edu,other,196625394,196625394,0
run_007,removal,removal_1772981483,remove-irs3-member1-1772981483,remove-irs3-member1-1772981483,40,operation_start,removal_submit_done,2026-03-08T14:51:23.157049Z,2026-03-08T14:51:25.654512Z,/var/lib/docker/volumes,07323924f55a40af409ae862fc14ab08f2d8c06ba282f174beb7e74ff5782926,other,NA,NA,
run_007,removal,removal_1772981483,remove-irs3-member1-1772981483,remove-irs3-member1-1772981483,40,operation_start,removal_submit_done,2026-03-08T14:51:23.157049Z,2026-03-08T14:51:25.654512Z,/var/lib/docker/volumes,301473890dade69bfa0d19b444d1f0769b67a90d1197c166d84af2511e48f916,other,49770,49770,0
run_007,removal,removal_1772981483,remove-irs3-member1-1772981483,remove-irs3-member1-1772981483,40,operation_start,removal_submit_done,2026-03-08T14:51:23.157049Z,2026-03-08T14:51:25.654512Z,/var/lib/docker/volumes,6b7bb91b53bcbfeb56b486bba478d97728a3c0004c18649976daaade961a2721,other,NA,NA,
run_007,removal,removal_1772981483,remove-irs3-member1-1772981483,remove-irs3-member1-1772981483,40,operation_start,removal_submit_done,2026-03-08T14:51:23.157049Z,2026-03-08T14:51:25.654512Z,/var/lib/docker/volumes,791e62bfc17bf044236c3dcb5d77ec82610b27aa4d5f3c78aff2e2842f98f9ee,other,NA,NA,
run_007,removal,removal_1772981483,remove-irs3-member1-1772981483,remove-irs3-member1-1772981483,40,operation_start,removal_submit_done,2026-03-08T14:51:23.157049Z,2026-03-08T14:51:25.654512Z,/var/lib/docker/volumes,86e46c7349c98bd170ab7467b42f5b1a8fcf1438535fca6ee74a0dcce3856102,other,NA,NA,
run_007,removal,removal_1772981483,remove-irs3-member1-1772981483,remove-irs3-member1-1772981483,40,operation_start,removal_submit_done,2026-03-08T14:51:23.157049Z,2026-03-08T14:51:25.654512Z,/var/lib/docker/volumes,99ac8c723665556c954d288ca00335f1fae5493d384cb656ecf5a945cc9ae3b8,other,NA,NA,
run_007,removal,removal_1772981483,remove-irs3-member1-1772981483,remove-irs3-member1-1772981483,40,operation_start,removal_submit_done,2026-03-08T14:51:23.157049Z,2026-03-08T14:51:25.654512Z,/var/lib/docker/volumes,ab96d922f06ec7a94f1b5200e75e480c9ed7eba86fbbe33b5cb9edbe031c6ea8,other,49770,49770,0
run_007,removal,removal_1772981483,remove-irs3-member1-1772981483,remove-irs3-member1-1772981483,40,operation_start,removal_submit_done,2026-03-08T14:51:23.157049Z,2026-03-08T14:51:25.654512Z,/var/lib/docker/volumes,c58c4c31a22da439d2b7f591fd40cdcdd9bb8458f543e682f66d858083ef9ea8,other,NA,NA,
run_007,removal,removal_1772981483,remove-irs3-member1-1772981483,remove-irs3-member1-1772981483,40,operation_start,removal_submit_done,2026-03-08T14:51:23.157049Z,2026-03-08T14:51:25.654512Z,/var/lib/docker/volumes,d9b7785a06954372515977133a1213437b80c5db1517196ca5e26134d3413ccf,other,NA,NA,
run_007,removal,removal_1772981483,remove-irs3-member1-1772981483,remove-irs3-member1-1772981483,40,operation_start,removal_submit_done,2026-03-08T14:51:23.157049Z,2026-03-08T14:51:25.654512Z,/var/lib/docker/volumes,dfb0ca7b4b9cad4ec8515f6484cd89e2febfe10817782070636d5b3db6848438,other,NA,NA,
run_007,removal,removal_1772981483,remove-irs3-member1-1772981483,remove-irs3-member1-1772981483,40,operation_start,removal_submit_done,2026-03-08T14:51:23.157049Z,2026-03-08T14:51:25.654512Z,/var/lib/docker/volumes,fabric_orderer.kit.edu,orderer,359241540,359251058,9518
run_007,removal,removal_1772981483,remove-irs3-member1-1772981483,remove-irs3-member1-1772981483,40,operation_start,removal_submit_done,2026-03-08T14:51:23.157049Z,2026-03-08T14:51:25.654512Z,/var/lib/docker/volumes,fabric_peer0.irs1.kit.edu,other,5006,5006,0
run_007,removal,removal_1772981483,remove-irs3-member1-1772981483,remove-irs3-member1-1772981483,40,operation_start,removal_submit_done,2026-03-08T14:51:23.157049Z,2026-03-08T14:51:25.654512Z,/var/lib/docker/volumes,fabric_peer0.irs3.kit.edu,peer,196626838,196637469,10631
run_007,removal,removal_1772981483,remove-irs3-member1-1772981483,remove-irs3-member1-1772981483,40,operation_start,removal_submit_done,2026-03-08T14:51:23.157049Z,2026-03-08T14:51:25.654512Z,/var/lib/docker/volumes,fabric_peer1.irs3.kit.edu,other,196625411,196636042,10631
run_007,removal,removal_1772981483,remove-irs3-member1-1772981483,remove-irs3-member1-1772981483,40,operation_start,removal_submit_done,2026-03-08T14:51:23.157049Z,2026-03-08T14:51:25.654512Z,/var/lib/docker/volumes,fabric_peer2.irs3.kit.edu,other,196626824,196637455,10631
run_007,removal,removal_1772981483,remove-irs3-member1-1772981483,remove-irs3-member1-1772981483,40,operation_start,removal_submit_done,2026-03-08T14:51:23.157049Z,2026-03-08T14:51:25.654512Z,/var/lib/docker/volumes,fabric_peer3.irs3.kit.edu,other,196625394,196636025,10631
run_007,removal,removal_1772981483,remove-irs3-member1-1772981483,remove-irs3-member1-1772981483,40,removal_submit_done,removal_voted,2026-03-08T14:51:25.654512Z,2026-03-08T14:51:28.275080608Z,/var/lib/docker/volumes,07323924f55a40af409ae862fc14ab08f2d8c06ba282f174beb7e74ff5782926,other,NA,NA,
run_007,removal,removal_1772981483,remove-irs3-member1-1772981483,remove-irs3-member1-1772981483,40,removal_submit_done,removal_voted,2026-03-08T14:51:25.654512Z,2026-03-08T14:51:28.275080608Z,/var/lib/docker/volumes,301473890dade69bfa0d19b444d1f0769b67a90d1197c166d84af2511e48f916,other,49770,49770,0
run_007,removal,removal_1772981483,remove-irs3-member1-1772981483,remove-irs3-member1-1772981483,40,removal_submit_done,removal_voted,2026-03-08T14:51:25.654512Z,2026-03-08T14:51:28.275080608Z,/var/lib/docker/volumes,6b7bb91b53bcbfeb56b486bba478d97728a3c0004c18649976daaade961a2721,other,NA,NA,
run_007,removal,removal_1772981483,remove-irs3-member1-1772981483,remove-irs3-member1-1772981483,40,removal_submit_done,removal_voted,2026-03-08T14:51:25.654512Z,2026-03-08T14:51:28.275080608Z,/var/lib/docker/volumes,791e62bfc17bf044236c3dcb5d77ec82610b27aa4d5f3c78aff2e2842f98f9ee,other,NA,NA,
run_007,removal,removal_1772981483,remove-irs3-member1-1772981483,remove-irs3-member1-1772981483,40,removal_submit_done,removal_voted,2026-03-08T14:51:25.654512Z,2026-03-08T14:51:28.275080608Z,/var/lib/docker/volumes,86e46c7349c98bd170ab7467b42f5b1a8fcf1438535fca6ee74a0dcce3856102,other,NA,NA,
run_007,removal,removal_1772981483,remove-irs3-member1-1772981483,remove-irs3-member1-1772981483,40,removal_submit_done,removal_voted,2026-03-08T14:51:25.654512Z,2026-03-08T14:51:28.275080608Z,/var/lib/docker/volumes,99ac8c723665556c954d288ca00335f1fae5493d384cb656ecf5a945cc9ae3b8,other,NA,NA,
run_007,removal,removal_1772981483,remove-irs3-member1-1772981483,remove-irs3-member1-1772981483,40,removal_submit_done,removal_voted,2026-03-08T14:51:25.654512Z,2026-03-08T14:51:28.275080608Z,/var/lib/docker/volumes,ab96d922f06ec7a94f1b5200e75e480c9ed7eba86fbbe33b5cb9edbe031c6ea8,other,49770,49770,0
run_007,removal,removal_1772981483,remove-irs3-member1-1772981483,remove-irs3-member1-1772981483,40,removal_submit_done,removal_voted,2026-03-08T14:51:25.654512Z,2026-03-08T14:51:28.275080608Z,/var/lib/docker/volumes,c58c4c31a22da439d2b7f591fd40cdcdd9bb8458f543e682f66d858083ef9ea8,other,NA,NA,
run_007,removal,removal_1772981483,remove-irs3-member1-1772981483,remove-irs3-member1-1772981483,40,removal_submit_done,removal_voted,2026-03-08T14:51:25.654512Z,2026-03-08T14:51:28.275080608Z,/var/lib/docker/volumes,d9b7785a06954372515977133a1213437b80c5db1517196ca5e26134d3413ccf,other,NA,NA,
run_007,removal,removal_1772981483,remove-irs3-member1-1772981483,remove-irs3-member1-1772981483,40,removal_submit_done,removal_voted,2026-03-08T14:51:25.654512Z,2026-03-08T14:51:28.275080608Z,/var/lib/docker/volumes,dfb0ca7b4b9cad4ec8515f6484cd89e2febfe10817782070636d5b3db6848438,other,NA,NA,
run_007,removal,removal_1772981483,remove-irs3-member1-1772981483,remove-irs3-member1-1772981483,40,removal_submit_done,removal_voted,2026-03-08T14:51:25.654512Z,2026-03-08T14:51:28.275080608Z,/var/lib/docker/volumes,fabric_orderer.kit.edu,orderer,359251058,359404619,153561
run_007,removal,removal_1772981483,remove-irs3-member1-1772981483,remove-irs3-member1-1772981483,40,removal_submit_done,removal_voted,2026-03-08T14:51:25.654512Z,2026-03-08T14:51:28.275080608Z,/var/lib/docker/volumes,fabric_peer0.irs1.kit.edu,other,5006,5006,0
run_007,removal,removal_1772981483,remove-irs3-member1-1772981483,remove-irs3-member1-1772981483,40,removal_submit_done,removal_voted,2026-03-08T14:51:25.654512Z,2026-03-08T14:51:28.275080608Z,/var/lib/docker/volumes,fabric_peer0.irs3.kit.edu,peer,196637469,196797771,160302
run_007,removal,removal_1772981483,remove-irs3-member1-1772981483,remove-irs3-member1-1772981483,40,removal_submit_done,removal_voted,2026-03-08T14:51:25.654512Z,2026-03-08T14:51:28.275080608Z,/var/lib/docker/volumes,fabric_peer1.irs3.kit.edu,other,196636042,196796344,160302
run_007,removal,removal_1772981483,remove-irs3-member1-1772981483,remove-irs3-member1-1772981483,40,removal_submit_done,removal_voted,2026-03-08T14:51:25.654512Z,2026-03-08T14:51:28.275080608Z,/var/lib/docker/volumes,fabric_peer2.irs3.kit.edu,other,196637455,196797757,160302
run_007,removal,removal_1772981483,remove-irs3-member1-1772981483,remove-irs3-member1-1772981483,40,removal_submit_done,removal_voted,2026-03-08T14:51:25.654512Z,2026-03-08T14:51:28.275080608Z,/var/lib/docker/volumes,fabric_peer3.irs3.kit.edu,other,196636025,196796327,160302
run_007,removal,removal_1772981483,remove-irs3-member1-1772981483,remove-irs3-member1-1772981483,40,removal_voted,removal_approved,2026-03-08T14:51:28.275080608Z,2026-03-08T14:51:46.70872403Z,/var/lib/docker/volumes,07323924f55a40af409ae862fc14ab08f2d8c06ba282f174beb7e74ff5782926,other,NA,NA,
run_007,removal,removal_1772981483,remove-irs3-member1-1772981483,remove-irs3-member1-1772981483,40,removal_voted,removal_approved,2026-03-08T14:51:28.275080608Z,2026-03-08T14:51:46.70872403Z,/var/lib/docker/volumes,301473890dade69bfa0d19b444d1f0769b67a90d1197c166d84af2511e48f916,other,49770,49770,0
run_007,removal,removal_1772981483,remove-irs3-member1-1772981483,remove-irs3-member1-1772981483,40,removal_voted,removal_approved,2026-03-08T14:51:28.275080608Z,2026-03-08T14:51:46.70872403Z,/var/lib/docker/volumes,6b7bb91b53bcbfeb56b486bba478d97728a3c0004c18649976daaade961a2721,other,NA,NA,
run_007,removal,removal_1772981483,remove-irs3-member1-1772981483,remove-irs3-member1-1772981483,40,removal_voted,removal_approved,2026-03-08T14:51:28.275080608Z,2026-03-08T14:51:46.70872403Z,/var/lib/docker/volumes,791e62bfc17bf044236c3dcb5d77ec82610b27aa4d5f3c78aff2e2842f98f9ee,other,NA,NA,
run_007,removal,removal_1772981483,remove-irs3-member1-1772981483,remove-irs3-member1-1772981483,40,removal_voted,removal_approved,2026-03-08T14:51:28.275080608Z,2026-03-08T14:51:46.70872403Z,/var/lib/docker/volumes,86e46c7349c98bd170ab7467b42f5b1a8fcf1438535fca6ee74a0dcce3856102,other,NA,NA,
run_007,removal,removal_1772981483,remove-irs3-member1-1772981483,remove-irs3-member1-1772981483,40,removal_voted,removal_approved,2026-03-08T14:51:28.275080608Z,2026-03-08T14:51:46.70872403Z,/var/lib/docker/volumes,99ac8c723665556c954d288ca00335f1fae5493d384cb656ecf5a945cc9ae3b8,other,NA,NA,
run_007,removal,removal_1772981483,remove-irs3-member1-1772981483,remove-irs3-member1-1772981483,40,removal_voted,removal_approved,2026-03-08T14:51:28.275080608Z,2026-03-08T14:51:46.70872403Z,/var/lib/docker/volumes,ab96d922f06ec7a94f1b5200e75e480c9ed7eba86fbbe33b5cb9edbe031c6ea8,other,49770,49770,0
run_007,removal,removal_1772981483,remove-irs3-member1-1772981483,remove-irs3-member1-1772981483,40,removal_voted,removal_approved,2026-03-08T14:51:28.275080608Z,2026-03-08T14:51:46.70872403Z,/var/lib/docker/volumes,c58c4c31a22da439d2b7f591fd40cdcdd9bb8458f543e682f66d858083ef9ea8,other,NA,NA,
run_007,removal,removal_1772981483,remove-irs3-member1-1772981483,remove-irs3-member1-1772981483,40,removal_voted,removal_approved,2026-03-08T14:51:28.275080608Z,2026-03-08T14:51:46.70872403Z,/var/lib/docker/volumes,d9b7785a06954372515977133a1213437b80c5db1517196ca5e26134d3413ccf,other,NA,NA,
run_007,removal,removal_1772981483,remove-irs3-member1-1772981483,remove-irs3-member1-1772981483,40,removal_voted,removal_approved,2026-03-08T14:51:28.275080608Z,2026-03-08T14:51:46.70872403Z,/var/lib/docker/volumes,dfb0ca7b4b9cad4ec8515f6484cd89e2febfe10817782070636d5b3db6848438,other,NA,NA,
run_007,removal,removal_1772981483,remove-irs3-member1-1772981483,remove-irs3-member1-1772981483,40,removal_voted,removal_approved,2026-03-08T14:51:28.275080608Z,2026-03-08T14:51:46.70872403Z,/var/lib/docker/volumes,fabric_orderer.kit.edu,orderer,359404619,360228995,824376
run_007,removal,removal_1772981483,remove-irs3-member1-1772981483,remove-irs3-member1-1772981483,40,removal_voted,removal_approved,2026-03-08T14:51:28.275080608Z,2026-03-08T14:51:46.70872403Z,/var/lib/docker/volumes,fabric_peer0.irs1.kit.edu,other,5006,5006,0
run_007,removal,removal_1772981483,remove-irs3-member1-1772981483,remove-irs3-member1-1772981483,40,removal_voted,removal_approved,2026-03-08T14:51:28.275080608Z,2026-03-08T14:51:46.70872403Z,/var/lib/docker/volumes,fabric_peer0.irs3.kit.edu,peer,196797771,197684410,886639
run_007,removal,removal_1772981483,remove-irs3-member1-1772981483,remove-irs3-member1-1772981483,40,removal_voted,removal_approved,2026-03-08T14:51:28.275080608Z,2026-03-08T14:51:46.70872403Z,/var/lib/docker/volumes,fabric_peer1.irs3.kit.edu,other,196796344,197682983,886639
run_007,removal,removal_1772981483,remove-irs3-member1-1772981483,remove-irs3-member1-1772981483,40,removal_voted,removal_approved,2026-03-08T14:51:28.275080608Z,2026-03-08T14:51:46.70872403Z,/var/lib/docker/volumes,fabric_peer2.irs3.kit.edu,other,196797757,197684396,886639
run_007,removal,removal_1772981483,remove-irs3-member1-1772981483,remove-irs3-member1-1772981483,40,removal_voted,removal_approved,2026-03-08T14:51:28.275080608Z,2026-03-08T14:51:46.70872403Z,/var/lib/docker/volumes,fabric_peer3.irs3.kit.edu,other,196796327,197682966,886639
run_007,removal,removal_1772981483,remove-irs3-member1-1772981483,remove-irs3-member1-1772981483,40,removal_approved,reshare_started,2026-03-08T14:51:46.70872403Z,2026-03-08T14:51:48.259225Z,/var/lib/docker/volumes,07323924f55a40af409ae862fc14ab08f2d8c06ba282f174beb7e74ff5782926,other,NA,NA,
run_007,removal,removal_1772981483,remove-irs3-member1-1772981483,remove-irs3-member1-1772981483,40,removal_approved,reshare_started,2026-03-08T14:51:46.70872403Z,2026-03-08T14:51:48.259225Z,/var/lib/docker/volumes,301473890dade69bfa0d19b444d1f0769b67a90d1197c166d84af2511e48f916,other,49770,49770,0
run_007,removal,removal_1772981483,remove-irs3-member1-1772981483,remove-irs3-member1-1772981483,40,removal_approved,reshare_started,2026-03-08T14:51:46.70872403Z,2026-03-08T14:51:48.259225Z,/var/lib/docker/volumes,6b7bb91b53bcbfeb56b486bba478d97728a3c0004c18649976daaade961a2721,other,NA,NA,
run_007,removal,removal_1772981483,remove-irs3-member1-1772981483,remove-irs3-member1-1772981483,40,removal_approved,reshare_started,2026-03-08T14:51:46.70872403Z,2026-03-08T14:51:48.259225Z,/var/lib/docker/volumes,791e62bfc17bf044236c3dcb5d77ec82610b27aa4d5f3c78aff2e2842f98f9ee,other,NA,NA,
run_007,removal,removal_1772981483,remove-irs3-member1-1772981483,remove-irs3-member1-1772981483,40,removal_approved,reshare_started,2026-03-08T14:51:46.70872403Z,2026-03-08T14:51:48.259225Z,/var/lib/docker/volumes,86e46c7349c98bd170ab7467b42f5b1a8fcf1438535fca6ee74a0dcce3856102,other,NA,NA,
run_007,removal,removal_1772981483,remove-irs3-member1-1772981483,remove-irs3-member1-1772981483,40,removal_approved,reshare_started,2026-03-08T14:51:46.70872403Z,2026-03-08T14:51:48.259225Z,/var/lib/docker/volumes,99ac8c723665556c954d288ca00335f1fae5493d384cb656ecf5a945cc9ae3b8,other,NA,NA,
run_007,removal,removal_1772981483,remove-irs3-member1-1772981483,remove-irs3-member1-1772981483,40,removal_approved,reshare_started,2026-03-08T14:51:46.70872403Z,2026-03-08T14:51:48.259225Z,/var/lib/docker/volumes,ab96d922f06ec7a94f1b5200e75e480c9ed7eba86fbbe33b5cb9edbe031c6ea8,other,49770,49770,0
run_007,removal,removal_1772981483,remove-irs3-member1-1772981483,remove-irs3-member1-1772981483,40,removal_approved,reshare_started,2026-03-08T14:51:46.70872403Z,2026-03-08T14:51:48.259225Z,/var/lib/docker/volumes,c58c4c31a22da439d2b7f591fd40cdcdd9bb8458f543e682f66d858083ef9ea8,other,NA,NA,
run_007,removal,removal_1772981483,remove-irs3-member1-1772981483,remove-irs3-member1-1772981483,40,removal_approved,reshare_started,2026-03-08T14:51:46.70872403Z,2026-03-08T14:51:48.259225Z,/var/lib/docker/volumes,d9b7785a06954372515977133a1213437b80c5db1517196ca5e26134d3413ccf,other,NA,NA,
run_007,removal,removal_1772981483,remove-irs3-member1-1772981483,remove-irs3-member1-1772981483,40,removal_approved,reshare_started,2026-03-08T14:51:46.70872403Z,2026-03-08T14:51:48.259225Z,/var/lib/docker/volumes,dfb0ca7b4b9cad4ec8515f6484cd89e2febfe10817782070636d5b3db6848438,other,NA,NA,
run_007,removal,removal_1772981483,remove-irs3-member1-1772981483,remove-irs3-member1-1772981483,40,removal_approved,reshare_started,2026-03-08T14:51:46.70872403Z,2026-03-08T14:51:48.259225Z,/var/lib/docker/volumes,fabric_orderer.kit.edu,orderer,360228995,360228995,0
run_007,removal,removal_1772981483,remove-irs3-member1-1772981483,remove-irs3-member1-1772981483,40,removal_approved,reshare_started,2026-03-08T14:51:46.70872403Z,2026-03-08T14:51:48.259225Z,/var/lib/docker/volumes,fabric_peer0.irs1.kit.edu,other,5006,5006,0
run_007,removal,removal_1772981483,remove-irs3-member1-1772981483,remove-irs3-member1-1772981483,40,removal_approved,reshare_started,2026-03-08T14:51:46.70872403Z,2026-03-08T14:51:48.259225Z,/var/lib/docker/volumes,fabric_peer0.irs3.kit.edu,peer,197684410,197684410,0
run_007,removal,removal_1772981483,remove-irs3-member1-1772981483,remove-irs3-member1-1772981483,40,removal_approved,reshare_started,2026-03-08T14:51:46.70872403Z,2026-03-08T14:51:48.259225Z,/var/lib/docker/volumes,fabric_peer1.irs3.kit.edu,other,197682983,197682983,0
run_007,removal,removal_1772981483,remove-irs3-member1-1772981483,remove-irs3-member1-1772981483,40,removal_approved,reshare_started,2026-03-08T14:51:46.70872403Z,2026-03-08T14:51:48.259225Z,/var/lib/docker/volumes,fabric_peer2.irs3.kit.edu,other,197684396,197684396,0
run_007,removal,removal_1772981483,remove-irs3-member1-1772981483,remove-irs3-member1-1772981483,40,removal_approved,reshare_started,2026-03-08T14:51:46.70872403Z,2026-03-08T14:51:48.259225Z,/var/lib/docker/volumes,fabric_peer3.irs3.kit.edu,other,197682966,197682966,0
run_007,removal,removal_1772981483,remove-irs3-member1-1772981483,remove-irs3-member1-1772981483,40,reshare_started,reshare_completed,2026-03-08T14:51:48.259225Z,2026-03-08T14:56:46.046276959Z,/var/lib/docker/volumes,07323924f55a40af409ae862fc14ab08f2d8c06ba282f174beb7e74ff5782926,other,NA,NA,
run_007,removal,removal_1772981483,remove-irs3-member1-1772981483,remove-irs3-member1-1772981483,40,reshare_started,reshare_completed,2026-03-08T14:51:48.259225Z,2026-03-08T14:56:46.046276959Z,/var/lib/docker/volumes,301473890dade69bfa0d19b444d1f0769b67a90d1197c166d84af2511e48f916,other,49770,49770,0
run_007,removal,removal_1772981483,remove-irs3-member1-1772981483,remove-irs3-member1-1772981483,40,reshare_started,reshare_completed,2026-03-08T14:51:48.259225Z,2026-03-08T14:56:46.046276959Z,/var/lib/docker/volumes,6b7bb91b53bcbfeb56b486bba478d97728a3c0004c18649976daaade961a2721,other,NA,NA,
run_007,removal,removal_1772981483,remove-irs3-member1-1772981483,remove-irs3-member1-1772981483,40,reshare_started,reshare_completed,2026-03-08T14:51:48.259225Z,2026-03-08T14:56:46.046276959Z,/var/lib/docker/volumes,791e62bfc17bf044236c3dcb5d77ec82610b27aa4d5f3c78aff2e2842f98f9ee,other,NA,NA,
run_007,removal,removal_1772981483,remove-irs3-member1-1772981483,remove-irs3-member1-1772981483,40,reshare_started,reshare_completed,2026-03-08T14:51:48.259225Z,2026-03-08T14:56:46.046276959Z,/var/lib/docker/volumes,86e46c7349c98bd170ab7467b42f5b1a8fcf1438535fca6ee74a0dcce3856102,other,NA,NA,
run_007,removal,removal_1772981483,remove-irs3-member1-1772981483,remove-irs3-member1-1772981483,40,reshare_started,reshare_completed,2026-03-08T14:51:48.259225Z,2026-03-08T14:56:46.046276959Z,/var/lib/docker/volumes,99ac8c723665556c954d288ca00335f1fae5493d384cb656ecf5a945cc9ae3b8,other,NA,NA,
run_007,removal,removal_1772981483,remove-irs3-member1-1772981483,remove-irs3-member1-1772981483,40,reshare_started,reshare_completed,2026-03-08T14:51:48.259225Z,2026-03-08T14:56:46.046276959Z,/var/lib/docker/volumes,ab96d922f06ec7a94f1b5200e75e480c9ed7eba86fbbe33b5cb9edbe031c6ea8,other,49770,49770,0
run_007,removal,removal_1772981483,remove-irs3-member1-1772981483,remove-irs3-member1-1772981483,40,reshare_started,reshare_completed,2026-03-08T14:51:48.259225Z,2026-03-08T14:56:46.046276959Z,/var/lib/docker/volumes,c58c4c31a22da439d2b7f591fd40cdcdd9bb8458f543e682f66d858083ef9ea8,other,NA,NA,
run_007,removal,removal_1772981483,remove-irs3-member1-1772981483,remove-irs3-member1-1772981483,40,reshare_started,reshare_completed,2026-03-08T14:51:48.259225Z,2026-03-08T14:56:46.046276959Z,/var/lib/docker/volumes,d9b7785a06954372515977133a1213437b80c5db1517196ca5e26134d3413ccf,other,NA,NA,
run_007,removal,removal_1772981483,remove-irs3-member1-1772981483,remove-irs3-member1-1772981483,40,reshare_started,reshare_completed,2026-03-08T14:51:48.259225Z,2026-03-08T14:56:46.046276959Z,/var/lib/docker/volumes,dfb0ca7b4b9cad4ec8515f6484cd89e2febfe10817782070636d5b3db6848438,other,NA,NA,
run_007,removal,removal_1772981483,remove-irs3-member1-1772981483,remove-irs3-member1-1772981483,40,reshare_started,reshare_completed,2026-03-08T14:51:48.259225Z,2026-03-08T14:56:46.046276959Z,/var/lib/docker/volumes,fabric_orderer.kit.edu,orderer,360228995,366309015,6080020
run_007,removal,removal_1772981483,remove-irs3-member1-1772981483,remove-irs3-member1-1772981483,40,reshare_started,reshare_completed,2026-03-08T14:51:48.259225Z,2026-03-08T14:56:46.046276959Z,/var/lib/docker/volumes,fabric_peer0.irs1.kit.edu,other,5006,5006,0
run_007,removal,removal_1772981483,remove-irs3-member1-1772981483,remove-irs3-member1-1772981483,40,reshare_started,reshare_completed,2026-03-08T14:51:48.259225Z,2026-03-08T14:56:46.046276959Z,/var/lib/docker/volumes,fabric_peer0.irs3.kit.edu,peer,197684410,204400723,6716313
run_007,removal,removal_1772981483,remove-irs3-member1-1772981483,remove-irs3-member1-1772981483,40,reshare_started,reshare_completed,2026-03-08T14:51:48.259225Z,2026-03-08T14:56:46.046276959Z,/var/lib/docker/volumes,fabric_peer1.irs3.kit.edu,other,197682983,204399296,6716313
run_007,removal,removal_1772981483,remove-irs3-member1-1772981483,remove-irs3-member1-1772981483,40,reshare_started,reshare_completed,2026-03-08T14:51:48.259225Z,2026-03-08T14:56:46.046276959Z,/var/lib/docker/volumes,fabric_peer2.irs3.kit.edu,other,197684396,204400709,6716313
run_007,removal,removal_1772981483,remove-irs3-member1-1772981483,remove-irs3-member1-1772981483,40,reshare_started,reshare_completed,2026-03-08T14:51:48.259225Z,2026-03-08T14:56:46.046276959Z,/var/lib/docker/volumes,fabric_peer3.irs3.kit.edu,other,197682966,204399279,6716313
run_007,removal,removal_1772981483,remove-irs3-member1-1772981483,remove-irs3-member1-1772981483,40,reshare_completed,operation_end,2026-03-08T14:56:46.046276959Z,2026-03-08T14:56:46.180946Z,/var/lib/docker/volumes,07323924f55a40af409ae862fc14ab08f2d8c06ba282f174beb7e74ff5782926,other,NA,NA,
run_007,removal,removal_1772981483,remove-irs3-member1-1772981483,remove-irs3-member1-1772981483,40,reshare_completed,operation_end,2026-03-08T14:56:46.046276959Z,2026-03-08T14:56:46.180946Z,/var/lib/docker/volumes,301473890dade69bfa0d19b444d1f0769b67a90d1197c166d84af2511e48f916,other,49770,49770,0
run_007,removal,removal_1772981483,remove-irs3-member1-1772981483,remove-irs3-member1-1772981483,40,reshare_completed,operation_end,2026-03-08T14:56:46.046276959Z,2026-03-08T14:56:46.180946Z,/var/lib/docker/volumes,6b7bb91b53bcbfeb56b486bba478d97728a3c0004c18649976daaade961a2721,other,NA,NA,
run_007,removal,removal_1772981483,remove-irs3-member1-1772981483,remove-irs3-member1-1772981483,40,reshare_completed,operation_end,2026-03-08T14:56:46.046276959Z,2026-03-08T14:56:46.180946Z,/var/lib/docker/volumes,791e62bfc17bf044236c3dcb5d77ec82610b27aa4d5f3c78aff2e2842f98f9ee,other,NA,NA,
run_007,removal,removal_1772981483,remove-irs3-member1-1772981483,remove-irs3-member1-1772981483,40,reshare_completed,operation_end,2026-03-08T14:56:46.046276959Z,2026-03-08T14:56:46.180946Z,/var/lib/docker/volumes,86e46c7349c98bd170ab7467b42f5b1a8fcf1438535fca6ee74a0dcce3856102,other,NA,NA,
run_007,removal,removal_1772981483,remove-irs3-member1-1772981483,remove-irs3-member1-1772981483,40,reshare_completed,operation_end,2026-03-08T14:56:46.046276959Z,2026-03-08T14:56:46.180946Z,/var/lib/docker/volumes,99ac8c723665556c954d288ca00335f1fae5493d384cb656ecf5a945cc9ae3b8,other,NA,NA,
run_007,removal,removal_1772981483,remove-irs3-member1-1772981483,remove-irs3-member1-1772981483,40,reshare_completed,operation_end,2026-03-08T14:56:46.046276959Z,2026-03-08T14:56:46.180946Z,/var/lib/docker/volumes,ab96d922f06ec7a94f1b5200e75e480c9ed7eba86fbbe33b5cb9edbe031c6ea8,other,49770,49770,0
run_007,removal,removal_1772981483,remove-irs3-member1-1772981483,remove-irs3-member1-1772981483,40,reshare_completed,operation_end,2026-03-08T14:56:46.046276959Z,2026-03-08T14:56:46.180946Z,/var/lib/docker/volumes,c58c4c31a22da439d2b7f591fd40cdcdd9bb8458f543e682f66d858083ef9ea8,other,NA,NA,
run_007,removal,removal_1772981483,remove-irs3-member1-1772981483,remove-irs3-member1-1772981483,40,reshare_completed,operation_end,2026-03-08T14:56:46.046276959Z,2026-03-08T14:56:46.180946Z,/var/lib/docker/volumes,d9b7785a06954372515977133a1213437b80c5db1517196ca5e26134d3413ccf,other,NA,NA,
run_007,removal,removal_1772981483,remove-irs3-member1-1772981483,remove-irs3-member1-1772981483,40,reshare_completed,operation_end,2026-03-08T14:56:46.046276959Z,2026-03-08T14:56:46.180946Z,/var/lib/docker/volumes,dfb0ca7b4b9cad4ec8515f6484cd89e2febfe10817782070636d5b3db6848438,other,NA,NA,
run_007,removal,removal_1772981483,remove-irs3-member1-1772981483,remove-irs3-member1-1772981483,40,reshare_completed,operation_end,2026-03-08T14:56:46.046276959Z,2026-03-08T14:56:46.180946Z,/var/lib/docker/volumes,fabric_orderer.kit.edu,orderer,366309015,366309015,0
run_007,removal,removal_1772981483,remove-irs3-member1-1772981483,remove-irs3-member1-1772981483,40,reshare_completed,operation_end,2026-03-08T14:56:46.046276959Z,2026-03-08T14:56:46.180946Z,/var/lib/docker/volumes,fabric_peer0.irs1.kit.edu,other,5006,5006,0
run_007,removal,removal_1772981483,remove-irs3-member1-1772981483,remove-irs3-member1-1772981483,40,reshare_completed,operation_end,2026-03-08T14:56:46.046276959Z,2026-03-08T14:56:46.180946Z,/var/lib/docker/volumes,fabric_peer0.irs3.kit.edu,peer,204400723,204400723,0
run_007,removal,removal_1772981483,remove-irs3-member1-1772981483,remove-irs3-member1-1772981483,40,reshare_completed,operation_end,2026-03-08T14:56:46.046276959Z,2026-03-08T14:56:46.180946Z,/var/lib/docker/volumes,fabric_peer1.irs3.kit.edu,other,204399296,204399296,0
run_007,removal,removal_1772981483,remove-irs3-member1-1772981483,remove-irs3-member1-1772981483,40,reshare_completed,operation_end,2026-03-08T14:56:46.046276959Z,2026-03-08T14:56:46.180946Z,/var/lib/docker/volumes,fabric_peer2.irs3.kit.edu,other,204400709,204400709,0
run_007,removal,removal_1772981483,remove-irs3-member1-1772981483,remove-irs3-member1-1772981483,40,reshare_completed,operation_end,2026-03-08T14:56:46.046276959Z,2026-03-08T14:56:46.180946Z,/var/lib/docker/volumes,fabric_peer3.irs3.kit.edu,other,204399279,204399279,0
run_007,join,join_1772981825,join-irs3-1772981825,join-irs3-1772981825,41,operation_start,join_submit_done,2026-03-08T14:57:05.253424Z,2026-03-08T14:57:07.702029Z,/var/lib/docker/volumes,07323924f55a40af409ae862fc14ab08f2d8c06ba282f174beb7e74ff5782926,other,NA,NA,
run_007,join,join_1772981825,join-irs3-1772981825,join-irs3-1772981825,41,operation_start,join_submit_done,2026-03-08T14:57:05.253424Z,2026-03-08T14:57:07.702029Z,/var/lib/docker/volumes,301473890dade69bfa0d19b444d1f0769b67a90d1197c166d84af2511e48f916,other,49770,49770,0
run_007,join,join_1772981825,join-irs3-1772981825,join-irs3-1772981825,41,operation_start,join_submit_done,2026-03-08T14:57:05.253424Z,2026-03-08T14:57:07.702029Z,/var/lib/docker/volumes,6b7bb91b53bcbfeb56b486bba478d97728a3c0004c18649976daaade961a2721,other,NA,NA,
run_007,join,join_1772981825,join-irs3-1772981825,join-irs3-1772981825,41,operation_start,join_submit_done,2026-03-08T14:57:05.253424Z,2026-03-08T14:57:07.702029Z,/var/lib/docker/volumes,791e62bfc17bf044236c3dcb5d77ec82610b27aa4d5f3c78aff2e2842f98f9ee,other,NA,NA,
run_007,join,join_1772981825,join-irs3-1772981825,join-irs3-1772981825,41,operation_start,join_submit_done,2026-03-08T14:57:05.253424Z,2026-03-08T14:57:07.702029Z,/var/lib/docker/volumes,86e46c7349c98bd170ab7467b42f5b1a8fcf1438535fca6ee74a0dcce3856102,other,NA,NA,
run_007,join,join_1772981825,join-irs3-1772981825,join-irs3-1772981825,41,operation_start,join_submit_done,2026-03-08T14:57:05.253424Z,2026-03-08T14:57:07.702029Z,/var/lib/docker/volumes,99ac8c723665556c954d288ca00335f1fae5493d384cb656ecf5a945cc9ae3b8,other,NA,NA,
run_007,join,join_1772981825,join-irs3-1772981825,join-irs3-1772981825,41,operation_start,join_submit_done,2026-03-08T14:57:05.253424Z,2026-03-08T14:57:07.702029Z,/var/lib/docker/volumes,ab96d922f06ec7a94f1b5200e75e480c9ed7eba86fbbe33b5cb9edbe031c6ea8,other,49770,49770,0
run_007,join,join_1772981825,join-irs3-1772981825,join-irs3-1772981825,41,operation_start,join_submit_done,2026-03-08T14:57:05.253424Z,2026-03-08T14:57:07.702029Z,/var/lib/docker/volumes,c58c4c31a22da439d2b7f591fd40cdcdd9bb8458f543e682f66d858083ef9ea8,other,NA,NA,
run_007,join,join_1772981825,join-irs3-1772981825,join-irs3-1772981825,41,operation_start,join_submit_done,2026-03-08T14:57:05.253424Z,2026-03-08T14:57:07.702029Z,/var/lib/docker/volumes,d9b7785a06954372515977133a1213437b80c5db1517196ca5e26134d3413ccf,other,NA,NA,
run_007,join,join_1772981825,join-irs3-1772981825,join-irs3-1772981825,41,operation_start,join_submit_done,2026-03-08T14:57:05.253424Z,2026-03-08T14:57:07.702029Z,/var/lib/docker/volumes,dfb0ca7b4b9cad4ec8515f6484cd89e2febfe10817782070636d5b3db6848438,other,NA,NA,
run_007,join,join_1772981825,join-irs3-1772981825,join-irs3-1772981825,41,operation_start,join_submit_done,2026-03-08T14:57:05.253424Z,2026-03-08T14:57:07.702029Z,/var/lib/docker/volumes,fabric_orderer.kit.edu,orderer,366309015,366318966,9951
run_007,join,join_1772981825,join-irs3-1772981825,join-irs3-1772981825,41,operation_start,join_submit_done,2026-03-08T14:57:05.253424Z,2026-03-08T14:57:07.702029Z,/var/lib/docker/volumes,fabric_peer0.irs1.kit.edu,other,5006,5006,0
run_007,join,join_1772981825,join-irs3-1772981825,join-irs3-1772981825,41,operation_start,join_submit_done,2026-03-08T14:57:05.253424Z,2026-03-08T14:57:07.702029Z,/var/lib/docker/volumes,fabric_peer0.irs3.kit.edu,peer,204400723,204412573,11850
run_007,join,join_1772981825,join-irs3-1772981825,join-irs3-1772981825,41,operation_start,join_submit_done,2026-03-08T14:57:05.253424Z,2026-03-08T14:57:07.702029Z,/var/lib/docker/volumes,fabric_peer1.irs3.kit.edu,other,204399296,204411146,11850
run_007,join,join_1772981825,join-irs3-1772981825,join-irs3-1772981825,41,operation_start,join_submit_done,2026-03-08T14:57:05.253424Z,2026-03-08T14:57:07.702029Z,/var/lib/docker/volumes,fabric_peer2.irs3.kit.edu,other,204400709,204412559,11850
run_007,join,join_1772981825,join-irs3-1772981825,join-irs3-1772981825,41,operation_start,join_submit_done,2026-03-08T14:57:05.253424Z,2026-03-08T14:57:07.702029Z,/var/lib/docker/volumes,fabric_peer3.irs3.kit.edu,other,204399279,204411129,11850
run_007,join,join_1772981825,join-irs3-1772981825,join-irs3-1772981825,41,join_submit_done,join_voted,2026-03-08T14:57:07.702029Z,2026-03-08T14:57:10.080628623Z,/var/lib/docker/volumes,07323924f55a40af409ae862fc14ab08f2d8c06ba282f174beb7e74ff5782926,other,NA,NA,
run_007,join,join_1772981825,join-irs3-1772981825,join-irs3-1772981825,41,join_submit_done,join_voted,2026-03-08T14:57:07.702029Z,2026-03-08T14:57:10.080628623Z,/var/lib/docker/volumes,301473890dade69bfa0d19b444d1f0769b67a90d1197c166d84af2511e48f916,other,49770,49770,0
run_007,join,join_1772981825,join-irs3-1772981825,join-irs3-1772981825,41,join_submit_done,join_voted,2026-03-08T14:57:07.702029Z,2026-03-08T14:57:10.080628623Z,/var/lib/docker/volumes,6b7bb91b53bcbfeb56b486bba478d97728a3c0004c18649976daaade961a2721,other,NA,NA,
run_007,join,join_1772981825,join-irs3-1772981825,join-irs3-1772981825,41,join_submit_done,join_voted,2026-03-08T14:57:07.702029Z,2026-03-08T14:57:10.080628623Z,/var/lib/docker/volumes,791e62bfc17bf044236c3dcb5d77ec82610b27aa4d5f3c78aff2e2842f98f9ee,other,NA,NA,
run_007,join,join_1772981825,join-irs3-1772981825,join-irs3-1772981825,41,join_submit_done,join_voted,2026-03-08T14:57:07.702029Z,2026-03-08T14:57:10.080628623Z,/var/lib/docker/volumes,86e46c7349c98bd170ab7467b42f5b1a8fcf1438535fca6ee74a0dcce3856102,other,NA,NA,
run_007,join,join_1772981825,join-irs3-1772981825,join-irs3-1772981825,41,join_submit_done,join_voted,2026-03-08T14:57:07.702029Z,2026-03-08T14:57:10.080628623Z,/var/lib/docker/volumes,99ac8c723665556c954d288ca00335f1fae5493d384cb656ecf5a945cc9ae3b8,other,NA,NA,
run_007,join,join_1772981825,join-irs3-1772981825,join-irs3-1772981825,41,join_submit_done,join_voted,2026-03-08T14:57:07.702029Z,2026-03-08T14:57:10.080628623Z,/var/lib/docker/volumes,ab96d922f06ec7a94f1b5200e75e480c9ed7eba86fbbe33b5cb9edbe031c6ea8,other,49770,49770,0
run_007,join,join_1772981825,join-irs3-1772981825,join-irs3-1772981825,41,join_submit_done,join_voted,2026-03-08T14:57:07.702029Z,2026-03-08T14:57:10.080628623Z,/var/lib/docker/volumes,c58c4c31a22da439d2b7f591fd40cdcdd9bb8458f543e682f66d858083ef9ea8,other,NA,NA,
run_007,join,join_1772981825,join-irs3-1772981825,join-irs3-1772981825,41,join_submit_done,join_voted,2026-03-08T14:57:07.702029Z,2026-03-08T14:57:10.080628623Z,/var/lib/docker/volumes,d9b7785a06954372515977133a1213437b80c5db1517196ca5e26134d3413ccf,other,NA,NA,
run_007,join,join_1772981825,join-irs3-1772981825,join-irs3-1772981825,41,join_submit_done,join_voted,2026-03-08T14:57:07.702029Z,2026-03-08T14:57:10.080628623Z,/var/lib/docker/volumes,dfb0ca7b4b9cad4ec8515f6484cd89e2febfe10817782070636d5b3db6848438,other,NA,NA,
run_007,join,join_1772981825,join-irs3-1772981825,join-irs3-1772981825,41,join_submit_done,join_voted,2026-03-08T14:57:07.702029Z,2026-03-08T14:57:10.080628623Z,/var/lib/docker/volumes,fabric_orderer.kit.edu,orderer,366318966,366361154,42188
run_007,join,join_1772981825,join-irs3-1772981825,join-irs3-1772981825,41,join_submit_done,join_voted,2026-03-08T14:57:07.702029Z,2026-03-08T14:57:10.080628623Z,/var/lib/docker/volumes,fabric_peer0.irs1.kit.edu,other,5006,5006,0
run_007,join,join_1772981825,join-irs3-1772981825,join-irs3-1772981825,41,join_submit_done,join_voted,2026-03-08T14:57:07.702029Z,2026-03-08T14:57:10.080628623Z,/var/lib/docker/volumes,fabric_peer0.irs3.kit.edu,peer,204412573,204458145,45572
run_007,join,join_1772981825,join-irs3-1772981825,join-irs3-1772981825,41,join_submit_done,join_voted,2026-03-08T14:57:07.702029Z,2026-03-08T14:57:10.080628623Z,/var/lib/docker/volumes,fabric_peer1.irs3.kit.edu,other,204411146,204456718,45572
run_007,join,join_1772981825,join-irs3-1772981825,join-irs3-1772981825,41,join_submit_done,join_voted,2026-03-08T14:57:07.702029Z,2026-03-08T14:57:10.080628623Z,/var/lib/docker/volumes,fabric_peer2.irs3.kit.edu,other,204412559,204458131,45572
run_007,join,join_1772981825,join-irs3-1772981825,join-irs3-1772981825,41,join_submit_done,join_voted,2026-03-08T14:57:07.702029Z,2026-03-08T14:57:10.080628623Z,/var/lib/docker/volumes,fabric_peer3.irs3.kit.edu,other,204411129,204456701,45572
run_007,join,join_1772981825,join-irs3-1772981825,join-irs3-1772981825,41,join_voted,join_approved,2026-03-08T14:57:10.080628623Z,2026-03-08T14:57:30.131860307Z,/var/lib/docker/volumes,07323924f55a40af409ae862fc14ab08f2d8c06ba282f174beb7e74ff5782926,other,NA,NA,
run_007,join,join_1772981825,join-irs3-1772981825,join-irs3-1772981825,41,join_voted,join_approved,2026-03-08T14:57:10.080628623Z,2026-03-08T14:57:30.131860307Z,/var/lib/docker/volumes,301473890dade69bfa0d19b444d1f0769b67a90d1197c166d84af2511e48f916,other,49770,49770,0
run_007,join,join_1772981825,join-irs3-1772981825,join-irs3-1772981825,41,join_voted,join_approved,2026-03-08T14:57:10.080628623Z,2026-03-08T14:57:30.131860307Z,/var/lib/docker/volumes,6b7bb91b53bcbfeb56b486bba478d97728a3c0004c18649976daaade961a2721,other,NA,NA,
run_007,join,join_1772981825,join-irs3-1772981825,join-irs3-1772981825,41,join_voted,join_approved,2026-03-08T14:57:10.080628623Z,2026-03-08T14:57:30.131860307Z,/var/lib/docker/volumes,791e62bfc17bf044236c3dcb5d77ec82610b27aa4d5f3c78aff2e2842f98f9ee,other,NA,NA,
run_007,join,join_1772981825,join-irs3-1772981825,join-irs3-1772981825,41,join_voted,join_approved,2026-03-08T14:57:10.080628623Z,2026-03-08T14:57:30.131860307Z,/var/lib/docker/volumes,86e46c7349c98bd170ab7467b42f5b1a8fcf1438535fca6ee74a0dcce3856102,other,NA,NA,
run_007,join,join_1772981825,join-irs3-1772981825,join-irs3-1772981825,41,join_voted,join_approved,2026-03-08T14:57:10.080628623Z,2026-03-08T14:57:30.131860307Z,/var/lib/docker/volumes,99ac8c723665556c954d288ca00335f1fae5493d384cb656ecf5a945cc9ae3b8,other,NA,NA,
run_007,join,join_1772981825,join-irs3-1772981825,join-irs3-1772981825,41,join_voted,join_approved,2026-03-08T14:57:10.080628623Z,2026-03-08T14:57:30.131860307Z,/var/lib/docker/volumes,ab96d922f06ec7a94f1b5200e75e480c9ed7eba86fbbe33b5cb9edbe031c6ea8,other,49770,49770,0
run_007,join,join_1772981825,join-irs3-1772981825,join-irs3-1772981825,41,join_voted,join_approved,2026-03-08T14:57:10.080628623Z,2026-03-08T14:57:30.131860307Z,/var/lib/docker/volumes,c58c4c31a22da439d2b7f591fd40cdcdd9bb8458f543e682f66d858083ef9ea8,other,NA,NA,
run_007,join,join_1772981825,join-irs3-1772981825,join-irs3-1772981825,41,join_voted,join_approved,2026-03-08T14:57:10.080628623Z,2026-03-08T14:57:30.131860307Z,/var/lib/docker/volumes,d9b7785a06954372515977133a1213437b80c5db1517196ca5e26134d3413ccf,other,NA,NA,
run_007,join,join_1772981825,join-irs3-1772981825,join-irs3-1772981825,41,join_voted,join_approved,2026-03-08T14:57:10.080628623Z,2026-03-08T14:57:30.131860307Z,/var/lib/docker/volumes,dfb0ca7b4b9cad4ec8515f6484cd89e2febfe10817782070636d5b3db6848438,other,NA,NA,
run_007,join,join_1772981825,join-irs3-1772981825,join-irs3-1772981825,41,join_voted,join_approved,2026-03-08T14:57:10.080628623Z,2026-03-08T14:57:30.131860307Z,/var/lib/docker/volumes,fabric_orderer.kit.edu,orderer,366361154,367133332,772178
run_007,join,join_1772981825,join-irs3-1772981825,join-irs3-1772981825,41,join_voted,join_approved,2026-03-08T14:57:10.080628623Z,2026-03-08T14:57:30.131860307Z,/var/lib/docker/volumes,fabric_peer0.irs1.kit.edu,other,5006,5006,0
run_007,join,join_1772981825,join-irs3-1772981825,join-irs3-1772981825,41,join_voted,join_approved,2026-03-08T14:57:10.080628623Z,2026-03-08T14:57:30.131860307Z,/var/lib/docker/volumes,fabric_peer0.irs3.kit.edu,peer,204458145,205284876,826731
run_007,join,join_1772981825,join-irs3-1772981825,join-irs3-1772981825,41,join_voted,join_approved,2026-03-08T14:57:10.080628623Z,2026-03-08T14:57:30.131860307Z,/var/lib/docker/volumes,fabric_peer1.irs3.kit.edu,other,204456718,205283449,826731
run_007,join,join_1772981825,join-irs3-1772981825,join-irs3-1772981825,41,join_voted,join_approved,2026-03-08T14:57:10.080628623Z,2026-03-08T14:57:30.131860307Z,/var/lib/docker/volumes,fabric_peer2.irs3.kit.edu,other,204458131,205284862,826731
run_007,join,join_1772981825,join-irs3-1772981825,join-irs3-1772981825,41,join_voted,join_approved,2026-03-08T14:57:10.080628623Z,2026-03-08T14:57:30.131860307Z,/var/lib/docker/volumes,fabric_peer3.irs3.kit.edu,other,204456701,205283432,826731
run_007,join,join_1772981825,join-irs3-1772981825,join-irs3-1772981825,41,join_approved,reshare_started,2026-03-08T14:57:30.131860307Z,2026-03-08T14:57:30.351799Z,/var/lib/docker/volumes,07323924f55a40af409ae862fc14ab08f2d8c06ba282f174beb7e74ff5782926,other,NA,NA,
run_007,join,join_1772981825,join-irs3-1772981825,join-irs3-1772981825,41,join_approved,reshare_started,2026-03-08T14:57:30.131860307Z,2026-03-08T14:57:30.351799Z,/var/lib/docker/volumes,301473890dade69bfa0d19b444d1f0769b67a90d1197c166d84af2511e48f916,other,49770,49770,0
run_007,join,join_1772981825,join-irs3-1772981825,join-irs3-1772981825,41,join_approved,reshare_started,2026-03-08T14:57:30.131860307Z,2026-03-08T14:57:30.351799Z,/var/lib/docker/volumes,6b7bb91b53bcbfeb56b486bba478d97728a3c0004c18649976daaade961a2721,other,NA,NA,
run_007,join,join_1772981825,join-irs3-1772981825,join-irs3-1772981825,41,join_approved,reshare_started,2026-03-08T14:57:30.131860307Z,2026-03-08T14:57:30.351799Z,/var/lib/docker/volumes,791e62bfc17bf044236c3dcb5d77ec82610b27aa4d5f3c78aff2e2842f98f9ee,other,NA,NA,
run_007,join,join_1772981825,join-irs3-1772981825,join-irs3-1772981825,41,join_approved,reshare_started,2026-03-08T14:57:30.131860307Z,2026-03-08T14:57:30.351799Z,/var/lib/docker/volumes,86e46c7349c98bd170ab7467b42f5b1a8fcf1438535fca6ee74a0dcce3856102,other,NA,NA,
run_007,join,join_1772981825,join-irs3-1772981825,join-irs3-1772981825,41,join_approved,reshare_started,2026-03-08T14:57:30.131860307Z,2026-03-08T14:57:30.351799Z,/var/lib/docker/volumes,99ac8c723665556c954d288ca00335f1fae5493d384cb656ecf5a945cc9ae3b8,other,NA,NA,
run_007,join,join_1772981825,join-irs3-1772981825,join-irs3-1772981825,41,join_approved,reshare_started,2026-03-08T14:57:30.131860307Z,2026-03-08T14:57:30.351799Z,/var/lib/docker/volumes,ab96d922f06ec7a94f1b5200e75e480c9ed7eba86fbbe33b5cb9edbe031c6ea8,other,49770,49770,0
run_007,join,join_1772981825,join-irs3-1772981825,join-irs3-1772981825,41,join_approved,reshare_started,2026-03-08T14:57:30.131860307Z,2026-03-08T14:57:30.351799Z,/var/lib/docker/volumes,c58c4c31a22da439d2b7f591fd40cdcdd9bb8458f543e682f66d858083ef9ea8,other,NA,NA,
run_007,join,join_1772981825,join-irs3-1772981825,join-irs3-1772981825,41,join_approved,reshare_started,2026-03-08T14:57:30.131860307Z,2026-03-08T14:57:30.351799Z,/var/lib/docker/volumes,d9b7785a06954372515977133a1213437b80c5db1517196ca5e26134d3413ccf,other,NA,NA,
run_007,join,join_1772981825,join-irs3-1772981825,join-irs3-1772981825,41,join_approved,reshare_started,2026-03-08T14:57:30.131860307Z,2026-03-08T14:57:30.351799Z,/var/lib/docker/volumes,dfb0ca7b4b9cad4ec8515f6484cd89e2febfe10817782070636d5b3db6848438,other,NA,NA,
run_007,join,join_1772981825,join-irs3-1772981825,join-irs3-1772981825,41,join_approved,reshare_started,2026-03-08T14:57:30.131860307Z,2026-03-08T14:57:30.351799Z,/var/lib/docker/volumes,fabric_orderer.kit.edu,orderer,367133332,367133332,0
run_007,join,join_1772981825,join-irs3-1772981825,join-irs3-1772981825,41,join_approved,reshare_started,2026-03-08T14:57:30.131860307Z,2026-03-08T14:57:30.351799Z,/var/lib/docker/volumes,fabric_peer0.irs1.kit.edu,other,5006,5006,0
run_007,join,join_1772981825,join-irs3-1772981825,join-irs3-1772981825,41,join_approved,reshare_started,2026-03-08T14:57:30.131860307Z,2026-03-08T14:57:30.351799Z,/var/lib/docker/volumes,fabric_peer0.irs3.kit.edu,peer,205284876,205284876,0
run_007,join,join_1772981825,join-irs3-1772981825,join-irs3-1772981825,41,join_approved,reshare_started,2026-03-08T14:57:30.131860307Z,2026-03-08T14:57:30.351799Z,/var/lib/docker/volumes,fabric_peer1.irs3.kit.edu,other,205283449,205283449,0
run_007,join,join_1772981825,join-irs3-1772981825,join-irs3-1772981825,41,join_approved,reshare_started,2026-03-08T14:57:30.131860307Z,2026-03-08T14:57:30.351799Z,/var/lib/docker/volumes,fabric_peer2.irs3.kit.edu,other,205284862,205284862,0
run_007,join,join_1772981825,join-irs3-1772981825,join-irs3-1772981825,41,join_approved,reshare_started,2026-03-08T14:57:30.131860307Z,2026-03-08T14:57:30.351799Z,/var/lib/docker/volumes,fabric_peer3.irs3.kit.edu,other,205283432,205283432,0
run_007,join,join_1772981825,join-irs3-1772981825,join-irs3-1772981825,41,reshare_started,reshare_completed,2026-03-08T14:57:30.351799Z,2026-03-08T15:01:30.184364101Z,/var/lib/docker/volumes,07323924f55a40af409ae862fc14ab08f2d8c06ba282f174beb7e74ff5782926,other,NA,NA,
run_007,join,join_1772981825,join-irs3-1772981825,join-irs3-1772981825,41,reshare_started,reshare_completed,2026-03-08T14:57:30.351799Z,2026-03-08T15:01:30.184364101Z,/var/lib/docker/volumes,301473890dade69bfa0d19b444d1f0769b67a90d1197c166d84af2511e48f916,other,49770,49770,0
run_007,join,join_1772981825,join-irs3-1772981825,join-irs3-1772981825,41,reshare_started,reshare_completed,2026-03-08T14:57:30.351799Z,2026-03-08T15:01:30.184364101Z,/var/lib/docker/volumes,6b7bb91b53bcbfeb56b486bba478d97728a3c0004c18649976daaade961a2721,other,NA,NA,
run_007,join,join_1772981825,join-irs3-1772981825,join-irs3-1772981825,41,reshare_started,reshare_completed,2026-03-08T14:57:30.351799Z,2026-03-08T15:01:30.184364101Z,/var/lib/docker/volumes,791e62bfc17bf044236c3dcb5d77ec82610b27aa4d5f3c78aff2e2842f98f9ee,other,NA,NA,
run_007,join,join_1772981825,join-irs3-1772981825,join-irs3-1772981825,41,reshare_started,reshare_completed,2026-03-08T14:57:30.351799Z,2026-03-08T15:01:30.184364101Z,/var/lib/docker/volumes,86e46c7349c98bd170ab7467b42f5b1a8fcf1438535fca6ee74a0dcce3856102,other,NA,NA,
run_007,join,join_1772981825,join-irs3-1772981825,join-irs3-1772981825,41,reshare_started,reshare_completed,2026-03-08T14:57:30.351799Z,2026-03-08T15:01:30.184364101Z,/var/lib/docker/volumes,99ac8c723665556c954d288ca00335f1fae5493d384cb656ecf5a945cc9ae3b8,other,NA,NA,
run_007,join,join_1772981825,join-irs3-1772981825,join-irs3-1772981825,41,reshare_started,reshare_completed,2026-03-08T14:57:30.351799Z,2026-03-08T15:01:30.184364101Z,/var/lib/docker/volumes,ab96d922f06ec7a94f1b5200e75e480c9ed7eba86fbbe33b5cb9edbe031c6ea8,other,49770,49770,0
run_007,join,join_1772981825,join-irs3-1772981825,join-irs3-1772981825,41,reshare_started,reshare_completed,2026-03-08T14:57:30.351799Z,2026-03-08T15:01:30.184364101Z,/var/lib/docker/volumes,c58c4c31a22da439d2b7f591fd40cdcdd9bb8458f543e682f66d858083ef9ea8,other,NA,NA,
run_007,join,join_1772981825,join-irs3-1772981825,join-irs3-1772981825,41,reshare_started,reshare_completed,2026-03-08T14:57:30.351799Z,2026-03-08T15:01:30.184364101Z,/var/lib/docker/volumes,d9b7785a06954372515977133a1213437b80c5db1517196ca5e26134d3413ccf,other,NA,NA,
run_007,join,join_1772981825,join-irs3-1772981825,join-irs3-1772981825,41,reshare_started,reshare_completed,2026-03-08T14:57:30.351799Z,2026-03-08T15:01:30.184364101Z,/var/lib/docker/volumes,dfb0ca7b4b9cad4ec8515f6484cd89e2febfe10817782070636d5b3db6848438,other,NA,NA,
run_007,join,join_1772981825,join-irs3-1772981825,join-irs3-1772981825,41,reshare_started,reshare_completed,2026-03-08T14:57:30.351799Z,2026-03-08T15:01:30.184364101Z,/var/lib/docker/volumes,fabric_orderer.kit.edu,orderer,367133332,369190033,2056701
run_007,join,join_1772981825,join-irs3-1772981825,join-irs3-1772981825,41,reshare_started,reshare_completed,2026-03-08T14:57:30.351799Z,2026-03-08T15:01:30.184364101Z,/var/lib/docker/volumes,fabric_peer0.irs1.kit.edu,other,5006,5006,0
run_007,join,join_1772981825,join-irs3-1772981825,join-irs3-1772981825,41,reshare_started,reshare_completed,2026-03-08T14:57:30.351799Z,2026-03-08T15:01:30.184364101Z,/var/lib/docker/volumes,fabric_peer0.irs3.kit.edu,peer,205284876,207221787,1936911
run_007,join,join_1772981825,join-irs3-1772981825,join-irs3-1772981825,41,reshare_started,reshare_completed,2026-03-08T14:57:30.351799Z,2026-03-08T15:01:30.184364101Z,/var/lib/docker/volumes,fabric_peer1.irs3.kit.edu,other,205283449,207220360,1936911
run_007,join,join_1772981825,join-irs3-1772981825,join-irs3-1772981825,41,reshare_started,reshare_completed,2026-03-08T14:57:30.351799Z,2026-03-08T15:01:30.184364101Z,/var/lib/docker/volumes,fabric_peer2.irs3.kit.edu,other,205284862,207221773,1936911
run_007,join,join_1772981825,join-irs3-1772981825,join-irs3-1772981825,41,reshare_started,reshare_completed,2026-03-08T14:57:30.351799Z,2026-03-08T15:01:30.184364101Z,/var/lib/docker/volumes,fabric_peer3.irs3.kit.edu,other,205283432,207397958,2114526
run_007,join,join_1772981825,join-irs3-1772981825,join-irs3-1772981825,41,reshare_completed,operation_end,2026-03-08T15:01:30.184364101Z,2026-03-08T15:02:49.976610Z,/var/lib/docker/volumes,07323924f55a40af409ae862fc14ab08f2d8c06ba282f174beb7e74ff5782926,other,NA,NA,
run_007,join,join_1772981825,join-irs3-1772981825,join-irs3-1772981825,41,reshare_completed,operation_end,2026-03-08T15:01:30.184364101Z,2026-03-08T15:02:49.976610Z,/var/lib/docker/volumes,301473890dade69bfa0d19b444d1f0769b67a90d1197c166d84af2511e48f916,other,49770,49770,0
run_007,join,join_1772981825,join-irs3-1772981825,join-irs3-1772981825,41,reshare_completed,operation_end,2026-03-08T15:01:30.184364101Z,2026-03-08T15:02:49.976610Z,/var/lib/docker/volumes,6b7bb91b53bcbfeb56b486bba478d97728a3c0004c18649976daaade961a2721,other,NA,NA,
run_007,join,join_1772981825,join-irs3-1772981825,join-irs3-1772981825,41,reshare_completed,operation_end,2026-03-08T15:01:30.184364101Z,2026-03-08T15:02:49.976610Z,/var/lib/docker/volumes,791e62bfc17bf044236c3dcb5d77ec82610b27aa4d5f3c78aff2e2842f98f9ee,other,NA,NA,
run_007,join,join_1772981825,join-irs3-1772981825,join-irs3-1772981825,41,reshare_completed,operation_end,2026-03-08T15:01:30.184364101Z,2026-03-08T15:02:49.976610Z,/var/lib/docker/volumes,86e46c7349c98bd170ab7467b42f5b1a8fcf1438535fca6ee74a0dcce3856102,other,NA,NA,
run_007,join,join_1772981825,join-irs3-1772981825,join-irs3-1772981825,41,reshare_completed,operation_end,2026-03-08T15:01:30.184364101Z,2026-03-08T15:02:49.976610Z,/var/lib/docker/volumes,99ac8c723665556c954d288ca00335f1fae5493d384cb656ecf5a945cc9ae3b8,other,NA,NA,
run_007,join,join_1772981825,join-irs3-1772981825,join-irs3-1772981825,41,reshare_completed,operation_end,2026-03-08T15:01:30.184364101Z,2026-03-08T15:02:49.976610Z,/var/lib/docker/volumes,ab96d922f06ec7a94f1b5200e75e480c9ed7eba86fbbe33b5cb9edbe031c6ea8,other,49770,49770,0
run_007,join,join_1772981825,join-irs3-1772981825,join-irs3-1772981825,41,reshare_completed,operation_end,2026-03-08T15:01:30.184364101Z,2026-03-08T15:02:49.976610Z,/var/lib/docker/volumes,c58c4c31a22da439d2b7f591fd40cdcdd9bb8458f543e682f66d858083ef9ea8,other,NA,NA,
run_007,join,join_1772981825,join-irs3-1772981825,join-irs3-1772981825,41,reshare_completed,operation_end,2026-03-08T15:01:30.184364101Z,2026-03-08T15:02:49.976610Z,/var/lib/docker/volumes,d9b7785a06954372515977133a1213437b80c5db1517196ca5e26134d3413ccf,other,NA,NA,
run_007,join,join_1772981825,join-irs3-1772981825,join-irs3-1772981825,41,reshare_completed,operation_end,2026-03-08T15:01:30.184364101Z,2026-03-08T15:02:49.976610Z,/var/lib/docker/volumes,dfb0ca7b4b9cad4ec8515f6484cd89e2febfe10817782070636d5b3db6848438,other,NA,NA,
run_007,join,join_1772981825,join-irs3-1772981825,join-irs3-1772981825,41,reshare_completed,operation_end,2026-03-08T15:01:30.184364101Z,2026-03-08T15:02:49.976610Z,/var/lib/docker/volumes,fabric_orderer.kit.edu,orderer,369190033,373865156,4675123
run_007,join,join_1772981825,join-irs3-1772981825,join-irs3-1772981825,41,reshare_completed,operation_end,2026-03-08T15:01:30.184364101Z,2026-03-08T15:02:49.976610Z,/var/lib/docker/volumes,fabric_peer0.irs1.kit.edu,other,5006,5006,0
run_007,join,join_1772981825,join-irs3-1772981825,join-irs3-1772981825,41,reshare_completed,operation_end,2026-03-08T15:01:30.184364101Z,2026-03-08T15:02:49.976610Z,/var/lib/docker/volumes,fabric_peer0.irs3.kit.edu,peer,207221787,212721868,5500081
run_007,join,join_1772981825,join-irs3-1772981825,join-irs3-1772981825,41,reshare_completed,operation_end,2026-03-08T15:01:30.184364101Z,2026-03-08T15:02:49.976610Z,/var/lib/docker/volumes,fabric_peer1.irs3.kit.edu,other,207220360,212720441,5500081
run_007,join,join_1772981825,join-irs3-1772981825,join-irs3-1772981825,41,reshare_completed,operation_end,2026-03-08T15:01:30.184364101Z,2026-03-08T15:02:49.976610Z,/var/lib/docker/volumes,fabric_peer2.irs3.kit.edu,other,207221773,212721854,5500081
run_007,join,join_1772981825,join-irs3-1772981825,join-irs3-1772981825,41,reshare_completed,operation_end,2026-03-08T15:01:30.184364101Z,2026-03-08T15:02:49.976610Z,/var/lib/docker/volumes,fabric_peer3.irs3.kit.edu,other,207397958,212720424,5322466
run_008,csr,csr_1772982178,csr-irs3-1772982178,csr-irs3-1772982178,,operation_start,csr_submit_done,2026-03-08T15:02:58.391498Z,2026-03-08T15:03:00.743652Z,/var/lib/docker/volumes,07323924f55a40af409ae862fc14ab08f2d8c06ba282f174beb7e74ff5782926,other,NA,NA,
run_008,csr,csr_1772982178,csr-irs3-1772982178,csr-irs3-1772982178,,operation_start,csr_submit_done,2026-03-08T15:02:58.391498Z,2026-03-08T15:03:00.743652Z,/var/lib/docker/volumes,301473890dade69bfa0d19b444d1f0769b67a90d1197c166d84af2511e48f916,other,49770,49770,0
run_008,csr,csr_1772982178,csr-irs3-1772982178,csr-irs3-1772982178,,operation_start,csr_submit_done,2026-03-08T15:02:58.391498Z,2026-03-08T15:03:00.743652Z,/var/lib/docker/volumes,6b7bb91b53bcbfeb56b486bba478d97728a3c0004c18649976daaade961a2721,other,NA,NA,
run_008,csr,csr_1772982178,csr-irs3-1772982178,csr-irs3-1772982178,,operation_start,csr_submit_done,2026-03-08T15:02:58.391498Z,2026-03-08T15:03:00.743652Z,/var/lib/docker/volumes,791e62bfc17bf044236c3dcb5d77ec82610b27aa4d5f3c78aff2e2842f98f9ee,other,NA,NA,
run_008,csr,csr_1772982178,csr-irs3-1772982178,csr-irs3-1772982178,,operation_start,csr_submit_done,2026-03-08T15:02:58.391498Z,2026-03-08T15:03:00.743652Z,/var/lib/docker/volumes,86e46c7349c98bd170ab7467b42f5b1a8fcf1438535fca6ee74a0dcce3856102,other,NA,NA,
run_008,csr,csr_1772982178,csr-irs3-1772982178,csr-irs3-1772982178,,operation_start,csr_submit_done,2026-03-08T15:02:58.391498Z,2026-03-08T15:03:00.743652Z,/var/lib/docker/volumes,99ac8c723665556c954d288ca00335f1fae5493d384cb656ecf5a945cc9ae3b8,other,NA,NA,
run_008,csr,csr_1772982178,csr-irs3-1772982178,csr-irs3-1772982178,,operation_start,csr_submit_done,2026-03-08T15:02:58.391498Z,2026-03-08T15:03:00.743652Z,/var/lib/docker/volumes,ab96d922f06ec7a94f1b5200e75e480c9ed7eba86fbbe33b5cb9edbe031c6ea8,other,49770,49770,0
run_008,csr,csr_1772982178,csr-irs3-1772982178,csr-irs3-1772982178,,operation_start,csr_submit_done,2026-03-08T15:02:58.391498Z,2026-03-08T15:03:00.743652Z,/var/lib/docker/volumes,c58c4c31a22da439d2b7f591fd40cdcdd9bb8458f543e682f66d858083ef9ea8,other,NA,NA,
run_008,csr,csr_1772982178,csr-irs3-1772982178,csr-irs3-1772982178,,operation_start,csr_submit_done,2026-03-08T15:02:58.391498Z,2026-03-08T15:03:00.743652Z,/var/lib/docker/volumes,d9b7785a06954372515977133a1213437b80c5db1517196ca5e26134d3413ccf,other,NA,NA,
run_008,csr,csr_1772982178,csr-irs3-1772982178,csr-irs3-1772982178,,operation_start,csr_submit_done,2026-03-08T15:02:58.391498Z,2026-03-08T15:03:00.743652Z,/var/lib/docker/volumes,dfb0ca7b4b9cad4ec8515f6484cd89e2febfe10817782070636d5b3db6848438,other,NA,NA,
run_008,csr,csr_1772982178,csr-irs3-1772982178,csr-irs3-1772982178,,operation_start,csr_submit_done,2026-03-08T15:02:58.391498Z,2026-03-08T15:03:00.743652Z,/var/lib/docker/volumes,fabric_orderer.kit.edu,orderer,373865156,373873724,8568
run_008,csr,csr_1772982178,csr-irs3-1772982178,csr-irs3-1772982178,,operation_start,csr_submit_done,2026-03-08T15:02:58.391498Z,2026-03-08T15:03:00.743652Z,/var/lib/docker/volumes,fabric_peer0.irs1.kit.edu,other,5006,5006,0
run_008,csr,csr_1772982178,csr-irs3-1772982178,csr-irs3-1772982178,,operation_start,csr_submit_done,2026-03-08T15:02:58.391498Z,2026-03-08T15:03:00.743652Z,/var/lib/docker/volumes,fabric_peer0.irs3.kit.edu,peer,212721868,212732586,10718
run_008,csr,csr_1772982178,csr-irs3-1772982178,csr-irs3-1772982178,,operation_start,csr_submit_done,2026-03-08T15:02:58.391498Z,2026-03-08T15:03:00.743652Z,/var/lib/docker/volumes,fabric_peer1.irs3.kit.edu,other,212720441,212731159,10718
run_008,csr,csr_1772982178,csr-irs3-1772982178,csr-irs3-1772982178,,operation_start,csr_submit_done,2026-03-08T15:02:58.391498Z,2026-03-08T15:03:00.743652Z,/var/lib/docker/volumes,fabric_peer2.irs3.kit.edu,other,212721854,212732572,10718
run_008,csr,csr_1772982178,csr-irs3-1772982178,csr-irs3-1772982178,,operation_start,csr_submit_done,2026-03-08T15:02:58.391498Z,2026-03-08T15:03:00.743652Z,/var/lib/docker/volumes,fabric_peer3.irs3.kit.edu,other,212720424,212731142,10718
run_008,csr,csr_1772982178,csr-irs3-1772982178,csr-irs3-1772982178,,csr_submit_done,csr_voted,2026-03-08T15:03:00.743652Z,2026-03-08T15:03:03.104260444Z,/var/lib/docker/volumes,07323924f55a40af409ae862fc14ab08f2d8c06ba282f174beb7e74ff5782926,other,NA,NA,
run_008,csr,csr_1772982178,csr-irs3-1772982178,csr-irs3-1772982178,,csr_submit_done,csr_voted,2026-03-08T15:03:00.743652Z,2026-03-08T15:03:03.104260444Z,/var/lib/docker/volumes,301473890dade69bfa0d19b444d1f0769b67a90d1197c166d84af2511e48f916,other,49770,49770,0
run_008,csr,csr_1772982178,csr-irs3-1772982178,csr-irs3-1772982178,,csr_submit_done,csr_voted,2026-03-08T15:03:00.743652Z,2026-03-08T15:03:03.104260444Z,/var/lib/docker/volumes,6b7bb91b53bcbfeb56b486bba478d97728a3c0004c18649976daaade961a2721,other,NA,NA,
run_008,csr,csr_1772982178,csr-irs3-1772982178,csr-irs3-1772982178,,csr_submit_done,csr_voted,2026-03-08T15:03:00.743652Z,2026-03-08T15:03:03.104260444Z,/var/lib/docker/volumes,791e62bfc17bf044236c3dcb5d77ec82610b27aa4d5f3c78aff2e2842f98f9ee,other,NA,NA,
run_008,csr,csr_1772982178,csr-irs3-1772982178,csr-irs3-1772982178,,csr_submit_done,csr_voted,2026-03-08T15:03:00.743652Z,2026-03-08T15:03:03.104260444Z,/var/lib/docker/volumes,86e46c7349c98bd170ab7467b42f5b1a8fcf1438535fca6ee74a0dcce3856102,other,NA,NA,
run_008,csr,csr_1772982178,csr-irs3-1772982178,csr-irs3-1772982178,,csr_submit_done,csr_voted,2026-03-08T15:03:00.743652Z,2026-03-08T15:03:03.104260444Z,/var/lib/docker/volumes,99ac8c723665556c954d288ca00335f1fae5493d384cb656ecf5a945cc9ae3b8,other,NA,NA,
run_008,csr,csr_1772982178,csr-irs3-1772982178,csr-irs3-1772982178,,csr_submit_done,csr_voted,2026-03-08T15:03:00.743652Z,2026-03-08T15:03:03.104260444Z,/var/lib/docker/volumes,ab96d922f06ec7a94f1b5200e75e480c9ed7eba86fbbe33b5cb9edbe031c6ea8,other,49770,49770,0
run_008,csr,csr_1772982178,csr-irs3-1772982178,csr-irs3-1772982178,,csr_submit_done,csr_voted,2026-03-08T15:03:00.743652Z,2026-03-08T15:03:03.104260444Z,/var/lib/docker/volumes,c58c4c31a22da439d2b7f591fd40cdcdd9bb8458f543e682f66d858083ef9ea8,other,NA,NA,
run_008,csr,csr_1772982178,csr-irs3-1772982178,csr-irs3-1772982178,,csr_submit_done,csr_voted,2026-03-08T15:03:00.743652Z,2026-03-08T15:03:03.104260444Z,/var/lib/docker/volumes,d9b7785a06954372515977133a1213437b80c5db1517196ca5e26134d3413ccf,other,NA,NA,
run_008,csr,csr_1772982178,csr-irs3-1772982178,csr-irs3-1772982178,,csr_submit_done,csr_voted,2026-03-08T15:03:00.743652Z,2026-03-08T15:03:03.104260444Z,/var/lib/docker/volumes,dfb0ca7b4b9cad4ec8515f6484cd89e2febfe10817782070636d5b3db6848438,other,NA,NA,
run_008,csr,csr_1772982178,csr-irs3-1772982178,csr-irs3-1772982178,,csr_submit_done,csr_voted,2026-03-08T15:03:00.743652Z,2026-03-08T15:03:03.104260444Z,/var/lib/docker/volumes,fabric_orderer.kit.edu,orderer,373873724,374100153,226429
run_008,csr,csr_1772982178,csr-irs3-1772982178,csr-irs3-1772982178,,csr_submit_done,csr_voted,2026-03-08T15:03:00.743652Z,2026-03-08T15:03:03.104260444Z,/var/lib/docker/volumes,fabric_peer0.irs1.kit.edu,other,5006,5006,0
run_008,csr,csr_1772982178,csr-irs3-1772982178,csr-irs3-1772982178,,csr_submit_done,csr_voted,2026-03-08T15:03:00.743652Z,2026-03-08T15:03:03.104260444Z,/var/lib/docker/volumes,fabric_peer0.irs3.kit.edu,peer,212732586,212971754,239168
run_008,csr,csr_1772982178,csr-irs3-1772982178,csr-irs3-1772982178,,csr_submit_done,csr_voted,2026-03-08T15:03:00.743652Z,2026-03-08T15:03:03.104260444Z,/var/lib/docker/volumes,fabric_peer1.irs3.kit.edu,other,212731159,212970645,239486
run_008,csr,csr_1772982178,csr-irs3-1772982178,csr-irs3-1772982178,,csr_submit_done,csr_voted,2026-03-08T15:03:00.743652Z,2026-03-08T15:03:03.104260444Z,/var/lib/docker/volumes,fabric_peer2.irs3.kit.edu,other,212732572,212968871,236299
run_008,csr,csr_1772982178,csr-irs3-1772982178,csr-irs3-1772982178,,csr_submit_done,csr_voted,2026-03-08T15:03:00.743652Z,2026-03-08T15:03:03.104260444Z,/var/lib/docker/volumes,fabric_peer3.irs3.kit.edu,other,212731142,212970628,239486
run_008,csr,csr_1772982178,csr-irs3-1772982178,csr-irs3-1772982178,,csr_voted,csr_approved,2026-03-08T15:03:03.104260444Z,2026-03-08T15:03:21.81982034Z,/var/lib/docker/volumes,07323924f55a40af409ae862fc14ab08f2d8c06ba282f174beb7e74ff5782926,other,NA,NA,
run_008,csr,csr_1772982178,csr-irs3-1772982178,csr-irs3-1772982178,,csr_voted,csr_approved,2026-03-08T15:03:03.104260444Z,2026-03-08T15:03:21.81982034Z,/var/lib/docker/volumes,301473890dade69bfa0d19b444d1f0769b67a90d1197c166d84af2511e48f916,other,49770,49770,0
run_008,csr,csr_1772982178,csr-irs3-1772982178,csr-irs3-1772982178,,csr_voted,csr_approved,2026-03-08T15:03:03.104260444Z,2026-03-08T15:03:21.81982034Z,/var/lib/docker/volumes,6b7bb91b53bcbfeb56b486bba478d97728a3c0004c18649976daaade961a2721,other,NA,NA,
run_008,csr,csr_1772982178,csr-irs3-1772982178,csr-irs3-1772982178,,csr_voted,csr_approved,2026-03-08T15:03:03.104260444Z,2026-03-08T15:03:21.81982034Z,/var/lib/docker/volumes,791e62bfc17bf044236c3dcb5d77ec82610b27aa4d5f3c78aff2e2842f98f9ee,other,NA,NA,
run_008,csr,csr_1772982178,csr-irs3-1772982178,csr-irs3-1772982178,,csr_voted,csr_approved,2026-03-08T15:03:03.104260444Z,2026-03-08T15:03:21.81982034Z,/var/lib/docker/volumes,86e46c7349c98bd170ab7467b42f5b1a8fcf1438535fca6ee74a0dcce3856102,other,NA,NA,
run_008,csr,csr_1772982178,csr-irs3-1772982178,csr-irs3-1772982178,,csr_voted,csr_approved,2026-03-08T15:03:03.104260444Z,2026-03-08T15:03:21.81982034Z,/var/lib/docker/volumes,99ac8c723665556c954d288ca00335f1fae5493d384cb656ecf5a945cc9ae3b8,other,NA,NA,
run_008,csr,csr_1772982178,csr-irs3-1772982178,csr-irs3-1772982178,,csr_voted,csr_approved,2026-03-08T15:03:03.104260444Z,2026-03-08T15:03:21.81982034Z,/var/lib/docker/volumes,ab96d922f06ec7a94f1b5200e75e480c9ed7eba86fbbe33b5cb9edbe031c6ea8,other,49770,49770,0
run_008,csr,csr_1772982178,csr-irs3-1772982178,csr-irs3-1772982178,,csr_voted,csr_approved,2026-03-08T15:03:03.104260444Z,2026-03-08T15:03:21.81982034Z,/var/lib/docker/volumes,c58c4c31a22da439d2b7f591fd40cdcdd9bb8458f543e682f66d858083ef9ea8,other,NA,NA,
run_008,csr,csr_1772982178,csr-irs3-1772982178,csr-irs3-1772982178,,csr_voted,csr_approved,2026-03-08T15:03:03.104260444Z,2026-03-08T15:03:21.81982034Z,/var/lib/docker/volumes,d9b7785a06954372515977133a1213437b80c5db1517196ca5e26134d3413ccf,other,NA,NA,
run_008,csr,csr_1772982178,csr-irs3-1772982178,csr-irs3-1772982178,,csr_voted,csr_approved,2026-03-08T15:03:03.104260444Z,2026-03-08T15:03:21.81982034Z,/var/lib/docker/volumes,dfb0ca7b4b9cad4ec8515f6484cd89e2febfe10817782070636d5b3db6848438,other,NA,NA,
run_008,csr,csr_1772982178,csr-irs3-1772982178,csr-irs3-1772982178,,csr_voted,csr_approved,2026-03-08T15:03:03.104260444Z,2026-03-08T15:03:21.81982034Z,/var/lib/docker/volumes,fabric_orderer.kit.edu,orderer,374100153,374680592,580439
run_008,csr,csr_1772982178,csr-irs3-1772982178,csr-irs3-1772982178,,csr_voted,csr_approved,2026-03-08T15:03:03.104260444Z,2026-03-08T15:03:21.81982034Z,/var/lib/docker/volumes,fabric_peer0.irs1.kit.edu,other,5006,5006,0
run_008,csr,csr_1772982178,csr-irs3-1772982178,csr-irs3-1772982178,,csr_voted,csr_approved,2026-03-08T15:03:03.104260444Z,2026-03-08T15:03:21.81982034Z,/var/lib/docker/volumes,fabric_peer0.irs3.kit.edu,peer,212971754,213550744,578990
run_008,csr,csr_1772982178,csr-irs3-1772982178,csr-irs3-1772982178,,csr_voted,csr_approved,2026-03-08T15:03:03.104260444Z,2026-03-08T15:03:21.81982034Z,/var/lib/docker/volumes,fabric_peer1.irs3.kit.edu,other,212970645,213549317,578672
run_008,csr,csr_1772982178,csr-irs3-1772982178,csr-irs3-1772982178,,csr_voted,csr_approved,2026-03-08T15:03:03.104260444Z,2026-03-08T15:03:21.81982034Z,/var/lib/docker/volumes,fabric_peer2.irs3.kit.edu,other,212968871,213550730,581859
run_008,csr,csr_1772982178,csr-irs3-1772982178,csr-irs3-1772982178,,csr_voted,csr_approved,2026-03-08T15:03:03.104260444Z,2026-03-08T15:03:21.81982034Z,/var/lib/docker/volumes,fabric_peer3.irs3.kit.edu,other,212970628,213549300,578672
run_008,csr,csr_1772982178,csr-irs3-1772982178,csr-irs3-1772982178,,csr_approved,cert_registered,2026-03-08T15:03:21.81982034Z,2026-03-08T15:04:53.105650014Z,/var/lib/docker/volumes,07323924f55a40af409ae862fc14ab08f2d8c06ba282f174beb7e74ff5782926,other,NA,NA,
run_008,csr,csr_1772982178,csr-irs3-1772982178,csr-irs3-1772982178,,csr_approved,cert_registered,2026-03-08T15:03:21.81982034Z,2026-03-08T15:04:53.105650014Z,/var/lib/docker/volumes,301473890dade69bfa0d19b444d1f0769b67a90d1197c166d84af2511e48f916,other,49770,49770,0
run_008,csr,csr_1772982178,csr-irs3-1772982178,csr-irs3-1772982178,,csr_approved,cert_registered,2026-03-08T15:03:21.81982034Z,2026-03-08T15:04:53.105650014Z,/var/lib/docker/volumes,6b7bb91b53bcbfeb56b486bba478d97728a3c0004c18649976daaade961a2721,other,NA,NA,
run_008,csr,csr_1772982178,csr-irs3-1772982178,csr-irs3-1772982178,,csr_approved,cert_registered,2026-03-08T15:03:21.81982034Z,2026-03-08T15:04:53.105650014Z,/var/lib/docker/volumes,791e62bfc17bf044236c3dcb5d77ec82610b27aa4d5f3c78aff2e2842f98f9ee,other,NA,NA,
run_008,csr,csr_1772982178,csr-irs3-1772982178,csr-irs3-1772982178,,csr_approved,cert_registered,2026-03-08T15:03:21.81982034Z,2026-03-08T15:04:53.105650014Z,/var/lib/docker/volumes,86e46c7349c98bd170ab7467b42f5b1a8fcf1438535fca6ee74a0dcce3856102,other,NA,NA,
run_008,csr,csr_1772982178,csr-irs3-1772982178,csr-irs3-1772982178,,csr_approved,cert_registered,2026-03-08T15:03:21.81982034Z,2026-03-08T15:04:53.105650014Z,/var/lib/docker/volumes,99ac8c723665556c954d288ca00335f1fae5493d384cb656ecf5a945cc9ae3b8,other,NA,NA,
run_008,csr,csr_1772982178,csr-irs3-1772982178,csr-irs3-1772982178,,csr_approved,cert_registered,2026-03-08T15:03:21.81982034Z,2026-03-08T15:04:53.105650014Z,/var/lib/docker/volumes,ab96d922f06ec7a94f1b5200e75e480c9ed7eba86fbbe33b5cb9edbe031c6ea8,other,49770,49770,0
run_008,csr,csr_1772982178,csr-irs3-1772982178,csr-irs3-1772982178,,csr_approved,cert_registered,2026-03-08T15:03:21.81982034Z,2026-03-08T15:04:53.105650014Z,/var/lib/docker/volumes,c58c4c31a22da439d2b7f591fd40cdcdd9bb8458f543e682f66d858083ef9ea8,other,NA,NA,
run_008,csr,csr_1772982178,csr-irs3-1772982178,csr-irs3-1772982178,,csr_approved,cert_registered,2026-03-08T15:03:21.81982034Z,2026-03-08T15:04:53.105650014Z,/var/lib/docker/volumes,d9b7785a06954372515977133a1213437b80c5db1517196ca5e26134d3413ccf,other,NA,NA,
run_008,csr,csr_1772982178,csr-irs3-1772982178,csr-irs3-1772982178,,csr_approved,cert_registered,2026-03-08T15:03:21.81982034Z,2026-03-08T15:04:53.105650014Z,/var/lib/docker/volumes,dfb0ca7b4b9cad4ec8515f6484cd89e2febfe10817782070636d5b3db6848438,other,NA,NA,
run_008,csr,csr_1772982178,csr-irs3-1772982178,csr-irs3-1772982178,,csr_approved,cert_registered,2026-03-08T15:03:21.81982034Z,2026-03-08T15:04:53.105650014Z,/var/lib/docker/volumes,fabric_orderer.kit.edu,orderer,374680592,375735830,1055238
run_008,csr,csr_1772982178,csr-irs3-1772982178,csr-irs3-1772982178,,csr_approved,cert_registered,2026-03-08T15:03:21.81982034Z,2026-03-08T15:04:53.105650014Z,/var/lib/docker/volumes,fabric_peer0.irs1.kit.edu,other,5006,5006,0
run_008,csr,csr_1772982178,csr-irs3-1772982178,csr-irs3-1772982178,,csr_approved,cert_registered,2026-03-08T15:03:21.81982034Z,2026-03-08T15:04:53.105650014Z,/var/lib/docker/volumes,fabric_peer0.irs3.kit.edu,peer,213550744,214757921,1207177
run_008,csr,csr_1772982178,csr-irs3-1772982178,csr-irs3-1772982178,,csr_approved,cert_registered,2026-03-08T15:03:21.81982034Z,2026-03-08T15:04:53.105650014Z,/var/lib/docker/volumes,fabric_peer1.irs3.kit.edu,other,213549317,214756494,1207177
run_008,csr,csr_1772982178,csr-irs3-1772982178,csr-irs3-1772982178,,csr_approved,cert_registered,2026-03-08T15:03:21.81982034Z,2026-03-08T15:04:53.105650014Z,/var/lib/docker/volumes,fabric_peer2.irs3.kit.edu,other,213550730,214757907,1207177
run_008,csr,csr_1772982178,csr-irs3-1772982178,csr-irs3-1772982178,,csr_approved,cert_registered,2026-03-08T15:03:21.81982034Z,2026-03-08T15:04:53.105650014Z,/var/lib/docker/volumes,fabric_peer3.irs3.kit.edu,other,213549300,214756477,1207177
run_008,csr,csr_1772982178,csr-irs3-1772982178,csr-irs3-1772982178,,cert_registered,operation_end,2026-03-08T15:04:53.105650014Z,2026-03-08T15:04:53.860893Z,/var/lib/docker/volumes,07323924f55a40af409ae862fc14ab08f2d8c06ba282f174beb7e74ff5782926,other,NA,NA,
run_008,csr,csr_1772982178,csr-irs3-1772982178,csr-irs3-1772982178,,cert_registered,operation_end,2026-03-08T15:04:53.105650014Z,2026-03-08T15:04:53.860893Z,/var/lib/docker/volumes,301473890dade69bfa0d19b444d1f0769b67a90d1197c166d84af2511e48f916,other,49770,49770,0
run_008,csr,csr_1772982178,csr-irs3-1772982178,csr-irs3-1772982178,,cert_registered,operation_end,2026-03-08T15:04:53.105650014Z,2026-03-08T15:04:53.860893Z,/var/lib/docker/volumes,6b7bb91b53bcbfeb56b486bba478d97728a3c0004c18649976daaade961a2721,other,NA,NA,
run_008,csr,csr_1772982178,csr-irs3-1772982178,csr-irs3-1772982178,,cert_registered,operation_end,2026-03-08T15:04:53.105650014Z,2026-03-08T15:04:53.860893Z,/var/lib/docker/volumes,791e62bfc17bf044236c3dcb5d77ec82610b27aa4d5f3c78aff2e2842f98f9ee,other,NA,NA,
run_008,csr,csr_1772982178,csr-irs3-1772982178,csr-irs3-1772982178,,cert_registered,operation_end,2026-03-08T15:04:53.105650014Z,2026-03-08T15:04:53.860893Z,/var/lib/docker/volumes,86e46c7349c98bd170ab7467b42f5b1a8fcf1438535fca6ee74a0dcce3856102,other,NA,NA,
run_008,csr,csr_1772982178,csr-irs3-1772982178,csr-irs3-1772982178,,cert_registered,operation_end,2026-03-08T15:04:53.105650014Z,2026-03-08T15:04:53.860893Z,/var/lib/docker/volumes,99ac8c723665556c954d288ca00335f1fae5493d384cb656ecf5a945cc9ae3b8,other,NA,NA,
run_008,csr,csr_1772982178,csr-irs3-1772982178,csr-irs3-1772982178,,cert_registered,operation_end,2026-03-08T15:04:53.105650014Z,2026-03-08T15:04:53.860893Z,/var/lib/docker/volumes,ab96d922f06ec7a94f1b5200e75e480c9ed7eba86fbbe33b5cb9edbe031c6ea8,other,49770,49770,0
run_008,csr,csr_1772982178,csr-irs3-1772982178,csr-irs3-1772982178,,cert_registered,operation_end,2026-03-08T15:04:53.105650014Z,2026-03-08T15:04:53.860893Z,/var/lib/docker/volumes,c58c4c31a22da439d2b7f591fd40cdcdd9bb8458f543e682f66d858083ef9ea8,other,NA,NA,
run_008,csr,csr_1772982178,csr-irs3-1772982178,csr-irs3-1772982178,,cert_registered,operation_end,2026-03-08T15:04:53.105650014Z,2026-03-08T15:04:53.860893Z,/var/lib/docker/volumes,d9b7785a06954372515977133a1213437b80c5db1517196ca5e26134d3413ccf,other,NA,NA,
run_008,csr,csr_1772982178,csr-irs3-1772982178,csr-irs3-1772982178,,cert_registered,operation_end,2026-03-08T15:04:53.105650014Z,2026-03-08T15:04:53.860893Z,/var/lib/docker/volumes,dfb0ca7b4b9cad4ec8515f6484cd89e2febfe10817782070636d5b3db6848438,other,NA,NA,
run_008,csr,csr_1772982178,csr-irs3-1772982178,csr-irs3-1772982178,,cert_registered,operation_end,2026-03-08T15:04:53.105650014Z,2026-03-08T15:04:53.860893Z,/var/lib/docker/volumes,fabric_orderer.kit.edu,orderer,375735830,375735830,0
run_008,csr,csr_1772982178,csr-irs3-1772982178,csr-irs3-1772982178,,cert_registered,operation_end,2026-03-08T15:04:53.105650014Z,2026-03-08T15:04:53.860893Z,/var/lib/docker/volumes,fabric_peer0.irs1.kit.edu,other,5006,5006,0
run_008,csr,csr_1772982178,csr-irs3-1772982178,csr-irs3-1772982178,,cert_registered,operation_end,2026-03-08T15:04:53.105650014Z,2026-03-08T15:04:53.860893Z,/var/lib/docker/volumes,fabric_peer0.irs3.kit.edu,peer,214757921,214757921,0
run_008,csr,csr_1772982178,csr-irs3-1772982178,csr-irs3-1772982178,,cert_registered,operation_end,2026-03-08T15:04:53.105650014Z,2026-03-08T15:04:53.860893Z,/var/lib/docker/volumes,fabric_peer1.irs3.kit.edu,other,214756494,214756494,0
run_008,csr,csr_1772982178,csr-irs3-1772982178,csr-irs3-1772982178,,cert_registered,operation_end,2026-03-08T15:04:53.105650014Z,2026-03-08T15:04:53.860893Z,/var/lib/docker/volumes,fabric_peer2.irs3.kit.edu,other,214757907,214757907,0
run_008,csr,csr_1772982178,csr-irs3-1772982178,csr-irs3-1772982178,,cert_registered,operation_end,2026-03-08T15:04:53.105650014Z,2026-03-08T15:04:53.860893Z,/var/lib/docker/volumes,fabric_peer3.irs3.kit.edu,other,214756477,214756477,0
run_008,revocation,revocation_1772982314,revoke-irs3-1772982315,revoke-irs3-1772982315,,operation_start,revocation_submit_done,2026-03-08T15:05:14.885275Z,2026-03-08T15:05:17.217264Z,/var/lib/docker/volumes,07323924f55a40af409ae862fc14ab08f2d8c06ba282f174beb7e74ff5782926,other,NA,NA,
run_008,revocation,revocation_1772982314,revoke-irs3-1772982315,revoke-irs3-1772982315,,operation_start,revocation_submit_done,2026-03-08T15:05:14.885275Z,2026-03-08T15:05:17.217264Z,/var/lib/docker/volumes,301473890dade69bfa0d19b444d1f0769b67a90d1197c166d84af2511e48f916,other,49770,49770,0
run_008,revocation,revocation_1772982314,revoke-irs3-1772982315,revoke-irs3-1772982315,,operation_start,revocation_submit_done,2026-03-08T15:05:14.885275Z,2026-03-08T15:05:17.217264Z,/var/lib/docker/volumes,6b7bb91b53bcbfeb56b486bba478d97728a3c0004c18649976daaade961a2721,other,NA,NA,
run_008,revocation,revocation_1772982314,revoke-irs3-1772982315,revoke-irs3-1772982315,,operation_start,revocation_submit_done,2026-03-08T15:05:14.885275Z,2026-03-08T15:05:17.217264Z,/var/lib/docker/volumes,791e62bfc17bf044236c3dcb5d77ec82610b27aa4d5f3c78aff2e2842f98f9ee,other,NA,NA,
run_008,revocation,revocation_1772982314,revoke-irs3-1772982315,revoke-irs3-1772982315,,operation_start,revocation_submit_done,2026-03-08T15:05:14.885275Z,2026-03-08T15:05:17.217264Z,/var/lib/docker/volumes,86e46c7349c98bd170ab7467b42f5b1a8fcf1438535fca6ee74a0dcce3856102,other,NA,NA,
run_008,revocation,revocation_1772982314,revoke-irs3-1772982315,revoke-irs3-1772982315,,operation_start,revocation_submit_done,2026-03-08T15:05:14.885275Z,2026-03-08T15:05:17.217264Z,/var/lib/docker/volumes,99ac8c723665556c954d288ca00335f1fae5493d384cb656ecf5a945cc9ae3b8,other,NA,NA,
run_008,revocation,revocation_1772982314,revoke-irs3-1772982315,revoke-irs3-1772982315,,operation_start,revocation_submit_done,2026-03-08T15:05:14.885275Z,2026-03-08T15:05:17.217264Z,/var/lib/docker/volumes,ab96d922f06ec7a94f1b5200e75e480c9ed7eba86fbbe33b5cb9edbe031c6ea8,other,49770,49770,0
run_008,revocation,revocation_1772982314,revoke-irs3-1772982315,revoke-irs3-1772982315,,operation_start,revocation_submit_done,2026-03-08T15:05:14.885275Z,2026-03-08T15:05:17.217264Z,/var/lib/docker/volumes,c58c4c31a22da439d2b7f591fd40cdcdd9bb8458f543e682f66d858083ef9ea8,other,NA,NA,
run_008,revocation,revocation_1772982314,revoke-irs3-1772982315,revoke-irs3-1772982315,,operation_start,revocation_submit_done,2026-03-08T15:05:14.885275Z,2026-03-08T15:05:17.217264Z,/var/lib/docker/volumes,d9b7785a06954372515977133a1213437b80c5db1517196ca5e26134d3413ccf,other,NA,NA,
run_008,revocation,revocation_1772982314,revoke-irs3-1772982315,revoke-irs3-1772982315,,operation_start,revocation_submit_done,2026-03-08T15:05:14.885275Z,2026-03-08T15:05:17.217264Z,/var/lib/docker/volumes,dfb0ca7b4b9cad4ec8515f6484cd89e2febfe10817782070636d5b3db6848438,other,NA,NA,
run_008,revocation,revocation_1772982314,revoke-irs3-1772982315,revoke-irs3-1772982315,,operation_start,revocation_submit_done,2026-03-08T15:05:14.885275Z,2026-03-08T15:05:17.217264Z,/var/lib/docker/volumes,fabric_orderer.kit.edu,orderer,375782536,375789742,7206
run_008,revocation,revocation_1772982314,revoke-irs3-1772982315,revoke-irs3-1772982315,,operation_start,revocation_submit_done,2026-03-08T15:05:14.885275Z,2026-03-08T15:05:17.217264Z,/var/lib/docker/volumes,fabric_peer0.irs1.kit.edu,other,5006,5006,0
run_008,revocation,revocation_1772982314,revoke-irs3-1772982315,revoke-irs3-1772982315,,operation_start,revocation_submit_done,2026-03-08T15:05:14.885275Z,2026-03-08T15:05:17.217264Z,/var/lib/docker/volumes,fabric_peer0.irs3.kit.edu,peer,214805854,214814102,8248
run_008,revocation,revocation_1772982314,revoke-irs3-1772982315,revoke-irs3-1772982315,,operation_start,revocation_submit_done,2026-03-08T15:05:14.885275Z,2026-03-08T15:05:17.217264Z,/var/lib/docker/volumes,fabric_peer1.irs3.kit.edu,other,214804427,214812675,8248
run_008,revocation,revocation_1772982314,revoke-irs3-1772982315,revoke-irs3-1772982315,,operation_start,revocation_submit_done,2026-03-08T15:05:14.885275Z,2026-03-08T15:05:17.217264Z,/var/lib/docker/volumes,fabric_peer2.irs3.kit.edu,other,214805840,214814088,8248
run_008,revocation,revocation_1772982314,revoke-irs3-1772982315,revoke-irs3-1772982315,,operation_start,revocation_submit_done,2026-03-08T15:05:14.885275Z,2026-03-08T15:05:17.217264Z,/var/lib/docker/volumes,fabric_peer3.irs3.kit.edu,other,214804410,214812658,8248
run_008,revocation,revocation_1772982314,revoke-irs3-1772982315,revoke-irs3-1772982315,,revocation_submit_done,revocation_voted,2026-03-08T15:05:17.217264Z,2026-03-08T15:05:19.689002526Z,/var/lib/docker/volumes,07323924f55a40af409ae862fc14ab08f2d8c06ba282f174beb7e74ff5782926,other,NA,NA,
run_008,revocation,revocation_1772982314,revoke-irs3-1772982315,revoke-irs3-1772982315,,revocation_submit_done,revocation_voted,2026-03-08T15:05:17.217264Z,2026-03-08T15:05:19.689002526Z,/var/lib/docker/volumes,301473890dade69bfa0d19b444d1f0769b67a90d1197c166d84af2511e48f916,other,49770,49770,0
run_008,revocation,revocation_1772982314,revoke-irs3-1772982315,revoke-irs3-1772982315,,revocation_submit_done,revocation_voted,2026-03-08T15:05:17.217264Z,2026-03-08T15:05:19.689002526Z,/var/lib/docker/volumes,6b7bb91b53bcbfeb56b486bba478d97728a3c0004c18649976daaade961a2721,other,NA,NA,
run_008,revocation,revocation_1772982314,revoke-irs3-1772982315,revoke-irs3-1772982315,,revocation_submit_done,revocation_voted,2026-03-08T15:05:17.217264Z,2026-03-08T15:05:19.689002526Z,/var/lib/docker/volumes,791e62bfc17bf044236c3dcb5d77ec82610b27aa4d5f3c78aff2e2842f98f9ee,other,NA,NA,
run_008,revocation,revocation_1772982314,revoke-irs3-1772982315,revoke-irs3-1772982315,,revocation_submit_done,revocation_voted,2026-03-08T15:05:17.217264Z,2026-03-08T15:05:19.689002526Z,/var/lib/docker/volumes,86e46c7349c98bd170ab7467b42f5b1a8fcf1438535fca6ee74a0dcce3856102,other,NA,NA,
run_008,revocation,revocation_1772982314,revoke-irs3-1772982315,revoke-irs3-1772982315,,revocation_submit_done,revocation_voted,2026-03-08T15:05:17.217264Z,2026-03-08T15:05:19.689002526Z,/var/lib/docker/volumes,99ac8c723665556c954d288ca00335f1fae5493d384cb656ecf5a945cc9ae3b8,other,NA,NA,
run_008,revocation,revocation_1772982314,revoke-irs3-1772982315,revoke-irs3-1772982315,,revocation_submit_done,revocation_voted,2026-03-08T15:05:17.217264Z,2026-03-08T15:05:19.689002526Z,/var/lib/docker/volumes,ab96d922f06ec7a94f1b5200e75e480c9ed7eba86fbbe33b5cb9edbe031c6ea8,other,49770,49770,0
run_008,revocation,revocation_1772982314,revoke-irs3-1772982315,revoke-irs3-1772982315,,revocation_submit_done,revocation_voted,2026-03-08T15:05:17.217264Z,2026-03-08T15:05:19.689002526Z,/var/lib/docker/volumes,c58c4c31a22da439d2b7f591fd40cdcdd9bb8458f543e682f66d858083ef9ea8,other,NA,NA,
run_008,revocation,revocation_1772982314,revoke-irs3-1772982315,revoke-irs3-1772982315,,revocation_submit_done,revocation_voted,2026-03-08T15:05:17.217264Z,2026-03-08T15:05:19.689002526Z,/var/lib/docker/volumes,d9b7785a06954372515977133a1213437b80c5db1517196ca5e26134d3413ccf,other,NA,NA,
run_008,revocation,revocation_1772982314,revoke-irs3-1772982315,revoke-irs3-1772982315,,revocation_submit_done,revocation_voted,2026-03-08T15:05:17.217264Z,2026-03-08T15:05:19.689002526Z,/var/lib/docker/volumes,dfb0ca7b4b9cad4ec8515f6484cd89e2febfe10817782070636d5b3db6848438,other,NA,NA,
run_008,revocation,revocation_1772982314,revoke-irs3-1772982315,revoke-irs3-1772982315,,revocation_submit_done,revocation_voted,2026-03-08T15:05:17.217264Z,2026-03-08T15:05:19.689002526Z,/var/lib/docker/volumes,fabric_orderer.kit.edu,orderer,375789742,375837796,48054
run_008,revocation,revocation_1772982314,revoke-irs3-1772982315,revoke-irs3-1772982315,,revocation_submit_done,revocation_voted,2026-03-08T15:05:17.217264Z,2026-03-08T15:05:19.689002526Z,/var/lib/docker/volumes,fabric_peer0.irs1.kit.edu,other,5006,5006,0
run_008,revocation,revocation_1772982314,revoke-irs3-1772982315,revoke-irs3-1772982315,,revocation_submit_done,revocation_voted,2026-03-08T15:05:17.217264Z,2026-03-08T15:05:19.689002526Z,/var/lib/docker/volumes,fabric_peer0.irs3.kit.edu,peer,214814102,214864931,50829
run_008,revocation,revocation_1772982314,revoke-irs3-1772982315,revoke-irs3-1772982315,,revocation_submit_done,revocation_voted,2026-03-08T15:05:17.217264Z,2026-03-08T15:05:19.689002526Z,/var/lib/docker/volumes,fabric_peer1.irs3.kit.edu,other,214812675,214863504,50829
run_008,revocation,revocation_1772982314,revoke-irs3-1772982315,revoke-irs3-1772982315,,revocation_submit_done,revocation_voted,2026-03-08T15:05:17.217264Z,2026-03-08T15:05:19.689002526Z,/var/lib/docker/volumes,fabric_peer2.irs3.kit.edu,other,214814088,214864917,50829
run_008,revocation,revocation_1772982314,revoke-irs3-1772982315,revoke-irs3-1772982315,,revocation_submit_done,revocation_voted,2026-03-08T15:05:17.217264Z,2026-03-08T15:05:19.689002526Z,/var/lib/docker/volumes,fabric_peer3.irs3.kit.edu,other,214812658,214863487,50829
run_008,revocation,revocation_1772982314,revoke-irs3-1772982315,revoke-irs3-1772982315,,revocation_voted,revocation_executed,2026-03-08T15:05:19.689002526Z,2026-03-08T15:05:37.042880305Z,/var/lib/docker/volumes,07323924f55a40af409ae862fc14ab08f2d8c06ba282f174beb7e74ff5782926,other,NA,NA,
run_008,revocation,revocation_1772982314,revoke-irs3-1772982315,revoke-irs3-1772982315,,revocation_voted,revocation_executed,2026-03-08T15:05:19.689002526Z,2026-03-08T15:05:37.042880305Z,/var/lib/docker/volumes,301473890dade69bfa0d19b444d1f0769b67a90d1197c166d84af2511e48f916,other,49770,49770,0
run_008,revocation,revocation_1772982314,revoke-irs3-1772982315,revoke-irs3-1772982315,,revocation_voted,revocation_executed,2026-03-08T15:05:19.689002526Z,2026-03-08T15:05:37.042880305Z,/var/lib/docker/volumes,6b7bb91b53bcbfeb56b486bba478d97728a3c0004c18649976daaade961a2721,other,NA,NA,
run_008,revocation,revocation_1772982314,revoke-irs3-1772982315,revoke-irs3-1772982315,,revocation_voted,revocation_executed,2026-03-08T15:05:19.689002526Z,2026-03-08T15:05:37.042880305Z,/var/lib/docker/volumes,791e62bfc17bf044236c3dcb5d77ec82610b27aa4d5f3c78aff2e2842f98f9ee,other,NA,NA,
run_008,revocation,revocation_1772982314,revoke-irs3-1772982315,revoke-irs3-1772982315,,revocation_voted,revocation_executed,2026-03-08T15:05:19.689002526Z,2026-03-08T15:05:37.042880305Z,/var/lib/docker/volumes,86e46c7349c98bd170ab7467b42f5b1a8fcf1438535fca6ee74a0dcce3856102,other,NA,NA,
run_008,revocation,revocation_1772982314,revoke-irs3-1772982315,revoke-irs3-1772982315,,revocation_voted,revocation_executed,2026-03-08T15:05:19.689002526Z,2026-03-08T15:05:37.042880305Z,/var/lib/docker/volumes,99ac8c723665556c954d288ca00335f1fae5493d384cb656ecf5a945cc9ae3b8,other,NA,NA,
run_008,revocation,revocation_1772982314,revoke-irs3-1772982315,revoke-irs3-1772982315,,revocation_voted,revocation_executed,2026-03-08T15:05:19.689002526Z,2026-03-08T15:05:37.042880305Z,/var/lib/docker/volumes,ab96d922f06ec7a94f1b5200e75e480c9ed7eba86fbbe33b5cb9edbe031c6ea8,other,49770,49770,0
run_008,revocation,revocation_1772982314,revoke-irs3-1772982315,revoke-irs3-1772982315,,revocation_voted,revocation_executed,2026-03-08T15:05:19.689002526Z,2026-03-08T15:05:37.042880305Z,/var/lib/docker/volumes,c58c4c31a22da439d2b7f591fd40cdcdd9bb8458f543e682f66d858083ef9ea8,other,NA,NA,
run_008,revocation,revocation_1772982314,revoke-irs3-1772982315,revoke-irs3-1772982315,,revocation_voted,revocation_executed,2026-03-08T15:05:19.689002526Z,2026-03-08T15:05:37.042880305Z,/var/lib/docker/volumes,d9b7785a06954372515977133a1213437b80c5db1517196ca5e26134d3413ccf,other,NA,NA,
run_008,revocation,revocation_1772982314,revoke-irs3-1772982315,revoke-irs3-1772982315,,revocation_voted,revocation_executed,2026-03-08T15:05:19.689002526Z,2026-03-08T15:05:37.042880305Z,/var/lib/docker/volumes,dfb0ca7b4b9cad4ec8515f6484cd89e2febfe10817782070636d5b3db6848438,other,NA,NA,
run_008,revocation,revocation_1772982314,revoke-irs3-1772982315,revoke-irs3-1772982315,,revocation_voted,revocation_executed,2026-03-08T15:05:19.689002526Z,2026-03-08T15:05:37.042880305Z,/var/lib/docker/volumes,fabric_orderer.kit.edu,orderer,375837796,376396391,558595
run_008,revocation,revocation_1772982314,revoke-irs3-1772982315,revoke-irs3-1772982315,,revocation_voted,revocation_executed,2026-03-08T15:05:19.689002526Z,2026-03-08T15:05:37.042880305Z,/var/lib/docker/volumes,fabric_peer0.irs1.kit.edu,other,5006,5006,0
run_008,revocation,revocation_1772982314,revoke-irs3-1772982315,revoke-irs3-1772982315,,revocation_voted,revocation_executed,2026-03-08T15:05:19.689002526Z,2026-03-08T15:05:37.042880305Z,/var/lib/docker/volumes,fabric_peer0.irs3.kit.edu,peer,214864931,215460351,595420
run_008,revocation,revocation_1772982314,revoke-irs3-1772982315,revoke-irs3-1772982315,,revocation_voted,revocation_executed,2026-03-08T15:05:19.689002526Z,2026-03-08T15:05:37.042880305Z,/var/lib/docker/volumes,fabric_peer1.irs3.kit.edu,other,214863504,215458924,595420
run_008,revocation,revocation_1772982314,revoke-irs3-1772982315,revoke-irs3-1772982315,,revocation_voted,revocation_executed,2026-03-08T15:05:19.689002526Z,2026-03-08T15:05:37.042880305Z,/var/lib/docker/volumes,fabric_peer2.irs3.kit.edu,other,214864917,215460337,595420
run_008,revocation,revocation_1772982314,revoke-irs3-1772982315,revoke-irs3-1772982315,,revocation_voted,revocation_executed,2026-03-08T15:05:19.689002526Z,2026-03-08T15:05:37.042880305Z,/var/lib/docker/volumes,fabric_peer3.irs3.kit.edu,other,214863487,215458907,595420
run_008,revocation,revocation_1772982314,revoke-irs3-1772982315,revoke-irs3-1772982315,,revocation_executed,operation_end,2026-03-08T15:05:37.042880305Z,2026-03-08T15:05:37.806833Z,/var/lib/docker/volumes,07323924f55a40af409ae862fc14ab08f2d8c06ba282f174beb7e74ff5782926,other,NA,NA,
run_008,revocation,revocation_1772982314,revoke-irs3-1772982315,revoke-irs3-1772982315,,revocation_executed,operation_end,2026-03-08T15:05:37.042880305Z,2026-03-08T15:05:37.806833Z,/var/lib/docker/volumes,301473890dade69bfa0d19b444d1f0769b67a90d1197c166d84af2511e48f916,other,49770,49770,0
run_008,revocation,revocation_1772982314,revoke-irs3-1772982315,revoke-irs3-1772982315,,revocation_executed,operation_end,2026-03-08T15:05:37.042880305Z,2026-03-08T15:05:37.806833Z,/var/lib/docker/volumes,6b7bb91b53bcbfeb56b486bba478d97728a3c0004c18649976daaade961a2721,other,NA,NA,
run_008,revocation,revocation_1772982314,revoke-irs3-1772982315,revoke-irs3-1772982315,,revocation_executed,operation_end,2026-03-08T15:05:37.042880305Z,2026-03-08T15:05:37.806833Z,/var/lib/docker/volumes,791e62bfc17bf044236c3dcb5d77ec82610b27aa4d5f3c78aff2e2842f98f9ee,other,NA,NA,
run_008,revocation,revocation_1772982314,revoke-irs3-1772982315,revoke-irs3-1772982315,,revocation_executed,operation_end,2026-03-08T15:05:37.042880305Z,2026-03-08T15:05:37.806833Z,/var/lib/docker/volumes,86e46c7349c98bd170ab7467b42f5b1a8fcf1438535fca6ee74a0dcce3856102,other,NA,NA,
run_008,revocation,revocation_1772982314,revoke-irs3-1772982315,revoke-irs3-1772982315,,revocation_executed,operation_end,2026-03-08T15:05:37.042880305Z,2026-03-08T15:05:37.806833Z,/var/lib/docker/volumes,99ac8c723665556c954d288ca00335f1fae5493d384cb656ecf5a945cc9ae3b8,other,NA,NA,
run_008,revocation,revocation_1772982314,revoke-irs3-1772982315,revoke-irs3-1772982315,,revocation_executed,operation_end,2026-03-08T15:05:37.042880305Z,2026-03-08T15:05:37.806833Z,/var/lib/docker/volumes,ab96d922f06ec7a94f1b5200e75e480c9ed7eba86fbbe33b5cb9edbe031c6ea8,other,49770,49770,0
run_008,revocation,revocation_1772982314,revoke-irs3-1772982315,revoke-irs3-1772982315,,revocation_executed,operation_end,2026-03-08T15:05:37.042880305Z,2026-03-08T15:05:37.806833Z,/var/lib/docker/volumes,c58c4c31a22da439d2b7f591fd40cdcdd9bb8458f543e682f66d858083ef9ea8,other,NA,NA,
run_008,revocation,revocation_1772982314,revoke-irs3-1772982315,revoke-irs3-1772982315,,revocation_executed,operation_end,2026-03-08T15:05:37.042880305Z,2026-03-08T15:05:37.806833Z,/var/lib/docker/volumes,d9b7785a06954372515977133a1213437b80c5db1517196ca5e26134d3413ccf,other,NA,NA,
run_008,revocation,revocation_1772982314,revoke-irs3-1772982315,revoke-irs3-1772982315,,revocation_executed,operation_end,2026-03-08T15:05:37.042880305Z,2026-03-08T15:05:37.806833Z,/var/lib/docker/volumes,dfb0ca7b4b9cad4ec8515f6484cd89e2febfe10817782070636d5b3db6848438,other,NA,NA,
run_008,revocation,revocation_1772982314,revoke-irs3-1772982315,revoke-irs3-1772982315,,revocation_executed,operation_end,2026-03-08T15:05:37.042880305Z,2026-03-08T15:05:37.806833Z,/var/lib/docker/volumes,fabric_orderer.kit.edu,orderer,376396391,376396391,0
run_008,revocation,revocation_1772982314,revoke-irs3-1772982315,revoke-irs3-1772982315,,revocation_executed,operation_end,2026-03-08T15:05:37.042880305Z,2026-03-08T15:05:37.806833Z,/var/lib/docker/volumes,fabric_peer0.irs1.kit.edu,other,5006,5006,0
run_008,revocation,revocation_1772982314,revoke-irs3-1772982315,revoke-irs3-1772982315,,revocation_executed,operation_end,2026-03-08T15:05:37.042880305Z,2026-03-08T15:05:37.806833Z,/var/lib/docker/volumes,fabric_peer0.irs3.kit.edu,peer,215460351,215460351,0
run_008,revocation,revocation_1772982314,revoke-irs3-1772982315,revoke-irs3-1772982315,,revocation_executed,operation_end,2026-03-08T15:05:37.042880305Z,2026-03-08T15:05:37.806833Z,/var/lib/docker/volumes,fabric_peer1.irs3.kit.edu,other,215458924,215458924,0
run_008,revocation,revocation_1772982314,revoke-irs3-1772982315,revoke-irs3-1772982315,,revocation_executed,operation_end,2026-03-08T15:05:37.042880305Z,2026-03-08T15:05:37.806833Z,/var/lib/docker/volumes,fabric_peer2.irs3.kit.edu,other,215460337,215460337,0
run_008,revocation,revocation_1772982314,revoke-irs3-1772982315,revoke-irs3-1772982315,,revocation_executed,operation_end,2026-03-08T15:05:37.042880305Z,2026-03-08T15:05:37.806833Z,/var/lib/docker/volumes,fabric_peer3.irs3.kit.edu,other,215458907,215458907,0
run_008,removal,removal_1772982356,remove-irs3-member1-1772982356,remove-irs3-member1-1772982356,42,operation_start,removal_submit_done,2026-03-08T15:05:56.654011Z,2026-03-08T15:05:59.084730Z,/var/lib/docker/volumes,07323924f55a40af409ae862fc14ab08f2d8c06ba282f174beb7e74ff5782926,other,NA,NA,
run_008,removal,removal_1772982356,remove-irs3-member1-1772982356,remove-irs3-member1-1772982356,42,operation_start,removal_submit_done,2026-03-08T15:05:56.654011Z,2026-03-08T15:05:59.084730Z,/var/lib/docker/volumes,301473890dade69bfa0d19b444d1f0769b67a90d1197c166d84af2511e48f916,other,49770,49770,0
run_008,removal,removal_1772982356,remove-irs3-member1-1772982356,remove-irs3-member1-1772982356,42,operation_start,removal_submit_done,2026-03-08T15:05:56.654011Z,2026-03-08T15:05:59.084730Z,/var/lib/docker/volumes,6b7bb91b53bcbfeb56b486bba478d97728a3c0004c18649976daaade961a2721,other,NA,NA,
run_008,removal,removal_1772982356,remove-irs3-member1-1772982356,remove-irs3-member1-1772982356,42,operation_start,removal_submit_done,2026-03-08T15:05:56.654011Z,2026-03-08T15:05:59.084730Z,/var/lib/docker/volumes,791e62bfc17bf044236c3dcb5d77ec82610b27aa4d5f3c78aff2e2842f98f9ee,other,NA,NA,
run_008,removal,removal_1772982356,remove-irs3-member1-1772982356,remove-irs3-member1-1772982356,42,operation_start,removal_submit_done,2026-03-08T15:05:56.654011Z,2026-03-08T15:05:59.084730Z,/var/lib/docker/volumes,86e46c7349c98bd170ab7467b42f5b1a8fcf1438535fca6ee74a0dcce3856102,other,NA,NA,
run_008,removal,removal_1772982356,remove-irs3-member1-1772982356,remove-irs3-member1-1772982356,42,operation_start,removal_submit_done,2026-03-08T15:05:56.654011Z,2026-03-08T15:05:59.084730Z,/var/lib/docker/volumes,99ac8c723665556c954d288ca00335f1fae5493d384cb656ecf5a945cc9ae3b8,other,NA,NA,
run_008,removal,removal_1772982356,remove-irs3-member1-1772982356,remove-irs3-member1-1772982356,42,operation_start,removal_submit_done,2026-03-08T15:05:56.654011Z,2026-03-08T15:05:59.084730Z,/var/lib/docker/volumes,ab96d922f06ec7a94f1b5200e75e480c9ed7eba86fbbe33b5cb9edbe031c6ea8,other,49770,49770,0
run_008,removal,removal_1772982356,remove-irs3-member1-1772982356,remove-irs3-member1-1772982356,42,operation_start,removal_submit_done,2026-03-08T15:05:56.654011Z,2026-03-08T15:05:59.084730Z,/var/lib/docker/volumes,c58c4c31a22da439d2b7f591fd40cdcdd9bb8458f543e682f66d858083ef9ea8,other,NA,NA,
run_008,removal,removal_1772982356,remove-irs3-member1-1772982356,remove-irs3-member1-1772982356,42,operation_start,removal_submit_done,2026-03-08T15:05:56.654011Z,2026-03-08T15:05:59.084730Z,/var/lib/docker/volumes,d9b7785a06954372515977133a1213437b80c5db1517196ca5e26134d3413ccf,other,NA,NA,
run_008,removal,removal_1772982356,remove-irs3-member1-1772982356,remove-irs3-member1-1772982356,42,operation_start,removal_submit_done,2026-03-08T15:05:56.654011Z,2026-03-08T15:05:59.084730Z,/var/lib/docker/volumes,dfb0ca7b4b9cad4ec8515f6484cd89e2febfe10817782070636d5b3db6848438,other,NA,NA,
run_008,removal,removal_1772982356,remove-irs3-member1-1772982356,remove-irs3-member1-1772982356,42,operation_start,removal_submit_done,2026-03-08T15:05:56.654011Z,2026-03-08T15:05:59.084730Z,/var/lib/docker/volumes,fabric_orderer.kit.edu,orderer,376408089,376417756,9667
run_008,removal,removal_1772982356,remove-irs3-member1-1772982356,remove-irs3-member1-1772982356,42,operation_start,removal_submit_done,2026-03-08T15:05:56.654011Z,2026-03-08T15:05:59.084730Z,/var/lib/docker/volumes,fabric_peer0.irs1.kit.edu,other,5006,5006,0
run_008,removal,removal_1772982356,remove-irs3-member1-1772982356,remove-irs3-member1-1772982356,42,operation_start,removal_submit_done,2026-03-08T15:05:56.654011Z,2026-03-08T15:05:59.084730Z,/var/lib/docker/volumes,fabric_peer0.irs3.kit.edu,peer,215472374,215483154,10780
run_008,removal,removal_1772982356,remove-irs3-member1-1772982356,remove-irs3-member1-1772982356,42,operation_start,removal_submit_done,2026-03-08T15:05:56.654011Z,2026-03-08T15:05:59.084730Z,/var/lib/docker/volumes,fabric_peer1.irs3.kit.edu,other,215470947,215481727,10780
run_008,removal,removal_1772982356,remove-irs3-member1-1772982356,remove-irs3-member1-1772982356,42,operation_start,removal_submit_done,2026-03-08T15:05:56.654011Z,2026-03-08T15:05:59.084730Z,/var/lib/docker/volumes,fabric_peer2.irs3.kit.edu,other,215472360,215483140,10780
run_008,removal,removal_1772982356,remove-irs3-member1-1772982356,remove-irs3-member1-1772982356,42,operation_start,removal_submit_done,2026-03-08T15:05:56.654011Z,2026-03-08T15:05:59.084730Z,/var/lib/docker/volumes,fabric_peer3.irs3.kit.edu,other,215470930,215481710,10780
run_008,removal,removal_1772982356,remove-irs3-member1-1772982356,remove-irs3-member1-1772982356,42,removal_submit_done,removal_voted,2026-03-08T15:05:59.084730Z,2026-03-08T15:06:01.555812988Z,/var/lib/docker/volumes,07323924f55a40af409ae862fc14ab08f2d8c06ba282f174beb7e74ff5782926,other,NA,NA,
run_008,removal,removal_1772982356,remove-irs3-member1-1772982356,remove-irs3-member1-1772982356,42,removal_submit_done,removal_voted,2026-03-08T15:05:59.084730Z,2026-03-08T15:06:01.555812988Z,/var/lib/docker/volumes,301473890dade69bfa0d19b444d1f0769b67a90d1197c166d84af2511e48f916,other,49770,49770,0
run_008,removal,removal_1772982356,remove-irs3-member1-1772982356,remove-irs3-member1-1772982356,42,removal_submit_done,removal_voted,2026-03-08T15:05:59.084730Z,2026-03-08T15:06:01.555812988Z,/var/lib/docker/volumes,6b7bb91b53bcbfeb56b486bba478d97728a3c0004c18649976daaade961a2721,other,NA,NA,
run_008,removal,removal_1772982356,remove-irs3-member1-1772982356,remove-irs3-member1-1772982356,42,removal_submit_done,removal_voted,2026-03-08T15:05:59.084730Z,2026-03-08T15:06:01.555812988Z,/var/lib/docker/volumes,791e62bfc17bf044236c3dcb5d77ec82610b27aa4d5f3c78aff2e2842f98f9ee,other,NA,NA,
run_008,removal,removal_1772982356,remove-irs3-member1-1772982356,remove-irs3-member1-1772982356,42,removal_submit_done,removal_voted,2026-03-08T15:05:59.084730Z,2026-03-08T15:06:01.555812988Z,/var/lib/docker/volumes,86e46c7349c98bd170ab7467b42f5b1a8fcf1438535fca6ee74a0dcce3856102,other,NA,NA,
run_008,removal,removal_1772982356,remove-irs3-member1-1772982356,remove-irs3-member1-1772982356,42,removal_submit_done,removal_voted,2026-03-08T15:05:59.084730Z,2026-03-08T15:06:01.555812988Z,/var/lib/docker/volumes,99ac8c723665556c954d288ca00335f1fae5493d384cb656ecf5a945cc9ae3b8,other,NA,NA,
run_008,removal,removal_1772982356,remove-irs3-member1-1772982356,remove-irs3-member1-1772982356,42,removal_submit_done,removal_voted,2026-03-08T15:05:59.084730Z,2026-03-08T15:06:01.555812988Z,/var/lib/docker/volumes,ab96d922f06ec7a94f1b5200e75e480c9ed7eba86fbbe33b5cb9edbe031c6ea8,other,49770,49770,0
run_008,removal,removal_1772982356,remove-irs3-member1-1772982356,remove-irs3-member1-1772982356,42,removal_submit_done,removal_voted,2026-03-08T15:05:59.084730Z,2026-03-08T15:06:01.555812988Z,/var/lib/docker/volumes,c58c4c31a22da439d2b7f591fd40cdcdd9bb8458f543e682f66d858083ef9ea8,other,NA,NA,
run_008,removal,removal_1772982356,remove-irs3-member1-1772982356,remove-irs3-member1-1772982356,42,removal_submit_done,removal_voted,2026-03-08T15:05:59.084730Z,2026-03-08T15:06:01.555812988Z,/var/lib/docker/volumes,d9b7785a06954372515977133a1213437b80c5db1517196ca5e26134d3413ccf,other,NA,NA,
run_008,removal,removal_1772982356,remove-irs3-member1-1772982356,remove-irs3-member1-1772982356,42,removal_submit_done,removal_voted,2026-03-08T15:05:59.084730Z,2026-03-08T15:06:01.555812988Z,/var/lib/docker/volumes,dfb0ca7b4b9cad4ec8515f6484cd89e2febfe10817782070636d5b3db6848438,other,NA,NA,
run_008,removal,removal_1772982356,remove-irs3-member1-1772982356,remove-irs3-member1-1772982356,42,removal_submit_done,removal_voted,2026-03-08T15:05:59.084730Z,2026-03-08T15:06:01.555812988Z,/var/lib/docker/volumes,fabric_orderer.kit.edu,orderer,376417756,376549438,131682
run_008,removal,removal_1772982356,remove-irs3-member1-1772982356,remove-irs3-member1-1772982356,42,removal_submit_done,removal_voted,2026-03-08T15:05:59.084730Z,2026-03-08T15:06:01.555812988Z,/var/lib/docker/volumes,fabric_peer0.irs1.kit.edu,other,5006,5006,0
run_008,removal,removal_1772982356,remove-irs3-member1-1772982356,remove-irs3-member1-1772982356,42,removal_submit_done,removal_voted,2026-03-08T15:05:59.084730Z,2026-03-08T15:06:01.555812988Z,/var/lib/docker/volumes,fabric_peer0.irs3.kit.edu,peer,215483154,215539788,56634
run_008,removal,removal_1772982356,remove-irs3-member1-1772982356,remove-irs3-member1-1772982356,42,removal_submit_done,removal_voted,2026-03-08T15:05:59.084730Z,2026-03-08T15:06:01.555812988Z,/var/lib/docker/volumes,fabric_peer1.irs3.kit.edu,other,215481727,215538361,56634
run_008,removal,removal_1772982356,remove-irs3-member1-1772982356,remove-irs3-member1-1772982356,42,removal_submit_done,removal_voted,2026-03-08T15:05:59.084730Z,2026-03-08T15:06:01.555812988Z,/var/lib/docker/volumes,fabric_peer2.irs3.kit.edu,other,215483140,215539774,56634
run_008,removal,removal_1772982356,remove-irs3-member1-1772982356,remove-irs3-member1-1772982356,42,removal_submit_done,removal_voted,2026-03-08T15:05:59.084730Z,2026-03-08T15:06:01.555812988Z,/var/lib/docker/volumes,fabric_peer3.irs3.kit.edu,other,215481710,215538344,56634
run_008,removal,removal_1772982356,remove-irs3-member1-1772982356,remove-irs3-member1-1772982356,42,removal_voted,removal_approved,2026-03-08T15:06:01.555812988Z,2026-03-08T15:06:17.877777441Z,/var/lib/docker/volumes,07323924f55a40af409ae862fc14ab08f2d8c06ba282f174beb7e74ff5782926,other,NA,NA,
run_008,removal,removal_1772982356,remove-irs3-member1-1772982356,remove-irs3-member1-1772982356,42,removal_voted,removal_approved,2026-03-08T15:06:01.555812988Z,2026-03-08T15:06:17.877777441Z,/var/lib/docker/volumes,301473890dade69bfa0d19b444d1f0769b67a90d1197c166d84af2511e48f916,other,49770,49770,0
run_008,removal,removal_1772982356,remove-irs3-member1-1772982356,remove-irs3-member1-1772982356,42,removal_voted,removal_approved,2026-03-08T15:06:01.555812988Z,2026-03-08T15:06:17.877777441Z,/var/lib/docker/volumes,6b7bb91b53bcbfeb56b486bba478d97728a3c0004c18649976daaade961a2721,other,NA,NA,
run_008,removal,removal_1772982356,remove-irs3-member1-1772982356,remove-irs3-member1-1772982356,42,removal_voted,removal_approved,2026-03-08T15:06:01.555812988Z,2026-03-08T15:06:17.877777441Z,/var/lib/docker/volumes,791e62bfc17bf044236c3dcb5d77ec82610b27aa4d5f3c78aff2e2842f98f9ee,other,NA,NA,
run_008,removal,removal_1772982356,remove-irs3-member1-1772982356,remove-irs3-member1-1772982356,42,removal_voted,removal_approved,2026-03-08T15:06:01.555812988Z,2026-03-08T15:06:17.877777441Z,/var/lib/docker/volumes,86e46c7349c98bd170ab7467b42f5b1a8fcf1438535fca6ee74a0dcce3856102,other,NA,NA,
run_008,removal,removal_1772982356,remove-irs3-member1-1772982356,remove-irs3-member1-1772982356,42,removal_voted,removal_approved,2026-03-08T15:06:01.555812988Z,2026-03-08T15:06:17.877777441Z,/var/lib/docker/volumes,99ac8c723665556c954d288ca00335f1fae5493d384cb656ecf5a945cc9ae3b8,other,NA,NA,
run_008,removal,removal_1772982356,remove-irs3-member1-1772982356,remove-irs3-member1-1772982356,42,removal_voted,removal_approved,2026-03-08T15:06:01.555812988Z,2026-03-08T15:06:17.877777441Z,/var/lib/docker/volumes,ab96d922f06ec7a94f1b5200e75e480c9ed7eba86fbbe33b5cb9edbe031c6ea8,other,49770,49770,0
run_008,removal,removal_1772982356,remove-irs3-member1-1772982356,remove-irs3-member1-1772982356,42,removal_voted,removal_approved,2026-03-08T15:06:01.555812988Z,2026-03-08T15:06:17.877777441Z,/var/lib/docker/volumes,c58c4c31a22da439d2b7f591fd40cdcdd9bb8458f543e682f66d858083ef9ea8,other,NA,NA,
run_008,removal,removal_1772982356,remove-irs3-member1-1772982356,remove-irs3-member1-1772982356,42,removal_voted,removal_approved,2026-03-08T15:06:01.555812988Z,2026-03-08T15:06:17.877777441Z,/var/lib/docker/volumes,d9b7785a06954372515977133a1213437b80c5db1517196ca5e26134d3413ccf,other,NA,NA,
run_008,removal,removal_1772982356,remove-irs3-member1-1772982356,remove-irs3-member1-1772982356,42,removal_voted,removal_approved,2026-03-08T15:06:01.555812988Z,2026-03-08T15:06:17.877777441Z,/var/lib/docker/volumes,dfb0ca7b4b9cad4ec8515f6484cd89e2febfe10817782070636d5b3db6848438,other,NA,NA,
run_008,removal,removal_1772982356,remove-irs3-member1-1772982356,remove-irs3-member1-1772982356,42,removal_voted,removal_approved,2026-03-08T15:06:01.555812988Z,2026-03-08T15:06:17.877777441Z,/var/lib/docker/volumes,fabric_orderer.kit.edu,orderer,376549438,377176722,627284
run_008,removal,removal_1772982356,remove-irs3-member1-1772982356,remove-irs3-member1-1772982356,42,removal_voted,removal_approved,2026-03-08T15:06:01.555812988Z,2026-03-08T15:06:17.877777441Z,/var/lib/docker/volumes,fabric_peer0.irs1.kit.edu,other,5006,5006,0
run_008,removal,removal_1772982356,remove-irs3-member1-1772982356,remove-irs3-member1-1772982356,42,removal_voted,removal_approved,2026-03-08T15:06:01.555812988Z,2026-03-08T15:06:17.877777441Z,/var/lib/docker/volumes,fabric_peer0.irs3.kit.edu,peer,215539788,216292225,752437
run_008,removal,removal_1772982356,remove-irs3-member1-1772982356,remove-irs3-member1-1772982356,42,removal_voted,removal_approved,2026-03-08T15:06:01.555812988Z,2026-03-08T15:06:17.877777441Z,/var/lib/docker/volumes,fabric_peer1.irs3.kit.edu,other,215538361,216290798,752437
run_008,removal,removal_1772982356,remove-irs3-member1-1772982356,remove-irs3-member1-1772982356,42,removal_voted,removal_approved,2026-03-08T15:06:01.555812988Z,2026-03-08T15:06:17.877777441Z,/var/lib/docker/volumes,fabric_peer2.irs3.kit.edu,other,215539774,216292211,752437
run_008,removal,removal_1772982356,remove-irs3-member1-1772982356,remove-irs3-member1-1772982356,42,removal_voted,removal_approved,2026-03-08T15:06:01.555812988Z,2026-03-08T15:06:17.877777441Z,/var/lib/docker/volumes,fabric_peer3.irs3.kit.edu,other,215538344,216290781,752437
run_008,removal,removal_1772982356,remove-irs3-member1-1772982356,remove-irs3-member1-1772982356,42,removal_approved,reshare_started,2026-03-08T15:06:17.877777441Z,2026-03-08T15:06:19.730077Z,/var/lib/docker/volumes,07323924f55a40af409ae862fc14ab08f2d8c06ba282f174beb7e74ff5782926,other,NA,NA,
run_008,removal,removal_1772982356,remove-irs3-member1-1772982356,remove-irs3-member1-1772982356,42,removal_approved,reshare_started,2026-03-08T15:06:17.877777441Z,2026-03-08T15:06:19.730077Z,/var/lib/docker/volumes,301473890dade69bfa0d19b444d1f0769b67a90d1197c166d84af2511e48f916,other,49770,49770,0
run_008,removal,removal_1772982356,remove-irs3-member1-1772982356,remove-irs3-member1-1772982356,42,removal_approved,reshare_started,2026-03-08T15:06:17.877777441Z,2026-03-08T15:06:19.730077Z,/var/lib/docker/volumes,6b7bb91b53bcbfeb56b486bba478d97728a3c0004c18649976daaade961a2721,other,NA,NA,
run_008,removal,removal_1772982356,remove-irs3-member1-1772982356,remove-irs3-member1-1772982356,42,removal_approved,reshare_started,2026-03-08T15:06:17.877777441Z,2026-03-08T15:06:19.730077Z,/var/lib/docker/volumes,791e62bfc17bf044236c3dcb5d77ec82610b27aa4d5f3c78aff2e2842f98f9ee,other,NA,NA,
run_008,removal,removal_1772982356,remove-irs3-member1-1772982356,remove-irs3-member1-1772982356,42,removal_approved,reshare_started,2026-03-08T15:06:17.877777441Z,2026-03-08T15:06:19.730077Z,/var/lib/docker/volumes,86e46c7349c98bd170ab7467b42f5b1a8fcf1438535fca6ee74a0dcce3856102,other,NA,NA,
run_008,removal,removal_1772982356,remove-irs3-member1-1772982356,remove-irs3-member1-1772982356,42,removal_approved,reshare_started,2026-03-08T15:06:17.877777441Z,2026-03-08T15:06:19.730077Z,/var/lib/docker/volumes,99ac8c723665556c954d288ca00335f1fae5493d384cb656ecf5a945cc9ae3b8,other,NA,NA,
run_008,removal,removal_1772982356,remove-irs3-member1-1772982356,remove-irs3-member1-1772982356,42,removal_approved,reshare_started,2026-03-08T15:06:17.877777441Z,2026-03-08T15:06:19.730077Z,/var/lib/docker/volumes,ab96d922f06ec7a94f1b5200e75e480c9ed7eba86fbbe33b5cb9edbe031c6ea8,other,49770,49770,0
run_008,removal,removal_1772982356,remove-irs3-member1-1772982356,remove-irs3-member1-1772982356,42,removal_approved,reshare_started,2026-03-08T15:06:17.877777441Z,2026-03-08T15:06:19.730077Z,/var/lib/docker/volumes,c58c4c31a22da439d2b7f591fd40cdcdd9bb8458f543e682f66d858083ef9ea8,other,NA,NA,
run_008,removal,removal_1772982356,remove-irs3-member1-1772982356,remove-irs3-member1-1772982356,42,removal_approved,reshare_started,2026-03-08T15:06:17.877777441Z,2026-03-08T15:06:19.730077Z,/var/lib/docker/volumes,d9b7785a06954372515977133a1213437b80c5db1517196ca5e26134d3413ccf,other,NA,NA,
run_008,removal,removal_1772982356,remove-irs3-member1-1772982356,remove-irs3-member1-1772982356,42,removal_approved,reshare_started,2026-03-08T15:06:17.877777441Z,2026-03-08T15:06:19.730077Z,/var/lib/docker/volumes,dfb0ca7b4b9cad4ec8515f6484cd89e2febfe10817782070636d5b3db6848438,other,NA,NA,
run_008,removal,removal_1772982356,remove-irs3-member1-1772982356,remove-irs3-member1-1772982356,42,removal_approved,reshare_started,2026-03-08T15:06:17.877777441Z,2026-03-08T15:06:19.730077Z,/var/lib/docker/volumes,fabric_orderer.kit.edu,orderer,377176722,377176722,0
run_008,removal,removal_1772982356,remove-irs3-member1-1772982356,remove-irs3-member1-1772982356,42,removal_approved,reshare_started,2026-03-08T15:06:17.877777441Z,2026-03-08T15:06:19.730077Z,/var/lib/docker/volumes,fabric_peer0.irs1.kit.edu,other,5006,5006,0
run_008,removal,removal_1772982356,remove-irs3-member1-1772982356,remove-irs3-member1-1772982356,42,removal_approved,reshare_started,2026-03-08T15:06:17.877777441Z,2026-03-08T15:06:19.730077Z,/var/lib/docker/volumes,fabric_peer0.irs3.kit.edu,peer,216292225,216292225,0
run_008,removal,removal_1772982356,remove-irs3-member1-1772982356,remove-irs3-member1-1772982356,42,removal_approved,reshare_started,2026-03-08T15:06:17.877777441Z,2026-03-08T15:06:19.730077Z,/var/lib/docker/volumes,fabric_peer1.irs3.kit.edu,other,216290798,216290798,0
run_008,removal,removal_1772982356,remove-irs3-member1-1772982356,remove-irs3-member1-1772982356,42,removal_approved,reshare_started,2026-03-08T15:06:17.877777441Z,2026-03-08T15:06:19.730077Z,/var/lib/docker/volumes,fabric_peer2.irs3.kit.edu,other,216292211,216292211,0
run_008,removal,removal_1772982356,remove-irs3-member1-1772982356,remove-irs3-member1-1772982356,42,removal_approved,reshare_started,2026-03-08T15:06:17.877777441Z,2026-03-08T15:06:19.730077Z,/var/lib/docker/volumes,fabric_peer3.irs3.kit.edu,other,216290781,216290781,0
run_008,removal,removal_1772982356,remove-irs3-member1-1772982356,remove-irs3-member1-1772982356,42,reshare_started,reshare_completed,2026-03-08T15:06:19.730077Z,2026-03-08T15:11:22.196980798Z,/var/lib/docker/volumes,07323924f55a40af409ae862fc14ab08f2d8c06ba282f174beb7e74ff5782926,other,NA,NA,
run_008,removal,removal_1772982356,remove-irs3-member1-1772982356,remove-irs3-member1-1772982356,42,reshare_started,reshare_completed,2026-03-08T15:06:19.730077Z,2026-03-08T15:11:22.196980798Z,/var/lib/docker/volumes,301473890dade69bfa0d19b444d1f0769b67a90d1197c166d84af2511e48f916,other,49770,49770,0
run_008,removal,removal_1772982356,remove-irs3-member1-1772982356,remove-irs3-member1-1772982356,42,reshare_started,reshare_completed,2026-03-08T15:06:19.730077Z,2026-03-08T15:11:22.196980798Z,/var/lib/docker/volumes,6b7bb91b53bcbfeb56b486bba478d97728a3c0004c18649976daaade961a2721,other,NA,NA,
run_008,removal,removal_1772982356,remove-irs3-member1-1772982356,remove-irs3-member1-1772982356,42,reshare_started,reshare_completed,2026-03-08T15:06:19.730077Z,2026-03-08T15:11:22.196980798Z,/var/lib/docker/volumes,791e62bfc17bf044236c3dcb5d77ec82610b27aa4d5f3c78aff2e2842f98f9ee,other,NA,NA,
run_008,removal,removal_1772982356,remove-irs3-member1-1772982356,remove-irs3-member1-1772982356,42,reshare_started,reshare_completed,2026-03-08T15:06:19.730077Z,2026-03-08T15:11:22.196980798Z,/var/lib/docker/volumes,86e46c7349c98bd170ab7467b42f5b1a8fcf1438535fca6ee74a0dcce3856102,other,NA,NA,
run_008,removal,removal_1772982356,remove-irs3-member1-1772982356,remove-irs3-member1-1772982356,42,reshare_started,reshare_completed,2026-03-08T15:06:19.730077Z,2026-03-08T15:11:22.196980798Z,/var/lib/docker/volumes,99ac8c723665556c954d288ca00335f1fae5493d384cb656ecf5a945cc9ae3b8,other,NA,NA,
run_008,removal,removal_1772982356,remove-irs3-member1-1772982356,remove-irs3-member1-1772982356,42,reshare_started,reshare_completed,2026-03-08T15:06:19.730077Z,2026-03-08T15:11:22.196980798Z,/var/lib/docker/volumes,ab96d922f06ec7a94f1b5200e75e480c9ed7eba86fbbe33b5cb9edbe031c6ea8,other,49770,49770,0
run_008,removal,removal_1772982356,remove-irs3-member1-1772982356,remove-irs3-member1-1772982356,42,reshare_started,reshare_completed,2026-03-08T15:06:19.730077Z,2026-03-08T15:11:22.196980798Z,/var/lib/docker/volumes,c58c4c31a22da439d2b7f591fd40cdcdd9bb8458f543e682f66d858083ef9ea8,other,NA,NA,
run_008,removal,removal_1772982356,remove-irs3-member1-1772982356,remove-irs3-member1-1772982356,42,reshare_started,reshare_completed,2026-03-08T15:06:19.730077Z,2026-03-08T15:11:22.196980798Z,/var/lib/docker/volumes,d9b7785a06954372515977133a1213437b80c5db1517196ca5e26134d3413ccf,other,NA,NA,
run_008,removal,removal_1772982356,remove-irs3-member1-1772982356,remove-irs3-member1-1772982356,42,reshare_started,reshare_completed,2026-03-08T15:06:19.730077Z,2026-03-08T15:11:22.196980798Z,/var/lib/docker/volumes,dfb0ca7b4b9cad4ec8515f6484cd89e2febfe10817782070636d5b3db6848438,other,NA,NA,
run_008,removal,removal_1772982356,remove-irs3-member1-1772982356,remove-irs3-member1-1772982356,42,reshare_started,reshare_completed,2026-03-08T15:06:19.730077Z,2026-03-08T15:11:22.196980798Z,/var/lib/docker/volumes,fabric_orderer.kit.edu,orderer,377176722,319795725,-57380997
run_008,removal,removal_1772982356,remove-irs3-member1-1772982356,remove-irs3-member1-1772982356,42,reshare_started,reshare_completed,2026-03-08T15:06:19.730077Z,2026-03-08T15:11:22.196980798Z,/var/lib/docker/volumes,fabric_peer0.irs1.kit.edu,other,5006,5006,0
run_008,removal,removal_1772982356,remove-irs3-member1-1772982356,remove-irs3-member1-1772982356,42,reshare_started,reshare_completed,2026-03-08T15:06:19.730077Z,2026-03-08T15:11:22.196980798Z,/var/lib/docker/volumes,fabric_peer0.irs3.kit.edu,peer,216292225,223568276,7276051
run_008,removal,removal_1772982356,remove-irs3-member1-1772982356,remove-irs3-member1-1772982356,42,reshare_started,reshare_completed,2026-03-08T15:06:19.730077Z,2026-03-08T15:11:22.196980798Z,/var/lib/docker/volumes,fabric_peer1.irs3.kit.edu,other,216290798,223566849,7276051
run_008,removal,removal_1772982356,remove-irs3-member1-1772982356,remove-irs3-member1-1772982356,42,reshare_started,reshare_completed,2026-03-08T15:06:19.730077Z,2026-03-08T15:11:22.196980798Z,/var/lib/docker/volumes,fabric_peer2.irs3.kit.edu,other,216292211,223568262,7276051
run_008,removal,removal_1772982356,remove-irs3-member1-1772982356,remove-irs3-member1-1772982356,42,reshare_started,reshare_completed,2026-03-08T15:06:19.730077Z,2026-03-08T15:11:22.196980798Z,/var/lib/docker/volumes,fabric_peer3.irs3.kit.edu,other,216290781,223566832,7276051
run_008,removal,removal_1772982356,remove-irs3-member1-1772982356,remove-irs3-member1-1772982356,42,reshare_completed,operation_end,2026-03-08T15:11:22.196980798Z,2026-03-08T15:11:23.556842Z,/var/lib/docker/volumes,07323924f55a40af409ae862fc14ab08f2d8c06ba282f174beb7e74ff5782926,other,NA,NA,
run_008,removal,removal_1772982356,remove-irs3-member1-1772982356,remove-irs3-member1-1772982356,42,reshare_completed,operation_end,2026-03-08T15:11:22.196980798Z,2026-03-08T15:11:23.556842Z,/var/lib/docker/volumes,301473890dade69bfa0d19b444d1f0769b67a90d1197c166d84af2511e48f916,other,49770,49770,0
run_008,removal,removal_1772982356,remove-irs3-member1-1772982356,remove-irs3-member1-1772982356,42,reshare_completed,operation_end,2026-03-08T15:11:22.196980798Z,2026-03-08T15:11:23.556842Z,/var/lib/docker/volumes,6b7bb91b53bcbfeb56b486bba478d97728a3c0004c18649976daaade961a2721,other,NA,NA,
run_008,removal,removal_1772982356,remove-irs3-member1-1772982356,remove-irs3-member1-1772982356,42,reshare_completed,operation_end,2026-03-08T15:11:22.196980798Z,2026-03-08T15:11:23.556842Z,/var/lib/docker/volumes,791e62bfc17bf044236c3dcb5d77ec82610b27aa4d5f3c78aff2e2842f98f9ee,other,NA,NA,
run_008,removal,removal_1772982356,remove-irs3-member1-1772982356,remove-irs3-member1-1772982356,42,reshare_completed,operation_end,2026-03-08T15:11:22.196980798Z,2026-03-08T15:11:23.556842Z,/var/lib/docker/volumes,86e46c7349c98bd170ab7467b42f5b1a8fcf1438535fca6ee74a0dcce3856102,other,NA,NA,
run_008,removal,removal_1772982356,remove-irs3-member1-1772982356,remove-irs3-member1-1772982356,42,reshare_completed,operation_end,2026-03-08T15:11:22.196980798Z,2026-03-08T15:11:23.556842Z,/var/lib/docker/volumes,99ac8c723665556c954d288ca00335f1fae5493d384cb656ecf5a945cc9ae3b8,other,NA,NA,
run_008,removal,removal_1772982356,remove-irs3-member1-1772982356,remove-irs3-member1-1772982356,42,reshare_completed,operation_end,2026-03-08T15:11:22.196980798Z,2026-03-08T15:11:23.556842Z,/var/lib/docker/volumes,ab96d922f06ec7a94f1b5200e75e480c9ed7eba86fbbe33b5cb9edbe031c6ea8,other,49770,49770,0
run_008,removal,removal_1772982356,remove-irs3-member1-1772982356,remove-irs3-member1-1772982356,42,reshare_completed,operation_end,2026-03-08T15:11:22.196980798Z,2026-03-08T15:11:23.556842Z,/var/lib/docker/volumes,c58c4c31a22da439d2b7f591fd40cdcdd9bb8458f543e682f66d858083ef9ea8,other,NA,NA,
run_008,removal,removal_1772982356,remove-irs3-member1-1772982356,remove-irs3-member1-1772982356,42,reshare_completed,operation_end,2026-03-08T15:11:22.196980798Z,2026-03-08T15:11:23.556842Z,/var/lib/docker/volumes,d9b7785a06954372515977133a1213437b80c5db1517196ca5e26134d3413ccf,other,NA,NA,
run_008,removal,removal_1772982356,remove-irs3-member1-1772982356,remove-irs3-member1-1772982356,42,reshare_completed,operation_end,2026-03-08T15:11:22.196980798Z,2026-03-08T15:11:23.556842Z,/var/lib/docker/volumes,dfb0ca7b4b9cad4ec8515f6484cd89e2febfe10817782070636d5b3db6848438,other,NA,NA,
run_008,removal,removal_1772982356,remove-irs3-member1-1772982356,remove-irs3-member1-1772982356,42,reshare_completed,operation_end,2026-03-08T15:11:22.196980798Z,2026-03-08T15:11:23.556842Z,/var/lib/docker/volumes,fabric_orderer.kit.edu,orderer,319795725,319795725,0
run_008,removal,removal_1772982356,remove-irs3-member1-1772982356,remove-irs3-member1-1772982356,42,reshare_completed,operation_end,2026-03-08T15:11:22.196980798Z,2026-03-08T15:11:23.556842Z,/var/lib/docker/volumes,fabric_peer0.irs1.kit.edu,other,5006,5006,0
run_008,removal,removal_1772982356,remove-irs3-member1-1772982356,remove-irs3-member1-1772982356,42,reshare_completed,operation_end,2026-03-08T15:11:22.196980798Z,2026-03-08T15:11:23.556842Z,/var/lib/docker/volumes,fabric_peer0.irs3.kit.edu,peer,223568276,223568276,0
run_008,removal,removal_1772982356,remove-irs3-member1-1772982356,remove-irs3-member1-1772982356,42,reshare_completed,operation_end,2026-03-08T15:11:22.196980798Z,2026-03-08T15:11:23.556842Z,/var/lib/docker/volumes,fabric_peer1.irs3.kit.edu,other,223566849,223566849,0
run_008,removal,removal_1772982356,remove-irs3-member1-1772982356,remove-irs3-member1-1772982356,42,reshare_completed,operation_end,2026-03-08T15:11:22.196980798Z,2026-03-08T15:11:23.556842Z,/var/lib/docker/volumes,fabric_peer2.irs3.kit.edu,other,223568262,223568262,0
run_008,removal,removal_1772982356,remove-irs3-member1-1772982356,remove-irs3-member1-1772982356,42,reshare_completed,operation_end,2026-03-08T15:11:22.196980798Z,2026-03-08T15:11:23.556842Z,/var/lib/docker/volumes,fabric_peer3.irs3.kit.edu,other,223566832,223566832,0
run_008,join,join_1772982702,join-irs3-1772982702,join-irs3-1772982702,43,operation_start,join_submit_done,2026-03-08T15:11:42.356091Z,2026-03-08T15:11:44.851196Z,/var/lib/docker/volumes,07323924f55a40af409ae862fc14ab08f2d8c06ba282f174beb7e74ff5782926,other,NA,NA,
run_008,join,join_1772982702,join-irs3-1772982702,join-irs3-1772982702,43,operation_start,join_submit_done,2026-03-08T15:11:42.356091Z,2026-03-08T15:11:44.851196Z,/var/lib/docker/volumes,301473890dade69bfa0d19b444d1f0769b67a90d1197c166d84af2511e48f916,other,49770,49770,0
run_008,join,join_1772982702,join-irs3-1772982702,join-irs3-1772982702,43,operation_start,join_submit_done,2026-03-08T15:11:42.356091Z,2026-03-08T15:11:44.851196Z,/var/lib/docker/volumes,6b7bb91b53bcbfeb56b486bba478d97728a3c0004c18649976daaade961a2721,other,NA,NA,
run_008,join,join_1772982702,join-irs3-1772982702,join-irs3-1772982702,43,operation_start,join_submit_done,2026-03-08T15:11:42.356091Z,2026-03-08T15:11:44.851196Z,/var/lib/docker/volumes,791e62bfc17bf044236c3dcb5d77ec82610b27aa4d5f3c78aff2e2842f98f9ee,other,NA,NA,
run_008,join,join_1772982702,join-irs3-1772982702,join-irs3-1772982702,43,operation_start,join_submit_done,2026-03-08T15:11:42.356091Z,2026-03-08T15:11:44.851196Z,/var/lib/docker/volumes,86e46c7349c98bd170ab7467b42f5b1a8fcf1438535fca6ee74a0dcce3856102,other,NA,NA,
run_008,join,join_1772982702,join-irs3-1772982702,join-irs3-1772982702,43,operation_start,join_submit_done,2026-03-08T15:11:42.356091Z,2026-03-08T15:11:44.851196Z,/var/lib/docker/volumes,99ac8c723665556c954d288ca00335f1fae5493d384cb656ecf5a945cc9ae3b8,other,NA,NA,
run_008,join,join_1772982702,join-irs3-1772982702,join-irs3-1772982702,43,operation_start,join_submit_done,2026-03-08T15:11:42.356091Z,2026-03-08T15:11:44.851196Z,/var/lib/docker/volumes,ab96d922f06ec7a94f1b5200e75e480c9ed7eba86fbbe33b5cb9edbe031c6ea8,other,49770,49770,0
run_008,join,join_1772982702,join-irs3-1772982702,join-irs3-1772982702,43,operation_start,join_submit_done,2026-03-08T15:11:42.356091Z,2026-03-08T15:11:44.851196Z,/var/lib/docker/volumes,c58c4c31a22da439d2b7f591fd40cdcdd9bb8458f543e682f66d858083ef9ea8,other,NA,NA,
run_008,join,join_1772982702,join-irs3-1772982702,join-irs3-1772982702,43,operation_start,join_submit_done,2026-03-08T15:11:42.356091Z,2026-03-08T15:11:44.851196Z,/var/lib/docker/volumes,d9b7785a06954372515977133a1213437b80c5db1517196ca5e26134d3413ccf,other,NA,NA,
run_008,join,join_1772982702,join-irs3-1772982702,join-irs3-1772982702,43,operation_start,join_submit_done,2026-03-08T15:11:42.356091Z,2026-03-08T15:11:44.851196Z,/var/lib/docker/volumes,dfb0ca7b4b9cad4ec8515f6484cd89e2febfe10817782070636d5b3db6848438,other,NA,NA,
run_008,join,join_1772982702,join-irs3-1772982702,join-irs3-1772982702,43,operation_start,join_submit_done,2026-03-08T15:11:42.356091Z,2026-03-08T15:11:44.851196Z,/var/lib/docker/volumes,fabric_orderer.kit.edu,orderer,319795725,319805821,10096
run_008,join,join_1772982702,join-irs3-1772982702,join-irs3-1772982702,43,operation_start,join_submit_done,2026-03-08T15:11:42.356091Z,2026-03-08T15:11:44.851196Z,/var/lib/docker/volumes,fabric_peer0.irs1.kit.edu,other,5006,5006,0
run_008,join,join_1772982702,join-irs3-1772982702,join-irs3-1772982702,43,operation_start,join_submit_done,2026-03-08T15:11:42.356091Z,2026-03-08T15:11:44.851196Z,/var/lib/docker/volumes,fabric_peer0.irs3.kit.edu,peer,223568276,223580269,11993
run_008,join,join_1772982702,join-irs3-1772982702,join-irs3-1772982702,43,operation_start,join_submit_done,2026-03-08T15:11:42.356091Z,2026-03-08T15:11:44.851196Z,/var/lib/docker/volumes,fabric_peer1.irs3.kit.edu,other,223566849,223578842,11993
run_008,join,join_1772982702,join-irs3-1772982702,join-irs3-1772982702,43,operation_start,join_submit_done,2026-03-08T15:11:42.356091Z,2026-03-08T15:11:44.851196Z,/var/lib/docker/volumes,fabric_peer2.irs3.kit.edu,other,223568262,223580255,11993
run_008,join,join_1772982702,join-irs3-1772982702,join-irs3-1772982702,43,operation_start,join_submit_done,2026-03-08T15:11:42.356091Z,2026-03-08T15:11:44.851196Z,/var/lib/docker/volumes,fabric_peer3.irs3.kit.edu,other,223566832,223578825,11993
run_008,join,join_1772982702,join-irs3-1772982702,join-irs3-1772982702,43,join_submit_done,join_voted,2026-03-08T15:11:44.851196Z,2026-03-08T15:11:47.393583985Z,/var/lib/docker/volumes,07323924f55a40af409ae862fc14ab08f2d8c06ba282f174beb7e74ff5782926,other,NA,NA,
run_008,join,join_1772982702,join-irs3-1772982702,join-irs3-1772982702,43,join_submit_done,join_voted,2026-03-08T15:11:44.851196Z,2026-03-08T15:11:47.393583985Z,/var/lib/docker/volumes,301473890dade69bfa0d19b444d1f0769b67a90d1197c166d84af2511e48f916,other,49770,49770,0
run_008,join,join_1772982702,join-irs3-1772982702,join-irs3-1772982702,43,join_submit_done,join_voted,2026-03-08T15:11:44.851196Z,2026-03-08T15:11:47.393583985Z,/var/lib/docker/volumes,6b7bb91b53bcbfeb56b486bba478d97728a3c0004c18649976daaade961a2721,other,NA,NA,
run_008,join,join_1772982702,join-irs3-1772982702,join-irs3-1772982702,43,join_submit_done,join_voted,2026-03-08T15:11:44.851196Z,2026-03-08T15:11:47.393583985Z,/var/lib/docker/volumes,791e62bfc17bf044236c3dcb5d77ec82610b27aa4d5f3c78aff2e2842f98f9ee,other,NA,NA,
run_008,join,join_1772982702,join-irs3-1772982702,join-irs3-1772982702,43,join_submit_done,join_voted,2026-03-08T15:11:44.851196Z,2026-03-08T15:11:47.393583985Z,/var/lib/docker/volumes,86e46c7349c98bd170ab7467b42f5b1a8fcf1438535fca6ee74a0dcce3856102,other,NA,NA,
run_008,join,join_1772982702,join-irs3-1772982702,join-irs3-1772982702,43,join_submit_done,join_voted,2026-03-08T15:11:44.851196Z,2026-03-08T15:11:47.393583985Z,/var/lib/docker/volumes,99ac8c723665556c954d288ca00335f1fae5493d384cb656ecf5a945cc9ae3b8,other,NA,NA,
run_008,join,join_1772982702,join-irs3-1772982702,join-irs3-1772982702,43,join_submit_done,join_voted,2026-03-08T15:11:44.851196Z,2026-03-08T15:11:47.393583985Z,/var/lib/docker/volumes,ab96d922f06ec7a94f1b5200e75e480c9ed7eba86fbbe33b5cb9edbe031c6ea8,other,49770,49770,0
run_008,join,join_1772982702,join-irs3-1772982702,join-irs3-1772982702,43,join_submit_done,join_voted,2026-03-08T15:11:44.851196Z,2026-03-08T15:11:47.393583985Z,/var/lib/docker/volumes,c58c4c31a22da439d2b7f591fd40cdcdd9bb8458f543e682f66d858083ef9ea8,other,NA,NA,
run_008,join,join_1772982702,join-irs3-1772982702,join-irs3-1772982702,43,join_submit_done,join_voted,2026-03-08T15:11:44.851196Z,2026-03-08T15:11:47.393583985Z,/var/lib/docker/volumes,d9b7785a06954372515977133a1213437b80c5db1517196ca5e26134d3413ccf,other,NA,NA,
run_008,join,join_1772982702,join-irs3-1772982702,join-irs3-1772982702,43,join_submit_done,join_voted,2026-03-08T15:11:44.851196Z,2026-03-08T15:11:47.393583985Z,/var/lib/docker/volumes,dfb0ca7b4b9cad4ec8515f6484cd89e2febfe10817782070636d5b3db6848438,other,NA,NA,
run_008,join,join_1772982702,join-irs3-1772982702,join-irs3-1772982702,43,join_submit_done,join_voted,2026-03-08T15:11:44.851196Z,2026-03-08T15:11:47.393583985Z,/var/lib/docker/volumes,fabric_orderer.kit.edu,orderer,319805821,319941546,135725
run_008,join,join_1772982702,join-irs3-1772982702,join-irs3-1772982702,43,join_submit_done,join_voted,2026-03-08T15:11:44.851196Z,2026-03-08T15:11:47.393583985Z,/var/lib/docker/volumes,fabric_peer0.irs1.kit.edu,other,5006,5006,0
run_008,join,join_1772982702,join-irs3-1772982702,join-irs3-1772982702,43,join_submit_done,join_voted,2026-03-08T15:11:44.851196Z,2026-03-08T15:11:47.393583985Z,/var/lib/docker/volumes,fabric_peer0.irs3.kit.edu,peer,223580269,223723727,143458
run_008,join,join_1772982702,join-irs3-1772982702,join-irs3-1772982702,43,join_submit_done,join_voted,2026-03-08T15:11:44.851196Z,2026-03-08T15:11:47.393583985Z,/var/lib/docker/volumes,fabric_peer1.irs3.kit.edu,other,223578842,223722300,143458
run_008,join,join_1772982702,join-irs3-1772982702,join-irs3-1772982702,43,join_submit_done,join_voted,2026-03-08T15:11:44.851196Z,2026-03-08T15:11:47.393583985Z,/var/lib/docker/volumes,fabric_peer2.irs3.kit.edu,other,223580255,223723713,143458
run_008,join,join_1772982702,join-irs3-1772982702,join-irs3-1772982702,43,join_submit_done,join_voted,2026-03-08T15:11:44.851196Z,2026-03-08T15:11:47.393583985Z,/var/lib/docker/volumes,fabric_peer3.irs3.kit.edu,other,223578825,223722283,143458
run_008,join,join_1772982702,join-irs3-1772982702,join-irs3-1772982702,43,join_voted,join_approved,2026-03-08T15:11:47.393583985Z,2026-03-08T15:12:05.596112347Z,/var/lib/docker/volumes,07323924f55a40af409ae862fc14ab08f2d8c06ba282f174beb7e74ff5782926,other,NA,NA,
run_008,join,join_1772982702,join-irs3-1772982702,join-irs3-1772982702,43,join_voted,join_approved,2026-03-08T15:11:47.393583985Z,2026-03-08T15:12:05.596112347Z,/var/lib/docker/volumes,301473890dade69bfa0d19b444d1f0769b67a90d1197c166d84af2511e48f916,other,49770,49770,0
run_008,join,join_1772982702,join-irs3-1772982702,join-irs3-1772982702,43,join_voted,join_approved,2026-03-08T15:11:47.393583985Z,2026-03-08T15:12:05.596112347Z,/var/lib/docker/volumes,6b7bb91b53bcbfeb56b486bba478d97728a3c0004c18649976daaade961a2721,other,NA,NA,
run_008,join,join_1772982702,join-irs3-1772982702,join-irs3-1772982702,43,join_voted,join_approved,2026-03-08T15:11:47.393583985Z,2026-03-08T15:12:05.596112347Z,/var/lib/docker/volumes,791e62bfc17bf044236c3dcb5d77ec82610b27aa4d5f3c78aff2e2842f98f9ee,other,NA,NA,
run_008,join,join_1772982702,join-irs3-1772982702,join-irs3-1772982702,43,join_voted,join_approved,2026-03-08T15:11:47.393583985Z,2026-03-08T15:12:05.596112347Z,/var/lib/docker/volumes,86e46c7349c98bd170ab7467b42f5b1a8fcf1438535fca6ee74a0dcce3856102,other,NA,NA,
run_008,join,join_1772982702,join-irs3-1772982702,join-irs3-1772982702,43,join_voted,join_approved,2026-03-08T15:11:47.393583985Z,2026-03-08T15:12:05.596112347Z,/var/lib/docker/volumes,99ac8c723665556c954d288ca00335f1fae5493d384cb656ecf5a945cc9ae3b8,other,NA,NA,
run_008,join,join_1772982702,join-irs3-1772982702,join-irs3-1772982702,43,join_voted,join_approved,2026-03-08T15:11:47.393583985Z,2026-03-08T15:12:05.596112347Z,/var/lib/docker/volumes,ab96d922f06ec7a94f1b5200e75e480c9ed7eba86fbbe33b5cb9edbe031c6ea8,other,49770,49770,0
run_008,join,join_1772982702,join-irs3-1772982702,join-irs3-1772982702,43,join_voted,join_approved,2026-03-08T15:11:47.393583985Z,2026-03-08T15:12:05.596112347Z,/var/lib/docker/volumes,c58c4c31a22da439d2b7f591fd40cdcdd9bb8458f543e682f66d858083ef9ea8,other,NA,NA,
run_008,join,join_1772982702,join-irs3-1772982702,join-irs3-1772982702,43,join_voted,join_approved,2026-03-08T15:11:47.393583985Z,2026-03-08T15:12:05.596112347Z,/var/lib/docker/volumes,d9b7785a06954372515977133a1213437b80c5db1517196ca5e26134d3413ccf,other,NA,NA,
run_008,join,join_1772982702,join-irs3-1772982702,join-irs3-1772982702,43,join_voted,join_approved,2026-03-08T15:11:47.393583985Z,2026-03-08T15:12:05.596112347Z,/var/lib/docker/volumes,dfb0ca7b4b9cad4ec8515f6484cd89e2febfe10817782070636d5b3db6848438,other,NA,NA,
run_008,join,join_1772982702,join-irs3-1772982702,join-irs3-1772982702,43,join_voted,join_approved,2026-03-08T15:11:47.393583985Z,2026-03-08T15:12:05.596112347Z,/var/lib/docker/volumes,fabric_orderer.kit.edu,orderer,319941546,320622778,681232
run_008,join,join_1772982702,join-irs3-1772982702,join-irs3-1772982702,43,join_voted,join_approved,2026-03-08T15:11:47.393583985Z,2026-03-08T15:12:05.596112347Z,/var/lib/docker/volumes,fabric_peer0.irs1.kit.edu,other,5006,5006,0
run_008,join,join_1772982702,join-irs3-1772982702,join-irs3-1772982702,43,join_voted,join_approved,2026-03-08T15:11:47.393583985Z,2026-03-08T15:12:05.596112347Z,/var/lib/docker/volumes,fabric_peer0.irs3.kit.edu,peer,223723727,224455025,731298
run_008,join,join_1772982702,join-irs3-1772982702,join-irs3-1772982702,43,join_voted,join_approved,2026-03-08T15:11:47.393583985Z,2026-03-08T15:12:05.596112347Z,/var/lib/docker/volumes,fabric_peer1.irs3.kit.edu,other,223722300,224453598,731298
run_008,join,join_1772982702,join-irs3-1772982702,join-irs3-1772982702,43,join_voted,join_approved,2026-03-08T15:11:47.393583985Z,2026-03-08T15:12:05.596112347Z,/var/lib/docker/volumes,fabric_peer2.irs3.kit.edu,other,223723713,224455011,731298
run_008,join,join_1772982702,join-irs3-1772982702,join-irs3-1772982702,43,join_voted,join_approved,2026-03-08T15:11:47.393583985Z,2026-03-08T15:12:05.596112347Z,/var/lib/docker/volumes,fabric_peer3.irs3.kit.edu,other,223722283,224453581,731298
run_008,join,join_1772982702,join-irs3-1772982702,join-irs3-1772982702,43,join_approved,reshare_started,2026-03-08T15:12:05.596112347Z,2026-03-08T15:12:07.394246Z,/var/lib/docker/volumes,07323924f55a40af409ae862fc14ab08f2d8c06ba282f174beb7e74ff5782926,other,NA,NA,
run_008,join,join_1772982702,join-irs3-1772982702,join-irs3-1772982702,43,join_approved,reshare_started,2026-03-08T15:12:05.596112347Z,2026-03-08T15:12:07.394246Z,/var/lib/docker/volumes,301473890dade69bfa0d19b444d1f0769b67a90d1197c166d84af2511e48f916,other,49770,49770,0
run_008,join,join_1772982702,join-irs3-1772982702,join-irs3-1772982702,43,join_approved,reshare_started,2026-03-08T15:12:05.596112347Z,2026-03-08T15:12:07.394246Z,/var/lib/docker/volumes,6b7bb91b53bcbfeb56b486bba478d97728a3c0004c18649976daaade961a2721,other,NA,NA,
run_008,join,join_1772982702,join-irs3-1772982702,join-irs3-1772982702,43,join_approved,reshare_started,2026-03-08T15:12:05.596112347Z,2026-03-08T15:12:07.394246Z,/var/lib/docker/volumes,791e62bfc17bf044236c3dcb5d77ec82610b27aa4d5f3c78aff2e2842f98f9ee,other,NA,NA,
run_008,join,join_1772982702,join-irs3-1772982702,join-irs3-1772982702,43,join_approved,reshare_started,2026-03-08T15:12:05.596112347Z,2026-03-08T15:12:07.394246Z,/var/lib/docker/volumes,86e46c7349c98bd170ab7467b42f5b1a8fcf1438535fca6ee74a0dcce3856102,other,NA,NA,
run_008,join,join_1772982702,join-irs3-1772982702,join-irs3-1772982702,43,join_approved,reshare_started,2026-03-08T15:12:05.596112347Z,2026-03-08T15:12:07.394246Z,/var/lib/docker/volumes,99ac8c723665556c954d288ca00335f1fae5493d384cb656ecf5a945cc9ae3b8,other,NA,NA,
run_008,join,join_1772982702,join-irs3-1772982702,join-irs3-1772982702,43,join_approved,reshare_started,2026-03-08T15:12:05.596112347Z,2026-03-08T15:12:07.394246Z,/var/lib/docker/volumes,ab96d922f06ec7a94f1b5200e75e480c9ed7eba86fbbe33b5cb9edbe031c6ea8,other,49770,49770,0
run_008,join,join_1772982702,join-irs3-1772982702,join-irs3-1772982702,43,join_approved,reshare_started,2026-03-08T15:12:05.596112347Z,2026-03-08T15:12:07.394246Z,/var/lib/docker/volumes,c58c4c31a22da439d2b7f591fd40cdcdd9bb8458f543e682f66d858083ef9ea8,other,NA,NA,
run_008,join,join_1772982702,join-irs3-1772982702,join-irs3-1772982702,43,join_approved,reshare_started,2026-03-08T15:12:05.596112347Z,2026-03-08T15:12:07.394246Z,/var/lib/docker/volumes,d9b7785a06954372515977133a1213437b80c5db1517196ca5e26134d3413ccf,other,NA,NA,
run_008,join,join_1772982702,join-irs3-1772982702,join-irs3-1772982702,43,join_approved,reshare_started,2026-03-08T15:12:05.596112347Z,2026-03-08T15:12:07.394246Z,/var/lib/docker/volumes,dfb0ca7b4b9cad4ec8515f6484cd89e2febfe10817782070636d5b3db6848438,other,NA,NA,
run_008,join,join_1772982702,join-irs3-1772982702,join-irs3-1772982702,43,join_approved,reshare_started,2026-03-08T15:12:05.596112347Z,2026-03-08T15:12:07.394246Z,/var/lib/docker/volumes,fabric_orderer.kit.edu,orderer,320622778,320622778,0
run_008,join,join_1772982702,join-irs3-1772982702,join-irs3-1772982702,43,join_approved,reshare_started,2026-03-08T15:12:05.596112347Z,2026-03-08T15:12:07.394246Z,/var/lib/docker/volumes,fabric_peer0.irs1.kit.edu,other,5006,5006,0
run_008,join,join_1772982702,join-irs3-1772982702,join-irs3-1772982702,43,join_approved,reshare_started,2026-03-08T15:12:05.596112347Z,2026-03-08T15:12:07.394246Z,/var/lib/docker/volumes,fabric_peer0.irs3.kit.edu,peer,224455025,224455025,0
run_008,join,join_1772982702,join-irs3-1772982702,join-irs3-1772982702,43,join_approved,reshare_started,2026-03-08T15:12:05.596112347Z,2026-03-08T15:12:07.394246Z,/var/lib/docker/volumes,fabric_peer1.irs3.kit.edu,other,224453598,224453598,0
run_008,join,join_1772982702,join-irs3-1772982702,join-irs3-1772982702,43,join_approved,reshare_started,2026-03-08T15:12:05.596112347Z,2026-03-08T15:12:07.394246Z,/var/lib/docker/volumes,fabric_peer2.irs3.kit.edu,other,224455011,224455011,0
run_008,join,join_1772982702,join-irs3-1772982702,join-irs3-1772982702,43,join_approved,reshare_started,2026-03-08T15:12:05.596112347Z,2026-03-08T15:12:07.394246Z,/var/lib/docker/volumes,fabric_peer3.irs3.kit.edu,other,224453581,224453581,0
run_008,join,join_1772982702,join-irs3-1772982702,join-irs3-1772982702,43,reshare_started,reshare_completed,2026-03-08T15:12:07.394246Z,2026-03-08T15:16:00.797676268Z,/var/lib/docker/volumes,07323924f55a40af409ae862fc14ab08f2d8c06ba282f174beb7e74ff5782926,other,NA,NA,
run_008,join,join_1772982702,join-irs3-1772982702,join-irs3-1772982702,43,reshare_started,reshare_completed,2026-03-08T15:12:07.394246Z,2026-03-08T15:16:00.797676268Z,/var/lib/docker/volumes,301473890dade69bfa0d19b444d1f0769b67a90d1197c166d84af2511e48f916,other,49770,49770,0
run_008,join,join_1772982702,join-irs3-1772982702,join-irs3-1772982702,43,reshare_started,reshare_completed,2026-03-08T15:12:07.394246Z,2026-03-08T15:16:00.797676268Z,/var/lib/docker/volumes,6b7bb91b53bcbfeb56b486bba478d97728a3c0004c18649976daaade961a2721,other,NA,NA,
run_008,join,join_1772982702,join-irs3-1772982702,join-irs3-1772982702,43,reshare_started,reshare_completed,2026-03-08T15:12:07.394246Z,2026-03-08T15:16:00.797676268Z,/var/lib/docker/volumes,791e62bfc17bf044236c3dcb5d77ec82610b27aa4d5f3c78aff2e2842f98f9ee,other,NA,NA,
run_008,join,join_1772982702,join-irs3-1772982702,join-irs3-1772982702,43,reshare_started,reshare_completed,2026-03-08T15:12:07.394246Z,2026-03-08T15:16:00.797676268Z,/var/lib/docker/volumes,86e46c7349c98bd170ab7467b42f5b1a8fcf1438535fca6ee74a0dcce3856102,other,NA,NA,
run_008,join,join_1772982702,join-irs3-1772982702,join-irs3-1772982702,43,reshare_started,reshare_completed,2026-03-08T15:12:07.394246Z,2026-03-08T15:16:00.797676268Z,/var/lib/docker/volumes,99ac8c723665556c954d288ca00335f1fae5493d384cb656ecf5a945cc9ae3b8,other,NA,NA,
run_008,join,join_1772982702,join-irs3-1772982702,join-irs3-1772982702,43,reshare_started,reshare_completed,2026-03-08T15:12:07.394246Z,2026-03-08T15:16:00.797676268Z,/var/lib/docker/volumes,ab96d922f06ec7a94f1b5200e75e480c9ed7eba86fbbe33b5cb9edbe031c6ea8,other,49770,49770,0
run_008,join,join_1772982702,join-irs3-1772982702,join-irs3-1772982702,43,reshare_started,reshare_completed,2026-03-08T15:12:07.394246Z,2026-03-08T15:16:00.797676268Z,/var/lib/docker/volumes,c58c4c31a22da439d2b7f591fd40cdcdd9bb8458f543e682f66d858083ef9ea8,other,NA,NA,
run_008,join,join_1772982702,join-irs3-1772982702,join-irs3-1772982702,43,reshare_started,reshare_completed,2026-03-08T15:12:07.394246Z,2026-03-08T15:16:00.797676268Z,/var/lib/docker/volumes,d9b7785a06954372515977133a1213437b80c5db1517196ca5e26134d3413ccf,other,NA,NA,
run_008,join,join_1772982702,join-irs3-1772982702,join-irs3-1772982702,43,reshare_started,reshare_completed,2026-03-08T15:12:07.394246Z,2026-03-08T15:16:00.797676268Z,/var/lib/docker/volumes,dfb0ca7b4b9cad4ec8515f6484cd89e2febfe10817782070636d5b3db6848438,other,NA,NA,
run_008,join,join_1772982702,join-irs3-1772982702,join-irs3-1772982702,43,reshare_started,reshare_completed,2026-03-08T15:12:07.394246Z,2026-03-08T15:16:00.797676268Z,/var/lib/docker/volumes,fabric_orderer.kit.edu,orderer,320622778,322758812,2136034
run_008,join,join_1772982702,join-irs3-1772982702,join-irs3-1772982702,43,reshare_started,reshare_completed,2026-03-08T15:12:07.394246Z,2026-03-08T15:16:00.797676268Z,/var/lib/docker/volumes,fabric_peer0.irs1.kit.edu,other,5006,5006,0
run_008,join,join_1772982702,join-irs3-1772982702,join-irs3-1772982702,43,reshare_started,reshare_completed,2026-03-08T15:12:07.394246Z,2026-03-08T15:16:00.797676268Z,/var/lib/docker/volumes,fabric_peer0.irs3.kit.edu,peer,224455025,226647789,2192764
run_008,join,join_1772982702,join-irs3-1772982702,join-irs3-1772982702,43,reshare_started,reshare_completed,2026-03-08T15:12:07.394246Z,2026-03-08T15:16:00.797676268Z,/var/lib/docker/volumes,fabric_peer1.irs3.kit.edu,other,224453598,226646362,2192764
run_008,join,join_1772982702,join-irs3-1772982702,join-irs3-1772982702,43,reshare_started,reshare_completed,2026-03-08T15:12:07.394246Z,2026-03-08T15:16:00.797676268Z,/var/lib/docker/volumes,fabric_peer2.irs3.kit.edu,other,224455011,226647775,2192764
run_008,join,join_1772982702,join-irs3-1772982702,join-irs3-1772982702,43,reshare_started,reshare_completed,2026-03-08T15:12:07.394246Z,2026-03-08T15:16:00.797676268Z,/var/lib/docker/volumes,fabric_peer3.irs3.kit.edu,other,224453581,226646345,2192764
run_008,join,join_1772982702,join-irs3-1772982702,join-irs3-1772982702,43,reshare_completed,operation_end,2026-03-08T15:16:00.797676268Z,2026-03-08T15:17:25.702138Z,/var/lib/docker/volumes,07323924f55a40af409ae862fc14ab08f2d8c06ba282f174beb7e74ff5782926,other,NA,NA,
run_008,join,join_1772982702,join-irs3-1772982702,join-irs3-1772982702,43,reshare_completed,operation_end,2026-03-08T15:16:00.797676268Z,2026-03-08T15:17:25.702138Z,/var/lib/docker/volumes,301473890dade69bfa0d19b444d1f0769b67a90d1197c166d84af2511e48f916,other,49770,49770,0
run_008,join,join_1772982702,join-irs3-1772982702,join-irs3-1772982702,43,reshare_completed,operation_end,2026-03-08T15:16:00.797676268Z,2026-03-08T15:17:25.702138Z,/var/lib/docker/volumes,6b7bb91b53bcbfeb56b486bba478d97728a3c0004c18649976daaade961a2721,other,NA,NA,
run_008,join,join_1772982702,join-irs3-1772982702,join-irs3-1772982702,43,reshare_completed,operation_end,2026-03-08T15:16:00.797676268Z,2026-03-08T15:17:25.702138Z,/var/lib/docker/volumes,791e62bfc17bf044236c3dcb5d77ec82610b27aa4d5f3c78aff2e2842f98f9ee,other,NA,NA,
run_008,join,join_1772982702,join-irs3-1772982702,join-irs3-1772982702,43,reshare_completed,operation_end,2026-03-08T15:16:00.797676268Z,2026-03-08T15:17:25.702138Z,/var/lib/docker/volumes,86e46c7349c98bd170ab7467b42f5b1a8fcf1438535fca6ee74a0dcce3856102,other,NA,NA,
run_008,join,join_1772982702,join-irs3-1772982702,join-irs3-1772982702,43,reshare_completed,operation_end,2026-03-08T15:16:00.797676268Z,2026-03-08T15:17:25.702138Z,/var/lib/docker/volumes,99ac8c723665556c954d288ca00335f1fae5493d384cb656ecf5a945cc9ae3b8,other,NA,NA,
run_008,join,join_1772982702,join-irs3-1772982702,join-irs3-1772982702,43,reshare_completed,operation_end,2026-03-08T15:16:00.797676268Z,2026-03-08T15:17:25.702138Z,/var/lib/docker/volumes,ab96d922f06ec7a94f1b5200e75e480c9ed7eba86fbbe33b5cb9edbe031c6ea8,other,49770,49770,0
run_008,join,join_1772982702,join-irs3-1772982702,join-irs3-1772982702,43,reshare_completed,operation_end,2026-03-08T15:16:00.797676268Z,2026-03-08T15:17:25.702138Z,/var/lib/docker/volumes,c58c4c31a22da439d2b7f591fd40cdcdd9bb8458f543e682f66d858083ef9ea8,other,NA,NA,
run_008,join,join_1772982702,join-irs3-1772982702,join-irs3-1772982702,43,reshare_completed,operation_end,2026-03-08T15:16:00.797676268Z,2026-03-08T15:17:25.702138Z,/var/lib/docker/volumes,d9b7785a06954372515977133a1213437b80c5db1517196ca5e26134d3413ccf,other,NA,NA,
run_008,join,join_1772982702,join-irs3-1772982702,join-irs3-1772982702,43,reshare_completed,operation_end,2026-03-08T15:16:00.797676268Z,2026-03-08T15:17:25.702138Z,/var/lib/docker/volumes,dfb0ca7b4b9cad4ec8515f6484cd89e2febfe10817782070636d5b3db6848438,other,NA,NA,
run_008,join,join_1772982702,join-irs3-1772982702,join-irs3-1772982702,43,reshare_completed,operation_end,2026-03-08T15:16:00.797676268Z,2026-03-08T15:17:25.702138Z,/var/lib/docker/volumes,fabric_orderer.kit.edu,orderer,322758812,391585257,68826445
run_008,join,join_1772982702,join-irs3-1772982702,join-irs3-1772982702,43,reshare_completed,operation_end,2026-03-08T15:16:00.797676268Z,2026-03-08T15:17:25.702138Z,/var/lib/docker/volumes,fabric_peer0.irs1.kit.edu,other,5006,5006,0
run_008,join,join_1772982702,join-irs3-1772982702,join-irs3-1772982702,43,reshare_completed,operation_end,2026-03-08T15:16:00.797676268Z,2026-03-08T15:17:25.702138Z,/var/lib/docker/volumes,fabric_peer0.irs3.kit.edu,peer,226647789,228445968,1798179
run_008,join,join_1772982702,join-irs3-1772982702,join-irs3-1772982702,43,reshare_completed,operation_end,2026-03-08T15:16:00.797676268Z,2026-03-08T15:17:25.702138Z,/var/lib/docker/volumes,fabric_peer1.irs3.kit.edu,other,226646362,228444542,1798180
run_008,join,join_1772982702,join-irs3-1772982702,join-irs3-1772982702,43,reshare_completed,operation_end,2026-03-08T15:16:00.797676268Z,2026-03-08T15:17:25.702138Z,/var/lib/docker/volumes,fabric_peer2.irs3.kit.edu,other,226647775,228445954,1798179
run_008,join,join_1772982702,join-irs3-1772982702,join-irs3-1772982702,43,reshare_completed,operation_end,2026-03-08T15:16:00.797676268Z,2026-03-08T15:17:25.702138Z,/var/lib/docker/volumes,fabric_peer3.irs3.kit.edu,other,226646345,228444539,1798194
run_009,csr,csr_1772983054,csr-irs3-1772983054,csr-irs3-1772983054,,operation_start,csr_submit_done,2026-03-08T15:17:34.158112Z,2026-03-08T15:17:36.501946Z,/var/lib/docker/volumes,07323924f55a40af409ae862fc14ab08f2d8c06ba282f174beb7e74ff5782926,other,NA,NA,
run_009,csr,csr_1772983054,csr-irs3-1772983054,csr-irs3-1772983054,,operation_start,csr_submit_done,2026-03-08T15:17:34.158112Z,2026-03-08T15:17:36.501946Z,/var/lib/docker/volumes,301473890dade69bfa0d19b444d1f0769b67a90d1197c166d84af2511e48f916,other,49770,49770,0
run_009,csr,csr_1772983054,csr-irs3-1772983054,csr-irs3-1772983054,,operation_start,csr_submit_done,2026-03-08T15:17:34.158112Z,2026-03-08T15:17:36.501946Z,/var/lib/docker/volumes,6b7bb91b53bcbfeb56b486bba478d97728a3c0004c18649976daaade961a2721,other,NA,NA,
run_009,csr,csr_1772983054,csr-irs3-1772983054,csr-irs3-1772983054,,operation_start,csr_submit_done,2026-03-08T15:17:34.158112Z,2026-03-08T15:17:36.501946Z,/var/lib/docker/volumes,791e62bfc17bf044236c3dcb5d77ec82610b27aa4d5f3c78aff2e2842f98f9ee,other,NA,NA,
run_009,csr,csr_1772983054,csr-irs3-1772983054,csr-irs3-1772983054,,operation_start,csr_submit_done,2026-03-08T15:17:34.158112Z,2026-03-08T15:17:36.501946Z,/var/lib/docker/volumes,86e46c7349c98bd170ab7467b42f5b1a8fcf1438535fca6ee74a0dcce3856102,other,NA,NA,
run_009,csr,csr_1772983054,csr-irs3-1772983054,csr-irs3-1772983054,,operation_start,csr_submit_done,2026-03-08T15:17:34.158112Z,2026-03-08T15:17:36.501946Z,/var/lib/docker/volumes,99ac8c723665556c954d288ca00335f1fae5493d384cb656ecf5a945cc9ae3b8,other,NA,NA,
run_009,csr,csr_1772983054,csr-irs3-1772983054,csr-irs3-1772983054,,operation_start,csr_submit_done,2026-03-08T15:17:34.158112Z,2026-03-08T15:17:36.501946Z,/var/lib/docker/volumes,ab96d922f06ec7a94f1b5200e75e480c9ed7eba86fbbe33b5cb9edbe031c6ea8,other,49770,49770,0
run_009,csr,csr_1772983054,csr-irs3-1772983054,csr-irs3-1772983054,,operation_start,csr_submit_done,2026-03-08T15:17:34.158112Z,2026-03-08T15:17:36.501946Z,/var/lib/docker/volumes,c58c4c31a22da439d2b7f591fd40cdcdd9bb8458f543e682f66d858083ef9ea8,other,NA,NA,
run_009,csr,csr_1772983054,csr-irs3-1772983054,csr-irs3-1772983054,,operation_start,csr_submit_done,2026-03-08T15:17:34.158112Z,2026-03-08T15:17:36.501946Z,/var/lib/docker/volumes,d9b7785a06954372515977133a1213437b80c5db1517196ca5e26134d3413ccf,other,NA,NA,
run_009,csr,csr_1772983054,csr-irs3-1772983054,csr-irs3-1772983054,,operation_start,csr_submit_done,2026-03-08T15:17:34.158112Z,2026-03-08T15:17:36.501946Z,/var/lib/docker/volumes,dfb0ca7b4b9cad4ec8515f6484cd89e2febfe10817782070636d5b3db6848438,other,NA,NA,
run_009,csr,csr_1772983054,csr-irs3-1772983054,csr-irs3-1772983054,,operation_start,csr_submit_done,2026-03-08T15:17:34.158112Z,2026-03-08T15:17:36.501946Z,/var/lib/docker/volumes,fabric_orderer.kit.edu,orderer,391585257,391593821,8564
run_009,csr,csr_1772983054,csr-irs3-1772983054,csr-irs3-1772983054,,operation_start,csr_submit_done,2026-03-08T15:17:34.158112Z,2026-03-08T15:17:36.501946Z,/var/lib/docker/volumes,fabric_peer0.irs1.kit.edu,other,5006,5006,0
run_009,csr,csr_1772983054,csr-irs3-1772983054,csr-irs3-1772983054,,operation_start,csr_submit_done,2026-03-08T15:17:34.158112Z,2026-03-08T15:17:36.501946Z,/var/lib/docker/volumes,fabric_peer0.irs3.kit.edu,peer,228445968,228456682,10714
run_009,csr,csr_1772983054,csr-irs3-1772983054,csr-irs3-1772983054,,operation_start,csr_submit_done,2026-03-08T15:17:34.158112Z,2026-03-08T15:17:36.501946Z,/var/lib/docker/volumes,fabric_peer1.irs3.kit.edu,other,228444542,228455256,10714
run_009,csr,csr_1772983054,csr-irs3-1772983054,csr-irs3-1772983054,,operation_start,csr_submit_done,2026-03-08T15:17:34.158112Z,2026-03-08T15:17:36.501946Z,/var/lib/docker/volumes,fabric_peer2.irs3.kit.edu,other,228445954,228456668,10714
run_009,csr,csr_1772983054,csr-irs3-1772983054,csr-irs3-1772983054,,operation_start,csr_submit_done,2026-03-08T15:17:34.158112Z,2026-03-08T15:17:36.501946Z,/var/lib/docker/volumes,fabric_peer3.irs3.kit.edu,other,228444539,228455253,10714
run_009,csr,csr_1772983054,csr-irs3-1772983054,csr-irs3-1772983054,,csr_submit_done,csr_voted,2026-03-08T15:17:36.501946Z,2026-03-08T15:17:39.139422924Z,/var/lib/docker/volumes,07323924f55a40af409ae862fc14ab08f2d8c06ba282f174beb7e74ff5782926,other,NA,NA,
run_009,csr,csr_1772983054,csr-irs3-1772983054,csr-irs3-1772983054,,csr_submit_done,csr_voted,2026-03-08T15:17:36.501946Z,2026-03-08T15:17:39.139422924Z,/var/lib/docker/volumes,301473890dade69bfa0d19b444d1f0769b67a90d1197c166d84af2511e48f916,other,49770,49770,0
run_009,csr,csr_1772983054,csr-irs3-1772983054,csr-irs3-1772983054,,csr_submit_done,csr_voted,2026-03-08T15:17:36.501946Z,2026-03-08T15:17:39.139422924Z,/var/lib/docker/volumes,6b7bb91b53bcbfeb56b486bba478d97728a3c0004c18649976daaade961a2721,other,NA,NA,
run_009,csr,csr_1772983054,csr-irs3-1772983054,csr-irs3-1772983054,,csr_submit_done,csr_voted,2026-03-08T15:17:36.501946Z,2026-03-08T15:17:39.139422924Z,/var/lib/docker/volumes,791e62bfc17bf044236c3dcb5d77ec82610b27aa4d5f3c78aff2e2842f98f9ee,other,NA,NA,
run_009,csr,csr_1772983054,csr-irs3-1772983054,csr-irs3-1772983054,,csr_submit_done,csr_voted,2026-03-08T15:17:36.501946Z,2026-03-08T15:17:39.139422924Z,/var/lib/docker/volumes,86e46c7349c98bd170ab7467b42f5b1a8fcf1438535fca6ee74a0dcce3856102,other,NA,NA,
run_009,csr,csr_1772983054,csr-irs3-1772983054,csr-irs3-1772983054,,csr_submit_done,csr_voted,2026-03-08T15:17:36.501946Z,2026-03-08T15:17:39.139422924Z,/var/lib/docker/volumes,99ac8c723665556c954d288ca00335f1fae5493d384cb656ecf5a945cc9ae3b8,other,NA,NA,
run_009,csr,csr_1772983054,csr-irs3-1772983054,csr-irs3-1772983054,,csr_submit_done,csr_voted,2026-03-08T15:17:36.501946Z,2026-03-08T15:17:39.139422924Z,/var/lib/docker/volumes,ab96d922f06ec7a94f1b5200e75e480c9ed7eba86fbbe33b5cb9edbe031c6ea8,other,49770,49770,0
run_009,csr,csr_1772983054,csr-irs3-1772983054,csr-irs3-1772983054,,csr_submit_done,csr_voted,2026-03-08T15:17:36.501946Z,2026-03-08T15:17:39.139422924Z,/var/lib/docker/volumes,c58c4c31a22da439d2b7f591fd40cdcdd9bb8458f543e682f66d858083ef9ea8,other,NA,NA,
run_009,csr,csr_1772983054,csr-irs3-1772983054,csr-irs3-1772983054,,csr_submit_done,csr_voted,2026-03-08T15:17:36.501946Z,2026-03-08T15:17:39.139422924Z,/var/lib/docker/volumes,d9b7785a06954372515977133a1213437b80c5db1517196ca5e26134d3413ccf,other,NA,NA,
run_009,csr,csr_1772983054,csr-irs3-1772983054,csr-irs3-1772983054,,csr_submit_done,csr_voted,2026-03-08T15:17:36.501946Z,2026-03-08T15:17:39.139422924Z,/var/lib/docker/volumes,dfb0ca7b4b9cad4ec8515f6484cd89e2febfe10817782070636d5b3db6848438,other,NA,NA,
run_009,csr,csr_1772983054,csr-irs3-1772983054,csr-irs3-1772983054,,csr_submit_done,csr_voted,2026-03-08T15:17:36.501946Z,2026-03-08T15:17:39.139422924Z,/var/lib/docker/volumes,fabric_orderer.kit.edu,orderer,391593821,391657129,63308
run_009,csr,csr_1772983054,csr-irs3-1772983054,csr-irs3-1772983054,,csr_submit_done,csr_voted,2026-03-08T15:17:36.501946Z,2026-03-08T15:17:39.139422924Z,/var/lib/docker/volumes,fabric_peer0.irs1.kit.edu,other,5006,5006,0
run_009,csr,csr_1772983054,csr-irs3-1772983054,csr-irs3-1772983054,,csr_submit_done,csr_voted,2026-03-08T15:17:36.501946Z,2026-03-08T15:17:39.139422924Z,/var/lib/docker/volumes,fabric_peer0.irs3.kit.edu,peer,228456682,228523984,67302
run_009,csr,csr_1772983054,csr-irs3-1772983054,csr-irs3-1772983054,,csr_submit_done,csr_voted,2026-03-08T15:17:36.501946Z,2026-03-08T15:17:39.139422924Z,/var/lib/docker/volumes,fabric_peer1.irs3.kit.edu,other,228455256,228522558,67302
run_009,csr,csr_1772983054,csr-irs3-1772983054,csr-irs3-1772983054,,csr_submit_done,csr_voted,2026-03-08T15:17:36.501946Z,2026-03-08T15:17:39.139422924Z,/var/lib/docker/volumes,fabric_peer2.irs3.kit.edu,other,228456668,228523970,67302
run_009,csr,csr_1772983054,csr-irs3-1772983054,csr-irs3-1772983054,,csr_submit_done,csr_voted,2026-03-08T15:17:36.501946Z,2026-03-08T15:17:39.139422924Z,/var/lib/docker/volumes,fabric_peer3.irs3.kit.edu,other,228455253,228522555,67302
run_009,csr,csr_1772983054,csr-irs3-1772983054,csr-irs3-1772983054,,csr_voted,csr_approved,2026-03-08T15:17:39.139422924Z,2026-03-08T15:17:54.879440729Z,/var/lib/docker/volumes,07323924f55a40af409ae862fc14ab08f2d8c06ba282f174beb7e74ff5782926,other,NA,NA,
run_009,csr,csr_1772983054,csr-irs3-1772983054,csr-irs3-1772983054,,csr_voted,csr_approved,2026-03-08T15:17:39.139422924Z,2026-03-08T15:17:54.879440729Z,/var/lib/docker/volumes,301473890dade69bfa0d19b444d1f0769b67a90d1197c166d84af2511e48f916,other,49770,49770,0
run_009,csr,csr_1772983054,csr-irs3-1772983054,csr-irs3-1772983054,,csr_voted,csr_approved,2026-03-08T15:17:39.139422924Z,2026-03-08T15:17:54.879440729Z,/var/lib/docker/volumes,6b7bb91b53bcbfeb56b486bba478d97728a3c0004c18649976daaade961a2721,other,NA,NA,
run_009,csr,csr_1772983054,csr-irs3-1772983054,csr-irs3-1772983054,,csr_voted,csr_approved,2026-03-08T15:17:39.139422924Z,2026-03-08T15:17:54.879440729Z,/var/lib/docker/volumes,791e62bfc17bf044236c3dcb5d77ec82610b27aa4d5f3c78aff2e2842f98f9ee,other,NA,NA,
run_009,csr,csr_1772983054,csr-irs3-1772983054,csr-irs3-1772983054,,csr_voted,csr_approved,2026-03-08T15:17:39.139422924Z,2026-03-08T15:17:54.879440729Z,/var/lib/docker/volumes,86e46c7349c98bd170ab7467b42f5b1a8fcf1438535fca6ee74a0dcce3856102,other,NA,NA,
run_009,csr,csr_1772983054,csr-irs3-1772983054,csr-irs3-1772983054,,csr_voted,csr_approved,2026-03-08T15:17:39.139422924Z,2026-03-08T15:17:54.879440729Z,/var/lib/docker/volumes,99ac8c723665556c954d288ca00335f1fae5493d384cb656ecf5a945cc9ae3b8,other,NA,NA,
run_009,csr,csr_1772983054,csr-irs3-1772983054,csr-irs3-1772983054,,csr_voted,csr_approved,2026-03-08T15:17:39.139422924Z,2026-03-08T15:17:54.879440729Z,/var/lib/docker/volumes,ab96d922f06ec7a94f1b5200e75e480c9ed7eba86fbbe33b5cb9edbe031c6ea8,other,49770,49770,0
run_009,csr,csr_1772983054,csr-irs3-1772983054,csr-irs3-1772983054,,csr_voted,csr_approved,2026-03-08T15:17:39.139422924Z,2026-03-08T15:17:54.879440729Z,/var/lib/docker/volumes,c58c4c31a22da439d2b7f591fd40cdcdd9bb8458f543e682f66d858083ef9ea8,other,NA,NA,
run_009,csr,csr_1772983054,csr-irs3-1772983054,csr-irs3-1772983054,,csr_voted,csr_approved,2026-03-08T15:17:39.139422924Z,2026-03-08T15:17:54.879440729Z,/var/lib/docker/volumes,d9b7785a06954372515977133a1213437b80c5db1517196ca5e26134d3413ccf,other,NA,NA,
run_009,csr,csr_1772983054,csr-irs3-1772983054,csr-irs3-1772983054,,csr_voted,csr_approved,2026-03-08T15:17:39.139422924Z,2026-03-08T15:17:54.879440729Z,/var/lib/docker/volumes,dfb0ca7b4b9cad4ec8515f6484cd89e2febfe10817782070636d5b3db6848438,other,NA,NA,
run_009,csr,csr_1772983054,csr-irs3-1772983054,csr-irs3-1772983054,,csr_voted,csr_approved,2026-03-08T15:17:39.139422924Z,2026-03-08T15:17:54.879440729Z,/var/lib/docker/volumes,fabric_orderer.kit.edu,orderer,391657129,392309025,651896
run_009,csr,csr_1772983054,csr-irs3-1772983054,csr-irs3-1772983054,,csr_voted,csr_approved,2026-03-08T15:17:39.139422924Z,2026-03-08T15:17:54.879440729Z,/var/lib/docker/volumes,fabric_peer0.irs1.kit.edu,other,5006,5006,0
run_009,csr,csr_1772983054,csr-irs3-1772983054,csr-irs3-1772983054,,csr_voted,csr_approved,2026-03-08T15:17:39.139422924Z,2026-03-08T15:17:54.879440729Z,/var/lib/docker/volumes,fabric_peer0.irs3.kit.edu,peer,228523984,229220633,696649
run_009,csr,csr_1772983054,csr-irs3-1772983054,csr-irs3-1772983054,,csr_voted,csr_approved,2026-03-08T15:17:39.139422924Z,2026-03-08T15:17:54.879440729Z,/var/lib/docker/volumes,fabric_peer1.irs3.kit.edu,other,228522558,229219207,696649
run_009,csr,csr_1772983054,csr-irs3-1772983054,csr-irs3-1772983054,,csr_voted,csr_approved,2026-03-08T15:17:39.139422924Z,2026-03-08T15:17:54.879440729Z,/var/lib/docker/volumes,fabric_peer2.irs3.kit.edu,other,228523970,229220619,696649
run_009,csr,csr_1772983054,csr-irs3-1772983054,csr-irs3-1772983054,,csr_voted,csr_approved,2026-03-08T15:17:39.139422924Z,2026-03-08T15:17:54.879440729Z,/var/lib/docker/volumes,fabric_peer3.irs3.kit.edu,other,228522555,229219204,696649
run_009,csr,csr_1772983054,csr-irs3-1772983054,csr-irs3-1772983054,,csr_approved,cert_registered,2026-03-08T15:17:54.879440729Z,2026-03-08T15:19:25.379331342Z,/var/lib/docker/volumes,07323924f55a40af409ae862fc14ab08f2d8c06ba282f174beb7e74ff5782926,other,NA,NA,
run_009,csr,csr_1772983054,csr-irs3-1772983054,csr-irs3-1772983054,,csr_approved,cert_registered,2026-03-08T15:17:54.879440729Z,2026-03-08T15:19:25.379331342Z,/var/lib/docker/volumes,301473890dade69bfa0d19b444d1f0769b67a90d1197c166d84af2511e48f916,other,49770,49770,0
run_009,csr,csr_1772983054,csr-irs3-1772983054,csr-irs3-1772983054,,csr_approved,cert_registered,2026-03-08T15:17:54.879440729Z,2026-03-08T15:19:25.379331342Z,/var/lib/docker/volumes,6b7bb91b53bcbfeb56b486bba478d97728a3c0004c18649976daaade961a2721,other,NA,NA,
run_009,csr,csr_1772983054,csr-irs3-1772983054,csr-irs3-1772983054,,csr_approved,cert_registered,2026-03-08T15:17:54.879440729Z,2026-03-08T15:19:25.379331342Z,/var/lib/docker/volumes,791e62bfc17bf044236c3dcb5d77ec82610b27aa4d5f3c78aff2e2842f98f9ee,other,NA,NA,
run_009,csr,csr_1772983054,csr-irs3-1772983054,csr-irs3-1772983054,,csr_approved,cert_registered,2026-03-08T15:17:54.879440729Z,2026-03-08T15:19:25.379331342Z,/var/lib/docker/volumes,86e46c7349c98bd170ab7467b42f5b1a8fcf1438535fca6ee74a0dcce3856102,other,NA,NA,
run_009,csr,csr_1772983054,csr-irs3-1772983054,csr-irs3-1772983054,,csr_approved,cert_registered,2026-03-08T15:17:54.879440729Z,2026-03-08T15:19:25.379331342Z,/var/lib/docker/volumes,99ac8c723665556c954d288ca00335f1fae5493d384cb656ecf5a945cc9ae3b8,other,NA,NA,
run_009,csr,csr_1772983054,csr-irs3-1772983054,csr-irs3-1772983054,,csr_approved,cert_registered,2026-03-08T15:17:54.879440729Z,2026-03-08T15:19:25.379331342Z,/var/lib/docker/volumes,ab96d922f06ec7a94f1b5200e75e480c9ed7eba86fbbe33b5cb9edbe031c6ea8,other,49770,49770,0
run_009,csr,csr_1772983054,csr-irs3-1772983054,csr-irs3-1772983054,,csr_approved,cert_registered,2026-03-08T15:17:54.879440729Z,2026-03-08T15:19:25.379331342Z,/var/lib/docker/volumes,c58c4c31a22da439d2b7f591fd40cdcdd9bb8458f543e682f66d858083ef9ea8,other,NA,NA,
run_009,csr,csr_1772983054,csr-irs3-1772983054,csr-irs3-1772983054,,csr_approved,cert_registered,2026-03-08T15:17:54.879440729Z,2026-03-08T15:19:25.379331342Z,/var/lib/docker/volumes,d9b7785a06954372515977133a1213437b80c5db1517196ca5e26134d3413ccf,other,NA,NA,
run_009,csr,csr_1772983054,csr-irs3-1772983054,csr-irs3-1772983054,,csr_approved,cert_registered,2026-03-08T15:17:54.879440729Z,2026-03-08T15:19:25.379331342Z,/var/lib/docker/volumes,dfb0ca7b4b9cad4ec8515f6484cd89e2febfe10817782070636d5b3db6848438,other,NA,NA,
run_009,csr,csr_1772983054,csr-irs3-1772983054,csr-irs3-1772983054,,csr_approved,cert_registered,2026-03-08T15:17:54.879440729Z,2026-03-08T15:19:25.379331342Z,/var/lib/docker/volumes,fabric_orderer.kit.edu,orderer,392309025,393483480,1174455
run_009,csr,csr_1772983054,csr-irs3-1772983054,csr-irs3-1772983054,,csr_approved,cert_registered,2026-03-08T15:17:54.879440729Z,2026-03-08T15:19:25.379331342Z,/var/lib/docker/volumes,fabric_peer0.irs1.kit.edu,other,5006,5006,0
run_009,csr,csr_1772983054,csr-irs3-1772983054,csr-irs3-1772983054,,csr_approved,cert_registered,2026-03-08T15:17:54.879440729Z,2026-03-08T15:19:25.379331342Z,/var/lib/docker/volumes,fabric_peer0.irs3.kit.edu,peer,229220633,229973395,752762
run_009,csr,csr_1772983054,csr-irs3-1772983054,csr-irs3-1772983054,,csr_approved,cert_registered,2026-03-08T15:17:54.879440729Z,2026-03-08T15:19:25.379331342Z,/var/lib/docker/volumes,fabric_peer1.irs3.kit.edu,other,229219207,230508421,1289214
run_009,csr,csr_1772983054,csr-irs3-1772983054,csr-irs3-1772983054,,csr_approved,cert_registered,2026-03-08T15:17:54.879440729Z,2026-03-08T15:19:25.379331342Z,/var/lib/docker/volumes,fabric_peer2.irs3.kit.edu,other,229220619,230509833,1289214
run_009,csr,csr_1772983054,csr-irs3-1772983054,csr-irs3-1772983054,,csr_approved,cert_registered,2026-03-08T15:17:54.879440729Z,2026-03-08T15:19:25.379331342Z,/var/lib/docker/volumes,fabric_peer3.irs3.kit.edu,other,229219204,230508418,1289214
run_009,csr,csr_1772983054,csr-irs3-1772983054,csr-irs3-1772983054,,cert_registered,operation_end,2026-03-08T15:19:25.379331342Z,2026-03-08T15:19:26.011933Z,/var/lib/docker/volumes,07323924f55a40af409ae862fc14ab08f2d8c06ba282f174beb7e74ff5782926,other,NA,NA,
run_009,csr,csr_1772983054,csr-irs3-1772983054,csr-irs3-1772983054,,cert_registered,operation_end,2026-03-08T15:19:25.379331342Z,2026-03-08T15:19:26.011933Z,/var/lib/docker/volumes,301473890dade69bfa0d19b444d1f0769b67a90d1197c166d84af2511e48f916,other,49770,49770,0
run_009,csr,csr_1772983054,csr-irs3-1772983054,csr-irs3-1772983054,,cert_registered,operation_end,2026-03-08T15:19:25.379331342Z,2026-03-08T15:19:26.011933Z,/var/lib/docker/volumes,6b7bb91b53bcbfeb56b486bba478d97728a3c0004c18649976daaade961a2721,other,NA,NA,
run_009,csr,csr_1772983054,csr-irs3-1772983054,csr-irs3-1772983054,,cert_registered,operation_end,2026-03-08T15:19:25.379331342Z,2026-03-08T15:19:26.011933Z,/var/lib/docker/volumes,791e62bfc17bf044236c3dcb5d77ec82610b27aa4d5f3c78aff2e2842f98f9ee,other,NA,NA,
run_009,csr,csr_1772983054,csr-irs3-1772983054,csr-irs3-1772983054,,cert_registered,operation_end,2026-03-08T15:19:25.379331342Z,2026-03-08T15:19:26.011933Z,/var/lib/docker/volumes,86e46c7349c98bd170ab7467b42f5b1a8fcf1438535fca6ee74a0dcce3856102,other,NA,NA,
run_009,csr,csr_1772983054,csr-irs3-1772983054,csr-irs3-1772983054,,cert_registered,operation_end,2026-03-08T15:19:25.379331342Z,2026-03-08T15:19:26.011933Z,/var/lib/docker/volumes,99ac8c723665556c954d288ca00335f1fae5493d384cb656ecf5a945cc9ae3b8,other,NA,NA,
run_009,csr,csr_1772983054,csr-irs3-1772983054,csr-irs3-1772983054,,cert_registered,operation_end,2026-03-08T15:19:25.379331342Z,2026-03-08T15:19:26.011933Z,/var/lib/docker/volumes,ab96d922f06ec7a94f1b5200e75e480c9ed7eba86fbbe33b5cb9edbe031c6ea8,other,49770,49770,0
run_009,csr,csr_1772983054,csr-irs3-1772983054,csr-irs3-1772983054,,cert_registered,operation_end,2026-03-08T15:19:25.379331342Z,2026-03-08T15:19:26.011933Z,/var/lib/docker/volumes,c58c4c31a22da439d2b7f591fd40cdcdd9bb8458f543e682f66d858083ef9ea8,other,NA,NA,
run_009,csr,csr_1772983054,csr-irs3-1772983054,csr-irs3-1772983054,,cert_registered,operation_end,2026-03-08T15:19:25.379331342Z,2026-03-08T15:19:26.011933Z,/var/lib/docker/volumes,d9b7785a06954372515977133a1213437b80c5db1517196ca5e26134d3413ccf,other,NA,NA,
run_009,csr,csr_1772983054,csr-irs3-1772983054,csr-irs3-1772983054,,cert_registered,operation_end,2026-03-08T15:19:25.379331342Z,2026-03-08T15:19:26.011933Z,/var/lib/docker/volumes,dfb0ca7b4b9cad4ec8515f6484cd89e2febfe10817782070636d5b3db6848438,other,NA,NA,
run_009,csr,csr_1772983054,csr-irs3-1772983054,csr-irs3-1772983054,,cert_registered,operation_end,2026-03-08T15:19:25.379331342Z,2026-03-08T15:19:26.011933Z,/var/lib/docker/volumes,fabric_orderer.kit.edu,orderer,393483480,393483480,0
run_009,csr,csr_1772983054,csr-irs3-1772983054,csr-irs3-1772983054,,cert_registered,operation_end,2026-03-08T15:19:25.379331342Z,2026-03-08T15:19:26.011933Z,/var/lib/docker/volumes,fabric_peer0.irs1.kit.edu,other,5006,5006,0
run_009,csr,csr_1772983054,csr-irs3-1772983054,csr-irs3-1772983054,,cert_registered,operation_end,2026-03-08T15:19:25.379331342Z,2026-03-08T15:19:26.011933Z,/var/lib/docker/volumes,fabric_peer0.irs3.kit.edu,peer,229973395,229973395,0
run_009,csr,csr_1772983054,csr-irs3-1772983054,csr-irs3-1772983054,,cert_registered,operation_end,2026-03-08T15:19:25.379331342Z,2026-03-08T15:19:26.011933Z,/var/lib/docker/volumes,fabric_peer1.irs3.kit.edu,other,230508421,230508421,0
run_009,csr,csr_1772983054,csr-irs3-1772983054,csr-irs3-1772983054,,cert_registered,operation_end,2026-03-08T15:19:25.379331342Z,2026-03-08T15:19:26.011933Z,/var/lib/docker/volumes,fabric_peer2.irs3.kit.edu,other,230509833,230509833,0
run_009,csr,csr_1772983054,csr-irs3-1772983054,csr-irs3-1772983054,,cert_registered,operation_end,2026-03-08T15:19:25.379331342Z,2026-03-08T15:19:26.011933Z,/var/lib/docker/volumes,fabric_peer3.irs3.kit.edu,other,230508418,230508418,0
run_009,revocation,revocation_1772983186,revoke-irs3-1772983187,revoke-irs3-1772983187,,operation_start,revocation_submit_done,2026-03-08T15:19:46.949911Z,2026-03-08T15:19:49.314789Z,/var/lib/docker/volumes,07323924f55a40af409ae862fc14ab08f2d8c06ba282f174beb7e74ff5782926,other,NA,NA,
run_009,revocation,revocation_1772983186,revoke-irs3-1772983187,revoke-irs3-1772983187,,operation_start,revocation_submit_done,2026-03-08T15:19:46.949911Z,2026-03-08T15:19:49.314789Z,/var/lib/docker/volumes,301473890dade69bfa0d19b444d1f0769b67a90d1197c166d84af2511e48f916,other,49770,49770,0
run_009,revocation,revocation_1772983186,revoke-irs3-1772983187,revoke-irs3-1772983187,,operation_start,revocation_submit_done,2026-03-08T15:19:46.949911Z,2026-03-08T15:19:49.314789Z,/var/lib/docker/volumes,6b7bb91b53bcbfeb56b486bba478d97728a3c0004c18649976daaade961a2721,other,NA,NA,
run_009,revocation,revocation_1772983186,revoke-irs3-1772983187,revoke-irs3-1772983187,,operation_start,revocation_submit_done,2026-03-08T15:19:46.949911Z,2026-03-08T15:19:49.314789Z,/var/lib/docker/volumes,791e62bfc17bf044236c3dcb5d77ec82610b27aa4d5f3c78aff2e2842f98f9ee,other,NA,NA,
run_009,revocation,revocation_1772983186,revoke-irs3-1772983187,revoke-irs3-1772983187,,operation_start,revocation_submit_done,2026-03-08T15:19:46.949911Z,2026-03-08T15:19:49.314789Z,/var/lib/docker/volumes,86e46c7349c98bd170ab7467b42f5b1a8fcf1438535fca6ee74a0dcce3856102,other,NA,NA,
run_009,revocation,revocation_1772983186,revoke-irs3-1772983187,revoke-irs3-1772983187,,operation_start,revocation_submit_done,2026-03-08T15:19:46.949911Z,2026-03-08T15:19:49.314789Z,/var/lib/docker/volumes,99ac8c723665556c954d288ca00335f1fae5493d384cb656ecf5a945cc9ae3b8,other,NA,NA,
run_009,revocation,revocation_1772983186,revoke-irs3-1772983187,revoke-irs3-1772983187,,operation_start,revocation_submit_done,2026-03-08T15:19:46.949911Z,2026-03-08T15:19:49.314789Z,/var/lib/docker/volumes,ab96d922f06ec7a94f1b5200e75e480c9ed7eba86fbbe33b5cb9edbe031c6ea8,other,49770,49770,0
run_009,revocation,revocation_1772983186,revoke-irs3-1772983187,revoke-irs3-1772983187,,operation_start,revocation_submit_done,2026-03-08T15:19:46.949911Z,2026-03-08T15:19:49.314789Z,/var/lib/docker/volumes,c58c4c31a22da439d2b7f591fd40cdcdd9bb8458f543e682f66d858083ef9ea8,other,NA,NA,
run_009,revocation,revocation_1772983186,revoke-irs3-1772983187,revoke-irs3-1772983187,,operation_start,revocation_submit_done,2026-03-08T15:19:46.949911Z,2026-03-08T15:19:49.314789Z,/var/lib/docker/volumes,d9b7785a06954372515977133a1213437b80c5db1517196ca5e26134d3413ccf,other,NA,NA,
run_009,revocation,revocation_1772983186,revoke-irs3-1772983187,revoke-irs3-1772983187,,operation_start,revocation_submit_done,2026-03-08T15:19:46.949911Z,2026-03-08T15:19:49.314789Z,/var/lib/docker/volumes,dfb0ca7b4b9cad4ec8515f6484cd89e2febfe10817782070636d5b3db6848438,other,NA,NA,
run_009,revocation,revocation_1772983186,revoke-irs3-1772983187,revoke-irs3-1772983187,,operation_start,revocation_submit_done,2026-03-08T15:19:46.949911Z,2026-03-08T15:19:49.314789Z,/var/lib/docker/volumes,fabric_orderer.kit.edu,orderer,393530176,393537383,7207
run_009,revocation,revocation_1772983186,revoke-irs3-1772983187,revoke-irs3-1772983187,,operation_start,revocation_submit_done,2026-03-08T15:19:46.949911Z,2026-03-08T15:19:49.314789Z,/var/lib/docker/volumes,fabric_peer0.irs1.kit.edu,other,5006,5006,0
run_009,revocation,revocation_1772983186,revoke-irs3-1772983187,revoke-irs3-1772983187,,operation_start,revocation_submit_done,2026-03-08T15:19:46.949911Z,2026-03-08T15:19:49.314789Z,/var/lib/docker/volumes,fabric_peer0.irs3.kit.edu,peer,230021318,230029567,8249
run_009,revocation,revocation_1772983186,revoke-irs3-1772983187,revoke-irs3-1772983187,,operation_start,revocation_submit_done,2026-03-08T15:19:46.949911Z,2026-03-08T15:19:49.314789Z,/var/lib/docker/volumes,fabric_peer1.irs3.kit.edu,other,230556344,230564593,8249
run_009,revocation,revocation_1772983186,revoke-irs3-1772983187,revoke-irs3-1772983187,,operation_start,revocation_submit_done,2026-03-08T15:19:46.949911Z,2026-03-08T15:19:49.314789Z,/var/lib/docker/volumes,fabric_peer2.irs3.kit.edu,other,230557756,230566005,8249
run_009,revocation,revocation_1772983186,revoke-irs3-1772983187,revoke-irs3-1772983187,,operation_start,revocation_submit_done,2026-03-08T15:19:46.949911Z,2026-03-08T15:19:49.314789Z,/var/lib/docker/volumes,fabric_peer3.irs3.kit.edu,other,230556341,230564590,8249
run_009,revocation,revocation_1772983186,revoke-irs3-1772983187,revoke-irs3-1772983187,,revocation_submit_done,revocation_voted,2026-03-08T15:19:49.314789Z,2026-03-08T15:19:51.920338424Z,/var/lib/docker/volumes,07323924f55a40af409ae862fc14ab08f2d8c06ba282f174beb7e74ff5782926,other,NA,NA,
run_009,revocation,revocation_1772983186,revoke-irs3-1772983187,revoke-irs3-1772983187,,revocation_submit_done,revocation_voted,2026-03-08T15:19:49.314789Z,2026-03-08T15:19:51.920338424Z,/var/lib/docker/volumes,301473890dade69bfa0d19b444d1f0769b67a90d1197c166d84af2511e48f916,other,49770,49770,0
run_009,revocation,revocation_1772983186,revoke-irs3-1772983187,revoke-irs3-1772983187,,revocation_submit_done,revocation_voted,2026-03-08T15:19:49.314789Z,2026-03-08T15:19:51.920338424Z,/var/lib/docker/volumes,6b7bb91b53bcbfeb56b486bba478d97728a3c0004c18649976daaade961a2721,other,NA,NA,
run_009,revocation,revocation_1772983186,revoke-irs3-1772983187,revoke-irs3-1772983187,,revocation_submit_done,revocation_voted,2026-03-08T15:19:49.314789Z,2026-03-08T15:19:51.920338424Z,/var/lib/docker/volumes,791e62bfc17bf044236c3dcb5d77ec82610b27aa4d5f3c78aff2e2842f98f9ee,other,NA,NA,
run_009,revocation,revocation_1772983186,revoke-irs3-1772983187,revoke-irs3-1772983187,,revocation_submit_done,revocation_voted,2026-03-08T15:19:49.314789Z,2026-03-08T15:19:51.920338424Z,/var/lib/docker/volumes,86e46c7349c98bd170ab7467b42f5b1a8fcf1438535fca6ee74a0dcce3856102,other,NA,NA,
run_009,revocation,revocation_1772983186,revoke-irs3-1772983187,revoke-irs3-1772983187,,revocation_submit_done,revocation_voted,2026-03-08T15:19:49.314789Z,2026-03-08T15:19:51.920338424Z,/var/lib/docker/volumes,99ac8c723665556c954d288ca00335f1fae5493d384cb656ecf5a945cc9ae3b8,other,NA,NA,
run_009,revocation,revocation_1772983186,revoke-irs3-1772983187,revoke-irs3-1772983187,,revocation_submit_done,revocation_voted,2026-03-08T15:19:49.314789Z,2026-03-08T15:19:51.920338424Z,/var/lib/docker/volumes,ab96d922f06ec7a94f1b5200e75e480c9ed7eba86fbbe33b5cb9edbe031c6ea8,other,49770,49770,0
run_009,revocation,revocation_1772983186,revoke-irs3-1772983187,revoke-irs3-1772983187,,revocation_submit_done,revocation_voted,2026-03-08T15:19:49.314789Z,2026-03-08T15:19:51.920338424Z,/var/lib/docker/volumes,c58c4c31a22da439d2b7f591fd40cdcdd9bb8458f543e682f66d858083ef9ea8,other,NA,NA,
run_009,revocation,revocation_1772983186,revoke-irs3-1772983187,revoke-irs3-1772983187,,revocation_submit_done,revocation_voted,2026-03-08T15:19:49.314789Z,2026-03-08T15:19:51.920338424Z,/var/lib/docker/volumes,d9b7785a06954372515977133a1213437b80c5db1517196ca5e26134d3413ccf,other,NA,NA,
run_009,revocation,revocation_1772983186,revoke-irs3-1772983187,revoke-irs3-1772983187,,revocation_submit_done,revocation_voted,2026-03-08T15:19:49.314789Z,2026-03-08T15:19:51.920338424Z,/var/lib/docker/volumes,dfb0ca7b4b9cad4ec8515f6484cd89e2febfe10817782070636d5b3db6848438,other,NA,NA,
run_009,revocation,revocation_1772983186,revoke-irs3-1772983187,revoke-irs3-1772983187,,revocation_submit_done,revocation_voted,2026-03-08T15:19:49.314789Z,2026-03-08T15:19:51.920338424Z,/var/lib/docker/volumes,fabric_orderer.kit.edu,orderer,393537383,393648697,111314
run_009,revocation,revocation_1772983186,revoke-irs3-1772983187,revoke-irs3-1772983187,,revocation_submit_done,revocation_voted,2026-03-08T15:19:49.314789Z,2026-03-08T15:19:51.920338424Z,/var/lib/docker/volumes,fabric_peer0.irs1.kit.edu,other,5006,5006,0
run_009,revocation,revocation_1772983186,revoke-irs3-1772983187,revoke-irs3-1772983187,,revocation_submit_done,revocation_voted,2026-03-08T15:19:49.314789Z,2026-03-08T15:19:51.920338424Z,/var/lib/docker/volumes,fabric_peer0.irs3.kit.edu,peer,230029567,230146871,117304
run_009,revocation,revocation_1772983186,revoke-irs3-1772983187,revoke-irs3-1772983187,,revocation_submit_done,revocation_voted,2026-03-08T15:19:49.314789Z,2026-03-08T15:19:51.920338424Z,/var/lib/docker/volumes,fabric_peer1.irs3.kit.edu,other,230564593,230681897,117304
run_009,revocation,revocation_1772983186,revoke-irs3-1772983187,revoke-irs3-1772983187,,revocation_submit_done,revocation_voted,2026-03-08T15:19:49.314789Z,2026-03-08T15:19:51.920338424Z,/var/lib/docker/volumes,fabric_peer2.irs3.kit.edu,other,230566005,230683309,117304
run_009,revocation,revocation_1772983186,revoke-irs3-1772983187,revoke-irs3-1772983187,,revocation_submit_done,revocation_voted,2026-03-08T15:19:49.314789Z,2026-03-08T15:19:51.920338424Z,/var/lib/docker/volumes,fabric_peer3.irs3.kit.edu,other,230564590,230681894,117304
run_009,revocation,revocation_1772983186,revoke-irs3-1772983187,revoke-irs3-1772983187,,revocation_voted,revocation_executed,2026-03-08T15:19:51.920338424Z,2026-03-08T15:20:08.463796407Z,/var/lib/docker/volumes,07323924f55a40af409ae862fc14ab08f2d8c06ba282f174beb7e74ff5782926,other,NA,NA,
run_009,revocation,revocation_1772983186,revoke-irs3-1772983187,revoke-irs3-1772983187,,revocation_voted,revocation_executed,2026-03-08T15:19:51.920338424Z,2026-03-08T15:20:08.463796407Z,/var/lib/docker/volumes,301473890dade69bfa0d19b444d1f0769b67a90d1197c166d84af2511e48f916,other,49770,49770,0
run_009,revocation,revocation_1772983186,revoke-irs3-1772983187,revoke-irs3-1772983187,,revocation_voted,revocation_executed,2026-03-08T15:19:51.920338424Z,2026-03-08T15:20:08.463796407Z,/var/lib/docker/volumes,6b7bb91b53bcbfeb56b486bba478d97728a3c0004c18649976daaade961a2721,other,NA,NA,
run_009,revocation,revocation_1772983186,revoke-irs3-1772983187,revoke-irs3-1772983187,,revocation_voted,revocation_executed,2026-03-08T15:19:51.920338424Z,2026-03-08T15:20:08.463796407Z,/var/lib/docker/volumes,791e62bfc17bf044236c3dcb5d77ec82610b27aa4d5f3c78aff2e2842f98f9ee,other,NA,NA,
run_009,revocation,revocation_1772983186,revoke-irs3-1772983187,revoke-irs3-1772983187,,revocation_voted,revocation_executed,2026-03-08T15:19:51.920338424Z,2026-03-08T15:20:08.463796407Z,/var/lib/docker/volumes,86e46c7349c98bd170ab7467b42f5b1a8fcf1438535fca6ee74a0dcce3856102,other,NA,NA,
run_009,revocation,revocation_1772983186,revoke-irs3-1772983187,revoke-irs3-1772983187,,revocation_voted,revocation_executed,2026-03-08T15:19:51.920338424Z,2026-03-08T15:20:08.463796407Z,/var/lib/docker/volumes,99ac8c723665556c954d288ca00335f1fae5493d384cb656ecf5a945cc9ae3b8,other,NA,NA,
run_009,revocation,revocation_1772983186,revoke-irs3-1772983187,revoke-irs3-1772983187,,revocation_voted,revocation_executed,2026-03-08T15:19:51.920338424Z,2026-03-08T15:20:08.463796407Z,/var/lib/docker/volumes,ab96d922f06ec7a94f1b5200e75e480c9ed7eba86fbbe33b5cb9edbe031c6ea8,other,49770,49770,0
run_009,revocation,revocation_1772983186,revoke-irs3-1772983187,revoke-irs3-1772983187,,revocation_voted,revocation_executed,2026-03-08T15:19:51.920338424Z,2026-03-08T15:20:08.463796407Z,/var/lib/docker/volumes,c58c4c31a22da439d2b7f591fd40cdcdd9bb8458f543e682f66d858083ef9ea8,other,NA,NA,
run_009,revocation,revocation_1772983186,revoke-irs3-1772983187,revoke-irs3-1772983187,,revocation_voted,revocation_executed,2026-03-08T15:19:51.920338424Z,2026-03-08T15:20:08.463796407Z,/var/lib/docker/volumes,d9b7785a06954372515977133a1213437b80c5db1517196ca5e26134d3413ccf,other,NA,NA,
run_009,revocation,revocation_1772983186,revoke-irs3-1772983187,revoke-irs3-1772983187,,revocation_voted,revocation_executed,2026-03-08T15:19:51.920338424Z,2026-03-08T15:20:08.463796407Z,/var/lib/docker/volumes,dfb0ca7b4b9cad4ec8515f6484cd89e2febfe10817782070636d5b3db6848438,other,NA,NA,
run_009,revocation,revocation_1772983186,revoke-irs3-1772983187,revoke-irs3-1772983187,,revocation_voted,revocation_executed,2026-03-08T15:19:51.920338424Z,2026-03-08T15:20:08.463796407Z,/var/lib/docker/volumes,fabric_orderer.kit.edu,orderer,393648697,394197635,548938
run_009,revocation,revocation_1772983186,revoke-irs3-1772983187,revoke-irs3-1772983187,,revocation_voted,revocation_executed,2026-03-08T15:19:51.920338424Z,2026-03-08T15:20:08.463796407Z,/var/lib/docker/volumes,fabric_peer0.irs1.kit.edu,other,5006,5006,0
run_009,revocation,revocation_1772983186,revoke-irs3-1772983187,revoke-irs3-1772983187,,revocation_voted,revocation_executed,2026-03-08T15:19:51.920338424Z,2026-03-08T15:20:08.463796407Z,/var/lib/docker/volumes,fabric_peer0.irs3.kit.edu,peer,230146871,230730278,583407
run_009,revocation,revocation_1772983186,revoke-irs3-1772983187,revoke-irs3-1772983187,,revocation_voted,revocation_executed,2026-03-08T15:19:51.920338424Z,2026-03-08T15:20:08.463796407Z,/var/lib/docker/volumes,fabric_peer1.irs3.kit.edu,other,230681897,231265304,583407
run_009,revocation,revocation_1772983186,revoke-irs3-1772983187,revoke-irs3-1772983187,,revocation_voted,revocation_executed,2026-03-08T15:19:51.920338424Z,2026-03-08T15:20:08.463796407Z,/var/lib/docker/volumes,fabric_peer2.irs3.kit.edu,other,230683309,231266716,583407
run_009,revocation,revocation_1772983186,revoke-irs3-1772983187,revoke-irs3-1772983187,,revocation_voted,revocation_executed,2026-03-08T15:19:51.920338424Z,2026-03-08T15:20:08.463796407Z,/var/lib/docker/volumes,fabric_peer3.irs3.kit.edu,other,230681894,231265301,583407
run_009,revocation,revocation_1772983186,revoke-irs3-1772983187,revoke-irs3-1772983187,,revocation_executed,operation_end,2026-03-08T15:20:08.463796407Z,2026-03-08T15:20:09.958739Z,/var/lib/docker/volumes,07323924f55a40af409ae862fc14ab08f2d8c06ba282f174beb7e74ff5782926,other,NA,NA,
run_009,revocation,revocation_1772983186,revoke-irs3-1772983187,revoke-irs3-1772983187,,revocation_executed,operation_end,2026-03-08T15:20:08.463796407Z,2026-03-08T15:20:09.958739Z,/var/lib/docker/volumes,301473890dade69bfa0d19b444d1f0769b67a90d1197c166d84af2511e48f916,other,49770,49770,0
run_009,revocation,revocation_1772983186,revoke-irs3-1772983187,revoke-irs3-1772983187,,revocation_executed,operation_end,2026-03-08T15:20:08.463796407Z,2026-03-08T15:20:09.958739Z,/var/lib/docker/volumes,6b7bb91b53bcbfeb56b486bba478d97728a3c0004c18649976daaade961a2721,other,NA,NA,
run_009,revocation,revocation_1772983186,revoke-irs3-1772983187,revoke-irs3-1772983187,,revocation_executed,operation_end,2026-03-08T15:20:08.463796407Z,2026-03-08T15:20:09.958739Z,/var/lib/docker/volumes,791e62bfc17bf044236c3dcb5d77ec82610b27aa4d5f3c78aff2e2842f98f9ee,other,NA,NA,
run_009,revocation,revocation_1772983186,revoke-irs3-1772983187,revoke-irs3-1772983187,,revocation_executed,operation_end,2026-03-08T15:20:08.463796407Z,2026-03-08T15:20:09.958739Z,/var/lib/docker/volumes,86e46c7349c98bd170ab7467b42f5b1a8fcf1438535fca6ee74a0dcce3856102,other,NA,NA,
run_009,revocation,revocation_1772983186,revoke-irs3-1772983187,revoke-irs3-1772983187,,revocation_executed,operation_end,2026-03-08T15:20:08.463796407Z,2026-03-08T15:20:09.958739Z,/var/lib/docker/volumes,99ac8c723665556c954d288ca00335f1fae5493d384cb656ecf5a945cc9ae3b8,other,NA,NA,
run_009,revocation,revocation_1772983186,revoke-irs3-1772983187,revoke-irs3-1772983187,,revocation_executed,operation_end,2026-03-08T15:20:08.463796407Z,2026-03-08T15:20:09.958739Z,/var/lib/docker/volumes,ab96d922f06ec7a94f1b5200e75e480c9ed7eba86fbbe33b5cb9edbe031c6ea8,other,49770,49770,0
run_009,revocation,revocation_1772983186,revoke-irs3-1772983187,revoke-irs3-1772983187,,revocation_executed,operation_end,2026-03-08T15:20:08.463796407Z,2026-03-08T15:20:09.958739Z,/var/lib/docker/volumes,c58c4c31a22da439d2b7f591fd40cdcdd9bb8458f543e682f66d858083ef9ea8,other,NA,NA,
run_009,revocation,revocation_1772983186,revoke-irs3-1772983187,revoke-irs3-1772983187,,revocation_executed,operation_end,2026-03-08T15:20:08.463796407Z,2026-03-08T15:20:09.958739Z,/var/lib/docker/volumes,d9b7785a06954372515977133a1213437b80c5db1517196ca5e26134d3413ccf,other,NA,NA,
run_009,revocation,revocation_1772983186,revoke-irs3-1772983187,revoke-irs3-1772983187,,revocation_executed,operation_end,2026-03-08T15:20:08.463796407Z,2026-03-08T15:20:09.958739Z,/var/lib/docker/volumes,dfb0ca7b4b9cad4ec8515f6484cd89e2febfe10817782070636d5b3db6848438,other,NA,NA,
run_009,revocation,revocation_1772983186,revoke-irs3-1772983187,revoke-irs3-1772983187,,revocation_executed,operation_end,2026-03-08T15:20:08.463796407Z,2026-03-08T15:20:09.958739Z,/var/lib/docker/volumes,fabric_orderer.kit.edu,orderer,394197635,394197635,0
run_009,revocation,revocation_1772983186,revoke-irs3-1772983187,revoke-irs3-1772983187,,revocation_executed,operation_end,2026-03-08T15:20:08.463796407Z,2026-03-08T15:20:09.958739Z,/var/lib/docker/volumes,fabric_peer0.irs1.kit.edu,other,5006,5006,0
run_009,revocation,revocation_1772983186,revoke-irs3-1772983187,revoke-irs3-1772983187,,revocation_executed,operation_end,2026-03-08T15:20:08.463796407Z,2026-03-08T15:20:09.958739Z,/var/lib/docker/volumes,fabric_peer0.irs3.kit.edu,peer,230730278,230730278,0
run_009,revocation,revocation_1772983186,revoke-irs3-1772983187,revoke-irs3-1772983187,,revocation_executed,operation_end,2026-03-08T15:20:08.463796407Z,2026-03-08T15:20:09.958739Z,/var/lib/docker/volumes,fabric_peer1.irs3.kit.edu,other,231265304,231265304,0
run_009,revocation,revocation_1772983186,revoke-irs3-1772983187,revoke-irs3-1772983187,,revocation_executed,operation_end,2026-03-08T15:20:08.463796407Z,2026-03-08T15:20:09.958739Z,/var/lib/docker/volumes,fabric_peer2.irs3.kit.edu,other,231266716,231266716,0
run_009,revocation,revocation_1772983186,revoke-irs3-1772983187,revoke-irs3-1772983187,,revocation_executed,operation_end,2026-03-08T15:20:08.463796407Z,2026-03-08T15:20:09.958739Z,/var/lib/docker/volumes,fabric_peer3.irs3.kit.edu,other,231265301,231265301,0
run_009,removal,removal_1772983228,remove-irs3-member1-1772983228,remove-irs3-member1-1772983228,44,operation_start,removal_submit_done,2026-03-08T15:20:28.801301Z,2026-03-08T15:20:31.273090Z,/var/lib/docker/volumes,07323924f55a40af409ae862fc14ab08f2d8c06ba282f174beb7e74ff5782926,other,NA,NA,
run_009,removal,removal_1772983228,remove-irs3-member1-1772983228,remove-irs3-member1-1772983228,44,operation_start,removal_submit_done,2026-03-08T15:20:28.801301Z,2026-03-08T15:20:31.273090Z,/var/lib/docker/volumes,301473890dade69bfa0d19b444d1f0769b67a90d1197c166d84af2511e48f916,other,49770,49770,0
run_009,removal,removal_1772983228,remove-irs3-member1-1772983228,remove-irs3-member1-1772983228,44,operation_start,removal_submit_done,2026-03-08T15:20:28.801301Z,2026-03-08T15:20:31.273090Z,/var/lib/docker/volumes,6b7bb91b53bcbfeb56b486bba478d97728a3c0004c18649976daaade961a2721,other,NA,NA,
run_009,removal,removal_1772983228,remove-irs3-member1-1772983228,remove-irs3-member1-1772983228,44,operation_start,removal_submit_done,2026-03-08T15:20:28.801301Z,2026-03-08T15:20:31.273090Z,/var/lib/docker/volumes,791e62bfc17bf044236c3dcb5d77ec82610b27aa4d5f3c78aff2e2842f98f9ee,other,NA,NA,
run_009,removal,removal_1772983228,remove-irs3-member1-1772983228,remove-irs3-member1-1772983228,44,operation_start,removal_submit_done,2026-03-08T15:20:28.801301Z,2026-03-08T15:20:31.273090Z,/var/lib/docker/volumes,86e46c7349c98bd170ab7467b42f5b1a8fcf1438535fca6ee74a0dcce3856102,other,NA,NA,
run_009,removal,removal_1772983228,remove-irs3-member1-1772983228,remove-irs3-member1-1772983228,44,operation_start,removal_submit_done,2026-03-08T15:20:28.801301Z,2026-03-08T15:20:31.273090Z,/var/lib/docker/volumes,99ac8c723665556c954d288ca00335f1fae5493d384cb656ecf5a945cc9ae3b8,other,NA,NA,
run_009,removal,removal_1772983228,remove-irs3-member1-1772983228,remove-irs3-member1-1772983228,44,operation_start,removal_submit_done,2026-03-08T15:20:28.801301Z,2026-03-08T15:20:31.273090Z,/var/lib/docker/volumes,ab96d922f06ec7a94f1b5200e75e480c9ed7eba86fbbe33b5cb9edbe031c6ea8,other,49770,49770,0
run_009,removal,removal_1772983228,remove-irs3-member1-1772983228,remove-irs3-member1-1772983228,44,operation_start,removal_submit_done,2026-03-08T15:20:28.801301Z,2026-03-08T15:20:31.273090Z,/var/lib/docker/volumes,c58c4c31a22da439d2b7f591fd40cdcdd9bb8458f543e682f66d858083ef9ea8,other,NA,NA,
run_009,removal,removal_1772983228,remove-irs3-member1-1772983228,remove-irs3-member1-1772983228,44,operation_start,removal_submit_done,2026-03-08T15:20:28.801301Z,2026-03-08T15:20:31.273090Z,/var/lib/docker/volumes,d9b7785a06954372515977133a1213437b80c5db1517196ca5e26134d3413ccf,other,NA,NA,
run_009,removal,removal_1772983228,remove-irs3-member1-1772983228,remove-irs3-member1-1772983228,44,operation_start,removal_submit_done,2026-03-08T15:20:28.801301Z,2026-03-08T15:20:31.273090Z,/var/lib/docker/volumes,dfb0ca7b4b9cad4ec8515f6484cd89e2febfe10817782070636d5b3db6848438,other,NA,NA,
run_009,removal,removal_1772983228,remove-irs3-member1-1772983228,remove-irs3-member1-1772983228,44,operation_start,removal_submit_done,2026-03-08T15:20:28.801301Z,2026-03-08T15:20:31.273090Z,/var/lib/docker/volumes,fabric_orderer.kit.edu,orderer,394197635,394207444,9809
run_009,removal,removal_1772983228,remove-irs3-member1-1772983228,remove-irs3-member1-1772983228,44,operation_start,removal_submit_done,2026-03-08T15:20:28.801301Z,2026-03-08T15:20:31.273090Z,/var/lib/docker/volumes,fabric_peer0.irs1.kit.edu,other,5006,5006,0
run_009,removal,removal_1772983228,remove-irs3-member1-1772983228,remove-irs3-member1-1772983228,44,operation_start,removal_submit_done,2026-03-08T15:20:28.801301Z,2026-03-08T15:20:31.273090Z,/var/lib/docker/volumes,fabric_peer0.irs3.kit.edu,peer,230730278,230741194,10916
run_009,removal,removal_1772983228,remove-irs3-member1-1772983228,remove-irs3-member1-1772983228,44,operation_start,removal_submit_done,2026-03-08T15:20:28.801301Z,2026-03-08T15:20:31.273090Z,/var/lib/docker/volumes,fabric_peer1.irs3.kit.edu,other,231265304,231276220,10916
run_009,removal,removal_1772983228,remove-irs3-member1-1772983228,remove-irs3-member1-1772983228,44,operation_start,removal_submit_done,2026-03-08T15:20:28.801301Z,2026-03-08T15:20:31.273090Z,/var/lib/docker/volumes,fabric_peer2.irs3.kit.edu,other,231266716,231277632,10916
run_009,removal,removal_1772983228,remove-irs3-member1-1772983228,remove-irs3-member1-1772983228,44,operation_start,removal_submit_done,2026-03-08T15:20:28.801301Z,2026-03-08T15:20:31.273090Z,/var/lib/docker/volumes,fabric_peer3.irs3.kit.edu,other,231265301,231276217,10916
run_009,removal,removal_1772983228,remove-irs3-member1-1772983228,remove-irs3-member1-1772983228,44,removal_submit_done,removal_voted,2026-03-08T15:20:31.273090Z,2026-03-08T15:20:33.763464531Z,/var/lib/docker/volumes,07323924f55a40af409ae862fc14ab08f2d8c06ba282f174beb7e74ff5782926,other,NA,NA,
run_009,removal,removal_1772983228,remove-irs3-member1-1772983228,remove-irs3-member1-1772983228,44,removal_submit_done,removal_voted,2026-03-08T15:20:31.273090Z,2026-03-08T15:20:33.763464531Z,/var/lib/docker/volumes,301473890dade69bfa0d19b444d1f0769b67a90d1197c166d84af2511e48f916,other,49770,49770,0
run_009,removal,removal_1772983228,remove-irs3-member1-1772983228,remove-irs3-member1-1772983228,44,removal_submit_done,removal_voted,2026-03-08T15:20:31.273090Z,2026-03-08T15:20:33.763464531Z,/var/lib/docker/volumes,6b7bb91b53bcbfeb56b486bba478d97728a3c0004c18649976daaade961a2721,other,NA,NA,
run_009,removal,removal_1772983228,remove-irs3-member1-1772983228,remove-irs3-member1-1772983228,44,removal_submit_done,removal_voted,2026-03-08T15:20:31.273090Z,2026-03-08T15:20:33.763464531Z,/var/lib/docker/volumes,791e62bfc17bf044236c3dcb5d77ec82610b27aa4d5f3c78aff2e2842f98f9ee,other,NA,NA,
run_009,removal,removal_1772983228,remove-irs3-member1-1772983228,remove-irs3-member1-1772983228,44,removal_submit_done,removal_voted,2026-03-08T15:20:31.273090Z,2026-03-08T15:20:33.763464531Z,/var/lib/docker/volumes,86e46c7349c98bd170ab7467b42f5b1a8fcf1438535fca6ee74a0dcce3856102,other,NA,NA,
run_009,removal,removal_1772983228,remove-irs3-member1-1772983228,remove-irs3-member1-1772983228,44,removal_submit_done,removal_voted,2026-03-08T15:20:31.273090Z,2026-03-08T15:20:33.763464531Z,/var/lib/docker/volumes,99ac8c723665556c954d288ca00335f1fae5493d384cb656ecf5a945cc9ae3b8,other,NA,NA,
run_009,removal,removal_1772983228,remove-irs3-member1-1772983228,remove-irs3-member1-1772983228,44,removal_submit_done,removal_voted,2026-03-08T15:20:31.273090Z,2026-03-08T15:20:33.763464531Z,/var/lib/docker/volumes,ab96d922f06ec7a94f1b5200e75e480c9ed7eba86fbbe33b5cb9edbe031c6ea8,other,49770,49770,0
run_009,removal,removal_1772983228,remove-irs3-member1-1772983228,remove-irs3-member1-1772983228,44,removal_submit_done,removal_voted,2026-03-08T15:20:31.273090Z,2026-03-08T15:20:33.763464531Z,/var/lib/docker/volumes,c58c4c31a22da439d2b7f591fd40cdcdd9bb8458f543e682f66d858083ef9ea8,other,NA,NA,
run_009,removal,removal_1772983228,remove-irs3-member1-1772983228,remove-irs3-member1-1772983228,44,removal_submit_done,removal_voted,2026-03-08T15:20:31.273090Z,2026-03-08T15:20:33.763464531Z,/var/lib/docker/volumes,d9b7785a06954372515977133a1213437b80c5db1517196ca5e26134d3413ccf,other,NA,NA,
run_009,removal,removal_1772983228,remove-irs3-member1-1772983228,remove-irs3-member1-1772983228,44,removal_submit_done,removal_voted,2026-03-08T15:20:31.273090Z,2026-03-08T15:20:33.763464531Z,/var/lib/docker/volumes,dfb0ca7b4b9cad4ec8515f6484cd89e2febfe10817782070636d5b3db6848438,other,NA,NA,
run_009,removal,removal_1772983228,remove-irs3-member1-1772983228,remove-irs3-member1-1772983228,44,removal_submit_done,removal_voted,2026-03-08T15:20:31.273090Z,2026-03-08T15:20:33.763464531Z,/var/lib/docker/volumes,fabric_orderer.kit.edu,orderer,394207444,394420320,212876
run_009,removal,removal_1772983228,remove-irs3-member1-1772983228,remove-irs3-member1-1772983228,44,removal_submit_done,removal_voted,2026-03-08T15:20:31.273090Z,2026-03-08T15:20:33.763464531Z,/var/lib/docker/volumes,fabric_peer0.irs1.kit.edu,other,5006,5006,0
run_009,removal,removal_1772983228,remove-irs3-member1-1772983228,remove-irs3-member1-1772983228,44,removal_submit_done,removal_voted,2026-03-08T15:20:31.273090Z,2026-03-08T15:20:33.763464531Z,/var/lib/docker/volumes,fabric_peer0.irs3.kit.edu,peer,230741194,230880005,138811
run_009,removal,removal_1772983228,remove-irs3-member1-1772983228,remove-irs3-member1-1772983228,44,removal_submit_done,removal_voted,2026-03-08T15:20:31.273090Z,2026-03-08T15:20:33.763464531Z,/var/lib/docker/volumes,fabric_peer1.irs3.kit.edu,other,231276220,230878590,-397630
run_009,removal,removal_1772983228,remove-irs3-member1-1772983228,remove-irs3-member1-1772983228,44,removal_submit_done,removal_voted,2026-03-08T15:20:31.273090Z,2026-03-08T15:20:33.763464531Z,/var/lib/docker/volumes,fabric_peer2.irs3.kit.edu,other,231277632,230879988,-397644
run_009,removal,removal_1772983228,remove-irs3-member1-1772983228,remove-irs3-member1-1772983228,44,removal_submit_done,removal_voted,2026-03-08T15:20:31.273090Z,2026-03-08T15:20:33.763464531Z,/var/lib/docker/volumes,fabric_peer3.irs3.kit.edu,other,231276217,230878569,-397648
run_009,removal,removal_1772983228,remove-irs3-member1-1772983228,remove-irs3-member1-1772983228,44,removal_voted,removal_approved,2026-03-08T15:20:33.763464531Z,2026-03-08T15:20:50.706753246Z,/var/lib/docker/volumes,07323924f55a40af409ae862fc14ab08f2d8c06ba282f174beb7e74ff5782926,other,NA,NA,
run_009,removal,removal_1772983228,remove-irs3-member1-1772983228,remove-irs3-member1-1772983228,44,removal_voted,removal_approved,2026-03-08T15:20:33.763464531Z,2026-03-08T15:20:50.706753246Z,/var/lib/docker/volumes,301473890dade69bfa0d19b444d1f0769b67a90d1197c166d84af2511e48f916,other,49770,49770,0
run_009,removal,removal_1772983228,remove-irs3-member1-1772983228,remove-irs3-member1-1772983228,44,removal_voted,removal_approved,2026-03-08T15:20:33.763464531Z,2026-03-08T15:20:50.706753246Z,/var/lib/docker/volumes,6b7bb91b53bcbfeb56b486bba478d97728a3c0004c18649976daaade961a2721,other,NA,NA,
run_009,removal,removal_1772983228,remove-irs3-member1-1772983228,remove-irs3-member1-1772983228,44,removal_voted,removal_approved,2026-03-08T15:20:33.763464531Z,2026-03-08T15:20:50.706753246Z,/var/lib/docker/volumes,791e62bfc17bf044236c3dcb5d77ec82610b27aa4d5f3c78aff2e2842f98f9ee,other,NA,NA,
run_009,removal,removal_1772983228,remove-irs3-member1-1772983228,remove-irs3-member1-1772983228,44,removal_voted,removal_approved,2026-03-08T15:20:33.763464531Z,2026-03-08T15:20:50.706753246Z,/var/lib/docker/volumes,86e46c7349c98bd170ab7467b42f5b1a8fcf1438535fca6ee74a0dcce3856102,other,NA,NA,
run_009,removal,removal_1772983228,remove-irs3-member1-1772983228,remove-irs3-member1-1772983228,44,removal_voted,removal_approved,2026-03-08T15:20:33.763464531Z,2026-03-08T15:20:50.706753246Z,/var/lib/docker/volumes,99ac8c723665556c954d288ca00335f1fae5493d384cb656ecf5a945cc9ae3b8,other,NA,NA,
run_009,removal,removal_1772983228,remove-irs3-member1-1772983228,remove-irs3-member1-1772983228,44,removal_voted,removal_approved,2026-03-08T15:20:33.763464531Z,2026-03-08T15:20:50.706753246Z,/var/lib/docker/volumes,ab96d922f06ec7a94f1b5200e75e480c9ed7eba86fbbe33b5cb9edbe031c6ea8,other,49770,49770,0
run_009,removal,removal_1772983228,remove-irs3-member1-1772983228,remove-irs3-member1-1772983228,44,removal_voted,removal_approved,2026-03-08T15:20:33.763464531Z,2026-03-08T15:20:50.706753246Z,/var/lib/docker/volumes,c58c4c31a22da439d2b7f591fd40cdcdd9bb8458f543e682f66d858083ef9ea8,other,NA,NA,
run_009,removal,removal_1772983228,remove-irs3-member1-1772983228,remove-irs3-member1-1772983228,44,removal_voted,removal_approved,2026-03-08T15:20:33.763464531Z,2026-03-08T15:20:50.706753246Z,/var/lib/docker/volumes,d9b7785a06954372515977133a1213437b80c5db1517196ca5e26134d3413ccf,other,NA,NA,
run_009,removal,removal_1772983228,remove-irs3-member1-1772983228,remove-irs3-member1-1772983228,44,removal_voted,removal_approved,2026-03-08T15:20:33.763464531Z,2026-03-08T15:20:50.706753246Z,/var/lib/docker/volumes,dfb0ca7b4b9cad4ec8515f6484cd89e2febfe10817782070636d5b3db6848438,other,NA,NA,
run_009,removal,removal_1772983228,remove-irs3-member1-1772983228,remove-irs3-member1-1772983228,44,removal_voted,removal_approved,2026-03-08T15:20:33.763464531Z,2026-03-08T15:20:50.706753246Z,/var/lib/docker/volumes,fabric_orderer.kit.edu,orderer,394420320,394990676,570356
run_009,removal,removal_1772983228,remove-irs3-member1-1772983228,remove-irs3-member1-1772983228,44,removal_voted,removal_approved,2026-03-08T15:20:33.763464531Z,2026-03-08T15:20:50.706753246Z,/var/lib/docker/volumes,fabric_peer0.irs1.kit.edu,other,5006,5006,0
run_009,removal,removal_1772983228,remove-irs3-member1-1772983228,remove-irs3-member1-1772983228,44,removal_voted,removal_approved,2026-03-08T15:20:33.763464531Z,2026-03-08T15:20:50.706753246Z,/var/lib/docker/volumes,fabric_peer0.irs3.kit.edu,peer,230880005,231574346,694341
run_009,removal,removal_1772983228,remove-irs3-member1-1772983228,remove-irs3-member1-1772983228,44,removal_voted,removal_approved,2026-03-08T15:20:33.763464531Z,2026-03-08T15:20:50.706753246Z,/var/lib/docker/volumes,fabric_peer1.irs3.kit.edu,other,230878590,231572931,694341
run_009,removal,removal_1772983228,remove-irs3-member1-1772983228,remove-irs3-member1-1772983228,44,removal_voted,removal_approved,2026-03-08T15:20:33.763464531Z,2026-03-08T15:20:50.706753246Z,/var/lib/docker/volumes,fabric_peer2.irs3.kit.edu,other,230879988,231574329,694341
run_009,removal,removal_1772983228,remove-irs3-member1-1772983228,remove-irs3-member1-1772983228,44,removal_voted,removal_approved,2026-03-08T15:20:33.763464531Z,2026-03-08T15:20:50.706753246Z,/var/lib/docker/volumes,fabric_peer3.irs3.kit.edu,other,230878569,231572910,694341
run_009,removal,removal_1772983228,remove-irs3-member1-1772983228,remove-irs3-member1-1772983228,44,removal_approved,reshare_started,2026-03-08T15:20:50.706753246Z,2026-03-08T15:20:51.863080Z,/var/lib/docker/volumes,07323924f55a40af409ae862fc14ab08f2d8c06ba282f174beb7e74ff5782926,other,NA,NA,
run_009,removal,removal_1772983228,remove-irs3-member1-1772983228,remove-irs3-member1-1772983228,44,removal_approved,reshare_started,2026-03-08T15:20:50.706753246Z,2026-03-08T15:20:51.863080Z,/var/lib/docker/volumes,301473890dade69bfa0d19b444d1f0769b67a90d1197c166d84af2511e48f916,other,49770,49770,0
run_009,removal,removal_1772983228,remove-irs3-member1-1772983228,remove-irs3-member1-1772983228,44,removal_approved,reshare_started,2026-03-08T15:20:50.706753246Z,2026-03-08T15:20:51.863080Z,/var/lib/docker/volumes,6b7bb91b53bcbfeb56b486bba478d97728a3c0004c18649976daaade961a2721,other,NA,NA,
run_009,removal,removal_1772983228,remove-irs3-member1-1772983228,remove-irs3-member1-1772983228,44,removal_approved,reshare_started,2026-03-08T15:20:50.706753246Z,2026-03-08T15:20:51.863080Z,/var/lib/docker/volumes,791e62bfc17bf044236c3dcb5d77ec82610b27aa4d5f3c78aff2e2842f98f9ee,other,NA,NA,
run_009,removal,removal_1772983228,remove-irs3-member1-1772983228,remove-irs3-member1-1772983228,44,removal_approved,reshare_started,2026-03-08T15:20:50.706753246Z,2026-03-08T15:20:51.863080Z,/var/lib/docker/volumes,86e46c7349c98bd170ab7467b42f5b1a8fcf1438535fca6ee74a0dcce3856102,other,NA,NA,
run_009,removal,removal_1772983228,remove-irs3-member1-1772983228,remove-irs3-member1-1772983228,44,removal_approved,reshare_started,2026-03-08T15:20:50.706753246Z,2026-03-08T15:20:51.863080Z,/var/lib/docker/volumes,99ac8c723665556c954d288ca00335f1fae5493d384cb656ecf5a945cc9ae3b8,other,NA,NA,
run_009,removal,removal_1772983228,remove-irs3-member1-1772983228,remove-irs3-member1-1772983228,44,removal_approved,reshare_started,2026-03-08T15:20:50.706753246Z,2026-03-08T15:20:51.863080Z,/var/lib/docker/volumes,ab96d922f06ec7a94f1b5200e75e480c9ed7eba86fbbe33b5cb9edbe031c6ea8,other,49770,49770,0
run_009,removal,removal_1772983228,remove-irs3-member1-1772983228,remove-irs3-member1-1772983228,44,removal_approved,reshare_started,2026-03-08T15:20:50.706753246Z,2026-03-08T15:20:51.863080Z,/var/lib/docker/volumes,c58c4c31a22da439d2b7f591fd40cdcdd9bb8458f543e682f66d858083ef9ea8,other,NA,NA,
run_009,removal,removal_1772983228,remove-irs3-member1-1772983228,remove-irs3-member1-1772983228,44,removal_approved,reshare_started,2026-03-08T15:20:50.706753246Z,2026-03-08T15:20:51.863080Z,/var/lib/docker/volumes,d9b7785a06954372515977133a1213437b80c5db1517196ca5e26134d3413ccf,other,NA,NA,
run_009,removal,removal_1772983228,remove-irs3-member1-1772983228,remove-irs3-member1-1772983228,44,removal_approved,reshare_started,2026-03-08T15:20:50.706753246Z,2026-03-08T15:20:51.863080Z,/var/lib/docker/volumes,dfb0ca7b4b9cad4ec8515f6484cd89e2febfe10817782070636d5b3db6848438,other,NA,NA,
run_009,removal,removal_1772983228,remove-irs3-member1-1772983228,remove-irs3-member1-1772983228,44,removal_approved,reshare_started,2026-03-08T15:20:50.706753246Z,2026-03-08T15:20:51.863080Z,/var/lib/docker/volumes,fabric_orderer.kit.edu,orderer,394990676,394990676,0
run_009,removal,removal_1772983228,remove-irs3-member1-1772983228,remove-irs3-member1-1772983228,44,removal_approved,reshare_started,2026-03-08T15:20:50.706753246Z,2026-03-08T15:20:51.863080Z,/var/lib/docker/volumes,fabric_peer0.irs1.kit.edu,other,5006,5006,0
run_009,removal,removal_1772983228,remove-irs3-member1-1772983228,remove-irs3-member1-1772983228,44,removal_approved,reshare_started,2026-03-08T15:20:50.706753246Z,2026-03-08T15:20:51.863080Z,/var/lib/docker/volumes,fabric_peer0.irs3.kit.edu,peer,231574346,231574346,0
run_009,removal,removal_1772983228,remove-irs3-member1-1772983228,remove-irs3-member1-1772983228,44,removal_approved,reshare_started,2026-03-08T15:20:50.706753246Z,2026-03-08T15:20:51.863080Z,/var/lib/docker/volumes,fabric_peer1.irs3.kit.edu,other,231572931,231572931,0
run_009,removal,removal_1772983228,remove-irs3-member1-1772983228,remove-irs3-member1-1772983228,44,removal_approved,reshare_started,2026-03-08T15:20:50.706753246Z,2026-03-08T15:20:51.863080Z,/var/lib/docker/volumes,fabric_peer2.irs3.kit.edu,other,231574329,231574329,0
run_009,removal,removal_1772983228,remove-irs3-member1-1772983228,remove-irs3-member1-1772983228,44,removal_approved,reshare_started,2026-03-08T15:20:50.706753246Z,2026-03-08T15:20:51.863080Z,/var/lib/docker/volumes,fabric_peer3.irs3.kit.edu,other,231572910,231572910,0
run_009,removal,removal_1772983228,remove-irs3-member1-1772983228,remove-irs3-member1-1772983228,44,reshare_started,reshare_completed,2026-03-08T15:20:51.863080Z,2026-03-08T15:26:21.050240663Z,/var/lib/docker/volumes,07323924f55a40af409ae862fc14ab08f2d8c06ba282f174beb7e74ff5782926,other,NA,NA,
run_009,removal,removal_1772983228,remove-irs3-member1-1772983228,remove-irs3-member1-1772983228,44,reshare_started,reshare_completed,2026-03-08T15:20:51.863080Z,2026-03-08T15:26:21.050240663Z,/var/lib/docker/volumes,301473890dade69bfa0d19b444d1f0769b67a90d1197c166d84af2511e48f916,other,49770,49770,0
run_009,removal,removal_1772983228,remove-irs3-member1-1772983228,remove-irs3-member1-1772983228,44,reshare_started,reshare_completed,2026-03-08T15:20:51.863080Z,2026-03-08T15:26:21.050240663Z,/var/lib/docker/volumes,6b7bb91b53bcbfeb56b486bba478d97728a3c0004c18649976daaade961a2721,other,NA,NA,
run_009,removal,removal_1772983228,remove-irs3-member1-1772983228,remove-irs3-member1-1772983228,44,reshare_started,reshare_completed,2026-03-08T15:20:51.863080Z,2026-03-08T15:26:21.050240663Z,/var/lib/docker/volumes,791e62bfc17bf044236c3dcb5d77ec82610b27aa4d5f3c78aff2e2842f98f9ee,other,NA,NA,
run_009,removal,removal_1772983228,remove-irs3-member1-1772983228,remove-irs3-member1-1772983228,44,reshare_started,reshare_completed,2026-03-08T15:20:51.863080Z,2026-03-08T15:26:21.050240663Z,/var/lib/docker/volumes,86e46c7349c98bd170ab7467b42f5b1a8fcf1438535fca6ee74a0dcce3856102,other,NA,NA,
run_009,removal,removal_1772983228,remove-irs3-member1-1772983228,remove-irs3-member1-1772983228,44,reshare_started,reshare_completed,2026-03-08T15:20:51.863080Z,2026-03-08T15:26:21.050240663Z,/var/lib/docker/volumes,99ac8c723665556c954d288ca00335f1fae5493d384cb656ecf5a945cc9ae3b8,other,NA,NA,
run_009,removal,removal_1772983228,remove-irs3-member1-1772983228,remove-irs3-member1-1772983228,44,reshare_started,reshare_completed,2026-03-08T15:20:51.863080Z,2026-03-08T15:26:21.050240663Z,/var/lib/docker/volumes,ab96d922f06ec7a94f1b5200e75e480c9ed7eba86fbbe33b5cb9edbe031c6ea8,other,49770,49770,0
run_009,removal,removal_1772983228,remove-irs3-member1-1772983228,remove-irs3-member1-1772983228,44,reshare_started,reshare_completed,2026-03-08T15:20:51.863080Z,2026-03-08T15:26:21.050240663Z,/var/lib/docker/volumes,c58c4c31a22da439d2b7f591fd40cdcdd9bb8458f543e682f66d858083ef9ea8,other,NA,NA,
run_009,removal,removal_1772983228,remove-irs3-member1-1772983228,remove-irs3-member1-1772983228,44,reshare_started,reshare_completed,2026-03-08T15:20:51.863080Z,2026-03-08T15:26:21.050240663Z,/var/lib/docker/volumes,d9b7785a06954372515977133a1213437b80c5db1517196ca5e26134d3413ccf,other,NA,NA,
run_009,removal,removal_1772983228,remove-irs3-member1-1772983228,remove-irs3-member1-1772983228,44,reshare_started,reshare_completed,2026-03-08T15:20:51.863080Z,2026-03-08T15:26:21.050240663Z,/var/lib/docker/volumes,dfb0ca7b4b9cad4ec8515f6484cd89e2febfe10817782070636d5b3db6848438,other,NA,NA,
run_009,removal,removal_1772983228,remove-irs3-member1-1772983228,remove-irs3-member1-1772983228,44,reshare_started,reshare_completed,2026-03-08T15:20:51.863080Z,2026-03-08T15:26:21.050240663Z,/var/lib/docker/volumes,fabric_orderer.kit.edu,orderer,394990676,402074753,7084077
run_009,removal,removal_1772983228,remove-irs3-member1-1772983228,remove-irs3-member1-1772983228,44,reshare_started,reshare_completed,2026-03-08T15:20:51.863080Z,2026-03-08T15:26:21.050240663Z,/var/lib/docker/volumes,fabric_peer0.irs1.kit.edu,other,5006,5006,0
run_009,removal,removal_1772983228,remove-irs3-member1-1772983228,remove-irs3-member1-1772983228,44,reshare_started,reshare_completed,2026-03-08T15:20:51.863080Z,2026-03-08T15:26:21.050240663Z,/var/lib/docker/volumes,fabric_peer0.irs3.kit.edu,peer,231574346,239359708,7785362
run_009,removal,removal_1772983228,remove-irs3-member1-1772983228,remove-irs3-member1-1772983228,44,reshare_started,reshare_completed,2026-03-08T15:20:51.863080Z,2026-03-08T15:26:21.050240663Z,/var/lib/docker/volumes,fabric_peer1.irs3.kit.edu,other,231572931,239358293,7785362
run_009,removal,removal_1772983228,remove-irs3-member1-1772983228,remove-irs3-member1-1772983228,44,reshare_started,reshare_completed,2026-03-08T15:20:51.863080Z,2026-03-08T15:26:21.050240663Z,/var/lib/docker/volumes,fabric_peer2.irs3.kit.edu,other,231574329,239359691,7785362
run_009,removal,removal_1772983228,remove-irs3-member1-1772983228,remove-irs3-member1-1772983228,44,reshare_started,reshare_completed,2026-03-08T15:20:51.863080Z,2026-03-08T15:26:21.050240663Z,/var/lib/docker/volumes,fabric_peer3.irs3.kit.edu,other,231572910,239358272,7785362
run_009,removal,removal_1772983228,remove-irs3-member1-1772983228,remove-irs3-member1-1772983228,44,reshare_completed,operation_end,2026-03-08T15:26:21.050240663Z,2026-03-08T15:26:22.400030Z,/var/lib/docker/volumes,07323924f55a40af409ae862fc14ab08f2d8c06ba282f174beb7e74ff5782926,other,NA,NA,
run_009,removal,removal_1772983228,remove-irs3-member1-1772983228,remove-irs3-member1-1772983228,44,reshare_completed,operation_end,2026-03-08T15:26:21.050240663Z,2026-03-08T15:26:22.400030Z,/var/lib/docker/volumes,301473890dade69bfa0d19b444d1f0769b67a90d1197c166d84af2511e48f916,other,49770,49770,0
run_009,removal,removal_1772983228,remove-irs3-member1-1772983228,remove-irs3-member1-1772983228,44,reshare_completed,operation_end,2026-03-08T15:26:21.050240663Z,2026-03-08T15:26:22.400030Z,/var/lib/docker/volumes,6b7bb91b53bcbfeb56b486bba478d97728a3c0004c18649976daaade961a2721,other,NA,NA,
run_009,removal,removal_1772983228,remove-irs3-member1-1772983228,remove-irs3-member1-1772983228,44,reshare_completed,operation_end,2026-03-08T15:26:21.050240663Z,2026-03-08T15:26:22.400030Z,/var/lib/docker/volumes,791e62bfc17bf044236c3dcb5d77ec82610b27aa4d5f3c78aff2e2842f98f9ee,other,NA,NA,
run_009,removal,removal_1772983228,remove-irs3-member1-1772983228,remove-irs3-member1-1772983228,44,reshare_completed,operation_end,2026-03-08T15:26:21.050240663Z,2026-03-08T15:26:22.400030Z,/var/lib/docker/volumes,86e46c7349c98bd170ab7467b42f5b1a8fcf1438535fca6ee74a0dcce3856102,other,NA,NA,
run_009,removal,removal_1772983228,remove-irs3-member1-1772983228,remove-irs3-member1-1772983228,44,reshare_completed,operation_end,2026-03-08T15:26:21.050240663Z,2026-03-08T15:26:22.400030Z,/var/lib/docker/volumes,99ac8c723665556c954d288ca00335f1fae5493d384cb656ecf5a945cc9ae3b8,other,NA,NA,
run_009,removal,removal_1772983228,remove-irs3-member1-1772983228,remove-irs3-member1-1772983228,44,reshare_completed,operation_end,2026-03-08T15:26:21.050240663Z,2026-03-08T15:26:22.400030Z,/var/lib/docker/volumes,ab96d922f06ec7a94f1b5200e75e480c9ed7eba86fbbe33b5cb9edbe031c6ea8,other,49770,49770,0
run_009,removal,removal_1772983228,remove-irs3-member1-1772983228,remove-irs3-member1-1772983228,44,reshare_completed,operation_end,2026-03-08T15:26:21.050240663Z,2026-03-08T15:26:22.400030Z,/var/lib/docker/volumes,c58c4c31a22da439d2b7f591fd40cdcdd9bb8458f543e682f66d858083ef9ea8,other,NA,NA,
run_009,removal,removal_1772983228,remove-irs3-member1-1772983228,remove-irs3-member1-1772983228,44,reshare_completed,operation_end,2026-03-08T15:26:21.050240663Z,2026-03-08T15:26:22.400030Z,/var/lib/docker/volumes,d9b7785a06954372515977133a1213437b80c5db1517196ca5e26134d3413ccf,other,NA,NA,
run_009,removal,removal_1772983228,remove-irs3-member1-1772983228,remove-irs3-member1-1772983228,44,reshare_completed,operation_end,2026-03-08T15:26:21.050240663Z,2026-03-08T15:26:22.400030Z,/var/lib/docker/volumes,dfb0ca7b4b9cad4ec8515f6484cd89e2febfe10817782070636d5b3db6848438,other,NA,NA,
run_009,removal,removal_1772983228,remove-irs3-member1-1772983228,remove-irs3-member1-1772983228,44,reshare_completed,operation_end,2026-03-08T15:26:21.050240663Z,2026-03-08T15:26:22.400030Z,/var/lib/docker/volumes,fabric_orderer.kit.edu,orderer,402074753,402074753,0
run_009,removal,removal_1772983228,remove-irs3-member1-1772983228,remove-irs3-member1-1772983228,44,reshare_completed,operation_end,2026-03-08T15:26:21.050240663Z,2026-03-08T15:26:22.400030Z,/var/lib/docker/volumes,fabric_peer0.irs1.kit.edu,other,5006,5006,0
run_009,removal,removal_1772983228,remove-irs3-member1-1772983228,remove-irs3-member1-1772983228,44,reshare_completed,operation_end,2026-03-08T15:26:21.050240663Z,2026-03-08T15:26:22.400030Z,/var/lib/docker/volumes,fabric_peer0.irs3.kit.edu,peer,239359708,239359708,0
run_009,removal,removal_1772983228,remove-irs3-member1-1772983228,remove-irs3-member1-1772983228,44,reshare_completed,operation_end,2026-03-08T15:26:21.050240663Z,2026-03-08T15:26:22.400030Z,/var/lib/docker/volumes,fabric_peer1.irs3.kit.edu,other,239358293,239358293,0
run_009,removal,removal_1772983228,remove-irs3-member1-1772983228,remove-irs3-member1-1772983228,44,reshare_completed,operation_end,2026-03-08T15:26:21.050240663Z,2026-03-08T15:26:22.400030Z,/var/lib/docker/volumes,fabric_peer2.irs3.kit.edu,other,239359691,239359691,0
run_009,removal,removal_1772983228,remove-irs3-member1-1772983228,remove-irs3-member1-1772983228,44,reshare_completed,operation_end,2026-03-08T15:26:21.050240663Z,2026-03-08T15:26:22.400030Z,/var/lib/docker/volumes,fabric_peer3.irs3.kit.edu,other,239358272,239358272,0
run_009,join,join_1772983601,join-irs3-1772983601,join-irs3-1772983601,45,operation_start,join_submit_done,2026-03-08T15:26:41.253400Z,2026-03-08T15:26:43.713158Z,/var/lib/docker/volumes,07323924f55a40af409ae862fc14ab08f2d8c06ba282f174beb7e74ff5782926,other,NA,NA,
run_009,join,join_1772983601,join-irs3-1772983601,join-irs3-1772983601,45,operation_start,join_submit_done,2026-03-08T15:26:41.253400Z,2026-03-08T15:26:43.713158Z,/var/lib/docker/volumes,301473890dade69bfa0d19b444d1f0769b67a90d1197c166d84af2511e48f916,other,49770,49770,0
run_009,join,join_1772983601,join-irs3-1772983601,join-irs3-1772983601,45,operation_start,join_submit_done,2026-03-08T15:26:41.253400Z,2026-03-08T15:26:43.713158Z,/var/lib/docker/volumes,6b7bb91b53bcbfeb56b486bba478d97728a3c0004c18649976daaade961a2721,other,NA,NA,
run_009,join,join_1772983601,join-irs3-1772983601,join-irs3-1772983601,45,operation_start,join_submit_done,2026-03-08T15:26:41.253400Z,2026-03-08T15:26:43.713158Z,/var/lib/docker/volumes,791e62bfc17bf044236c3dcb5d77ec82610b27aa4d5f3c78aff2e2842f98f9ee,other,NA,NA,
run_009,join,join_1772983601,join-irs3-1772983601,join-irs3-1772983601,45,operation_start,join_submit_done,2026-03-08T15:26:41.253400Z,2026-03-08T15:26:43.713158Z,/var/lib/docker/volumes,86e46c7349c98bd170ab7467b42f5b1a8fcf1438535fca6ee74a0dcce3856102,other,NA,NA,
run_009,join,join_1772983601,join-irs3-1772983601,join-irs3-1772983601,45,operation_start,join_submit_done,2026-03-08T15:26:41.253400Z,2026-03-08T15:26:43.713158Z,/var/lib/docker/volumes,99ac8c723665556c954d288ca00335f1fae5493d384cb656ecf5a945cc9ae3b8,other,NA,NA,
run_009,join,join_1772983601,join-irs3-1772983601,join-irs3-1772983601,45,operation_start,join_submit_done,2026-03-08T15:26:41.253400Z,2026-03-08T15:26:43.713158Z,/var/lib/docker/volumes,ab96d922f06ec7a94f1b5200e75e480c9ed7eba86fbbe33b5cb9edbe031c6ea8,other,49770,49770,0
run_009,join,join_1772983601,join-irs3-1772983601,join-irs3-1772983601,45,operation_start,join_submit_done,2026-03-08T15:26:41.253400Z,2026-03-08T15:26:43.713158Z,/var/lib/docker/volumes,c58c4c31a22da439d2b7f591fd40cdcdd9bb8458f543e682f66d858083ef9ea8,other,NA,NA,
run_009,join,join_1772983601,join-irs3-1772983601,join-irs3-1772983601,45,operation_start,join_submit_done,2026-03-08T15:26:41.253400Z,2026-03-08T15:26:43.713158Z,/var/lib/docker/volumes,d9b7785a06954372515977133a1213437b80c5db1517196ca5e26134d3413ccf,other,NA,NA,
run_009,join,join_1772983601,join-irs3-1772983601,join-irs3-1772983601,45,operation_start,join_submit_done,2026-03-08T15:26:41.253400Z,2026-03-08T15:26:43.713158Z,/var/lib/docker/volumes,dfb0ca7b4b9cad4ec8515f6484cd89e2febfe10817782070636d5b3db6848438,other,NA,NA,
run_009,join,join_1772983601,join-irs3-1772983601,join-irs3-1772983601,45,operation_start,join_submit_done,2026-03-08T15:26:41.253400Z,2026-03-08T15:26:43.713158Z,/var/lib/docker/volumes,fabric_orderer.kit.edu,orderer,402074753,402084988,10235
run_009,join,join_1772983601,join-irs3-1772983601,join-irs3-1772983601,45,operation_start,join_submit_done,2026-03-08T15:26:41.253400Z,2026-03-08T15:26:43.713158Z,/var/lib/docker/volumes,fabric_peer0.irs1.kit.edu,other,5006,5006,0
run_009,join,join_1772983601,join-irs3-1772983601,join-irs3-1772983601,45,operation_start,join_submit_done,2026-03-08T15:26:41.253400Z,2026-03-08T15:26:43.713158Z,/var/lib/docker/volumes,fabric_peer0.irs3.kit.edu,peer,239359708,239371842,12134
run_009,join,join_1772983601,join-irs3-1772983601,join-irs3-1772983601,45,operation_start,join_submit_done,2026-03-08T15:26:41.253400Z,2026-03-08T15:26:43.713158Z,/var/lib/docker/volumes,fabric_peer1.irs3.kit.edu,other,239358293,239370427,12134
run_009,join,join_1772983601,join-irs3-1772983601,join-irs3-1772983601,45,operation_start,join_submit_done,2026-03-08T15:26:41.253400Z,2026-03-08T15:26:43.713158Z,/var/lib/docker/volumes,fabric_peer2.irs3.kit.edu,other,239359691,239371825,12134
run_009,join,join_1772983601,join-irs3-1772983601,join-irs3-1772983601,45,operation_start,join_submit_done,2026-03-08T15:26:41.253400Z,2026-03-08T15:26:43.713158Z,/var/lib/docker/volumes,fabric_peer3.irs3.kit.edu,other,239358272,239370406,12134
run_009,join,join_1772983601,join-irs3-1772983601,join-irs3-1772983601,45,join_submit_done,join_voted,2026-03-08T15:26:43.713158Z,2026-03-08T15:26:46.21088963Z,/var/lib/docker/volumes,07323924f55a40af409ae862fc14ab08f2d8c06ba282f174beb7e74ff5782926,other,NA,NA,
run_009,join,join_1772983601,join-irs3-1772983601,join-irs3-1772983601,45,join_submit_done,join_voted,2026-03-08T15:26:43.713158Z,2026-03-08T15:26:46.21088963Z,/var/lib/docker/volumes,301473890dade69bfa0d19b444d1f0769b67a90d1197c166d84af2511e48f916,other,49770,49770,0
run_009,join,join_1772983601,join-irs3-1772983601,join-irs3-1772983601,45,join_submit_done,join_voted,2026-03-08T15:26:43.713158Z,2026-03-08T15:26:46.21088963Z,/var/lib/docker/volumes,6b7bb91b53bcbfeb56b486bba478d97728a3c0004c18649976daaade961a2721,other,NA,NA,
run_009,join,join_1772983601,join-irs3-1772983601,join-irs3-1772983601,45,join_submit_done,join_voted,2026-03-08T15:26:43.713158Z,2026-03-08T15:26:46.21088963Z,/var/lib/docker/volumes,791e62bfc17bf044236c3dcb5d77ec82610b27aa4d5f3c78aff2e2842f98f9ee,other,NA,NA,
run_009,join,join_1772983601,join-irs3-1772983601,join-irs3-1772983601,45,join_submit_done,join_voted,2026-03-08T15:26:43.713158Z,2026-03-08T15:26:46.21088963Z,/var/lib/docker/volumes,86e46c7349c98bd170ab7467b42f5b1a8fcf1438535fca6ee74a0dcce3856102,other,NA,NA,
run_009,join,join_1772983601,join-irs3-1772983601,join-irs3-1772983601,45,join_submit_done,join_voted,2026-03-08T15:26:43.713158Z,2026-03-08T15:26:46.21088963Z,/var/lib/docker/volumes,99ac8c723665556c954d288ca00335f1fae5493d384cb656ecf5a945cc9ae3b8,other,NA,NA,
run_009,join,join_1772983601,join-irs3-1772983601,join-irs3-1772983601,45,join_submit_done,join_voted,2026-03-08T15:26:43.713158Z,2026-03-08T15:26:46.21088963Z,/var/lib/docker/volumes,ab96d922f06ec7a94f1b5200e75e480c9ed7eba86fbbe33b5cb9edbe031c6ea8,other,49770,49770,0
run_009,join,join_1772983601,join-irs3-1772983601,join-irs3-1772983601,45,join_submit_done,join_voted,2026-03-08T15:26:43.713158Z,2026-03-08T15:26:46.21088963Z,/var/lib/docker/volumes,c58c4c31a22da439d2b7f591fd40cdcdd9bb8458f543e682f66d858083ef9ea8,other,NA,NA,
run_009,join,join_1772983601,join-irs3-1772983601,join-irs3-1772983601,45,join_submit_done,join_voted,2026-03-08T15:26:43.713158Z,2026-03-08T15:26:46.21088963Z,/var/lib/docker/volumes,d9b7785a06954372515977133a1213437b80c5db1517196ca5e26134d3413ccf,other,NA,NA,
run_009,join,join_1772983601,join-irs3-1772983601,join-irs3-1772983601,45,join_submit_done,join_voted,2026-03-08T15:26:43.713158Z,2026-03-08T15:26:46.21088963Z,/var/lib/docker/volumes,dfb0ca7b4b9cad4ec8515f6484cd89e2febfe10817782070636d5b3db6848438,other,NA,NA,
run_009,join,join_1772983601,join-irs3-1772983601,join-irs3-1772983601,45,join_submit_done,join_voted,2026-03-08T15:26:43.713158Z,2026-03-08T15:26:46.21088963Z,/var/lib/docker/volumes,fabric_orderer.kit.edu,orderer,402084988,402221727,136739
run_009,join,join_1772983601,join-irs3-1772983601,join-irs3-1772983601,45,join_submit_done,join_voted,2026-03-08T15:26:43.713158Z,2026-03-08T15:26:46.21088963Z,/var/lib/docker/volumes,fabric_peer0.irs1.kit.edu,other,5006,5006,0
run_009,join,join_1772983601,join-irs3-1772983601,join-irs3-1772983601,45,join_submit_done,join_voted,2026-03-08T15:26:43.713158Z,2026-03-08T15:26:46.21088963Z,/var/lib/docker/volumes,fabric_peer0.irs3.kit.edu,peer,239371842,239516321,144479
run_009,join,join_1772983601,join-irs3-1772983601,join-irs3-1772983601,45,join_submit_done,join_voted,2026-03-08T15:26:43.713158Z,2026-03-08T15:26:46.21088963Z,/var/lib/docker/volumes,fabric_peer1.irs3.kit.edu,other,239370427,239514906,144479
run_009,join,join_1772983601,join-irs3-1772983601,join-irs3-1772983601,45,join_submit_done,join_voted,2026-03-08T15:26:43.713158Z,2026-03-08T15:26:46.21088963Z,/var/lib/docker/volumes,fabric_peer2.irs3.kit.edu,other,239371825,239516304,144479
run_009,join,join_1772983601,join-irs3-1772983601,join-irs3-1772983601,45,join_submit_done,join_voted,2026-03-08T15:26:43.713158Z,2026-03-08T15:26:46.21088963Z,/var/lib/docker/volumes,fabric_peer3.irs3.kit.edu,other,239370406,239514885,144479
run_009,join,join_1772983601,join-irs3-1772983601,join-irs3-1772983601,45,join_voted,join_approved,2026-03-08T15:26:46.21088963Z,2026-03-08T15:27:04.64024672Z,/var/lib/docker/volumes,07323924f55a40af409ae862fc14ab08f2d8c06ba282f174beb7e74ff5782926,other,NA,NA,
run_009,join,join_1772983601,join-irs3-1772983601,join-irs3-1772983601,45,join_voted,join_approved,2026-03-08T15:26:46.21088963Z,2026-03-08T15:27:04.64024672Z,/var/lib/docker/volumes,301473890dade69bfa0d19b444d1f0769b67a90d1197c166d84af2511e48f916,other,49770,49770,0
run_009,join,join_1772983601,join-irs3-1772983601,join-irs3-1772983601,45,join_voted,join_approved,2026-03-08T15:26:46.21088963Z,2026-03-08T15:27:04.64024672Z,/var/lib/docker/volumes,6b7bb91b53bcbfeb56b486bba478d97728a3c0004c18649976daaade961a2721,other,NA,NA,
run_009,join,join_1772983601,join-irs3-1772983601,join-irs3-1772983601,45,join_voted,join_approved,2026-03-08T15:26:46.21088963Z,2026-03-08T15:27:04.64024672Z,/var/lib/docker/volumes,791e62bfc17bf044236c3dcb5d77ec82610b27aa4d5f3c78aff2e2842f98f9ee,other,NA,NA,
run_009,join,join_1772983601,join-irs3-1772983601,join-irs3-1772983601,45,join_voted,join_approved,2026-03-08T15:26:46.21088963Z,2026-03-08T15:27:04.64024672Z,/var/lib/docker/volumes,86e46c7349c98bd170ab7467b42f5b1a8fcf1438535fca6ee74a0dcce3856102,other,NA,NA,
run_009,join,join_1772983601,join-irs3-1772983601,join-irs3-1772983601,45,join_voted,join_approved,2026-03-08T15:26:46.21088963Z,2026-03-08T15:27:04.64024672Z,/var/lib/docker/volumes,99ac8c723665556c954d288ca00335f1fae5493d384cb656ecf5a945cc9ae3b8,other,NA,NA,
run_009,join,join_1772983601,join-irs3-1772983601,join-irs3-1772983601,45,join_voted,join_approved,2026-03-08T15:26:46.21088963Z,2026-03-08T15:27:04.64024672Z,/var/lib/docker/volumes,ab96d922f06ec7a94f1b5200e75e480c9ed7eba86fbbe33b5cb9edbe031c6ea8,other,49770,49770,0
run_009,join,join_1772983601,join-irs3-1772983601,join-irs3-1772983601,45,join_voted,join_approved,2026-03-08T15:26:46.21088963Z,2026-03-08T15:27:04.64024672Z,/var/lib/docker/volumes,c58c4c31a22da439d2b7f591fd40cdcdd9bb8458f543e682f66d858083ef9ea8,other,NA,NA,
run_009,join,join_1772983601,join-irs3-1772983601,join-irs3-1772983601,45,join_voted,join_approved,2026-03-08T15:26:46.21088963Z,2026-03-08T15:27:04.64024672Z,/var/lib/docker/volumes,d9b7785a06954372515977133a1213437b80c5db1517196ca5e26134d3413ccf,other,NA,NA,
run_009,join,join_1772983601,join-irs3-1772983601,join-irs3-1772983601,45,join_voted,join_approved,2026-03-08T15:26:46.21088963Z,2026-03-08T15:27:04.64024672Z,/var/lib/docker/volumes,dfb0ca7b4b9cad4ec8515f6484cd89e2febfe10817782070636d5b3db6848438,other,NA,NA,
run_009,join,join_1772983601,join-irs3-1772983601,join-irs3-1772983601,45,join_voted,join_approved,2026-03-08T15:26:46.21088963Z,2026-03-08T15:27:04.64024672Z,/var/lib/docker/volumes,fabric_orderer.kit.edu,orderer,402221727,402865916,644189
run_009,join,join_1772983601,join-irs3-1772983601,join-irs3-1772983601,45,join_voted,join_approved,2026-03-08T15:26:46.21088963Z,2026-03-08T15:27:04.64024672Z,/var/lib/docker/volumes,fabric_peer0.irs1.kit.edu,other,5006,5006,0
run_009,join,join_1772983601,join-irs3-1772983601,join-irs3-1772983601,45,join_voted,join_approved,2026-03-08T15:26:46.21088963Z,2026-03-08T15:27:04.64024672Z,/var/lib/docker/volumes,fabric_peer0.irs3.kit.edu,peer,239516321,240210208,693887
run_009,join,join_1772983601,join-irs3-1772983601,join-irs3-1772983601,45,join_voted,join_approved,2026-03-08T15:26:46.21088963Z,2026-03-08T15:27:04.64024672Z,/var/lib/docker/volumes,fabric_peer1.irs3.kit.edu,other,239514906,240208793,693887
run_009,join,join_1772983601,join-irs3-1772983601,join-irs3-1772983601,45,join_voted,join_approved,2026-03-08T15:26:46.21088963Z,2026-03-08T15:27:04.64024672Z,/var/lib/docker/volumes,fabric_peer2.irs3.kit.edu,other,239516304,240210191,693887
run_009,join,join_1772983601,join-irs3-1772983601,join-irs3-1772983601,45,join_voted,join_approved,2026-03-08T15:26:46.21088963Z,2026-03-08T15:27:04.64024672Z,/var/lib/docker/volumes,fabric_peer3.irs3.kit.edu,other,239514885,240208772,693887
run_009,join,join_1772983601,join-irs3-1772983601,join-irs3-1772983601,45,join_approved,reshare_started,2026-03-08T15:27:04.64024672Z,2026-03-08T15:27:06.369471Z,/var/lib/docker/volumes,07323924f55a40af409ae862fc14ab08f2d8c06ba282f174beb7e74ff5782926,other,NA,NA,
run_009,join,join_1772983601,join-irs3-1772983601,join-irs3-1772983601,45,join_approved,reshare_started,2026-03-08T15:27:04.64024672Z,2026-03-08T15:27:06.369471Z,/var/lib/docker/volumes,301473890dade69bfa0d19b444d1f0769b67a90d1197c166d84af2511e48f916,other,49770,49770,0
run_009,join,join_1772983601,join-irs3-1772983601,join-irs3-1772983601,45,join_approved,reshare_started,2026-03-08T15:27:04.64024672Z,2026-03-08T15:27:06.369471Z,/var/lib/docker/volumes,6b7bb91b53bcbfeb56b486bba478d97728a3c0004c18649976daaade961a2721,other,NA,NA,
run_009,join,join_1772983601,join-irs3-1772983601,join-irs3-1772983601,45,join_approved,reshare_started,2026-03-08T15:27:04.64024672Z,2026-03-08T15:27:06.369471Z,/var/lib/docker/volumes,791e62bfc17bf044236c3dcb5d77ec82610b27aa4d5f3c78aff2e2842f98f9ee,other,NA,NA,
run_009,join,join_1772983601,join-irs3-1772983601,join-irs3-1772983601,45,join_approved,reshare_started,2026-03-08T15:27:04.64024672Z,2026-03-08T15:27:06.369471Z,/var/lib/docker/volumes,86e46c7349c98bd170ab7467b42f5b1a8fcf1438535fca6ee74a0dcce3856102,other,NA,NA,
run_009,join,join_1772983601,join-irs3-1772983601,join-irs3-1772983601,45,join_approved,reshare_started,2026-03-08T15:27:04.64024672Z,2026-03-08T15:27:06.369471Z,/var/lib/docker/volumes,99ac8c723665556c954d288ca00335f1fae5493d384cb656ecf5a945cc9ae3b8,other,NA,NA,
run_009,join,join_1772983601,join-irs3-1772983601,join-irs3-1772983601,45,join_approved,reshare_started,2026-03-08T15:27:04.64024672Z,2026-03-08T15:27:06.369471Z,/var/lib/docker/volumes,ab96d922f06ec7a94f1b5200e75e480c9ed7eba86fbbe33b5cb9edbe031c6ea8,other,49770,49770,0
run_009,join,join_1772983601,join-irs3-1772983601,join-irs3-1772983601,45,join_approved,reshare_started,2026-03-08T15:27:04.64024672Z,2026-03-08T15:27:06.369471Z,/var/lib/docker/volumes,c58c4c31a22da439d2b7f591fd40cdcdd9bb8458f543e682f66d858083ef9ea8,other,NA,NA,
run_009,join,join_1772983601,join-irs3-1772983601,join-irs3-1772983601,45,join_approved,reshare_started,2026-03-08T15:27:04.64024672Z,2026-03-08T15:27:06.369471Z,/var/lib/docker/volumes,d9b7785a06954372515977133a1213437b80c5db1517196ca5e26134d3413ccf,other,NA,NA,
run_009,join,join_1772983601,join-irs3-1772983601,join-irs3-1772983601,45,join_approved,reshare_started,2026-03-08T15:27:04.64024672Z,2026-03-08T15:27:06.369471Z,/var/lib/docker/volumes,dfb0ca7b4b9cad4ec8515f6484cd89e2febfe10817782070636d5b3db6848438,other,NA,NA,
run_009,join,join_1772983601,join-irs3-1772983601,join-irs3-1772983601,45,join_approved,reshare_started,2026-03-08T15:27:04.64024672Z,2026-03-08T15:27:06.369471Z,/var/lib/docker/volumes,fabric_orderer.kit.edu,orderer,402865916,402865916,0
run_009,join,join_1772983601,join-irs3-1772983601,join-irs3-1772983601,45,join_approved,reshare_started,2026-03-08T15:27:04.64024672Z,2026-03-08T15:27:06.369471Z,/var/lib/docker/volumes,fabric_peer0.irs1.kit.edu,other,5006,5006,0
run_009,join,join_1772983601,join-irs3-1772983601,join-irs3-1772983601,45,join_approved,reshare_started,2026-03-08T15:27:04.64024672Z,2026-03-08T15:27:06.369471Z,/var/lib/docker/volumes,fabric_peer0.irs3.kit.edu,peer,240210208,240210208,0
run_009,join,join_1772983601,join-irs3-1772983601,join-irs3-1772983601,45,join_approved,reshare_started,2026-03-08T15:27:04.64024672Z,2026-03-08T15:27:06.369471Z,/var/lib/docker/volumes,fabric_peer1.irs3.kit.edu,other,240208793,240208793,0
run_009,join,join_1772983601,join-irs3-1772983601,join-irs3-1772983601,45,join_approved,reshare_started,2026-03-08T15:27:04.64024672Z,2026-03-08T15:27:06.369471Z,/var/lib/docker/volumes,fabric_peer2.irs3.kit.edu,other,240210191,240210191,0
run_009,join,join_1772983601,join-irs3-1772983601,join-irs3-1772983601,45,join_approved,reshare_started,2026-03-08T15:27:04.64024672Z,2026-03-08T15:27:06.369471Z,/var/lib/docker/volumes,fabric_peer3.irs3.kit.edu,other,240208772,240208772,0
run_009,join,join_1772983601,join-irs3-1772983601,join-irs3-1772983601,45,reshare_started,reshare_completed,2026-03-08T15:27:06.369471Z,2026-03-08T15:30:45.641895947Z,/var/lib/docker/volumes,07323924f55a40af409ae862fc14ab08f2d8c06ba282f174beb7e74ff5782926,other,NA,NA,
run_009,join,join_1772983601,join-irs3-1772983601,join-irs3-1772983601,45,reshare_started,reshare_completed,2026-03-08T15:27:06.369471Z,2026-03-08T15:30:45.641895947Z,/var/lib/docker/volumes,301473890dade69bfa0d19b444d1f0769b67a90d1197c166d84af2511e48f916,other,49770,49770,0
run_009,join,join_1772983601,join-irs3-1772983601,join-irs3-1772983601,45,reshare_started,reshare_completed,2026-03-08T15:27:06.369471Z,2026-03-08T15:30:45.641895947Z,/var/lib/docker/volumes,6b7bb91b53bcbfeb56b486bba478d97728a3c0004c18649976daaade961a2721,other,NA,NA,
run_009,join,join_1772983601,join-irs3-1772983601,join-irs3-1772983601,45,reshare_started,reshare_completed,2026-03-08T15:27:06.369471Z,2026-03-08T15:30:45.641895947Z,/var/lib/docker/volumes,791e62bfc17bf044236c3dcb5d77ec82610b27aa4d5f3c78aff2e2842f98f9ee,other,NA,NA,
run_009,join,join_1772983601,join-irs3-1772983601,join-irs3-1772983601,45,reshare_started,reshare_completed,2026-03-08T15:27:06.369471Z,2026-03-08T15:30:45.641895947Z,/var/lib/docker/volumes,86e46c7349c98bd170ab7467b42f5b1a8fcf1438535fca6ee74a0dcce3856102,other,NA,NA,
run_009,join,join_1772983601,join-irs3-1772983601,join-irs3-1772983601,45,reshare_started,reshare_completed,2026-03-08T15:27:06.369471Z,2026-03-08T15:30:45.641895947Z,/var/lib/docker/volumes,99ac8c723665556c954d288ca00335f1fae5493d384cb656ecf5a945cc9ae3b8,other,NA,NA,
run_009,join,join_1772983601,join-irs3-1772983601,join-irs3-1772983601,45,reshare_started,reshare_completed,2026-03-08T15:27:06.369471Z,2026-03-08T15:30:45.641895947Z,/var/lib/docker/volumes,ab96d922f06ec7a94f1b5200e75e480c9ed7eba86fbbe33b5cb9edbe031c6ea8,other,49770,49770,0
run_009,join,join_1772983601,join-irs3-1772983601,join-irs3-1772983601,45,reshare_started,reshare_completed,2026-03-08T15:27:06.369471Z,2026-03-08T15:30:45.641895947Z,/var/lib/docker/volumes,c58c4c31a22da439d2b7f591fd40cdcdd9bb8458f543e682f66d858083ef9ea8,other,NA,NA,
run_009,join,join_1772983601,join-irs3-1772983601,join-irs3-1772983601,45,reshare_started,reshare_completed,2026-03-08T15:27:06.369471Z,2026-03-08T15:30:45.641895947Z,/var/lib/docker/volumes,d9b7785a06954372515977133a1213437b80c5db1517196ca5e26134d3413ccf,other,NA,NA,
run_009,join,join_1772983601,join-irs3-1772983601,join-irs3-1772983601,45,reshare_started,reshare_completed,2026-03-08T15:27:06.369471Z,2026-03-08T15:30:45.641895947Z,/var/lib/docker/volumes,dfb0ca7b4b9cad4ec8515f6484cd89e2febfe10817782070636d5b3db6848438,other,NA,NA,
run_009,join,join_1772983601,join-irs3-1772983601,join-irs3-1772983601,45,reshare_started,reshare_completed,2026-03-08T15:27:06.369471Z,2026-03-08T15:30:45.641895947Z,/var/lib/docker/volumes,fabric_orderer.kit.edu,orderer,402865916,404759780,1893864
run_009,join,join_1772983601,join-irs3-1772983601,join-irs3-1772983601,45,reshare_started,reshare_completed,2026-03-08T15:27:06.369471Z,2026-03-08T15:30:45.641895947Z,/var/lib/docker/volumes,fabric_peer0.irs1.kit.edu,other,5006,5006,0
run_009,join,join_1772983601,join-irs3-1772983601,join-irs3-1772983601,45,reshare_started,reshare_completed,2026-03-08T15:27:06.369471Z,2026-03-08T15:30:45.641895947Z,/var/lib/docker/volumes,fabric_peer0.irs3.kit.edu,peer,240210208,242326570,2116362
run_009,join,join_1772983601,join-irs3-1772983601,join-irs3-1772983601,45,reshare_started,reshare_completed,2026-03-08T15:27:06.369471Z,2026-03-08T15:30:45.641895947Z,/var/lib/docker/volumes,fabric_peer1.irs3.kit.edu,other,240208793,242325231,2116438
run_009,join,join_1772983601,join-irs3-1772983601,join-irs3-1772983601,45,reshare_started,reshare_completed,2026-03-08T15:27:06.369471Z,2026-03-08T15:30:45.641895947Z,/var/lib/docker/volumes,fabric_peer2.irs3.kit.edu,other,240210191,242326629,2116438
run_009,join,join_1772983601,join-irs3-1772983601,join-irs3-1772983601,45,reshare_started,reshare_completed,2026-03-08T15:27:06.369471Z,2026-03-08T15:30:45.641895947Z,/var/lib/docker/volumes,fabric_peer3.irs3.kit.edu,other,240208772,242325210,2116438
run_009,join,join_1772983601,join-irs3-1772983601,join-irs3-1772983601,45,reshare_completed,operation_end,2026-03-08T15:30:45.641895947Z,2026-03-08T15:32:06.036596Z,/var/lib/docker/volumes,07323924f55a40af409ae862fc14ab08f2d8c06ba282f174beb7e74ff5782926,other,NA,NA,
run_009,join,join_1772983601,join-irs3-1772983601,join-irs3-1772983601,45,reshare_completed,operation_end,2026-03-08T15:30:45.641895947Z,2026-03-08T15:32:06.036596Z,/var/lib/docker/volumes,301473890dade69bfa0d19b444d1f0769b67a90d1197c166d84af2511e48f916,other,49770,49770,0
run_009,join,join_1772983601,join-irs3-1772983601,join-irs3-1772983601,45,reshare_completed,operation_end,2026-03-08T15:30:45.641895947Z,2026-03-08T15:32:06.036596Z,/var/lib/docker/volumes,6b7bb91b53bcbfeb56b486bba478d97728a3c0004c18649976daaade961a2721,other,NA,NA,
run_009,join,join_1772983601,join-irs3-1772983601,join-irs3-1772983601,45,reshare_completed,operation_end,2026-03-08T15:30:45.641895947Z,2026-03-08T15:32:06.036596Z,/var/lib/docker/volumes,791e62bfc17bf044236c3dcb5d77ec82610b27aa4d5f3c78aff2e2842f98f9ee,other,NA,NA,
run_009,join,join_1772983601,join-irs3-1772983601,join-irs3-1772983601,45,reshare_completed,operation_end,2026-03-08T15:30:45.641895947Z,2026-03-08T15:32:06.036596Z,/var/lib/docker/volumes,86e46c7349c98bd170ab7467b42f5b1a8fcf1438535fca6ee74a0dcce3856102,other,NA,NA,
run_009,join,join_1772983601,join-irs3-1772983601,join-irs3-1772983601,45,reshare_completed,operation_end,2026-03-08T15:30:45.641895947Z,2026-03-08T15:32:06.036596Z,/var/lib/docker/volumes,99ac8c723665556c954d288ca00335f1fae5493d384cb656ecf5a945cc9ae3b8,other,NA,NA,
run_009,join,join_1772983601,join-irs3-1772983601,join-irs3-1772983601,45,reshare_completed,operation_end,2026-03-08T15:30:45.641895947Z,2026-03-08T15:32:06.036596Z,/var/lib/docker/volumes,ab96d922f06ec7a94f1b5200e75e480c9ed7eba86fbbe33b5cb9edbe031c6ea8,other,49770,49770,0
run_009,join,join_1772983601,join-irs3-1772983601,join-irs3-1772983601,45,reshare_completed,operation_end,2026-03-08T15:30:45.641895947Z,2026-03-08T15:32:06.036596Z,/var/lib/docker/volumes,c58c4c31a22da439d2b7f591fd40cdcdd9bb8458f543e682f66d858083ef9ea8,other,NA,NA,
run_009,join,join_1772983601,join-irs3-1772983601,join-irs3-1772983601,45,reshare_completed,operation_end,2026-03-08T15:30:45.641895947Z,2026-03-08T15:32:06.036596Z,/var/lib/docker/volumes,d9b7785a06954372515977133a1213437b80c5db1517196ca5e26134d3413ccf,other,NA,NA,
run_009,join,join_1772983601,join-irs3-1772983601,join-irs3-1772983601,45,reshare_completed,operation_end,2026-03-08T15:30:45.641895947Z,2026-03-08T15:32:06.036596Z,/var/lib/docker/volumes,dfb0ca7b4b9cad4ec8515f6484cd89e2febfe10817782070636d5b3db6848438,other,NA,NA,
run_009,join,join_1772983601,join-irs3-1772983601,join-irs3-1772983601,45,reshare_completed,operation_end,2026-03-08T15:30:45.641895947Z,2026-03-08T15:32:06.036596Z,/var/lib/docker/volumes,fabric_orderer.kit.edu,orderer,404759780,410279682,5519902
run_009,join,join_1772983601,join-irs3-1772983601,join-irs3-1772983601,45,reshare_completed,operation_end,2026-03-08T15:30:45.641895947Z,2026-03-08T15:32:06.036596Z,/var/lib/docker/volumes,fabric_peer0.irs1.kit.edu,other,5006,5006,0
run_009,join,join_1772983601,join-irs3-1772983601,join-irs3-1772983601,45,reshare_completed,operation_end,2026-03-08T15:30:45.641895947Z,2026-03-08T15:32:06.036596Z,/var/lib/docker/volumes,fabric_peer0.irs3.kit.edu,peer,242326570,248329553,6002983
run_009,join,join_1772983601,join-irs3-1772983601,join-irs3-1772983601,45,reshare_completed,operation_end,2026-03-08T15:30:45.641895947Z,2026-03-08T15:32:06.036596Z,/var/lib/docker/volumes,fabric_peer1.irs3.kit.edu,other,242325231,248328138,6002907
run_009,join,join_1772983601,join-irs3-1772983601,join-irs3-1772983601,45,reshare_completed,operation_end,2026-03-08T15:30:45.641895947Z,2026-03-08T15:32:06.036596Z,/var/lib/docker/volumes,fabric_peer2.irs3.kit.edu,other,242326629,248329536,6002907
run_009,join,join_1772983601,join-irs3-1772983601,join-irs3-1772983601,45,reshare_completed,operation_end,2026-03-08T15:30:45.641895947Z,2026-03-08T15:32:06.036596Z,/var/lib/docker/volumes,fabric_peer3.irs3.kit.edu,other,242325210,248328117,6002907
run_010,csr,csr_1772983934,csr-irs3-1772983934,csr-irs3-1772983934,,operation_start,csr_submit_done,2026-03-08T15:32:14.557800Z,2026-03-08T15:32:16.901708Z,/var/lib/docker/volumes,07323924f55a40af409ae862fc14ab08f2d8c06ba282f174beb7e74ff5782926,other,NA,NA,
run_010,csr,csr_1772983934,csr-irs3-1772983934,csr-irs3-1772983934,,operation_start,csr_submit_done,2026-03-08T15:32:14.557800Z,2026-03-08T15:32:16.901708Z,/var/lib/docker/volumes,301473890dade69bfa0d19b444d1f0769b67a90d1197c166d84af2511e48f916,other,49770,49770,0
run_010,csr,csr_1772983934,csr-irs3-1772983934,csr-irs3-1772983934,,operation_start,csr_submit_done,2026-03-08T15:32:14.557800Z,2026-03-08T15:32:16.901708Z,/var/lib/docker/volumes,6b7bb91b53bcbfeb56b486bba478d97728a3c0004c18649976daaade961a2721,other,NA,NA,
run_010,csr,csr_1772983934,csr-irs3-1772983934,csr-irs3-1772983934,,operation_start,csr_submit_done,2026-03-08T15:32:14.557800Z,2026-03-08T15:32:16.901708Z,/var/lib/docker/volumes,791e62bfc17bf044236c3dcb5d77ec82610b27aa4d5f3c78aff2e2842f98f9ee,other,NA,NA,
run_010,csr,csr_1772983934,csr-irs3-1772983934,csr-irs3-1772983934,,operation_start,csr_submit_done,2026-03-08T15:32:14.557800Z,2026-03-08T15:32:16.901708Z,/var/lib/docker/volumes,86e46c7349c98bd170ab7467b42f5b1a8fcf1438535fca6ee74a0dcce3856102,other,NA,NA,
run_010,csr,csr_1772983934,csr-irs3-1772983934,csr-irs3-1772983934,,operation_start,csr_submit_done,2026-03-08T15:32:14.557800Z,2026-03-08T15:32:16.901708Z,/var/lib/docker/volumes,99ac8c723665556c954d288ca00335f1fae5493d384cb656ecf5a945cc9ae3b8,other,NA,NA,
run_010,csr,csr_1772983934,csr-irs3-1772983934,csr-irs3-1772983934,,operation_start,csr_submit_done,2026-03-08T15:32:14.557800Z,2026-03-08T15:32:16.901708Z,/var/lib/docker/volumes,ab96d922f06ec7a94f1b5200e75e480c9ed7eba86fbbe33b5cb9edbe031c6ea8,other,49770,49770,0
run_010,csr,csr_1772983934,csr-irs3-1772983934,csr-irs3-1772983934,,operation_start,csr_submit_done,2026-03-08T15:32:14.557800Z,2026-03-08T15:32:16.901708Z,/var/lib/docker/volumes,c58c4c31a22da439d2b7f591fd40cdcdd9bb8458f543e682f66d858083ef9ea8,other,NA,NA,
run_010,csr,csr_1772983934,csr-irs3-1772983934,csr-irs3-1772983934,,operation_start,csr_submit_done,2026-03-08T15:32:14.557800Z,2026-03-08T15:32:16.901708Z,/var/lib/docker/volumes,d9b7785a06954372515977133a1213437b80c5db1517196ca5e26134d3413ccf,other,NA,NA,
run_010,csr,csr_1772983934,csr-irs3-1772983934,csr-irs3-1772983934,,operation_start,csr_submit_done,2026-03-08T15:32:14.557800Z,2026-03-08T15:32:16.901708Z,/var/lib/docker/volumes,dfb0ca7b4b9cad4ec8515f6484cd89e2febfe10817782070636d5b3db6848438,other,NA,NA,
run_010,csr,csr_1772983934,csr-irs3-1772983934,csr-irs3-1772983934,,operation_start,csr_submit_done,2026-03-08T15:32:14.557800Z,2026-03-08T15:32:16.901708Z,/var/lib/docker/volumes,fabric_orderer.kit.edu,orderer,410279682,410288251,8569
run_010,csr,csr_1772983934,csr-irs3-1772983934,csr-irs3-1772983934,,operation_start,csr_submit_done,2026-03-08T15:32:14.557800Z,2026-03-08T15:32:16.901708Z,/var/lib/docker/volumes,fabric_peer0.irs1.kit.edu,other,5006,5006,0
run_010,csr,csr_1772983934,csr-irs3-1772983934,csr-irs3-1772983934,,operation_start,csr_submit_done,2026-03-08T15:32:14.557800Z,2026-03-08T15:32:16.901708Z,/var/lib/docker/volumes,fabric_peer0.irs3.kit.edu,peer,248329553,248340272,10719
run_010,csr,csr_1772983934,csr-irs3-1772983934,csr-irs3-1772983934,,operation_start,csr_submit_done,2026-03-08T15:32:14.557800Z,2026-03-08T15:32:16.901708Z,/var/lib/docker/volumes,fabric_peer1.irs3.kit.edu,other,248328138,248338857,10719
run_010,csr,csr_1772983934,csr-irs3-1772983934,csr-irs3-1772983934,,operation_start,csr_submit_done,2026-03-08T15:32:14.557800Z,2026-03-08T15:32:16.901708Z,/var/lib/docker/volumes,fabric_peer2.irs3.kit.edu,other,248329536,248340255,10719
run_010,csr,csr_1772983934,csr-irs3-1772983934,csr-irs3-1772983934,,operation_start,csr_submit_done,2026-03-08T15:32:14.557800Z,2026-03-08T15:32:16.901708Z,/var/lib/docker/volumes,fabric_peer3.irs3.kit.edu,other,248328117,248338836,10719
run_010,csr,csr_1772983934,csr-irs3-1772983934,csr-irs3-1772983934,,csr_submit_done,csr_voted,2026-03-08T15:32:16.901708Z,2026-03-08T15:32:19.262154574Z,/var/lib/docker/volumes,07323924f55a40af409ae862fc14ab08f2d8c06ba282f174beb7e74ff5782926,other,NA,NA,
run_010,csr,csr_1772983934,csr-irs3-1772983934,csr-irs3-1772983934,,csr_submit_done,csr_voted,2026-03-08T15:32:16.901708Z,2026-03-08T15:32:19.262154574Z,/var/lib/docker/volumes,301473890dade69bfa0d19b444d1f0769b67a90d1197c166d84af2511e48f916,other,49770,49770,0
run_010,csr,csr_1772983934,csr-irs3-1772983934,csr-irs3-1772983934,,csr_submit_done,csr_voted,2026-03-08T15:32:16.901708Z,2026-03-08T15:32:19.262154574Z,/var/lib/docker/volumes,6b7bb91b53bcbfeb56b486bba478d97728a3c0004c18649976daaade961a2721,other,NA,NA,
run_010,csr,csr_1772983934,csr-irs3-1772983934,csr-irs3-1772983934,,csr_submit_done,csr_voted,2026-03-08T15:32:16.901708Z,2026-03-08T15:32:19.262154574Z,/var/lib/docker/volumes,791e62bfc17bf044236c3dcb5d77ec82610b27aa4d5f3c78aff2e2842f98f9ee,other,NA,NA,
run_010,csr,csr_1772983934,csr-irs3-1772983934,csr-irs3-1772983934,,csr_submit_done,csr_voted,2026-03-08T15:32:16.901708Z,2026-03-08T15:32:19.262154574Z,/var/lib/docker/volumes,86e46c7349c98bd170ab7467b42f5b1a8fcf1438535fca6ee74a0dcce3856102,other,NA,NA,
run_010,csr,csr_1772983934,csr-irs3-1772983934,csr-irs3-1772983934,,csr_submit_done,csr_voted,2026-03-08T15:32:16.901708Z,2026-03-08T15:32:19.262154574Z,/var/lib/docker/volumes,99ac8c723665556c954d288ca00335f1fae5493d384cb656ecf5a945cc9ae3b8,other,NA,NA,
run_010,csr,csr_1772983934,csr-irs3-1772983934,csr-irs3-1772983934,,csr_submit_done,csr_voted,2026-03-08T15:32:16.901708Z,2026-03-08T15:32:19.262154574Z,/var/lib/docker/volumes,ab96d922f06ec7a94f1b5200e75e480c9ed7eba86fbbe33b5cb9edbe031c6ea8,other,49770,49770,0
run_010,csr,csr_1772983934,csr-irs3-1772983934,csr-irs3-1772983934,,csr_submit_done,csr_voted,2026-03-08T15:32:16.901708Z,2026-03-08T15:32:19.262154574Z,/var/lib/docker/volumes,c58c4c31a22da439d2b7f591fd40cdcdd9bb8458f543e682f66d858083ef9ea8,other,NA,NA,
run_010,csr,csr_1772983934,csr-irs3-1772983934,csr-irs3-1772983934,,csr_submit_done,csr_voted,2026-03-08T15:32:16.901708Z,2026-03-08T15:32:19.262154574Z,/var/lib/docker/volumes,d9b7785a06954372515977133a1213437b80c5db1517196ca5e26134d3413ccf,other,NA,NA,
run_010,csr,csr_1772983934,csr-irs3-1772983934,csr-irs3-1772983934,,csr_submit_done,csr_voted,2026-03-08T15:32:16.901708Z,2026-03-08T15:32:19.262154574Z,/var/lib/docker/volumes,dfb0ca7b4b9cad4ec8515f6484cd89e2febfe10817782070636d5b3db6848438,other,NA,NA,
run_010,csr,csr_1772983934,csr-irs3-1772983934,csr-irs3-1772983934,,csr_submit_done,csr_voted,2026-03-08T15:32:16.901708Z,2026-03-08T15:32:19.262154574Z,/var/lib/docker/volumes,fabric_orderer.kit.edu,orderer,410288251,410432018,143767
run_010,csr,csr_1772983934,csr-irs3-1772983934,csr-irs3-1772983934,,csr_submit_done,csr_voted,2026-03-08T15:32:16.901708Z,2026-03-08T15:32:19.262154574Z,/var/lib/docker/volumes,fabric_peer0.irs1.kit.edu,other,5006,5006,0
run_010,csr,csr_1772983934,csr-irs3-1772983934,csr-irs3-1772983934,,csr_submit_done,csr_voted,2026-03-08T15:32:16.901708Z,2026-03-08T15:32:19.262154574Z,/var/lib/docker/volumes,fabric_peer0.irs3.kit.edu,peer,248340272,248492472,152200
run_010,csr,csr_1772983934,csr-irs3-1772983934,csr-irs3-1772983934,,csr_submit_done,csr_voted,2026-03-08T15:32:16.901708Z,2026-03-08T15:32:19.262154574Z,/var/lib/docker/volumes,fabric_peer1.irs3.kit.edu,other,248338857,248491057,152200
run_010,csr,csr_1772983934,csr-irs3-1772983934,csr-irs3-1772983934,,csr_submit_done,csr_voted,2026-03-08T15:32:16.901708Z,2026-03-08T15:32:19.262154574Z,/var/lib/docker/volumes,fabric_peer2.irs3.kit.edu,other,248340255,248492455,152200
run_010,csr,csr_1772983934,csr-irs3-1772983934,csr-irs3-1772983934,,csr_submit_done,csr_voted,2026-03-08T15:32:16.901708Z,2026-03-08T15:32:19.262154574Z,/var/lib/docker/volumes,fabric_peer3.irs3.kit.edu,other,248338836,248491036,152200
run_010,csr,csr_1772983934,csr-irs3-1772983934,csr-irs3-1772983934,,csr_voted,csr_approved,2026-03-08T15:32:19.262154574Z,2026-03-08T15:32:35.761679066Z,/var/lib/docker/volumes,07323924f55a40af409ae862fc14ab08f2d8c06ba282f174beb7e74ff5782926,other,NA,NA,
run_010,csr,csr_1772983934,csr-irs3-1772983934,csr-irs3-1772983934,,csr_voted,csr_approved,2026-03-08T15:32:19.262154574Z,2026-03-08T15:32:35.761679066Z,/var/lib/docker/volumes,301473890dade69bfa0d19b444d1f0769b67a90d1197c166d84af2511e48f916,other,49770,49770,0
run_010,csr,csr_1772983934,csr-irs3-1772983934,csr-irs3-1772983934,,csr_voted,csr_approved,2026-03-08T15:32:19.262154574Z,2026-03-08T15:32:35.761679066Z,/var/lib/docker/volumes,6b7bb91b53bcbfeb56b486bba478d97728a3c0004c18649976daaade961a2721,other,NA,NA,
run_010,csr,csr_1772983934,csr-irs3-1772983934,csr-irs3-1772983934,,csr_voted,csr_approved,2026-03-08T15:32:19.262154574Z,2026-03-08T15:32:35.761679066Z,/var/lib/docker/volumes,791e62bfc17bf044236c3dcb5d77ec82610b27aa4d5f3c78aff2e2842f98f9ee,other,NA,NA,
run_010,csr,csr_1772983934,csr-irs3-1772983934,csr-irs3-1772983934,,csr_voted,csr_approved,2026-03-08T15:32:19.262154574Z,2026-03-08T15:32:35.761679066Z,/var/lib/docker/volumes,86e46c7349c98bd170ab7467b42f5b1a8fcf1438535fca6ee74a0dcce3856102,other,NA,NA,
run_010,csr,csr_1772983934,csr-irs3-1772983934,csr-irs3-1772983934,,csr_voted,csr_approved,2026-03-08T15:32:19.262154574Z,2026-03-08T15:32:35.761679066Z,/var/lib/docker/volumes,99ac8c723665556c954d288ca00335f1fae5493d384cb656ecf5a945cc9ae3b8,other,NA,NA,
run_010,csr,csr_1772983934,csr-irs3-1772983934,csr-irs3-1772983934,,csr_voted,csr_approved,2026-03-08T15:32:19.262154574Z,2026-03-08T15:32:35.761679066Z,/var/lib/docker/volumes,ab96d922f06ec7a94f1b5200e75e480c9ed7eba86fbbe33b5cb9edbe031c6ea8,other,49770,49770,0
run_010,csr,csr_1772983934,csr-irs3-1772983934,csr-irs3-1772983934,,csr_voted,csr_approved,2026-03-08T15:32:19.262154574Z,2026-03-08T15:32:35.761679066Z,/var/lib/docker/volumes,c58c4c31a22da439d2b7f591fd40cdcdd9bb8458f543e682f66d858083ef9ea8,other,NA,NA,
run_010,csr,csr_1772983934,csr-irs3-1772983934,csr-irs3-1772983934,,csr_voted,csr_approved,2026-03-08T15:32:19.262154574Z,2026-03-08T15:32:35.761679066Z,/var/lib/docker/volumes,d9b7785a06954372515977133a1213437b80c5db1517196ca5e26134d3413ccf,other,NA,NA,
run_010,csr,csr_1772983934,csr-irs3-1772983934,csr-irs3-1772983934,,csr_voted,csr_approved,2026-03-08T15:32:19.262154574Z,2026-03-08T15:32:35.761679066Z,/var/lib/docker/volumes,dfb0ca7b4b9cad4ec8515f6484cd89e2febfe10817782070636d5b3db6848438,other,NA,NA,
run_010,csr,csr_1772983934,csr-irs3-1772983934,csr-irs3-1772983934,,csr_voted,csr_approved,2026-03-08T15:32:19.262154574Z,2026-03-08T15:32:35.761679066Z,/var/lib/docker/volumes,fabric_orderer.kit.edu,orderer,410432018,411062533,630515
run_010,csr,csr_1772983934,csr-irs3-1772983934,csr-irs3-1772983934,,csr_voted,csr_approved,2026-03-08T15:32:19.262154574Z,2026-03-08T15:32:35.761679066Z,/var/lib/docker/volumes,fabric_peer0.irs1.kit.edu,other,5006,5006,0
run_010,csr,csr_1772983934,csr-irs3-1772983934,csr-irs3-1772983934,,csr_voted,csr_approved,2026-03-08T15:32:19.262154574Z,2026-03-08T15:32:35.761679066Z,/var/lib/docker/volumes,fabric_peer0.irs3.kit.edu,peer,248492472,249169137,676665
run_010,csr,csr_1772983934,csr-irs3-1772983934,csr-irs3-1772983934,,csr_voted,csr_approved,2026-03-08T15:32:19.262154574Z,2026-03-08T15:32:35.761679066Z,/var/lib/docker/volumes,fabric_peer1.irs3.kit.edu,other,248491057,249167722,676665
run_010,csr,csr_1772983934,csr-irs3-1772983934,csr-irs3-1772983934,,csr_voted,csr_approved,2026-03-08T15:32:19.262154574Z,2026-03-08T15:32:35.761679066Z,/var/lib/docker/volumes,fabric_peer2.irs3.kit.edu,other,248492455,249169120,676665
run_010,csr,csr_1772983934,csr-irs3-1772983934,csr-irs3-1772983934,,csr_voted,csr_approved,2026-03-08T15:32:19.262154574Z,2026-03-08T15:32:35.761679066Z,/var/lib/docker/volumes,fabric_peer3.irs3.kit.edu,other,248491036,249167701,676665
run_010,csr,csr_1772983934,csr-irs3-1772983934,csr-irs3-1772983934,,csr_approved,cert_registered,2026-03-08T15:32:35.761679066Z,2026-03-08T15:34:07.003438683Z,/var/lib/docker/volumes,07323924f55a40af409ae862fc14ab08f2d8c06ba282f174beb7e74ff5782926,other,NA,NA,
run_010,csr,csr_1772983934,csr-irs3-1772983934,csr-irs3-1772983934,,csr_approved,cert_registered,2026-03-08T15:32:35.761679066Z,2026-03-08T15:34:07.003438683Z,/var/lib/docker/volumes,301473890dade69bfa0d19b444d1f0769b67a90d1197c166d84af2511e48f916,other,49770,49770,0
run_010,csr,csr_1772983934,csr-irs3-1772983934,csr-irs3-1772983934,,csr_approved,cert_registered,2026-03-08T15:32:35.761679066Z,2026-03-08T15:34:07.003438683Z,/var/lib/docker/volumes,6b7bb91b53bcbfeb56b486bba478d97728a3c0004c18649976daaade961a2721,other,NA,NA,
run_010,csr,csr_1772983934,csr-irs3-1772983934,csr-irs3-1772983934,,csr_approved,cert_registered,2026-03-08T15:32:35.761679066Z,2026-03-08T15:34:07.003438683Z,/var/lib/docker/volumes,791e62bfc17bf044236c3dcb5d77ec82610b27aa4d5f3c78aff2e2842f98f9ee,other,NA,NA,
run_010,csr,csr_1772983934,csr-irs3-1772983934,csr-irs3-1772983934,,csr_approved,cert_registered,2026-03-08T15:32:35.761679066Z,2026-03-08T15:34:07.003438683Z,/var/lib/docker/volumes,86e46c7349c98bd170ab7467b42f5b1a8fcf1438535fca6ee74a0dcce3856102,other,NA,NA,
run_010,csr,csr_1772983934,csr-irs3-1772983934,csr-irs3-1772983934,,csr_approved,cert_registered,2026-03-08T15:32:35.761679066Z,2026-03-08T15:34:07.003438683Z,/var/lib/docker/volumes,99ac8c723665556c954d288ca00335f1fae5493d384cb656ecf5a945cc9ae3b8,other,NA,NA,
run_010,csr,csr_1772983934,csr-irs3-1772983934,csr-irs3-1772983934,,csr_approved,cert_registered,2026-03-08T15:32:35.761679066Z,2026-03-08T15:34:07.003438683Z,/var/lib/docker/volumes,ab96d922f06ec7a94f1b5200e75e480c9ed7eba86fbbe33b5cb9edbe031c6ea8,other,49770,49770,0
run_010,csr,csr_1772983934,csr-irs3-1772983934,csr-irs3-1772983934,,csr_approved,cert_registered,2026-03-08T15:32:35.761679066Z,2026-03-08T15:34:07.003438683Z,/var/lib/docker/volumes,c58c4c31a22da439d2b7f591fd40cdcdd9bb8458f543e682f66d858083ef9ea8,other,NA,NA,
run_010,csr,csr_1772983934,csr-irs3-1772983934,csr-irs3-1772983934,,csr_approved,cert_registered,2026-03-08T15:32:35.761679066Z,2026-03-08T15:34:07.003438683Z,/var/lib/docker/volumes,d9b7785a06954372515977133a1213437b80c5db1517196ca5e26134d3413ccf,other,NA,NA,
run_010,csr,csr_1772983934,csr-irs3-1772983934,csr-irs3-1772983934,,csr_approved,cert_registered,2026-03-08T15:32:35.761679066Z,2026-03-08T15:34:07.003438683Z,/var/lib/docker/volumes,dfb0ca7b4b9cad4ec8515f6484cd89e2febfe10817782070636d5b3db6848438,other,NA,NA,
run_010,csr,csr_1772983934,csr-irs3-1772983934,csr-irs3-1772983934,,csr_approved,cert_registered,2026-03-08T15:32:35.761679066Z,2026-03-08T15:34:07.003438683Z,/var/lib/docker/volumes,fabric_orderer.kit.edu,orderer,411062533,412029821,967288
run_010,csr,csr_1772983934,csr-irs3-1772983934,csr-irs3-1772983934,,csr_approved,cert_registered,2026-03-08T15:32:35.761679066Z,2026-03-08T15:34:07.003438683Z,/var/lib/docker/volumes,fabric_peer0.irs1.kit.edu,other,5006,5006,0
run_010,csr,csr_1772983934,csr-irs3-1772983934,csr-irs3-1772983934,,csr_approved,cert_registered,2026-03-08T15:32:35.761679066Z,2026-03-08T15:34:07.003438683Z,/var/lib/docker/volumes,fabric_peer0.irs3.kit.edu,peer,249169137,250243637,1074500
run_010,csr,csr_1772983934,csr-irs3-1772983934,csr-irs3-1772983934,,csr_approved,cert_registered,2026-03-08T15:32:35.761679066Z,2026-03-08T15:34:07.003438683Z,/var/lib/docker/volumes,fabric_peer1.irs3.kit.edu,other,249167722,250242222,1074500
run_010,csr,csr_1772983934,csr-irs3-1772983934,csr-irs3-1772983934,,csr_approved,cert_registered,2026-03-08T15:32:35.761679066Z,2026-03-08T15:34:07.003438683Z,/var/lib/docker/volumes,fabric_peer2.irs3.kit.edu,other,249169120,250243620,1074500
run_010,csr,csr_1772983934,csr-irs3-1772983934,csr-irs3-1772983934,,csr_approved,cert_registered,2026-03-08T15:32:35.761679066Z,2026-03-08T15:34:07.003438683Z,/var/lib/docker/volumes,fabric_peer3.irs3.kit.edu,other,249167701,250242201,1074500
run_010,csr,csr_1772983934,csr-irs3-1772983934,csr-irs3-1772983934,,cert_registered,operation_end,2026-03-08T15:34:07.003438683Z,2026-03-08T15:34:07.275473Z,/var/lib/docker/volumes,07323924f55a40af409ae862fc14ab08f2d8c06ba282f174beb7e74ff5782926,other,NA,NA,
run_010,csr,csr_1772983934,csr-irs3-1772983934,csr-irs3-1772983934,,cert_registered,operation_end,2026-03-08T15:34:07.003438683Z,2026-03-08T15:34:07.275473Z,/var/lib/docker/volumes,301473890dade69bfa0d19b444d1f0769b67a90d1197c166d84af2511e48f916,other,49770,49770,0
run_010,csr,csr_1772983934,csr-irs3-1772983934,csr-irs3-1772983934,,cert_registered,operation_end,2026-03-08T15:34:07.003438683Z,2026-03-08T15:34:07.275473Z,/var/lib/docker/volumes,6b7bb91b53bcbfeb56b486bba478d97728a3c0004c18649976daaade961a2721,other,NA,NA,
run_010,csr,csr_1772983934,csr-irs3-1772983934,csr-irs3-1772983934,,cert_registered,operation_end,2026-03-08T15:34:07.003438683Z,2026-03-08T15:34:07.275473Z,/var/lib/docker/volumes,791e62bfc17bf044236c3dcb5d77ec82610b27aa4d5f3c78aff2e2842f98f9ee,other,NA,NA,
run_010,csr,csr_1772983934,csr-irs3-1772983934,csr-irs3-1772983934,,cert_registered,operation_end,2026-03-08T15:34:07.003438683Z,2026-03-08T15:34:07.275473Z,/var/lib/docker/volumes,86e46c7349c98bd170ab7467b42f5b1a8fcf1438535fca6ee74a0dcce3856102,other,NA,NA,
run_010,csr,csr_1772983934,csr-irs3-1772983934,csr-irs3-1772983934,,cert_registered,operation_end,2026-03-08T15:34:07.003438683Z,2026-03-08T15:34:07.275473Z,/var/lib/docker/volumes,99ac8c723665556c954d288ca00335f1fae5493d384cb656ecf5a945cc9ae3b8,other,NA,NA,
run_010,csr,csr_1772983934,csr-irs3-1772983934,csr-irs3-1772983934,,cert_registered,operation_end,2026-03-08T15:34:07.003438683Z,2026-03-08T15:34:07.275473Z,/var/lib/docker/volumes,ab96d922f06ec7a94f1b5200e75e480c9ed7eba86fbbe33b5cb9edbe031c6ea8,other,49770,49770,0
run_010,csr,csr_1772983934,csr-irs3-1772983934,csr-irs3-1772983934,,cert_registered,operation_end,2026-03-08T15:34:07.003438683Z,2026-03-08T15:34:07.275473Z,/var/lib/docker/volumes,c58c4c31a22da439d2b7f591fd40cdcdd9bb8458f543e682f66d858083ef9ea8,other,NA,NA,
run_010,csr,csr_1772983934,csr-irs3-1772983934,csr-irs3-1772983934,,cert_registered,operation_end,2026-03-08T15:34:07.003438683Z,2026-03-08T15:34:07.275473Z,/var/lib/docker/volumes,d9b7785a06954372515977133a1213437b80c5db1517196ca5e26134d3413ccf,other,NA,NA,
run_010,csr,csr_1772983934,csr-irs3-1772983934,csr-irs3-1772983934,,cert_registered,operation_end,2026-03-08T15:34:07.003438683Z,2026-03-08T15:34:07.275473Z,/var/lib/docker/volumes,dfb0ca7b4b9cad4ec8515f6484cd89e2febfe10817782070636d5b3db6848438,other,NA,NA,
run_010,csr,csr_1772983934,csr-irs3-1772983934,csr-irs3-1772983934,,cert_registered,operation_end,2026-03-08T15:34:07.003438683Z,2026-03-08T15:34:07.275473Z,/var/lib/docker/volumes,fabric_orderer.kit.edu,orderer,412029821,412029821,0
run_010,csr,csr_1772983934,csr-irs3-1772983934,csr-irs3-1772983934,,cert_registered,operation_end,2026-03-08T15:34:07.003438683Z,2026-03-08T15:34:07.275473Z,/var/lib/docker/volumes,fabric_peer0.irs1.kit.edu,other,5006,5006,0
run_010,csr,csr_1772983934,csr-irs3-1772983934,csr-irs3-1772983934,,cert_registered,operation_end,2026-03-08T15:34:07.003438683Z,2026-03-08T15:34:07.275473Z,/var/lib/docker/volumes,fabric_peer0.irs3.kit.edu,peer,250243637,250243637,0
run_010,csr,csr_1772983934,csr-irs3-1772983934,csr-irs3-1772983934,,cert_registered,operation_end,2026-03-08T15:34:07.003438683Z,2026-03-08T15:34:07.275473Z,/var/lib/docker/volumes,fabric_peer1.irs3.kit.edu,other,250242222,250242222,0
run_010,csr,csr_1772983934,csr-irs3-1772983934,csr-irs3-1772983934,,cert_registered,operation_end,2026-03-08T15:34:07.003438683Z,2026-03-08T15:34:07.275473Z,/var/lib/docker/volumes,fabric_peer2.irs3.kit.edu,other,250243620,250243620,0
run_010,csr,csr_1772983934,csr-irs3-1772983934,csr-irs3-1772983934,,cert_registered,operation_end,2026-03-08T15:34:07.003438683Z,2026-03-08T15:34:07.275473Z,/var/lib/docker/volumes,fabric_peer3.irs3.kit.edu,other,250242201,250242201,0
run_010,revocation,revocation_1772984068,revoke-irs3-1772984068,revoke-irs3-1772984068,,operation_start,revocation_submit_done,2026-03-08T15:34:28.422653Z,2026-03-08T15:34:30.782190Z,/var/lib/docker/volumes,07323924f55a40af409ae862fc14ab08f2d8c06ba282f174beb7e74ff5782926,other,NA,NA,
run_010,revocation,revocation_1772984068,revoke-irs3-1772984068,revoke-irs3-1772984068,,operation_start,revocation_submit_done,2026-03-08T15:34:28.422653Z,2026-03-08T15:34:30.782190Z,/var/lib/docker/volumes,301473890dade69bfa0d19b444d1f0769b67a90d1197c166d84af2511e48f916,other,49770,49770,0
run_010,revocation,revocation_1772984068,revoke-irs3-1772984068,revoke-irs3-1772984068,,operation_start,revocation_submit_done,2026-03-08T15:34:28.422653Z,2026-03-08T15:34:30.782190Z,/var/lib/docker/volumes,6b7bb91b53bcbfeb56b486bba478d97728a3c0004c18649976daaade961a2721,other,NA,NA,
run_010,revocation,revocation_1772984068,revoke-irs3-1772984068,revoke-irs3-1772984068,,operation_start,revocation_submit_done,2026-03-08T15:34:28.422653Z,2026-03-08T15:34:30.782190Z,/var/lib/docker/volumes,791e62bfc17bf044236c3dcb5d77ec82610b27aa4d5f3c78aff2e2842f98f9ee,other,NA,NA,
run_010,revocation,revocation_1772984068,revoke-irs3-1772984068,revoke-irs3-1772984068,,operation_start,revocation_submit_done,2026-03-08T15:34:28.422653Z,2026-03-08T15:34:30.782190Z,/var/lib/docker/volumes,86e46c7349c98bd170ab7467b42f5b1a8fcf1438535fca6ee74a0dcce3856102,other,NA,NA,
run_010,revocation,revocation_1772984068,revoke-irs3-1772984068,revoke-irs3-1772984068,,operation_start,revocation_submit_done,2026-03-08T15:34:28.422653Z,2026-03-08T15:34:30.782190Z,/var/lib/docker/volumes,99ac8c723665556c954d288ca00335f1fae5493d384cb656ecf5a945cc9ae3b8,other,NA,NA,
run_010,revocation,revocation_1772984068,revoke-irs3-1772984068,revoke-irs3-1772984068,,operation_start,revocation_submit_done,2026-03-08T15:34:28.422653Z,2026-03-08T15:34:30.782190Z,/var/lib/docker/volumes,ab96d922f06ec7a94f1b5200e75e480c9ed7eba86fbbe33b5cb9edbe031c6ea8,other,49770,49770,0
run_010,revocation,revocation_1772984068,revoke-irs3-1772984068,revoke-irs3-1772984068,,operation_start,revocation_submit_done,2026-03-08T15:34:28.422653Z,2026-03-08T15:34:30.782190Z,/var/lib/docker/volumes,c58c4c31a22da439d2b7f591fd40cdcdd9bb8458f543e682f66d858083ef9ea8,other,NA,NA,
run_010,revocation,revocation_1772984068,revoke-irs3-1772984068,revoke-irs3-1772984068,,operation_start,revocation_submit_done,2026-03-08T15:34:28.422653Z,2026-03-08T15:34:30.782190Z,/var/lib/docker/volumes,d9b7785a06954372515977133a1213437b80c5db1517196ca5e26134d3413ccf,other,NA,NA,
run_010,revocation,revocation_1772984068,revoke-irs3-1772984068,revoke-irs3-1772984068,,operation_start,revocation_submit_done,2026-03-08T15:34:28.422653Z,2026-03-08T15:34:30.782190Z,/var/lib/docker/volumes,dfb0ca7b4b9cad4ec8515f6484cd89e2febfe10817782070636d5b3db6848438,other,NA,NA,
run_010,revocation,revocation_1772984068,revoke-irs3-1772984068,revoke-irs3-1772984068,,operation_start,revocation_submit_done,2026-03-08T15:34:28.422653Z,2026-03-08T15:34:30.782190Z,/var/lib/docker/volumes,fabric_orderer.kit.edu,orderer,412077552,412084762,7210
run_010,revocation,revocation_1772984068,revoke-irs3-1772984068,revoke-irs3-1772984068,,operation_start,revocation_submit_done,2026-03-08T15:34:28.422653Z,2026-03-08T15:34:30.782190Z,/var/lib/docker/volumes,fabric_peer0.irs1.kit.edu,other,5006,5006,0
run_010,revocation,revocation_1772984068,revoke-irs3-1772984068,revoke-irs3-1772984068,,operation_start,revocation_submit_done,2026-03-08T15:34:28.422653Z,2026-03-08T15:34:30.782190Z,/var/lib/docker/volumes,fabric_peer0.irs3.kit.edu,peer,250292790,250301042,8252
run_010,revocation,revocation_1772984068,revoke-irs3-1772984068,revoke-irs3-1772984068,,operation_start,revocation_submit_done,2026-03-08T15:34:28.422653Z,2026-03-08T15:34:30.782190Z,/var/lib/docker/volumes,fabric_peer1.irs3.kit.edu,other,250291375,250299627,8252
run_010,revocation,revocation_1772984068,revoke-irs3-1772984068,revoke-irs3-1772984068,,operation_start,revocation_submit_done,2026-03-08T15:34:28.422653Z,2026-03-08T15:34:30.782190Z,/var/lib/docker/volumes,fabric_peer2.irs3.kit.edu,other,250292773,250301025,8252
run_010,revocation,revocation_1772984068,revoke-irs3-1772984068,revoke-irs3-1772984068,,operation_start,revocation_submit_done,2026-03-08T15:34:28.422653Z,2026-03-08T15:34:30.782190Z,/var/lib/docker/volumes,fabric_peer3.irs3.kit.edu,other,250291354,250299606,8252
run_010,revocation,revocation_1772984068,revoke-irs3-1772984068,revoke-irs3-1772984068,,revocation_submit_done,revocation_voted,2026-03-08T15:34:30.782190Z,2026-03-08T15:34:33.150805605Z,/var/lib/docker/volumes,07323924f55a40af409ae862fc14ab08f2d8c06ba282f174beb7e74ff5782926,other,NA,NA,
run_010,revocation,revocation_1772984068,revoke-irs3-1772984068,revoke-irs3-1772984068,,revocation_submit_done,revocation_voted,2026-03-08T15:34:30.782190Z,2026-03-08T15:34:33.150805605Z,/var/lib/docker/volumes,301473890dade69bfa0d19b444d1f0769b67a90d1197c166d84af2511e48f916,other,49770,49770,0
run_010,revocation,revocation_1772984068,revoke-irs3-1772984068,revoke-irs3-1772984068,,revocation_submit_done,revocation_voted,2026-03-08T15:34:30.782190Z,2026-03-08T15:34:33.150805605Z,/var/lib/docker/volumes,6b7bb91b53bcbfeb56b486bba478d97728a3c0004c18649976daaade961a2721,other,NA,NA,
run_010,revocation,revocation_1772984068,revoke-irs3-1772984068,revoke-irs3-1772984068,,revocation_submit_done,revocation_voted,2026-03-08T15:34:30.782190Z,2026-03-08T15:34:33.150805605Z,/var/lib/docker/volumes,791e62bfc17bf044236c3dcb5d77ec82610b27aa4d5f3c78aff2e2842f98f9ee,other,NA,NA,
run_010,revocation,revocation_1772984068,revoke-irs3-1772984068,revoke-irs3-1772984068,,revocation_submit_done,revocation_voted,2026-03-08T15:34:30.782190Z,2026-03-08T15:34:33.150805605Z,/var/lib/docker/volumes,86e46c7349c98bd170ab7467b42f5b1a8fcf1438535fca6ee74a0dcce3856102,other,NA,NA,
run_010,revocation,revocation_1772984068,revoke-irs3-1772984068,revoke-irs3-1772984068,,revocation_submit_done,revocation_voted,2026-03-08T15:34:30.782190Z,2026-03-08T15:34:33.150805605Z,/var/lib/docker/volumes,99ac8c723665556c954d288ca00335f1fae5493d384cb656ecf5a945cc9ae3b8,other,NA,NA,
run_010,revocation,revocation_1772984068,revoke-irs3-1772984068,revoke-irs3-1772984068,,revocation_submit_done,revocation_voted,2026-03-08T15:34:30.782190Z,2026-03-08T15:34:33.150805605Z,/var/lib/docker/volumes,ab96d922f06ec7a94f1b5200e75e480c9ed7eba86fbbe33b5cb9edbe031c6ea8,other,49770,49770,0
run_010,revocation,revocation_1772984068,revoke-irs3-1772984068,revoke-irs3-1772984068,,revocation_submit_done,revocation_voted,2026-03-08T15:34:30.782190Z,2026-03-08T15:34:33.150805605Z,/var/lib/docker/volumes,c58c4c31a22da439d2b7f591fd40cdcdd9bb8458f543e682f66d858083ef9ea8,other,NA,NA,
run_010,revocation,revocation_1772984068,revoke-irs3-1772984068,revoke-irs3-1772984068,,revocation_submit_done,revocation_voted,2026-03-08T15:34:30.782190Z,2026-03-08T15:34:33.150805605Z,/var/lib/docker/volumes,d9b7785a06954372515977133a1213437b80c5db1517196ca5e26134d3413ccf,other,NA,NA,
run_010,revocation,revocation_1772984068,revoke-irs3-1772984068,revoke-irs3-1772984068,,revocation_submit_done,revocation_voted,2026-03-08T15:34:30.782190Z,2026-03-08T15:34:33.150805605Z,/var/lib/docker/volumes,dfb0ca7b4b9cad4ec8515f6484cd89e2febfe10817782070636d5b3db6848438,other,NA,NA,
run_010,revocation,revocation_1772984068,revoke-irs3-1772984068,revoke-irs3-1772984068,,revocation_submit_done,revocation_voted,2026-03-08T15:34:30.782190Z,2026-03-08T15:34:33.150805605Z,/var/lib/docker/volumes,fabric_orderer.kit.edu,orderer,412084762,412281330,196568
run_010,revocation,revocation_1772984068,revoke-irs3-1772984068,revoke-irs3-1772984068,,revocation_submit_done,revocation_voted,2026-03-08T15:34:30.782190Z,2026-03-08T15:34:33.150805605Z,/var/lib/docker/volumes,fabric_peer0.irs1.kit.edu,other,5006,5006,0
run_010,revocation,revocation_1772984068,revoke-irs3-1772984068,revoke-irs3-1772984068,,revocation_submit_done,revocation_voted,2026-03-08T15:34:30.782190Z,2026-03-08T15:34:33.150805605Z,/var/lib/docker/volumes,fabric_peer0.irs3.kit.edu,peer,250301042,250507396,206354
run_010,revocation,revocation_1772984068,revoke-irs3-1772984068,revoke-irs3-1772984068,,revocation_submit_done,revocation_voted,2026-03-08T15:34:30.782190Z,2026-03-08T15:34:33.150805605Z,/var/lib/docker/volumes,fabric_peer1.irs3.kit.edu,other,250299627,250505653,206026
run_010,revocation,revocation_1772984068,revoke-irs3-1772984068,revoke-irs3-1772984068,,revocation_submit_done,revocation_voted,2026-03-08T15:34:30.782190Z,2026-03-08T15:34:33.150805605Z,/var/lib/docker/volumes,fabric_peer2.irs3.kit.edu,other,250301025,250505273,204248
run_010,revocation,revocation_1772984068,revoke-irs3-1772984068,revoke-irs3-1772984068,,revocation_submit_done,revocation_voted,2026-03-08T15:34:30.782190Z,2026-03-08T15:34:33.150805605Z,/var/lib/docker/volumes,fabric_peer3.irs3.kit.edu,other,250299606,250505960,206354
run_010,revocation,revocation_1772984068,revoke-irs3-1772984068,revoke-irs3-1772984068,,revocation_voted,revocation_executed,2026-03-08T15:34:33.150805605Z,2026-03-08T15:34:49.707340492Z,/var/lib/docker/volumes,07323924f55a40af409ae862fc14ab08f2d8c06ba282f174beb7e74ff5782926,other,NA,NA,
run_010,revocation,revocation_1772984068,revoke-irs3-1772984068,revoke-irs3-1772984068,,revocation_voted,revocation_executed,2026-03-08T15:34:33.150805605Z,2026-03-08T15:34:49.707340492Z,/var/lib/docker/volumes,301473890dade69bfa0d19b444d1f0769b67a90d1197c166d84af2511e48f916,other,49770,49770,0
run_010,revocation,revocation_1772984068,revoke-irs3-1772984068,revoke-irs3-1772984068,,revocation_voted,revocation_executed,2026-03-08T15:34:33.150805605Z,2026-03-08T15:34:49.707340492Z,/var/lib/docker/volumes,6b7bb91b53bcbfeb56b486bba478d97728a3c0004c18649976daaade961a2721,other,NA,NA,
run_010,revocation,revocation_1772984068,revoke-irs3-1772984068,revoke-irs3-1772984068,,revocation_voted,revocation_executed,2026-03-08T15:34:33.150805605Z,2026-03-08T15:34:49.707340492Z,/var/lib/docker/volumes,791e62bfc17bf044236c3dcb5d77ec82610b27aa4d5f3c78aff2e2842f98f9ee,other,NA,NA,
run_010,revocation,revocation_1772984068,revoke-irs3-1772984068,revoke-irs3-1772984068,,revocation_voted,revocation_executed,2026-03-08T15:34:33.150805605Z,2026-03-08T15:34:49.707340492Z,/var/lib/docker/volumes,86e46c7349c98bd170ab7467b42f5b1a8fcf1438535fca6ee74a0dcce3856102,other,NA,NA,
run_010,revocation,revocation_1772984068,revoke-irs3-1772984068,revoke-irs3-1772984068,,revocation_voted,revocation_executed,2026-03-08T15:34:33.150805605Z,2026-03-08T15:34:49.707340492Z,/var/lib/docker/volumes,99ac8c723665556c954d288ca00335f1fae5493d384cb656ecf5a945cc9ae3b8,other,NA,NA,
run_010,revocation,revocation_1772984068,revoke-irs3-1772984068,revoke-irs3-1772984068,,revocation_voted,revocation_executed,2026-03-08T15:34:33.150805605Z,2026-03-08T15:34:49.707340492Z,/var/lib/docker/volumes,ab96d922f06ec7a94f1b5200e75e480c9ed7eba86fbbe33b5cb9edbe031c6ea8,other,49770,49770,0
run_010,revocation,revocation_1772984068,revoke-irs3-1772984068,revoke-irs3-1772984068,,revocation_voted,revocation_executed,2026-03-08T15:34:33.150805605Z,2026-03-08T15:34:49.707340492Z,/var/lib/docker/volumes,c58c4c31a22da439d2b7f591fd40cdcdd9bb8458f543e682f66d858083ef9ea8,other,NA,NA,
run_010,revocation,revocation_1772984068,revoke-irs3-1772984068,revoke-irs3-1772984068,,revocation_voted,revocation_executed,2026-03-08T15:34:33.150805605Z,2026-03-08T15:34:49.707340492Z,/var/lib/docker/volumes,d9b7785a06954372515977133a1213437b80c5db1517196ca5e26134d3413ccf,other,NA,NA,
run_010,revocation,revocation_1772984068,revoke-irs3-1772984068,revoke-irs3-1772984068,,revocation_voted,revocation_executed,2026-03-08T15:34:33.150805605Z,2026-03-08T15:34:49.707340492Z,/var/lib/docker/volumes,dfb0ca7b4b9cad4ec8515f6484cd89e2febfe10817782070636d5b3db6848438,other,NA,NA,
run_010,revocation,revocation_1772984068,revoke-irs3-1772984068,revoke-irs3-1772984068,,revocation_voted,revocation_executed,2026-03-08T15:34:33.150805605Z,2026-03-08T15:34:49.707340492Z,/var/lib/docker/volumes,fabric_orderer.kit.edu,orderer,412281330,412742271,460941
run_010,revocation,revocation_1772984068,revoke-irs3-1772984068,revoke-irs3-1772984068,,revocation_voted,revocation_executed,2026-03-08T15:34:33.150805605Z,2026-03-08T15:34:49.707340492Z,/var/lib/docker/volumes,fabric_peer0.irs1.kit.edu,other,5006,5006,0
run_010,revocation,revocation_1772984068,revoke-irs3-1772984068,revoke-irs3-1772984068,,revocation_voted,revocation_executed,2026-03-08T15:34:33.150805605Z,2026-03-08T15:34:49.707340492Z,/var/lib/docker/volumes,fabric_peer0.irs3.kit.edu,peer,250507396,250999251,491855
run_010,revocation,revocation_1772984068,revoke-irs3-1772984068,revoke-irs3-1772984068,,revocation_voted,revocation_executed,2026-03-08T15:34:33.150805605Z,2026-03-08T15:34:49.707340492Z,/var/lib/docker/volumes,fabric_peer1.irs3.kit.edu,other,250505653,250997836,492183
run_010,revocation,revocation_1772984068,revoke-irs3-1772984068,revoke-irs3-1772984068,,revocation_voted,revocation_executed,2026-03-08T15:34:33.150805605Z,2026-03-08T15:34:49.707340492Z,/var/lib/docker/volumes,fabric_peer2.irs3.kit.edu,other,250505273,250999234,493961
run_010,revocation,revocation_1772984068,revoke-irs3-1772984068,revoke-irs3-1772984068,,revocation_voted,revocation_executed,2026-03-08T15:34:33.150805605Z,2026-03-08T15:34:49.707340492Z,/var/lib/docker/volumes,fabric_peer3.irs3.kit.edu,other,250505960,250997815,491855
run_010,revocation,revocation_1772984068,revoke-irs3-1772984068,revoke-irs3-1772984068,,revocation_executed,operation_end,2026-03-08T15:34:49.707340492Z,2026-03-08T15:34:51.413451Z,/var/lib/docker/volumes,07323924f55a40af409ae862fc14ab08f2d8c06ba282f174beb7e74ff5782926,other,NA,NA,
run_010,revocation,revocation_1772984068,revoke-irs3-1772984068,revoke-irs3-1772984068,,revocation_executed,operation_end,2026-03-08T15:34:49.707340492Z,2026-03-08T15:34:51.413451Z,/var/lib/docker/volumes,301473890dade69bfa0d19b444d1f0769b67a90d1197c166d84af2511e48f916,other,49770,49770,0
run_010,revocation,revocation_1772984068,revoke-irs3-1772984068,revoke-irs3-1772984068,,revocation_executed,operation_end,2026-03-08T15:34:49.707340492Z,2026-03-08T15:34:51.413451Z,/var/lib/docker/volumes,6b7bb91b53bcbfeb56b486bba478d97728a3c0004c18649976daaade961a2721,other,NA,NA,
run_010,revocation,revocation_1772984068,revoke-irs3-1772984068,revoke-irs3-1772984068,,revocation_executed,operation_end,2026-03-08T15:34:49.707340492Z,2026-03-08T15:34:51.413451Z,/var/lib/docker/volumes,791e62bfc17bf044236c3dcb5d77ec82610b27aa4d5f3c78aff2e2842f98f9ee,other,NA,NA,
run_010,revocation,revocation_1772984068,revoke-irs3-1772984068,revoke-irs3-1772984068,,revocation_executed,operation_end,2026-03-08T15:34:49.707340492Z,2026-03-08T15:34:51.413451Z,/var/lib/docker/volumes,86e46c7349c98bd170ab7467b42f5b1a8fcf1438535fca6ee74a0dcce3856102,other,NA,NA,
run_010,revocation,revocation_1772984068,revoke-irs3-1772984068,revoke-irs3-1772984068,,revocation_executed,operation_end,2026-03-08T15:34:49.707340492Z,2026-03-08T15:34:51.413451Z,/var/lib/docker/volumes,99ac8c723665556c954d288ca00335f1fae5493d384cb656ecf5a945cc9ae3b8,other,NA,NA,
run_010,revocation,revocation_1772984068,revoke-irs3-1772984068,revoke-irs3-1772984068,,revocation_executed,operation_end,2026-03-08T15:34:49.707340492Z,2026-03-08T15:34:51.413451Z,/var/lib/docker/volumes,ab96d922f06ec7a94f1b5200e75e480c9ed7eba86fbbe33b5cb9edbe031c6ea8,other,49770,49770,0
run_010,revocation,revocation_1772984068,revoke-irs3-1772984068,revoke-irs3-1772984068,,revocation_executed,operation_end,2026-03-08T15:34:49.707340492Z,2026-03-08T15:34:51.413451Z,/var/lib/docker/volumes,c58c4c31a22da439d2b7f591fd40cdcdd9bb8458f543e682f66d858083ef9ea8,other,NA,NA,
run_010,revocation,revocation_1772984068,revoke-irs3-1772984068,revoke-irs3-1772984068,,revocation_executed,operation_end,2026-03-08T15:34:49.707340492Z,2026-03-08T15:34:51.413451Z,/var/lib/docker/volumes,d9b7785a06954372515977133a1213437b80c5db1517196ca5e26134d3413ccf,other,NA,NA,
run_010,revocation,revocation_1772984068,revoke-irs3-1772984068,revoke-irs3-1772984068,,revocation_executed,operation_end,2026-03-08T15:34:49.707340492Z,2026-03-08T15:34:51.413451Z,/var/lib/docker/volumes,dfb0ca7b4b9cad4ec8515f6484cd89e2febfe10817782070636d5b3db6848438,other,NA,NA,
run_010,revocation,revocation_1772984068,revoke-irs3-1772984068,revoke-irs3-1772984068,,revocation_executed,operation_end,2026-03-08T15:34:49.707340492Z,2026-03-08T15:34:51.413451Z,/var/lib/docker/volumes,fabric_orderer.kit.edu,orderer,412742271,412742271,0
run_010,revocation,revocation_1772984068,revoke-irs3-1772984068,revoke-irs3-1772984068,,revocation_executed,operation_end,2026-03-08T15:34:49.707340492Z,2026-03-08T15:34:51.413451Z,/var/lib/docker/volumes,fabric_peer0.irs1.kit.edu,other,5006,5006,0
run_010,revocation,revocation_1772984068,revoke-irs3-1772984068,revoke-irs3-1772984068,,revocation_executed,operation_end,2026-03-08T15:34:49.707340492Z,2026-03-08T15:34:51.413451Z,/var/lib/docker/volumes,fabric_peer0.irs3.kit.edu,peer,250999251,250999251,0
run_010,revocation,revocation_1772984068,revoke-irs3-1772984068,revoke-irs3-1772984068,,revocation_executed,operation_end,2026-03-08T15:34:49.707340492Z,2026-03-08T15:34:51.413451Z,/var/lib/docker/volumes,fabric_peer1.irs3.kit.edu,other,250997836,250997836,0
run_010,revocation,revocation_1772984068,revoke-irs3-1772984068,revoke-irs3-1772984068,,revocation_executed,operation_end,2026-03-08T15:34:49.707340492Z,2026-03-08T15:34:51.413451Z,/var/lib/docker/volumes,fabric_peer2.irs3.kit.edu,other,250999234,250999234,0
run_010,revocation,revocation_1772984068,revoke-irs3-1772984068,revoke-irs3-1772984068,,revocation_executed,operation_end,2026-03-08T15:34:49.707340492Z,2026-03-08T15:34:51.413451Z,/var/lib/docker/volumes,fabric_peer3.irs3.kit.edu,other,250997815,250997815,0
run_010,removal,removal_1772984110,remove-irs3-member1-1772984110,remove-irs3-member1-1772984110,46,operation_start,removal_submit_done,2026-03-08T15:35:10.341155Z,2026-03-08T15:35:12.787425Z,/var/lib/docker/volumes,07323924f55a40af409ae862fc14ab08f2d8c06ba282f174beb7e74ff5782926,other,NA,NA,
run_010,removal,removal_1772984110,remove-irs3-member1-1772984110,remove-irs3-member1-1772984110,46,operation_start,removal_submit_done,2026-03-08T15:35:10.341155Z,2026-03-08T15:35:12.787425Z,/var/lib/docker/volumes,301473890dade69bfa0d19b444d1f0769b67a90d1197c166d84af2511e48f916,other,49770,49770,0
run_010,removal,removal_1772984110,remove-irs3-member1-1772984110,remove-irs3-member1-1772984110,46,operation_start,removal_submit_done,2026-03-08T15:35:10.341155Z,2026-03-08T15:35:12.787425Z,/var/lib/docker/volumes,6b7bb91b53bcbfeb56b486bba478d97728a3c0004c18649976daaade961a2721,other,NA,NA,
run_010,removal,removal_1772984110,remove-irs3-member1-1772984110,remove-irs3-member1-1772984110,46,operation_start,removal_submit_done,2026-03-08T15:35:10.341155Z,2026-03-08T15:35:12.787425Z,/var/lib/docker/volumes,791e62bfc17bf044236c3dcb5d77ec82610b27aa4d5f3c78aff2e2842f98f9ee,other,NA,NA,
run_010,removal,removal_1772984110,remove-irs3-member1-1772984110,remove-irs3-member1-1772984110,46,operation_start,removal_submit_done,2026-03-08T15:35:10.341155Z,2026-03-08T15:35:12.787425Z,/var/lib/docker/volumes,86e46c7349c98bd170ab7467b42f5b1a8fcf1438535fca6ee74a0dcce3856102,other,NA,NA,
run_010,removal,removal_1772984110,remove-irs3-member1-1772984110,remove-irs3-member1-1772984110,46,operation_start,removal_submit_done,2026-03-08T15:35:10.341155Z,2026-03-08T15:35:12.787425Z,/var/lib/docker/volumes,99ac8c723665556c954d288ca00335f1fae5493d384cb656ecf5a945cc9ae3b8,other,NA,NA,
run_010,removal,removal_1772984110,remove-irs3-member1-1772984110,remove-irs3-member1-1772984110,46,operation_start,removal_submit_done,2026-03-08T15:35:10.341155Z,2026-03-08T15:35:12.787425Z,/var/lib/docker/volumes,ab96d922f06ec7a94f1b5200e75e480c9ed7eba86fbbe33b5cb9edbe031c6ea8,other,49770,49770,0
run_010,removal,removal_1772984110,remove-irs3-member1-1772984110,remove-irs3-member1-1772984110,46,operation_start,removal_submit_done,2026-03-08T15:35:10.341155Z,2026-03-08T15:35:12.787425Z,/var/lib/docker/volumes,c58c4c31a22da439d2b7f591fd40cdcdd9bb8458f543e682f66d858083ef9ea8,other,NA,NA,
run_010,removal,removal_1772984110,remove-irs3-member1-1772984110,remove-irs3-member1-1772984110,46,operation_start,removal_submit_done,2026-03-08T15:35:10.341155Z,2026-03-08T15:35:12.787425Z,/var/lib/docker/volumes,d9b7785a06954372515977133a1213437b80c5db1517196ca5e26134d3413ccf,other,NA,NA,
run_010,removal,removal_1772984110,remove-irs3-member1-1772984110,remove-irs3-member1-1772984110,46,operation_start,removal_submit_done,2026-03-08T15:35:10.341155Z,2026-03-08T15:35:12.787425Z,/var/lib/docker/volumes,dfb0ca7b4b9cad4ec8515f6484cd89e2febfe10817782070636d5b3db6848438,other,NA,NA,
run_010,removal,removal_1772984110,remove-irs3-member1-1772984110,remove-irs3-member1-1772984110,46,operation_start,removal_submit_done,2026-03-08T15:35:10.341155Z,2026-03-08T15:35:12.787425Z,/var/lib/docker/volumes,fabric_orderer.kit.edu,orderer,412742271,412752229,9958
run_010,removal,removal_1772984110,remove-irs3-member1-1772984110,remove-irs3-member1-1772984110,46,operation_start,removal_submit_done,2026-03-08T15:35:10.341155Z,2026-03-08T15:35:12.787425Z,/var/lib/docker/volumes,fabric_peer0.irs1.kit.edu,other,5006,5006,0
run_010,removal,removal_1772984110,remove-irs3-member1-1772984110,remove-irs3-member1-1772984110,46,operation_start,removal_submit_done,2026-03-08T15:35:10.341155Z,2026-03-08T15:35:12.787425Z,/var/lib/docker/volumes,fabric_peer0.irs3.kit.edu,peer,250999251,251010322,11071
run_010,removal,removal_1772984110,remove-irs3-member1-1772984110,remove-irs3-member1-1772984110,46,operation_start,removal_submit_done,2026-03-08T15:35:10.341155Z,2026-03-08T15:35:12.787425Z,/var/lib/docker/volumes,fabric_peer1.irs3.kit.edu,other,250997836,251008907,11071
run_010,removal,removal_1772984110,remove-irs3-member1-1772984110,remove-irs3-member1-1772984110,46,operation_start,removal_submit_done,2026-03-08T15:35:10.341155Z,2026-03-08T15:35:12.787425Z,/var/lib/docker/volumes,fabric_peer2.irs3.kit.edu,other,250999234,251010305,11071
run_010,removal,removal_1772984110,remove-irs3-member1-1772984110,remove-irs3-member1-1772984110,46,operation_start,removal_submit_done,2026-03-08T15:35:10.341155Z,2026-03-08T15:35:12.787425Z,/var/lib/docker/volumes,fabric_peer3.irs3.kit.edu,other,250997815,251008886,11071
run_010,removal,removal_1772984110,remove-irs3-member1-1772984110,remove-irs3-member1-1772984110,46,removal_submit_done,removal_voted,2026-03-08T15:35:12.787425Z,2026-03-08T15:35:15.285206929Z,/var/lib/docker/volumes,07323924f55a40af409ae862fc14ab08f2d8c06ba282f174beb7e74ff5782926,other,NA,NA,
run_010,removal,removal_1772984110,remove-irs3-member1-1772984110,remove-irs3-member1-1772984110,46,removal_submit_done,removal_voted,2026-03-08T15:35:12.787425Z,2026-03-08T15:35:15.285206929Z,/var/lib/docker/volumes,301473890dade69bfa0d19b444d1f0769b67a90d1197c166d84af2511e48f916,other,49770,49770,0
run_010,removal,removal_1772984110,remove-irs3-member1-1772984110,remove-irs3-member1-1772984110,46,removal_submit_done,removal_voted,2026-03-08T15:35:12.787425Z,2026-03-08T15:35:15.285206929Z,/var/lib/docker/volumes,6b7bb91b53bcbfeb56b486bba478d97728a3c0004c18649976daaade961a2721,other,NA,NA,
run_010,removal,removal_1772984110,remove-irs3-member1-1772984110,remove-irs3-member1-1772984110,46,removal_submit_done,removal_voted,2026-03-08T15:35:12.787425Z,2026-03-08T15:35:15.285206929Z,/var/lib/docker/volumes,791e62bfc17bf044236c3dcb5d77ec82610b27aa4d5f3c78aff2e2842f98f9ee,other,NA,NA,
run_010,removal,removal_1772984110,remove-irs3-member1-1772984110,remove-irs3-member1-1772984110,46,removal_submit_done,removal_voted,2026-03-08T15:35:12.787425Z,2026-03-08T15:35:15.285206929Z,/var/lib/docker/volumes,86e46c7349c98bd170ab7467b42f5b1a8fcf1438535fca6ee74a0dcce3856102,other,NA,NA,
run_010,removal,removal_1772984110,remove-irs3-member1-1772984110,remove-irs3-member1-1772984110,46,removal_submit_done,removal_voted,2026-03-08T15:35:12.787425Z,2026-03-08T15:35:15.285206929Z,/var/lib/docker/volumes,99ac8c723665556c954d288ca00335f1fae5493d384cb656ecf5a945cc9ae3b8,other,NA,NA,
run_010,removal,removal_1772984110,remove-irs3-member1-1772984110,remove-irs3-member1-1772984110,46,removal_submit_done,removal_voted,2026-03-08T15:35:12.787425Z,2026-03-08T15:35:15.285206929Z,/var/lib/docker/volumes,ab96d922f06ec7a94f1b5200e75e480c9ed7eba86fbbe33b5cb9edbe031c6ea8,other,49770,49770,0
run_010,removal,removal_1772984110,remove-irs3-member1-1772984110,remove-irs3-member1-1772984110,46,removal_submit_done,removal_voted,2026-03-08T15:35:12.787425Z,2026-03-08T15:35:15.285206929Z,/var/lib/docker/volumes,c58c4c31a22da439d2b7f591fd40cdcdd9bb8458f543e682f66d858083ef9ea8,other,NA,NA,
run_010,removal,removal_1772984110,remove-irs3-member1-1772984110,remove-irs3-member1-1772984110,46,removal_submit_done,removal_voted,2026-03-08T15:35:12.787425Z,2026-03-08T15:35:15.285206929Z,/var/lib/docker/volumes,d9b7785a06954372515977133a1213437b80c5db1517196ca5e26134d3413ccf,other,NA,NA,
run_010,removal,removal_1772984110,remove-irs3-member1-1772984110,remove-irs3-member1-1772984110,46,removal_submit_done,removal_voted,2026-03-08T15:35:12.787425Z,2026-03-08T15:35:15.285206929Z,/var/lib/docker/volumes,dfb0ca7b4b9cad4ec8515f6484cd89e2febfe10817782070636d5b3db6848438,other,NA,NA,
run_010,removal,removal_1772984110,remove-irs3-member1-1772984110,remove-irs3-member1-1772984110,46,removal_submit_done,removal_voted,2026-03-08T15:35:12.787425Z,2026-03-08T15:35:15.285206929Z,/var/lib/docker/volumes,fabric_orderer.kit.edu,orderer,412752229,412885202,132973
run_010,removal,removal_1772984110,remove-irs3-member1-1772984110,remove-irs3-member1-1772984110,46,removal_submit_done,removal_voted,2026-03-08T15:35:12.787425Z,2026-03-08T15:35:15.285206929Z,/var/lib/docker/volumes,fabric_peer0.irs1.kit.edu,other,5006,5006,0
run_010,removal,removal_1772984110,remove-irs3-member1-1772984110,remove-irs3-member1-1772984110,46,removal_submit_done,removal_voted,2026-03-08T15:35:12.787425Z,2026-03-08T15:35:15.285206929Z,/var/lib/docker/volumes,fabric_peer0.irs3.kit.edu,peer,251010322,251149643,139321
run_010,removal,removal_1772984110,remove-irs3-member1-1772984110,remove-irs3-member1-1772984110,46,removal_submit_done,removal_voted,2026-03-08T15:35:12.787425Z,2026-03-08T15:35:15.285206929Z,/var/lib/docker/volumes,fabric_peer1.irs3.kit.edu,other,251008907,251148228,139321
run_010,removal,removal_1772984110,remove-irs3-member1-1772984110,remove-irs3-member1-1772984110,46,removal_submit_done,removal_voted,2026-03-08T15:35:12.787425Z,2026-03-08T15:35:15.285206929Z,/var/lib/docker/volumes,fabric_peer2.irs3.kit.edu,other,251010305,251149626,139321
run_010,removal,removal_1772984110,remove-irs3-member1-1772984110,remove-irs3-member1-1772984110,46,removal_submit_done,removal_voted,2026-03-08T15:35:12.787425Z,2026-03-08T15:35:15.285206929Z,/var/lib/docker/volumes,fabric_peer3.irs3.kit.edu,other,251008886,251148207,139321
run_010,removal,removal_1772984110,remove-irs3-member1-1772984110,remove-irs3-member1-1772984110,46,removal_voted,removal_approved,2026-03-08T15:35:15.285206929Z,2026-03-08T15:35:31.667627841Z,/var/lib/docker/volumes,07323924f55a40af409ae862fc14ab08f2d8c06ba282f174beb7e74ff5782926,other,NA,NA,
run_010,removal,removal_1772984110,remove-irs3-member1-1772984110,remove-irs3-member1-1772984110,46,removal_voted,removal_approved,2026-03-08T15:35:15.285206929Z,2026-03-08T15:35:31.667627841Z,/var/lib/docker/volumes,301473890dade69bfa0d19b444d1f0769b67a90d1197c166d84af2511e48f916,other,49770,49770,0
run_010,removal,removal_1772984110,remove-irs3-member1-1772984110,remove-irs3-member1-1772984110,46,removal_voted,removal_approved,2026-03-08T15:35:15.285206929Z,2026-03-08T15:35:31.667627841Z,/var/lib/docker/volumes,6b7bb91b53bcbfeb56b486bba478d97728a3c0004c18649976daaade961a2721,other,NA,NA,
run_010,removal,removal_1772984110,remove-irs3-member1-1772984110,remove-irs3-member1-1772984110,46,removal_voted,removal_approved,2026-03-08T15:35:15.285206929Z,2026-03-08T15:35:31.667627841Z,/var/lib/docker/volumes,791e62bfc17bf044236c3dcb5d77ec82610b27aa4d5f3c78aff2e2842f98f9ee,other,NA,NA,
run_010,removal,removal_1772984110,remove-irs3-member1-1772984110,remove-irs3-member1-1772984110,46,removal_voted,removal_approved,2026-03-08T15:35:15.285206929Z,2026-03-08T15:35:31.667627841Z,/var/lib/docker/volumes,86e46c7349c98bd170ab7467b42f5b1a8fcf1438535fca6ee74a0dcce3856102,other,NA,NA,
run_010,removal,removal_1772984110,remove-irs3-member1-1772984110,remove-irs3-member1-1772984110,46,removal_voted,removal_approved,2026-03-08T15:35:15.285206929Z,2026-03-08T15:35:31.667627841Z,/var/lib/docker/volumes,99ac8c723665556c954d288ca00335f1fae5493d384cb656ecf5a945cc9ae3b8,other,NA,NA,
run_010,removal,removal_1772984110,remove-irs3-member1-1772984110,remove-irs3-member1-1772984110,46,removal_voted,removal_approved,2026-03-08T15:35:15.285206929Z,2026-03-08T15:35:31.667627841Z,/var/lib/docker/volumes,ab96d922f06ec7a94f1b5200e75e480c9ed7eba86fbbe33b5cb9edbe031c6ea8,other,49770,49770,0
run_010,removal,removal_1772984110,remove-irs3-member1-1772984110,remove-irs3-member1-1772984110,46,removal_voted,removal_approved,2026-03-08T15:35:15.285206929Z,2026-03-08T15:35:31.667627841Z,/var/lib/docker/volumes,c58c4c31a22da439d2b7f591fd40cdcdd9bb8458f543e682f66d858083ef9ea8,other,NA,NA,
run_010,removal,removal_1772984110,remove-irs3-member1-1772984110,remove-irs3-member1-1772984110,46,removal_voted,removal_approved,2026-03-08T15:35:15.285206929Z,2026-03-08T15:35:31.667627841Z,/var/lib/docker/volumes,d9b7785a06954372515977133a1213437b80c5db1517196ca5e26134d3413ccf,other,NA,NA,
run_010,removal,removal_1772984110,remove-irs3-member1-1772984110,remove-irs3-member1-1772984110,46,removal_voted,removal_approved,2026-03-08T15:35:15.285206929Z,2026-03-08T15:35:31.667627841Z,/var/lib/docker/volumes,dfb0ca7b4b9cad4ec8515f6484cd89e2febfe10817782070636d5b3db6848438,other,NA,NA,
run_010,removal,removal_1772984110,remove-irs3-member1-1772984110,remove-irs3-member1-1772984110,46,removal_voted,removal_approved,2026-03-08T15:35:15.285206929Z,2026-03-08T15:35:31.667627841Z,/var/lib/docker/volumes,fabric_orderer.kit.edu,orderer,412885202,413543213,658011
run_010,removal,removal_1772984110,remove-irs3-member1-1772984110,remove-irs3-member1-1772984110,46,removal_voted,removal_approved,2026-03-08T15:35:15.285206929Z,2026-03-08T15:35:31.667627841Z,/var/lib/docker/volumes,fabric_peer0.irs1.kit.edu,other,5006,5006,0
run_010,removal,removal_1772984110,remove-irs3-member1-1772984110,remove-irs3-member1-1772984110,46,removal_voted,removal_approved,2026-03-08T15:35:15.285206929Z,2026-03-08T15:35:31.667627841Z,/var/lib/docker/volumes,fabric_peer0.irs3.kit.edu,peer,251149643,251851814,702171
run_010,removal,removal_1772984110,remove-irs3-member1-1772984110,remove-irs3-member1-1772984110,46,removal_voted,removal_approved,2026-03-08T15:35:15.285206929Z,2026-03-08T15:35:31.667627841Z,/var/lib/docker/volumes,fabric_peer1.irs3.kit.edu,other,251148228,251850399,702171
run_010,removal,removal_1772984110,remove-irs3-member1-1772984110,remove-irs3-member1-1772984110,46,removal_voted,removal_approved,2026-03-08T15:35:15.285206929Z,2026-03-08T15:35:31.667627841Z,/var/lib/docker/volumes,fabric_peer2.irs3.kit.edu,other,251149626,251851797,702171
run_010,removal,removal_1772984110,remove-irs3-member1-1772984110,remove-irs3-member1-1772984110,46,removal_voted,removal_approved,2026-03-08T15:35:15.285206929Z,2026-03-08T15:35:31.667627841Z,/var/lib/docker/volumes,fabric_peer3.irs3.kit.edu,other,251148207,251850378,702171
run_010,removal,removal_1772984110,remove-irs3-member1-1772984110,remove-irs3-member1-1772984110,46,removal_approved,reshare_started,2026-03-08T15:35:31.667627841Z,2026-03-08T15:35:33.377216Z,/var/lib/docker/volumes,07323924f55a40af409ae862fc14ab08f2d8c06ba282f174beb7e74ff5782926,other,NA,NA,
run_010,removal,removal_1772984110,remove-irs3-member1-1772984110,remove-irs3-member1-1772984110,46,removal_approved,reshare_started,2026-03-08T15:35:31.667627841Z,2026-03-08T15:35:33.377216Z,/var/lib/docker/volumes,301473890dade69bfa0d19b444d1f0769b67a90d1197c166d84af2511e48f916,other,49770,49770,0
run_010,removal,removal_1772984110,remove-irs3-member1-1772984110,remove-irs3-member1-1772984110,46,removal_approved,reshare_started,2026-03-08T15:35:31.667627841Z,2026-03-08T15:35:33.377216Z,/var/lib/docker/volumes,6b7bb91b53bcbfeb56b486bba478d97728a3c0004c18649976daaade961a2721,other,NA,NA,
run_010,removal,removal_1772984110,remove-irs3-member1-1772984110,remove-irs3-member1-1772984110,46,removal_approved,reshare_started,2026-03-08T15:35:31.667627841Z,2026-03-08T15:35:33.377216Z,/var/lib/docker/volumes,791e62bfc17bf044236c3dcb5d77ec82610b27aa4d5f3c78aff2e2842f98f9ee,other,NA,NA,
run_010,removal,removal_1772984110,remove-irs3-member1-1772984110,remove-irs3-member1-1772984110,46,removal_approved,reshare_started,2026-03-08T15:35:31.667627841Z,2026-03-08T15:35:33.377216Z,/var/lib/docker/volumes,86e46c7349c98bd170ab7467b42f5b1a8fcf1438535fca6ee74a0dcce3856102,other,NA,NA,
run_010,removal,removal_1772984110,remove-irs3-member1-1772984110,remove-irs3-member1-1772984110,46,removal_approved,reshare_started,2026-03-08T15:35:31.667627841Z,2026-03-08T15:35:33.377216Z,/var/lib/docker/volumes,99ac8c723665556c954d288ca00335f1fae5493d384cb656ecf5a945cc9ae3b8,other,NA,NA,
run_010,removal,removal_1772984110,remove-irs3-member1-1772984110,remove-irs3-member1-1772984110,46,removal_approved,reshare_started,2026-03-08T15:35:31.667627841Z,2026-03-08T15:35:33.377216Z,/var/lib/docker/volumes,ab96d922f06ec7a94f1b5200e75e480c9ed7eba86fbbe33b5cb9edbe031c6ea8,other,49770,49770,0
run_010,removal,removal_1772984110,remove-irs3-member1-1772984110,remove-irs3-member1-1772984110,46,removal_approved,reshare_started,2026-03-08T15:35:31.667627841Z,2026-03-08T15:35:33.377216Z,/var/lib/docker/volumes,c58c4c31a22da439d2b7f591fd40cdcdd9bb8458f543e682f66d858083ef9ea8,other,NA,NA,
run_010,removal,removal_1772984110,remove-irs3-member1-1772984110,remove-irs3-member1-1772984110,46,removal_approved,reshare_started,2026-03-08T15:35:31.667627841Z,2026-03-08T15:35:33.377216Z,/var/lib/docker/volumes,d9b7785a06954372515977133a1213437b80c5db1517196ca5e26134d3413ccf,other,NA,NA,
run_010,removal,removal_1772984110,remove-irs3-member1-1772984110,remove-irs3-member1-1772984110,46,removal_approved,reshare_started,2026-03-08T15:35:31.667627841Z,2026-03-08T15:35:33.377216Z,/var/lib/docker/volumes,dfb0ca7b4b9cad4ec8515f6484cd89e2febfe10817782070636d5b3db6848438,other,NA,NA,
run_010,removal,removal_1772984110,remove-irs3-member1-1772984110,remove-irs3-member1-1772984110,46,removal_approved,reshare_started,2026-03-08T15:35:31.667627841Z,2026-03-08T15:35:33.377216Z,/var/lib/docker/volumes,fabric_orderer.kit.edu,orderer,413543213,413647886,104673
run_010,removal,removal_1772984110,remove-irs3-member1-1772984110,remove-irs3-member1-1772984110,46,removal_approved,reshare_started,2026-03-08T15:35:31.667627841Z,2026-03-08T15:35:33.377216Z,/var/lib/docker/volumes,fabric_peer0.irs1.kit.edu,other,5006,5006,0
run_010,removal,removal_1772984110,remove-irs3-member1-1772984110,remove-irs3-member1-1772984110,46,removal_approved,reshare_started,2026-03-08T15:35:31.667627841Z,2026-03-08T15:35:33.377216Z,/var/lib/docker/volumes,fabric_peer0.irs3.kit.edu,peer,251851814,251851814,0
run_010,removal,removal_1772984110,remove-irs3-member1-1772984110,remove-irs3-member1-1772984110,46,removal_approved,reshare_started,2026-03-08T15:35:31.667627841Z,2026-03-08T15:35:33.377216Z,/var/lib/docker/volumes,fabric_peer1.irs3.kit.edu,other,251850399,251850399,0
run_010,removal,removal_1772984110,remove-irs3-member1-1772984110,remove-irs3-member1-1772984110,46,removal_approved,reshare_started,2026-03-08T15:35:31.667627841Z,2026-03-08T15:35:33.377216Z,/var/lib/docker/volumes,fabric_peer2.irs3.kit.edu,other,251851797,251851797,0
run_010,removal,removal_1772984110,remove-irs3-member1-1772984110,remove-irs3-member1-1772984110,46,removal_approved,reshare_started,2026-03-08T15:35:31.667627841Z,2026-03-08T15:35:33.377216Z,/var/lib/docker/volumes,fabric_peer3.irs3.kit.edu,other,251850378,251850378,0
run_010,removal,removal_1772984110,remove-irs3-member1-1772984110,remove-irs3-member1-1772984110,46,reshare_started,reshare_completed,2026-03-08T15:35:33.377216Z,2026-03-08T15:40:27.917016628Z,/var/lib/docker/volumes,07323924f55a40af409ae862fc14ab08f2d8c06ba282f174beb7e74ff5782926,other,NA,NA,
run_010,removal,removal_1772984110,remove-irs3-member1-1772984110,remove-irs3-member1-1772984110,46,reshare_started,reshare_completed,2026-03-08T15:35:33.377216Z,2026-03-08T15:40:27.917016628Z,/var/lib/docker/volumes,301473890dade69bfa0d19b444d1f0769b67a90d1197c166d84af2511e48f916,other,49770,49770,0
run_010,removal,removal_1772984110,remove-irs3-member1-1772984110,remove-irs3-member1-1772984110,46,reshare_started,reshare_completed,2026-03-08T15:35:33.377216Z,2026-03-08T15:40:27.917016628Z,/var/lib/docker/volumes,6b7bb91b53bcbfeb56b486bba478d97728a3c0004c18649976daaade961a2721,other,NA,NA,
run_010,removal,removal_1772984110,remove-irs3-member1-1772984110,remove-irs3-member1-1772984110,46,reshare_started,reshare_completed,2026-03-08T15:35:33.377216Z,2026-03-08T15:40:27.917016628Z,/var/lib/docker/volumes,791e62bfc17bf044236c3dcb5d77ec82610b27aa4d5f3c78aff2e2842f98f9ee,other,NA,NA,
run_010,removal,removal_1772984110,remove-irs3-member1-1772984110,remove-irs3-member1-1772984110,46,reshare_started,reshare_completed,2026-03-08T15:35:33.377216Z,2026-03-08T15:40:27.917016628Z,/var/lib/docker/volumes,86e46c7349c98bd170ab7467b42f5b1a8fcf1438535fca6ee74a0dcce3856102,other,NA,NA,
run_010,removal,removal_1772984110,remove-irs3-member1-1772984110,remove-irs3-member1-1772984110,46,reshare_started,reshare_completed,2026-03-08T15:35:33.377216Z,2026-03-08T15:40:27.917016628Z,/var/lib/docker/volumes,99ac8c723665556c954d288ca00335f1fae5493d384cb656ecf5a945cc9ae3b8,other,NA,NA,
run_010,removal,removal_1772984110,remove-irs3-member1-1772984110,remove-irs3-member1-1772984110,46,reshare_started,reshare_completed,2026-03-08T15:35:33.377216Z,2026-03-08T15:40:27.917016628Z,/var/lib/docker/volumes,ab96d922f06ec7a94f1b5200e75e480c9ed7eba86fbbe33b5cb9edbe031c6ea8,other,49770,49770,0
run_010,removal,removal_1772984110,remove-irs3-member1-1772984110,remove-irs3-member1-1772984110,46,reshare_started,reshare_completed,2026-03-08T15:35:33.377216Z,2026-03-08T15:40:27.917016628Z,/var/lib/docker/volumes,c58c4c31a22da439d2b7f591fd40cdcdd9bb8458f543e682f66d858083ef9ea8,other,NA,NA,
run_010,removal,removal_1772984110,remove-irs3-member1-1772984110,remove-irs3-member1-1772984110,46,reshare_started,reshare_completed,2026-03-08T15:35:33.377216Z,2026-03-08T15:40:27.917016628Z,/var/lib/docker/volumes,d9b7785a06954372515977133a1213437b80c5db1517196ca5e26134d3413ccf,other,NA,NA,
run_010,removal,removal_1772984110,remove-irs3-member1-1772984110,remove-irs3-member1-1772984110,46,reshare_started,reshare_completed,2026-03-08T15:35:33.377216Z,2026-03-08T15:40:27.917016628Z,/var/lib/docker/volumes,dfb0ca7b4b9cad4ec8515f6484cd89e2febfe10817782070636d5b3db6848438,other,NA,NA,
run_010,removal,removal_1772984110,remove-irs3-member1-1772984110,remove-irs3-member1-1772984110,46,reshare_started,reshare_completed,2026-03-08T15:35:33.377216Z,2026-03-08T15:40:27.917016628Z,/var/lib/docker/volumes,fabric_orderer.kit.edu,orderer,413647886,420071065,6423179
run_010,removal,removal_1772984110,remove-irs3-member1-1772984110,remove-irs3-member1-1772984110,46,reshare_started,reshare_completed,2026-03-08T15:35:33.377216Z,2026-03-08T15:40:27.917016628Z,/var/lib/docker/volumes,fabric_peer0.irs1.kit.edu,other,5006,5006,0
run_010,removal,removal_1772984110,remove-irs3-member1-1772984110,remove-irs3-member1-1772984110,46,reshare_started,reshare_completed,2026-03-08T15:35:33.377216Z,2026-03-08T15:40:27.917016628Z,/var/lib/docker/volumes,fabric_peer0.irs3.kit.edu,peer,251851814,259113494,7261680
run_010,removal,removal_1772984110,remove-irs3-member1-1772984110,remove-irs3-member1-1772984110,46,reshare_started,reshare_completed,2026-03-08T15:35:33.377216Z,2026-03-08T15:40:27.917016628Z,/var/lib/docker/volumes,fabric_peer1.irs3.kit.edu,other,251850399,259112079,7261680
run_010,removal,removal_1772984110,remove-irs3-member1-1772984110,remove-irs3-member1-1772984110,46,reshare_started,reshare_completed,2026-03-08T15:35:33.377216Z,2026-03-08T15:40:27.917016628Z,/var/lib/docker/volumes,fabric_peer2.irs3.kit.edu,other,251851797,259113477,7261680
run_010,removal,removal_1772984110,remove-irs3-member1-1772984110,remove-irs3-member1-1772984110,46,reshare_started,reshare_completed,2026-03-08T15:35:33.377216Z,2026-03-08T15:40:27.917016628Z,/var/lib/docker/volumes,fabric_peer3.irs3.kit.edu,other,251850378,259112058,7261680
run_010,removal,removal_1772984110,remove-irs3-member1-1772984110,remove-irs3-member1-1772984110,46,reshare_completed,operation_end,2026-03-08T15:40:27.917016628Z,2026-03-08T15:40:28.890914Z,/var/lib/docker/volumes,07323924f55a40af409ae862fc14ab08f2d8c06ba282f174beb7e74ff5782926,other,NA,NA,
run_010,removal,removal_1772984110,remove-irs3-member1-1772984110,remove-irs3-member1-1772984110,46,reshare_completed,operation_end,2026-03-08T15:40:27.917016628Z,2026-03-08T15:40:28.890914Z,/var/lib/docker/volumes,301473890dade69bfa0d19b444d1f0769b67a90d1197c166d84af2511e48f916,other,49770,49770,0
run_010,removal,removal_1772984110,remove-irs3-member1-1772984110,remove-irs3-member1-1772984110,46,reshare_completed,operation_end,2026-03-08T15:40:27.917016628Z,2026-03-08T15:40:28.890914Z,/var/lib/docker/volumes,6b7bb91b53bcbfeb56b486bba478d97728a3c0004c18649976daaade961a2721,other,NA,NA,
run_010,removal,removal_1772984110,remove-irs3-member1-1772984110,remove-irs3-member1-1772984110,46,reshare_completed,operation_end,2026-03-08T15:40:27.917016628Z,2026-03-08T15:40:28.890914Z,/var/lib/docker/volumes,791e62bfc17bf044236c3dcb5d77ec82610b27aa4d5f3c78aff2e2842f98f9ee,other,NA,NA,
run_010,removal,removal_1772984110,remove-irs3-member1-1772984110,remove-irs3-member1-1772984110,46,reshare_completed,operation_end,2026-03-08T15:40:27.917016628Z,2026-03-08T15:40:28.890914Z,/var/lib/docker/volumes,86e46c7349c98bd170ab7467b42f5b1a8fcf1438535fca6ee74a0dcce3856102,other,NA,NA,
run_010,removal,removal_1772984110,remove-irs3-member1-1772984110,remove-irs3-member1-1772984110,46,reshare_completed,operation_end,2026-03-08T15:40:27.917016628Z,2026-03-08T15:40:28.890914Z,/var/lib/docker/volumes,99ac8c723665556c954d288ca00335f1fae5493d384cb656ecf5a945cc9ae3b8,other,NA,NA,
run_010,removal,removal_1772984110,remove-irs3-member1-1772984110,remove-irs3-member1-1772984110,46,reshare_completed,operation_end,2026-03-08T15:40:27.917016628Z,2026-03-08T15:40:28.890914Z,/var/lib/docker/volumes,ab96d922f06ec7a94f1b5200e75e480c9ed7eba86fbbe33b5cb9edbe031c6ea8,other,49770,49770,0
run_010,removal,removal_1772984110,remove-irs3-member1-1772984110,remove-irs3-member1-1772984110,46,reshare_completed,operation_end,2026-03-08T15:40:27.917016628Z,2026-03-08T15:40:28.890914Z,/var/lib/docker/volumes,c58c4c31a22da439d2b7f591fd40cdcdd9bb8458f543e682f66d858083ef9ea8,other,NA,NA,
run_010,removal,removal_1772984110,remove-irs3-member1-1772984110,remove-irs3-member1-1772984110,46,reshare_completed,operation_end,2026-03-08T15:40:27.917016628Z,2026-03-08T15:40:28.890914Z,/var/lib/docker/volumes,d9b7785a06954372515977133a1213437b80c5db1517196ca5e26134d3413ccf,other,NA,NA,
run_010,removal,removal_1772984110,remove-irs3-member1-1772984110,remove-irs3-member1-1772984110,46,reshare_completed,operation_end,2026-03-08T15:40:27.917016628Z,2026-03-08T15:40:28.890914Z,/var/lib/docker/volumes,dfb0ca7b4b9cad4ec8515f6484cd89e2febfe10817782070636d5b3db6848438,other,NA,NA,
run_010,removal,removal_1772984110,remove-irs3-member1-1772984110,remove-irs3-member1-1772984110,46,reshare_completed,operation_end,2026-03-08T15:40:27.917016628Z,2026-03-08T15:40:28.890914Z,/var/lib/docker/volumes,fabric_orderer.kit.edu,orderer,420071065,420071065,0
run_010,removal,removal_1772984110,remove-irs3-member1-1772984110,remove-irs3-member1-1772984110,46,reshare_completed,operation_end,2026-03-08T15:40:27.917016628Z,2026-03-08T15:40:28.890914Z,/var/lib/docker/volumes,fabric_peer0.irs1.kit.edu,other,5006,5006,0
run_010,removal,removal_1772984110,remove-irs3-member1-1772984110,remove-irs3-member1-1772984110,46,reshare_completed,operation_end,2026-03-08T15:40:27.917016628Z,2026-03-08T15:40:28.890914Z,/var/lib/docker/volumes,fabric_peer0.irs3.kit.edu,peer,259113494,259113494,0
run_010,removal,removal_1772984110,remove-irs3-member1-1772984110,remove-irs3-member1-1772984110,46,reshare_completed,operation_end,2026-03-08T15:40:27.917016628Z,2026-03-08T15:40:28.890914Z,/var/lib/docker/volumes,fabric_peer1.irs3.kit.edu,other,259112079,259112079,0
run_010,removal,removal_1772984110,remove-irs3-member1-1772984110,remove-irs3-member1-1772984110,46,reshare_completed,operation_end,2026-03-08T15:40:27.917016628Z,2026-03-08T15:40:28.890914Z,/var/lib/docker/volumes,fabric_peer2.irs3.kit.edu,other,259113477,259113477,0
run_010,removal,removal_1772984110,remove-irs3-member1-1772984110,remove-irs3-member1-1772984110,46,reshare_completed,operation_end,2026-03-08T15:40:27.917016628Z,2026-03-08T15:40:28.890914Z,/var/lib/docker/volumes,fabric_peer3.irs3.kit.edu,other,259112058,259112058,0
run_010,join,join_1772984447,join-irs3-1772984447,join-irs3-1772984447,47,operation_start,join_submit_done,2026-03-08T15:40:47.715031Z,2026-03-08T15:40:50.169092Z,/var/lib/docker/volumes,07323924f55a40af409ae862fc14ab08f2d8c06ba282f174beb7e74ff5782926,other,NA,NA,
run_010,join,join_1772984447,join-irs3-1772984447,join-irs3-1772984447,47,operation_start,join_submit_done,2026-03-08T15:40:47.715031Z,2026-03-08T15:40:50.169092Z,/var/lib/docker/volumes,301473890dade69bfa0d19b444d1f0769b67a90d1197c166d84af2511e48f916,other,49770,49770,0
run_010,join,join_1772984447,join-irs3-1772984447,join-irs3-1772984447,47,operation_start,join_submit_done,2026-03-08T15:40:47.715031Z,2026-03-08T15:40:50.169092Z,/var/lib/docker/volumes,6b7bb91b53bcbfeb56b486bba478d97728a3c0004c18649976daaade961a2721,other,NA,NA,
run_010,join,join_1772984447,join-irs3-1772984447,join-irs3-1772984447,47,operation_start,join_submit_done,2026-03-08T15:40:47.715031Z,2026-03-08T15:40:50.169092Z,/var/lib/docker/volumes,791e62bfc17bf044236c3dcb5d77ec82610b27aa4d5f3c78aff2e2842f98f9ee,other,NA,NA,
run_010,join,join_1772984447,join-irs3-1772984447,join-irs3-1772984447,47,operation_start,join_submit_done,2026-03-08T15:40:47.715031Z,2026-03-08T15:40:50.169092Z,/var/lib/docker/volumes,86e46c7349c98bd170ab7467b42f5b1a8fcf1438535fca6ee74a0dcce3856102,other,NA,NA,
run_010,join,join_1772984447,join-irs3-1772984447,join-irs3-1772984447,47,operation_start,join_submit_done,2026-03-08T15:40:47.715031Z,2026-03-08T15:40:50.169092Z,/var/lib/docker/volumes,99ac8c723665556c954d288ca00335f1fae5493d384cb656ecf5a945cc9ae3b8,other,NA,NA,
run_010,join,join_1772984447,join-irs3-1772984447,join-irs3-1772984447,47,operation_start,join_submit_done,2026-03-08T15:40:47.715031Z,2026-03-08T15:40:50.169092Z,/var/lib/docker/volumes,ab96d922f06ec7a94f1b5200e75e480c9ed7eba86fbbe33b5cb9edbe031c6ea8,other,49770,49770,0
run_010,join,join_1772984447,join-irs3-1772984447,join-irs3-1772984447,47,operation_start,join_submit_done,2026-03-08T15:40:47.715031Z,2026-03-08T15:40:50.169092Z,/var/lib/docker/volumes,c58c4c31a22da439d2b7f591fd40cdcdd9bb8458f543e682f66d858083ef9ea8,other,NA,NA,
run_010,join,join_1772984447,join-irs3-1772984447,join-irs3-1772984447,47,operation_start,join_submit_done,2026-03-08T15:40:47.715031Z,2026-03-08T15:40:50.169092Z,/var/lib/docker/volumes,d9b7785a06954372515977133a1213437b80c5db1517196ca5e26134d3413ccf,other,NA,NA,
run_010,join,join_1772984447,join-irs3-1772984447,join-irs3-1772984447,47,operation_start,join_submit_done,2026-03-08T15:40:47.715031Z,2026-03-08T15:40:50.169092Z,/var/lib/docker/volumes,dfb0ca7b4b9cad4ec8515f6484cd89e2febfe10817782070636d5b3db6848438,other,NA,NA,
run_010,join,join_1772984447,join-irs3-1772984447,join-irs3-1772984447,47,operation_start,join_submit_done,2026-03-08T15:40:47.715031Z,2026-03-08T15:40:50.169092Z,/var/lib/docker/volumes,fabric_orderer.kit.edu,orderer,420071065,420081449,10384
run_010,join,join_1772984447,join-irs3-1772984447,join-irs3-1772984447,47,operation_start,join_submit_done,2026-03-08T15:40:47.715031Z,2026-03-08T15:40:50.169092Z,/var/lib/docker/volumes,fabric_peer0.irs1.kit.edu,other,5006,5006,0
run_010,join,join_1772984447,join-irs3-1772984447,join-irs3-1772984447,47,operation_start,join_submit_done,2026-03-08T15:40:47.715031Z,2026-03-08T15:40:50.169092Z,/var/lib/docker/volumes,fabric_peer0.irs3.kit.edu,peer,259113494,259125777,12283
run_010,join,join_1772984447,join-irs3-1772984447,join-irs3-1772984447,47,operation_start,join_submit_done,2026-03-08T15:40:47.715031Z,2026-03-08T15:40:50.169092Z,/var/lib/docker/volumes,fabric_peer1.irs3.kit.edu,other,259112079,259124362,12283
run_010,join,join_1772984447,join-irs3-1772984447,join-irs3-1772984447,47,operation_start,join_submit_done,2026-03-08T15:40:47.715031Z,2026-03-08T15:40:50.169092Z,/var/lib/docker/volumes,fabric_peer2.irs3.kit.edu,other,259113477,259125760,12283
run_010,join,join_1772984447,join-irs3-1772984447,join-irs3-1772984447,47,operation_start,join_submit_done,2026-03-08T15:40:47.715031Z,2026-03-08T15:40:50.169092Z,/var/lib/docker/volumes,fabric_peer3.irs3.kit.edu,other,259112058,259124341,12283
run_010,join,join_1772984447,join-irs3-1772984447,join-irs3-1772984447,47,join_submit_done,join_voted,2026-03-08T15:40:50.169092Z,2026-03-08T15:40:52.695060656Z,/var/lib/docker/volumes,07323924f55a40af409ae862fc14ab08f2d8c06ba282f174beb7e74ff5782926,other,NA,NA,
run_010,join,join_1772984447,join-irs3-1772984447,join-irs3-1772984447,47,join_submit_done,join_voted,2026-03-08T15:40:50.169092Z,2026-03-08T15:40:52.695060656Z,/var/lib/docker/volumes,301473890dade69bfa0d19b444d1f0769b67a90d1197c166d84af2511e48f916,other,49770,49770,0
run_010,join,join_1772984447,join-irs3-1772984447,join-irs3-1772984447,47,join_submit_done,join_voted,2026-03-08T15:40:50.169092Z,2026-03-08T15:40:52.695060656Z,/var/lib/docker/volumes,6b7bb91b53bcbfeb56b486bba478d97728a3c0004c18649976daaade961a2721,other,NA,NA,
run_010,join,join_1772984447,join-irs3-1772984447,join-irs3-1772984447,47,join_submit_done,join_voted,2026-03-08T15:40:50.169092Z,2026-03-08T15:40:52.695060656Z,/var/lib/docker/volumes,791e62bfc17bf044236c3dcb5d77ec82610b27aa4d5f3c78aff2e2842f98f9ee,other,NA,NA,
run_010,join,join_1772984447,join-irs3-1772984447,join-irs3-1772984447,47,join_submit_done,join_voted,2026-03-08T15:40:50.169092Z,2026-03-08T15:40:52.695060656Z,/var/lib/docker/volumes,86e46c7349c98bd170ab7467b42f5b1a8fcf1438535fca6ee74a0dcce3856102,other,NA,NA,
run_010,join,join_1772984447,join-irs3-1772984447,join-irs3-1772984447,47,join_submit_done,join_voted,2026-03-08T15:40:50.169092Z,2026-03-08T15:40:52.695060656Z,/var/lib/docker/volumes,99ac8c723665556c954d288ca00335f1fae5493d384cb656ecf5a945cc9ae3b8,other,NA,NA,
run_010,join,join_1772984447,join-irs3-1772984447,join-irs3-1772984447,47,join_submit_done,join_voted,2026-03-08T15:40:50.169092Z,2026-03-08T15:40:52.695060656Z,/var/lib/docker/volumes,ab96d922f06ec7a94f1b5200e75e480c9ed7eba86fbbe33b5cb9edbe031c6ea8,other,49770,49770,0
run_010,join,join_1772984447,join-irs3-1772984447,join-irs3-1772984447,47,join_submit_done,join_voted,2026-03-08T15:40:50.169092Z,2026-03-08T15:40:52.695060656Z,/var/lib/docker/volumes,c58c4c31a22da439d2b7f591fd40cdcdd9bb8458f543e682f66d858083ef9ea8,other,NA,NA,
run_010,join,join_1772984447,join-irs3-1772984447,join-irs3-1772984447,47,join_submit_done,join_voted,2026-03-08T15:40:50.169092Z,2026-03-08T15:40:52.695060656Z,/var/lib/docker/volumes,d9b7785a06954372515977133a1213437b80c5db1517196ca5e26134d3413ccf,other,NA,NA,
run_010,join,join_1772984447,join-irs3-1772984447,join-irs3-1772984447,47,join_submit_done,join_voted,2026-03-08T15:40:50.169092Z,2026-03-08T15:40:52.695060656Z,/var/lib/docker/volumes,dfb0ca7b4b9cad4ec8515f6484cd89e2febfe10817782070636d5b3db6848438,other,NA,NA,
run_010,join,join_1772984447,join-irs3-1772984447,join-irs3-1772984447,47,join_submit_done,join_voted,2026-03-08T15:40:50.169092Z,2026-03-08T15:40:52.695060656Z,/var/lib/docker/volumes,fabric_orderer.kit.edu,orderer,420081449,420235473,154024
run_010,join,join_1772984447,join-irs3-1772984447,join-irs3-1772984447,47,join_submit_done,join_voted,2026-03-08T15:40:50.169092Z,2026-03-08T15:40:52.695060656Z,/var/lib/docker/volumes,fabric_peer0.irs1.kit.edu,other,5006,5006,0
run_010,join,join_1772984447,join-irs3-1772984447,join-irs3-1772984447,47,join_submit_done,join_voted,2026-03-08T15:40:50.169092Z,2026-03-08T15:40:52.695060656Z,/var/lib/docker/volumes,fabric_peer0.irs3.kit.edu,peer,259125777,259287795,162018
run_010,join,join_1772984447,join-irs3-1772984447,join-irs3-1772984447,47,join_submit_done,join_voted,2026-03-08T15:40:50.169092Z,2026-03-08T15:40:52.695060656Z,/var/lib/docker/volumes,fabric_peer1.irs3.kit.edu,other,259124362,259286380,162018
run_010,join,join_1772984447,join-irs3-1772984447,join-irs3-1772984447,47,join_submit_done,join_voted,2026-03-08T15:40:50.169092Z,2026-03-08T15:40:52.695060656Z,/var/lib/docker/volumes,fabric_peer2.irs3.kit.edu,other,259125760,259287778,162018
run_010,join,join_1772984447,join-irs3-1772984447,join-irs3-1772984447,47,join_submit_done,join_voted,2026-03-08T15:40:50.169092Z,2026-03-08T15:40:52.695060656Z,/var/lib/docker/volumes,fabric_peer3.irs3.kit.edu,other,259124341,259286359,162018
run_010,join,join_1772984447,join-irs3-1772984447,join-irs3-1772984447,47,join_voted,join_approved,2026-03-08T15:40:52.695060656Z,2026-03-08T15:41:11.547330444Z,/var/lib/docker/volumes,07323924f55a40af409ae862fc14ab08f2d8c06ba282f174beb7e74ff5782926,other,NA,NA,
run_010,join,join_1772984447,join-irs3-1772984447,join-irs3-1772984447,47,join_voted,join_approved,2026-03-08T15:40:52.695060656Z,2026-03-08T15:41:11.547330444Z,/var/lib/docker/volumes,301473890dade69bfa0d19b444d1f0769b67a90d1197c166d84af2511e48f916,other,49770,49770,0
run_010,join,join_1772984447,join-irs3-1772984447,join-irs3-1772984447,47,join_voted,join_approved,2026-03-08T15:40:52.695060656Z,2026-03-08T15:41:11.547330444Z,/var/lib/docker/volumes,6b7bb91b53bcbfeb56b486bba478d97728a3c0004c18649976daaade961a2721,other,NA,NA,
run_010,join,join_1772984447,join-irs3-1772984447,join-irs3-1772984447,47,join_voted,join_approved,2026-03-08T15:40:52.695060656Z,2026-03-08T15:41:11.547330444Z,/var/lib/docker/volumes,791e62bfc17bf044236c3dcb5d77ec82610b27aa4d5f3c78aff2e2842f98f9ee,other,NA,NA,
run_010,join,join_1772984447,join-irs3-1772984447,join-irs3-1772984447,47,join_voted,join_approved,2026-03-08T15:40:52.695060656Z,2026-03-08T15:41:11.547330444Z,/var/lib/docker/volumes,86e46c7349c98bd170ab7467b42f5b1a8fcf1438535fca6ee74a0dcce3856102,other,NA,NA,
run_010,join,join_1772984447,join-irs3-1772984447,join-irs3-1772984447,47,join_voted,join_approved,2026-03-08T15:40:52.695060656Z,2026-03-08T15:41:11.547330444Z,/var/lib/docker/volumes,99ac8c723665556c954d288ca00335f1fae5493d384cb656ecf5a945cc9ae3b8,other,NA,NA,
run_010,join,join_1772984447,join-irs3-1772984447,join-irs3-1772984447,47,join_voted,join_approved,2026-03-08T15:40:52.695060656Z,2026-03-08T15:41:11.547330444Z,/var/lib/docker/volumes,ab96d922f06ec7a94f1b5200e75e480c9ed7eba86fbbe33b5cb9edbe031c6ea8,other,49770,49770,0
run_010,join,join_1772984447,join-irs3-1772984447,join-irs3-1772984447,47,join_voted,join_approved,2026-03-08T15:40:52.695060656Z,2026-03-08T15:41:11.547330444Z,/var/lib/docker/volumes,c58c4c31a22da439d2b7f591fd40cdcdd9bb8458f543e682f66d858083ef9ea8,other,NA,NA,
run_010,join,join_1772984447,join-irs3-1772984447,join-irs3-1772984447,47,join_voted,join_approved,2026-03-08T15:40:52.695060656Z,2026-03-08T15:41:11.547330444Z,/var/lib/docker/volumes,d9b7785a06954372515977133a1213437b80c5db1517196ca5e26134d3413ccf,other,NA,NA,
run_010,join,join_1772984447,join-irs3-1772984447,join-irs3-1772984447,47,join_voted,join_approved,2026-03-08T15:40:52.695060656Z,2026-03-08T15:41:11.547330444Z,/var/lib/docker/volumes,dfb0ca7b4b9cad4ec8515f6484cd89e2febfe10817782070636d5b3db6848438,other,NA,NA,
run_010,join,join_1772984447,join-irs3-1772984447,join-irs3-1772984447,47,join_voted,join_approved,2026-03-08T15:40:52.695060656Z,2026-03-08T15:41:11.547330444Z,/var/lib/docker/volumes,fabric_orderer.kit.edu,orderer,420235473,420941527,706054
run_010,join,join_1772984447,join-irs3-1772984447,join-irs3-1772984447,47,join_voted,join_approved,2026-03-08T15:40:52.695060656Z,2026-03-08T15:41:11.547330444Z,/var/lib/docker/volumes,fabric_peer0.irs1.kit.edu,other,5006,5006,0
run_010,join,join_1772984447,join-irs3-1772984447,join-irs3-1772984447,47,join_voted,join_approved,2026-03-08T15:40:52.695060656Z,2026-03-08T15:41:11.547330444Z,/var/lib/docker/volumes,fabric_peer0.irs3.kit.edu,peer,259287795,260044175,756380
run_010,join,join_1772984447,join-irs3-1772984447,join-irs3-1772984447,47,join_voted,join_approved,2026-03-08T15:40:52.695060656Z,2026-03-08T15:41:11.547330444Z,/var/lib/docker/volumes,fabric_peer1.irs3.kit.edu,other,259286380,260042760,756380
run_010,join,join_1772984447,join-irs3-1772984447,join-irs3-1772984447,47,join_voted,join_approved,2026-03-08T15:40:52.695060656Z,2026-03-08T15:41:11.547330444Z,/var/lib/docker/volumes,fabric_peer2.irs3.kit.edu,other,259287778,260044158,756380
run_010,join,join_1772984447,join-irs3-1772984447,join-irs3-1772984447,47,join_voted,join_approved,2026-03-08T15:40:52.695060656Z,2026-03-08T15:41:11.547330444Z,/var/lib/docker/volumes,fabric_peer3.irs3.kit.edu,other,259286359,260042739,756380
run_010,join,join_1772984447,join-irs3-1772984447,join-irs3-1772984447,47,join_approved,reshare_started,2026-03-08T15:41:11.547330444Z,2026-03-08T15:41:12.808157Z,/var/lib/docker/volumes,07323924f55a40af409ae862fc14ab08f2d8c06ba282f174beb7e74ff5782926,other,NA,NA,
run_010,join,join_1772984447,join-irs3-1772984447,join-irs3-1772984447,47,join_approved,reshare_started,2026-03-08T15:41:11.547330444Z,2026-03-08T15:41:12.808157Z,/var/lib/docker/volumes,301473890dade69bfa0d19b444d1f0769b67a90d1197c166d84af2511e48f916,other,49770,49770,0
run_010,join,join_1772984447,join-irs3-1772984447,join-irs3-1772984447,47,join_approved,reshare_started,2026-03-08T15:41:11.547330444Z,2026-03-08T15:41:12.808157Z,/var/lib/docker/volumes,6b7bb91b53bcbfeb56b486bba478d97728a3c0004c18649976daaade961a2721,other,NA,NA,
run_010,join,join_1772984447,join-irs3-1772984447,join-irs3-1772984447,47,join_approved,reshare_started,2026-03-08T15:41:11.547330444Z,2026-03-08T15:41:12.808157Z,/var/lib/docker/volumes,791e62bfc17bf044236c3dcb5d77ec82610b27aa4d5f3c78aff2e2842f98f9ee,other,NA,NA,
run_010,join,join_1772984447,join-irs3-1772984447,join-irs3-1772984447,47,join_approved,reshare_started,2026-03-08T15:41:11.547330444Z,2026-03-08T15:41:12.808157Z,/var/lib/docker/volumes,86e46c7349c98bd170ab7467b42f5b1a8fcf1438535fca6ee74a0dcce3856102,other,NA,NA,
run_010,join,join_1772984447,join-irs3-1772984447,join-irs3-1772984447,47,join_approved,reshare_started,2026-03-08T15:41:11.547330444Z,2026-03-08T15:41:12.808157Z,/var/lib/docker/volumes,99ac8c723665556c954d288ca00335f1fae5493d384cb656ecf5a945cc9ae3b8,other,NA,NA,
run_010,join,join_1772984447,join-irs3-1772984447,join-irs3-1772984447,47,join_approved,reshare_started,2026-03-08T15:41:11.547330444Z,2026-03-08T15:41:12.808157Z,/var/lib/docker/volumes,ab96d922f06ec7a94f1b5200e75e480c9ed7eba86fbbe33b5cb9edbe031c6ea8,other,49770,49770,0
run_010,join,join_1772984447,join-irs3-1772984447,join-irs3-1772984447,47,join_approved,reshare_started,2026-03-08T15:41:11.547330444Z,2026-03-08T15:41:12.808157Z,/var/lib/docker/volumes,c58c4c31a22da439d2b7f591fd40cdcdd9bb8458f543e682f66d858083ef9ea8,other,NA,NA,
run_010,join,join_1772984447,join-irs3-1772984447,join-irs3-1772984447,47,join_approved,reshare_started,2026-03-08T15:41:11.547330444Z,2026-03-08T15:41:12.808157Z,/var/lib/docker/volumes,d9b7785a06954372515977133a1213437b80c5db1517196ca5e26134d3413ccf,other,NA,NA,
run_010,join,join_1772984447,join-irs3-1772984447,join-irs3-1772984447,47,join_approved,reshare_started,2026-03-08T15:41:11.547330444Z,2026-03-08T15:41:12.808157Z,/var/lib/docker/volumes,dfb0ca7b4b9cad4ec8515f6484cd89e2febfe10817782070636d5b3db6848438,other,NA,NA,
run_010,join,join_1772984447,join-irs3-1772984447,join-irs3-1772984447,47,join_approved,reshare_started,2026-03-08T15:41:11.547330444Z,2026-03-08T15:41:12.808157Z,/var/lib/docker/volumes,fabric_orderer.kit.edu,orderer,420941527,420941527,0
run_010,join,join_1772984447,join-irs3-1772984447,join-irs3-1772984447,47,join_approved,reshare_started,2026-03-08T15:41:11.547330444Z,2026-03-08T15:41:12.808157Z,/var/lib/docker/volumes,fabric_peer0.irs1.kit.edu,other,5006,5006,0
run_010,join,join_1772984447,join-irs3-1772984447,join-irs3-1772984447,47,join_approved,reshare_started,2026-03-08T15:41:11.547330444Z,2026-03-08T15:41:12.808157Z,/var/lib/docker/volumes,fabric_peer0.irs3.kit.edu,peer,260044175,260044175,0
run_010,join,join_1772984447,join-irs3-1772984447,join-irs3-1772984447,47,join_approved,reshare_started,2026-03-08T15:41:11.547330444Z,2026-03-08T15:41:12.808157Z,/var/lib/docker/volumes,fabric_peer1.irs3.kit.edu,other,260042760,260042760,0
run_010,join,join_1772984447,join-irs3-1772984447,join-irs3-1772984447,47,join_approved,reshare_started,2026-03-08T15:41:11.547330444Z,2026-03-08T15:41:12.808157Z,/var/lib/docker/volumes,fabric_peer2.irs3.kit.edu,other,260044158,260044158,0
run_010,join,join_1772984447,join-irs3-1772984447,join-irs3-1772984447,47,join_approved,reshare_started,2026-03-08T15:41:11.547330444Z,2026-03-08T15:41:12.808157Z,/var/lib/docker/volumes,fabric_peer3.irs3.kit.edu,other,260042739,260042739,0
run_010,join,join_1772984447,join-irs3-1772984447,join-irs3-1772984447,47,reshare_started,reshare_completed,2026-03-08T15:41:12.808157Z,2026-03-08T15:44:59.65856913Z,/var/lib/docker/volumes,07323924f55a40af409ae862fc14ab08f2d8c06ba282f174beb7e74ff5782926,other,NA,NA,
run_010,join,join_1772984447,join-irs3-1772984447,join-irs3-1772984447,47,reshare_started,reshare_completed,2026-03-08T15:41:12.808157Z,2026-03-08T15:44:59.65856913Z,/var/lib/docker/volumes,301473890dade69bfa0d19b444d1f0769b67a90d1197c166d84af2511e48f916,other,49770,49770,0
run_010,join,join_1772984447,join-irs3-1772984447,join-irs3-1772984447,47,reshare_started,reshare_completed,2026-03-08T15:41:12.808157Z,2026-03-08T15:44:59.65856913Z,/var/lib/docker/volumes,6b7bb91b53bcbfeb56b486bba478d97728a3c0004c18649976daaade961a2721,other,NA,NA,
run_010,join,join_1772984447,join-irs3-1772984447,join-irs3-1772984447,47,reshare_started,reshare_completed,2026-03-08T15:41:12.808157Z,2026-03-08T15:44:59.65856913Z,/var/lib/docker/volumes,791e62bfc17bf044236c3dcb5d77ec82610b27aa4d5f3c78aff2e2842f98f9ee,other,NA,NA,
run_010,join,join_1772984447,join-irs3-1772984447,join-irs3-1772984447,47,reshare_started,reshare_completed,2026-03-08T15:41:12.808157Z,2026-03-08T15:44:59.65856913Z,/var/lib/docker/volumes,86e46c7349c98bd170ab7467b42f5b1a8fcf1438535fca6ee74a0dcce3856102,other,NA,NA,
run_010,join,join_1772984447,join-irs3-1772984447,join-irs3-1772984447,47,reshare_started,reshare_completed,2026-03-08T15:41:12.808157Z,2026-03-08T15:44:59.65856913Z,/var/lib/docker/volumes,99ac8c723665556c954d288ca00335f1fae5493d384cb656ecf5a945cc9ae3b8,other,NA,NA,
run_010,join,join_1772984447,join-irs3-1772984447,join-irs3-1772984447,47,reshare_started,reshare_completed,2026-03-08T15:41:12.808157Z,2026-03-08T15:44:59.65856913Z,/var/lib/docker/volumes,ab96d922f06ec7a94f1b5200e75e480c9ed7eba86fbbe33b5cb9edbe031c6ea8,other,49770,49770,0
run_010,join,join_1772984447,join-irs3-1772984447,join-irs3-1772984447,47,reshare_started,reshare_completed,2026-03-08T15:41:12.808157Z,2026-03-08T15:44:59.65856913Z,/var/lib/docker/volumes,c58c4c31a22da439d2b7f591fd40cdcdd9bb8458f543e682f66d858083ef9ea8,other,NA,NA,
run_010,join,join_1772984447,join-irs3-1772984447,join-irs3-1772984447,47,reshare_started,reshare_completed,2026-03-08T15:41:12.808157Z,2026-03-08T15:44:59.65856913Z,/var/lib/docker/volumes,d9b7785a06954372515977133a1213437b80c5db1517196ca5e26134d3413ccf,other,NA,NA,
run_010,join,join_1772984447,join-irs3-1772984447,join-irs3-1772984447,47,reshare_started,reshare_completed,2026-03-08T15:41:12.808157Z,2026-03-08T15:44:59.65856913Z,/var/lib/docker/volumes,dfb0ca7b4b9cad4ec8515f6484cd89e2febfe10817782070636d5b3db6848438,other,NA,NA,
run_010,join,join_1772984447,join-irs3-1772984447,join-irs3-1772984447,47,reshare_started,reshare_completed,2026-03-08T15:41:12.808157Z,2026-03-08T15:44:59.65856913Z,/var/lib/docker/volumes,fabric_orderer.kit.edu,orderer,420941527,423070062,2128535
run_010,join,join_1772984447,join-irs3-1772984447,join-irs3-1772984447,47,reshare_started,reshare_completed,2026-03-08T15:41:12.808157Z,2026-03-08T15:44:59.65856913Z,/var/lib/docker/volumes,fabric_peer0.irs1.kit.edu,other,5006,5006,0
run_010,join,join_1772984447,join-irs3-1772984447,join-irs3-1772984447,47,reshare_started,reshare_completed,2026-03-08T15:41:12.808157Z,2026-03-08T15:44:59.65856913Z,/var/lib/docker/volumes,fabric_peer0.irs3.kit.edu,peer,260044175,262409113,2364938
run_010,join,join_1772984447,join-irs3-1772984447,join-irs3-1772984447,47,reshare_started,reshare_completed,2026-03-08T15:41:12.808157Z,2026-03-08T15:44:59.65856913Z,/var/lib/docker/volumes,fabric_peer1.irs3.kit.edu,other,260042760,262407698,2364938
run_010,join,join_1772984447,join-irs3-1772984447,join-irs3-1772984447,47,reshare_started,reshare_completed,2026-03-08T15:41:12.808157Z,2026-03-08T15:44:59.65856913Z,/var/lib/docker/volumes,fabric_peer2.irs3.kit.edu,other,260044158,262409096,2364938
run_010,join,join_1772984447,join-irs3-1772984447,join-irs3-1772984447,47,reshare_started,reshare_completed,2026-03-08T15:41:12.808157Z,2026-03-08T15:44:59.65856913Z,/var/lib/docker/volumes,fabric_peer3.irs3.kit.edu,other,260042739,262407677,2364938
run_010,join,join_1772984447,join-irs3-1772984447,join-irs3-1772984447,47,reshare_completed,operation_end,2026-03-08T15:44:59.65856913Z,2026-03-08T15:46:44.983873Z,/var/lib/docker/volumes,07323924f55a40af409ae862fc14ab08f2d8c06ba282f174beb7e74ff5782926,other,NA,NA,
run_010,join,join_1772984447,join-irs3-1772984447,join-irs3-1772984447,47,reshare_completed,operation_end,2026-03-08T15:44:59.65856913Z,2026-03-08T15:46:44.983873Z,/var/lib/docker/volumes,301473890dade69bfa0d19b444d1f0769b67a90d1197c166d84af2511e48f916,other,49770,49770,0
run_010,join,join_1772984447,join-irs3-1772984447,join-irs3-1772984447,47,reshare_completed,operation_end,2026-03-08T15:44:59.65856913Z,2026-03-08T15:46:44.983873Z,/var/lib/docker/volumes,6b7bb91b53bcbfeb56b486bba478d97728a3c0004c18649976daaade961a2721,other,NA,NA,
run_010,join,join_1772984447,join-irs3-1772984447,join-irs3-1772984447,47,reshare_completed,operation_end,2026-03-08T15:44:59.65856913Z,2026-03-08T15:46:44.983873Z,/var/lib/docker/volumes,791e62bfc17bf044236c3dcb5d77ec82610b27aa4d5f3c78aff2e2842f98f9ee,other,NA,NA,
run_010,join,join_1772984447,join-irs3-1772984447,join-irs3-1772984447,47,reshare_completed,operation_end,2026-03-08T15:44:59.65856913Z,2026-03-08T15:46:44.983873Z,/var/lib/docker/volumes,86e46c7349c98bd170ab7467b42f5b1a8fcf1438535fca6ee74a0dcce3856102,other,NA,NA,
run_010,join,join_1772984447,join-irs3-1772984447,join-irs3-1772984447,47,reshare_completed,operation_end,2026-03-08T15:44:59.65856913Z,2026-03-08T15:46:44.983873Z,/var/lib/docker/volumes,99ac8c723665556c954d288ca00335f1fae5493d384cb656ecf5a945cc9ae3b8,other,NA,NA,
run_010,join,join_1772984447,join-irs3-1772984447,join-irs3-1772984447,47,reshare_completed,operation_end,2026-03-08T15:44:59.65856913Z,2026-03-08T15:46:44.983873Z,/var/lib/docker/volumes,ab96d922f06ec7a94f1b5200e75e480c9ed7eba86fbbe33b5cb9edbe031c6ea8,other,49770,49770,0
run_010,join,join_1772984447,join-irs3-1772984447,join-irs3-1772984447,47,reshare_completed,operation_end,2026-03-08T15:44:59.65856913Z,2026-03-08T15:46:44.983873Z,/var/lib/docker/volumes,c58c4c31a22da439d2b7f591fd40cdcdd9bb8458f543e682f66d858083ef9ea8,other,NA,NA,
run_010,join,join_1772984447,join-irs3-1772984447,join-irs3-1772984447,47,reshare_completed,operation_end,2026-03-08T15:44:59.65856913Z,2026-03-08T15:46:44.983873Z,/var/lib/docker/volumes,d9b7785a06954372515977133a1213437b80c5db1517196ca5e26134d3413ccf,other,NA,NA,
run_010,join,join_1772984447,join-irs3-1772984447,join-irs3-1772984447,47,reshare_completed,operation_end,2026-03-08T15:44:59.65856913Z,2026-03-08T15:46:44.983873Z,/var/lib/docker/volumes,dfb0ca7b4b9cad4ec8515f6484cd89e2febfe10817782070636d5b3db6848438,other,NA,NA,
run_010,join,join_1772984447,join-irs3-1772984447,join-irs3-1772984447,47,reshare_completed,operation_end,2026-03-08T15:44:59.65856913Z,2026-03-08T15:46:44.983873Z,/var/lib/docker/volumes,fabric_orderer.kit.edu,orderer,423070062,428297866,5227804
run_010,join,join_1772984447,join-irs3-1772984447,join-irs3-1772984447,47,reshare_completed,operation_end,2026-03-08T15:44:59.65856913Z,2026-03-08T15:46:44.983873Z,/var/lib/docker/volumes,fabric_peer0.irs1.kit.edu,other,5006,5006,0
run_010,join,join_1772984447,join-irs3-1772984447,join-irs3-1772984447,47,reshare_completed,operation_end,2026-03-08T15:44:59.65856913Z,2026-03-08T15:46:44.983873Z,/var/lib/docker/volumes,fabric_peer0.irs3.kit.edu,peer,262409113,268161195,5752082
run_010,join,join_1772984447,join-irs3-1772984447,join-irs3-1772984447,47,reshare_completed,operation_end,2026-03-08T15:44:59.65856913Z,2026-03-08T15:46:44.983873Z,/var/lib/docker/volumes,fabric_peer1.irs3.kit.edu,other,262407698,268159780,5752082
run_010,join,join_1772984447,join-irs3-1772984447,join-irs3-1772984447,47,reshare_completed,operation_end,2026-03-08T15:44:59.65856913Z,2026-03-08T15:46:44.983873Z,/var/lib/docker/volumes,fabric_peer2.irs3.kit.edu,other,262409096,268161178,5752082
run_010,join,join_1772984447,join-irs3-1772984447,join-irs3-1772984447,47,reshare_completed,operation_end,2026-03-08T15:44:59.65856913Z,2026-03-08T15:46:44.983873Z,/var/lib/docker/volumes,fabric_peer3.irs3.kit.edu,other,262407677,268159759,5752082
