ts,operation,phase,cpu_total_pct,mem_used_pct,rx_bytes,tx_bytes,rx_bytes_interval,tx_bytes_interval,rx_bytes_delta,tx_bytes_delta,control_rx_bytes_interval,control_tx_bytes_interval,control_rx_bytes_delta,control_tx_bytes_delta,rx_bytes_interval_adjusted,tx_bytes_interval_adjusted,rx_bytes_delta_adjusted,tx_bytes_delta_adjusted,control_sampling_ok,control_sampling_note,tss_cpu_pct,tss_mem_pct,peer_cpu_pct,peer_mem_pct,orderer_cpu_pct,orderer_mem_pct,tss_pid_count,peer_pid_count,orderer_pid_count,phase_derived,phase_start_ts,phase_end_ts,phase_elapsed_s,marker_prev,marker_prev_ts,marker_prev_elapsed_s,marker_next,marker_next_ts,marker_next_elapsed_s,proposal_id_derived,workflow_derived,entity_id_derived,epoch_derived,timeline_markers
2026-03-08T15:05:57.069441Z,removal_1772982356,removal_submit,0.00,30.41,2109524778,4706630273,0,0,0,0,0,0,0,0,0,0,0,0,1,ok:3,0.00,1.55,0.00,11.44,0.00,1.63,4,4,1,reshare_keygen_start,2026-03-08T12:05:57.901648182Z,2026-03-08T15:05:59.081966311Z,10799.168,reshare_keygen_start,2026-03-08T12:05:57.901648182Z,10799.168,removal_propose,2026-03-08T15:05:59.081966311Z,2.013,remove-irs3-member1-1772982356,removal,remove-irs3-member1-1772982356,16,"[[""reshare_complete"", ""2026-02-28T13:23:53.762520482Z""], [""reshare_ack"", ""2026-03-08T12:05:49.077673571Z""], [""reshare_keygen_start"", ""2026-03-08T12:05:57.901648182Z""], [""removal_propose"", ""2026-03-08T15:05:59.081966311Z""], [""removal_observed"", ""2026-03-08T15:05:59.097008895Z""], [""removal_executed"", ""2026-03-08T15:06:19.566742192Z""]]"
2026-03-08T15:05:58.172039Z,removal_1772982356,removal_submit,27.25,30.43,2109586116,4706697982,61338,67709,61338,67709,0,0,0,0,61338,67709,61338,67709,1,ok:3,1.42,1.55,17.54,11.44,0.00,1.63,4,4,1,reshare_keygen_start,2026-03-08T12:05:57.901648182Z,2026-03-08T15:05:59.081966311Z,10800.270,reshare_keygen_start,2026-03-08T12:05:57.901648182Z,10800.270,removal_propose,2026-03-08T15:05:59.081966311Z,0.910,remove-irs3-member1-1772982356,removal,remove-irs3-member1-1772982356,16,"[[""reshare_complete"", ""2026-02-28T13:23:53.762520482Z""], [""reshare_ack"", ""2026-03-08T12:05:49.077673571Z""], [""reshare_keygen_start"", ""2026-03-08T12:05:57.901648182Z""], [""removal_propose"", ""2026-03-08T15:05:59.081966311Z""], [""removal_observed"", ""2026-03-08T15:05:59.097008895Z""], [""removal_executed"", ""2026-03-08T15:06:19.566742192Z""]]"
2026-03-08T15:05:59.270117Z,removal_1772982356,removal_wait_vote,19.91,30.43,2109635459,4706899364,49343,201382,110681,269091,0,0,0,0,49343,201382,110681,269091,1,ok:1,0.46,1.55,13.89,11.44,0.93,1.63,4,4,1,removal_observed,2026-03-08T15:05:59.097008895Z,2026-03-08T15:06:19.566742192Z,0.173,removal_observed,2026-03-08T15:05:59.097008895Z,0.173,removal_executed,2026-03-08T15:06:19.566742192Z,20.297,remove-irs3-member1-1772982356,removal,remove-irs3-member1-1772982356,16,"[[""reshare_complete"", ""2026-02-28T13:23:53.762520482Z""], [""reshare_ack"", ""2026-03-08T12:05:49.077673571Z""], [""reshare_keygen_start"", ""2026-03-08T12:05:57.901648182Z""], [""removal_propose"", ""2026-03-08T15:05:59.081966311Z""], [""removal_observed"", ""2026-03-08T15:05:59.097008895Z""], [""removal_executed"", ""2026-03-08T15:06:19.566742192Z""]]"
2026-03-08T15:06:00.375329Z,removal_1772982356,removal_wait_vote,25.88,30.43,2109747125,4706988025,111666,88661,222347,357752,0,0,0,0,111666,88661,222347,357752,1,ok:1,0.00,1.55,21.41,11.44,1.18,1.63,4,4,1,removal_observed,2026-03-08T15:05:59.097008895Z,2026-03-08T15:06:19.566742192Z,1.278,removal_observed,2026-03-08T15:05:59.097008895Z,1.278,removal_executed,2026-03-08T15:06:19.566742192Z,19.191,remove-irs3-member1-1772982356,removal,remove-irs3-member1-1772982356,16,"[[""reshare_complete"", ""2026-02-28T13:23:53.762520482Z""], [""reshare_ack"", ""2026-03-08T12:05:49.077673571Z""], [""reshare_keygen_start"", ""2026-03-08T12:05:57.901648182Z""], [""removal_propose"", ""2026-03-08T15:05:59.081966311Z""], [""removal_observed"", ""2026-03-08T15:05:59.097008895Z""], [""removal_executed"", ""2026-03-08T15:06:19.566742192Z""]]"
2026-03-08T15:06:01.505476Z,removal_1772982356,removal_wait_vote,35.81,30.45,2109880478,4707380627,133353,392602,355700,750354,0,0,0,0,133353,392602,355700,750354,1,ok:1,0.93,1.55,26.51,11.44,3.02,1.63,4,4,1,removal_observed,2026-03-08T15:05:59.097008895Z,2026-03-08T15:06:19.566742192Z,2.408,removal_observed,2026-03-08T15:05:59.097008895Z,2.408,removal_executed,2026-03-08T15:06:19.566742192Z,18.061,remove-irs3-member1-1772982356,removal,remove-irs3-member1-1772982356,16,"[[""reshare_complete"", ""2026-02-28T13:23:53.762520482Z""], [""reshare_ack"", ""2026-03-08T12:05:49.077673571Z""], [""reshare_keygen_start"", ""2026-03-08T12:05:57.901648182Z""], [""removal_propose"", ""2026-03-08T15:05:59.081966311Z""], [""removal_observed"", ""2026-03-08T15:05:59.097008895Z""], [""removal_executed"", ""2026-03-08T15:06:19.566742192Z""]]"
2026-03-08T15:06:02.621133Z,removal_1772982356,removal_wait_vote,42.21,30.49,2110033156,4708074375,152678,693748,508378,1444102,0,0,0,0,152678,693748,508378,1444102,1,ok:1,0.68,1.56,23.93,11.44,1.58,1.63,4,4,1,removal_observed,2026-03-08T15:05:59.097008895Z,2026-03-08T15:06:19.566742192Z,3.524,removal_observed,2026-03-08T15:05:59.097008895Z,3.524,removal_executed,2026-03-08T15:06:19.566742192Z,16.946,remove-irs3-member1-1772982356,removal,remove-irs3-member1-1772982356,16,"[[""reshare_complete"", ""2026-02-28T13:23:53.762520482Z""], [""reshare_ack"", ""2026-03-08T12:05:49.077673571Z""], [""reshare_keygen_start"", ""2026-03-08T12:05:57.901648182Z""], [""removal_propose"", ""2026-03-08T15:05:59.081966311Z""], [""removal_observed"", ""2026-03-08T15:05:59.097008895Z""], [""removal_executed"", ""2026-03-08T15:06:19.566742192Z""]]"
2026-03-08T15:06:03.719359Z,removal_1772982356,removal_wait_vote,45.12,30.51,2110185692,4709476809,152536,1402434,660914,2846536,0,0,0,0,152536,1402434,660914,2846536,1,ok:1,1.16,1.54,34.42,11.44,2.79,1.63,4,4,1,removal_observed,2026-03-08T15:05:59.097008895Z,2026-03-08T15:06:19.566742192Z,4.622,removal_observed,2026-03-08T15:05:59.097008895Z,4.622,removal_executed,2026-03-08T15:06:19.566742192Z,15.847,remove-irs3-member1-1772982356,removal,remove-irs3-member1-1772982356,16,"[[""reshare_complete"", ""2026-02-28T13:23:53.762520482Z""], [""reshare_ack"", ""2026-03-08T12:05:49.077673571Z""], [""reshare_keygen_start"", ""2026-03-08T12:05:57.901648182Z""], [""removal_propose"", ""2026-03-08T15:05:59.081966311Z""], [""removal_observed"", ""2026-03-08T15:05:59.097008895Z""], [""removal_executed"", ""2026-03-08T15:06:19.566742192Z""]]"
2026-03-08T15:06:04.814250Z,removal_1772982356,removal_wait_vote,54.19,30.53,2110388136,4710927046,202444,1450237,863358,4296773,0,0,0,0,202444,1450237,863358,4296773,1,ok:1,0.70,1.54,34.65,11.44,3.49,1.63,4,4,1,removal_observed,2026-03-08T15:05:59.097008895Z,2026-03-08T15:06:19.566742192Z,5.717,removal_observed,2026-03-08T15:05:59.097008895Z,5.717,removal_executed,2026-03-08T15:06:19.566742192Z,14.752,remove-irs3-member1-1772982356,removal,remove-irs3-member1-1772982356,16,"[[""reshare_complete"", ""2026-02-28T13:23:53.762520482Z""], [""reshare_ack"", ""2026-03-08T12:05:49.077673571Z""], [""reshare_keygen_start"", ""2026-03-08T12:05:57.901648182Z""], [""removal_propose"", ""2026-03-08T15:05:59.081966311Z""], [""removal_observed"", ""2026-03-08T15:05:59.097008895Z""], [""removal_executed"", ""2026-03-08T15:06:19.566742192Z""]]"
2026-03-08T15:06:05.918317Z,removal_1772982356,removal_wait_vote,46.67,30.57,2110574170,4712384334,186034,1457288,1049392,5754061,0,0,0,0,186034,1457288,1049392,5754061,1,ok:1,2.86,1.57,34.05,11.44,4.29,1.63,4,4,1,removal_observed,2026-03-08T15:05:59.097008895Z,2026-03-08T15:06:19.566742192Z,6.821,removal_observed,2026-03-08T15:05:59.097008895Z,6.821,removal_executed,2026-03-08T15:06:19.566742192Z,13.648,remove-irs3-member1-1772982356,removal,remove-irs3-member1-1772982356,16,"[[""reshare_complete"", ""2026-02-28T13:23:53.762520482Z""], [""reshare_ack"", ""2026-03-08T12:05:49.077673571Z""], [""reshare_keygen_start"", ""2026-03-08T12:05:57.901648182Z""], [""removal_propose"", ""2026-03-08T15:05:59.081966311Z""], [""removal_observed"", ""2026-03-08T15:05:59.097008895Z""], [""removal_executed"", ""2026-03-08T15:06:19.566742192Z""]]"
2026-03-08T15:06:07.029510Z,removal_1772982356,removal_wait_vote,34.49,30.59,2110716871,4712485358,142701,101024,1192093,5855085,0,0,0,0,142701,101024,1192093,5855085,1,ok:1,0.46,1.57,22.69,11.44,1.62,1.63,4,4,1,removal_observed,2026-03-08T15:05:59.097008895Z,2026-03-08T15:06:19.566742192Z,7.933,removal_observed,2026-03-08T15:05:59.097008895Z,7.933,removal_executed,2026-03-08T15:06:19.566742192Z,12.537,remove-irs3-member1-1772982356,removal,remove-irs3-member1-1772982356,16,"[[""reshare_complete"", ""2026-02-28T13:23:53.762520482Z""], [""reshare_ack"", ""2026-03-08T12:05:49.077673571Z""], [""reshare_keygen_start"", ""2026-03-08T12:05:57.901648182Z""], [""removal_propose"", ""2026-03-08T15:05:59.081966311Z""], [""removal_observed"", ""2026-03-08T15:05:59.097008895Z""], [""removal_executed"", ""2026-03-08T15:06:19.566742192Z""]]"
2026-03-08T15:06:08.139638Z,removal_1772982356,removal_wait_vote,63.55,30.62,2110975896,4714037934,259025,1552576,1451118,7407661,0,0,0,0,259025,1552576,1451118,7407661,1,ok:1,1.40,1.60,40.19,11.44,5.37,1.63,4,4,1,removal_observed,2026-03-08T15:05:59.097008895Z,2026-03-08T15:06:19.566742192Z,9.043,removal_observed,2026-03-08T15:05:59.097008895Z,9.043,removal_executed,2026-03-08T15:06:19.566742192Z,11.427,remove-irs3-member1-1772982356,removal,remove-irs3-member1-1772982356,16,"[[""reshare_complete"", ""2026-02-28T13:23:53.762520482Z""], [""reshare_ack"", ""2026-03-08T12:05:49.077673571Z""], [""reshare_keygen_start"", ""2026-03-08T12:05:57.901648182Z""], [""removal_propose"", ""2026-03-08T15:05:59.081966311Z""], [""removal_observed"", ""2026-03-08T15:05:59.097008895Z""], [""removal_executed"", ""2026-03-08T15:06:19.566742192Z""]]"
2026-03-08T15:06:09.248730Z,removal_1772982356,removal_wait_vote,41.49,30.65,2111113917,4715561680,138021,1523746,1589139,8931407,0,0,0,0,138021,1523746,1589139,8931407,1,ok:1,1.17,1.62,31.70,11.45,3.26,1.63,4,4,1,removal_observed,2026-03-08T15:05:59.097008895Z,2026-03-08T15:06:19.566742192Z,10.152,removal_observed,2026-03-08T15:05:59.097008895Z,10.152,removal_executed,2026-03-08T15:06:19.566742192Z,10.318,remove-irs3-member1-1772982356,removal,remove-irs3-member1-1772982356,16,"[[""reshare_complete"", ""2026-02-28T13:23:53.762520482Z""], [""reshare_ack"", ""2026-03-08T12:05:49.077673571Z""], [""reshare_keygen_start"", ""2026-03-08T12:05:57.901648182Z""], [""removal_propose"", ""2026-03-08T15:05:59.081966311Z""], [""removal_observed"", ""2026-03-08T15:05:59.097008895Z""], [""removal_executed"", ""2026-03-08T15:06:19.566742192Z""]]"
2026-03-08T15:06:10.355997Z,removal_1772982356,removal_wait_vote,52.66,30.65,2111315663,4717126897,201746,1565217,1790885,10496624,0,0,0,0,201746,1565217,1790885,10496624,1,ok:1,1.39,1.62,31.64,11.45,4.39,1.63,4,4,1,removal_observed,2026-03-08T15:05:59.097008895Z,2026-03-08T15:06:19.566742192Z,11.259,removal_observed,2026-03-08T15:05:59.097008895Z,11.259,removal_executed,2026-03-08T15:06:19.566742192Z,9.211,remove-irs3-member1-1772982356,removal,remove-irs3-member1-1772982356,16,"[[""reshare_complete"", ""2026-02-28T13:23:53.762520482Z""], [""reshare_ack"", ""2026-03-08T12:05:49.077673571Z""], [""reshare_keygen_start"", ""2026-03-08T12:05:57.901648182Z""], [""removal_propose"", ""2026-03-08T15:05:59.081966311Z""], [""removal_observed"", ""2026-03-08T15:05:59.097008895Z""], [""removal_executed"", ""2026-03-08T15:06:19.566742192Z""]]"
2026-03-08T15:06:11.459782Z,removal_1772982356,removal_wait_vote,28.84,30.65,2111450876,4717229780,135213,102883,1926098,10599507,0,0,0,0,135213,102883,1926098,10599507,1,ok:1,0.23,1.62,21.16,11.45,0.93,1.63,4,4,1,removal_observed,2026-03-08T15:05:59.097008895Z,2026-03-08T15:06:19.566742192Z,12.363,removal_observed,2026-03-08T15:05:59.097008895Z,12.363,removal_executed,2026-03-08T15:06:19.566742192Z,8.107,remove-irs3-member1-1772982356,removal,remove-irs3-member1-1772982356,16,"[[""reshare_complete"", ""2026-02-28T13:23:53.762520482Z""], [""reshare_ack"", ""2026-03-08T12:05:49.077673571Z""], [""reshare_keygen_start"", ""2026-03-08T12:05:57.901648182Z""], [""removal_propose"", ""2026-03-08T15:05:59.081966311Z""], [""removal_observed"", ""2026-03-08T15:05:59.097008895Z""], [""removal_executed"", ""2026-03-08T15:06:19.566742192Z""]]"
2026-03-08T15:06:12.564866Z,removal_1772982356,removal_wait_vote,28.14,30.65,2111549241,4717327179,98365,97399,2024463,10696906,0,0,0,0,98365,97399,2024463,10696906,1,ok:1,0.00,1.62,24.42,11.45,0.00,1.63,4,4,1,removal_observed,2026-03-08T15:05:59.097008895Z,2026-03-08T15:06:19.566742192Z,13.468,removal_observed,2026-03-08T15:05:59.097008895Z,13.468,removal_executed,2026-03-08T15:06:19.566742192Z,7.002,remove-irs3-member1-1772982356,removal,remove-irs3-member1-1772982356,16,"[[""reshare_complete"", ""2026-02-28T13:23:53.762520482Z""], [""reshare_ack"", ""2026-03-08T12:05:49.077673571Z""], [""reshare_keygen_start"", ""2026-03-08T12:05:57.901648182Z""], [""removal_propose"", ""2026-03-08T15:05:59.081966311Z""], [""removal_observed"", ""2026-03-08T15:05:59.097008895Z""], [""removal_executed"", ""2026-03-08T15:06:19.566742192Z""]]"
2026-03-08T15:06:13.671171Z,removal_1772982356,removal_wait_vote,40.89,30.66,2111683961,4718331410,134720,1004231,2159183,11701137,0,0,0,0,134720,1004231,2159183,11701137,1,ok:1,0.70,1.62,31.54,11.48,2.57,1.63,4,4,1,removal_observed,2026-03-08T15:05:59.097008895Z,2026-03-08T15:06:19.566742192Z,14.574,removal_observed,2026-03-08T15:05:59.097008895Z,14.574,removal_executed,2026-03-08T15:06:19.566742192Z,5.896,remove-irs3-member1-1772982356,removal,remove-irs3-member1-1772982356,16,"[[""reshare_complete"", ""2026-02-28T13:23:53.762520482Z""], [""reshare_ack"", ""2026-03-08T12:05:49.077673571Z""], [""reshare_keygen_start"", ""2026-03-08T12:05:57.901648182Z""], [""removal_propose"", ""2026-03-08T15:05:59.081966311Z""], [""removal_observed"", ""2026-03-08T15:05:59.097008895Z""], [""removal_executed"", ""2026-03-08T15:06:19.566742192Z""]]"
2026-03-08T15:06:14.764886Z,removal_1772982356,removal_wait_vote,29.27,30.67,2111800682,4718426855,116721,95445,2275904,11796582,0,0,0,0,116721,95445,2275904,11796582,1,ok:1,0.23,1.62,20.37,11.49,0.94,1.63,4,4,1,removal_observed,2026-03-08T15:05:59.097008895Z,2026-03-08T15:06:19.566742192Z,15.668,removal_observed,2026-03-08T15:05:59.097008895Z,15.668,removal_executed,2026-03-08T15:06:19.566742192Z,4.802,remove-irs3-member1-1772982356,removal,remove-irs3-member1-1772982356,16,"[[""reshare_complete"", ""2026-02-28T13:23:53.762520482Z""], [""reshare_ack"", ""2026-03-08T12:05:49.077673571Z""], [""reshare_keygen_start"", ""2026-03-08T12:05:57.901648182Z""], [""removal_propose"", ""2026-03-08T15:05:59.081966311Z""], [""removal_observed"", ""2026-03-08T15:05:59.097008895Z""], [""removal_executed"", ""2026-03-08T15:06:19.566742192Z""]]"
2026-03-08T15:06:15.861416Z,removal_1772982356,removal_wait_vote,44.10,30.67,2112001262,4719447709,200580,1020854,2476484,12817436,0,0,0,0,200580,1020854,2476484,12817436,1,ok:1,2.65,1.61,31.33,11.49,2.89,1.63,4,4,1,removal_observed,2026-03-08T15:05:59.097008895Z,2026-03-08T15:06:19.566742192Z,16.764,removal_observed,2026-03-08T15:05:59.097008895Z,16.764,removal_executed,2026-03-08T15:06:19.566742192Z,3.705,remove-irs3-member1-1772982356,removal,remove-irs3-member1-1772982356,16,"[[""reshare_complete"", ""2026-02-28T13:23:53.762520482Z""], [""reshare_ack"", ""2026-03-08T12:05:49.077673571Z""], [""reshare_keygen_start"", ""2026-03-08T12:05:57.901648182Z""], [""removal_propose"", ""2026-03-08T15:05:59.081966311Z""], [""removal_observed"", ""2026-03-08T15:05:59.097008895Z""], [""removal_executed"", ""2026-03-08T15:06:19.566742192Z""]]"
2026-03-08T15:06:16.963405Z,removal_1772982356,removal_wait_vote,26.91,30.67,2112084283,4719533720,83021,86011,2559505,12903447,0,0,0,0,83021,86011,2559505,12903447,1,ok:1,0.00,1.61,21.81,11.49,0.00,1.63,4,4,1,removal_observed,2026-03-08T15:05:59.097008895Z,2026-03-08T15:06:19.566742192Z,17.866,removal_observed,2026-03-08T15:05:59.097008895Z,17.866,removal_executed,2026-03-08T15:06:19.566742192Z,2.603,remove-irs3-member1-1772982356,removal,remove-irs3-member1-1772982356,16,"[[""reshare_complete"", ""2026-02-28T13:23:53.762520482Z""], [""reshare_ack"", ""2026-03-08T12:05:49.077673571Z""], [""reshare_keygen_start"", ""2026-03-08T12:05:57.901648182Z""], [""removal_propose"", ""2026-03-08T15:05:59.081966311Z""], [""removal_observed"", ""2026-03-08T15:05:59.097008895Z""], [""removal_executed"", ""2026-03-08T15:06:19.566742192Z""]]"
2026-03-08T15:06:18.061442Z,removal_1772982356,removal_wait_vote,42.86,30.71,2112237343,4721348972,153060,1815252,2712565,14718699,0,0,0,0,153060,1815252,2712565,14718699,1,ok:1,1.38,1.63,30.41,11.49,3.69,1.63,4,4,1,removal_observed,2026-03-08T15:05:59.097008895Z,2026-03-08T15:06:19.566742192Z,18.964,removal_observed,2026-03-08T15:05:59.097008895Z,18.964,removal_executed,2026-03-08T15:06:19.566742192Z,1.505,remove-irs3-member1-1772982356,removal,remove-irs3-member1-1772982356,16,"[[""reshare_complete"", ""2026-02-28T13:23:53.762520482Z""], [""reshare_ack"", ""2026-03-08T12:05:49.077673571Z""], [""reshare_keygen_start"", ""2026-03-08T12:05:57.901648182Z""], [""removal_propose"", ""2026-03-08T15:05:59.081966311Z""], [""removal_observed"", ""2026-03-08T15:05:59.097008895Z""], [""removal_executed"", ""2026-03-08T15:06:19.566742192Z""]]"
2026-03-08T15:06:19.179457Z,removal_1772982356,removal_wait_vote,17.99,30.71,2112349468,4721423569,112125,74597,2824690,14793296,0,0,0,0,112125,74597,2824690,14793296,1,ok:1,0.00,1.63,15.65,11.49,0.23,1.63,4,4,1,removal_observed,2026-03-08T15:05:59.097008895Z,2026-03-08T15:06:19.566742192Z,20.082,removal_observed,2026-03-08T15:05:59.097008895Z,20.082,removal_executed,2026-03-08T15:06:19.566742192Z,0.387,remove-irs3-member1-1772982356,removal,remove-irs3-member1-1772982356,16,"[[""reshare_complete"", ""2026-02-28T13:23:53.762520482Z""], [""reshare_ack"", ""2026-03-08T12:05:49.077673571Z""], [""reshare_keygen_start"", ""2026-03-08T12:05:57.901648182Z""], [""removal_propose"", ""2026-03-08T15:05:59.081966311Z""], [""removal_observed"", ""2026-03-08T15:05:59.097008895Z""], [""removal_executed"", ""2026-03-08T15:06:19.566742192Z""]]"
2026-03-08T15:06:20.305863Z,removal_1772982356,removal_wait_reshare,52.17,30.74,2112519699,4722700647,170231,1277078,2994921,16070374,0,0,0,0,170231,1277078,2994921,16070374,1,ok:1,1.14,1.64,32.72,11.49,3.66,1.63,4,4,1,post,2026-03-08T15:06:19.566742192Z,,0.739,removal_executed,2026-03-08T15:06:19.566742192Z,0.739,,,,remove-irs3-member1-1772982356,removal,remove-irs3-member1-1772982356,16,"[[""reshare_complete"", ""2026-02-28T13:23:53.762520482Z""], [""reshare_ack"", ""2026-03-08T12:05:49.077673571Z""], [""reshare_keygen_start"", ""2026-03-08T12:05:57.901648182Z""], [""removal_propose"", ""2026-03-08T15:05:59.081966311Z""], [""removal_observed"", ""2026-03-08T15:05:59.097008895Z""], [""removal_executed"", ""2026-03-08T15:06:19.566742192Z""]]"
2026-03-08T15:06:21.402006Z,removal_1772982356,removal_wait_reshare,30.41,30.71,2112688591,4723233258,168892,532611,3163813,16602985,0,0,0,0,168892,532611,3163813,16602985,1,ok:1,0.00,1.64,22.81,11.49,1.15,1.59,4,4,1,post,2026-03-08T15:06:19.566742192Z,,1.835,removal_executed,2026-03-08T15:06:19.566742192Z,1.835,,,,remove-irs3-member1-1772982356,removal,remove-irs3-member1-1772982356,16,"[[""reshare_complete"", ""2026-02-28T13:23:53.762520482Z""], [""reshare_ack"", ""2026-03-08T12:05:49.077673571Z""], [""reshare_keygen_start"", ""2026-03-08T12:05:57.901648182Z""], [""removal_propose"", ""2026-03-08T15:05:59.081966311Z""], [""removal_observed"", ""2026-03-08T15:05:59.097008895Z""], [""removal_executed"", ""2026-03-08T15:06:19.566742192Z""]]"
2026-03-08T15:06:22.501188Z,removal_1772982356,removal_wait_reshare,48.00,30.74,2112922038,4725396197,233447,2162939,3397260,18765924,0,0,0,0,233447,2162939,3397260,18765924,1,ok:1,0.94,1.64,30.82,11.49,4.94,1.59,4,4,1,post,2026-03-08T15:06:19.566742192Z,,2.934,removal_executed,2026-03-08T15:06:19.566742192Z,2.934,,,,remove-irs3-member1-1772982356,removal,remove-irs3-member1-1772982356,16,"[[""reshare_complete"", ""2026-02-28T13:23:53.762520482Z""], [""reshare_ack"", ""2026-03-08T12:05:49.077673571Z""], [""reshare_keygen_start"", ""2026-03-08T12:05:57.901648182Z""], [""removal_propose"", ""2026-03-08T15:05:59.081966311Z""], [""removal_observed"", ""2026-03-08T15:05:59.097008895Z""], [""removal_executed"", ""2026-03-08T15:06:19.566742192Z""]]"
2026-03-08T15:06:23.619825Z,removal_1772982356,removal_wait_reshare,46.14,30.74,2113207571,4727606373,285533,2210176,3682793,20976100,0,0,0,0,285533,2210176,3682793,20976100,1,ok:1,0.23,1.64,36.07,11.50,6.09,1.59,4,4,1,post,2026-03-08T15:06:19.566742192Z,,4.053,removal_executed,2026-03-08T15:06:19.566742192Z,4.053,,,,remove-irs3-member1-1772982356,removal,remove-irs3-member1-1772982356,16,"[[""reshare_complete"", ""2026-02-28T13:23:53.762520482Z""], [""reshare_ack"", ""2026-03-08T12:05:49.077673571Z""], [""reshare_keygen_start"", ""2026-03-08T12:05:57.901648182Z""], [""removal_propose"", ""2026-03-08T15:05:59.081966311Z""], [""removal_observed"", ""2026-03-08T15:05:59.097008895Z""], [""removal_executed"", ""2026-03-08T15:06:19.566742192Z""]]"
2026-03-08T15:06:24.724072Z,removal_1772982356,removal_wait_reshare,50.90,30.76,2113516432,4729879271,308861,2272898,3991654,23248998,0,0,0,0,308861,2272898,3991654,23248998,1,ok:1,0.00,1.64,35.07,11.53,5.43,1.59,4,4,1,post,2026-03-08T15:06:19.566742192Z,,5.157,removal_executed,2026-03-08T15:06:19.566742192Z,5.157,,,,remove-irs3-member1-1772982356,removal,remove-irs3-member1-1772982356,16,"[[""reshare_complete"", ""2026-02-28T13:23:53.762520482Z""], [""reshare_ack"", ""2026-03-08T12:05:49.077673571Z""], [""reshare_keygen_start"", ""2026-03-08T12:05:57.901648182Z""], [""removal_propose"", ""2026-03-08T15:05:59.081966311Z""], [""removal_observed"", ""2026-03-08T15:05:59.097008895Z""], [""removal_executed"", ""2026-03-08T15:06:19.566742192Z""]]"
2026-03-08T15:06:25.827087Z,removal_1772982356,removal_wait_reshare,46.28,30.79,2113831894,4732139496,315462,2260225,4307116,25509223,0,0,0,0,315462,2260225,4307116,25509223,1,ok:1,1.16,1.64,31.40,11.57,4.65,1.59,4,4,1,post,2026-03-08T15:06:19.566742192Z,,6.260,removal_executed,2026-03-08T15:06:19.566742192Z,6.260,,,,remove-irs3-member1-1772982356,removal,remove-irs3-member1-1772982356,16,"[[""reshare_complete"", ""2026-02-28T13:23:53.762520482Z""], [""reshare_ack"", ""2026-03-08T12:05:49.077673571Z""], [""reshare_keygen_start"", ""2026-03-08T12:05:57.901648182Z""], [""removal_propose"", ""2026-03-08T15:05:59.081966311Z""], [""removal_observed"", ""2026-03-08T15:05:59.097008895Z""], [""removal_executed"", ""2026-03-08T15:06:19.566742192Z""]]"
2026-03-08T15:06:26.927278Z,removal_1772982356,removal_wait_reshare,27.19,30.80,2113991294,4732226271,159400,86775,4466516,25595998,0,0,0,0,159400,86775,4466516,25595998,1,ok:1,0.46,1.64,21.66,11.57,0.92,1.59,4,4,1,post,2026-03-08T15:06:19.566742192Z,,7.361,removal_executed,2026-03-08T15:06:19.566742192Z,7.361,,,,remove-irs3-member1-1772982356,removal,remove-irs3-member1-1772982356,16,"[[""reshare_complete"", ""2026-02-28T13:23:53.762520482Z""], [""reshare_ack"", ""2026-03-08T12:05:49.077673571Z""], [""reshare_keygen_start"", ""2026-03-08T12:05:57.901648182Z""], [""removal_propose"", ""2026-03-08T15:05:59.081966311Z""], [""removal_observed"", ""2026-03-08T15:05:59.097008895Z""], [""removal_executed"", ""2026-03-08T15:06:19.566742192Z""]]"
2026-03-08T15:06:28.033169Z,removal_1772982356,removal_wait_reshare,44.21,30.81,2114256227,4734538434,264933,2312163,4731449,27908161,0,0,0,0,264933,2312163,4731449,27908161,1,ok:1,0.47,1.64,32.62,11.57,6.15,1.61,4,4,1,post,2026-03-08T15:06:19.566742192Z,,8.466,removal_executed,2026-03-08T15:06:19.566742192Z,8.466,,,,remove-irs3-member1-1772982356,removal,remove-irs3-member1-1772982356,16,"[[""reshare_complete"", ""2026-02-28T13:23:53.762520482Z""], [""reshare_ack"", ""2026-03-08T12:05:49.077673571Z""], [""reshare_keygen_start"", ""2026-03-08T12:05:57.901648182Z""], [""removal_propose"", ""2026-03-08T15:05:59.081966311Z""], [""removal_observed"", ""2026-03-08T15:05:59.097008895Z""], [""removal_executed"", ""2026-03-08T15:06:19.566742192Z""]]"
2026-03-08T15:06:29.135289Z,removal_1772982356,removal_wait_reshare,21.91,30.80,2114369694,4734619958,113467,81524,4844916,27989685,0,0,0,0,113467,81524,4844916,27989685,1,ok:1,0.23,1.64,16.55,11.57,0.00,1.61,4,4,1,post,2026-03-08T15:06:19.566742192Z,,9.569,removal_executed,2026-03-08T15:06:19.566742192Z,9.569,,,,remove-irs3-member1-1772982356,removal,remove-irs3-member1-1772982356,16,"[[""reshare_complete"", ""2026-02-28T13:23:53.762520482Z""], [""reshare_ack"", ""2026-03-08T12:05:49.077673571Z""], [""reshare_keygen_start"", ""2026-03-08T12:05:57.901648182Z""], [""removal_propose"", ""2026-03-08T15:05:59.081966311Z""], [""removal_observed"", ""2026-03-08T15:05:59.097008895Z""], [""removal_executed"", ""2026-03-08T15:06:19.566742192Z""]]"
2026-03-08T15:06:30.232644Z,removal_1772982356,removal_wait_reshare,44.58,30.80,2114526459,4736124852,156765,1504894,5001681,29494579,0,0,0,0,156765,1504894,5001681,29494579,1,ok:1,1.18,1.64,31.84,11.57,3.54,1.61,4,4,1,post,2026-03-08T15:06:19.566742192Z,,10.666,removal_executed,2026-03-08T15:06:19.566742192Z,10.666,,,,remove-irs3-member1-1772982356,removal,remove-irs3-member1-1772982356,16,"[[""reshare_complete"", ""2026-02-28T13:23:53.762520482Z""], [""reshare_ack"", ""2026-03-08T12:05:49.077673571Z""], [""reshare_keygen_start"", ""2026-03-08T12:05:57.901648182Z""], [""removal_propose"", ""2026-03-08T15:05:59.081966311Z""], [""removal_observed"", ""2026-03-08T15:05:59.097008895Z""], [""removal_executed"", ""2026-03-08T15:06:19.566742192Z""]]"
2026-03-08T15:06:31.335774Z,removal_1772982356,removal_wait_reshare,21.11,30.80,2114606313,4736184693,79854,59841,5081535,29554420,0,0,0,0,79854,59841,5081535,29554420,1,ok:1,0.46,1.64,17.63,11.57,0.46,1.61,4,4,1,post,2026-03-08T15:06:19.566742192Z,,11.769,removal_executed,2026-03-08T15:06:19.566742192Z,11.769,,,,remove-irs3-member1-1772982356,removal,remove-irs3-member1-1772982356,16,"[[""reshare_complete"", ""2026-02-28T13:23:53.762520482Z""], [""reshare_ack"", ""2026-03-08T12:05:49.077673571Z""], [""reshare_keygen_start"", ""2026-03-08T12:05:57.901648182Z""], [""removal_propose"", ""2026-03-08T15:05:59.081966311Z""], [""removal_observed"", ""2026-03-08T15:05:59.097008895Z""], [""removal_executed"", ""2026-03-08T15:06:19.566742192Z""]]"
2026-03-08T15:06:32.429623Z,removal_1772982356,removal_wait_reshare,45.35,30.81,2114789652,4737453344,183339,1268651,5264874,30823071,0,0,0,0,183339,1268651,5264874,30823071,1,ok:1,0.70,1.64,34.42,11.57,2.33,1.61,4,4,1,post,2026-03-08T15:06:19.566742192Z,,12.863,removal_executed,2026-03-08T15:06:19.566742192Z,12.863,,,,remove-irs3-member1-1772982356,removal,remove-irs3-member1-1772982356,16,"[[""reshare_complete"", ""2026-02-28T13:23:53.762520482Z""], [""reshare_ack"", ""2026-03-08T12:05:49.077673571Z""], [""reshare_keygen_start"", ""2026-03-08T12:05:57.901648182Z""], [""removal_propose"", ""2026-03-08T15:05:59.081966311Z""], [""removal_observed"", ""2026-03-08T15:05:59.097008895Z""], [""removal_executed"", ""2026-03-08T15:06:19.566742192Z""]]"
2026-03-08T15:06:33.527672Z,removal_1772982356,removal_wait_reshare,23.79,30.82,2114881995,4737540957,92343,87613,5357217,30910684,0,0,0,0,92343,87613,5357217,30910684,1,ok:1,0.00,1.64,17.55,11.57,0.23,1.61,4,4,1,post,2026-03-08T15:06:19.566742192Z,,13.961,removal_executed,2026-03-08T15:06:19.566742192Z,13.961,,,,remove-irs3-member1-1772982356,removal,remove-irs3-member1-1772982356,16,"[[""reshare_complete"", ""2026-02-28T13:23:53.762520482Z""], [""reshare_ack"", ""2026-03-08T12:05:49.077673571Z""], [""reshare_keygen_start"", ""2026-03-08T12:05:57.901648182Z""], [""removal_propose"", ""2026-03-08T15:05:59.081966311Z""], [""removal_observed"", ""2026-03-08T15:05:59.097008895Z""], [""removal_executed"", ""2026-03-08T15:06:19.566742192Z""]]"
2026-03-08T15:06:34.639354Z,removal_1772982356,removal_wait_reshare,26.42,30.81,2115025724,4738318302,143729,777345,5500946,31688029,0,0,0,0,143729,777345,5500946,31688029,1,ok:1,0.47,1.64,21.46,11.57,3.07,1.61,4,4,1,post,2026-03-08T15:06:19.566742192Z,,15.073,removal_executed,2026-03-08T15:06:19.566742192Z,15.073,,,,remove-irs3-member1-1772982356,removal,remove-irs3-member1-1772982356,16,"[[""reshare_complete"", ""2026-02-28T13:23:53.762520482Z""], [""reshare_ack"", ""2026-03-08T12:05:49.077673571Z""], [""reshare_keygen_start"", ""2026-03-08T12:05:57.901648182Z""], [""removal_propose"", ""2026-03-08T15:05:59.081966311Z""], [""removal_observed"", ""2026-03-08T15:05:59.097008895Z""], [""removal_executed"", ""2026-03-08T15:06:19.566742192Z""]]"
2026-03-08T15:06:35.736618Z,removal_1772982356,removal_wait_reshare,26.45,30.83,2115174125,4738434033,148401,115731,5649347,31803760,0,0,0,0,148401,115731,5649347,31803760,1,ok:1,0.46,1.64,18.10,11.57,0.93,1.61,4,4,1,post,2026-03-08T15:06:19.566742192Z,,16.170,removal_executed,2026-03-08T15:06:19.566742192Z,16.170,,,,remove-irs3-member1-1772982356,removal,remove-irs3-member1-1772982356,16,"[[""reshare_complete"", ""2026-02-28T13:23:53.762520482Z""], [""reshare_ack"", ""2026-03-08T12:05:49.077673571Z""], [""reshare_keygen_start"", ""2026-03-08T12:05:57.901648182Z""], [""removal_propose"", ""2026-03-08T15:05:59.081966311Z""], [""removal_observed"", ""2026-03-08T15:05:59.097008895Z""], [""removal_executed"", ""2026-03-08T15:06:19.566742192Z""]]"
2026-03-08T15:06:36.836314Z,removal_1772982356,removal_wait_reshare,38.03,30.83,2115312145,4740356282,138020,1922249,5787367,33726009,0,0,0,0,138020,1922249,5787367,33726009,1,ok:1,0.23,1.64,31.22,11.57,2.58,1.61,4,4,1,post,2026-03-08T15:06:19.566742192Z,,17.270,removal_executed,2026-03-08T15:06:19.566742192Z,17.270,,,,remove-irs3-member1-1772982356,removal,remove-irs3-member1-1772982356,16,"[[""reshare_complete"", ""2026-02-28T13:23:53.762520482Z""], [""reshare_ack"", ""2026-03-08T12:05:49.077673571Z""], [""reshare_keygen_start"", ""2026-03-08T12:05:57.901648182Z""], [""removal_propose"", ""2026-03-08T15:05:59.081966311Z""], [""removal_observed"", ""2026-03-08T15:05:59.097008895Z""], [""removal_executed"", ""2026-03-08T15:06:19.566742192Z""]]"
2026-03-08T15:06:37.971304Z,removal_1772982356,removal_wait_reshare,21.93,30.83,2115412712,4740679345,100567,323063,5887934,34049072,0,0,0,0,100567,323063,5887934,34049072,1,ok:1,0.00,1.64,23.11,11.59,2.12,1.61,4,4,1,post,2026-03-08T15:06:19.566742192Z,,18.405,removal_executed,2026-03-08T15:06:19.566742192Z,18.405,,,,remove-irs3-member1-1772982356,removal,remove-irs3-member1-1772982356,16,"[[""reshare_complete"", ""2026-02-28T13:23:53.762520482Z""], [""reshare_ack"", ""2026-03-08T12:05:49.077673571Z""], [""reshare_keygen_start"", ""2026-03-08T12:05:57.901648182Z""], [""removal_propose"", ""2026-03-08T15:05:59.081966311Z""], [""removal_observed"", ""2026-03-08T15:05:59.097008895Z""], [""removal_executed"", ""2026-03-08T15:06:19.566742192Z""]]"
2026-03-08T15:06:39.073394Z,removal_1772982356,removal_wait_reshare,25.35,30.84,2115502679,4740984379,89967,305034,5977901,34354106,0,0,0,0,89967,305034,5977901,34354106,1,ok:1,0.23,1.64,19.35,11.60,0.00,1.61,4,4,1,post,2026-03-08T15:06:19.566742192Z,,19.507,removal_executed,2026-03-08T15:06:19.566742192Z,19.507,,,,remove-irs3-member1-1772982356,removal,remove-irs3-member1-1772982356,16,"[[""reshare_complete"", ""2026-02-28T13:23:53.762520482Z""], [""reshare_ack"", ""2026-03-08T12:05:49.077673571Z""], [""reshare_keygen_start"", ""2026-03-08T12:05:57.901648182Z""], [""removal_propose"", ""2026-03-08T15:05:59.081966311Z""], [""removal_observed"", ""2026-03-08T15:05:59.097008895Z""], [""removal_executed"", ""2026-03-08T15:06:19.566742192Z""]]"
2026-03-08T15:06:40.171408Z,removal_1772982356,removal_wait_reshare,27.75,30.85,2115665879,4741073273,163200,88894,6141101,34443000,0,0,0,0,163200,88894,6141101,34443000,1,ok:1,0.69,1.64,19.04,11.60,1.15,1.61,4,4,1,post,2026-03-08T15:06:19.566742192Z,,20.605,removal_executed,2026-03-08T15:06:19.566742192Z,20.605,,,,remove-irs3-member1-1772982356,removal,remove-irs3-member1-1772982356,16,"[[""reshare_complete"", ""2026-02-28T13:23:53.762520482Z""], [""reshare_ack"", ""2026-03-08T12:05:49.077673571Z""], [""reshare_keygen_start"", ""2026-03-08T12:05:57.901648182Z""], [""removal_propose"", ""2026-03-08T15:05:59.081966311Z""], [""removal_observed"", ""2026-03-08T15:05:59.097008895Z""], [""removal_executed"", ""2026-03-08T15:06:19.566742192Z""]]"
2026-03-08T15:06:41.281071Z,removal_1772982356,removal_wait_reshare,20.57,30.86,2115774720,4741145168,108841,71895,6249942,34514895,0,0,0,0,108841,71895,6249942,34514895,1,ok:1,0.00,1.64,18.68,11.60,0.24,1.61,4,4,1,post,2026-03-08T15:06:19.566742192Z,,21.714,removal_executed,2026-03-08T15:06:19.566742192Z,21.714,,,,remove-irs3-member1-1772982356,removal,remove-irs3-member1-1772982356,16,"[[""reshare_complete"", ""2026-02-28T13:23:53.762520482Z""], [""reshare_ack"", ""2026-03-08T12:05:49.077673571Z""], [""reshare_keygen_start"", ""2026-03-08T12:05:57.901648182Z""], [""removal_propose"", ""2026-03-08T15:05:59.081966311Z""], [""removal_observed"", ""2026-03-08T15:05:59.097008895Z""], [""removal_executed"", ""2026-03-08T15:06:19.566742192Z""]]"
2026-03-08T15:06:42.380397Z,removal_1772982356,removal_wait_reshare,41.22,30.86,2115900480,4743115564,125760,1970396,6375702,36485291,0,0,0,0,125760,1970396,6375702,36485291,1,ok:1,0.70,1.64,30.44,11.60,3.28,1.61,4,4,1,post,2026-03-08T15:06:19.566742192Z,,22.814,removal_executed,2026-03-08T15:06:19.566742192Z,22.814,,,,remove-irs3-member1-1772982356,removal,remove-irs3-member1-1772982356,16,"[[""reshare_complete"", ""2026-02-28T13:23:53.762520482Z""], [""reshare_ack"", ""2026-03-08T12:05:49.077673571Z""], [""reshare_keygen_start"", ""2026-03-08T12:05:57.901648182Z""], [""removal_propose"", ""2026-03-08T15:05:59.081966311Z""], [""removal_observed"", ""2026-03-08T15:05:59.097008895Z""], [""removal_executed"", ""2026-03-08T15:06:19.566742192Z""]]"
2026-03-08T15:06:43.489333Z,removal_1772982356,removal_wait_reshare,23.62,30.86,2115995695,4743197454,95215,81890,6470917,36567181,0,0,0,0,95215,81890,6470917,36567181,1,ok:1,0.00,1.64,19.50,11.60,0.00,1.61,4,4,1,post,2026-03-08T15:06:19.566742192Z,,23.923,removal_executed,2026-03-08T15:06:19.566742192Z,23.923,,,,remove-irs3-member1-1772982356,removal,remove-irs3-member1-1772982356,16,"[[""reshare_complete"", ""2026-02-28T13:23:53.762520482Z""], [""reshare_ack"", ""2026-03-08T12:05:49.077673571Z""], [""reshare_keygen_start"", ""2026-03-08T12:05:57.901648182Z""], [""removal_propose"", ""2026-03-08T15:05:59.081966311Z""], [""removal_observed"", ""2026-03-08T15:05:59.097008895Z""], [""removal_executed"", ""2026-03-08T15:06:19.566742192Z""]]"
2026-03-08T15:06:44.603808Z,removal_1772982356,removal_wait_reshare,20.09,30.86,2116060799,4743264494,65104,67040,6536021,36634221,0,0,0,0,65104,67040,6536021,36634221,1,ok:1,0.00,1.64,16.82,11.60,0.00,1.61,4,4,1,post,2026-03-08T15:06:19.566742192Z,,25.037,removal_executed,2026-03-08T15:06:19.566742192Z,25.037,,,,remove-irs3-member1-1772982356,removal,remove-irs3-member1-1772982356,16,"[[""reshare_complete"", ""2026-02-28T13:23:53.762520482Z""], [""reshare_ack"", ""2026-03-08T12:05:49.077673571Z""], [""reshare_keygen_start"", ""2026-03-08T12:05:57.901648182Z""], [""removal_propose"", ""2026-03-08T15:05:59.081966311Z""], [""removal_observed"", ""2026-03-08T15:05:59.097008895Z""], [""removal_executed"", ""2026-03-08T15:06:19.566742192Z""]]"
2026-03-08T15:06:45.702566Z,removal_1772982356,removal_wait_reshare,20.64,30.86,2116143876,4743341331,83077,76837,6619098,36711058,0,0,0,0,83077,76837,6619098,36711058,1,ok:1,0.00,1.64,16.74,11.60,0.23,1.61,4,4,1,post,2026-03-08T15:06:19.566742192Z,,26.136,removal_executed,2026-03-08T15:06:19.566742192Z,26.136,,,,remove-irs3-member1-1772982356,removal,remove-irs3-member1-1772982356,16,"[[""reshare_complete"", ""2026-02-28T13:23:53.762520482Z""], [""reshare_ack"", ""2026-03-08T12:05:49.077673571Z""], [""reshare_keygen_start"", ""2026-03-08T12:05:57.901648182Z""], [""removal_propose"", ""2026-03-08T15:05:59.081966311Z""], [""removal_observed"", ""2026-03-08T15:05:59.097008895Z""], [""removal_executed"", ""2026-03-08T15:06:19.566742192Z""]]"
2026-03-08T15:06:46.801495Z,removal_1772982356,removal_wait_reshare,28.74,30.87,2116315252,4743460893,171376,119562,6790474,36830620,0,0,0,0,171376,119562,6790474,36830620,1,ok:1,0.92,1.64,20.92,11.60,1.38,1.61,4,4,1,post,2026-03-08T15:06:19.566742192Z,,27.235,removal_executed,2026-03-08T15:06:19.566742192Z,27.235,,,,remove-irs3-member1-1772982356,removal,remove-irs3-member1-1772982356,16,"[[""reshare_complete"", ""2026-02-28T13:23:53.762520482Z""], [""reshare_ack"", ""2026-03-08T12:05:49.077673571Z""], [""reshare_keygen_start"", ""2026-03-08T12:05:57.901648182Z""], [""removal_propose"", ""2026-03-08T15:05:59.081966311Z""], [""removal_observed"", ""2026-03-08T15:05:59.097008895Z""], [""removal_executed"", ""2026-03-08T15:06:19.566742192Z""]]"
2026-03-08T15:06:47.905800Z,removal_1772982356,removal_wait_reshare,17.67,30.87,2116373333,4743530441,58081,69548,6848555,36900168,0,0,0,0,58081,69548,6848555,36900168,1,ok:1,0.00,1.64,16.05,11.60,0.00,1.61,4,4,1,post,2026-03-08T15:06:19.566742192Z,,28.339,removal_executed,2026-03-08T15:06:19.566742192Z,28.339,,,,remove-irs3-member1-1772982356,removal,remove-irs3-member1-1772982356,16,"[[""reshare_complete"", ""2026-02-28T13:23:53.762520482Z""], [""reshare_ack"", ""2026-03-08T12:05:49.077673571Z""], [""reshare_keygen_start"", ""2026-03-08T12:05:57.901648182Z""], [""removal_propose"", ""2026-03-08T15:05:59.081966311Z""], [""removal_observed"", ""2026-03-08T15:05:59.097008895Z""], [""removal_executed"", ""2026-03-08T15:06:19.566742192Z""]]"
2026-03-08T15:06:49.005613Z,removal_1772982356,removal_wait_reshare,37.88,30.87,2116488937,4745033251,115604,1502810,6964159,38402978,0,0,0,0,115604,1502810,6964159,38402978,1,ok:1,1.18,1.64,25.41,11.60,3.06,1.61,4,4,1,post,2026-03-08T15:06:19.566742192Z,,29.439,removal_executed,2026-03-08T15:06:19.566742192Z,29.439,,,,remove-irs3-member1-1772982356,removal,remove-irs3-member1-1772982356,16,"[[""reshare_complete"", ""2026-02-28T13:23:53.762520482Z""], [""reshare_ack"", ""2026-03-08T12:05:49.077673571Z""], [""reshare_keygen_start"", ""2026-03-08T12:05:57.901648182Z""], [""removal_propose"", ""2026-03-08T15:05:59.081966311Z""], [""removal_observed"", ""2026-03-08T15:05:59.097008895Z""], [""removal_executed"", ""2026-03-08T15:06:19.566742192Z""]]"
2026-03-08T15:06:50.104875Z,removal_1772982356,removal_wait_reshare,17.02,30.86,2116544343,4745088617,55406,55366,7019565,38458344,0,0,0,0,55406,55366,7019565,38458344,1,ok:1,0.00,1.64,14.45,11.60,0.00,1.61,4,4,1,post,2026-03-08T15:06:19.566742192Z,,30.538,removal_executed,2026-03-08T15:06:19.566742192Z,30.538,,,,remove-irs3-member1-1772982356,removal,remove-irs3-member1-1772982356,16,"[[""reshare_complete"", ""2026-02-28T13:23:53.762520482Z""], [""reshare_ack"", ""2026-03-08T12:05:49.077673571Z""], [""reshare_keygen_start"", ""2026-03-08T12:05:57.901648182Z""], [""removal_propose"", ""2026-03-08T15:05:59.081966311Z""], [""removal_observed"", ""2026-03-08T15:05:59.097008895Z""], [""removal_executed"", ""2026-03-08T15:06:19.566742192Z""]]"
2026-03-08T15:06:51.203753Z,removal_1772982356,removal_wait_reshare,24.30,30.86,2116615522,4745402762,71179,314145,7090744,38772489,0,0,0,0,71179,314145,7090744,38772489,1,ok:1,0.23,1.64,19.86,11.60,0.93,1.61,4,4,1,post,2026-03-08T15:06:19.566742192Z,,31.637,removal_executed,2026-03-08T15:06:19.566742192Z,31.637,,,,remove-irs3-member1-1772982356,removal,remove-irs3-member1-1772982356,16,"[[""reshare_complete"", ""2026-02-28T13:23:53.762520482Z""], [""reshare_ack"", ""2026-03-08T12:05:49.077673571Z""], [""reshare_keygen_start"", ""2026-03-08T12:05:57.901648182Z""], [""removal_propose"", ""2026-03-08T15:05:59.081966311Z""], [""removal_observed"", ""2026-03-08T15:05:59.097008895Z""], [""removal_executed"", ""2026-03-08T15:06:19.566742192Z""]]"
2026-03-08T15:06:52.324186Z,removal_1772982356,removal_wait_reshare,27.53,30.86,2116687190,4745473938,71668,71176,7162412,38843665,9826,180,9826,180,61842,70996,7152586,38843485,1,ok:2,0.94,1.64,22.59,11.60,0.00,1.61,4,4,1,post,2026-03-08T15:06:19.566742192Z,,32.757,removal_executed,2026-03-08T15:06:19.566742192Z,32.757,,,,remove-irs3-member1-1772982356,removal,remove-irs3-member1-1772982356,16,"[[""reshare_complete"", ""2026-02-28T13:23:53.762520482Z""], [""reshare_ack"", ""2026-03-08T12:05:49.077673571Z""], [""reshare_keygen_start"", ""2026-03-08T12:05:57.901648182Z""], [""removal_propose"", ""2026-03-08T15:05:59.081966311Z""], [""removal_observed"", ""2026-03-08T15:05:59.097008895Z""], [""removal_executed"", ""2026-03-08T15:06:19.566742192Z""]]"
2026-03-08T15:06:53.418649Z,removal_1772982356,removal_wait_reshare,29.82,30.87,2116852618,4745579472,165428,105534,7327840,38949199,0,0,9826,180,165428,105534,7318014,38949019,1,ok:1,0.46,1.64,24.77,11.60,0.92,1.61,4,4,1,post,2026-03-08T15:06:19.566742192Z,,33.852,removal_executed,2026-03-08T15:06:19.566742192Z,33.852,,,,remove-irs3-member1-1772982356,removal,remove-irs3-member1-1772982356,16,"[[""reshare_complete"", ""2026-02-28T13:23:53.762520482Z""], [""reshare_ack"", ""2026-03-08T12:05:49.077673571Z""], [""reshare_keygen_start"", ""2026-03-08T12:05:57.901648182Z""], [""removal_propose"", ""2026-03-08T15:05:59.081966311Z""], [""removal_observed"", ""2026-03-08T15:05:59.097008895Z""], [""removal_executed"", ""2026-03-08T15:06:19.566742192Z""]]"
2026-03-08T15:06:54.518237Z,removal_1772982356,removal_wait_reshare,16.01,30.87,2116917870,4745629476,65252,50004,7393092,38999203,0,0,9826,180,65252,50004,7383266,38999023,1,ok:1,0.00,1.64,10.44,11.60,0.46,1.61,4,4,1,post,2026-03-08T15:06:19.566742192Z,,34.951,removal_executed,2026-03-08T15:06:19.566742192Z,34.951,,,,remove-irs3-member1-1772982356,removal,remove-irs3-member1-1772982356,16,"[[""reshare_complete"", ""2026-02-28T13:23:53.762520482Z""], [""reshare_ack"", ""2026-03-08T12:05:49.077673571Z""], [""reshare_keygen_start"", ""2026-03-08T12:05:57.901648182Z""], [""removal_propose"", ""2026-03-08T15:05:59.081966311Z""], [""removal_observed"", ""2026-03-08T15:05:59.097008895Z""], [""removal_executed"", ""2026-03-08T15:06:19.566742192Z""]]"
2026-03-08T15:06:55.618872Z,removal_1772982356,removal_wait_reshare,42.82,30.86,2117016467,4746910906,98597,1281430,7491689,40280633,0,0,9826,180,98597,1281430,7481863,40280453,1,ok:1,1.39,1.64,28.24,11.60,2.55,1.61,4,4,1,post,2026-03-08T15:06:19.566742192Z,,36.052,removal_executed,2026-03-08T15:06:19.566742192Z,36.052,,,,remove-irs3-member1-1772982356,removal,remove-irs3-member1-1772982356,16,"[[""reshare_complete"", ""2026-02-28T13:23:53.762520482Z""], [""reshare_ack"", ""2026-03-08T12:05:49.077673571Z""], [""reshare_keygen_start"", ""2026-03-08T12:05:57.901648182Z""], [""removal_propose"", ""2026-03-08T15:05:59.081966311Z""], [""removal_observed"", ""2026-03-08T15:05:59.097008895Z""], [""removal_executed"", ""2026-03-08T15:06:19.566742192Z""]]"
2026-03-08T15:06:56.713434Z,removal_1772982356,removal_wait_reshare,26.35,30.86,2117116038,4746994502,99571,83596,7591260,40364229,0,0,9826,180,99571,83596,7581434,40364049,1,ok:1,0.24,1.64,22.59,11.60,0.00,1.61,4,4,1,post,2026-03-08T15:06:19.566742192Z,,37.147,removal_executed,2026-03-08T15:06:19.566742192Z,37.147,,,,remove-irs3-member1-1772982356,removal,remove-irs3-member1-1772982356,16,"[[""reshare_complete"", ""2026-02-28T13:23:53.762520482Z""], [""reshare_ack"", ""2026-03-08T12:05:49.077673571Z""], [""reshare_keygen_start"", ""2026-03-08T12:05:57.901648182Z""], [""removal_propose"", ""2026-03-08T15:05:59.081966311Z""], [""removal_observed"", ""2026-03-08T15:05:59.097008895Z""], [""removal_executed"", ""2026-03-08T15:06:19.566742192Z""]]"
2026-03-08T15:06:57.808004Z,removal_1772982356,removal_wait_reshare,25.77,30.87,2117206347,4747078081,90309,83579,7681569,40447808,0,0,9826,180,90309,83579,7671743,40447628,1,ok:1,0.95,1.64,19.86,11.60,0.24,1.61,4,4,1,post,2026-03-08T15:06:19.566742192Z,,38.241,removal_executed,2026-03-08T15:06:19.566742192Z,38.241,,,,remove-irs3-member1-1772982356,removal,remove-irs3-member1-1772982356,16,"[[""reshare_complete"", ""2026-02-28T13:23:53.762520482Z""], [""reshare_ack"", ""2026-03-08T12:05:49.077673571Z""], [""reshare_keygen_start"", ""2026-03-08T12:05:57.901648182Z""], [""removal_propose"", ""2026-03-08T15:05:59.081966311Z""], [""removal_observed"", ""2026-03-08T15:05:59.097008895Z""], [""removal_executed"", ""2026-03-08T15:06:19.566742192Z""]]"
2026-03-08T15:06:58.908641Z,removal_1772982356,removal_wait_reshare,22.09,30.88,2117340307,4747184195,133960,106114,7815529,40553922,0,0,9826,180,133960,106114,7805703,40553742,1,ok:1,0.24,1.64,19.24,11.60,0.95,1.61,4,4,1,post,2026-03-08T15:06:19.566742192Z,,39.342,removal_executed,2026-03-08T15:06:19.566742192Z,39.342,,,,remove-irs3-member1-1772982356,removal,remove-irs3-member1-1772982356,16,"[[""reshare_complete"", ""2026-02-28T13:23:53.762520482Z""], [""reshare_ack"", ""2026-03-08T12:05:49.077673571Z""], [""reshare_keygen_start"", ""2026-03-08T12:05:57.901648182Z""], [""removal_propose"", ""2026-03-08T15:05:59.081966311Z""], [""removal_observed"", ""2026-03-08T15:05:59.097008895Z""], [""removal_executed"", ""2026-03-08T15:06:19.566742192Z""]]"
2026-03-08T15:07:00.008618Z,removal_1772982356,removal_wait_reshare,26.64,30.87,2117428562,4748469453,88255,1285258,7903784,41839180,0,0,9826,180,88255,1285258,7893958,41839000,1,ok:1,0.00,1.64,19.86,11.60,3.27,1.61,4,4,1,post,2026-03-08T15:06:19.566742192Z,,40.442,removal_executed,2026-03-08T15:06:19.566742192Z,40.442,,,,remove-irs3-member1-1772982356,removal,remove-irs3-member1-1772982356,16,"[[""reshare_complete"", ""2026-02-28T13:23:53.762520482Z""], [""reshare_ack"", ""2026-03-08T12:05:49.077673571Z""], [""reshare_keygen_start"", ""2026-03-08T12:05:57.901648182Z""], [""removal_propose"", ""2026-03-08T15:05:59.081966311Z""], [""removal_observed"", ""2026-03-08T15:05:59.097008895Z""], [""removal_executed"", ""2026-03-08T15:06:19.566742192Z""]]"
2026-03-08T15:07:01.109173Z,removal_1772982356,removal_wait_reshare,22.74,30.88,2117507016,4748541314,78454,71861,7982238,41911041,0,0,9826,180,78454,71861,7972412,41910861,1,ok:1,0.23,1.64,18.56,11.60,0.00,1.61,4,4,1,post,2026-03-08T15:06:19.566742192Z,,41.542,removal_executed,2026-03-08T15:06:19.566742192Z,41.542,,,,remove-irs3-member1-1772982356,removal,remove-irs3-member1-1772982356,16,"[[""reshare_complete"", ""2026-02-28T13:23:53.762520482Z""], [""reshare_ack"", ""2026-03-08T12:05:49.077673571Z""], [""reshare_keygen_start"", ""2026-03-08T12:05:57.901648182Z""], [""removal_propose"", ""2026-03-08T15:05:59.081966311Z""], [""removal_observed"", ""2026-03-08T15:05:59.097008895Z""], [""removal_executed"", ""2026-03-08T15:06:19.566742192Z""]]"
2026-03-08T15:07:02.208632Z,removal_1772982356,removal_wait_reshare,27.92,30.88,2117578620,4748625931,71604,84617,8053842,41995658,0,0,9826,180,71604,84617,8044016,41995478,1,ok:1,0.69,1.64,22.20,11.60,0.00,1.61,4,4,1,post,2026-03-08T15:06:19.566742192Z,,42.642,removal_executed,2026-03-08T15:06:19.566742192Z,42.642,,,,remove-irs3-member1-1772982356,removal,remove-irs3-member1-1772982356,16,"[[""reshare_complete"", ""2026-02-28T13:23:53.762520482Z""], [""reshare_ack"", ""2026-03-08T12:05:49.077673571Z""], [""reshare_keygen_start"", ""2026-03-08T12:05:57.901648182Z""], [""removal_propose"", ""2026-03-08T15:05:59.081966311Z""], [""removal_observed"", ""2026-03-08T15:05:59.097008895Z""], [""removal_executed"", ""2026-03-08T15:06:19.566742192Z""]]"
2026-03-08T15:07:03.309036Z,removal_1772982356,removal_wait_reshare,25.29,30.89,2117673488,4748710128,94868,84197,8148710,42079855,0,0,9826,180,94868,84197,8138884,42079675,1,ok:1,0.00,1.64,20.84,11.60,0.00,1.61,4,4,1,post,2026-03-08T15:06:19.566742192Z,,43.742,removal_executed,2026-03-08T15:06:19.566742192Z,43.742,,,,remove-irs3-member1-1772982356,removal,remove-irs3-member1-1772982356,16,"[[""reshare_complete"", ""2026-02-28T13:23:53.762520482Z""], [""reshare_ack"", ""2026-03-08T12:05:49.077673571Z""], [""reshare_keygen_start"", ""2026-03-08T12:05:57.901648182Z""], [""removal_propose"", ""2026-03-08T15:05:59.081966311Z""], [""removal_observed"", ""2026-03-08T15:05:59.097008895Z""], [""removal_executed"", ""2026-03-08T15:06:19.566742192Z""]]"
2026-03-08T15:07:04.411793Z,removal_1772982356,removal_wait_reshare,20.05,30.89,2117806139,4748815915,132651,105787,8281361,42185642,0,0,9826,180,132651,105787,8271535,42185462,1,ok:1,0.23,1.64,16.82,11.60,0.69,1.61,4,4,1,post,2026-03-08T15:06:19.566742192Z,,44.845,removal_executed,2026-03-08T15:06:19.566742192Z,44.845,,,,remove-irs3-member1-1772982356,removal,remove-irs3-member1-1772982356,16,"[[""reshare_complete"", ""2026-02-28T13:23:53.762520482Z""], [""reshare_ack"", ""2026-03-08T12:05:49.077673571Z""], [""reshare_keygen_start"", ""2026-03-08T12:05:57.901648182Z""], [""removal_propose"", ""2026-03-08T15:05:59.081966311Z""], [""removal_observed"", ""2026-03-08T15:05:59.097008895Z""], [""removal_executed"", ""2026-03-08T15:06:19.566742192Z""]]"
2026-03-08T15:07:05.512786Z,removal_1772982356,removal_wait_reshare,19.67,30.90,2117850929,4748866879,44790,50964,8326151,42236606,0,0,9826,180,44790,50964,8316325,42236426,1,ok:1,0.70,1.64,12.18,11.60,0.00,1.61,4,4,1,post,2026-03-08T15:06:19.566742192Z,,45.946,removal_executed,2026-03-08T15:06:19.566742192Z,45.946,,,,remove-irs3-member1-1772982356,removal,remove-irs3-member1-1772982356,16,"[[""reshare_complete"", ""2026-02-28T13:23:53.762520482Z""], [""reshare_ack"", ""2026-03-08T12:05:49.077673571Z""], [""reshare_keygen_start"", ""2026-03-08T12:05:57.901648182Z""], [""removal_propose"", ""2026-03-08T15:05:59.081966311Z""], [""removal_observed"", ""2026-03-08T15:05:59.097008895Z""], [""removal_executed"", ""2026-03-08T15:06:19.566742192Z""]]"
2026-03-08T15:07:06.628255Z,removal_1772982356,removal_wait_reshare,24.94,30.89,2117905404,4749917697,54475,1050818,8380626,43287424,0,0,9826,180,54475,1050818,8370800,43287244,1,ok:1,0.00,1.64,21.45,11.61,2.33,1.61,4,4,1,post,2026-03-08T15:06:19.566742192Z,,47.062,removal_executed,2026-03-08T15:06:19.566742192Z,47.062,,,,remove-irs3-member1-1772982356,removal,remove-irs3-member1-1772982356,16,"[[""reshare_complete"", ""2026-02-28T13:23:53.762520482Z""], [""reshare_ack"", ""2026-03-08T12:05:49.077673571Z""], [""reshare_keygen_start"", ""2026-03-08T12:05:57.901648182Z""], [""removal_propose"", ""2026-03-08T15:05:59.081966311Z""], [""removal_observed"", ""2026-03-08T15:05:59.097008895Z""], [""removal_executed"", ""2026-03-08T15:06:19.566742192Z""]]"
2026-03-08T15:07:07.720662Z,removal_1772982356,removal_wait_reshare,32.55,30.90,2118019245,4750018921,113841,101224,8494467,43388648,0,0,9826,180,113841,101224,8484641,43388468,1,ok:1,0.70,1.64,25.76,11.61,0.00,1.61,4,4,1,post,2026-03-08T15:06:19.566742192Z,,48.154,removal_executed,2026-03-08T15:06:19.566742192Z,48.154,,,,remove-irs3-member1-1772982356,removal,remove-irs3-member1-1772982356,16,"[[""reshare_complete"", ""2026-02-28T13:23:53.762520482Z""], [""reshare_ack"", ""2026-03-08T12:05:49.077673571Z""], [""reshare_keygen_start"", ""2026-03-08T12:05:57.901648182Z""], [""removal_propose"", ""2026-03-08T15:05:59.081966311Z""], [""removal_observed"", ""2026-03-08T15:05:59.097008895Z""], [""removal_executed"", ""2026-03-08T15:06:19.566742192Z""]]"
2026-03-08T15:07:08.822686Z,removal_1772982356,removal_wait_reshare,23.11,30.90,2118097771,4750107780,78526,88859,8572993,43477507,0,0,9826,180,78526,88859,8563167,43477327,1,ok:1,0.00,1.64,20.75,11.61,0.00,1.61,4,4,1,post,2026-03-08T15:06:19.566742192Z,,49.256,removal_executed,2026-03-08T15:06:19.566742192Z,49.256,,,,remove-irs3-member1-1772982356,removal,remove-irs3-member1-1772982356,16,"[[""reshare_complete"", ""2026-02-28T13:23:53.762520482Z""], [""reshare_ack"", ""2026-03-08T12:05:49.077673571Z""], [""reshare_keygen_start"", ""2026-03-08T12:05:57.901648182Z""], [""removal_propose"", ""2026-03-08T15:05:59.081966311Z""], [""removal_observed"", ""2026-03-08T15:05:59.097008895Z""], [""removal_executed"", ""2026-03-08T15:06:19.566742192Z""]]"
2026-03-08T15:07:09.924978Z,removal_1772982356,removal_wait_reshare,18.71,30.90,2118204179,4750180033,106408,72253,8679401,43549760,0,0,9826,180,106408,72253,8669575,43549580,1,ok:1,0.00,1.64,14.09,11.61,0.92,1.61,4,4,1,post,2026-03-08T15:06:19.566742192Z,,50.358,removal_executed,2026-03-08T15:06:19.566742192Z,50.358,,,,remove-irs3-member1-1772982356,removal,remove-irs3-member1-1772982356,16,"[[""reshare_complete"", ""2026-02-28T13:23:53.762520482Z""], [""reshare_ack"", ""2026-03-08T12:05:49.077673571Z""], [""reshare_keygen_start"", ""2026-03-08T12:05:57.901648182Z""], [""removal_propose"", ""2026-03-08T15:05:59.081966311Z""], [""removal_observed"", ""2026-03-08T15:05:59.097008895Z""], [""removal_executed"", ""2026-03-08T15:06:19.566742192Z""]]"
2026-03-08T15:07:11.027650Z,removal_1772982356,removal_wait_reshare,15.65,30.90,2118247996,4750228982,43817,48949,8723218,43598709,0,0,9826,180,43817,48949,8713392,43598529,1,ok:1,0.47,1.64,10.75,11.61,0.00,1.61,4,4,1,post,2026-03-08T15:06:19.566742192Z,,51.461,removal_executed,2026-03-08T15:06:19.566742192Z,51.461,,,,remove-irs3-member1-1772982356,removal,remove-irs3-member1-1772982356,16,"[[""reshare_complete"", ""2026-02-28T13:23:53.762520482Z""], [""reshare_ack"", ""2026-03-08T12:05:49.077673571Z""], [""reshare_keygen_start"", ""2026-03-08T12:05:57.901648182Z""], [""removal_propose"", ""2026-03-08T15:05:59.081966311Z""], [""removal_observed"", ""2026-03-08T15:05:59.097008895Z""], [""removal_executed"", ""2026-03-08T15:06:19.566742192Z""]]"
2026-03-08T15:07:12.126273Z,removal_1772982356,removal_wait_reshare,30.88,30.90,2118314114,4751036887,66118,807905,8789336,44406614,0,0,9826,180,66118,807905,8779510,44406434,1,ok:1,0.69,1.64,21.20,11.61,2.07,1.61,4,4,1,post,2026-03-08T15:06:19.566742192Z,,52.560,removal_executed,2026-03-08T15:06:19.566742192Z,52.560,,,,remove-irs3-member1-1772982356,removal,remove-irs3-member1-1772982356,16,"[[""reshare_complete"", ""2026-02-28T13:23:53.762520482Z""], [""reshare_ack"", ""2026-03-08T12:05:49.077673571Z""], [""reshare_keygen_start"", ""2026-03-08T12:05:57.901648182Z""], [""removal_propose"", ""2026-03-08T15:05:59.081966311Z""], [""removal_observed"", ""2026-03-08T15:05:59.097008895Z""], [""removal_executed"", ""2026-03-08T15:06:19.566742192Z""]]"
2026-03-08T15:07:13.236571Z,removal_1772982356,removal_wait_reshare,27.10,30.88,2118407316,4751130351,93202,93464,8882538,44500078,0,0,9826,180,93202,93464,8872712,44499898,1,ok:1,0.23,1.64,23.13,11.61,0.00,1.61,4,4,1,post,2026-03-08T15:06:19.566742192Z,,53.670,removal_executed,2026-03-08T15:06:19.566742192Z,53.670,,,,remove-irs3-member1-1772982356,removal,remove-irs3-member1-1772982356,16,"[[""reshare_complete"", ""2026-02-28T13:23:53.762520482Z""], [""reshare_ack"", ""2026-03-08T12:05:49.077673571Z""], [""reshare_keygen_start"", ""2026-03-08T12:05:57.901648182Z""], [""removal_propose"", ""2026-03-08T15:05:59.081966311Z""], [""removal_observed"", ""2026-03-08T15:05:59.097008895Z""], [""removal_executed"", ""2026-03-08T15:06:19.566742192Z""]]"
2026-03-08T15:07:14.339158Z,removal_1772982356,removal_wait_reshare,19.72,30.89,2118474670,4751202482,67354,72131,8949892,44572209,0,0,9826,180,67354,72131,8940066,44572029,1,ok:1,0.00,1.64,14.45,11.61,0.00,1.61,4,4,1,post,2026-03-08T15:06:19.566742192Z,,54.772,removal_executed,2026-03-08T15:06:19.566742192Z,54.772,,,,remove-irs3-member1-1772982356,removal,remove-irs3-member1-1772982356,16,"[[""reshare_complete"", ""2026-02-28T13:23:53.762520482Z""], [""reshare_ack"", ""2026-03-08T12:05:49.077673571Z""], [""reshare_keygen_start"", ""2026-03-08T12:05:57.901648182Z""], [""removal_propose"", ""2026-03-08T15:05:59.081966311Z""], [""removal_observed"", ""2026-03-08T15:05:59.097008895Z""], [""removal_executed"", ""2026-03-08T15:06:19.566742192Z""]]"
2026-03-08T15:07:15.438997Z,removal_1772982356,removal_wait_reshare,23.83,30.88,2118548394,4751266347,73724,63865,9023616,44636074,0,0,9826,180,73724,63865,9013790,44635894,1,ok:1,0.70,1.64,18.22,11.61,0.00,1.61,4,4,1,post,2026-03-08T15:06:19.566742192Z,,55.872,removal_executed,2026-03-08T15:06:19.566742192Z,55.872,,,,remove-irs3-member1-1772982356,removal,remove-irs3-member1-1772982356,16,"[[""reshare_complete"", ""2026-02-28T13:23:53.762520482Z""], [""reshare_ack"", ""2026-03-08T12:05:49.077673571Z""], [""reshare_keygen_start"", ""2026-03-08T12:05:57.901648182Z""], [""removal_propose"", ""2026-03-08T15:05:59.081966311Z""], [""removal_observed"", ""2026-03-08T15:05:59.097008895Z""], [""removal_executed"", ""2026-03-08T15:06:19.566742192Z""]]"
2026-03-08T15:07:16.543202Z,removal_1772982356,removal_wait_reshare,22.33,30.88,2118650237,4751354321,101843,87974,9125459,44724048,0,0,9826,180,101843,87974,9115633,44723868,1,ok:1,0.23,1.64,18.14,11.61,0.47,1.61,4,4,1,post,2026-03-08T15:06:19.566742192Z,,56.976,removal_executed,2026-03-08T15:06:19.566742192Z,56.976,,,,remove-irs3-member1-1772982356,removal,remove-irs3-member1-1772982356,16,"[[""reshare_complete"", ""2026-02-28T13:23:53.762520482Z""], [""reshare_ack"", ""2026-03-08T12:05:49.077673571Z""], [""reshare_keygen_start"", ""2026-03-08T12:05:57.901648182Z""], [""removal_propose"", ""2026-03-08T15:05:59.081966311Z""], [""removal_observed"", ""2026-03-08T15:05:59.097008895Z""], [""removal_executed"", ""2026-03-08T15:06:19.566742192Z""]]"
2026-03-08T15:07:17.689197Z,removal_1772982356,removal_wait_reshare,24.94,30.88,2118705010,4751415316,54773,60995,9180232,44785043,0,0,9826,180,54773,60995,9170406,44784863,1,ok:1,0.92,1.64,21.71,11.61,0.92,1.61,4,4,1,post,2026-03-08T15:06:19.566742192Z,,58.122,removal_executed,2026-03-08T15:06:19.566742192Z,58.122,,,,remove-irs3-member1-1772982356,removal,remove-irs3-member1-1772982356,16,"[[""reshare_complete"", ""2026-02-28T13:23:53.762520482Z""], [""reshare_ack"", ""2026-03-08T12:05:49.077673571Z""], [""reshare_keygen_start"", ""2026-03-08T12:05:57.901648182Z""], [""removal_propose"", ""2026-03-08T15:05:59.081966311Z""], [""removal_observed"", ""2026-03-08T15:05:59.097008895Z""], [""removal_executed"", ""2026-03-08T15:06:19.566742192Z""]]"
2026-03-08T15:07:18.787240Z,removal_1772982356,removal_wait_reshare,28.67,30.88,2118815111,4752018389,110101,603073,9290333,45388116,0,0,9826,180,110101,603073,9280507,45387936,1,ok:1,0.46,1.64,20.64,11.61,0.00,1.61,4,4,1,post,2026-03-08T15:06:19.566742192Z,,59.220,removal_executed,2026-03-08T15:06:19.566742192Z,59.220,,,,remove-irs3-member1-1772982356,removal,remove-irs3-member1-1772982356,16,"[[""reshare_complete"", ""2026-02-28T13:23:53.762520482Z""], [""reshare_ack"", ""2026-03-08T12:05:49.077673571Z""], [""reshare_keygen_start"", ""2026-03-08T12:05:57.901648182Z""], [""removal_propose"", ""2026-03-08T15:05:59.081966311Z""], [""removal_observed"", ""2026-03-08T15:05:59.097008895Z""], [""removal_executed"", ""2026-03-08T15:06:19.566742192Z""]]"
2026-03-08T15:07:19.882488Z,removal_1772982356,removal_wait_reshare,18.74,30.89,2118884397,4752085320,69286,66931,9359619,45455047,0,0,9826,180,69286,66931,9349793,45454867,1,ok:1,0.00,1.64,15.93,11.61,0.23,1.61,4,4,1,post,2026-03-08T15:06:19.566742192Z,,60.316,removal_executed,2026-03-08T15:06:19.566742192Z,60.316,,,,remove-irs3-member1-1772982356,removal,remove-irs3-member1-1772982356,16,"[[""reshare_complete"", ""2026-02-28T13:23:53.762520482Z""], [""reshare_ack"", ""2026-03-08T12:05:49.077673571Z""], [""reshare_keygen_start"", ""2026-03-08T12:05:57.901648182Z""], [""removal_propose"", ""2026-03-08T15:05:59.081966311Z""], [""removal_observed"", ""2026-03-08T15:05:59.097008895Z""], [""removal_executed"", ""2026-03-08T15:06:19.566742192Z""]]"
2026-03-08T15:07:20.984055Z,removal_1772982356,removal_wait_reshare,22.83,30.88,2118966612,4752164593,82215,79273,9441834,45534320,0,0,9826,180,82215,79273,9432008,45534140,1,ok:1,0.23,1.64,18.49,11.61,0.00,1.61,4,4,1,post,2026-03-08T15:06:19.566742192Z,,61.417,removal_executed,2026-03-08T15:06:19.566742192Z,61.417,,,,remove-irs3-member1-1772982356,removal,remove-irs3-member1-1772982356,16,"[[""reshare_complete"", ""2026-02-28T13:23:53.762520482Z""], [""reshare_ack"", ""2026-03-08T12:05:49.077673571Z""], [""reshare_keygen_start"", ""2026-03-08T12:05:57.901648182Z""], [""removal_propose"", ""2026-03-08T15:05:59.081966311Z""], [""removal_observed"", ""2026-03-08T15:05:59.097008895Z""], [""removal_executed"", ""2026-03-08T15:06:19.566742192Z""]]"
2026-03-08T15:07:22.083907Z,removal_1772982356,removal_wait_reshare,23.22,30.89,2119040954,4752230779,74342,66186,9516176,45600506,0,0,9826,180,74342,66186,9506350,45600326,1,ok:1,0.71,1.64,19.19,11.61,0.47,1.61,4,4,1,post,2026-03-08T15:06:19.566742192Z,,62.517,removal_executed,2026-03-08T15:06:19.566742192Z,62.517,,,,remove-irs3-member1-1772982356,removal,remove-irs3-member1-1772982356,16,"[[""reshare_complete"", ""2026-02-28T13:23:53.762520482Z""], [""reshare_ack"", ""2026-03-08T12:05:49.077673571Z""], [""reshare_keygen_start"", ""2026-03-08T12:05:57.901648182Z""], [""removal_propose"", ""2026-03-08T15:05:59.081966311Z""], [""removal_observed"", ""2026-03-08T15:05:59.097008895Z""], [""removal_executed"", ""2026-03-08T15:06:19.566742192Z""]]"
2026-03-08T15:07:23.186105Z,removal_1772982356,removal_wait_reshare,20.33,30.89,2119105914,4752287600,64960,56821,9581136,45657327,0,0,9826,180,64960,56821,9571310,45657147,1,ok:1,0.23,1.64,14.95,11.61,0.00,1.61,4,4,1,post,2026-03-08T15:06:19.566742192Z,,63.619,removal_executed,2026-03-08T15:06:19.566742192Z,63.619,,,,remove-irs3-member1-1772982356,removal,remove-irs3-member1-1772982356,16,"[[""reshare_complete"", ""2026-02-28T13:23:53.762520482Z""], [""reshare_ack"", ""2026-03-08T12:05:49.077673571Z""], [""reshare_keygen_start"", ""2026-03-08T12:05:57.901648182Z""], [""removal_propose"", ""2026-03-08T15:05:59.081966311Z""], [""removal_observed"", ""2026-03-08T15:05:59.097008895Z""], [""removal_executed"", ""2026-03-08T15:06:19.566742192Z""]]"
2026-03-08T15:07:24.285117Z,removal_1772982356,removal_wait_reshare,23.76,30.90,2119200582,4752651101,94668,363501,9675804,46020828,0,0,9826,180,94668,363501,9665978,46020648,1,ok:1,2.35,1.65,17.88,11.61,0.94,1.61,4,4,1,post,2026-03-08T15:06:19.566742192Z,,64.718,removal_executed,2026-03-08T15:06:19.566742192Z,64.718,,,,remove-irs3-member1-1772982356,removal,remove-irs3-member1-1772982356,16,"[[""reshare_complete"", ""2026-02-28T13:23:53.762520482Z""], [""reshare_ack"", ""2026-03-08T12:05:49.077673571Z""], [""reshare_keygen_start"", ""2026-03-08T12:05:57.901648182Z""], [""removal_propose"", ""2026-03-08T15:05:59.081966311Z""], [""removal_observed"", ""2026-03-08T15:05:59.097008895Z""], [""removal_executed"", ""2026-03-08T15:06:19.566742192Z""]]"
2026-03-08T15:07:25.403072Z,removal_1772982356,removal_wait_reshare,27.76,30.87,2119362375,4752791191,161793,140090,9837597,46160918,0,0,9826,180,161793,140090,9827771,46160738,1,ok:1,4.47,1.63,22.35,11.61,0.24,1.61,4,4,1,post,2026-03-08T15:06:19.566742192Z,,65.836,removal_executed,2026-03-08T15:06:19.566742192Z,65.836,,,,remove-irs3-member1-1772982356,removal,remove-irs3-member1-1772982356,16,"[[""reshare_complete"", ""2026-02-28T13:23:53.762520482Z""], [""reshare_ack"", ""2026-03-08T12:05:49.077673571Z""], [""reshare_keygen_start"", ""2026-03-08T12:05:57.901648182Z""], [""removal_propose"", ""2026-03-08T15:05:59.081966311Z""], [""removal_observed"", ""2026-03-08T15:05:59.097008895Z""], [""removal_executed"", ""2026-03-08T15:06:19.566742192Z""]]"
2026-03-08T15:07:26.502565Z,removal_1772982356,removal_wait_reshare,33.41,30.85,2119550743,4753005118,188368,213927,10025965,46374845,0,0,9826,180,188368,213927,10016139,46374665,1,ok:1,13.69,1.54,12.53,11.61,0.00,1.61,4,4,1,post,2026-03-08T15:06:19.566742192Z,,66.936,removal_executed,2026-03-08T15:06:19.566742192Z,66.936,,,,remove-irs3-member1-1772982356,removal,remove-irs3-member1-1772982356,16,"[[""reshare_complete"", ""2026-02-28T13:23:53.762520482Z""], [""reshare_ack"", ""2026-03-08T12:05:49.077673571Z""], [""reshare_keygen_start"", ""2026-03-08T12:05:57.901648182Z""], [""removal_propose"", ""2026-03-08T15:05:59.081966311Z""], [""removal_observed"", ""2026-03-08T15:05:59.097008895Z""], [""removal_executed"", ""2026-03-08T15:06:19.566742192Z""]]"
2026-03-08T15:07:27.608525Z,removal_1772982356,removal_wait_reshare,42.14,30.75,2119827000,4753268443,276257,263325,10302222,46638170,0,0,9826,180,276257,263325,10292396,46637990,1,ok:1,14.29,1.48,25.71,11.61,0.00,1.61,4,4,1,post,2026-03-08T15:06:19.566742192Z,,68.042,removal_executed,2026-03-08T15:06:19.566742192Z,68.042,,,,remove-irs3-member1-1772982356,removal,remove-irs3-member1-1772982356,16,"[[""reshare_complete"", ""2026-02-28T13:23:53.762520482Z""], [""reshare_ack"", ""2026-03-08T12:05:49.077673571Z""], [""reshare_keygen_start"", ""2026-03-08T12:05:57.901648182Z""], [""removal_propose"", ""2026-03-08T15:05:59.081966311Z""], [""removal_observed"", ""2026-03-08T15:05:59.097008895Z""], [""removal_executed"", ""2026-03-08T15:06:19.566742192Z""]]"
2026-03-08T15:07:28.704231Z,removal_1772982356,removal_wait_reshare,28.18,30.75,2119970643,4753415193,143643,146750,10445865,46784920,0,0,9826,180,143643,146750,10436039,46784740,1,ok:1,6.00,1.46,15.47,11.61,0.23,1.61,4,4,1,post,2026-03-08T15:06:19.566742192Z,,69.137,removal_executed,2026-03-08T15:06:19.566742192Z,69.137,,,,remove-irs3-member1-1772982356,removal,remove-irs3-member1-1772982356,16,"[[""reshare_complete"", ""2026-02-28T13:23:53.762520482Z""], [""reshare_ack"", ""2026-03-08T12:05:49.077673571Z""], [""reshare_keygen_start"", ""2026-03-08T12:05:57.901648182Z""], [""removal_propose"", ""2026-03-08T15:05:59.081966311Z""], [""removal_observed"", ""2026-03-08T15:05:59.097008895Z""], [""removal_executed"", ""2026-03-08T15:06:19.566742192Z""]]"
2026-03-08T15:07:29.806002Z,removal_1772982356,removal_wait_reshare,11.74,30.76,2120017379,4753460601,46736,45408,10492601,46830328,0,0,9826,180,46736,45408,10482775,46830148,1,ok:1,0.94,1.46,9.39,11.61,0.00,1.61,4,4,1,post,2026-03-08T15:06:19.566742192Z,,70.239,removal_executed,2026-03-08T15:06:19.566742192Z,70.239,,,,remove-irs3-member1-1772982356,removal,remove-irs3-member1-1772982356,16,"[[""reshare_complete"", ""2026-02-28T13:23:53.762520482Z""], [""reshare_ack"", ""2026-03-08T12:05:49.077673571Z""], [""reshare_keygen_start"", ""2026-03-08T12:05:57.901648182Z""], [""removal_propose"", ""2026-03-08T15:05:59.081966311Z""], [""removal_observed"", ""2026-03-08T15:05:59.097008895Z""], [""removal_executed"", ""2026-03-08T15:06:19.566742192Z""]]"
2026-03-08T15:07:30.905180Z,removal_1772982356,removal_wait_reshare,13.55,30.76,2120059753,4753507505,42374,46904,10534975,46877232,0,0,9826,180,42374,46904,10525149,46877052,1,ok:1,0.47,1.46,10.05,11.61,0.00,1.61,4,4,1,post,2026-03-08T15:06:19.566742192Z,,71.338,removal_executed,2026-03-08T15:06:19.566742192Z,71.338,,,,remove-irs3-member1-1772982356,removal,remove-irs3-member1-1772982356,16,"[[""reshare_complete"", ""2026-02-28T13:23:53.762520482Z""], [""reshare_ack"", ""2026-03-08T12:05:49.077673571Z""], [""reshare_keygen_start"", ""2026-03-08T12:05:57.901648182Z""], [""removal_propose"", ""2026-03-08T15:05:59.081966311Z""], [""removal_observed"", ""2026-03-08T15:05:59.097008895Z""], [""removal_executed"", ""2026-03-08T15:06:19.566742192Z""]]"
2026-03-08T15:07:32.018138Z,removal_1772982356,removal_wait_reshare,19.39,30.75,2120157698,4753590242,97945,82737,10632920,46959969,0,0,9826,180,97945,82737,10623094,46959789,1,ok:1,3.50,1.43,14.72,11.61,0.00,1.61,4,4,1,post,2026-03-08T15:06:19.566742192Z,,72.451,removal_executed,2026-03-08T15:06:19.566742192Z,72.451,,,,remove-irs3-member1-1772982356,removal,remove-irs3-member1-1772982356,16,"[[""reshare_complete"", ""2026-02-28T13:23:53.762520482Z""], [""reshare_ack"", ""2026-03-08T12:05:49.077673571Z""], [""reshare_keygen_start"", ""2026-03-08T12:05:57.901648182Z""], [""removal_propose"", ""2026-03-08T15:05:59.081966311Z""], [""removal_observed"", ""2026-03-08T15:05:59.097008895Z""], [""removal_executed"", ""2026-03-08T15:06:19.566742192Z""]]"
2026-03-08T15:07:33.117884Z,removal_1772982356,removal_wait_reshare,34.73,30.71,2120359532,4753809008,201834,218766,10834754,47178735,0,0,9826,180,201834,218766,10824928,47178555,1,ok:1,14.22,1.36,14.92,11.61,0.00,1.61,4,4,1,post,2026-03-08T15:06:19.566742192Z,,73.551,removal_executed,2026-03-08T15:06:19.566742192Z,73.551,,,,remove-irs3-member1-1772982356,removal,remove-irs3-member1-1772982356,16,"[[""reshare_complete"", ""2026-02-28T13:23:53.762520482Z""], [""reshare_ack"", ""2026-03-08T12:05:49.077673571Z""], [""reshare_keygen_start"", ""2026-03-08T12:05:57.901648182Z""], [""removal_propose"", ""2026-03-08T15:05:59.081966311Z""], [""removal_observed"", ""2026-03-08T15:05:59.097008895Z""], [""removal_executed"", ""2026-03-08T15:06:19.566742192Z""]]"
2026-03-08T15:07:34.234255Z,removal_1772982356,removal_wait_reshare,43.06,30.72,2120418486,4753867329,58954,58321,10893708,47237056,0,0,9826,180,58954,58321,10883882,47236876,1,ok:1,36.57,1.36,7.64,11.61,0.00,1.61,4,4,1,post,2026-03-08T15:06:19.566742192Z,,74.668,removal_executed,2026-03-08T15:06:19.566742192Z,74.668,,,,remove-irs3-member1-1772982356,removal,remove-irs3-member1-1772982356,16,"[[""reshare_complete"", ""2026-02-28T13:23:53.762520482Z""], [""reshare_ack"", ""2026-03-08T12:05:49.077673571Z""], [""reshare_keygen_start"", ""2026-03-08T12:05:57.901648182Z""], [""removal_propose"", ""2026-03-08T15:05:59.081966311Z""], [""removal_observed"", ""2026-03-08T15:05:59.097008895Z""], [""removal_executed"", ""2026-03-08T15:06:19.566742192Z""]]"
2026-03-08T15:07:35.393452Z,removal_1772982356,removal_wait_reshare,81.70,30.72,2120445594,4753892352,27108,25023,10920816,47262079,0,0,9826,180,27108,25023,10910990,47261899,1,ok:1,71.65,1.37,8.26,11.61,0.00,1.61,4,4,1,post,2026-03-08T15:06:19.566742192Z,,75.827,removal_executed,2026-03-08T15:06:19.566742192Z,75.827,,,,remove-irs3-member1-1772982356,removal,remove-irs3-member1-1772982356,16,"[[""reshare_complete"", ""2026-02-28T13:23:53.762520482Z""], [""reshare_ack"", ""2026-03-08T12:05:49.077673571Z""], [""reshare_keygen_start"", ""2026-03-08T12:05:57.901648182Z""], [""removal_propose"", ""2026-03-08T15:05:59.081966311Z""], [""removal_observed"", ""2026-03-08T15:05:59.097008895Z""], [""removal_executed"", ""2026-03-08T15:06:19.566742192Z""]]"
2026-03-08T15:07:36.486810Z,removal_1772982356,removal_wait_reshare,82.39,30.72,2120510164,4753945531,64570,53179,10985386,47315258,0,0,9826,180,64570,53179,10975560,47315078,1,ok:1,67.83,1.37,7.83,11.61,0.00,1.61,4,4,1,post,2026-03-08T15:06:19.566742192Z,,76.920,removal_executed,2026-03-08T15:06:19.566742192Z,76.920,,,,remove-irs3-member1-1772982356,removal,remove-irs3-member1-1772982356,16,"[[""reshare_complete"", ""2026-02-28T13:23:53.762520482Z""], [""reshare_ack"", ""2026-03-08T12:05:49.077673571Z""], [""reshare_keygen_start"", ""2026-03-08T12:05:57.901648182Z""], [""removal_propose"", ""2026-03-08T15:05:59.081966311Z""], [""removal_observed"", ""2026-03-08T15:05:59.097008895Z""], [""removal_executed"", ""2026-03-08T15:06:19.566742192Z""]]"
2026-03-08T15:07:37.591610Z,removal_1772982356,removal_wait_reshare,84.10,30.73,2120560238,4753989336,50074,43805,11035460,47359063,0,0,9826,180,50074,43805,11025634,47358883,1,ok:1,70.74,1.38,10.60,11.61,0.00,1.61,4,4,1,post,2026-03-08T15:06:19.566742192Z,,78.025,removal_executed,2026-03-08T15:06:19.566742192Z,78.025,,,,remove-irs3-member1-1772982356,removal,remove-irs3-member1-1772982356,16,"[[""reshare_complete"", ""2026-02-28T13:23:53.762520482Z""], [""reshare_ack"", ""2026-03-08T12:05:49.077673571Z""], [""reshare_keygen_start"", ""2026-03-08T12:05:57.901648182Z""], [""removal_propose"", ""2026-03-08T15:05:59.081966311Z""], [""removal_observed"", ""2026-03-08T15:05:59.097008895Z""], [""removal_executed"", ""2026-03-08T15:06:19.566742192Z""]]"
2026-03-08T15:07:38.759157Z,removal_1772982356,removal_wait_reshare,77.27,30.73,2120605592,4754047697,45354,58361,11080814,47417424,0,0,9826,180,45354,58361,11070988,47417244,1,ok:1,69.55,1.40,9.09,11.61,0.00,1.61,4,4,1,post,2026-03-08T15:06:19.566742192Z,,79.192,removal_executed,2026-03-08T15:06:19.566742192Z,79.192,,,,remove-irs3-member1-1772982356,removal,remove-irs3-member1-1772982356,16,"[[""reshare_complete"", ""2026-02-28T13:23:53.762520482Z""], [""reshare_ack"", ""2026-03-08T12:05:49.077673571Z""], [""reshare_keygen_start"", ""2026-03-08T12:05:57.901648182Z""], [""removal_propose"", ""2026-03-08T15:05:59.081966311Z""], [""removal_observed"", ""2026-03-08T15:05:59.097008895Z""], [""removal_executed"", ""2026-03-08T15:06:19.566742192Z""]]"
2026-03-08T15:07:39.862320Z,removal_1772982356,removal_wait_reshare,81.82,30.73,2120643379,4754076517,37787,28820,11118601,47446244,0,0,9826,180,37787,28820,11108775,47446064,1,ok:1,70.13,1.40,6.06,11.61,0.00,1.61,4,4,1,post,2026-03-08T15:06:19.566742192Z,,80.296,removal_executed,2026-03-08T15:06:19.566742192Z,80.296,,,,remove-irs3-member1-1772982356,removal,remove-irs3-member1-1772982356,16,"[[""reshare_complete"", ""2026-02-28T13:23:53.762520482Z""], [""reshare_ack"", ""2026-03-08T12:05:49.077673571Z""], [""reshare_keygen_start"", ""2026-03-08T12:05:57.901648182Z""], [""removal_propose"", ""2026-03-08T15:05:59.081966311Z""], [""removal_observed"", ""2026-03-08T15:05:59.097008895Z""], [""removal_executed"", ""2026-03-08T15:06:19.566742192Z""]]"
2026-03-08T15:07:40.982966Z,removal_1772982356,removal_wait_reshare,73.23,30.74,2121152443,4757690855,509064,3614338,11627665,51060582,0,0,9826,180,509064,3614338,11617839,51060402,1,ok:1,60.41,1.45,8.70,11.61,0.00,1.61,4,4,1,post,2026-03-08T15:06:19.566742192Z,,81.416,removal_executed,2026-03-08T15:06:19.566742192Z,81.416,,,,remove-irs3-member1-1772982356,removal,remove-irs3-member1-1772982356,16,"[[""reshare_complete"", ""2026-02-28T13:23:53.762520482Z""], [""reshare_ack"", ""2026-03-08T12:05:49.077673571Z""], [""reshare_keygen_start"", ""2026-03-08T12:05:57.901648182Z""], [""removal_propose"", ""2026-03-08T15:05:59.081966311Z""], [""removal_observed"", ""2026-03-08T15:05:59.097008895Z""], [""removal_executed"", ""2026-03-08T15:06:19.566742192Z""]]"
2026-03-08T15:07:42.083492Z,removal_1772982356,removal_wait_reshare,46.73,30.79,2125425840,4761850613,4273397,4159758,15901062,55220340,0,0,9826,180,4273397,4159758,15891236,55220160,1,ok:1,25.23,1.54,14.25,11.61,0.47,1.61,4,4,1,post,2026-03-08T15:06:19.566742192Z,,82.517,removal_executed,2026-03-08T15:06:19.566742192Z,82.517,,,,remove-irs3-member1-1772982356,removal,remove-irs3-member1-1772982356,16,"[[""reshare_complete"", ""2026-02-28T13:23:53.762520482Z""], [""reshare_ack"", ""2026-03-08T12:05:49.077673571Z""], [""reshare_keygen_start"", ""2026-03-08T12:05:57.901648182Z""], [""removal_propose"", ""2026-03-08T15:05:59.081966311Z""], [""removal_observed"", ""2026-03-08T15:05:59.097008895Z""], [""removal_executed"", ""2026-03-08T15:06:19.566742192Z""]]"
2026-03-08T15:07:43.190495Z,removal_1772982356,removal_wait_reshare,52.15,30.92,2129654655,4764608384,4228815,2757771,20129877,57978111,0,0,9826,180,4228815,2757771,20120051,57977931,1,ok:1,34.69,1.65,12.92,11.61,0.00,1.61,4,4,1,post,2026-03-08T15:06:19.566742192Z,,83.624,removal_executed,2026-03-08T15:06:19.566742192Z,83.624,,,,remove-irs3-member1-1772982356,removal,remove-irs3-member1-1772982356,16,"[[""reshare_complete"", ""2026-02-28T13:23:53.762520482Z""], [""reshare_ack"", ""2026-03-08T12:05:49.077673571Z""], [""reshare_keygen_start"", ""2026-03-08T12:05:57.901648182Z""], [""removal_propose"", ""2026-03-08T15:05:59.081966311Z""], [""removal_observed"", ""2026-03-08T15:05:59.097008895Z""], [""removal_executed"", ""2026-03-08T15:06:19.566742192Z""]]"
2026-03-08T15:07:44.291056Z,removal_1772982356,removal_wait_reshare,31.07,30.97,2130775326,4765025747,1120671,417363,21250548,58395474,0,0,9826,180,1120671,417363,21240722,58395294,1,ok:1,17.76,1.67,10.28,11.61,0.00,1.61,4,4,1,post,2026-03-08T15:06:19.566742192Z,,84.724,removal_executed,2026-03-08T15:06:19.566742192Z,84.724,,,,remove-irs3-member1-1772982356,removal,remove-irs3-member1-1772982356,16,"[[""reshare_complete"", ""2026-02-28T13:23:53.762520482Z""], [""reshare_ack"", ""2026-03-08T12:05:49.077673571Z""], [""reshare_keygen_start"", ""2026-03-08T12:05:57.901648182Z""], [""removal_propose"", ""2026-03-08T15:05:59.081966311Z""], [""removal_observed"", ""2026-03-08T15:05:59.097008895Z""], [""removal_executed"", ""2026-03-08T15:06:19.566742192Z""]]"
2026-03-08T15:07:45.626867Z,removal_1772982356,removal_wait_reshare,61.98,31.02,2131449094,4765104960,673768,79213,21924316,58474687,0,0,9826,180,673768,79213,21914490,58474507,1,ok:1,60.83,1.71,11.06,11.61,0.00,1.61,4,4,1,post,2026-03-08T15:06:19.566742192Z,,86.060,removal_executed,2026-03-08T15:06:19.566742192Z,86.060,,,,remove-irs3-member1-1772982356,removal,remove-irs3-member1-1772982356,16,"[[""reshare_complete"", ""2026-02-28T13:23:53.762520482Z""], [""reshare_ack"", ""2026-03-08T12:05:49.077673571Z""], [""reshare_keygen_start"", ""2026-03-08T12:05:57.901648182Z""], [""removal_propose"", ""2026-03-08T15:05:59.081966311Z""], [""removal_observed"", ""2026-03-08T15:05:59.097008895Z""], [""removal_executed"", ""2026-03-08T15:06:19.566742192Z""]]"
2026-03-08T15:07:47.075207Z,removal_1772982356,removal_wait_reshare,100.00,31.03,2131498079,4765156402,48985,51442,21973301,58526129,0,0,9826,180,48985,51442,21963475,58525949,1,ok:1,88.72,1.73,8.46,11.56,0.00,1.61,4,4,1,post,2026-03-08T15:06:19.566742192Z,,87.508,removal_executed,2026-03-08T15:06:19.566742192Z,87.508,,,,remove-irs3-member1-1772982356,removal,remove-irs3-member1-1772982356,16,"[[""reshare_complete"", ""2026-02-28T13:23:53.762520482Z""], [""reshare_ack"", ""2026-03-08T12:05:49.077673571Z""], [""reshare_keygen_start"", ""2026-03-08T12:05:57.901648182Z""], [""removal_propose"", ""2026-03-08T15:05:59.081966311Z""], [""removal_observed"", ""2026-03-08T15:05:59.097008895Z""], [""removal_executed"", ""2026-03-08T15:06:19.566742192Z""]]"
2026-03-08T15:07:48.425397Z,removal_1772982356,removal_wait_reshare,100.00,31.04,2131570421,4765225902,72342,69500,22045643,58595629,0,0,9826,180,72342,69500,22035817,58595449,1,ok:1,83.07,1.74,10.54,11.56,0.17,1.61,4,4,1,post,2026-03-08T15:06:19.566742192Z,,88.859,removal_executed,2026-03-08T15:06:19.566742192Z,88.859,,,,remove-irs3-member1-1772982356,removal,remove-irs3-member1-1772982356,16,"[[""reshare_complete"", ""2026-02-28T13:23:53.762520482Z""], [""reshare_ack"", ""2026-03-08T12:05:49.077673571Z""], [""reshare_keygen_start"", ""2026-03-08T12:05:57.901648182Z""], [""removal_propose"", ""2026-03-08T15:05:59.081966311Z""], [""removal_observed"", ""2026-03-08T15:05:59.097008895Z""], [""removal_executed"", ""2026-03-08T15:06:19.566742192Z""]]"
2026-03-08T15:07:49.616849Z,removal_1772982356,removal_wait_reshare,100.00,31.05,2131624850,4765271887,54429,45985,22100072,58641614,0,0,9826,180,54429,45985,22090246,58641434,1,ok:1,87.27,1.75,6.27,11.56,0.00,1.61,4,4,1,post,2026-03-08T15:06:19.566742192Z,,90.050,removal_executed,2026-03-08T15:06:19.566742192Z,90.050,,,,remove-irs3-member1-1772982356,removal,remove-irs3-member1-1772982356,16,"[[""reshare_complete"", ""2026-02-28T13:23:53.762520482Z""], [""reshare_ack"", ""2026-03-08T12:05:49.077673571Z""], [""reshare_keygen_start"", ""2026-03-08T12:05:57.901648182Z""], [""removal_propose"", ""2026-03-08T15:05:59.081966311Z""], [""removal_observed"", ""2026-03-08T15:05:59.097008895Z""], [""removal_executed"", ""2026-03-08T15:06:19.566742192Z""]]"
2026-03-08T15:07:50.965470Z,removal_1772982356,removal_wait_reshare,100.00,31.06,2131660001,4765302287,35151,30400,22135223,58672014,0,0,9826,180,35151,30400,22125397,58671834,1,ok:1,99.37,1.75,5.89,11.56,0.00,1.61,4,4,1,post,2026-03-08T15:06:19.566742192Z,,91.399,removal_executed,2026-03-08T15:06:19.566742192Z,91.399,,,,remove-irs3-member1-1772982356,removal,remove-irs3-member1-1772982356,16,"[[""reshare_complete"", ""2026-02-28T13:23:53.762520482Z""], [""reshare_ack"", ""2026-03-08T12:05:49.077673571Z""], [""reshare_keygen_start"", ""2026-03-08T12:05:57.901648182Z""], [""removal_propose"", ""2026-03-08T15:05:59.081966311Z""], [""removal_observed"", ""2026-03-08T15:05:59.097008895Z""], [""removal_executed"", ""2026-03-08T15:06:19.566742192Z""]]"
2026-03-08T15:07:52.261624Z,removal_1772982356,removal_wait_reshare,100.00,31.06,2131701790,4765347538,41789,45251,22177012,58717265,0,0,9826,180,41789,45251,22167186,58717085,1,ok:1,84.81,1.76,10.19,11.56,0.00,1.61,4,4,1,post,2026-03-08T15:06:19.566742192Z,,92.695,removal_executed,2026-03-08T15:06:19.566742192Z,92.695,,,,remove-irs3-member1-1772982356,removal,remove-irs3-member1-1772982356,16,"[[""reshare_complete"", ""2026-02-28T13:23:53.762520482Z""], [""reshare_ack"", ""2026-03-08T12:05:49.077673571Z""], [""reshare_keygen_start"", ""2026-03-08T12:05:57.901648182Z""], [""removal_propose"", ""2026-03-08T15:05:59.081966311Z""], [""removal_observed"", ""2026-03-08T15:05:59.097008895Z""], [""removal_executed"", ""2026-03-08T15:06:19.566742192Z""]]"
2026-03-08T15:07:53.618912Z,removal_1772982356,removal_wait_reshare,100.00,31.06,2131772073,4765418695,70283,71157,22247295,58788422,0,0,9826,180,70283,71157,22237469,58788242,1,ok:1,87.67,1.76,9.63,11.56,0.00,1.61,4,4,1,post,2026-03-08T15:06:19.566742192Z,,94.052,removal_executed,2026-03-08T15:06:19.566742192Z,94.052,,,,remove-irs3-member1-1772982356,removal,remove-irs3-member1-1772982356,16,"[[""reshare_complete"", ""2026-02-28T13:23:53.762520482Z""], [""reshare_ack"", ""2026-03-08T12:05:49.077673571Z""], [""reshare_keygen_start"", ""2026-03-08T12:05:57.901648182Z""], [""removal_propose"", ""2026-03-08T15:05:59.081966311Z""], [""removal_observed"", ""2026-03-08T15:05:59.097008895Z""], [""removal_executed"", ""2026-03-08T15:06:19.566742192Z""]]"
2026-03-08T15:07:55.042225Z,removal_1772982356,removal_wait_reshare,100.00,31.07,2131817090,4765461686,45017,42991,22292312,58831413,0,0,9826,180,45017,42991,22282486,58831233,1,ok:1,93.74,1.77,5.89,11.56,0.00,1.61,4,4,1,post,2026-03-08T15:06:19.566742192Z,,95.475,removal_executed,2026-03-08T15:06:19.566742192Z,95.475,,,,remove-irs3-member1-1772982356,removal,remove-irs3-member1-1772982356,16,"[[""reshare_complete"", ""2026-02-28T13:23:53.762520482Z""], [""reshare_ack"", ""2026-03-08T12:05:49.077673571Z""], [""reshare_keygen_start"", ""2026-03-08T12:05:57.901648182Z""], [""removal_propose"", ""2026-03-08T15:05:59.081966311Z""], [""removal_observed"", ""2026-03-08T15:05:59.097008895Z""], [""removal_executed"", ""2026-03-08T15:06:19.566742192Z""]]"
2026-03-08T15:07:56.428152Z,removal_1772982356,removal_wait_reshare,100.00,31.09,2131864435,4765506040,47345,44354,22339657,58875767,0,0,9826,180,47345,44354,22329831,58875587,1,ok:1,86.99,1.81,6.85,11.56,0.00,1.61,4,4,1,post,2026-03-08T15:06:19.566742192Z,,96.861,removal_executed,2026-03-08T15:06:19.566742192Z,96.861,,,,remove-irs3-member1-1772982356,removal,remove-irs3-member1-1772982356,16,"[[""reshare_complete"", ""2026-02-28T13:23:53.762520482Z""], [""reshare_ack"", ""2026-03-08T12:05:49.077673571Z""], [""reshare_keygen_start"", ""2026-03-08T12:05:57.901648182Z""], [""removal_propose"", ""2026-03-08T15:05:59.081966311Z""], [""removal_observed"", ""2026-03-08T15:05:59.097008895Z""], [""removal_executed"", ""2026-03-08T15:06:19.566742192Z""]]"
2026-03-08T15:07:57.769263Z,removal_1772982356,removal_wait_reshare,100.00,31.12,2131922271,4765559294,57836,53254,22397493,58929021,0,0,9826,180,57836,53254,22387667,58928841,1,ok:1,87.70,1.83,11.03,11.56,0.00,1.61,4,4,1,post,2026-03-08T15:06:19.566742192Z,,98.203,removal_executed,2026-03-08T15:06:19.566742192Z,98.203,,,,remove-irs3-member1-1772982356,removal,remove-irs3-member1-1772982356,16,"[[""reshare_complete"", ""2026-02-28T13:23:53.762520482Z""], [""reshare_ack"", ""2026-03-08T12:05:49.077673571Z""], [""reshare_keygen_start"", ""2026-03-08T12:05:57.901648182Z""], [""removal_propose"", ""2026-03-08T15:05:59.081966311Z""], [""removal_observed"", ""2026-03-08T15:05:59.097008895Z""], [""removal_executed"", ""2026-03-08T15:06:19.566742192Z""]]"
2026-03-08T15:07:59.047185Z,removal_1772982356,removal_wait_reshare,100.00,31.13,2131972451,4765625741,50180,66447,22447673,58995468,0,0,9826,180,50180,66447,22437847,58995288,1,ok:1,85.32,1.84,6.51,11.56,0.19,1.61,4,4,1,post,2026-03-08T15:06:19.566742192Z,,99.480,removal_executed,2026-03-08T15:06:19.566742192Z,99.480,,,,remove-irs3-member1-1772982356,removal,remove-irs3-member1-1772982356,16,"[[""reshare_complete"", ""2026-02-28T13:23:53.762520482Z""], [""reshare_ack"", ""2026-03-08T12:05:49.077673571Z""], [""reshare_keygen_start"", ""2026-03-08T12:05:57.901648182Z""], [""removal_propose"", ""2026-03-08T15:05:59.081966311Z""], [""removal_observed"", ""2026-03-08T15:05:59.097008895Z""], [""removal_executed"", ""2026-03-08T15:06:19.566742192Z""]]"
2026-03-08T15:08:00.294091Z,removal_1772982356,removal_wait_reshare,100.00,31.12,2132009652,4765658266,37201,32525,22484874,59027993,0,0,9826,180,37201,32525,22475048,59027813,1,ok:1,95.10,1.84,5.29,11.56,0.00,1.61,4,4,1,post,2026-03-08T15:06:19.566742192Z,,100.727,removal_executed,2026-03-08T15:06:19.566742192Z,100.727,,,,remove-irs3-member1-1772982356,removal,remove-irs3-member1-1772982356,16,"[[""reshare_complete"", ""2026-02-28T13:23:53.762520482Z""], [""reshare_ack"", ""2026-03-08T12:05:49.077673571Z""], [""reshare_keygen_start"", ""2026-03-08T12:05:57.901648182Z""], [""removal_propose"", ""2026-03-08T15:05:59.081966311Z""], [""removal_observed"", ""2026-03-08T15:05:59.097008895Z""], [""removal_executed"", ""2026-03-08T15:06:19.566742192Z""]]"
2026-03-08T15:08:01.632940Z,removal_1772982356,removal_wait_reshare,100.00,31.12,2132064676,4765701789,55024,43523,22539898,59071516,0,0,9826,180,55024,43523,22530072,59071336,1,ok:1,89.48,1.84,8.53,11.56,0.00,1.61,4,4,1,post,2026-03-08T15:06:19.566742192Z,,102.066,removal_executed,2026-03-08T15:06:19.566742192Z,102.066,,,,remove-irs3-member1-1772982356,removal,remove-irs3-member1-1772982356,16,"[[""reshare_complete"", ""2026-02-28T13:23:53.762520482Z""], [""reshare_ack"", ""2026-03-08T12:05:49.077673571Z""], [""reshare_keygen_start"", ""2026-03-08T12:05:57.901648182Z""], [""removal_propose"", ""2026-03-08T15:05:59.081966311Z""], [""removal_observed"", ""2026-03-08T15:05:59.097008895Z""], [""removal_executed"", ""2026-03-08T15:06:19.566742192Z""]]"
2026-03-08T15:08:03.021741Z,removal_1772982356,removal_wait_reshare,100.00,31.13,2132118015,4765764358,53339,62569,22593237,59134085,0,0,9826,180,53339,62569,22583411,59133905,1,ok:1,87.95,1.84,10.17,11.56,0.00,1.61,4,4,1,post,2026-03-08T15:06:19.566742192Z,,103.455,removal_executed,2026-03-08T15:06:19.566742192Z,103.455,,,,remove-irs3-member1-1772982356,removal,remove-irs3-member1-1772982356,16,"[[""reshare_complete"", ""2026-02-28T13:23:53.762520482Z""], [""reshare_ack"", ""2026-03-08T12:05:49.077673571Z""], [""reshare_keygen_start"", ""2026-03-08T12:05:57.901648182Z""], [""removal_propose"", ""2026-03-08T15:05:59.081966311Z""], [""removal_observed"", ""2026-03-08T15:05:59.097008895Z""], [""removal_executed"", ""2026-03-08T15:06:19.566742192Z""]]"
2026-03-08T15:08:04.365743Z,removal_1772982356,removal_wait_reshare,100.00,31.13,2132179815,4765817713,61800,53355,22655037,59187440,0,0,9826,180,61800,53355,22645211,59187260,1,ok:1,88.67,1.84,6.47,11.56,0.00,1.61,4,4,1,post,2026-03-08T15:06:19.566742192Z,,104.799,removal_executed,2026-03-08T15:06:19.566742192Z,104.799,,,,remove-irs3-member1-1772982356,removal,remove-irs3-member1-1772982356,16,"[[""reshare_complete"", ""2026-02-28T13:23:53.762520482Z""], [""reshare_ack"", ""2026-03-08T12:05:49.077673571Z""], [""reshare_keygen_start"", ""2026-03-08T12:05:57.901648182Z""], [""removal_propose"", ""2026-03-08T15:05:59.081966311Z""], [""removal_observed"", ""2026-03-08T15:05:59.097008895Z""], [""removal_executed"", ""2026-03-08T15:06:19.566742192Z""]]"
2026-03-08T15:08:05.745382Z,removal_1772982356,removal_wait_reshare,100.00,31.11,2132242273,4765860129,62458,42416,22717495,59229856,0,0,9826,180,62458,42416,22707669,59229676,1,ok:1,88.66,1.82,8.74,11.56,0.19,1.61,4,4,1,post,2026-03-08T15:06:19.566742192Z,,106.179,removal_executed,2026-03-08T15:06:19.566742192Z,106.179,,,,remove-irs3-member1-1772982356,removal,remove-irs3-member1-1772982356,16,"[[""reshare_complete"", ""2026-02-28T13:23:53.762520482Z""], [""reshare_ack"", ""2026-03-08T12:05:49.077673571Z""], [""reshare_keygen_start"", ""2026-03-08T12:05:57.901648182Z""], [""removal_propose"", ""2026-03-08T15:05:59.081966311Z""], [""removal_observed"", ""2026-03-08T15:05:59.097008895Z""], [""removal_executed"", ""2026-03-08T15:06:19.566742192Z""]]"
2026-03-08T15:08:06.985003Z,removal_1772982356,removal_wait_reshare,100.00,31.11,2132279885,4765903409,37612,43280,22755107,59273136,0,0,9826,180,37612,43280,22745281,59272956,1,ok:1,85.66,1.82,6.53,11.56,0.00,1.61,4,4,1,post,2026-03-08T15:06:19.566742192Z,,107.418,removal_executed,2026-03-08T15:06:19.566742192Z,107.418,,,,remove-irs3-member1-1772982356,removal,remove-irs3-member1-1772982356,16,"[[""reshare_complete"", ""2026-02-28T13:23:53.762520482Z""], [""reshare_ack"", ""2026-03-08T12:05:49.077673571Z""], [""reshare_keygen_start"", ""2026-03-08T12:05:57.901648182Z""], [""removal_propose"", ""2026-03-08T15:05:59.081966311Z""], [""removal_observed"", ""2026-03-08T15:05:59.097008895Z""], [""removal_executed"", ""2026-03-08T15:06:19.566742192Z""]]"
2026-03-08T15:08:08.295468Z,removal_1772982356,removal_wait_reshare,100.00,31.12,2132346245,4765962454,66360,59045,22821467,59332181,0,0,9826,180,66360,59045,22811641,59332001,1,ok:1,87.50,1.82,11.09,11.56,0.00,1.61,4,4,1,post,2026-03-08T15:06:19.566742192Z,,108.729,removal_executed,2026-03-08T15:06:19.566742192Z,108.729,,,,remove-irs3-member1-1772982356,removal,remove-irs3-member1-1772982356,16,"[[""reshare_complete"", ""2026-02-28T13:23:53.762520482Z""], [""reshare_ack"", ""2026-03-08T12:05:49.077673571Z""], [""reshare_keygen_start"", ""2026-03-08T12:05:57.901648182Z""], [""removal_propose"", ""2026-03-08T15:05:59.081966311Z""], [""removal_observed"", ""2026-03-08T15:05:59.097008895Z""], [""removal_executed"", ""2026-03-08T15:06:19.566742192Z""]]"
2026-03-08T15:08:09.627036Z,removal_1772982356,removal_wait_reshare,100.00,31.12,2132393992,4766007972,47747,45518,22869214,59377699,0,0,9826,180,47747,45518,22859388,59377519,1,ok:1,91.97,1.83,8.60,11.56,0.00,1.61,4,4,1,post,2026-03-08T15:06:19.566742192Z,,110.060,removal_executed,2026-03-08T15:06:19.566742192Z,110.060,,,,remove-irs3-member1-1772982356,removal,remove-irs3-member1-1772982356,16,"[[""reshare_complete"", ""2026-02-28T13:23:53.762520482Z""], [""reshare_ack"", ""2026-03-08T12:05:49.077673571Z""], [""reshare_keygen_start"", ""2026-03-08T12:05:57.901648182Z""], [""removal_propose"", ""2026-03-08T15:05:59.081966311Z""], [""removal_observed"", ""2026-03-08T15:05:59.097008895Z""], [""removal_executed"", ""2026-03-08T15:06:19.566742192Z""]]"
2026-03-08T15:08:10.919046Z,removal_1772982356,removal_wait_reshare,100.00,31.13,2132428042,4766052665,34050,44693,22903264,59422392,0,0,9826,180,34050,44693,22893438,59422212,1,ok:1,91.37,1.83,4.50,11.56,0.00,1.61,4,4,1,post,2026-03-08T15:06:19.566742192Z,,111.352,removal_executed,2026-03-08T15:06:19.566742192Z,111.352,,,,remove-irs3-member1-1772982356,removal,remove-irs3-member1-1772982356,16,"[[""reshare_complete"", ""2026-02-28T13:23:53.762520482Z""], [""reshare_ack"", ""2026-03-08T12:05:49.077673571Z""], [""reshare_keygen_start"", ""2026-03-08T12:05:57.901648182Z""], [""removal_propose"", ""2026-03-08T15:05:59.081966311Z""], [""removal_observed"", ""2026-03-08T15:05:59.097008895Z""], [""removal_executed"", ""2026-03-08T15:06:19.566742192Z""]]"
2026-03-08T15:08:12.413773Z,removal_1772982356,removal_wait_reshare,100.00,31.13,2132473619,4766095292,45577,42627,22948841,59465019,0,0,9826,180,45577,42627,22939015,59464839,1,ok:1,88.97,1.83,10.06,11.56,0.00,1.61,4,4,1,post,2026-03-08T15:06:19.566742192Z,,112.847,removal_executed,2026-03-08T15:06:19.566742192Z,112.847,,,,remove-irs3-member1-1772982356,removal,remove-irs3-member1-1772982356,16,"[[""reshare_complete"", ""2026-02-28T13:23:53.762520482Z""], [""reshare_ack"", ""2026-03-08T12:05:49.077673571Z""], [""reshare_keygen_start"", ""2026-03-08T12:05:57.901648182Z""], [""removal_propose"", ""2026-03-08T15:05:59.081966311Z""], [""removal_observed"", ""2026-03-08T15:05:59.097008895Z""], [""removal_executed"", ""2026-03-08T15:06:19.566742192Z""]]"
2026-03-08T15:08:13.628838Z,removal_1772982356,removal_wait_reshare,100.00,31.14,2132563692,4766173958,90073,78666,23038914,59543685,0,0,9826,180,90073,78666,23029088,59543505,1,ok:1,80.47,1.83,9.02,11.56,0.00,1.61,4,4,1,post,2026-03-08T15:06:19.566742192Z,,114.062,removal_executed,2026-03-08T15:06:19.566742192Z,114.062,,,,remove-irs3-member1-1772982356,removal,remove-irs3-member1-1772982356,16,"[[""reshare_complete"", ""2026-02-28T13:23:53.762520482Z""], [""reshare_ack"", ""2026-03-08T12:05:49.077673571Z""], [""reshare_keygen_start"", ""2026-03-08T12:05:57.901648182Z""], [""removal_propose"", ""2026-03-08T15:05:59.081966311Z""], [""removal_observed"", ""2026-03-08T15:05:59.097008895Z""], [""removal_executed"", ""2026-03-08T15:06:19.566742192Z""]]"
2026-03-08T15:08:14.973171Z,removal_1772982356,removal_wait_reshare,100.00,31.14,2132584002,4766206962,20310,33004,23059224,59576689,0,0,9826,180,20310,33004,23049398,59576509,1,ok:1,95.92,1.84,5.51,11.56,0.00,1.61,4,4,1,post,2026-03-08T15:06:19.566742192Z,,115.406,removal_executed,2026-03-08T15:06:19.566742192Z,115.406,,,,remove-irs3-member1-1772982356,removal,remove-irs3-member1-1772982356,16,"[[""reshare_complete"", ""2026-02-28T13:23:53.762520482Z""], [""reshare_ack"", ""2026-03-08T12:05:49.077673571Z""], [""reshare_keygen_start"", ""2026-03-08T12:05:57.901648182Z""], [""removal_propose"", ""2026-03-08T15:05:59.081966311Z""], [""removal_observed"", ""2026-03-08T15:05:59.097008895Z""], [""removal_executed"", ""2026-03-08T15:06:19.566742192Z""]]"
2026-03-08T15:08:16.345305Z,removal_1772982356,removal_wait_reshare,100.00,31.14,2132635146,4766250743,51144,43781,23110368,59620470,0,0,9826,180,51144,43781,23100542,59620290,1,ok:1,89.49,1.84,7.32,11.56,0.00,1.61,4,4,1,post,2026-03-08T15:06:19.566742192Z,,116.779,removal_executed,2026-03-08T15:06:19.566742192Z,116.779,,,,remove-irs3-member1-1772982356,removal,remove-irs3-member1-1772982356,16,"[[""reshare_complete"", ""2026-02-28T13:23:53.762520482Z""], [""reshare_ack"", ""2026-03-08T12:05:49.077673571Z""], [""reshare_keygen_start"", ""2026-03-08T12:05:57.901648182Z""], [""removal_propose"", ""2026-03-08T15:05:59.081966311Z""], [""removal_observed"", ""2026-03-08T15:05:59.097008895Z""], [""removal_executed"", ""2026-03-08T15:06:19.566742192Z""]]"
2026-03-08T15:08:17.750752Z,removal_1772982356,removal_wait_reshare,100.00,31.14,2132695290,4766313532,60144,62789,23170512,59683259,0,0,9826,180,60144,62789,23160686,59683079,1,ok:1,86.89,1.85,12.75,11.56,0.00,1.61,4,4,1,post,2026-03-08T15:06:19.566742192Z,,118.184,removal_executed,2026-03-08T15:06:19.566742192Z,118.184,,,,remove-irs3-member1-1772982356,removal,remove-irs3-member1-1772982356,16,"[[""reshare_complete"", ""2026-02-28T13:23:53.762520482Z""], [""reshare_ack"", ""2026-03-08T12:05:49.077673571Z""], [""reshare_keygen_start"", ""2026-03-08T12:05:57.901648182Z""], [""removal_propose"", ""2026-03-08T15:05:59.081966311Z""], [""removal_observed"", ""2026-03-08T15:05:59.097008895Z""], [""removal_executed"", ""2026-03-08T15:06:19.566742192Z""]]"
2026-03-08T15:08:18.967262Z,removal_1772982356,removal_wait_reshare,100.00,31.15,2132754621,4766378034,59331,64502,23229843,59747761,0,0,9826,180,59331,64502,23220017,59747581,1,ok:1,83.99,1.85,5.87,11.56,0.00,1.61,4,4,1,post,2026-03-08T15:06:19.566742192Z,,119.401,removal_executed,2026-03-08T15:06:19.566742192Z,119.401,,,,remove-irs3-member1-1772982356,removal,remove-irs3-member1-1772982356,16,"[[""reshare_complete"", ""2026-02-28T13:23:53.762520482Z""], [""reshare_ack"", ""2026-03-08T12:05:49.077673571Z""], [""reshare_keygen_start"", ""2026-03-08T12:05:57.901648182Z""], [""removal_propose"", ""2026-03-08T15:05:59.081966311Z""], [""removal_observed"", ""2026-03-08T15:05:59.097008895Z""], [""removal_executed"", ""2026-03-08T15:06:19.566742192Z""]]"
2026-03-08T15:08:20.246066Z,removal_1772982356,removal_wait_reshare,100.00,31.15,2132786547,4766403035,31926,25001,23261769,59772762,0,0,9826,180,31926,25001,23251943,59772582,1,ok:1,96.92,1.85,6.37,11.56,0.00,1.61,4,4,1,post,2026-03-08T15:06:19.566742192Z,,120.679,removal_executed,2026-03-08T15:06:19.566742192Z,120.679,,,,remove-irs3-member1-1772982356,removal,remove-irs3-member1-1772982356,16,"[[""reshare_complete"", ""2026-02-28T13:23:53.762520482Z""], [""reshare_ack"", ""2026-03-08T12:05:49.077673571Z""], [""reshare_keygen_start"", ""2026-03-08T12:05:57.901648182Z""], [""removal_propose"", ""2026-03-08T15:05:59.081966311Z""], [""removal_observed"", ""2026-03-08T15:05:59.097008895Z""], [""removal_executed"", ""2026-03-08T15:06:19.566742192Z""]]"
2026-03-08T15:08:21.620124Z,removal_1772982356,removal_wait_reshare,100.00,31.15,2132835881,4766474627,49334,71592,23311103,59844354,0,0,9826,180,49334,71592,23301277,59844174,1,ok:1,89.30,1.85,8.17,11.56,0.19,1.61,4,4,1,post,2026-03-08T15:06:19.566742192Z,,122.053,removal_executed,2026-03-08T15:06:19.566742192Z,122.053,,,,remove-irs3-member1-1772982356,removal,remove-irs3-member1-1772982356,16,"[[""reshare_complete"", ""2026-02-28T13:23:53.762520482Z""], [""reshare_ack"", ""2026-03-08T12:05:49.077673571Z""], [""reshare_keygen_start"", ""2026-03-08T12:05:57.901648182Z""], [""removal_propose"", ""2026-03-08T15:05:59.081966311Z""], [""removal_observed"", ""2026-03-08T15:05:59.097008895Z""], [""removal_executed"", ""2026-03-08T15:06:19.566742192Z""]]"
2026-03-08T15:08:22.998714Z,removal_1772982356,removal_wait_reshare,100.00,31.15,2132897194,4766532566,61313,57939,23372416,59902293,0,0,9826,180,61313,57939,23362590,59902113,1,ok:1,88.64,1.85,10.26,11.56,0.00,1.61,4,4,1,post,2026-03-08T15:06:19.566742192Z,,123.432,removal_executed,2026-03-08T15:06:19.566742192Z,123.432,,,,remove-irs3-member1-1772982356,removal,remove-irs3-member1-1772982356,16,"[[""reshare_complete"", ""2026-02-28T13:23:53.762520482Z""], [""reshare_ack"", ""2026-03-08T12:05:49.077673571Z""], [""reshare_keygen_start"", ""2026-03-08T12:05:57.901648182Z""], [""removal_propose"", ""2026-03-08T15:05:59.081966311Z""], [""removal_observed"", ""2026-03-08T15:05:59.097008895Z""], [""removal_executed"", ""2026-03-08T15:06:19.566742192Z""]]"
2026-03-08T15:08:24.354593Z,removal_1772982356,removal_wait_reshare,100.00,31.15,2132962594,4766584140,65400,51574,23437816,59953867,0,0,9826,180,65400,51574,23427990,59953687,1,ok:1,88.41,1.85,6.16,11.56,0.18,1.61,4,4,1,post,2026-03-08T15:06:19.566742192Z,,124.788,removal_executed,2026-03-08T15:06:19.566742192Z,124.788,,,,remove-irs3-member1-1772982356,removal,remove-irs3-member1-1772982356,16,"[[""reshare_complete"", ""2026-02-28T13:23:53.762520482Z""], [""reshare_ack"", ""2026-03-08T12:05:49.077673571Z""], [""reshare_keygen_start"", ""2026-03-08T12:05:57.901648182Z""], [""removal_propose"", ""2026-03-08T15:05:59.081966311Z""], [""removal_observed"", ""2026-03-08T15:05:59.097008895Z""], [""removal_executed"", ""2026-03-08T15:06:19.566742192Z""]]"
2026-03-08T15:08:25.702837Z,removal_1772982356,removal_wait_reshare,100.00,31.15,2133014988,4766638133,52394,53993,23490210,60007860,0,0,9826,180,52394,53993,23480384,60007680,1,ok:1,89.13,1.85,8.66,11.56,0.00,1.61,4,4,1,post,2026-03-08T15:06:19.566742192Z,,126.136,removal_executed,2026-03-08T15:06:19.566742192Z,126.136,,,,remove-irs3-member1-1772982356,removal,remove-irs3-member1-1772982356,16,"[[""reshare_complete"", ""2026-02-28T13:23:53.762520482Z""], [""reshare_ack"", ""2026-03-08T12:05:49.077673571Z""], [""reshare_keygen_start"", ""2026-03-08T12:05:57.901648182Z""], [""removal_propose"", ""2026-03-08T15:05:59.081966311Z""], [""removal_observed"", ""2026-03-08T15:05:59.097008895Z""], [""removal_executed"", ""2026-03-08T15:06:19.566742192Z""]]"
2026-03-08T15:08:27.048602Z,removal_1772982356,removal_wait_reshare,100.00,31.15,2133057773,4766679696,42785,41563,23532995,60049423,0,0,9826,180,42785,41563,23523169,60049243,1,ok:1,90.17,1.86,6.86,11.56,0.00,1.61,4,4,1,post,2026-03-08T15:06:19.566742192Z,,127.482,removal_executed,2026-03-08T15:06:19.566742192Z,127.482,,,,remove-irs3-member1-1772982356,removal,remove-irs3-member1-1772982356,16,"[[""reshare_complete"", ""2026-02-28T13:23:53.762520482Z""], [""reshare_ack"", ""2026-03-08T12:05:49.077673571Z""], [""reshare_keygen_start"", ""2026-03-08T12:05:57.901648182Z""], [""removal_propose"", ""2026-03-08T15:05:59.081966311Z""], [""removal_observed"", ""2026-03-08T15:05:59.097008895Z""], [""removal_executed"", ""2026-03-08T15:06:19.566742192Z""]]"
2026-03-08T15:08:28.471969Z,removal_1772982356,removal_wait_reshare,100.00,31.16,2133123166,4766732438,65393,52742,23598388,60102165,0,0,9826,180,65393,52742,23588562,60101985,1,ok:1,86.64,1.86,10.39,11.56,0.00,1.61,4,4,1,post,2026-03-08T15:06:19.566742192Z,,128.905,removal_executed,2026-03-08T15:06:19.566742192Z,128.905,,,,remove-irs3-member1-1772982356,removal,remove-irs3-member1-1772982356,16,"[[""reshare_complete"", ""2026-02-28T13:23:53.762520482Z""], [""reshare_ack"", ""2026-03-08T12:05:49.077673571Z""], [""reshare_keygen_start"", ""2026-03-08T12:05:57.901648182Z""], [""removal_propose"", ""2026-03-08T15:05:59.081966311Z""], [""removal_observed"", ""2026-03-08T15:05:59.097008895Z""], [""removal_executed"", ""2026-03-08T15:06:19.566742192Z""]]"
2026-03-08T15:08:29.813021Z,removal_1772982356,removal_wait_reshare,99.82,31.16,2133173978,4766775875,50812,43437,23649200,60145602,0,0,9826,180,50812,43437,23639374,60145422,1,ok:1,88.75,1.86,6.50,11.56,0.00,1.61,4,4,1,post,2026-03-08T15:06:19.566742192Z,,130.246,removal_executed,2026-03-08T15:06:19.566742192Z,130.246,,,,remove-irs3-member1-1772982356,removal,remove-irs3-member1-1772982356,16,"[[""reshare_complete"", ""2026-02-28T13:23:53.762520482Z""], [""reshare_ack"", ""2026-03-08T12:05:49.077673571Z""], [""reshare_keygen_start"", ""2026-03-08T12:05:57.901648182Z""], [""removal_propose"", ""2026-03-08T15:05:59.081966311Z""], [""removal_observed"", ""2026-03-08T15:05:59.097008895Z""], [""removal_executed"", ""2026-03-08T15:06:19.566742192Z""]]"
2026-03-08T15:08:31.108593Z,removal_1772982356,removal_wait_reshare,100.00,31.16,2133211345,4766818454,37367,42579,23686567,60188181,0,0,9826,180,37367,42579,23676741,60188001,1,ok:1,90.71,1.86,5.39,11.56,0.00,1.61,4,4,1,post,2026-03-08T15:06:19.566742192Z,,131.542,removal_executed,2026-03-08T15:06:19.566742192Z,131.542,,,,remove-irs3-member1-1772982356,removal,remove-irs3-member1-1772982356,16,"[[""reshare_complete"", ""2026-02-28T13:23:53.762520482Z""], [""reshare_ack"", ""2026-03-08T12:05:49.077673571Z""], [""reshare_keygen_start"", ""2026-03-08T12:05:57.901648182Z""], [""removal_propose"", ""2026-03-08T15:05:59.081966311Z""], [""removal_observed"", ""2026-03-08T15:05:59.097008895Z""], [""removal_executed"", ""2026-03-08T15:06:19.566742192Z""]]"
2026-03-08T15:08:32.425611Z,removal_1772982356,removal_wait_reshare,100.00,31.16,2133256860,4766870862,45515,52408,23732082,60240589,0,0,9826,180,45515,52408,23722256,60240409,1,ok:1,86.63,1.86,9.69,11.56,0.19,1.61,4,4,1,post,2026-03-08T15:06:19.566742192Z,,132.859,removal_executed,2026-03-08T15:06:19.566742192Z,132.859,,,,remove-irs3-member1-1772982356,removal,remove-irs3-member1-1772982356,16,"[[""reshare_complete"", ""2026-02-28T13:23:53.762520482Z""], [""reshare_ack"", ""2026-03-08T12:05:49.077673571Z""], [""reshare_keygen_start"", ""2026-03-08T12:05:57.901648182Z""], [""removal_propose"", ""2026-03-08T15:05:59.081966311Z""], [""removal_observed"", ""2026-03-08T15:05:59.097008895Z""], [""removal_executed"", ""2026-03-08T15:06:19.566742192Z""]]"
2026-03-08T15:08:33.674097Z,removal_1772982356,removal_wait_reshare,100.00,31.15,2133340089,4766946695,83229,75833,23815311,60316422,0,0,9826,180,83229,75833,23805485,60316242,1,ok:1,84.06,1.86,11.20,11.55,0.00,1.61,4,4,1,post,2026-03-08T15:06:19.566742192Z,,134.107,removal_executed,2026-03-08T15:06:19.566742192Z,134.107,,,,remove-irs3-member1-1772982356,removal,remove-irs3-member1-1772982356,16,"[[""reshare_complete"", ""2026-02-28T13:23:53.762520482Z""], [""reshare_ack"", ""2026-03-08T12:05:49.077673571Z""], [""reshare_keygen_start"", ""2026-03-08T12:05:57.901648182Z""], [""removal_propose"", ""2026-03-08T15:05:59.081966311Z""], [""removal_observed"", ""2026-03-08T15:05:59.097008895Z""], [""removal_executed"", ""2026-03-08T15:06:19.566742192Z""]]"
2026-03-08T15:08:34.974719Z,removal_1772982356,removal_wait_reshare,100.00,31.15,2133366127,4766983202,26038,36507,23841349,60352929,0,0,9826,180,26038,36507,23831523,60352749,1,ok:1,92.80,1.86,6.00,11.55,0.00,1.61,4,4,1,post,2026-03-08T15:06:19.566742192Z,,135.408,removal_executed,2026-03-08T15:06:19.566742192Z,135.408,,,,remove-irs3-member1-1772982356,removal,remove-irs3-member1-1772982356,16,"[[""reshare_complete"", ""2026-02-28T13:23:53.762520482Z""], [""reshare_ack"", ""2026-03-08T12:05:49.077673571Z""], [""reshare_keygen_start"", ""2026-03-08T12:05:57.901648182Z""], [""removal_propose"", ""2026-03-08T15:05:59.081966311Z""], [""removal_observed"", ""2026-03-08T15:05:59.097008895Z""], [""removal_executed"", ""2026-03-08T15:06:19.566742192Z""]]"
2026-03-08T15:08:36.185242Z,removal_1772982356,removal_wait_reshare,100.00,31.15,2133412305,4767030868,46178,47666,23887527,60400595,0,0,9826,180,46178,47666,23877701,60400415,1,ok:1,88.46,1.86,7.12,11.55,0.00,1.61,4,4,1,post,2026-03-08T15:06:19.566742192Z,,136.619,removal_executed,2026-03-08T15:06:19.566742192Z,136.619,,,,remove-irs3-member1-1772982356,removal,remove-irs3-member1-1772982356,16,"[[""reshare_complete"", ""2026-02-28T13:23:53.762520482Z""], [""reshare_ack"", ""2026-03-08T12:05:49.077673571Z""], [""reshare_keygen_start"", ""2026-03-08T12:05:57.901648182Z""], [""removal_propose"", ""2026-03-08T15:05:59.081966311Z""], [""removal_observed"", ""2026-03-08T15:05:59.097008895Z""], [""removal_executed"", ""2026-03-08T15:06:19.566742192Z""]]"
2026-03-08T15:08:37.586845Z,removal_1772982356,removal_wait_reshare,100.00,31.08,2133455401,4767070813,43096,39945,23930623,60440540,0,0,9826,180,43096,39945,23920797,60440360,1,ok:1,84.92,1.86,14.26,11.48,0.00,1.61,4,4,1,post,2026-03-08T15:06:19.566742192Z,,138.020,removal_executed,2026-03-08T15:06:19.566742192Z,138.020,,,,remove-irs3-member1-1772982356,removal,remove-irs3-member1-1772982356,16,"[[""reshare_complete"", ""2026-02-28T13:23:53.762520482Z""], [""reshare_ack"", ""2026-03-08T12:05:49.077673571Z""], [""reshare_keygen_start"", ""2026-03-08T12:05:57.901648182Z""], [""removal_propose"", ""2026-03-08T15:05:59.081966311Z""], [""removal_observed"", ""2026-03-08T15:05:59.097008895Z""], [""removal_executed"", ""2026-03-08T15:06:19.566742192Z""]]"
2026-03-08T15:08:38.920844Z,removal_1772982356,removal_wait_reshare,100.00,31.08,2133525466,4767141410,70065,70597,24000688,60511137,0,0,9826,180,70065,70597,23990862,60510957,1,ok:1,91.47,1.86,7.46,11.48,0.53,1.61,4,4,1,post,2026-03-08T15:06:19.566742192Z,,139.354,removal_executed,2026-03-08T15:06:19.566742192Z,139.354,,,,remove-irs3-member1-1772982356,removal,remove-irs3-member1-1772982356,16,"[[""reshare_complete"", ""2026-02-28T13:23:53.762520482Z""], [""reshare_ack"", ""2026-03-08T12:05:49.077673571Z""], [""reshare_keygen_start"", ""2026-03-08T12:05:57.901648182Z""], [""removal_propose"", ""2026-03-08T15:05:59.081966311Z""], [""removal_observed"", ""2026-03-08T15:05:59.097008895Z""], [""removal_executed"", ""2026-03-08T15:06:19.566742192Z""]]"
2026-03-08T15:08:40.254126Z,removal_1772982356,removal_wait_reshare,100.00,31.07,2133563232,4767181014,37766,39604,24038454,60550741,0,0,9826,180,37766,39604,24028628,60550561,1,ok:1,90.38,1.85,4.91,11.48,0.00,1.61,4,4,1,post,2026-03-08T15:06:19.566742192Z,,140.687,removal_executed,2026-03-08T15:06:19.566742192Z,140.687,,,,remove-irs3-member1-1772982356,removal,remove-irs3-member1-1772982356,16,"[[""reshare_complete"", ""2026-02-28T13:23:53.762520482Z""], [""reshare_ack"", ""2026-03-08T12:05:49.077673571Z""], [""reshare_keygen_start"", ""2026-03-08T12:05:57.901648182Z""], [""removal_propose"", ""2026-03-08T15:05:59.081966311Z""], [""removal_observed"", ""2026-03-08T15:05:59.097008895Z""], [""removal_executed"", ""2026-03-08T15:06:19.566742192Z""]]"
2026-03-08T15:08:41.649607Z,removal_1772982356,removal_wait_reshare,100.00,31.07,2133601532,4767221342,38300,40328,24076754,60591069,0,0,9826,180,38300,40328,24066928,60590889,1,ok:1,90.77,1.85,8.30,11.48,0.00,1.61,4,4,1,post,2026-03-08T15:06:19.566742192Z,,142.083,removal_executed,2026-03-08T15:06:19.566742192Z,142.083,,,,remove-irs3-member1-1772982356,removal,remove-irs3-member1-1772982356,16,"[[""reshare_complete"", ""2026-02-28T13:23:53.762520482Z""], [""reshare_ack"", ""2026-03-08T12:05:49.077673571Z""], [""reshare_keygen_start"", ""2026-03-08T12:05:57.901648182Z""], [""removal_propose"", ""2026-03-08T15:05:59.081966311Z""], [""removal_observed"", ""2026-03-08T15:05:59.097008895Z""], [""removal_executed"", ""2026-03-08T15:06:19.566742192Z""]]"
2026-03-08T15:08:42.947807Z,removal_1772982356,removal_wait_reshare,100.00,31.07,2133669962,4767282697,68430,61355,24145184,60652424,0,0,9826,180,68430,61355,24135358,60652244,1,ok:1,84.39,1.85,9.62,11.48,0.00,1.61,4,4,1,post,2026-03-08T15:06:19.566742192Z,,143.381,removal_executed,2026-03-08T15:06:19.566742192Z,143.381,,,,remove-irs3-member1-1772982356,removal,remove-irs3-member1-1772982356,16,"[[""reshare_complete"", ""2026-02-28T13:23:53.762520482Z""], [""reshare_ack"", ""2026-03-08T12:05:49.077673571Z""], [""reshare_keygen_start"", ""2026-03-08T12:05:57.901648182Z""], [""removal_propose"", ""2026-03-08T15:05:59.081966311Z""], [""removal_observed"", ""2026-03-08T15:05:59.097008895Z""], [""removal_executed"", ""2026-03-08T15:06:19.566742192Z""]]"
2026-03-08T15:08:44.307716Z,removal_1772982356,removal_wait_reshare,100.00,31.07,2133723118,4767341034,53156,58337,24198340,60710761,0,0,9826,180,53156,58337,24188514,60710581,1,ok:1,91.10,1.85,6.77,11.48,0.00,1.61,4,4,1,post,2026-03-08T15:06:19.566742192Z,,144.741,removal_executed,2026-03-08T15:06:19.566742192Z,144.741,,,,remove-irs3-member1-1772982356,removal,remove-irs3-member1-1772982356,16,"[[""reshare_complete"", ""2026-02-28T13:23:53.762520482Z""], [""reshare_ack"", ""2026-03-08T12:05:49.077673571Z""], [""reshare_keygen_start"", ""2026-03-08T12:05:57.901648182Z""], [""removal_propose"", ""2026-03-08T15:05:59.081966311Z""], [""removal_observed"", ""2026-03-08T15:05:59.097008895Z""], [""removal_executed"", ""2026-03-08T15:06:19.566742192Z""]]"
2026-03-08T15:08:45.619436Z,removal_1772982356,removal_wait_reshare,100.00,31.07,2133769243,4767395128,46125,54094,24244465,60764855,0,0,9826,180,46125,54094,24234639,60764675,1,ok:1,91.41,1.85,8.96,11.48,0.00,1.61,4,4,1,post,2026-03-08T15:06:19.566742192Z,,146.053,removal_executed,2026-03-08T15:06:19.566742192Z,146.053,,,,remove-irs3-member1-1772982356,removal,remove-irs3-member1-1772982356,16,"[[""reshare_complete"", ""2026-02-28T13:23:53.762520482Z""], [""reshare_ack"", ""2026-03-08T12:05:49.077673571Z""], [""reshare_keygen_start"", ""2026-03-08T12:05:57.901648182Z""], [""removal_propose"", ""2026-03-08T15:05:59.081966311Z""], [""removal_observed"", ""2026-03-08T15:05:59.097008895Z""], [""removal_executed"", ""2026-03-08T15:06:19.566742192Z""]]"
2026-03-08T15:08:47.023859Z,removal_1772982356,removal_wait_reshare,100.00,31.07,2133809678,4767445932,40435,50804,24284900,60815659,0,0,9826,180,40435,50804,24275074,60815479,1,ok:1,89.67,1.85,6.88,11.48,0.00,1.61,4,4,1,post,2026-03-08T15:06:19.566742192Z,,147.457,removal_executed,2026-03-08T15:06:19.566742192Z,147.457,,,,remove-irs3-member1-1772982356,removal,remove-irs3-member1-1772982356,16,"[[""reshare_complete"", ""2026-02-28T13:23:53.762520482Z""], [""reshare_ack"", ""2026-03-08T12:05:49.077673571Z""], [""reshare_keygen_start"", ""2026-03-08T12:05:57.901648182Z""], [""removal_propose"", ""2026-03-08T15:05:59.081966311Z""], [""removal_observed"", ""2026-03-08T15:05:59.097008895Z""], [""removal_executed"", ""2026-03-08T15:06:19.566742192Z""]]"
2026-03-08T15:08:48.315505Z,removal_1772982356,removal_wait_reshare,100.00,31.07,2133888715,4767537087,79037,91155,24363937,60906814,0,0,9826,180,79037,91155,24354111,60906634,1,ok:1,82.35,1.85,9.27,11.48,0.00,1.61,4,4,1,post,2026-03-08T15:06:19.566742192Z,,148.749,removal_executed,2026-03-08T15:06:19.566742192Z,148.749,,,,remove-irs3-member1-1772982356,removal,remove-irs3-member1-1772982356,16,"[[""reshare_complete"", ""2026-02-28T13:23:53.762520482Z""], [""reshare_ack"", ""2026-03-08T12:05:49.077673571Z""], [""reshare_keygen_start"", ""2026-03-08T12:05:57.901648182Z""], [""removal_propose"", ""2026-03-08T15:05:59.081966311Z""], [""removal_observed"", ""2026-03-08T15:05:59.097008895Z""], [""removal_executed"", ""2026-03-08T15:06:19.566742192Z""]]"
2026-03-08T15:08:49.677918Z,removal_1772982356,removal_wait_reshare,100.00,31.07,2133943554,4767599705,54839,62618,24418776,60969432,0,0,9826,180,54839,62618,24408950,60969252,1,ok:1,92.26,1.85,7.74,11.48,0.00,1.61,4,4,1,post,2026-03-08T15:06:19.566742192Z,,150.111,removal_executed,2026-03-08T15:06:19.566742192Z,150.111,,,,remove-irs3-member1-1772982356,removal,remove-irs3-member1-1772982356,16,"[[""reshare_complete"", ""2026-02-28T13:23:53.762520482Z""], [""reshare_ack"", ""2026-03-08T12:05:49.077673571Z""], [""reshare_keygen_start"", ""2026-03-08T12:05:57.901648182Z""], [""removal_propose"", ""2026-03-08T15:05:59.081966311Z""], [""removal_observed"", ""2026-03-08T15:05:59.097008895Z""], [""removal_executed"", ""2026-03-08T15:06:19.566742192Z""]]"
2026-03-08T15:08:51.014776Z,removal_1772982356,removal_wait_reshare,100.00,31.07,2133980443,4767634987,36889,35282,24455665,61004714,0,0,9826,180,36889,35282,24445839,61004534,1,ok:1,91.56,1.85,4.22,11.48,0.00,1.61,4,4,1,post,2026-03-08T15:06:19.566742192Z,,151.448,removal_executed,2026-03-08T15:06:19.566742192Z,151.448,,,,remove-irs3-member1-1772982356,removal,remove-irs3-member1-1772982356,16,"[[""reshare_complete"", ""2026-02-28T13:23:53.762520482Z""], [""reshare_ack"", ""2026-03-08T12:05:49.077673571Z""], [""reshare_keygen_start"", ""2026-03-08T12:05:57.901648182Z""], [""removal_propose"", ""2026-03-08T15:05:59.081966311Z""], [""removal_observed"", ""2026-03-08T15:05:59.097008895Z""], [""removal_executed"", ""2026-03-08T15:06:19.566742192Z""]]"
2026-03-08T15:08:52.261483Z,removal_1772982356,removal_wait_reshare,100.00,31.07,2134027315,4767687774,46872,52787,24502537,61057501,0,0,9826,180,46872,52787,24492711,61057321,1,ok:1,86.57,1.85,10.82,11.48,0.19,1.61,4,4,1,post,2026-03-08T15:06:19.566742192Z,,152.695,removal_executed,2026-03-08T15:06:19.566742192Z,152.695,,,,remove-irs3-member1-1772982356,removal,remove-irs3-member1-1772982356,16,"[[""reshare_complete"", ""2026-02-28T13:23:53.762520482Z""], [""reshare_ack"", ""2026-03-08T12:05:49.077673571Z""], [""reshare_keygen_start"", ""2026-03-08T12:05:57.901648182Z""], [""removal_propose"", ""2026-03-08T15:05:59.081966311Z""], [""removal_observed"", ""2026-03-08T15:05:59.097008895Z""], [""removal_executed"", ""2026-03-08T15:06:19.566742192Z""]]"
2026-03-08T15:08:53.668665Z,removal_1772982356,removal_wait_reshare,100.00,31.07,2134096222,4767747733,68907,59959,24571444,61117460,0,0,9826,180,68907,59959,24561618,61117280,1,ok:1,89.38,1.85,10.82,11.48,0.00,1.61,4,4,1,post,2026-03-08T15:06:19.566742192Z,,154.102,removal_executed,2026-03-08T15:06:19.566742192Z,154.102,,,,remove-irs3-member1-1772982356,removal,remove-irs3-member1-1772982356,16,"[[""reshare_complete"", ""2026-02-28T13:23:53.762520482Z""], [""reshare_ack"", ""2026-03-08T12:05:49.077673571Z""], [""reshare_keygen_start"", ""2026-03-08T12:05:57.901648182Z""], [""removal_propose"", ""2026-03-08T15:05:59.081966311Z""], [""removal_observed"", ""2026-03-08T15:05:59.097008895Z""], [""removal_executed"", ""2026-03-08T15:06:19.566742192Z""]]"
2026-03-08T15:08:55.003825Z,removal_1772982356,removal_wait_reshare,100.00,31.07,2134139881,4767786380,43659,38647,24615103,61156107,0,0,9826,180,43659,38647,24605277,61155927,1,ok:1,88.95,1.86,4.46,11.48,0.18,1.61,4,4,1,post,2026-03-08T15:06:19.566742192Z,,155.437,removal_executed,2026-03-08T15:06:19.566742192Z,155.437,,,,remove-irs3-member1-1772982356,removal,remove-irs3-member1-1772982356,16,"[[""reshare_complete"", ""2026-02-28T13:23:53.762520482Z""], [""reshare_ack"", ""2026-03-08T12:05:49.077673571Z""], [""reshare_keygen_start"", ""2026-03-08T12:05:57.901648182Z""], [""removal_propose"", ""2026-03-08T15:05:59.081966311Z""], [""removal_observed"", ""2026-03-08T15:05:59.097008895Z""], [""removal_executed"", ""2026-03-08T15:06:19.566742192Z""]]"
2026-03-08T15:08:56.384504Z,removal_1772982356,removal_wait_reshare,100.00,31.07,2134184566,4767828618,44685,42238,24659788,61198345,0,0,9826,180,44685,42238,24649962,61198165,1,ok:1,89.16,1.86,7.48,11.48,0.00,1.61,4,4,1,post,2026-03-08T15:06:19.566742192Z,,156.818,removal_executed,2026-03-08T15:06:19.566742192Z,156.818,,,,remove-irs3-member1-1772982356,removal,remove-irs3-member1-1772982356,16,"[[""reshare_complete"", ""2026-02-28T13:23:53.762520482Z""], [""reshare_ack"", ""2026-03-08T12:05:49.077673571Z""], [""reshare_keygen_start"", ""2026-03-08T12:05:57.901648182Z""], [""removal_propose"", ""2026-03-08T15:05:59.081966311Z""], [""removal_observed"", ""2026-03-08T15:05:59.097008895Z""], [""removal_executed"", ""2026-03-08T15:06:19.566742192Z""]]"
2026-03-08T15:08:57.777241Z,removal_1772982356,removal_wait_reshare,100.00,31.07,2134248557,4767886836,63991,58218,24723779,61256563,0,0,9826,180,63991,58218,24713953,61256383,1,ok:1,87.48,1.86,11.07,11.48,0.00,1.61,4,4,1,post,2026-03-08T15:06:19.566742192Z,,158.210,removal_executed,2026-03-08T15:06:19.566742192Z,158.210,,,,remove-irs3-member1-1772982356,removal,remove-irs3-member1-1772982356,16,"[[""reshare_complete"", ""2026-02-28T13:23:53.762520482Z""], [""reshare_ack"", ""2026-03-08T12:05:49.077673571Z""], [""reshare_keygen_start"", ""2026-03-08T12:05:57.901648182Z""], [""removal_propose"", ""2026-03-08T15:05:59.081966311Z""], [""removal_observed"", ""2026-03-08T15:05:59.097008895Z""], [""removal_executed"", ""2026-03-08T15:06:19.566742192Z""]]"
2026-03-08T15:08:59.017107Z,removal_1772982356,removal_wait_reshare,100.00,31.07,2134302004,4767968698,53447,81862,24777226,61338425,0,0,9826,180,53447,81862,24767400,61338245,1,ok:1,85.13,1.86,5.73,11.48,0.00,1.61,4,4,1,post,2026-03-08T15:06:19.566742192Z,,159.450,removal_executed,2026-03-08T15:06:19.566742192Z,159.450,,,,remove-irs3-member1-1772982356,removal,remove-irs3-member1-1772982356,16,"[[""reshare_complete"", ""2026-02-28T13:23:53.762520482Z""], [""reshare_ack"", ""2026-03-08T12:05:49.077673571Z""], [""reshare_keygen_start"", ""2026-03-08T12:05:57.901648182Z""], [""removal_propose"", ""2026-03-08T15:05:59.081966311Z""], [""removal_observed"", ""2026-03-08T15:05:59.097008895Z""], [""removal_executed"", ""2026-03-08T15:06:19.566742192Z""]]"
2026-03-08T15:09:00.379333Z,removal_1772982356,removal_wait_reshare,100.00,31.06,2134337192,4768004742,35188,36044,24812414,61374469,0,0,9826,180,35188,36044,24802588,61374289,1,ok:1,95.57,1.86,6.04,11.48,0.00,1.61,4,4,1,post,2026-03-08T15:06:19.566742192Z,,160.813,removal_executed,2026-03-08T15:06:19.566742192Z,160.813,,,,remove-irs3-member1-1772982356,removal,remove-irs3-member1-1772982356,16,"[[""reshare_complete"", ""2026-02-28T13:23:53.762520482Z""], [""reshare_ack"", ""2026-03-08T12:05:49.077673571Z""], [""reshare_keygen_start"", ""2026-03-08T12:05:57.901648182Z""], [""removal_propose"", ""2026-03-08T15:05:59.081966311Z""], [""removal_observed"", ""2026-03-08T15:05:59.097008895Z""], [""removal_executed"", ""2026-03-08T15:06:19.566742192Z""]]"
2026-03-08T15:09:01.745974Z,removal_1772982356,removal_wait_reshare,100.00,31.06,2134400700,4768057464,63508,52722,24875922,61427191,0,0,9826,180,63508,52722,24866096,61427011,1,ok:1,89.34,1.86,8.64,11.48,0.18,1.61,4,4,1,post,2026-03-08T15:06:19.566742192Z,,162.179,removal_executed,2026-03-08T15:06:19.566742192Z,162.179,,,,remove-irs3-member1-1772982356,removal,remove-irs3-member1-1772982356,16,"[[""reshare_complete"", ""2026-02-28T13:23:53.762520482Z""], [""reshare_ack"", ""2026-03-08T12:05:49.077673571Z""], [""reshare_keygen_start"", ""2026-03-08T12:05:57.901648182Z""], [""removal_propose"", ""2026-03-08T15:05:59.081966311Z""], [""removal_observed"", ""2026-03-08T15:05:59.097008895Z""], [""removal_executed"", ""2026-03-08T15:06:19.566742192Z""]]"
2026-03-08T15:09:02.992830Z,removal_1772982356,removal_wait_reshare,100.00,31.06,2134447623,4768112487,46923,55023,24922845,61482214,0,0,9826,180,46923,55023,24913019,61482034,1,ok:1,82.63,1.86,10.05,11.48,0.00,1.61,4,4,1,post,2026-03-08T15:06:19.566742192Z,,163.426,removal_executed,2026-03-08T15:06:19.566742192Z,163.426,,,,remove-irs3-member1-1772982356,removal,remove-irs3-member1-1772982356,16,"[[""reshare_complete"", ""2026-02-28T13:23:53.762520482Z""], [""reshare_ack"", ""2026-03-08T12:05:49.077673571Z""], [""reshare_keygen_start"", ""2026-03-08T12:05:57.901648182Z""], [""removal_propose"", ""2026-03-08T15:05:59.081966311Z""], [""removal_observed"", ""2026-03-08T15:05:59.097008895Z""], [""removal_executed"", ""2026-03-08T15:06:19.566742192Z""]]"
2026-03-08T15:09:04.405764Z,removal_1772982356,removal_wait_reshare,100.00,31.06,2134504712,4768168977,57089,56490,24979934,61538704,0,0,9826,180,57089,56490,24970108,61538524,1,ok:1,94.43,1.86,6.76,11.48,0.20,1.61,4,4,1,post,2026-03-08T15:06:19.566742192Z,,164.839,removal_executed,2026-03-08T15:06:19.566742192Z,164.839,,,,remove-irs3-member1-1772982356,removal,remove-irs3-member1-1772982356,16,"[[""reshare_complete"", ""2026-02-28T13:23:53.762520482Z""], [""reshare_ack"", ""2026-03-08T12:05:49.077673571Z""], [""reshare_keygen_start"", ""2026-03-08T12:05:57.901648182Z""], [""removal_propose"", ""2026-03-08T15:05:59.081966311Z""], [""removal_observed"", ""2026-03-08T15:05:59.097008895Z""], [""removal_executed"", ""2026-03-08T15:06:19.566742192Z""]]"
2026-03-08T15:09:05.759054Z,removal_1772982356,removal_wait_reshare,100.00,31.06,2134572362,4768228722,67650,59745,25047584,61598449,0,0,9826,180,67650,59745,25037758,61598269,1,ok:1,86.65,1.86,8.54,11.48,0.00,1.61,4,4,1,post,2026-03-08T15:06:19.566742192Z,,166.192,removal_executed,2026-03-08T15:06:19.566742192Z,166.192,,,,remove-irs3-member1-1772982356,removal,remove-irs3-member1-1772982356,16,"[[""reshare_complete"", ""2026-02-28T13:23:53.762520482Z""], [""reshare_ack"", ""2026-03-08T12:05:49.077673571Z""], [""reshare_keygen_start"", ""2026-03-08T12:05:57.901648182Z""], [""removal_propose"", ""2026-03-08T15:05:59.081966311Z""], [""removal_observed"", ""2026-03-08T15:05:59.097008895Z""], [""removal_executed"", ""2026-03-08T15:06:19.566742192Z""]]"
2026-03-08T15:09:07.056372Z,removal_1772982356,removal_wait_reshare,100.00,31.07,2134612809,4768283983,40447,55261,25088031,61653710,0,0,9826,180,40447,55261,25078205,61653530,1,ok:1,87.22,1.86,6.85,11.48,0.19,1.61,4,4,1,post,2026-03-08T15:06:19.566742192Z,,167.490,removal_executed,2026-03-08T15:06:19.566742192Z,167.490,,,,remove-irs3-member1-1772982356,removal,remove-irs3-member1-1772982356,16,"[[""reshare_complete"", ""2026-02-28T13:23:53.762520482Z""], [""reshare_ack"", ""2026-03-08T12:05:49.077673571Z""], [""reshare_keygen_start"", ""2026-03-08T12:05:57.901648182Z""], [""removal_propose"", ""2026-03-08T15:05:59.081966311Z""], [""removal_observed"", ""2026-03-08T15:05:59.097008895Z""], [""removal_executed"", ""2026-03-08T15:06:19.566742192Z""]]"
2026-03-08T15:09:08.440558Z,removal_1772982356,removal_wait_reshare,100.00,31.07,2134683360,4768345404,70551,61421,25158582,61715131,0,0,9826,180,70551,61421,25148756,61714951,1,ok:1,88.22,1.86,11.20,11.48,0.19,1.61,4,4,1,post,2026-03-08T15:06:19.566742192Z,,168.874,removal_executed,2026-03-08T15:06:19.566742192Z,168.874,,,,remove-irs3-member1-1772982356,removal,remove-irs3-member1-1772982356,16,"[[""reshare_complete"", ""2026-02-28T13:23:53.762520482Z""], [""reshare_ack"", ""2026-03-08T12:05:49.077673571Z""], [""reshare_keygen_start"", ""2026-03-08T12:05:57.901648182Z""], [""removal_propose"", ""2026-03-08T15:05:59.081966311Z""], [""removal_observed"", ""2026-03-08T15:05:59.097008895Z""], [""removal_executed"", ""2026-03-08T15:06:19.566742192Z""]]"
2026-03-08T15:09:09.752161Z,removal_1772982356,removal_wait_reshare,100.00,31.07,2134741533,4768399159,58173,53755,25216755,61768886,0,0,9826,180,58173,53755,25206929,61768706,1,ok:1,89.39,1.86,6.12,11.48,0.00,1.61,4,4,1,post,2026-03-08T15:06:19.566742192Z,,170.185,removal_executed,2026-03-08T15:06:19.566742192Z,170.185,,,,remove-irs3-member1-1772982356,removal,remove-irs3-member1-1772982356,16,"[[""reshare_complete"", ""2026-02-28T13:23:53.762520482Z""], [""reshare_ack"", ""2026-03-08T12:05:49.077673571Z""], [""reshare_keygen_start"", ""2026-03-08T12:05:57.901648182Z""], [""removal_propose"", ""2026-03-08T15:05:59.081966311Z""], [""removal_observed"", ""2026-03-08T15:05:59.097008895Z""], [""removal_executed"", ""2026-03-08T15:06:19.566742192Z""]]"
2026-03-08T15:09:11.082803Z,removal_1772982356,removal_wait_reshare,100.00,31.07,2134778177,4768430707,36644,31548,25253399,61800434,0,0,9826,180,36644,31548,25243573,61800254,1,ok:1,92.91,1.86,5.75,11.48,0.19,1.61,4,4,1,post,2026-03-08T15:06:19.566742192Z,,171.516,removal_executed,2026-03-08T15:06:19.566742192Z,171.516,,,,remove-irs3-member1-1772982356,removal,remove-irs3-member1-1772982356,16,"[[""reshare_complete"", ""2026-02-28T13:23:53.762520482Z""], [""reshare_ack"", ""2026-03-08T12:05:49.077673571Z""], [""reshare_keygen_start"", ""2026-03-08T12:05:57.901648182Z""], [""removal_propose"", ""2026-03-08T15:05:59.081966311Z""], [""removal_observed"", ""2026-03-08T15:05:59.097008895Z""], [""removal_executed"", ""2026-03-08T15:06:19.566742192Z""]]"
2026-03-08T15:09:12.419236Z,removal_1772982356,removal_wait_reshare,100.00,31.08,2134814464,4768471218,36287,40511,25289686,61840945,0,0,9826,180,36287,40511,25279860,61840765,1,ok:1,86.49,1.86,8.82,11.48,0.00,1.61,4,4,1,post,2026-03-08T15:06:19.566742192Z,,172.852,removal_executed,2026-03-08T15:06:19.566742192Z,172.852,,,,remove-irs3-member1-1772982356,removal,remove-irs3-member1-1772982356,16,"[[""reshare_complete"", ""2026-02-28T13:23:53.762520482Z""], [""reshare_ack"", ""2026-03-08T12:05:49.077673571Z""], [""reshare_keygen_start"", ""2026-03-08T12:05:57.901648182Z""], [""removal_propose"", ""2026-03-08T15:05:59.081966311Z""], [""removal_observed"", ""2026-03-08T15:05:59.097008895Z""], [""removal_executed"", ""2026-03-08T15:06:19.566742192Z""]]"
2026-03-08T15:09:13.631678Z,removal_1772982356,removal_wait_reshare,100.00,31.08,2134896940,4768545557,82476,74339,25372162,61915284,0,0,9826,180,82476,74339,25362336,61915104,1,ok:1,84.83,1.86,9.74,11.48,0.00,1.61,4,4,1,post,2026-03-08T15:06:19.566742192Z,,174.065,removal_executed,2026-03-08T15:06:19.566742192Z,174.065,,,,remove-irs3-member1-1772982356,removal,remove-irs3-member1-1772982356,16,"[[""reshare_complete"", ""2026-02-28T13:23:53.762520482Z""], [""reshare_ack"", ""2026-03-08T12:05:49.077673571Z""], [""reshare_keygen_start"", ""2026-03-08T12:05:57.901648182Z""], [""removal_propose"", ""2026-03-08T15:05:59.081966311Z""], [""removal_observed"", ""2026-03-08T15:05:59.097008895Z""], [""removal_executed"", ""2026-03-08T15:06:19.566742192Z""]]"
2026-03-08T15:09:14.970832Z,removal_1772982356,removal_wait_reshare,100.00,31.08,2134923635,4768574785,26695,29228,25398857,61944512,0,0,9826,180,26695,29228,25389031,61944332,1,ok:1,96.31,1.86,5.53,11.48,0.20,1.61,4,4,1,post,2026-03-08T15:06:19.566742192Z,,175.404,removal_executed,2026-03-08T15:06:19.566742192Z,175.404,,,,remove-irs3-member1-1772982356,removal,remove-irs3-member1-1772982356,16,"[[""reshare_complete"", ""2026-02-28T13:23:53.762520482Z""], [""reshare_ack"", ""2026-03-08T12:05:49.077673571Z""], [""reshare_keygen_start"", ""2026-03-08T12:05:57.901648182Z""], [""removal_propose"", ""2026-03-08T15:05:59.081966311Z""], [""removal_observed"", ""2026-03-08T15:05:59.097008895Z""], [""removal_executed"", ""2026-03-08T15:06:19.566742192Z""]]"
2026-03-08T15:09:16.288303Z,removal_1772982356,removal_wait_reshare,100.00,31.08,2134966903,4768619150,43268,44365,25442125,61988877,0,0,9826,180,43268,44365,25432299,61988697,1,ok:1,89.89,1.86,7.30,11.48,0.00,1.61,4,4,1,post,2026-03-08T15:06:19.566742192Z,,176.722,removal_executed,2026-03-08T15:06:19.566742192Z,176.722,,,,remove-irs3-member1-1772982356,removal,remove-irs3-member1-1772982356,16,"[[""reshare_complete"", ""2026-02-28T13:23:53.762520482Z""], [""reshare_ack"", ""2026-03-08T12:05:49.077673571Z""], [""reshare_keygen_start"", ""2026-03-08T12:05:57.901648182Z""], [""removal_propose"", ""2026-03-08T15:05:59.081966311Z""], [""removal_observed"", ""2026-03-08T15:05:59.097008895Z""], [""removal_executed"", ""2026-03-08T15:06:19.566742192Z""]]"
2026-03-08T15:09:17.714571Z,removal_1772982356,removal_wait_reshare,100.00,31.08,2135025805,4768667086,58902,47936,25501027,62036813,0,0,9826,180,58902,47936,25491201,62036633,1,ok:1,86.50,1.86,12.17,11.48,0.00,1.61,4,4,1,post,2026-03-08T15:06:19.566742192Z,,178.148,removal_executed,2026-03-08T15:06:19.566742192Z,178.148,,,,remove-irs3-member1-1772982356,removal,remove-irs3-member1-1772982356,16,"[[""reshare_complete"", ""2026-02-28T13:23:53.762520482Z""], [""reshare_ack"", ""2026-03-08T12:05:49.077673571Z""], [""reshare_keygen_start"", ""2026-03-08T12:05:57.901648182Z""], [""removal_propose"", ""2026-03-08T15:05:59.081966311Z""], [""removal_observed"", ""2026-03-08T15:05:59.097008895Z""], [""removal_executed"", ""2026-03-08T15:06:19.566742192Z""]]"
2026-03-08T15:09:18.921637Z,removal_1772982356,removal_wait_reshare,100.00,31.00,2135090488,4768747456,64683,80370,25565710,62117183,0,0,9826,180,64683,80370,25555884,62117003,1,ok:1,84.87,1.79,6.26,11.48,0.00,1.61,4,4,1,post,2026-03-08T15:06:19.566742192Z,,179.355,removal_executed,2026-03-08T15:06:19.566742192Z,179.355,,,,remove-irs3-member1-1772982356,removal,remove-irs3-member1-1772982356,16,"[[""reshare_complete"", ""2026-02-28T13:23:53.762520482Z""], [""reshare_ack"", ""2026-03-08T12:05:49.077673571Z""], [""reshare_keygen_start"", ""2026-03-08T12:05:57.901648182Z""], [""removal_propose"", ""2026-03-08T15:05:59.081966311Z""], [""removal_observed"", ""2026-03-08T15:05:59.097008895Z""], [""removal_executed"", ""2026-03-08T15:06:19.566742192Z""]]"
2026-03-08T15:09:20.212638Z,removal_1772982356,removal_wait_reshare,100.00,31.01,2135128342,4768774575,37854,27119,25603564,62144302,0,0,9826,180,37854,27119,25593738,62144122,1,ok:1,93.95,1.79,6.47,11.48,0.00,1.61,4,4,1,post,2026-03-08T15:06:19.566742192Z,,180.646,removal_executed,2026-03-08T15:06:19.566742192Z,180.646,,,,remove-irs3-member1-1772982356,removal,remove-irs3-member1-1772982356,16,"[[""reshare_complete"", ""2026-02-28T13:23:53.762520482Z""], [""reshare_ack"", ""2026-03-08T12:05:49.077673571Z""], [""reshare_keygen_start"", ""2026-03-08T12:05:57.901648182Z""], [""removal_propose"", ""2026-03-08T15:05:59.081966311Z""], [""removal_observed"", ""2026-03-08T15:05:59.097008895Z""], [""removal_executed"", ""2026-03-08T15:06:19.566742192Z""]]"
2026-03-08T15:09:21.633912Z,removal_1772982356,removal_wait_reshare,100.00,31.00,2135174507,4768823221,46165,48646,25649729,62192948,0,0,9826,180,46165,48646,25639903,62192768,1,ok:1,92.44,1.79,8.91,11.48,0.00,1.61,4,4,1,post,2026-03-08T15:06:19.566742192Z,,182.067,removal_executed,2026-03-08T15:06:19.566742192Z,182.067,,,,remove-irs3-member1-1772982356,removal,remove-irs3-member1-1772982356,16,"[[""reshare_complete"", ""2026-02-28T13:23:53.762520482Z""], [""reshare_ack"", ""2026-03-08T12:05:49.077673571Z""], [""reshare_keygen_start"", ""2026-03-08T12:05:57.901648182Z""], [""removal_propose"", ""2026-03-08T15:05:59.081966311Z""], [""removal_observed"", ""2026-03-08T15:05:59.097008895Z""], [""removal_executed"", ""2026-03-08T15:06:19.566742192Z""]]"
2026-03-08T15:09:23.002251Z,removal_1772982356,removal_wait_reshare,100.00,31.00,2135243425,4768884311,68918,61090,25718647,62254038,0,0,9826,180,68918,61090,25708821,62253858,1,ok:1,85.41,1.79,9.67,11.48,0.00,1.61,4,4,1,post,2026-03-08T15:06:19.566742192Z,,183.436,removal_executed,2026-03-08T15:06:19.566742192Z,183.436,,,,remove-irs3-member1-1772982356,removal,remove-irs3-member1-1772982356,16,"[[""reshare_complete"", ""2026-02-28T13:23:53.762520482Z""], [""reshare_ack"", ""2026-03-08T12:05:49.077673571Z""], [""reshare_keygen_start"", ""2026-03-08T12:05:57.901648182Z""], [""removal_propose"", ""2026-03-08T15:05:59.081966311Z""], [""removal_observed"", ""2026-03-08T15:05:59.097008895Z""], [""removal_executed"", ""2026-03-08T15:06:19.566742192Z""]]"
2026-03-08T15:09:24.200205Z,removal_1772982356,removal_wait_reshare,100.00,30.98,2135307875,4768944972,64450,60661,25783097,62314699,0,0,9826,180,64450,60661,25773271,62314519,1,ok:1,88.48,1.77,6.22,11.48,0.18,1.61,4,4,1,post,2026-03-08T15:06:19.566742192Z,,184.633,removal_executed,2026-03-08T15:06:19.566742192Z,184.633,,,,remove-irs3-member1-1772982356,removal,remove-irs3-member1-1772982356,16,"[[""reshare_complete"", ""2026-02-28T13:23:53.762520482Z""], [""reshare_ack"", ""2026-03-08T12:05:49.077673571Z""], [""reshare_keygen_start"", ""2026-03-08T12:05:57.901648182Z""], [""removal_propose"", ""2026-03-08T15:05:59.081966311Z""], [""removal_observed"", ""2026-03-08T15:05:59.097008895Z""], [""removal_executed"", ""2026-03-08T15:06:19.566742192Z""]]"
2026-03-08T15:09:25.458824Z,removal_1772982356,removal_wait_reshare,100.00,30.98,2135342541,4768985032,34666,40060,25817763,62354759,0,0,9826,180,34666,40060,25807937,62354579,1,ok:1,91.86,1.77,10.44,11.48,0.21,1.61,4,4,1,post,2026-03-08T15:06:19.566742192Z,,185.892,removal_executed,2026-03-08T15:06:19.566742192Z,185.892,,,,remove-irs3-member1-1772982356,removal,remove-irs3-member1-1772982356,16,"[[""reshare_complete"", ""2026-02-28T13:23:53.762520482Z""], [""reshare_ack"", ""2026-03-08T12:05:49.077673571Z""], [""reshare_keygen_start"", ""2026-03-08T12:05:57.901648182Z""], [""removal_propose"", ""2026-03-08T15:05:59.081966311Z""], [""removal_observed"", ""2026-03-08T15:05:59.097008895Z""], [""removal_executed"", ""2026-03-08T15:06:19.566742192Z""]]"
2026-03-08T15:09:26.714515Z,removal_1772982356,removal_wait_reshare,100.00,30.98,2135383597,4769026210,41056,41178,25858819,62395937,0,0,9826,180,41056,41178,25848993,62395757,1,ok:1,86.90,1.77,6.35,11.48,0.00,1.61,4,4,1,post,2026-03-08T15:06:19.566742192Z,,187.148,removal_executed,2026-03-08T15:06:19.566742192Z,187.148,,,,remove-irs3-member1-1772982356,removal,remove-irs3-member1-1772982356,16,"[[""reshare_complete"", ""2026-02-28T13:23:53.762520482Z""], [""reshare_ack"", ""2026-03-08T12:05:49.077673571Z""], [""reshare_keygen_start"", ""2026-03-08T12:05:57.901648182Z""], [""removal_propose"", ""2026-03-08T15:05:59.081966311Z""], [""removal_observed"", ""2026-03-08T15:05:59.097008895Z""], [""removal_executed"", ""2026-03-08T15:06:19.566742192Z""]]"
2026-03-08T15:09:27.815649Z,removal_1772982356,removal_wait_reshare,94.81,30.98,2135443457,4769079211,59860,53001,25918679,62448938,0,0,9826,180,59860,53001,25908853,62448758,1,ok:1,73.65,1.77,9.58,11.48,0.00,1.61,4,4,1,post,2026-03-08T15:06:19.566742192Z,,188.249,removal_executed,2026-03-08T15:06:19.566742192Z,188.249,,,,remove-irs3-member1-1772982356,removal,remove-irs3-member1-1772982356,16,"[[""reshare_complete"", ""2026-02-28T13:23:53.762520482Z""], [""reshare_ack"", ""2026-03-08T12:05:49.077673571Z""], [""reshare_keygen_start"", ""2026-03-08T12:05:57.901648182Z""], [""removal_propose"", ""2026-03-08T15:05:59.081966311Z""], [""removal_observed"", ""2026-03-08T15:05:59.097008895Z""], [""removal_executed"", ""2026-03-08T15:06:19.566742192Z""]]"
2026-03-08T15:09:28.914129Z,removal_1772982356,removal_wait_reshare,42.04,30.97,2135723582,4769507702,280125,428491,26198804,62877429,0,0,9826,180,280125,428491,26188978,62877249,1,ok:1,25.42,1.76,12.11,11.48,0.00,1.61,4,4,1,post,2026-03-08T15:06:19.566742192Z,,189.347,removal_executed,2026-03-08T15:06:19.566742192Z,189.347,,,,remove-irs3-member1-1772982356,removal,remove-irs3-member1-1772982356,16,"[[""reshare_complete"", ""2026-02-28T13:23:53.762520482Z""], [""reshare_ack"", ""2026-03-08T12:05:49.077673571Z""], [""reshare_keygen_start"", ""2026-03-08T12:05:57.901648182Z""], [""removal_propose"", ""2026-03-08T15:05:59.081966311Z""], [""removal_observed"", ""2026-03-08T15:05:59.097008895Z""], [""removal_executed"", ""2026-03-08T15:06:19.566742192Z""]]"
2026-03-08T15:09:30.010564Z,removal_1772982356,removal_wait_reshare,11.21,30.97,2135748217,4769530706,24635,23004,26223439,62900433,0,0,9826,180,24635,23004,26213613,62900253,1,ok:1,0.00,1.76,9.11,11.48,0.00,1.61,4,4,1,post,2026-03-08T15:06:19.566742192Z,,190.444,removal_executed,2026-03-08T15:06:19.566742192Z,190.444,,,,remove-irs3-member1-1772982356,removal,remove-irs3-member1-1772982356,16,"[[""reshare_complete"", ""2026-02-28T13:23:53.762520482Z""], [""reshare_ack"", ""2026-03-08T12:05:49.077673571Z""], [""reshare_keygen_start"", ""2026-03-08T12:05:57.901648182Z""], [""removal_propose"", ""2026-03-08T15:05:59.081966311Z""], [""removal_observed"", ""2026-03-08T15:05:59.097008895Z""], [""removal_executed"", ""2026-03-08T15:06:19.566742192Z""]]"
2026-03-08T15:09:31.111671Z,removal_1772982356,removal_wait_reshare,12.47,30.97,2135776830,4769565641,28613,34935,26252052,62935368,0,0,9826,180,28613,34935,26242226,62935188,1,ok:1,0.24,1.76,10.82,11.48,0.00,1.61,4,4,1,post,2026-03-08T15:06:19.566742192Z,,191.545,removal_executed,2026-03-08T15:06:19.566742192Z,191.545,,,,remove-irs3-member1-1772982356,removal,remove-irs3-member1-1772982356,16,"[[""reshare_complete"", ""2026-02-28T13:23:53.762520482Z""], [""reshare_ack"", ""2026-03-08T12:05:49.077673571Z""], [""reshare_keygen_start"", ""2026-03-08T12:05:57.901648182Z""], [""removal_propose"", ""2026-03-08T15:05:59.081966311Z""], [""removal_observed"", ""2026-03-08T15:05:59.097008895Z""], [""removal_executed"", ""2026-03-08T15:06:19.566742192Z""]]"
2026-03-08T15:09:32.216581Z,removal_1772982356,removal_wait_reshare,21.81,30.96,2135813964,4769604753,37134,39112,26289186,62974480,0,0,9826,180,37134,39112,26279360,62974300,1,ok:1,0.46,1.76,16.47,11.48,0.00,1.61,4,4,1,post,2026-03-08T15:06:19.566742192Z,,192.650,removal_executed,2026-03-08T15:06:19.566742192Z,192.650,,,,remove-irs3-member1-1772982356,removal,remove-irs3-member1-1772982356,16,"[[""reshare_complete"", ""2026-02-28T13:23:53.762520482Z""], [""reshare_ack"", ""2026-03-08T12:05:49.077673571Z""], [""reshare_keygen_start"", ""2026-03-08T12:05:57.901648182Z""], [""removal_propose"", ""2026-03-08T15:05:59.081966311Z""], [""removal_observed"", ""2026-03-08T15:05:59.097008895Z""], [""removal_executed"", ""2026-03-08T15:06:19.566742192Z""]]"
2026-03-08T15:09:33.319428Z,removal_1772982356,removal_wait_reshare,15.42,30.97,2135876934,4769663089,62970,58336,26352156,63032816,0,0,9826,180,62970,58336,26342330,63032636,1,ok:1,0.00,1.76,14.02,11.48,0.00,1.61,4,4,1,post,2026-03-08T15:06:19.566742192Z,,193.753,removal_executed,2026-03-08T15:06:19.566742192Z,193.753,,,,remove-irs3-member1-1772982356,removal,remove-irs3-member1-1772982356,16,"[[""reshare_complete"", ""2026-02-28T13:23:53.762520482Z""], [""reshare_ack"", ""2026-03-08T12:05:49.077673571Z""], [""reshare_keygen_start"", ""2026-03-08T12:05:57.901648182Z""], [""removal_propose"", ""2026-03-08T15:05:59.081966311Z""], [""removal_observed"", ""2026-03-08T15:05:59.097008895Z""], [""removal_executed"", ""2026-03-08T15:06:19.566742192Z""]]"
2026-03-08T15:09:34.421306Z,removal_1772982356,removal_wait_reshare,12.62,30.97,2135905839,4769697934,28905,34845,26381061,63067661,0,0,9826,180,28905,34845,26371235,63067481,1,ok:1,0.47,1.76,8.88,11.48,0.00,1.61,4,4,1,post,2026-03-08T15:06:19.566742192Z,,194.855,removal_executed,2026-03-08T15:06:19.566742192Z,194.855,,,,remove-irs3-member1-1772982356,removal,remove-irs3-member1-1772982356,16,"[[""reshare_complete"", ""2026-02-28T13:23:53.762520482Z""], [""reshare_ack"", ""2026-03-08T12:05:49.077673571Z""], [""reshare_keygen_start"", ""2026-03-08T12:05:57.901648182Z""], [""removal_propose"", ""2026-03-08T15:05:59.081966311Z""], [""removal_observed"", ""2026-03-08T15:05:59.097008895Z""], [""removal_executed"", ""2026-03-08T15:06:19.566742192Z""]]"
2026-03-08T15:09:35.522033Z,removal_1772982356,removal_wait_reshare,17.02,30.97,2135954900,4769751066,49061,53132,26430122,63120793,0,0,9826,180,49061,53132,26420296,63120613,1,ok:1,0.70,1.76,12.35,11.48,0.23,1.61,4,4,1,post,2026-03-08T15:06:19.566742192Z,,195.955,removal_executed,2026-03-08T15:06:19.566742192Z,195.955,,,,remove-irs3-member1-1772982356,removal,remove-irs3-member1-1772982356,16,"[[""reshare_complete"", ""2026-02-28T13:23:53.762520482Z""], [""reshare_ack"", ""2026-03-08T12:05:49.077673571Z""], [""reshare_keygen_start"", ""2026-03-08T12:05:57.901648182Z""], [""removal_propose"", ""2026-03-08T15:05:59.081966311Z""], [""removal_observed"", ""2026-03-08T15:05:59.097008895Z""], [""removal_executed"", ""2026-03-08T15:06:19.566742192Z""]]"
2026-03-08T15:09:36.625508Z,removal_1772982356,removal_wait_reshare,14.82,30.97,2136000335,4769802387,45435,51321,26475557,63172114,0,0,9826,180,45435,51321,26465731,63171934,1,ok:1,0.00,1.76,13.88,11.48,0.24,1.61,4,4,1,post,2026-03-08T15:06:19.566742192Z,,197.059,removal_executed,2026-03-08T15:06:19.566742192Z,197.059,,,,remove-irs3-member1-1772982356,removal,remove-irs3-member1-1772982356,16,"[[""reshare_complete"", ""2026-02-28T13:23:53.762520482Z""], [""reshare_ack"", ""2026-03-08T12:05:49.077673571Z""], [""reshare_keygen_start"", ""2026-03-08T12:05:57.901648182Z""], [""removal_propose"", ""2026-03-08T15:05:59.081966311Z""], [""removal_observed"", ""2026-03-08T15:05:59.097008895Z""], [""removal_executed"", ""2026-03-08T15:06:19.566742192Z""]]"
2026-03-08T15:09:37.722865Z,removal_1772982356,removal_wait_reshare,22.17,30.97,2136056214,4769861576,55879,59189,26531436,63231303,0,0,9826,180,55879,59189,26521610,63231123,1,ok:1,0.47,1.76,16.98,11.48,0.00,1.61,4,4,1,post,2026-03-08T15:06:19.566742192Z,,198.156,removal_executed,2026-03-08T15:06:19.566742192Z,198.156,,,,remove-irs3-member1-1772982356,removal,remove-irs3-member1-1772982356,16,"[[""reshare_complete"", ""2026-02-28T13:23:53.762520482Z""], [""reshare_ack"", ""2026-03-08T12:05:49.077673571Z""], [""reshare_keygen_start"", ""2026-03-08T12:05:57.901648182Z""], [""removal_propose"", ""2026-03-08T15:05:59.081966311Z""], [""removal_observed"", ""2026-03-08T15:05:59.097008895Z""], [""removal_executed"", ""2026-03-08T15:06:19.566742192Z""]]"
2026-03-08T15:09:38.824427Z,removal_1772982356,removal_wait_reshare,13.51,30.97,2136101481,4769914355,45267,52779,26576703,63284082,0,0,9826,180,45267,52779,26566877,63283902,1,ok:1,0.24,1.76,12.32,11.48,0.00,1.61,4,4,1,post,2026-03-08T15:06:19.566742192Z,,199.258,removal_executed,2026-03-08T15:06:19.566742192Z,199.258,,,,remove-irs3-member1-1772982356,removal,remove-irs3-member1-1772982356,16,"[[""reshare_complete"", ""2026-02-28T13:23:53.762520482Z""], [""reshare_ack"", ""2026-03-08T12:05:49.077673571Z""], [""reshare_keygen_start"", ""2026-03-08T12:05:57.901648182Z""], [""removal_propose"", ""2026-03-08T15:05:59.081966311Z""], [""removal_observed"", ""2026-03-08T15:05:59.097008895Z""], [""removal_executed"", ""2026-03-08T15:06:19.566742192Z""]]"
2026-03-08T15:09:39.921744Z,removal_1772982356,removal_wait_reshare,13.46,30.97,2136137818,4769947635,36337,33280,26613040,63317362,0,0,9826,180,36337,33280,26603214,63317182,1,ok:1,0.00,1.76,10.44,11.48,0.00,1.61,4,4,1,post,2026-03-08T15:06:19.566742192Z,,200.355,removal_executed,2026-03-08T15:06:19.566742192Z,200.355,,,,remove-irs3-member1-1772982356,removal,remove-irs3-member1-1772982356,16,"[[""reshare_complete"", ""2026-02-28T13:23:53.762520482Z""], [""reshare_ack"", ""2026-03-08T12:05:49.077673571Z""], [""reshare_keygen_start"", ""2026-03-08T12:05:57.901648182Z""], [""removal_propose"", ""2026-03-08T15:05:59.081966311Z""], [""removal_observed"", ""2026-03-08T15:05:59.097008895Z""], [""removal_executed"", ""2026-03-08T15:06:19.566742192Z""]]"
2026-03-08T15:09:41.026175Z,removal_1772982356,removal_wait_reshare,12.38,30.97,2136175579,4769979230,37761,31595,26650801,63348957,0,0,9826,180,37761,31595,26640975,63348777,1,ok:1,0.23,1.76,10.51,11.48,0.00,1.61,4,4,1,post,2026-03-08T15:06:19.566742192Z,,201.459,removal_executed,2026-03-08T15:06:19.566742192Z,201.459,,,,remove-irs3-member1-1772982356,removal,remove-irs3-member1-1772982356,16,"[[""reshare_complete"", ""2026-02-28T13:23:53.762520482Z""], [""reshare_ack"", ""2026-03-08T12:05:49.077673571Z""], [""reshare_keygen_start"", ""2026-03-08T12:05:57.901648182Z""], [""removal_propose"", ""2026-03-08T15:05:59.081966311Z""], [""removal_observed"", ""2026-03-08T15:05:59.097008895Z""], [""removal_executed"", ""2026-03-08T15:06:19.566742192Z""]]"
2026-03-08T15:09:42.125454Z,removal_1772982356,removal_wait_reshare,19.63,30.98,2136214550,4770022003,38971,42773,26689772,63391730,178,179,10004,359,38793,42594,26679768,63391371,1,ok:3,0.70,1.76,14.49,11.48,0.00,1.61,4,4,1,post,2026-03-08T15:06:19.566742192Z,,202.559,removal_executed,2026-03-08T15:06:19.566742192Z,202.559,,,,remove-irs3-member1-1772982356,removal,remove-irs3-member1-1772982356,16,"[[""reshare_complete"", ""2026-02-28T13:23:53.762520482Z""], [""reshare_ack"", ""2026-03-08T12:05:49.077673571Z""], [""reshare_keygen_start"", ""2026-03-08T12:05:57.901648182Z""], [""removal_propose"", ""2026-03-08T15:05:59.081966311Z""], [""removal_observed"", ""2026-03-08T15:05:59.097008895Z""], [""removal_executed"", ""2026-03-08T15:06:19.566742192Z""]]"
2026-03-08T15:09:43.224663Z,removal_1772982356,removal_wait_reshare,19.44,30.97,2136277865,4770087955,63315,65952,26753087,63457682,0,0,10004,359,63315,65952,26743083,63457323,1,ok:1,0.00,1.76,15.46,11.48,0.00,1.61,4,4,1,post,2026-03-08T15:06:19.566742192Z,,203.658,removal_executed,2026-03-08T15:06:19.566742192Z,203.658,,,,remove-irs3-member1-1772982356,removal,remove-irs3-member1-1772982356,16,"[[""reshare_complete"", ""2026-02-28T13:23:53.762520482Z""], [""reshare_ack"", ""2026-03-08T12:05:49.077673571Z""], [""reshare_keygen_start"", ""2026-03-08T12:05:57.901648182Z""], [""removal_propose"", ""2026-03-08T15:05:59.081966311Z""], [""removal_observed"", ""2026-03-08T15:05:59.097008895Z""], [""removal_executed"", ""2026-03-08T15:06:19.566742192Z""]]"
2026-03-08T15:09:44.322245Z,removal_1772982356,removal_wait_reshare,14.62,30.97,2136324644,4770136506,46779,48551,26799866,63506233,0,0,10004,359,46779,48551,26789862,63505874,1,ok:1,0.23,1.76,10.90,11.48,0.00,1.61,4,4,1,post,2026-03-08T15:06:19.566742192Z,,204.756,removal_executed,2026-03-08T15:06:19.566742192Z,204.756,,,,remove-irs3-member1-1772982356,removal,remove-irs3-member1-1772982356,16,"[[""reshare_complete"", ""2026-02-28T13:23:53.762520482Z""], [""reshare_ack"", ""2026-03-08T12:05:49.077673571Z""], [""reshare_keygen_start"", ""2026-03-08T12:05:57.901648182Z""], [""removal_propose"", ""2026-03-08T15:05:59.081966311Z""], [""removal_observed"", ""2026-03-08T15:05:59.097008895Z""], [""removal_executed"", ""2026-03-08T15:06:19.566742192Z""]]"
2026-03-08T15:09:45.423373Z,removal_1772982356,removal_wait_reshare,15.49,30.97,2136369270,4770173884,44626,37378,26844492,63543611,0,0,10004,359,44626,37378,26834488,63543252,1,ok:1,0.47,1.76,14.55,11.48,0.00,1.61,4,4,1,post,2026-03-08T15:06:19.566742192Z,,205.857,removal_executed,2026-03-08T15:06:19.566742192Z,205.857,,,,remove-irs3-member1-1772982356,removal,remove-irs3-member1-1772982356,16,"[[""reshare_complete"", ""2026-02-28T13:23:53.762520482Z""], [""reshare_ack"", ""2026-03-08T12:05:49.077673571Z""], [""reshare_keygen_start"", ""2026-03-08T12:05:57.901648182Z""], [""removal_propose"", ""2026-03-08T15:05:59.081966311Z""], [""removal_observed"", ""2026-03-08T15:05:59.097008895Z""], [""removal_executed"", ""2026-03-08T15:06:19.566742192Z""]]"
2026-03-08T15:09:46.524830Z,removal_1772982356,removal_wait_reshare,13.41,30.98,2136396279,4770207522,27009,33638,26871501,63577249,0,0,10004,359,27009,33638,26861497,63576890,1,ok:1,0.47,1.76,8.00,11.48,0.24,1.61,4,4,1,post,2026-03-08T15:06:19.566742192Z,,206.958,removal_executed,2026-03-08T15:06:19.566742192Z,206.958,,,,remove-irs3-member1-1772982356,removal,remove-irs3-member1-1772982356,16,"[[""reshare_complete"", ""2026-02-28T13:23:53.762520482Z""], [""reshare_ack"", ""2026-03-08T12:05:49.077673571Z""], [""reshare_keygen_start"", ""2026-03-08T12:05:57.901648182Z""], [""removal_propose"", ""2026-03-08T15:05:59.081966311Z""], [""removal_observed"", ""2026-03-08T15:05:59.097008895Z""], [""removal_executed"", ""2026-03-08T15:06:19.566742192Z""]]"
2026-03-08T15:09:47.628660Z,removal_1772982356,removal_wait_reshare,21.11,30.98,2136446857,4770251088,50578,43566,26922079,63620815,0,0,10004,359,50578,43566,26912075,63620456,1,ok:1,0.70,1.76,16.94,11.48,0.00,1.61,4,4,1,post,2026-03-08T15:06:19.566742192Z,,208.062,removal_executed,2026-03-08T15:06:19.566742192Z,208.062,,,,remove-irs3-member1-1772982356,removal,remove-irs3-member1-1772982356,16,"[[""reshare_complete"", ""2026-02-28T13:23:53.762520482Z""], [""reshare_ack"", ""2026-03-08T12:05:49.077673571Z""], [""reshare_keygen_start"", ""2026-03-08T12:05:57.901648182Z""], [""removal_propose"", ""2026-03-08T15:05:59.081966311Z""], [""removal_observed"", ""2026-03-08T15:05:59.097008895Z""], [""removal_executed"", ""2026-03-08T15:06:19.566742192Z""]]"
2026-03-08T15:09:48.728608Z,removal_1772982356,removal_wait_reshare,17.21,30.97,2136507018,4770302885,60161,51797,26982240,63672612,0,0,10004,359,60161,51797,26972236,63672253,1,ok:1,0.00,1.76,13.02,11.48,0.00,1.61,4,4,1,post,2026-03-08T15:06:19.566742192Z,,209.162,removal_executed,2026-03-08T15:06:19.566742192Z,209.162,,,,remove-irs3-member1-1772982356,removal,remove-irs3-member1-1772982356,16,"[[""reshare_complete"", ""2026-02-28T13:23:53.762520482Z""], [""reshare_ack"", ""2026-03-08T12:05:49.077673571Z""], [""reshare_keygen_start"", ""2026-03-08T12:05:57.901648182Z""], [""removal_propose"", ""2026-03-08T15:05:59.081966311Z""], [""removal_observed"", ""2026-03-08T15:05:59.097008895Z""], [""removal_executed"", ""2026-03-08T15:06:19.566742192Z""]]"
2026-03-08T15:09:49.827636Z,removal_1772982356,removal_wait_reshare,12.59,30.97,2136535171,4770331042,28153,28157,27010393,63700769,0,0,10004,359,28153,28157,27000389,63700410,1,ok:1,0.00,1.76,9.09,11.48,0.00,1.61,4,4,1,post,2026-03-08T15:06:19.566742192Z,,210.261,removal_executed,2026-03-08T15:06:19.566742192Z,210.261,,,,remove-irs3-member1-1772982356,removal,remove-irs3-member1-1772982356,16,"[[""reshare_complete"", ""2026-02-28T13:23:53.762520482Z""], [""reshare_ack"", ""2026-03-08T12:05:49.077673571Z""], [""reshare_keygen_start"", ""2026-03-08T12:05:57.901648182Z""], [""removal_propose"", ""2026-03-08T15:05:59.081966311Z""], [""removal_observed"", ""2026-03-08T15:05:59.097008895Z""], [""removal_executed"", ""2026-03-08T15:06:19.566742192Z""]]"
2026-03-08T15:09:50.929596Z,removal_1772982356,removal_wait_reshare,10.82,30.97,2136563004,4770374993,27833,43951,27038226,63744720,0,0,10004,359,27833,43951,27028222,63744361,1,ok:1,0.24,1.76,9.65,11.48,0.24,1.61,4,4,1,post,2026-03-08T15:06:19.566742192Z,,211.363,removal_executed,2026-03-08T15:06:19.566742192Z,211.363,,,,remove-irs3-member1-1772982356,removal,remove-irs3-member1-1772982356,16,"[[""reshare_complete"", ""2026-02-28T13:23:53.762520482Z""], [""reshare_ack"", ""2026-03-08T12:05:49.077673571Z""], [""reshare_keygen_start"", ""2026-03-08T12:05:57.901648182Z""], [""removal_propose"", ""2026-03-08T15:05:59.081966311Z""], [""removal_observed"", ""2026-03-08T15:05:59.097008895Z""], [""removal_executed"", ""2026-03-08T15:06:19.566742192Z""]]"
2026-03-08T15:09:52.028936Z,removal_1772982356,removal_wait_reshare,18.01,30.97,2136609268,4770426048,46264,51055,27084490,63795775,0,0,10004,359,46264,51055,27074486,63795416,1,ok:1,0.71,1.76,16.35,11.48,0.00,1.61,4,4,1,post,2026-03-08T15:06:19.566742192Z,,212.462,removal_executed,2026-03-08T15:06:19.566742192Z,212.462,,,,remove-irs3-member1-1772982356,removal,remove-irs3-member1-1772982356,16,"[[""reshare_complete"", ""2026-02-28T13:23:53.762520482Z""], [""reshare_ack"", ""2026-03-08T12:05:49.077673571Z""], [""reshare_keygen_start"", ""2026-03-08T12:05:57.901648182Z""], [""removal_propose"", ""2026-03-08T15:05:59.081966311Z""], [""removal_observed"", ""2026-03-08T15:05:59.097008895Z""], [""removal_executed"", ""2026-03-08T15:06:19.566742192Z""]]"
2026-03-08T15:09:53.128844Z,removal_1772982356,removal_wait_reshare,18.33,30.97,2136670223,4770481568,60955,55520,27145445,63851295,0,0,10004,359,60955,55520,27135441,63850936,1,ok:1,0.24,1.76,15.24,11.48,0.00,1.61,4,4,1,post,2026-03-08T15:06:19.566742192Z,,213.562,removal_executed,2026-03-08T15:06:19.566742192Z,213.562,,,,remove-irs3-member1-1772982356,removal,remove-irs3-member1-1772982356,16,"[[""reshare_complete"", ""2026-02-28T13:23:53.762520482Z""], [""reshare_ack"", ""2026-03-08T12:05:49.077673571Z""], [""reshare_keygen_start"", ""2026-03-08T12:05:57.901648182Z""], [""removal_propose"", ""2026-03-08T15:05:59.081966311Z""], [""removal_observed"", ""2026-03-08T15:05:59.097008895Z""], [""removal_executed"", ""2026-03-08T15:06:19.566742192Z""]]"
2026-03-08T15:09:54.229404Z,removal_1772982356,removal_wait_reshare,11.48,30.97,2136704213,4770525032,33990,43464,27179435,63894759,0,0,10004,359,33990,43464,27169431,63894400,1,ok:1,0.23,1.76,9.60,11.48,0.00,1.61,4,4,1,post,2026-03-08T15:06:19.566742192Z,,214.663,removal_executed,2026-03-08T15:06:19.566742192Z,214.663,,,,remove-irs3-member1-1772982356,removal,remove-irs3-member1-1772982356,16,"[[""reshare_complete"", ""2026-02-28T13:23:53.762520482Z""], [""reshare_ack"", ""2026-03-08T12:05:49.077673571Z""], [""reshare_keygen_start"", ""2026-03-08T12:05:57.901648182Z""], [""removal_propose"", ""2026-03-08T15:05:59.081966311Z""], [""removal_observed"", ""2026-03-08T15:05:59.097008895Z""], [""removal_executed"", ""2026-03-08T15:06:19.566742192Z""]]"
2026-03-08T15:09:55.334069Z,removal_1772982356,removal_wait_reshare,12.53,30.97,2136733720,4770550154,29507,25122,27208942,63919881,0,0,10004,359,29507,25122,27198938,63919522,1,ok:1,0.23,1.76,10.21,11.48,0.00,1.61,4,4,1,post,2026-03-08T15:06:19.566742192Z,,215.767,removal_executed,2026-03-08T15:06:19.566742192Z,215.767,,,,remove-irs3-member1-1772982356,removal,remove-irs3-member1-1772982356,16,"[[""reshare_complete"", ""2026-02-28T13:23:53.762520482Z""], [""reshare_ack"", ""2026-03-08T12:05:49.077673571Z""], [""reshare_keygen_start"", ""2026-03-08T12:05:57.901648182Z""], [""removal_propose"", ""2026-03-08T15:05:59.081966311Z""], [""removal_observed"", ""2026-03-08T15:05:59.097008895Z""], [""removal_executed"", ""2026-03-08T15:06:19.566742192Z""]]"
2026-03-08T15:09:56.438124Z,removal_1772982356,removal_wait_reshare,16.67,30.98,2136785801,4770590158,52081,40004,27261023,63959885,0,0,10004,359,52081,40004,27251019,63959526,1,ok:1,0.47,1.76,14.32,11.48,0.23,1.61,4,4,1,post,2026-03-08T15:06:19.566742192Z,,216.871,removal_executed,2026-03-08T15:06:19.566742192Z,216.871,,,,remove-irs3-member1-1772982356,removal,remove-irs3-member1-1772982356,16,"[[""reshare_complete"", ""2026-02-28T13:23:53.762520482Z""], [""reshare_ack"", ""2026-03-08T12:05:49.077673571Z""], [""reshare_keygen_start"", ""2026-03-08T12:05:57.901648182Z""], [""removal_propose"", ""2026-03-08T15:05:59.081966311Z""], [""removal_observed"", ""2026-03-08T15:05:59.097008895Z""], [""removal_executed"", ""2026-03-08T15:06:19.566742192Z""]]"
2026-03-08T15:09:57.543649Z,removal_1772982356,removal_wait_reshare,22.54,30.98,2136840668,4770642273,54867,52115,27315890,64012000,0,0,10004,359,54867,52115,27305886,64011641,1,ok:1,0.47,1.76,17.14,11.48,0.00,1.61,4,4,1,post,2026-03-08T15:06:19.566742192Z,,217.977,removal_executed,2026-03-08T15:06:19.566742192Z,217.977,,,,remove-irs3-member1-1772982356,removal,remove-irs3-member1-1772982356,16,"[[""reshare_complete"", ""2026-02-28T13:23:53.762520482Z""], [""reshare_ack"", ""2026-03-08T12:05:49.077673571Z""], [""reshare_keygen_start"", ""2026-03-08T12:05:57.901648182Z""], [""removal_propose"", ""2026-03-08T15:05:59.081966311Z""], [""removal_observed"", ""2026-03-08T15:05:59.097008895Z""], [""removal_executed"", ""2026-03-08T15:06:19.566742192Z""]]"
2026-03-08T15:09:58.646553Z,removal_1772982356,removal_wait_reshare,14.99,30.98,2136877547,4770700112,36879,57839,27352769,64069839,0,0,10004,359,36879,57839,27342765,64069480,1,ok:1,0.23,1.76,11.94,11.48,0.00,1.61,4,4,1,post,2026-03-08T15:06:19.566742192Z,,219.080,removal_executed,2026-03-08T15:06:19.566742192Z,219.080,,,,remove-irs3-member1-1772982356,removal,remove-irs3-member1-1772982356,16,"[[""reshare_complete"", ""2026-02-28T13:23:53.762520482Z""], [""reshare_ack"", ""2026-03-08T12:05:49.077673571Z""], [""reshare_keygen_start"", ""2026-03-08T12:05:57.901648182Z""], [""removal_propose"", ""2026-03-08T15:05:59.081966311Z""], [""removal_observed"", ""2026-03-08T15:05:59.097008895Z""], [""removal_executed"", ""2026-03-08T15:06:19.566742192Z""]]"
2026-03-08T15:09:59.749286Z,removal_1772982356,removal_wait_reshare,14.91,30.98,2136922583,4770741878,45036,41766,27397805,64111605,0,0,10004,359,45036,41766,27387801,64111246,1,ok:1,0.00,1.76,11.47,11.48,0.00,1.61,4,4,1,post,2026-03-08T15:06:19.566742192Z,,220.183,removal_executed,2026-03-08T15:06:19.566742192Z,220.183,,,,remove-irs3-member1-1772982356,removal,remove-irs3-member1-1772982356,16,"[[""reshare_complete"", ""2026-02-28T13:23:53.762520482Z""], [""reshare_ack"", ""2026-03-08T12:05:49.077673571Z""], [""reshare_keygen_start"", ""2026-03-08T12:05:57.901648182Z""], [""removal_propose"", ""2026-03-08T15:05:59.081966311Z""], [""removal_observed"", ""2026-03-08T15:05:59.097008895Z""], [""removal_executed"", ""2026-03-08T15:06:19.566742192Z""]]"
2026-03-08T15:10:00.847698Z,removal_1772982356,removal_wait_reshare,13.55,30.98,2136964109,4770775271,41526,33393,27439331,64144998,0,0,10004,359,41526,33393,27429327,64144639,1,ok:1,0.93,1.76,9.58,11.48,0.00,1.61,4,4,1,post,2026-03-08T15:06:19.566742192Z,,221.281,removal_executed,2026-03-08T15:06:19.566742192Z,221.281,,,,remove-irs3-member1-1772982356,removal,remove-irs3-member1-1772982356,16,"[[""reshare_complete"", ""2026-02-28T13:23:53.762520482Z""], [""reshare_ack"", ""2026-03-08T12:05:49.077673571Z""], [""reshare_keygen_start"", ""2026-03-08T12:05:57.901648182Z""], [""removal_propose"", ""2026-03-08T15:05:59.081966311Z""], [""removal_observed"", ""2026-03-08T15:05:59.097008895Z""], [""removal_executed"", ""2026-03-08T15:06:19.566742192Z""]]"
2026-03-08T15:10:01.955947Z,removal_1772982356,removal_wait_reshare,16.67,30.96,2137076309,4770860318,112200,85047,27551531,64230045,0,0,10004,359,112200,85047,27541527,64229686,1,ok:1,3.99,1.74,11.97,11.48,0.00,1.61,4,4,1,post,2026-03-08T15:06:19.566742192Z,,222.389,removal_executed,2026-03-08T15:06:19.566742192Z,222.389,,,,remove-irs3-member1-1772982356,removal,remove-irs3-member1-1772982356,16,"[[""reshare_complete"", ""2026-02-28T13:23:53.762520482Z""], [""reshare_ack"", ""2026-03-08T12:05:49.077673571Z""], [""reshare_keygen_start"", ""2026-03-08T12:05:57.901648182Z""], [""removal_propose"", ""2026-03-08T15:05:59.081966311Z""], [""removal_observed"", ""2026-03-08T15:05:59.097008895Z""], [""removal_executed"", ""2026-03-08T15:06:19.566742192Z""]]"
2026-03-08T15:10:03.055256Z,removal_1772982356,removal_wait_reshare,32.00,30.96,2137367198,4771059498,290889,199180,27842420,64429225,0,0,10004,359,290889,199180,27832416,64428866,1,ok:1,11.29,1.74,16.00,11.48,0.24,1.61,4,4,1,post,2026-03-08T15:06:19.566742192Z,,223.489,removal_executed,2026-03-08T15:06:19.566742192Z,223.489,,,,remove-irs3-member1-1772982356,removal,remove-irs3-member1-1772982356,16,"[[""reshare_complete"", ""2026-02-28T13:23:53.762520482Z""], [""reshare_ack"", ""2026-03-08T12:05:49.077673571Z""], [""reshare_keygen_start"", ""2026-03-08T12:05:57.901648182Z""], [""removal_propose"", ""2026-03-08T15:05:59.081966311Z""], [""removal_observed"", ""2026-03-08T15:05:59.097008895Z""], [""removal_executed"", ""2026-03-08T15:06:19.566742192Z""]]"
2026-03-08T15:10:04.154253Z,removal_1772982356,removal_wait_reshare,17.20,30.95,2137457687,4771133741,90489,74243,27932909,64503468,0,0,10004,359,90489,74243,27922905,64503109,1,ok:1,2.06,1.74,9.86,11.48,0.00,1.61,4,4,1,post,2026-03-08T15:06:19.566742192Z,,224.588,removal_executed,2026-03-08T15:06:19.566742192Z,224.588,,,,remove-irs3-member1-1772982356,removal,remove-irs3-member1-1772982356,16,"[[""reshare_complete"", ""2026-02-28T13:23:53.762520482Z""], [""reshare_ack"", ""2026-03-08T12:05:49.077673571Z""], [""reshare_keygen_start"", ""2026-03-08T12:05:57.901648182Z""], [""removal_propose"", ""2026-03-08T15:05:59.081966311Z""], [""removal_observed"", ""2026-03-08T15:05:59.097008895Z""], [""removal_executed"", ""2026-03-08T15:06:19.566742192Z""]]"
2026-03-08T15:10:05.294301Z,removal_1772982356,removal_wait_reshare,12.65,30.96,2137496025,4771176542,38338,42801,27971247,64546269,0,0,10004,359,38338,42801,27961243,64545910,1,ok:1,0.23,1.74,11.94,11.48,0.94,1.61,4,4,1,post,2026-03-08T15:06:19.566742192Z,,225.728,removal_executed,2026-03-08T15:06:19.566742192Z,225.728,,,,remove-irs3-member1-1772982356,removal,remove-irs3-member1-1772982356,16,"[[""reshare_complete"", ""2026-02-28T13:23:53.762520482Z""], [""reshare_ack"", ""2026-03-08T12:05:49.077673571Z""], [""reshare_keygen_start"", ""2026-03-08T12:05:57.901648182Z""], [""removal_propose"", ""2026-03-08T15:05:59.081966311Z""], [""removal_observed"", ""2026-03-08T15:05:59.097008895Z""], [""removal_executed"", ""2026-03-08T15:06:19.566742192Z""]]"
2026-03-08T15:10:06.420273Z,removal_1772982356,removal_wait_reshare,81.96,30.97,2138203040,4776825708,707015,5649166,28678262,70195435,0,0,10004,359,707015,5649166,28668258,70195076,1,ok:1,5.57,1.78,52.12,11.48,11.36,1.61,4,4,1,post,2026-03-08T15:06:19.566742192Z,,226.854,removal_executed,2026-03-08T15:06:19.566742192Z,226.854,,,,remove-irs3-member1-1772982356,removal,remove-irs3-member1-1772982356,16,"[[""reshare_complete"", ""2026-02-28T13:23:53.762520482Z""], [""reshare_ack"", ""2026-03-08T12:05:49.077673571Z""], [""reshare_keygen_start"", ""2026-03-08T12:05:57.901648182Z""], [""removal_propose"", ""2026-03-08T15:05:59.081966311Z""], [""removal_observed"", ""2026-03-08T15:05:59.097008895Z""], [""removal_executed"", ""2026-03-08T15:06:19.566742192Z""]]"
2026-03-08T15:10:07.556130Z,removal_1772982356,removal_wait_reshare,78.98,30.94,2138848591,4782405036,645551,5579328,29323813,75774763,0,0,10004,359,645551,5579328,29313809,75774404,1,ok:1,3.70,1.69,53.35,11.50,11.78,1.66,4,4,1,post,2026-03-08T15:06:19.566742192Z,,227.989,removal_executed,2026-03-08T15:06:19.566742192Z,227.989,,,,remove-irs3-member1-1772982356,removal,remove-irs3-member1-1772982356,16,"[[""reshare_complete"", ""2026-02-28T13:23:53.762520482Z""], [""reshare_ack"", ""2026-03-08T12:05:49.077673571Z""], [""reshare_keygen_start"", ""2026-03-08T12:05:57.901648182Z""], [""removal_propose"", ""2026-03-08T15:05:59.081966311Z""], [""removal_observed"", ""2026-03-08T15:05:59.097008895Z""], [""removal_executed"", ""2026-03-08T15:06:19.566742192Z""]]"
2026-03-08T15:10:08.665641Z,removal_1772982356,removal_wait_reshare,80.67,30.94,2139414165,4785987121,565574,3582085,29889387,79356848,0,0,10004,359,565574,3582085,29879383,79356489,1,ok:1,3.60,1.67,53.93,11.55,6.52,1.66,4,4,1,post,2026-03-08T15:06:19.566742192Z,,229.099,removal_executed,2026-03-08T15:06:19.566742192Z,229.099,,,,remove-irs3-member1-1772982356,removal,remove-irs3-member1-1772982356,16,"[[""reshare_complete"", ""2026-02-28T13:23:53.762520482Z""], [""reshare_ack"", ""2026-03-08T12:05:49.077673571Z""], [""reshare_keygen_start"", ""2026-03-08T12:05:57.901648182Z""], [""removal_propose"", ""2026-03-08T15:05:59.081966311Z""], [""removal_observed"", ""2026-03-08T15:05:59.097008895Z""], [""removal_executed"", ""2026-03-08T15:06:19.566742192Z""]]"
2026-03-08T15:10:09.827052Z,removal_1772982356,removal_wait_reshare,68.62,31.17,2139905673,4791645264,491508,5658143,30380895,85014991,0,0,10004,359,491508,5658143,30370891,85014632,1,ok:1,1.41,1.68,49.18,11.82,11.94,1.70,4,4,1,post,2026-03-08T15:06:19.566742192Z,,230.260,removal_executed,2026-03-08T15:06:19.566742192Z,230.260,,,,remove-irs3-member1-1772982356,removal,remove-irs3-member1-1772982356,16,"[[""reshare_complete"", ""2026-02-28T13:23:53.762520482Z""], [""reshare_ack"", ""2026-03-08T12:05:49.077673571Z""], [""reshare_keygen_start"", ""2026-03-08T12:05:57.901648182Z""], [""removal_propose"", ""2026-03-08T15:05:59.081966311Z""], [""removal_observed"", ""2026-03-08T15:05:59.097008895Z""], [""removal_executed"", ""2026-03-08T15:06:19.566742192Z""]]"
2026-03-08T15:10:10.928578Z,removal_1772982356,removal_wait_reshare,65.65,31.41,2140471550,4794964528,565877,3319264,30946772,88334255,0,0,10004,359,565877,3319264,30936768,88333896,1,ok:1,3.06,1.70,40.48,12.00,5.47,1.71,4,4,1,post,2026-03-08T15:06:19.566742192Z,,231.362,removal_executed,2026-03-08T15:06:19.566742192Z,231.362,,,,remove-irs3-member1-1772982356,removal,remove-irs3-member1-1772982356,16,"[[""reshare_complete"", ""2026-02-28T13:23:53.762520482Z""], [""reshare_ack"", ""2026-03-08T12:05:49.077673571Z""], [""reshare_keygen_start"", ""2026-03-08T12:05:57.901648182Z""], [""removal_propose"", ""2026-03-08T15:05:59.081966311Z""], [""removal_observed"", ""2026-03-08T15:05:59.097008895Z""], [""removal_executed"", ""2026-03-08T15:06:19.566742192Z""]]"
2026-03-08T15:10:12.080033Z,removal_1772982356,removal_wait_reshare,41.88,31.41,2140849281,4795968644,377731,1004116,31324503,89338371,0,0,10004,359,377731,1004116,31314499,89338012,1,ok:1,1.18,1.69,31.29,12.00,7.29,1.71,4,4,1,post,2026-03-08T15:06:19.566742192Z,,232.513,removal_executed,2026-03-08T15:06:19.566742192Z,232.513,,,,remove-irs3-member1-1772982356,removal,remove-irs3-member1-1772982356,16,"[[""reshare_complete"", ""2026-02-28T13:23:53.762520482Z""], [""reshare_ack"", ""2026-03-08T12:05:49.077673571Z""], [""reshare_keygen_start"", ""2026-03-08T12:05:57.901648182Z""], [""removal_propose"", ""2026-03-08T15:05:59.081966311Z""], [""removal_observed"", ""2026-03-08T15:05:59.097008895Z""], [""removal_executed"", ""2026-03-08T15:06:19.566742192Z""]]"
2026-03-08T15:10:13.244633Z,removal_1772982356,removal_wait_reshare,60.23,31.46,2141147476,4798432175,298195,2463531,31622698,91801902,0,0,10004,359,298195,2463531,31612694,91801543,1,ok:1,2.27,1.68,43.41,12.07,5.23,1.71,4,4,1,post,2026-03-08T15:06:19.566742192Z,,233.678,removal_executed,2026-03-08T15:06:19.566742192Z,233.678,,,,remove-irs3-member1-1772982356,removal,remove-irs3-member1-1772982356,16,"[[""reshare_complete"", ""2026-02-28T13:23:53.762520482Z""], [""reshare_ack"", ""2026-03-08T12:05:49.077673571Z""], [""reshare_keygen_start"", ""2026-03-08T12:05:57.901648182Z""], [""removal_propose"", ""2026-03-08T15:05:59.081966311Z""], [""removal_observed"", ""2026-03-08T15:05:59.097008895Z""], [""removal_executed"", ""2026-03-08T15:06:19.566742192Z""]]"
2026-03-08T15:10:14.348269Z,removal_1772982356,removal_wait_reshare,41.85,31.32,2141401635,4801399271,254159,2967096,31876857,94768998,0,0,10004,359,254159,2967096,31866853,94768639,1,ok:1,0.88,1.68,23.79,12.07,3.08,1.54,4,4,1,post,2026-03-08T15:06:19.566742192Z,,234.782,removal_executed,2026-03-08T15:06:19.566742192Z,234.782,,,,remove-irs3-member1-1772982356,removal,remove-irs3-member1-1772982356,16,"[[""reshare_complete"", ""2026-02-28T13:23:53.762520482Z""], [""reshare_ack"", ""2026-03-08T12:05:49.077673571Z""], [""reshare_keygen_start"", ""2026-03-08T12:05:57.901648182Z""], [""removal_propose"", ""2026-03-08T15:05:59.081966311Z""], [""removal_observed"", ""2026-03-08T15:05:59.097008895Z""], [""removal_executed"", ""2026-03-08T15:06:19.566742192Z""]]"
2026-03-08T15:10:15.453375Z,removal_1772982356,removal_wait_reshare,49.88,31.31,2141695223,4804491058,293588,3091787,32170445,97860785,0,0,10004,359,293588,3091787,32160441,97860426,1,ok:1,2.09,1.71,34.34,12.07,6.26,1.54,4,4,1,post,2026-03-08T15:06:19.566742192Z,,235.887,removal_executed,2026-03-08T15:06:19.566742192Z,235.887,,,,remove-irs3-member1-1772982356,removal,remove-irs3-member1-1772982356,16,"[[""reshare_complete"", ""2026-02-28T13:23:53.762520482Z""], [""reshare_ack"", ""2026-03-08T12:05:49.077673571Z""], [""reshare_keygen_start"", ""2026-03-08T12:05:57.901648182Z""], [""removal_propose"", ""2026-03-08T15:05:59.081966311Z""], [""removal_observed"", ""2026-03-08T15:05:59.097008895Z""], [""removal_executed"", ""2026-03-08T15:06:19.566742192Z""]]"
2026-03-08T15:10:16.592298Z,removal_1772982356,removal_wait_reshare,46.60,31.17,2141979112,4807563014,283889,3071956,32454334,100932741,0,0,10004,359,283889,3071956,32444330,100932382,1,ok:1,0.47,1.71,37.94,12.17,7.26,1.41,4,4,1,post,2026-03-08T15:06:19.566742192Z,,237.026,removal_executed,2026-03-08T15:06:19.566742192Z,237.026,,,,remove-irs3-member1-1772982356,removal,remove-irs3-member1-1772982356,16,"[[""reshare_complete"", ""2026-02-28T13:23:53.762520482Z""], [""reshare_ack"", ""2026-03-08T12:05:49.077673571Z""], [""reshare_keygen_start"", ""2026-03-08T12:05:57.901648182Z""], [""removal_propose"", ""2026-03-08T15:05:59.081966311Z""], [""removal_observed"", ""2026-03-08T15:05:59.097008895Z""], [""removal_executed"", ""2026-03-08T15:06:19.566742192Z""]]"
2026-03-08T15:10:17.749191Z,removal_1772982356,removal_wait_reshare,52.62,31.10,2142295088,4808455529,315976,892515,32770310,101825256,0,0,10004,359,315976,892515,32760306,101824897,1,ok:1,2.28,1.69,39.41,12.17,5.01,1.41,4,4,1,post,2026-03-08T15:06:19.566742192Z,,238.182,removal_executed,2026-03-08T15:06:19.566742192Z,238.182,,,,remove-irs3-member1-1772982356,removal,remove-irs3-member1-1772982356,16,"[[""reshare_complete"", ""2026-02-28T13:23:53.762520482Z""], [""reshare_ack"", ""2026-03-08T12:05:49.077673571Z""], [""reshare_keygen_start"", ""2026-03-08T12:05:57.901648182Z""], [""removal_propose"", ""2026-03-08T15:05:59.081966311Z""], [""removal_observed"", ""2026-03-08T15:05:59.097008895Z""], [""removal_executed"", ""2026-03-08T15:06:19.566742192Z""]]"
2026-03-08T15:10:18.856217Z,removal_1772982356,removal_wait_reshare,41.41,31.01,2142430465,4810902306,135377,2446777,32905687,104272033,0,0,10004,359,135377,2446777,32895683,104271674,1,ok:1,1.32,1.67,26.21,12.17,0.66,1.41,4,4,1,post,2026-03-08T15:06:19.566742192Z,,239.289,removal_executed,2026-03-08T15:06:19.566742192Z,239.289,,,,remove-irs3-member1-1772982356,removal,remove-irs3-member1-1772982356,16,"[[""reshare_complete"", ""2026-02-28T13:23:53.762520482Z""], [""reshare_ack"", ""2026-03-08T12:05:49.077673571Z""], [""reshare_keygen_start"", ""2026-03-08T12:05:57.901648182Z""], [""removal_propose"", ""2026-03-08T15:05:59.081966311Z""], [""removal_observed"", ""2026-03-08T15:05:59.097008895Z""], [""removal_executed"", ""2026-03-08T15:06:19.566742192Z""]]"
2026-03-08T15:10:19.957275Z,removal_1772982356,removal_wait_reshare,48.01,31.02,2142768047,4814079061,337582,3176755,33243269,107448788,0,0,10004,359,337582,3176755,33233265,107448429,1,ok:1,0.70,1.68,33.72,12.23,6.09,1.41,4,4,1,post,2026-03-08T15:06:19.566742192Z,,240.391,removal_executed,2026-03-08T15:06:19.566742192Z,240.391,,,,remove-irs3-member1-1772982356,removal,remove-irs3-member1-1772982356,16,"[[""reshare_complete"", ""2026-02-28T13:23:53.762520482Z""], [""reshare_ack"", ""2026-03-08T12:05:49.077673571Z""], [""reshare_keygen_start"", ""2026-03-08T12:05:57.901648182Z""], [""removal_propose"", ""2026-03-08T15:05:59.081966311Z""], [""removal_observed"", ""2026-03-08T15:05:59.097008895Z""], [""removal_executed"", ""2026-03-08T15:06:19.566742192Z""]]"
2026-03-08T15:10:21.058253Z,removal_1772982356,removal_wait_reshare,23.73,31.03,2142925497,4814169809,157450,90748,33400719,107539536,0,0,10004,359,157450,90748,33390715,107539177,1,ok:1,0.00,1.68,18.43,12.23,1.15,1.41,4,4,1,post,2026-03-08T15:06:19.566742192Z,,241.492,removal_executed,2026-03-08T15:06:19.566742192Z,241.492,,,,remove-irs3-member1-1772982356,removal,remove-irs3-member1-1772982356,16,"[[""reshare_complete"", ""2026-02-28T13:23:53.762520482Z""], [""reshare_ack"", ""2026-03-08T12:05:49.077673571Z""], [""reshare_keygen_start"", ""2026-03-08T12:05:57.901648182Z""], [""removal_propose"", ""2026-03-08T15:05:59.081966311Z""], [""removal_observed"", ""2026-03-08T15:05:59.097008895Z""], [""removal_executed"", ""2026-03-08T15:06:19.566742192Z""]]"
2026-03-08T15:10:22.206035Z,removal_1772982356,removal_wait_reshare,39.48,31.02,2143217085,4815236307,291588,1066498,33692307,108606034,0,0,10004,359,291588,1066498,33682303,108605675,1,ok:1,1.42,1.68,32.15,12.23,6.15,1.23,4,4,1,post,2026-03-08T15:06:19.566742192Z,,242.639,removal_executed,2026-03-08T15:06:19.566742192Z,242.639,,,,remove-irs3-member1-1772982356,removal,remove-irs3-member1-1772982356,16,"[[""reshare_complete"", ""2026-02-28T13:23:53.762520482Z""], [""reshare_ack"", ""2026-03-08T12:05:49.077673571Z""], [""reshare_keygen_start"", ""2026-03-08T12:05:57.901648182Z""], [""removal_propose"", ""2026-03-08T15:05:59.081966311Z""], [""removal_observed"", ""2026-03-08T15:05:59.097008895Z""], [""removal_executed"", ""2026-03-08T15:06:19.566742192Z""]]"
2026-03-08T15:10:23.315613Z,removal_1772982356,removal_wait_reshare,41.26,31.02,2143342217,4817457457,125132,2221150,33817439,110827184,0,0,10004,359,125132,2221150,33807435,110826825,1,ok:1,0.67,1.68,29.15,12.23,0.90,1.23,4,4,1,post,2026-03-08T15:06:19.566742192Z,,243.749,removal_executed,2026-03-08T15:06:19.566742192Z,243.749,,,,remove-irs3-member1-1772982356,removal,remove-irs3-member1-1772982356,16,"[[""reshare_complete"", ""2026-02-28T13:23:53.762520482Z""], [""reshare_ack"", ""2026-03-08T12:05:49.077673571Z""], [""reshare_keygen_start"", ""2026-03-08T12:05:57.901648182Z""], [""removal_propose"", ""2026-03-08T15:05:59.081966311Z""], [""removal_observed"", ""2026-03-08T15:05:59.097008895Z""], [""removal_executed"", ""2026-03-08T15:06:19.566742192Z""]]"
2026-03-08T15:10:24.415393Z,removal_1772982356,removal_wait_reshare,45.79,31.06,2143639142,4820671518,296925,3214061,34114364,114041245,0,0,10004,359,296925,3214061,34104360,114040886,1,ok:1,1.40,1.69,32.94,12.24,6.54,1.23,4,4,1,post,2026-03-08T15:06:19.566742192Z,,244.849,removal_executed,2026-03-08T15:06:19.566742192Z,244.849,,,,remove-irs3-member1-1772982356,removal,remove-irs3-member1-1772982356,16,"[[""reshare_complete"", ""2026-02-28T13:23:53.762520482Z""], [""reshare_ack"", ""2026-03-08T12:05:49.077673571Z""], [""reshare_keygen_start"", ""2026-03-08T12:05:57.901648182Z""], [""removal_propose"", ""2026-03-08T15:05:59.081966311Z""], [""removal_observed"", ""2026-03-08T15:05:59.097008895Z""], [""removal_executed"", ""2026-03-08T15:06:19.566742192Z""]]"
2026-03-08T15:10:25.516366Z,removal_1772982356,removal_wait_reshare,29.21,31.07,2143718322,4820756416,79180,84898,34193544,114126143,0,0,10004,359,79180,84898,34183540,114125784,1,ok:1,0.70,1.69,20.79,12.24,0.00,1.23,4,4,1,post,2026-03-08T15:06:19.566742192Z,,245.950,removal_executed,2026-03-08T15:06:19.566742192Z,245.950,,,,remove-irs3-member1-1772982356,removal,remove-irs3-member1-1772982356,16,"[[""reshare_complete"", ""2026-02-28T13:23:53.762520482Z""], [""reshare_ack"", ""2026-03-08T12:05:49.077673571Z""], [""reshare_keygen_start"", ""2026-03-08T12:05:57.901648182Z""], [""removal_propose"", ""2026-03-08T15:05:59.081966311Z""], [""removal_observed"", ""2026-03-08T15:05:59.097008895Z""], [""removal_executed"", ""2026-03-08T15:06:19.566742192Z""]]"
2026-03-08T15:10:26.628631Z,removal_1772982356,removal_wait_reshare,24.82,31.07,2143958210,4820892404,239888,135988,34433432,114262131,0,0,10004,359,239888,135988,34423428,114261772,1,ok:1,0.23,1.69,19.44,12.24,2.11,1.23,4,4,1,post,2026-03-08T15:06:19.566742192Z,,247.062,removal_executed,2026-03-08T15:06:19.566742192Z,247.062,,,,remove-irs3-member1-1772982356,removal,remove-irs3-member1-1772982356,16,"[[""reshare_complete"", ""2026-02-28T13:23:53.762520482Z""], [""reshare_ack"", ""2026-03-08T12:05:49.077673571Z""], [""reshare_keygen_start"", ""2026-03-08T12:05:57.901648182Z""], [""removal_propose"", ""2026-03-08T15:05:59.081966311Z""], [""removal_observed"", ""2026-03-08T15:05:59.097008895Z""], [""removal_executed"", ""2026-03-08T15:06:19.566742192Z""]]"
2026-03-08T15:10:27.731187Z,removal_1772982356,removal_wait_reshare,32.08,31.07,2144062755,4820997088,104545,104684,34537977,114366815,0,0,10004,359,104545,104684,34527973,114366456,1,ok:1,0.70,1.69,26.46,12.24,0.70,1.23,4,4,1,post,2026-03-08T15:06:19.566742192Z,,248.164,removal_executed,2026-03-08T15:06:19.566742192Z,248.164,,,,remove-irs3-member1-1772982356,removal,remove-irs3-member1-1772982356,16,"[[""reshare_complete"", ""2026-02-28T13:23:53.762520482Z""], [""reshare_ack"", ""2026-03-08T12:05:49.077673571Z""], [""reshare_keygen_start"", ""2026-03-08T12:05:57.901648182Z""], [""removal_propose"", ""2026-03-08T15:05:59.081966311Z""], [""removal_observed"", ""2026-03-08T15:05:59.097008895Z""], [""removal_executed"", ""2026-03-08T15:06:19.566742192Z""]]"
2026-03-08T15:10:28.835983Z,removal_1772982356,removal_wait_reshare,53.07,31.07,2144387199,4824387261,324444,3390173,34862421,117756988,0,0,10004,359,324444,3390173,34852417,117756629,1,ok:1,1.18,1.70,37.50,12.24,5.19,1.24,4,4,1,post,2026-03-08T15:06:19.566742192Z,,249.269,removal_executed,2026-03-08T15:06:19.566742192Z,249.269,,,,remove-irs3-member1-1772982356,removal,remove-irs3-member1-1772982356,16,"[[""reshare_complete"", ""2026-02-28T13:23:53.762520482Z""], [""reshare_ack"", ""2026-03-08T12:05:49.077673571Z""], [""reshare_keygen_start"", ""2026-03-08T12:05:57.901648182Z""], [""removal_propose"", ""2026-03-08T15:05:59.081966311Z""], [""removal_observed"", ""2026-03-08T15:05:59.097008895Z""], [""removal_executed"", ""2026-03-08T15:06:19.566742192Z""]]"
2026-03-08T15:10:29.958956Z,removal_1772982356,removal_wait_reshare,24.71,31.11,2144471295,4825415947,84096,1028686,34946517,118785674,0,0,10004,359,84096,1028686,34936513,118785315,1,ok:1,0.00,1.70,24.01,12.24,3.26,1.27,4,4,1,post,2026-03-08T15:06:19.566742192Z,,250.392,removal_executed,2026-03-08T15:06:19.566742192Z,250.392,,,,remove-irs3-member1-1772982356,removal,remove-irs3-member1-1772982356,16,"[[""reshare_complete"", ""2026-02-28T13:23:53.762520482Z""], [""reshare_ack"", ""2026-03-08T12:05:49.077673571Z""], [""reshare_keygen_start"", ""2026-03-08T12:05:57.901648182Z""], [""removal_propose"", ""2026-03-08T15:05:59.081966311Z""], [""removal_observed"", ""2026-03-08T15:05:59.097008895Z""], [""removal_executed"", ""2026-03-08T15:06:19.566742192Z""]]"
2026-03-08T15:10:31.068012Z,removal_1772982356,removal_wait_reshare,28.28,31.11,2144559395,4826397160,88100,981213,35034617,119766887,0,0,10004,359,88100,981213,35024613,119766528,1,ok:1,0.23,1.70,20.23,12.24,0.00,1.27,4,4,1,post,2026-03-08T15:06:19.566742192Z,,251.501,removal_executed,2026-03-08T15:06:19.566742192Z,251.501,,,,remove-irs3-member1-1772982356,removal,remove-irs3-member1-1772982356,16,"[[""reshare_complete"", ""2026-02-28T13:23:53.762520482Z""], [""reshare_ack"", ""2026-03-08T12:05:49.077673571Z""], [""reshare_keygen_start"", ""2026-03-08T12:05:57.901648182Z""], [""removal_propose"", ""2026-03-08T15:05:59.081966311Z""], [""removal_observed"", ""2026-03-08T15:05:59.097008895Z""], [""removal_executed"", ""2026-03-08T15:06:19.566742192Z""]]"
2026-03-08T15:10:32.189365Z,removal_1772982356,removal_wait_reshare,29.14,31.12,2144680155,4826505491,120760,108331,35155377,119875218,0,0,10004,359,120760,108331,35145373,119874859,1,ok:1,0.70,1.70,23.08,12.24,1.40,1.27,4,4,1,post,2026-03-08T15:06:19.566742192Z,,252.623,removal_executed,2026-03-08T15:06:19.566742192Z,252.623,,,,remove-irs3-member1-1772982356,removal,remove-irs3-member1-1772982356,16,"[[""reshare_complete"", ""2026-02-28T13:23:53.762520482Z""], [""reshare_ack"", ""2026-03-08T12:05:49.077673571Z""], [""reshare_keygen_start"", ""2026-03-08T12:05:57.901648182Z""], [""removal_propose"", ""2026-03-08T15:05:59.081966311Z""], [""removal_observed"", ""2026-03-08T15:05:59.097008895Z""], [""removal_executed"", ""2026-03-08T15:06:19.566742192Z""]]"
2026-03-08T15:10:33.293446Z,removal_1772982356,removal_wait_reshare,54.20,31.12,2145035227,4829736194,355072,3230703,35510449,123105921,0,0,10004,359,355072,3230703,35500445,123105562,1,ok:1,2.27,1.65,37.19,12.24,6.12,1.33,4,4,1,post,2026-03-08T15:06:19.566742192Z,,253.727,removal_executed,2026-03-08T15:06:19.566742192Z,253.727,,,,remove-irs3-member1-1772982356,removal,remove-irs3-member1-1772982356,16,"[[""reshare_complete"", ""2026-02-28T13:23:53.762520482Z""], [""reshare_ack"", ""2026-03-08T12:05:49.077673571Z""], [""reshare_keygen_start"", ""2026-03-08T12:05:57.901648182Z""], [""removal_propose"", ""2026-03-08T15:05:59.081966311Z""], [""removal_observed"", ""2026-03-08T15:05:59.097008895Z""], [""removal_executed"", ""2026-03-08T15:06:19.566742192Z""]]"
2026-03-08T15:10:34.433939Z,removal_1772982356,removal_wait_reshare,23.50,31.12,2145238533,4829871483,203306,135289,35713755,123241210,0,0,10004,359,203306,135289,35703751,123240851,1,ok:1,0.00,1.65,17.28,12.24,3.46,1.33,4,4,1,post,2026-03-08T15:06:19.566742192Z,,254.867,removal_executed,2026-03-08T15:06:19.566742192Z,254.867,,,,remove-irs3-member1-1772982356,removal,remove-irs3-member1-1772982356,16,"[[""reshare_complete"", ""2026-02-28T13:23:53.762520482Z""], [""reshare_ack"", ""2026-03-08T12:05:49.077673571Z""], [""reshare_keygen_start"", ""2026-03-08T12:05:57.901648182Z""], [""removal_propose"", ""2026-03-08T15:05:59.081966311Z""], [""removal_observed"", ""2026-03-08T15:05:59.097008895Z""], [""removal_executed"", ""2026-03-08T15:06:19.566742192Z""]]"
2026-03-08T15:10:35.530140Z,removal_1772982356,removal_wait_reshare,40.60,31.13,2145354095,4832129931,115562,2258448,35829317,125499658,0,0,10004,359,115562,2258448,35819313,125499299,1,ok:1,1.83,1.66,28.44,12.24,0.92,1.33,4,4,1,post,2026-03-08T15:06:19.566742192Z,,255.963,removal_executed,2026-03-08T15:06:19.566742192Z,255.963,,,,remove-irs3-member1-1772982356,removal,remove-irs3-member1-1772982356,16,"[[""reshare_complete"", ""2026-02-28T13:23:53.762520482Z""], [""reshare_ack"", ""2026-03-08T12:05:49.077673571Z""], [""reshare_keygen_start"", ""2026-03-08T12:05:57.901648182Z""], [""removal_propose"", ""2026-03-08T15:05:59.081966311Z""], [""removal_observed"", ""2026-03-08T15:05:59.097008895Z""], [""removal_executed"", ""2026-03-08T15:06:19.566742192Z""]]"
2026-03-08T15:10:36.641480Z,removal_1772982356,removal_wait_reshare,23.34,31.13,2145439860,4832201560,85765,71629,35915082,125571287,0,0,10004,359,85765,71629,35905078,125570928,1,ok:1,0.00,1.66,21.05,12.24,0.00,1.33,4,4,1,post,2026-03-08T15:06:19.566742192Z,,257.075,removal_executed,2026-03-08T15:06:19.566742192Z,257.075,,,,remove-irs3-member1-1772982356,removal,remove-irs3-member1-1772982356,16,"[[""reshare_complete"", ""2026-02-28T13:23:53.762520482Z""], [""reshare_ack"", ""2026-03-08T12:05:49.077673571Z""], [""reshare_keygen_start"", ""2026-03-08T12:05:57.901648182Z""], [""removal_propose"", ""2026-03-08T15:05:59.081966311Z""], [""removal_observed"", ""2026-03-08T15:05:59.097008895Z""], [""removal_executed"", ""2026-03-08T15:06:19.566742192Z""]]"
2026-03-08T15:10:37.739927Z,removal_1772982356,removal_wait_reshare,34.89,31.13,2145726603,4832370186,286743,168626,36201825,125739913,0,0,10004,359,286743,168626,36191821,125739554,1,ok:1,1.17,1.66,22.72,12.24,1.87,1.33,4,4,1,post,2026-03-08T15:06:19.566742192Z,,258.173,removal_executed,2026-03-08T15:06:19.566742192Z,258.173,,,,remove-irs3-member1-1772982356,removal,remove-irs3-member1-1772982356,16,"[[""reshare_complete"", ""2026-02-28T13:23:53.762520482Z""], [""reshare_ack"", ""2026-03-08T12:05:49.077673571Z""], [""reshare_keygen_start"", ""2026-03-08T12:05:57.901648182Z""], [""removal_propose"", ""2026-03-08T15:05:59.081966311Z""], [""removal_observed"", ""2026-03-08T15:05:59.097008895Z""], [""removal_executed"", ""2026-03-08T15:06:19.566742192Z""]]"
2026-03-08T15:10:38.864292Z,removal_1772982356,removal_wait_reshare,27.67,31.14,2145899479,4833565171,172876,1194985,36374701,126934898,0,0,10004,359,172876,1194985,36364697,126934539,1,ok:1,0.00,1.66,24.65,12.24,4.65,1.33,4,4,1,post,2026-03-08T15:06:19.566742192Z,,259.298,removal_executed,2026-03-08T15:06:19.566742192Z,259.298,,,,remove-irs3-member1-1772982356,removal,remove-irs3-member1-1772982356,16,"[[""reshare_complete"", ""2026-02-28T13:23:53.762520482Z""], [""reshare_ack"", ""2026-03-08T12:05:49.077673571Z""], [""reshare_keygen_start"", ""2026-03-08T12:05:57.901648182Z""], [""removal_propose"", ""2026-03-08T15:05:59.081966311Z""], [""removal_observed"", ""2026-03-08T15:05:59.097008895Z""], [""removal_executed"", ""2026-03-08T15:06:19.566742192Z""]]"
2026-03-08T15:10:39.962544Z,removal_1772982356,removal_wait_reshare,41.27,31.13,2146043862,4835688575,144383,2123404,36519084,129058302,0,0,10004,359,144383,2123404,36509080,129057943,1,ok:1,1.13,1.67,26.98,12.24,0.68,1.33,4,4,1,post,2026-03-08T15:06:19.566742192Z,,260.396,removal_executed,2026-03-08T15:06:19.566742192Z,260.396,,,,remove-irs3-member1-1772982356,removal,remove-irs3-member1-1772982356,16,"[[""reshare_complete"", ""2026-02-28T13:23:53.762520482Z""], [""reshare_ack"", ""2026-03-08T12:05:49.077673571Z""], [""reshare_keygen_start"", ""2026-03-08T12:05:57.901648182Z""], [""removal_propose"", ""2026-03-08T15:05:59.081966311Z""], [""removal_observed"", ""2026-03-08T15:05:59.097008895Z""], [""removal_executed"", ""2026-03-08T15:06:19.566742192Z""]]"
2026-03-08T15:10:41.059167Z,removal_1772982356,removal_wait_reshare,35.92,31.14,2146161977,4837342666,118115,1654091,36637199,130712393,0,0,10004,359,118115,1654091,36627195,130712034,1,ok:1,0.23,1.67,28.17,12.24,4.23,1.41,4,4,1,post,2026-03-08T15:06:19.566742192Z,,261.492,removal_executed,2026-03-08T15:06:19.566742192Z,261.492,,,,remove-irs3-member1-1772982356,removal,remove-irs3-member1-1772982356,16,"[[""reshare_complete"", ""2026-02-28T13:23:53.762520482Z""], [""reshare_ack"", ""2026-03-08T12:05:49.077673571Z""], [""reshare_keygen_start"", ""2026-03-08T12:05:57.901648182Z""], [""removal_propose"", ""2026-03-08T15:05:59.081966311Z""], [""removal_observed"", ""2026-03-08T15:05:59.097008895Z""], [""removal_executed"", ""2026-03-08T15:06:19.566742192Z""]]"
2026-03-08T15:10:42.161135Z,removal_1772982356,removal_wait_reshare,28.13,31.14,2146233362,4837413060,71385,70394,36708584,130782787,0,0,10004,359,71385,70394,36698580,130782428,1,ok:1,0.71,1.67,21.75,12.24,0.00,1.41,4,4,1,post,2026-03-08T15:06:19.566742192Z,,262.594,removal_executed,2026-03-08T15:06:19.566742192Z,262.594,,,,remove-irs3-member1-1772982356,removal,remove-irs3-member1-1772982356,16,"[[""reshare_complete"", ""2026-02-28T13:23:53.762520482Z""], [""reshare_ack"", ""2026-03-08T12:05:49.077673571Z""], [""reshare_keygen_start"", ""2026-03-08T12:05:57.901648182Z""], [""removal_propose"", ""2026-03-08T15:05:59.081966311Z""], [""removal_observed"", ""2026-03-08T15:05:59.097008895Z""], [""removal_executed"", ""2026-03-08T15:06:19.566742192Z""]]"
2026-03-08T15:10:43.264716Z,removal_1772982356,removal_wait_reshare,28.91,31.14,2146525793,4837566636,292431,153576,37001015,130936363,0,0,10004,359,292431,153576,36991011,130936004,1,ok:1,0.24,1.67,22.99,12.24,1.66,1.41,4,4,1,post,2026-03-08T15:06:19.566742192Z,,263.698,removal_executed,2026-03-08T15:06:19.566742192Z,263.698,,,,remove-irs3-member1-1772982356,removal,remove-irs3-member1-1772982356,16,"[[""reshare_complete"", ""2026-02-28T13:23:53.762520482Z""], [""reshare_ack"", ""2026-03-08T12:05:49.077673571Z""], [""reshare_keygen_start"", ""2026-03-08T12:05:57.901648182Z""], [""removal_propose"", ""2026-03-08T15:05:59.081966311Z""], [""removal_observed"", ""2026-03-08T15:05:59.097008895Z""], [""removal_executed"", ""2026-03-08T15:06:19.566742192Z""]]"
2026-03-08T15:10:44.373493Z,removal_1772982356,removal_wait_reshare,18.82,31.15,2146609785,4837652529,83992,85893,37085007,131022256,0,0,10004,359,83992,85893,37075003,131021897,1,ok:1,0.00,1.67,19.53,12.24,0.24,1.41,4,4,1,post,2026-03-08T15:06:19.566742192Z,,264.807,removal_executed,2026-03-08T15:06:19.566742192Z,264.807,,,,remove-irs3-member1-1772982356,removal,remove-irs3-member1-1772982356,16,"[[""reshare_complete"", ""2026-02-28T13:23:53.762520482Z""], [""reshare_ack"", ""2026-03-08T12:05:49.077673571Z""], [""reshare_keygen_start"", ""2026-03-08T12:05:57.901648182Z""], [""removal_propose"", ""2026-03-08T15:05:59.081966311Z""], [""removal_observed"", ""2026-03-08T15:05:59.097008895Z""], [""removal_executed"", ""2026-03-08T15:06:19.566742192Z""]]"
2026-03-08T15:10:45.468790Z,removal_1772982356,removal_wait_reshare,55.96,31.18,2146868020,4840948658,258235,3296129,37343242,134318385,0,0,10004,359,258235,3296129,37333238,134318026,1,ok:1,2.29,1.66,38.76,12.24,4.82,1.41,4,4,1,post,2026-03-08T15:06:19.566742192Z,,265.902,removal_executed,2026-03-08T15:06:19.566742192Z,265.902,,,,remove-irs3-member1-1772982356,removal,remove-irs3-member1-1772982356,16,"[[""reshare_complete"", ""2026-02-28T13:23:53.762520482Z""], [""reshare_ack"", ""2026-03-08T12:05:49.077673571Z""], [""reshare_keygen_start"", ""2026-03-08T12:05:57.901648182Z""], [""removal_propose"", ""2026-03-08T15:05:59.081966311Z""], [""removal_observed"", ""2026-03-08T15:05:59.097008895Z""], [""removal_executed"", ""2026-03-08T15:06:19.566742192Z""]]"
2026-03-08T15:10:46.568448Z,removal_1772982356,removal_wait_reshare,18.71,31.18,2146922417,4841022656,54397,73998,37397639,134392383,0,0,10004,359,54397,73998,37387635,134392024,1,ok:1,0.00,1.66,13.63,12.24,0.00,1.41,4,4,1,post,2026-03-08T15:06:19.566742192Z,,267.002,removal_executed,2026-03-08T15:06:19.566742192Z,267.002,,,,remove-irs3-member1-1772982356,removal,remove-irs3-member1-1772982356,16,"[[""reshare_complete"", ""2026-02-28T13:23:53.762520482Z""], [""reshare_ack"", ""2026-03-08T12:05:49.077673571Z""], [""reshare_keygen_start"", ""2026-03-08T12:05:57.901648182Z""], [""removal_propose"", ""2026-03-08T15:05:59.081966311Z""], [""removal_observed"", ""2026-03-08T15:05:59.097008895Z""], [""removal_executed"", ""2026-03-08T15:06:19.566742192Z""]]"
2026-03-08T15:10:47.666833Z,removal_1772982356,removal_wait_reshare,42.20,31.18,2147058646,4842398393,136229,1375737,37533868,135768120,0,0,10004,359,136229,1375737,37523864,135767761,1,ok:1,0.69,1.66,31.88,12.24,2.75,1.41,4,4,1,post,2026-03-08T15:06:19.566742192Z,,268.100,removal_executed,2026-03-08T15:06:19.566742192Z,268.100,,,,remove-irs3-member1-1772982356,removal,remove-irs3-member1-1772982356,16,"[[""reshare_complete"", ""2026-02-28T13:23:53.762520482Z""], [""reshare_ack"", ""2026-03-08T12:05:49.077673571Z""], [""reshare_keygen_start"", ""2026-03-08T12:05:57.901648182Z""], [""removal_propose"", ""2026-03-08T15:05:59.081966311Z""], [""removal_observed"", ""2026-03-08T15:05:59.097008895Z""], [""removal_executed"", ""2026-03-08T15:06:19.566742192Z""]]"
2026-03-08T15:10:48.766667Z,removal_1772982356,removal_wait_reshare,23.17,31.18,2147145813,4842486869,87167,88476,37621035,135856596,0,0,10004,359,87167,88476,37611031,135856237,1,ok:1,0.24,1.66,19.62,12.24,0.00,1.41,4,4,1,post,2026-03-08T15:06:19.566742192Z,,269.200,removal_executed,2026-03-08T15:06:19.566742192Z,269.200,,,,remove-irs3-member1-1772982356,removal,remove-irs3-member1-1772982356,16,"[[""reshare_complete"", ""2026-02-28T13:23:53.762520482Z""], [""reshare_ack"", ""2026-03-08T12:05:49.077673571Z""], [""reshare_keygen_start"", ""2026-03-08T12:05:57.901648182Z""], [""removal_propose"", ""2026-03-08T15:05:59.081966311Z""], [""removal_observed"", ""2026-03-08T15:05:59.097008895Z""], [""removal_executed"", ""2026-03-08T15:06:19.566742192Z""]]"
2026-03-08T15:10:49.877421Z,removal_1772982356,removal_wait_reshare,22.90,31.18,2147396535,4842602619,250722,115750,37871757,135972346,0,0,10004,359,250722,115750,37861753,135971987,1,ok:1,0.23,1.66,15.89,12.24,1.64,1.41,4,4,1,post,2026-03-08T15:06:19.566742192Z,,270.311,removal_executed,2026-03-08T15:06:19.566742192Z,270.311,,,,remove-irs3-member1-1772982356,removal,remove-irs3-member1-1772982356,16,"[[""reshare_complete"", ""2026-02-28T13:23:53.762520482Z""], [""reshare_ack"", ""2026-03-08T12:05:49.077673571Z""], [""reshare_keygen_start"", ""2026-03-08T12:05:57.901648182Z""], [""removal_propose"", ""2026-03-08T15:05:59.081966311Z""], [""removal_observed"", ""2026-03-08T15:05:59.097008895Z""], [""removal_executed"", ""2026-03-08T15:06:19.566742192Z""]]"
2026-03-08T15:10:50.983002Z,removal_1772982356,removal_wait_reshare,20.45,31.19,2147470086,4842678858,73551,76239,37945308,136048585,0,0,10004,359,73551,76239,37935304,136048226,1,ok:1,0.00,1.66,16.14,12.24,0.00,1.41,4,4,1,post,2026-03-08T15:06:19.566742192Z,,271.416,removal_executed,2026-03-08T15:06:19.566742192Z,271.416,,,,remove-irs3-member1-1772982356,removal,remove-irs3-member1-1772982356,16,"[[""reshare_complete"", ""2026-02-28T13:23:53.762520482Z""], [""reshare_ack"", ""2026-03-08T12:05:49.077673571Z""], [""reshare_keygen_start"", ""2026-03-08T12:05:57.901648182Z""], [""removal_propose"", ""2026-03-08T15:05:59.081966311Z""], [""removal_observed"", ""2026-03-08T15:05:59.097008895Z""], [""removal_executed"", ""2026-03-08T15:06:19.566742192Z""]]"
2026-03-08T15:10:52.083889Z,removal_1772982356,removal_wait_reshare,50.12,31.19,2147668507,4845932231,198421,3253373,38143729,139301958,0,0,10004,359,198421,3253373,38133725,139301599,1,ok:1,1.41,1.66,35.60,12.24,7.03,1.41,4,4,1,post,2026-03-08T15:06:19.566742192Z,,272.517,removal_executed,2026-03-08T15:06:19.566742192Z,272.517,,,,remove-irs3-member1-1772982356,removal,remove-irs3-member1-1772982356,16,"[[""reshare_complete"", ""2026-02-28T13:23:53.762520482Z""], [""reshare_ack"", ""2026-03-08T12:05:49.077673571Z""], [""reshare_keygen_start"", ""2026-03-08T12:05:57.901648182Z""], [""removal_propose"", ""2026-03-08T15:05:59.081966311Z""], [""removal_observed"", ""2026-03-08T15:05:59.097008895Z""], [""removal_executed"", ""2026-03-08T15:06:19.566742192Z""]]"
2026-03-08T15:10:53.199712Z,removal_1772982356,removal_wait_reshare,31.00,31.17,2147765522,4846025680,97015,93449,38240744,139395407,0,0,10004,359,97015,93449,38230740,139395048,1,ok:1,0.23,1.66,26.11,12.07,0.93,1.41,4,4,1,post,2026-03-08T15:06:19.566742192Z,,273.633,removal_executed,2026-03-08T15:06:19.566742192Z,273.633,,,,remove-irs3-member1-1772982356,removal,remove-irs3-member1-1772982356,16,"[[""reshare_complete"", ""2026-02-28T13:23:53.762520482Z""], [""reshare_ack"", ""2026-03-08T12:05:49.077673571Z""], [""reshare_keygen_start"", ""2026-03-08T12:05:57.901648182Z""], [""removal_propose"", ""2026-03-08T15:05:59.081966311Z""], [""removal_observed"", ""2026-03-08T15:05:59.097008895Z""], [""removal_executed"", ""2026-03-08T15:06:19.566742192Z""]]"
2026-03-08T15:10:54.300405Z,removal_1772982356,removal_wait_reshare,28.41,31.16,2147856939,4847072508,91417,1046828,38332161,140442235,0,0,10004,359,91417,1046828,38322157,140441876,1,ok:1,0.00,1.66,22.40,12.03,1.39,1.41,4,4,1,post,2026-03-08T15:06:19.566742192Z,,274.734,removal_executed,2026-03-08T15:06:19.566742192Z,274.734,,,,remove-irs3-member1-1772982356,removal,remove-irs3-member1-1772982356,16,"[[""reshare_complete"", ""2026-02-28T13:23:53.762520482Z""], [""reshare_ack"", ""2026-03-08T12:05:49.077673571Z""], [""reshare_keygen_start"", ""2026-03-08T12:05:57.901648182Z""], [""removal_propose"", ""2026-03-08T15:05:59.081966311Z""], [""removal_observed"", ""2026-03-08T15:05:59.097008895Z""], [""removal_executed"", ""2026-03-08T15:06:19.566742192Z""]]"
2026-03-08T15:10:55.419717Z,removal_1772982356,removal_wait_reshare,20.43,31.15,2147904371,4847114903,47432,42395,38379593,140484630,0,0,10004,359,47432,42395,38369589,140484271,1,ok:1,0.95,1.66,17.81,12.03,0.24,1.41,4,4,1,post,2026-03-08T15:06:19.566742192Z,,275.853,removal_executed,2026-03-08T15:06:19.566742192Z,275.853,,,,remove-irs3-member1-1772982356,removal,remove-irs3-member1-1772982356,16,"[[""reshare_complete"", ""2026-02-28T13:23:53.762520482Z""], [""reshare_ack"", ""2026-03-08T12:05:49.077673571Z""], [""reshare_keygen_start"", ""2026-03-08T12:05:57.901648182Z""], [""removal_propose"", ""2026-03-08T15:05:59.081966311Z""], [""removal_observed"", ""2026-03-08T15:05:59.097008895Z""], [""removal_executed"", ""2026-03-08T15:06:19.566742192Z""]]"
2026-03-08T15:10:56.521043Z,removal_1772982356,removal_wait_reshare,31.58,31.15,2148222450,4847284415,318079,169512,38697672,140654142,0,0,10004,359,318079,169512,38687668,140653783,1,ok:1,0.00,1.66,22.88,12.03,1.37,1.41,4,4,1,post,2026-03-08T15:06:19.566742192Z,,276.954,removal_executed,2026-03-08T15:06:19.566742192Z,276.954,,,,remove-irs3-member1-1772982356,removal,remove-irs3-member1-1772982356,16,"[[""reshare_complete"", ""2026-02-28T13:23:53.762520482Z""], [""reshare_ack"", ""2026-03-08T12:05:49.077673571Z""], [""reshare_keygen_start"", ""2026-03-08T12:05:57.901648182Z""], [""removal_propose"", ""2026-03-08T15:05:59.081966311Z""], [""removal_observed"", ""2026-03-08T15:05:59.097008895Z""], [""removal_executed"", ""2026-03-08T15:06:19.566742192Z""]]"
2026-03-08T15:10:57.686878Z,removal_1772982356,removal_wait_reshare,41.20,31.14,2148409220,4848898685,186770,1614270,38884442,142268412,0,0,10004,359,186770,1614270,38874438,142268053,1,ok:1,0.69,1.66,37.04,12.03,4.17,1.41,4,4,1,post,2026-03-08T15:06:19.566742192Z,,278.120,removal_executed,2026-03-08T15:06:19.566742192Z,278.120,,,,remove-irs3-member1-1772982356,removal,remove-irs3-member1-1772982356,16,"[[""reshare_complete"", ""2026-02-28T13:23:53.762520482Z""], [""reshare_ack"", ""2026-03-08T12:05:49.077673571Z""], [""reshare_keygen_start"", ""2026-03-08T12:05:57.901648182Z""], [""removal_propose"", ""2026-03-08T15:05:59.081966311Z""], [""removal_observed"", ""2026-03-08T15:05:59.097008895Z""], [""removal_executed"", ""2026-03-08T15:06:19.566742192Z""]]"
2026-03-08T15:10:58.789370Z,removal_1772982356,removal_wait_reshare,33.48,31.14,2148532882,4850542145,123662,1643460,39008104,143911872,0,0,10004,359,123662,1643460,38998100,143911513,1,ok:1,1.33,1.68,20.62,12.03,0.00,1.41,4,4,1,post,2026-03-08T15:06:19.566742192Z,,279.223,removal_executed,2026-03-08T15:06:19.566742192Z,279.223,,,,remove-irs3-member1-1772982356,removal,remove-irs3-member1-1772982356,16,"[[""reshare_complete"", ""2026-02-28T13:23:53.762520482Z""], [""reshare_ack"", ""2026-03-08T12:05:49.077673571Z""], [""reshare_keygen_start"", ""2026-03-08T12:05:57.901648182Z""], [""removal_propose"", ""2026-03-08T15:05:59.081966311Z""], [""removal_observed"", ""2026-03-08T15:05:59.097008895Z""], [""removal_executed"", ""2026-03-08T15:06:19.566742192Z""]]"
2026-03-08T15:10:59.885945Z,removal_1772982356,removal_wait_reshare,28.27,31.14,2148619427,4851583468,86545,1041323,39094649,144953195,0,0,10004,359,86545,1041323,39084645,144952836,1,ok:1,0.00,1.68,23.36,12.03,2.57,1.41,4,4,1,post,2026-03-08T15:06:19.566742192Z,,280.319,removal_executed,2026-03-08T15:06:19.566742192Z,280.319,,,,remove-irs3-member1-1772982356,removal,remove-irs3-member1-1772982356,16,"[[""reshare_complete"", ""2026-02-28T13:23:53.762520482Z""], [""reshare_ack"", ""2026-03-08T12:05:49.077673571Z""], [""reshare_keygen_start"", ""2026-03-08T12:05:57.901648182Z""], [""removal_propose"", ""2026-03-08T15:05:59.081966311Z""], [""removal_observed"", ""2026-03-08T15:05:59.097008895Z""], [""removal_executed"", ""2026-03-08T15:06:19.566742192Z""]]"
2026-03-08T15:11:00.985742Z,removal_1772982356,removal_wait_reshare,19.43,31.14,2148690677,4851658659,71250,75191,39165899,145028386,0,0,10004,359,71250,75191,39155895,145028027,1,ok:1,0.24,1.68,16.82,12.03,0.00,1.41,4,4,1,post,2026-03-08T15:06:19.566742192Z,,281.419,removal_executed,2026-03-08T15:06:19.566742192Z,281.419,,,,remove-irs3-member1-1772982356,removal,remove-irs3-member1-1772982356,16,"[[""reshare_complete"", ""2026-02-28T13:23:53.762520482Z""], [""reshare_ack"", ""2026-03-08T12:05:49.077673571Z""], [""reshare_keygen_start"", ""2026-03-08T12:05:57.901648182Z""], [""removal_propose"", ""2026-03-08T15:05:59.081966311Z""], [""removal_observed"", ""2026-03-08T15:05:59.097008895Z""], [""removal_executed"", ""2026-03-08T15:06:19.566742192Z""]]"
2026-03-08T15:11:02.084011Z,removal_1772982356,removal_wait_reshare,32.32,31.14,2148949981,4851780318,259304,121659,39425203,145150045,0,0,10004,359,259304,121659,39415199,145149686,1,ok:1,0.94,1.68,23.42,12.03,1.64,1.41,4,4,1,post,2026-03-08T15:06:19.566742192Z,,282.517,removal_executed,2026-03-08T15:06:19.566742192Z,282.517,,,,remove-irs3-member1-1772982356,removal,remove-irs3-member1-1772982356,16,"[[""reshare_complete"", ""2026-02-28T13:23:53.762520482Z""], [""reshare_ack"", ""2026-03-08T12:05:49.077673571Z""], [""reshare_keygen_start"", ""2026-03-08T12:05:57.901648182Z""], [""removal_propose"", ""2026-03-08T15:05:59.081966311Z""], [""removal_observed"", ""2026-03-08T15:05:59.097008895Z""], [""removal_executed"", ""2026-03-08T15:06:19.566742192Z""]]"
2026-03-08T15:11:03.184652Z,removal_1772982356,removal_wait_reshare,23.10,31.14,2149044561,4851882412,94580,102094,39519783,145252139,0,0,10004,359,94580,102094,39509779,145251780,1,ok:1,0.00,1.68,21.19,12.03,0.00,1.41,4,4,1,post,2026-03-08T15:06:19.566742192Z,,283.618,removal_executed,2026-03-08T15:06:19.566742192Z,283.618,,,,remove-irs3-member1-1772982356,removal,remove-irs3-member1-1772982356,16,"[[""reshare_complete"", ""2026-02-28T13:23:53.762520482Z""], [""reshare_ack"", ""2026-03-08T12:05:49.077673571Z""], [""reshare_keygen_start"", ""2026-03-08T12:05:57.901648182Z""], [""removal_propose"", ""2026-03-08T15:05:59.081966311Z""], [""removal_observed"", ""2026-03-08T15:05:59.097008895Z""], [""removal_executed"", ""2026-03-08T15:06:19.566742192Z""]]"
2026-03-08T15:11:04.285390Z,removal_1772982356,removal_wait_reshare,45.18,31.14,2149224657,4854716512,180096,2834100,39699879,148086239,0,0,10004,359,180096,2834100,39689875,148085880,1,ok:1,0.94,1.68,32.47,12.03,5.41,1.42,4,4,1,post,2026-03-08T15:06:19.566742192Z,,284.719,removal_executed,2026-03-08T15:06:19.566742192Z,284.719,,,,remove-irs3-member1-1772982356,removal,remove-irs3-member1-1772982356,16,"[[""reshare_complete"", ""2026-02-28T13:23:53.762520482Z""], [""reshare_ack"", ""2026-03-08T12:05:49.077673571Z""], [""reshare_keygen_start"", ""2026-03-08T12:05:57.901648182Z""], [""removal_propose"", ""2026-03-08T15:05:59.081966311Z""], [""removal_observed"", ""2026-03-08T15:05:59.097008895Z""], [""removal_executed"", ""2026-03-08T15:06:19.566742192Z""]]"
2026-03-08T15:11:05.395912Z,removal_1772982356,removal_wait_reshare,23.85,31.14,2149288189,4854783970,63532,67458,39763411,148153697,0,0,10004,359,63532,67458,39753407,148153338,1,ok:1,0.46,1.68,19.27,12.03,0.00,1.42,4,4,1,post,2026-03-08T15:06:19.566742192Z,,285.829,removal_executed,2026-03-08T15:06:19.566742192Z,285.829,,,,remove-irs3-member1-1772982356,removal,remove-irs3-member1-1772982356,16,"[[""reshare_complete"", ""2026-02-28T13:23:53.762520482Z""], [""reshare_ack"", ""2026-03-08T12:05:49.077673571Z""], [""reshare_keygen_start"", ""2026-03-08T12:05:57.901648182Z""], [""removal_propose"", ""2026-03-08T15:05:59.081966311Z""], [""removal_observed"", ""2026-03-08T15:05:59.097008895Z""], [""removal_executed"", ""2026-03-08T15:06:19.566742192Z""]]"
2026-03-08T15:11:06.491969Z,removal_1772982356,removal_wait_reshare,29.63,31.14,2149372243,4855829218,84054,1045248,39847465,149198945,0,0,10004,359,84054,1045248,39837461,149198586,1,ok:1,0.23,1.68,19.91,12.03,2.55,1.42,4,4,1,post,2026-03-08T15:06:19.566742192Z,,286.925,removal_executed,2026-03-08T15:06:19.566742192Z,286.925,,,,remove-irs3-member1-1772982356,removal,remove-irs3-member1-1772982356,16,"[[""reshare_complete"", ""2026-02-28T13:23:53.762520482Z""], [""reshare_ack"", ""2026-03-08T12:05:49.077673571Z""], [""reshare_keygen_start"", ""2026-03-08T12:05:57.901648182Z""], [""removal_propose"", ""2026-03-08T15:05:59.081966311Z""], [""removal_observed"", ""2026-03-08T15:05:59.097008895Z""], [""removal_executed"", ""2026-03-08T15:06:19.566742192Z""]]"
2026-03-08T15:11:07.598444Z,removal_1772982356,removal_wait_reshare,34.13,31.11,2149539723,4855972621,167480,143403,40014945,149342348,0,0,10004,359,167480,143403,40004941,149341989,1,ok:1,1.19,1.68,28.40,11.99,1.43,1.42,4,4,1,post,2026-03-08T15:06:19.566742192Z,,288.032,removal_executed,2026-03-08T15:06:19.566742192Z,288.032,,,,remove-irs3-member1-1772982356,removal,remove-irs3-member1-1772982356,16,"[[""reshare_complete"", ""2026-02-28T13:23:53.762520482Z""], [""reshare_ack"", ""2026-03-08T12:05:49.077673571Z""], [""reshare_keygen_start"", ""2026-03-08T12:05:57.901648182Z""], [""removal_propose"", ""2026-03-08T15:05:59.081966311Z""], [""removal_observed"", ""2026-03-08T15:05:59.097008895Z""], [""removal_executed"", ""2026-03-08T15:06:19.566742192Z""]]"
2026-03-08T15:11:08.695170Z,removal_1772982356,removal_wait_reshare,27.74,31.12,2149730894,4856077644,191171,105023,40206116,149447371,0,0,10004,359,191171,105023,40196112,149447012,1,ok:1,0.00,1.68,24.24,11.94,0.23,1.42,4,4,1,post,2026-03-08T15:06:19.566742192Z,,289.128,removal_executed,2026-03-08T15:06:19.566742192Z,289.128,,,,remove-irs3-member1-1772982356,removal,remove-irs3-member1-1772982356,16,"[[""reshare_complete"", ""2026-02-28T13:23:53.762520482Z""], [""reshare_ack"", ""2026-03-08T12:05:49.077673571Z""], [""reshare_keygen_start"", ""2026-03-08T12:05:57.901648182Z""], [""removal_propose"", ""2026-03-08T15:05:59.081966311Z""], [""removal_observed"", ""2026-03-08T15:05:59.097008895Z""], [""removal_executed"", ""2026-03-08T15:06:19.566742192Z""]]"
2026-03-08T15:11:09.791895Z,removal_1772982356,removal_wait_reshare,38.46,31.08,2149834994,4858526922,104100,2449278,40310216,151896649,0,0,10004,359,104100,2449278,40300212,151896290,1,ok:1,1.17,1.69,27.74,11.88,3.50,1.42,4,4,1,post,2026-03-08T15:06:19.566742192Z,,290.225,removal_executed,2026-03-08T15:06:19.566742192Z,290.225,,,,remove-irs3-member1-1772982356,removal,remove-irs3-member1-1772982356,16,"[[""reshare_complete"", ""2026-02-28T13:23:53.762520482Z""], [""reshare_ack"", ""2026-03-08T12:05:49.077673571Z""], [""reshare_keygen_start"", ""2026-03-08T12:05:57.901648182Z""], [""removal_propose"", ""2026-03-08T15:05:59.081966311Z""], [""removal_observed"", ""2026-03-08T15:05:59.097008895Z""], [""removal_executed"", ""2026-03-08T15:06:19.566742192Z""]]"
2026-03-08T15:11:10.885040Z,removal_1772982356,removal_wait_reshare,21.51,31.08,2149971341,4858644160,136347,117238,40446563,152013887,0,0,10004,359,136347,117238,40436559,152013528,1,ok:1,0.00,1.69,18.20,11.88,0.47,1.42,4,4,1,post,2026-03-08T15:06:19.566742192Z,,291.318,removal_executed,2026-03-08T15:06:19.566742192Z,291.318,,,,remove-irs3-member1-1772982356,removal,remove-irs3-member1-1772982356,16,"[[""reshare_complete"", ""2026-02-28T13:23:53.762520482Z""], [""reshare_ack"", ""2026-03-08T12:05:49.077673571Z""], [""reshare_keygen_start"", ""2026-03-08T12:05:57.901648182Z""], [""removal_propose"", ""2026-03-08T15:05:59.081966311Z""], [""removal_observed"", ""2026-03-08T15:05:59.097008895Z""], [""removal_executed"", ""2026-03-08T15:06:19.566742192Z""]]"
2026-03-08T15:11:11.991460Z,removal_1772982356,removal_wait_reshare,24.06,31.07,2150049986,4858721148,78645,76988,40525208,152090875,0,0,10004,359,78645,76988,40515204,152090516,1,ok:1,0.24,1.69,20.75,11.88,0.00,1.42,4,4,1,post,2026-03-08T15:06:19.566742192Z,,292.425,removal_executed,2026-03-08T15:06:19.566742192Z,292.425,,,,remove-irs3-member1-1772982356,removal,remove-irs3-member1-1772982356,16,"[[""reshare_complete"", ""2026-02-28T13:23:53.762520482Z""], [""reshare_ack"", ""2026-03-08T12:05:49.077673571Z""], [""reshare_keygen_start"", ""2026-03-08T12:05:57.901648182Z""], [""removal_propose"", ""2026-03-08T15:05:59.081966311Z""], [""removal_observed"", ""2026-03-08T15:05:59.097008895Z""], [""removal_executed"", ""2026-03-08T15:06:19.566742192Z""]]"
2026-03-08T15:11:13.093304Z,removal_1772982356,removal_wait_reshare,40.33,31.07,2150174544,4859798406,124558,1077258,40649766,153168133,0,0,10004,359,124558,1077258,40639762,153167774,1,ok:1,1.17,1.69,30.54,11.88,2.33,1.42,4,4,1,post,2026-03-08T15:06:19.566742192Z,,293.527,removal_executed,2026-03-08T15:06:19.566742192Z,293.527,,,,remove-irs3-member1-1772982356,removal,remove-irs3-member1-1772982356,16,"[[""reshare_complete"", ""2026-02-28T13:23:53.762520482Z""], [""reshare_ack"", ""2026-03-08T12:05:49.077673571Z""], [""reshare_keygen_start"", ""2026-03-08T12:05:57.901648182Z""], [""removal_propose"", ""2026-03-08T15:05:59.081966311Z""], [""removal_observed"", ""2026-03-08T15:05:59.097008895Z""], [""removal_executed"", ""2026-03-08T15:06:19.566742192Z""]]"
2026-03-08T15:11:14.198012Z,removal_1772982356,removal_wait_reshare,24.00,31.07,2150389404,4859910316,214860,111910,40864626,153280043,0,0,10004,359,214860,111910,40854622,153279684,1,ok:1,0.47,1.69,19.29,11.88,1.65,1.42,4,4,1,post,2026-03-08T15:06:19.566742192Z,,294.631,removal_executed,2026-03-08T15:06:19.566742192Z,294.631,,,,remove-irs3-member1-1772982356,removal,remove-irs3-member1-1772982356,16,"[[""reshare_complete"", ""2026-02-28T13:23:53.762520482Z""], [""reshare_ack"", ""2026-03-08T12:05:49.077673571Z""], [""reshare_keygen_start"", ""2026-03-08T12:05:57.901648182Z""], [""removal_propose"", ""2026-03-08T15:05:59.081966311Z""], [""removal_observed"", ""2026-03-08T15:05:59.097008895Z""], [""removal_executed"", ""2026-03-08T15:06:19.566742192Z""]]"
2026-03-08T15:11:15.312608Z,removal_1772982356,removal_wait_reshare,17.63,31.07,2150452339,4859963737,62935,53421,40927561,153333464,0,0,10004,359,62935,53421,40917557,153333105,1,ok:1,0.46,1.69,14.62,11.88,0.00,1.42,4,4,1,post,2026-03-08T15:06:19.566742192Z,,295.746,removal_executed,2026-03-08T15:06:19.566742192Z,295.746,,,,remove-irs3-member1-1772982356,removal,remove-irs3-member1-1772982356,16,"[[""reshare_complete"", ""2026-02-28T13:23:53.762520482Z""], [""reshare_ack"", ""2026-03-08T12:05:49.077673571Z""], [""reshare_keygen_start"", ""2026-03-08T12:05:57.901648182Z""], [""removal_propose"", ""2026-03-08T15:05:59.081966311Z""], [""removal_observed"", ""2026-03-08T15:05:59.097008895Z""], [""removal_executed"", ""2026-03-08T15:06:19.566742192Z""]]"
2026-03-08T15:11:16.420036Z,removal_1772982356,removal_wait_reshare,49.65,31.07,2150641821,4862144723,189482,2180986,41117043,155514450,0,0,10004,359,189482,2180986,41107039,155514091,1,ok:1,0.70,1.69,38.00,11.88,3.50,1.42,4,4,1,post,2026-03-08T15:06:19.566742192Z,,296.853,removal_executed,2026-03-08T15:06:19.566742192Z,296.853,,,,remove-irs3-member1-1772982356,removal,remove-irs3-member1-1772982356,16,"[[""reshare_complete"", ""2026-02-28T13:23:53.762520482Z""], [""reshare_ack"", ""2026-03-08T12:05:49.077673571Z""], [""reshare_keygen_start"", ""2026-03-08T12:05:57.901648182Z""], [""removal_propose"", ""2026-03-08T15:05:59.081966311Z""], [""removal_observed"", ""2026-03-08T15:05:59.097008895Z""], [""removal_executed"", ""2026-03-08T15:06:19.566742192Z""]]"
2026-03-08T15:11:17.519036Z,removal_1772982356,removal_wait_reshare,31.06,31.07,2150731470,4862235638,89649,90915,41206692,155605365,0,0,10004,359,89649,90915,41196688,155605006,1,ok:1,0.94,1.69,24.71,11.88,0.00,1.42,4,4,1,post,2026-03-08T15:06:19.566742192Z,,297.952,removal_executed,2026-03-08T15:06:19.566742192Z,297.952,,,,remove-irs3-member1-1772982356,removal,remove-irs3-member1-1772982356,16,"[[""reshare_complete"", ""2026-02-28T13:23:53.762520482Z""], [""reshare_ack"", ""2026-03-08T12:05:49.077673571Z""], [""reshare_keygen_start"", ""2026-03-08T12:05:57.901648182Z""], [""removal_propose"", ""2026-03-08T15:05:59.081966311Z""], [""removal_observed"", ""2026-03-08T15:05:59.097008895Z""], [""removal_executed"", ""2026-03-08T15:06:19.566742192Z""]]"
2026-03-08T15:11:18.631776Z,removal_1772982356,removal_wait_reshare,30.48,31.08,2150820191,4862969232,88721,733594,41295413,156338959,0,0,10004,359,88721,733594,41285409,156338600,1,ok:1,0.69,1.69,24.02,11.88,2.08,1.42,4,4,1,post,2026-03-08T15:06:19.566742192Z,,299.065,removal_executed,2026-03-08T15:06:19.566742192Z,299.065,,,,remove-irs3-member1-1772982356,removal,remove-irs3-member1-1772982356,16,"[[""reshare_complete"", ""2026-02-28T13:23:53.762520482Z""], [""reshare_ack"", ""2026-03-08T12:05:49.077673571Z""], [""reshare_keygen_start"", ""2026-03-08T12:05:57.901648182Z""], [""removal_propose"", ""2026-03-08T15:05:59.081966311Z""], [""removal_observed"", ""2026-03-08T15:05:59.097008895Z""], [""removal_executed"", ""2026-03-08T15:06:19.566742192Z""]]"
2026-03-08T15:11:19.727729Z,removal_1772982356,removal_wait_reshare,23.86,31.08,2150903510,4863052793,83319,83561,41378732,156422520,0,0,10004,359,83319,83561,41368728,156422161,1,ok:1,0.45,1.69,16.82,11.88,0.00,1.42,4,4,1,post,2026-03-08T15:06:19.566742192Z,,300.161,removal_executed,2026-03-08T15:06:19.566742192Z,300.161,,,,remove-irs3-member1-1772982356,removal,remove-irs3-member1-1772982356,16,"[[""reshare_complete"", ""2026-02-28T13:23:53.762520482Z""], [""reshare_ack"", ""2026-03-08T12:05:49.077673571Z""], [""reshare_keygen_start"", ""2026-03-08T12:05:57.901648182Z""], [""removal_propose"", ""2026-03-08T15:05:59.081966311Z""], [""removal_observed"", ""2026-03-08T15:05:59.097008895Z""], [""removal_executed"", ""2026-03-08T15:06:19.566742192Z""]]"
2026-03-08T15:11:20.833143Z,removal_1772982356,removal_wait_reshare,25.52,31.08,2151105280,4863204414,201770,151621,41580502,156574141,0,0,10004,359,201770,151621,41570498,156573782,1,ok:1,0.00,1.69,19.49,11.88,1.39,1.42,4,4,1,post,2026-03-08T15:06:19.566742192Z,,301.266,removal_executed,2026-03-08T15:06:19.566742192Z,301.266,,,,remove-irs3-member1-1772982356,removal,remove-irs3-member1-1772982356,16,"[[""reshare_complete"", ""2026-02-28T13:23:53.762520482Z""], [""reshare_ack"", ""2026-03-08T12:05:49.077673571Z""], [""reshare_keygen_start"", ""2026-03-08T12:05:57.901648182Z""], [""removal_propose"", ""2026-03-08T15:05:59.081966311Z""], [""removal_observed"", ""2026-03-08T15:05:59.097008895Z""], [""removal_executed"", ""2026-03-08T15:06:19.566742192Z""]]"
2026-03-08T15:11:21.962495Z,removal_1772982356,removal_wait_reshare,21.41,31.09,2151176905,4863283062,71625,78648,41652127,156652789,0,0,10004,359,71625,78648,41642123,156652430,1,ok:1,0.24,1.69,21.18,11.88,1.88,1.39,4,4,1,post,2026-03-08T15:06:19.566742192Z,,302.396,removal_executed,2026-03-08T15:06:19.566742192Z,302.396,,,,remove-irs3-member1-1772982356,removal,remove-irs3-member1-1772982356,16,"[[""reshare_complete"", ""2026-02-28T13:23:53.762520482Z""], [""reshare_ack"", ""2026-03-08T12:05:49.077673571Z""], [""reshare_keygen_start"", ""2026-03-08T12:05:57.901648182Z""], [""removal_propose"", ""2026-03-08T15:05:59.081966311Z""], [""removal_observed"", ""2026-03-08T15:05:59.097008895Z""], [""removal_executed"", ""2026-03-08T15:06:19.566742192Z""]]"
2026-03-08T15:11:23.070942Z,removal_1772982356,removal_wait_reshare,47.94,31.06,2151311651,4865117073,134746,1834011,41786873,158486800,0,0,10004,359,134746,1834011,41776869,158486441,1,ok:1,1.61,1.69,33.26,11.88,0.92,1.39,4,4,1,post,2026-03-08T15:06:19.566742192Z,,303.504,removal_executed,2026-03-08T15:06:19.566742192Z,303.504,,,,remove-irs3-member1-1772982356,removal,remove-irs3-member1-1772982356,16,"[[""reshare_complete"", ""2026-02-28T13:23:53.762520482Z""], [""reshare_ack"", ""2026-03-08T12:05:49.077673571Z""], [""reshare_keygen_start"", ""2026-03-08T12:05:57.901648182Z""], [""removal_propose"", ""2026-03-08T15:05:59.081966311Z""], [""removal_observed"", ""2026-03-08T15:05:59.097008895Z""], [""removal_executed"", ""2026-03-08T15:06:19.566742192Z""]]"
