ts,operation,phase,cpu_total_pct,mem_used_pct,rx_bytes,tx_bytes,rx_bytes_interval,tx_bytes_interval,rx_bytes_delta,tx_bytes_delta,control_rx_bytes_interval,control_tx_bytes_interval,control_rx_bytes_delta,control_tx_bytes_delta,rx_bytes_interval_adjusted,tx_bytes_interval_adjusted,rx_bytes_delta_adjusted,tx_bytes_delta_adjusted,control_sampling_ok,control_sampling_note,tss_cpu_pct,tss_mem_pct,peer_cpu_pct,peer_mem_pct,orderer_cpu_pct,orderer_mem_pct,tss_pid_count,peer_pid_count,orderer_pid_count,phase_derived,phase_start_ts,phase_end_ts,phase_elapsed_s,marker_prev,marker_prev_ts,marker_prev_elapsed_s,marker_next,marker_next_ts,marker_next_elapsed_s,proposal_id_derived,workflow_derived,entity_id_derived,epoch_derived,timeline_markers,source_file
2026-03-09T07:38:48.128275Z,csr_1773041927,csr_submit,0.00,18.26,69154288,75239237,0,0,0,0,0,0,0,0,0,0,0,0,1,ok:3,0.00,0.36,0.00,2.16,0.00,0.94,1,1,1,csr_submit,2026-03-09T07:38:47.937459811Z,2026-03-09T07:38:50.065287226Z,0.191,csr_submit,2026-03-09T07:38:47.937459811Z,0.191,csr_observed,2026-03-09T07:38:50.065287226Z,1.937,csr-irs3-1773041927,csr,csr-irs3-1773041927,,"[[""csr_submit"", ""2026-03-09T07:38:47.937459811Z""], [""csr_observed"", ""2026-03-09T07:38:50.065287226Z""], [""csr_vote"", ""2026-03-09T07:38:54.886174316Z""], [""signing_session"", ""2026-03-09T07:38:58.292230815Z""], [""tss_signing"", ""2026-03-09T07:38:58.383025603Z""], [""tss_complete"", ""2026-03-09T07:39:04.648630857Z""], [""partial_sig_submit"", ""2026-03-09T07:39:07.47449064Z""], [""bc_register"", ""2026-03-09T07:39:13.216170082Z""], [""cert_sync"", ""2026-03-09T07:39:28.782509964Z""]]",/opt/fabric/benchmarks/out/suite_20260309_081039/run_009/raw/resources_csr_1773041927.csv
2026-03-09T07:38:49.219855Z,csr_1773041927,csr_submit,3.50,18.26,69155692,75240428,1404,1191,1404,1191,0,0,0,0,1404,1191,1404,1191,1,ok:3,0.00,0.36,1.17,2.16,0.00,0.94,1,1,1,csr_submit,2026-03-09T07:38:47.937459811Z,2026-03-09T07:38:50.065287226Z,1.282,csr_submit,2026-03-09T07:38:47.937459811Z,1.282,csr_observed,2026-03-09T07:38:50.065287226Z,0.845,csr-irs3-1773041927,csr,csr-irs3-1773041927,,"[[""csr_submit"", ""2026-03-09T07:38:47.937459811Z""], [""csr_observed"", ""2026-03-09T07:38:50.065287226Z""], [""csr_vote"", ""2026-03-09T07:38:54.886174316Z""], [""signing_session"", ""2026-03-09T07:38:58.292230815Z""], [""tss_signing"", ""2026-03-09T07:38:58.383025603Z""], [""tss_complete"", ""2026-03-09T07:39:04.648630857Z""], [""partial_sig_submit"", ""2026-03-09T07:39:07.47449064Z""], [""bc_register"", ""2026-03-09T07:39:13.216170082Z""], [""cert_sync"", ""2026-03-09T07:39:28.782509964Z""]]",/opt/fabric/benchmarks/out/suite_20260309_081039/run_009/raw/resources_csr_1773041927.csv
2026-03-09T07:38:50.303859Z,csr_1773041927,csr_wait_cert,14.02,18.26,69166916,75283926,11224,43498,12628,44689,0,0,0,0,11224,43498,12628,44689,1,ok:1,0.93,0.36,6.54,2.16,0.23,0.94,1,1,1,csr_observed,2026-03-09T07:38:50.065287226Z,2026-03-09T07:38:54.886174316Z,0.239,csr_observed,2026-03-09T07:38:50.065287226Z,0.239,csr_vote,2026-03-09T07:38:54.886174316Z,4.582,csr-irs3-1773041927,csr,csr-irs3-1773041927,,"[[""csr_submit"", ""2026-03-09T07:38:47.937459811Z""], [""csr_observed"", ""2026-03-09T07:38:50.065287226Z""], [""csr_vote"", ""2026-03-09T07:38:54.886174316Z""], [""signing_session"", ""2026-03-09T07:38:58.292230815Z""], [""tss_signing"", ""2026-03-09T07:38:58.383025603Z""], [""tss_complete"", ""2026-03-09T07:39:04.648630857Z""], [""partial_sig_submit"", ""2026-03-09T07:39:07.47449064Z""], [""bc_register"", ""2026-03-09T07:39:13.216170082Z""], [""cert_sync"", ""2026-03-09T07:39:28.782509964Z""]]",/opt/fabric/benchmarks/out/suite_20260309_081039/run_009/raw/resources_csr_1773041927.csv
2026-03-09T07:38:51.394882Z,csr_1773041927,csr_wait_cert,5.83,18.26,69184797,75297657,17881,13731,30509,58420,0,0,0,0,17881,13731,30509,58420,1,ok:1,0.00,0.36,2.56,2.16,0.23,0.94,1,1,1,csr_observed,2026-03-09T07:38:50.065287226Z,2026-03-09T07:38:54.886174316Z,1.330,csr_observed,2026-03-09T07:38:50.065287226Z,1.330,csr_vote,2026-03-09T07:38:54.886174316Z,3.491,csr-irs3-1773041927,csr,csr-irs3-1773041927,,"[[""csr_submit"", ""2026-03-09T07:38:47.937459811Z""], [""csr_observed"", ""2026-03-09T07:38:50.065287226Z""], [""csr_vote"", ""2026-03-09T07:38:54.886174316Z""], [""signing_session"", ""2026-03-09T07:38:58.292230815Z""], [""tss_signing"", ""2026-03-09T07:38:58.383025603Z""], [""tss_complete"", ""2026-03-09T07:39:04.648630857Z""], [""partial_sig_submit"", ""2026-03-09T07:39:07.47449064Z""], [""bc_register"", ""2026-03-09T07:39:13.216170082Z""], [""cert_sync"", ""2026-03-09T07:39:28.782509964Z""]]",/opt/fabric/benchmarks/out/suite_20260309_081039/run_009/raw/resources_csr_1773041927.csv
2026-03-09T07:38:52.485578Z,csr_1773041927,csr_wait_cert,8.08,18.26,69218164,75317173,33367,19516,63876,77936,0,0,0,0,33367,19516,63876,77936,1,ok:1,0.23,0.36,3.00,2.16,0.92,0.94,1,1,1,csr_observed,2026-03-09T07:38:50.065287226Z,2026-03-09T07:38:54.886174316Z,2.420,csr_observed,2026-03-09T07:38:50.065287226Z,2.420,csr_vote,2026-03-09T07:38:54.886174316Z,2.401,csr-irs3-1773041927,csr,csr-irs3-1773041927,,"[[""csr_submit"", ""2026-03-09T07:38:47.937459811Z""], [""csr_observed"", ""2026-03-09T07:38:50.065287226Z""], [""csr_vote"", ""2026-03-09T07:38:54.886174316Z""], [""signing_session"", ""2026-03-09T07:38:58.292230815Z""], [""tss_signing"", ""2026-03-09T07:38:58.383025603Z""], [""tss_complete"", ""2026-03-09T07:39:04.648630857Z""], [""partial_sig_submit"", ""2026-03-09T07:39:07.47449064Z""], [""bc_register"", ""2026-03-09T07:39:13.216170082Z""], [""cert_sync"", ""2026-03-09T07:39:28.782509964Z""]]",/opt/fabric/benchmarks/out/suite_20260309_081039/run_009/raw/resources_csr_1773041927.csv
2026-03-09T07:38:53.575593Z,csr_1773041927,csr_wait_cert,10.98,18.27,69269019,75469170,50855,151997,114731,229933,0,0,0,0,50855,151997,114731,229933,1,ok:1,0.70,0.36,5.14,2.16,1.40,0.94,1,1,1,csr_observed,2026-03-09T07:38:50.065287226Z,2026-03-09T07:38:54.886174316Z,3.510,csr_observed,2026-03-09T07:38:50.065287226Z,3.510,csr_vote,2026-03-09T07:38:54.886174316Z,1.311,csr-irs3-1773041927,csr,csr-irs3-1773041927,,"[[""csr_submit"", ""2026-03-09T07:38:47.937459811Z""], [""csr_observed"", ""2026-03-09T07:38:50.065287226Z""], [""csr_vote"", ""2026-03-09T07:38:54.886174316Z""], [""signing_session"", ""2026-03-09T07:38:58.292230815Z""], [""tss_signing"", ""2026-03-09T07:38:58.383025603Z""], [""tss_complete"", ""2026-03-09T07:39:04.648630857Z""], [""partial_sig_submit"", ""2026-03-09T07:39:07.47449064Z""], [""bc_register"", ""2026-03-09T07:39:13.216170082Z""], [""cert_sync"", ""2026-03-09T07:39:28.782509964Z""]]",/opt/fabric/benchmarks/out/suite_20260309_081039/run_009/raw/resources_csr_1773041927.csv
2026-03-09T07:38:54.667573Z,csr_1773041927,csr_wait_cert,6.70,18.27,69276883,75475796,7864,6626,122595,236559,0,0,0,0,7864,6626,122595,236559,1,ok:1,0.00,0.36,2.31,2.16,0.00,0.94,1,1,1,csr_observed,2026-03-09T07:38:50.065287226Z,2026-03-09T07:38:54.886174316Z,4.602,csr_observed,2026-03-09T07:38:50.065287226Z,4.602,csr_vote,2026-03-09T07:38:54.886174316Z,0.219,csr-irs3-1773041927,csr,csr-irs3-1773041927,,"[[""csr_submit"", ""2026-03-09T07:38:47.937459811Z""], [""csr_observed"", ""2026-03-09T07:38:50.065287226Z""], [""csr_vote"", ""2026-03-09T07:38:54.886174316Z""], [""signing_session"", ""2026-03-09T07:38:58.292230815Z""], [""tss_signing"", ""2026-03-09T07:38:58.383025603Z""], [""tss_complete"", ""2026-03-09T07:39:04.648630857Z""], [""partial_sig_submit"", ""2026-03-09T07:39:07.47449064Z""], [""bc_register"", ""2026-03-09T07:39:13.216170082Z""], [""cert_sync"", ""2026-03-09T07:39:28.782509964Z""]]",/opt/fabric/benchmarks/out/suite_20260309_081039/run_009/raw/resources_csr_1773041927.csv
2026-03-09T07:38:55.758362Z,csr_1773041927,csr_wait_cert,17.52,18.28,69321912,75639683,45029,163887,167624,400446,0,0,0,0,45029,163887,167624,400446,1,ok:1,1.17,0.37,9.81,2.16,1.17,0.94,1,1,1,csr_vote,2026-03-09T07:38:54.886174316Z,2026-03-09T07:38:58.292230815Z,0.872,csr_vote,2026-03-09T07:38:54.886174316Z,0.872,signing_session,2026-03-09T07:38:58.292230815Z,2.534,csr-irs3-1773041927,csr,csr-irs3-1773041927,,"[[""csr_submit"", ""2026-03-09T07:38:47.937459811Z""], [""csr_observed"", ""2026-03-09T07:38:50.065287226Z""], [""csr_vote"", ""2026-03-09T07:38:54.886174316Z""], [""signing_session"", ""2026-03-09T07:38:58.292230815Z""], [""tss_signing"", ""2026-03-09T07:38:58.383025603Z""], [""tss_complete"", ""2026-03-09T07:39:04.648630857Z""], [""partial_sig_submit"", ""2026-03-09T07:39:07.47449064Z""], [""bc_register"", ""2026-03-09T07:39:13.216170082Z""], [""cert_sync"", ""2026-03-09T07:39:28.782509964Z""]]",/opt/fabric/benchmarks/out/suite_20260309_081039/run_009/raw/resources_csr_1773041927.csv
2026-03-09T07:38:56.849983Z,csr_1773041927,csr_wait_cert,10.19,18.28,69325019,75642617,3107,2934,170731,403380,0,0,0,0,3107,2934,170731,403380,1,ok:1,0.23,0.37,3.01,2.16,0.23,0.94,1,1,1,csr_vote,2026-03-09T07:38:54.886174316Z,2026-03-09T07:38:58.292230815Z,1.964,csr_vote,2026-03-09T07:38:54.886174316Z,1.964,signing_session,2026-03-09T07:38:58.292230815Z,1.442,csr-irs3-1773041927,csr,csr-irs3-1773041927,,"[[""csr_submit"", ""2026-03-09T07:38:47.937459811Z""], [""csr_observed"", ""2026-03-09T07:38:50.065287226Z""], [""csr_vote"", ""2026-03-09T07:38:54.886174316Z""], [""signing_session"", ""2026-03-09T07:38:58.292230815Z""], [""tss_signing"", ""2026-03-09T07:38:58.383025603Z""], [""tss_complete"", ""2026-03-09T07:39:04.648630857Z""], [""partial_sig_submit"", ""2026-03-09T07:39:07.47449064Z""], [""bc_register"", ""2026-03-09T07:39:13.216170082Z""], [""cert_sync"", ""2026-03-09T07:39:28.782509964Z""]]",/opt/fabric/benchmarks/out/suite_20260309_081039/run_009/raw/resources_csr_1773041927.csv
2026-03-09T07:38:57.938725Z,csr_1773041927,csr_wait_cert,6.94,18.28,69341978,75759972,16959,117355,187690,520735,0,0,0,0,16959,117355,187690,520735,1,ok:1,0.46,0.37,3.01,2.16,0.46,0.94,1,1,1,csr_vote,2026-03-09T07:38:54.886174316Z,2026-03-09T07:38:58.292230815Z,3.053,csr_vote,2026-03-09T07:38:54.886174316Z,3.053,signing_session,2026-03-09T07:38:58.292230815Z,0.354,csr-irs3-1773041927,csr,csr-irs3-1773041927,,"[[""csr_submit"", ""2026-03-09T07:38:47.937459811Z""], [""csr_observed"", ""2026-03-09T07:38:50.065287226Z""], [""csr_vote"", ""2026-03-09T07:38:54.886174316Z""], [""signing_session"", ""2026-03-09T07:38:58.292230815Z""], [""tss_signing"", ""2026-03-09T07:38:58.383025603Z""], [""tss_complete"", ""2026-03-09T07:39:04.648630857Z""], [""partial_sig_submit"", ""2026-03-09T07:39:07.47449064Z""], [""bc_register"", ""2026-03-09T07:39:13.216170082Z""], [""cert_sync"", ""2026-03-09T07:39:28.782509964Z""]]",/opt/fabric/benchmarks/out/suite_20260309_081039/run_009/raw/resources_csr_1773041927.csv
2026-03-09T07:38:59.019982Z,csr_1773041927,csr_wait_cert,27.88,18.28,69409789,75805348,67811,45376,255501,566111,0,0,0,0,67811,45376,255501,566111,1,ok:1,16.36,0.33,6.22,2.16,0.46,0.94,1,1,1,tss_signing,2026-03-09T07:38:58.383025603Z,2026-03-09T07:39:04.648630857Z,0.637,tss_signing,2026-03-09T07:38:58.383025603Z,0.637,tss_complete,2026-03-09T07:39:04.648630857Z,5.629,csr-irs3-1773041927,csr,csr-irs3-1773041927,,"[[""csr_submit"", ""2026-03-09T07:38:47.937459811Z""], [""csr_observed"", ""2026-03-09T07:38:50.065287226Z""], [""csr_vote"", ""2026-03-09T07:38:54.886174316Z""], [""signing_session"", ""2026-03-09T07:38:58.292230815Z""], [""tss_signing"", ""2026-03-09T07:38:58.383025603Z""], [""tss_complete"", ""2026-03-09T07:39:04.648630857Z""], [""partial_sig_submit"", ""2026-03-09T07:39:07.47449064Z""], [""bc_register"", ""2026-03-09T07:39:13.216170082Z""], [""cert_sync"", ""2026-03-09T07:39:28.782509964Z""]]",/opt/fabric/benchmarks/out/suite_20260309_081039/run_009/raw/resources_csr_1773041927.csv
2026-03-09T07:39:00.106340Z,csr_1773041927,csr_wait_cert,21.23,18.29,69457558,75866262,47769,60914,303270,627025,0,0,0,0,47769,60914,303270,627025,1,ok:1,16.04,0.35,0.71,2.16,0.24,0.94,1,1,1,tss_signing,2026-03-09T07:38:58.383025603Z,2026-03-09T07:39:04.648630857Z,1.723,tss_signing,2026-03-09T07:38:58.383025603Z,1.723,tss_complete,2026-03-09T07:39:04.648630857Z,4.542,csr-irs3-1773041927,csr,csr-irs3-1773041927,,"[[""csr_submit"", ""2026-03-09T07:38:47.937459811Z""], [""csr_observed"", ""2026-03-09T07:38:50.065287226Z""], [""csr_vote"", ""2026-03-09T07:38:54.886174316Z""], [""signing_session"", ""2026-03-09T07:38:58.292230815Z""], [""tss_signing"", ""2026-03-09T07:38:58.383025603Z""], [""tss_complete"", ""2026-03-09T07:39:04.648630857Z""], [""partial_sig_submit"", ""2026-03-09T07:39:07.47449064Z""], [""bc_register"", ""2026-03-09T07:39:13.216170082Z""], [""cert_sync"", ""2026-03-09T07:39:28.782509964Z""]]",/opt/fabric/benchmarks/out/suite_20260309_081039/run_009/raw/resources_csr_1773041927.csv
2026-03-09T07:39:01.199691Z,csr_1773041927,csr_wait_cert,12.04,18.30,69470702,75942649,13144,76387,316414,703412,0,0,0,0,13144,76387,316414,703412,1,ok:1,0.69,0.31,2.78,2.16,0.69,0.94,1,1,1,tss_signing,2026-03-09T07:38:58.383025603Z,2026-03-09T07:39:04.648630857Z,2.817,tss_signing,2026-03-09T07:38:58.383025603Z,2.817,tss_complete,2026-03-09T07:39:04.648630857Z,3.449,csr-irs3-1773041927,csr,csr-irs3-1773041927,,"[[""csr_submit"", ""2026-03-09T07:38:47.937459811Z""], [""csr_observed"", ""2026-03-09T07:38:50.065287226Z""], [""csr_vote"", ""2026-03-09T07:38:54.886174316Z""], [""signing_session"", ""2026-03-09T07:38:58.292230815Z""], [""tss_signing"", ""2026-03-09T07:38:58.383025603Z""], [""tss_complete"", ""2026-03-09T07:39:04.648630857Z""], [""partial_sig_submit"", ""2026-03-09T07:39:07.47449064Z""], [""bc_register"", ""2026-03-09T07:39:13.216170082Z""], [""cert_sync"", ""2026-03-09T07:39:28.782509964Z""]]",/opt/fabric/benchmarks/out/suite_20260309_081039/run_009/raw/resources_csr_1773041927.csv
2026-03-09T07:39:02.365085Z,csr_1773041927,csr_wait_cert,51.63,18.30,69496560,75956984,25858,14335,342272,717747,0,0,0,0,25858,14335,342272,717747,1,ok:1,49.30,0.31,4.19,2.16,0.00,0.94,1,1,1,tss_signing,2026-03-09T07:38:58.383025603Z,2026-03-09T07:39:04.648630857Z,3.982,tss_signing,2026-03-09T07:38:58.383025603Z,3.982,tss_complete,2026-03-09T07:39:04.648630857Z,2.284,csr-irs3-1773041927,csr,csr-irs3-1773041927,,"[[""csr_submit"", ""2026-03-09T07:38:47.937459811Z""], [""csr_observed"", ""2026-03-09T07:38:50.065287226Z""], [""csr_vote"", ""2026-03-09T07:38:54.886174316Z""], [""signing_session"", ""2026-03-09T07:38:58.292230815Z""], [""tss_signing"", ""2026-03-09T07:38:58.383025603Z""], [""tss_complete"", ""2026-03-09T07:39:04.648630857Z""], [""partial_sig_submit"", ""2026-03-09T07:39:07.47449064Z""], [""bc_register"", ""2026-03-09T07:39:13.216170082Z""], [""cert_sync"", ""2026-03-09T07:39:28.782509964Z""]]",/opt/fabric/benchmarks/out/suite_20260309_081039/run_009/raw/resources_csr_1773041927.csv
2026-03-09T07:39:03.525725Z,csr_1773041927,csr_wait_cert,93.78,18.30,69567156,76032802,70596,75818,412868,793565,0,0,0,0,70596,75818,412868,793565,1,ok:1,88.84,0.32,1.50,2.16,0.00,0.94,1,1,1,tss_signing,2026-03-09T07:38:58.383025603Z,2026-03-09T07:39:04.648630857Z,5.143,tss_signing,2026-03-09T07:38:58.383025603Z,5.143,tss_complete,2026-03-09T07:39:04.648630857Z,1.123,csr-irs3-1773041927,csr,csr-irs3-1773041927,,"[[""csr_submit"", ""2026-03-09T07:38:47.937459811Z""], [""csr_observed"", ""2026-03-09T07:38:50.065287226Z""], [""csr_vote"", ""2026-03-09T07:38:54.886174316Z""], [""signing_session"", ""2026-03-09T07:38:58.292230815Z""], [""tss_signing"", ""2026-03-09T07:38:58.383025603Z""], [""tss_complete"", ""2026-03-09T07:39:04.648630857Z""], [""partial_sig_submit"", ""2026-03-09T07:39:07.47449064Z""], [""bc_register"", ""2026-03-09T07:39:13.216170082Z""], [""cert_sync"", ""2026-03-09T07:39:28.782509964Z""]]",/opt/fabric/benchmarks/out/suite_20260309_081039/run_009/raw/resources_csr_1773041927.csv
2026-03-09T07:39:04.620924Z,csr_1773041927,csr_wait_cert,87.37,18.31,69676462,76140052,109306,107250,522174,900815,0,0,0,0,109306,107250,522174,900815,1,ok:1,79.66,0.32,1.07,2.16,0.00,0.94,1,1,1,tss_signing,2026-03-09T07:38:58.383025603Z,2026-03-09T07:39:04.648630857Z,6.238,tss_signing,2026-03-09T07:38:58.383025603Z,6.238,tss_complete,2026-03-09T07:39:04.648630857Z,0.028,csr-irs3-1773041927,csr,csr-irs3-1773041927,,"[[""csr_submit"", ""2026-03-09T07:38:47.937459811Z""], [""csr_observed"", ""2026-03-09T07:38:50.065287226Z""], [""csr_vote"", ""2026-03-09T07:38:54.886174316Z""], [""signing_session"", ""2026-03-09T07:38:58.292230815Z""], [""tss_signing"", ""2026-03-09T07:38:58.383025603Z""], [""tss_complete"", ""2026-03-09T07:39:04.648630857Z""], [""partial_sig_submit"", ""2026-03-09T07:39:07.47449064Z""], [""bc_register"", ""2026-03-09T07:39:13.216170082Z""], [""cert_sync"", ""2026-03-09T07:39:28.782509964Z""]]",/opt/fabric/benchmarks/out/suite_20260309_081039/run_009/raw/resources_csr_1773041927.csv
2026-03-09T07:39:05.710008Z,csr_1773041927,csr_wait_cert,18.68,18.32,69828488,76396710,152026,256658,674200,1157473,0,0,0,0,152026,256658,674200,1157473,1,ok:1,4.02,0.32,6.86,2.16,2.36,0.94,1,1,1,tss_complete,2026-03-09T07:39:04.648630857Z,2026-03-09T07:39:07.47449064Z,1.061,tss_complete,2026-03-09T07:39:04.648630857Z,1.061,partial_sig_submit,2026-03-09T07:39:07.47449064Z,1.764,csr-irs3-1773041927,csr,csr-irs3-1773041927,,"[[""csr_submit"", ""2026-03-09T07:38:47.937459811Z""], [""csr_observed"", ""2026-03-09T07:38:50.065287226Z""], [""csr_vote"", ""2026-03-09T07:38:54.886174316Z""], [""signing_session"", ""2026-03-09T07:38:58.292230815Z""], [""tss_signing"", ""2026-03-09T07:38:58.383025603Z""], [""tss_complete"", ""2026-03-09T07:39:04.648630857Z""], [""partial_sig_submit"", ""2026-03-09T07:39:07.47449064Z""], [""bc_register"", ""2026-03-09T07:39:13.216170082Z""], [""cert_sync"", ""2026-03-09T07:39:28.782509964Z""]]",/opt/fabric/benchmarks/out/suite_20260309_081039/run_009/raw/resources_csr_1773041927.csv
2026-03-09T07:39:06.801982Z,csr_1773041927,csr_wait_cert,6.93,18.32,69840022,76406043,11534,9333,685734,1166806,0,0,0,0,11534,9333,685734,1166806,1,ok:1,0.23,0.32,3.70,2.16,0.00,0.94,1,1,1,tss_complete,2026-03-09T07:39:04.648630857Z,2026-03-09T07:39:07.47449064Z,2.153,tss_complete,2026-03-09T07:39:04.648630857Z,2.153,partial_sig_submit,2026-03-09T07:39:07.47449064Z,0.673,csr-irs3-1773041927,csr,csr-irs3-1773041927,,"[[""csr_submit"", ""2026-03-09T07:38:47.937459811Z""], [""csr_observed"", ""2026-03-09T07:38:50.065287226Z""], [""csr_vote"", ""2026-03-09T07:38:54.886174316Z""], [""signing_session"", ""2026-03-09T07:38:58.292230815Z""], [""tss_signing"", ""2026-03-09T07:38:58.383025603Z""], [""tss_complete"", ""2026-03-09T07:39:04.648630857Z""], [""partial_sig_submit"", ""2026-03-09T07:39:07.47449064Z""], [""bc_register"", ""2026-03-09T07:39:13.216170082Z""], [""cert_sync"", ""2026-03-09T07:39:28.782509964Z""]]",/opt/fabric/benchmarks/out/suite_20260309_081039/run_009/raw/resources_csr_1773041927.csv
2026-03-09T07:39:07.892709Z,csr_1773041927,csr_wait_cert,12.50,18.32,69849145,76530733,9123,124690,694857,1291496,0,0,0,0,9123,124690,694857,1291496,1,ok:1,0.69,0.32,5.79,2.16,0.46,0.94,1,1,1,partial_sig_submit,2026-03-09T07:39:07.47449064Z,2026-03-09T07:39:13.216170082Z,0.418,partial_sig_submit,2026-03-09T07:39:07.47449064Z,0.418,bc_register,2026-03-09T07:39:13.216170082Z,5.323,csr-irs3-1773041927,csr,csr-irs3-1773041927,,"[[""csr_submit"", ""2026-03-09T07:38:47.937459811Z""], [""csr_observed"", ""2026-03-09T07:38:50.065287226Z""], [""csr_vote"", ""2026-03-09T07:38:54.886174316Z""], [""signing_session"", ""2026-03-09T07:38:58.292230815Z""], [""tss_signing"", ""2026-03-09T07:38:58.383025603Z""], [""tss_complete"", ""2026-03-09T07:39:04.648630857Z""], [""partial_sig_submit"", ""2026-03-09T07:39:07.47449064Z""], [""bc_register"", ""2026-03-09T07:39:13.216170082Z""], [""cert_sync"", ""2026-03-09T07:39:28.782509964Z""]]",/opt/fabric/benchmarks/out/suite_20260309_081039/run_009/raw/resources_csr_1773041927.csv
2026-03-09T07:39:08.981929Z,csr_1773041927,csr_wait_cert,6.94,18.32,69883407,76541225,34262,10492,729119,1301988,0,0,0,0,34262,10492,729119,1301988,1,ok:1,0.23,0.32,2.55,2.16,0.69,0.94,1,1,1,partial_sig_submit,2026-03-09T07:39:07.47449064Z,2026-03-09T07:39:13.216170082Z,1.507,partial_sig_submit,2026-03-09T07:39:07.47449064Z,1.507,bc_register,2026-03-09T07:39:13.216170082Z,4.234,csr-irs3-1773041927,csr,csr-irs3-1773041927,,"[[""csr_submit"", ""2026-03-09T07:38:47.937459811Z""], [""csr_observed"", ""2026-03-09T07:38:50.065287226Z""], [""csr_vote"", ""2026-03-09T07:38:54.886174316Z""], [""signing_session"", ""2026-03-09T07:38:58.292230815Z""], [""tss_signing"", ""2026-03-09T07:38:58.383025603Z""], [""tss_complete"", ""2026-03-09T07:39:04.648630857Z""], [""partial_sig_submit"", ""2026-03-09T07:39:07.47449064Z""], [""bc_register"", ""2026-03-09T07:39:13.216170082Z""], [""cert_sync"", ""2026-03-09T07:39:28.782509964Z""]]",/opt/fabric/benchmarks/out/suite_20260309_081039/run_009/raw/resources_csr_1773041927.csv
2026-03-09T07:39:10.068088Z,csr_1773041927,csr_wait_cert,6.94,18.32,69897064,76662055,13657,120830,742776,1422818,0,0,0,0,13657,120830,742776,1422818,1,ok:1,0.23,0.32,3.70,2.16,0.69,0.94,1,1,1,partial_sig_submit,2026-03-09T07:39:07.47449064Z,2026-03-09T07:39:13.216170082Z,2.594,partial_sig_submit,2026-03-09T07:39:07.47449064Z,2.594,bc_register,2026-03-09T07:39:13.216170082Z,3.148,csr-irs3-1773041927,csr,csr-irs3-1773041927,,"[[""csr_submit"", ""2026-03-09T07:38:47.937459811Z""], [""csr_observed"", ""2026-03-09T07:38:50.065287226Z""], [""csr_vote"", ""2026-03-09T07:38:54.886174316Z""], [""signing_session"", ""2026-03-09T07:38:58.292230815Z""], [""tss_signing"", ""2026-03-09T07:38:58.383025603Z""], [""tss_complete"", ""2026-03-09T07:39:04.648630857Z""], [""partial_sig_submit"", ""2026-03-09T07:39:07.47449064Z""], [""bc_register"", ""2026-03-09T07:39:13.216170082Z""], [""cert_sync"", ""2026-03-09T07:39:28.782509964Z""]]",/opt/fabric/benchmarks/out/suite_20260309_081039/run_009/raw/resources_csr_1773041927.csv
2026-03-09T07:39:11.159061Z,csr_1773041927,csr_wait_cert,15.42,18.32,69907710,76670481,10646,8426,753422,1431244,0,0,0,0,10646,8426,753422,1431244,1,ok:1,1.17,0.32,7.94,2.16,0.23,0.94,1,1,1,partial_sig_submit,2026-03-09T07:39:07.47449064Z,2026-03-09T07:39:13.216170082Z,3.685,partial_sig_submit,2026-03-09T07:39:07.47449064Z,3.685,bc_register,2026-03-09T07:39:13.216170082Z,2.057,csr-irs3-1773041927,csr,csr-irs3-1773041927,,"[[""csr_submit"", ""2026-03-09T07:38:47.937459811Z""], [""csr_observed"", ""2026-03-09T07:38:50.065287226Z""], [""csr_vote"", ""2026-03-09T07:38:54.886174316Z""], [""signing_session"", ""2026-03-09T07:38:58.292230815Z""], [""tss_signing"", ""2026-03-09T07:38:58.383025603Z""], [""tss_complete"", ""2026-03-09T07:39:04.648630857Z""], [""partial_sig_submit"", ""2026-03-09T07:39:07.47449064Z""], [""bc_register"", ""2026-03-09T07:39:13.216170082Z""], [""cert_sync"", ""2026-03-09T07:39:28.782509964Z""]]",/opt/fabric/benchmarks/out/suite_20260309_081039/run_009/raw/resources_csr_1773041927.csv
2026-03-09T07:39:12.246465Z,csr_1773041927,csr_wait_cert,7.89,18.32,69941081,76682495,33371,12014,786793,1443258,0,0,0,0,33371,12014,786793,1443258,1,ok:1,0.23,0.32,2.32,2.16,0.23,0.94,1,1,1,partial_sig_submit,2026-03-09T07:39:07.47449064Z,2026-03-09T07:39:13.216170082Z,4.772,partial_sig_submit,2026-03-09T07:39:07.47449064Z,4.772,bc_register,2026-03-09T07:39:13.216170082Z,0.970,csr-irs3-1773041927,csr,csr-irs3-1773041927,,"[[""csr_submit"", ""2026-03-09T07:38:47.937459811Z""], [""csr_observed"", ""2026-03-09T07:38:50.065287226Z""], [""csr_vote"", ""2026-03-09T07:38:54.886174316Z""], [""signing_session"", ""2026-03-09T07:38:58.292230815Z""], [""tss_signing"", ""2026-03-09T07:38:58.383025603Z""], [""tss_complete"", ""2026-03-09T07:39:04.648630857Z""], [""partial_sig_submit"", ""2026-03-09T07:39:07.47449064Z""], [""bc_register"", ""2026-03-09T07:39:13.216170082Z""], [""cert_sync"", ""2026-03-09T07:39:28.782509964Z""]]",/opt/fabric/benchmarks/out/suite_20260309_081039/run_009/raw/resources_csr_1773041927.csv
2026-03-09T07:39:13.335335Z,csr_1773041927,csr_wait_cert,9.45,18.32,69951975,76792829,10894,110334,797687,1553592,0,0,0,0,10894,110334,797687,1553592,1,ok:1,0.23,0.32,3.23,2.16,0.92,0.94,1,1,1,bc_register,2026-03-09T07:39:13.216170082Z,2026-03-09T07:39:28.782509964Z,0.119,bc_register,2026-03-09T07:39:13.216170082Z,0.119,cert_sync,2026-03-09T07:39:28.782509964Z,15.447,csr-irs3-1773041927,csr,csr-irs3-1773041927,,"[[""csr_submit"", ""2026-03-09T07:38:47.937459811Z""], [""csr_observed"", ""2026-03-09T07:38:50.065287226Z""], [""csr_vote"", ""2026-03-09T07:38:54.886174316Z""], [""signing_session"", ""2026-03-09T07:38:58.292230815Z""], [""tss_signing"", ""2026-03-09T07:38:58.383025603Z""], [""tss_complete"", ""2026-03-09T07:39:04.648630857Z""], [""partial_sig_submit"", ""2026-03-09T07:39:07.47449064Z""], [""bc_register"", ""2026-03-09T07:39:13.216170082Z""], [""cert_sync"", ""2026-03-09T07:39:28.782509964Z""]]",/opt/fabric/benchmarks/out/suite_20260309_081039/run_009/raw/resources_csr_1773041927.csv
2026-03-09T07:39:14.427721Z,csr_1773041927,csr_wait_cert,11.78,18.32,69967472,76799967,15497,7138,813184,1560730,0,0,0,0,15497,7138,813184,1560730,1,ok:1,0.92,0.32,5.77,2.16,0.00,0.94,1,1,1,bc_register,2026-03-09T07:39:13.216170082Z,2026-03-09T07:39:28.782509964Z,1.212,bc_register,2026-03-09T07:39:13.216170082Z,1.212,cert_sync,2026-03-09T07:39:28.782509964Z,14.355,csr-irs3-1773041927,csr,csr-irs3-1773041927,,"[[""csr_submit"", ""2026-03-09T07:38:47.937459811Z""], [""csr_observed"", ""2026-03-09T07:38:50.065287226Z""], [""csr_vote"", ""2026-03-09T07:38:54.886174316Z""], [""signing_session"", ""2026-03-09T07:38:58.292230815Z""], [""tss_signing"", ""2026-03-09T07:38:58.383025603Z""], [""tss_complete"", ""2026-03-09T07:39:04.648630857Z""], [""partial_sig_submit"", ""2026-03-09T07:39:07.47449064Z""], [""bc_register"", ""2026-03-09T07:39:13.216170082Z""], [""cert_sync"", ""2026-03-09T07:39:28.782509964Z""]]",/opt/fabric/benchmarks/out/suite_20260309_081039/run_009/raw/resources_csr_1773041927.csv
2026-03-09T07:39:36.060514Z,revocation_1773041975,revocation_propose,0.00,18.33,70065959,76915900,0,0,0,0,0,0,0,0,0,0,0,0,1,ok:3,0.00,0.31,0.00,2.16,0.00,0.94,1,1,1,pre,,2026-03-09T07:39:37.972555731Z,,,,,revocation_propose,2026-03-09T07:39:37.972555731Z,1.912,revoke-irs3-1773041975,revocation,revoke-irs3-1773041975,,"[[""revocation_propose"", ""2026-03-09T07:39:37.972555731Z""], [""revocation_observed"", ""2026-03-09T07:39:37.984680477Z""], [""revocation_execute"", ""2026-03-09T07:39:49.867606592Z""]]",/opt/fabric/benchmarks/out/suite_20260309_081039/run_009/raw/resources_revocation_1773041975.csv
2026-03-09T07:39:37.150350Z,revocation_1773041975,revocation_propose,5.77,18.33,70068598,76918827,2639,2927,2639,2927,0,0,0,0,2639,2927,2639,2927,1,ok:3,0.00,0.31,1.62,2.16,0.00,0.94,1,1,1,pre,,2026-03-09T07:39:37.972555731Z,,,,,revocation_propose,2026-03-09T07:39:37.972555731Z,0.822,revoke-irs3-1773041975,revocation,revoke-irs3-1773041975,,"[[""revocation_propose"", ""2026-03-09T07:39:37.972555731Z""], [""revocation_observed"", ""2026-03-09T07:39:37.984680477Z""], [""revocation_execute"", ""2026-03-09T07:39:49.867606592Z""]]",/opt/fabric/benchmarks/out/suite_20260309_081039/run_009/raw/resources_revocation_1773041975.csv
2026-03-09T07:39:38.243780Z,revocation_1773041975,revocation_wait,13.85,18.33,70075626,76955065,7028,36238,9667,39165,0,0,0,0,7028,36238,9667,39165,1,ok:1,0.70,0.31,6.57,2.16,0.47,0.94,1,1,1,revocation_observed,2026-03-09T07:39:37.984680477Z,2026-03-09T07:39:49.867606592Z,0.259,revocation_observed,2026-03-09T07:39:37.984680477Z,0.259,revocation_execute,2026-03-09T07:39:49.867606592Z,11.624,revoke-irs3-1773041975,revocation,revoke-irs3-1773041975,,"[[""revocation_propose"", ""2026-03-09T07:39:37.972555731Z""], [""revocation_observed"", ""2026-03-09T07:39:37.984680477Z""], [""revocation_execute"", ""2026-03-09T07:39:49.867606592Z""]]",/opt/fabric/benchmarks/out/suite_20260309_081039/run_009/raw/resources_revocation_1773041975.csv
2026-03-09T07:39:39.332766Z,revocation_1773041975,revocation_wait,6.02,18.33,70096040,76969009,20414,13944,30081,53109,0,0,0,0,20414,13944,30081,53109,1,ok:1,0.00,0.31,2.78,2.16,0.46,0.94,1,1,1,revocation_observed,2026-03-09T07:39:37.984680477Z,2026-03-09T07:39:49.867606592Z,1.348,revocation_observed,2026-03-09T07:39:37.984680477Z,1.348,revocation_execute,2026-03-09T07:39:49.867606592Z,10.535,revoke-irs3-1773041975,revocation,revoke-irs3-1773041975,,"[[""revocation_propose"", ""2026-03-09T07:39:37.972555731Z""], [""revocation_observed"", ""2026-03-09T07:39:37.984680477Z""], [""revocation_execute"", ""2026-03-09T07:39:49.867606592Z""]]",/opt/fabric/benchmarks/out/suite_20260309_081039/run_009/raw/resources_revocation_1773041975.csv
2026-03-09T07:39:40.425692Z,revocation_1773041975,revocation_wait,5.59,18.33,70121706,76973834,25666,4825,55747,57934,0,0,0,0,25666,4825,55747,57934,1,ok:1,0.23,0.31,2.10,2.16,0.70,0.94,1,1,1,revocation_observed,2026-03-09T07:39:37.984680477Z,2026-03-09T07:39:49.867606592Z,2.441,revocation_observed,2026-03-09T07:39:37.984680477Z,2.441,revocation_execute,2026-03-09T07:39:49.867606592Z,9.442,revoke-irs3-1773041975,revocation,revoke-irs3-1773041975,,"[[""revocation_propose"", ""2026-03-09T07:39:37.972555731Z""], [""revocation_observed"", ""2026-03-09T07:39:37.984680477Z""], [""revocation_execute"", ""2026-03-09T07:39:49.867606592Z""]]",/opt/fabric/benchmarks/out/suite_20260309_081039/run_009/raw/resources_revocation_1773041975.csv
2026-03-09T07:39:41.518146Z,revocation_1773041975,revocation_wait,16.63,18.33,70173101,77108597,51395,134763,107142,192697,0,0,0,0,51395,134763,107142,192697,1,ok:1,0.94,0.31,7.49,2.16,1.17,0.94,1,1,1,revocation_observed,2026-03-09T07:39:37.984680477Z,2026-03-09T07:39:49.867606592Z,3.533,revocation_observed,2026-03-09T07:39:37.984680477Z,3.533,revocation_execute,2026-03-09T07:39:49.867606592Z,8.349,revoke-irs3-1773041975,revocation,revoke-irs3-1773041975,,"[[""revocation_propose"", ""2026-03-09T07:39:37.972555731Z""], [""revocation_observed"", ""2026-03-09T07:39:37.984680477Z""], [""revocation_execute"", ""2026-03-09T07:39:49.867606592Z""]]",/opt/fabric/benchmarks/out/suite_20260309_081039/run_009/raw/resources_revocation_1773041975.csv
2026-03-09T07:39:42.608516Z,revocation_1773041975,revocation_wait,7.42,18.33,70183362,77117446,10261,8849,117403,201546,0,0,0,0,10261,8849,117403,201546,1,ok:1,0.23,0.31,2.78,2.16,0.23,0.94,1,1,1,revocation_observed,2026-03-09T07:39:37.984680477Z,2026-03-09T07:39:49.867606592Z,4.624,revocation_observed,2026-03-09T07:39:37.984680477Z,4.624,revocation_execute,2026-03-09T07:39:49.867606592Z,7.259,revoke-irs3-1773041975,revocation,revoke-irs3-1773041975,,"[[""revocation_propose"", ""2026-03-09T07:39:37.972555731Z""], [""revocation_observed"", ""2026-03-09T07:39:37.984680477Z""], [""revocation_execute"", ""2026-03-09T07:39:49.867606592Z""]]",/opt/fabric/benchmarks/out/suite_20260309_081039/run_009/raw/resources_revocation_1773041975.csv
2026-03-09T07:39:43.698207Z,revocation_1773041975,revocation_wait,7.13,18.34,70194984,77245545,11622,128099,129025,329645,0,0,0,0,11622,128099,129025,329645,1,ok:1,0.00,0.31,2.99,2.16,0.46,0.94,1,1,1,revocation_observed,2026-03-09T07:39:37.984680477Z,2026-03-09T07:39:49.867606592Z,5.714,revocation_observed,2026-03-09T07:39:37.984680477Z,5.714,revocation_execute,2026-03-09T07:39:49.867606592Z,6.169,revoke-irs3-1773041975,revocation,revoke-irs3-1773041975,,"[[""revocation_propose"", ""2026-03-09T07:39:37.972555731Z""], [""revocation_observed"", ""2026-03-09T07:39:37.984680477Z""], [""revocation_execute"", ""2026-03-09T07:39:49.867606592Z""]]",/opt/fabric/benchmarks/out/suite_20260309_081039/run_009/raw/resources_revocation_1773041975.csv
2026-03-09T07:39:44.790089Z,revocation_1773041975,revocation_wait,9.47,18.34,70233301,77258815,38317,13270,167342,342915,0,0,0,0,38317,13270,167342,342915,1,ok:1,0.46,0.31,3.23,2.16,0.69,0.94,1,1,1,revocation_observed,2026-03-09T07:39:37.984680477Z,2026-03-09T07:39:49.867606592Z,6.805,revocation_observed,2026-03-09T07:39:37.984680477Z,6.805,revocation_execute,2026-03-09T07:39:49.867606592Z,5.078,revoke-irs3-1773041975,revocation,revoke-irs3-1773041975,,"[[""revocation_propose"", ""2026-03-09T07:39:37.972555731Z""], [""revocation_observed"", ""2026-03-09T07:39:37.984680477Z""], [""revocation_execute"", ""2026-03-09T07:39:49.867606592Z""]]",/opt/fabric/benchmarks/out/suite_20260309_081039/run_009/raw/resources_revocation_1773041975.csv
2026-03-09T07:39:45.883159Z,revocation_1773041975,revocation_wait,10.62,18.34,70242816,77269394,9515,10579,176857,353494,0,0,0,0,9515,10579,176857,353494,1,ok:1,0.00,0.31,2.54,2.16,0.23,0.94,1,1,1,revocation_observed,2026-03-09T07:39:37.984680477Z,2026-03-09T07:39:49.867606592Z,7.898,revocation_observed,2026-03-09T07:39:37.984680477Z,7.898,revocation_execute,2026-03-09T07:39:49.867606592Z,3.984,revoke-irs3-1773041975,revocation,revoke-irs3-1773041975,,"[[""revocation_propose"", ""2026-03-09T07:39:37.972555731Z""], [""revocation_observed"", ""2026-03-09T07:39:37.984680477Z""], [""revocation_execute"", ""2026-03-09T07:39:49.867606592Z""]]",/opt/fabric/benchmarks/out/suite_20260309_081039/run_009/raw/resources_revocation_1773041975.csv
2026-03-09T07:40:05.576085Z,removal_1773042005,removal_submit,0.00,18.28,70344405,77481035,0,0,0,0,0,0,0,0,0,0,0,0,1,ok:3,0.00,0.31,0.00,2.16,0.00,0.94,1,1,1,reshare_keygen_start,2026-03-08T12:05:57.901648182Z,2026-03-09T07:40:07.52177829Z,70447.674,reshare_keygen_start,2026-03-08T12:05:57.901648182Z,70447.674,removal_propose,2026-03-09T07:40:07.52177829Z,1.946,remove-irs3-member1-1773042005,removal,remove-irs3-member1-1773042005,16,"[[""reshare_complete"", ""2026-02-28T13:23:53.762520482Z""], [""reshare_ack"", ""2026-03-08T12:05:49.077673571Z""], [""reshare_keygen_start"", ""2026-03-08T12:05:57.901648182Z""], [""removal_propose"", ""2026-03-09T07:40:07.52177829Z""], [""removal_observed"", ""2026-03-09T07:40:07.537878186Z""], [""removal_vote"", ""2026-03-09T07:40:09.839346548Z""], [""removal_executed"", ""2026-03-09T07:40:16.649505479Z""]]",/opt/fabric/benchmarks/out/suite_20260309_081039/run_009/raw/resources_removal_1773042005.csv
2026-03-09T07:40:06.664010Z,removal_1773042005,removal_submit,4.19,18.28,70350546,77485695,6141,4660,6141,4660,0,0,0,0,6141,4660,6141,4660,1,ok:3,0.00,0.31,2.09,2.16,0.00,0.94,1,1,1,reshare_keygen_start,2026-03-08T12:05:57.901648182Z,2026-03-09T07:40:07.52177829Z,70448.762,reshare_keygen_start,2026-03-08T12:05:57.901648182Z,70448.762,removal_propose,2026-03-09T07:40:07.52177829Z,0.858,remove-irs3-member1-1773042005,removal,remove-irs3-member1-1773042005,16,"[[""reshare_complete"", ""2026-02-28T13:23:53.762520482Z""], [""reshare_ack"", ""2026-03-08T12:05:49.077673571Z""], [""reshare_keygen_start"", ""2026-03-08T12:05:57.901648182Z""], [""removal_propose"", ""2026-03-09T07:40:07.52177829Z""], [""removal_observed"", ""2026-03-09T07:40:07.537878186Z""], [""removal_vote"", ""2026-03-09T07:40:09.839346548Z""], [""removal_executed"", ""2026-03-09T07:40:16.649505479Z""]]",/opt/fabric/benchmarks/out/suite_20260309_081039/run_009/raw/resources_removal_1773042005.csv
2026-03-09T07:40:07.753140Z,removal_1773042005,removal_wait_vote,9.07,18.29,70355356,77526796,4810,41101,10951,45761,0,0,0,0,4810,41101,10951,45761,1,ok:1,0.70,0.31,3.95,2.16,0.70,0.94,1,1,1,removal_observed,2026-03-09T07:40:07.537878186Z,2026-03-09T07:40:09.839346548Z,0.215,removal_observed,2026-03-09T07:40:07.537878186Z,0.215,removal_vote,2026-03-09T07:40:09.839346548Z,2.086,remove-irs3-member1-1773042005,removal,remove-irs3-member1-1773042005,16,"[[""reshare_complete"", ""2026-02-28T13:23:53.762520482Z""], [""reshare_ack"", ""2026-03-08T12:05:49.077673571Z""], [""reshare_keygen_start"", ""2026-03-08T12:05:57.901648182Z""], [""removal_propose"", ""2026-03-09T07:40:07.52177829Z""], [""removal_observed"", ""2026-03-09T07:40:07.537878186Z""], [""removal_vote"", ""2026-03-09T07:40:09.839346548Z""], [""removal_executed"", ""2026-03-09T07:40:16.649505479Z""]]",/opt/fabric/benchmarks/out/suite_20260309_081039/run_009/raw/resources_removal_1773042005.csv
2026-03-09T07:40:08.844044Z,removal_1773042005,removal_wait_vote,7.19,18.29,70374851,77532845,19495,6049,30446,51810,0,0,0,0,19495,6049,30446,51810,1,ok:1,0.23,0.31,1.86,2.16,0.46,0.94,1,1,1,removal_observed,2026-03-09T07:40:07.537878186Z,2026-03-09T07:40:09.839346548Z,1.306,removal_observed,2026-03-09T07:40:07.537878186Z,1.306,removal_vote,2026-03-09T07:40:09.839346548Z,0.995,remove-irs3-member1-1773042005,removal,remove-irs3-member1-1773042005,16,"[[""reshare_complete"", ""2026-02-28T13:23:53.762520482Z""], [""reshare_ack"", ""2026-03-08T12:05:49.077673571Z""], [""reshare_keygen_start"", ""2026-03-08T12:05:57.901648182Z""], [""removal_propose"", ""2026-03-09T07:40:07.52177829Z""], [""removal_observed"", ""2026-03-09T07:40:07.537878186Z""], [""removal_vote"", ""2026-03-09T07:40:09.839346548Z""], [""removal_executed"", ""2026-03-09T07:40:16.649505479Z""]]",/opt/fabric/benchmarks/out/suite_20260309_081039/run_009/raw/resources_removal_1773042005.csv
2026-03-09T07:40:09.936960Z,removal_1773042005,removal_wait_vote,9.98,18.29,70408065,77649092,33214,116247,63660,168057,0,0,0,0,33214,116247,63660,168057,1,ok:1,0.23,0.31,6.50,2.16,0.70,0.94,1,1,1,removal_vote,2026-03-09T07:40:09.839346548Z,2026-03-09T07:40:16.649505479Z,0.098,removal_vote,2026-03-09T07:40:09.839346548Z,0.098,removal_executed,2026-03-09T07:40:16.649505479Z,6.713,remove-irs3-member1-1773042005,removal,remove-irs3-member1-1773042005,16,"[[""reshare_complete"", ""2026-02-28T13:23:53.762520482Z""], [""reshare_ack"", ""2026-03-08T12:05:49.077673571Z""], [""reshare_keygen_start"", ""2026-03-08T12:05:57.901648182Z""], [""removal_propose"", ""2026-03-09T07:40:07.52177829Z""], [""removal_observed"", ""2026-03-09T07:40:07.537878186Z""], [""removal_vote"", ""2026-03-09T07:40:09.839346548Z""], [""removal_executed"", ""2026-03-09T07:40:16.649505479Z""]]",/opt/fabric/benchmarks/out/suite_20260309_081039/run_009/raw/resources_removal_1773042005.csv
2026-03-09T07:40:11.026729Z,removal_1773042005,removal_wait_vote,17.52,18.29,70447192,77670522,39127,21430,102787,189487,0,0,0,0,39127,21430,102787,189487,1,ok:1,0.93,0.31,7.71,2.16,0.47,0.94,1,1,1,removal_vote,2026-03-09T07:40:09.839346548Z,2026-03-09T07:40:16.649505479Z,1.187,removal_vote,2026-03-09T07:40:09.839346548Z,1.187,removal_executed,2026-03-09T07:40:16.649505479Z,5.623,remove-irs3-member1-1773042005,removal,remove-irs3-member1-1773042005,16,"[[""reshare_complete"", ""2026-02-28T13:23:53.762520482Z""], [""reshare_ack"", ""2026-03-08T12:05:49.077673571Z""], [""reshare_keygen_start"", ""2026-03-08T12:05:57.901648182Z""], [""removal_propose"", ""2026-03-09T07:40:07.52177829Z""], [""removal_observed"", ""2026-03-09T07:40:07.537878186Z""], [""removal_vote"", ""2026-03-09T07:40:09.839346548Z""], [""removal_executed"", ""2026-03-09T07:40:16.649505479Z""]]",/opt/fabric/benchmarks/out/suite_20260309_081039/run_009/raw/resources_removal_1773042005.csv
2026-03-09T07:40:12.118616Z,removal_1773042005,removal_wait_vote,9.07,18.29,70456427,77804724,9235,134202,112022,323689,0,0,0,0,9235,134202,112022,323689,1,ok:1,0.47,0.31,2.79,2.16,0.70,0.94,1,1,1,removal_vote,2026-03-09T07:40:09.839346548Z,2026-03-09T07:40:16.649505479Z,2.279,removal_vote,2026-03-09T07:40:09.839346548Z,2.279,removal_executed,2026-03-09T07:40:16.649505479Z,4.531,remove-irs3-member1-1773042005,removal,remove-irs3-member1-1773042005,16,"[[""reshare_complete"", ""2026-02-28T13:23:53.762520482Z""], [""reshare_ack"", ""2026-03-08T12:05:49.077673571Z""], [""reshare_keygen_start"", ""2026-03-08T12:05:57.901648182Z""], [""removal_propose"", ""2026-03-09T07:40:07.52177829Z""], [""removal_observed"", ""2026-03-09T07:40:07.537878186Z""], [""removal_vote"", ""2026-03-09T07:40:09.839346548Z""], [""removal_executed"", ""2026-03-09T07:40:16.649505479Z""]]",/opt/fabric/benchmarks/out/suite_20260309_081039/run_009/raw/resources_removal_1773042005.csv
2026-03-09T07:40:13.211719Z,removal_1773042005,removal_wait_vote,7.91,18.29,70496099,77823759,39672,19035,151694,342724,0,0,0,0,39672,19035,151694,342724,1,ok:1,0.00,0.31,3.49,2.16,0.47,0.94,1,1,1,removal_vote,2026-03-09T07:40:09.839346548Z,2026-03-09T07:40:16.649505479Z,3.372,removal_vote,2026-03-09T07:40:09.839346548Z,3.372,removal_executed,2026-03-09T07:40:16.649505479Z,3.438,remove-irs3-member1-1773042005,removal,remove-irs3-member1-1773042005,16,"[[""reshare_complete"", ""2026-02-28T13:23:53.762520482Z""], [""reshare_ack"", ""2026-03-08T12:05:49.077673571Z""], [""reshare_keygen_start"", ""2026-03-08T12:05:57.901648182Z""], [""removal_propose"", ""2026-03-09T07:40:07.52177829Z""], [""removal_observed"", ""2026-03-09T07:40:07.537878186Z""], [""removal_vote"", ""2026-03-09T07:40:09.839346548Z""], [""removal_executed"", ""2026-03-09T07:40:16.649505479Z""]]",/opt/fabric/benchmarks/out/suite_20260309_081039/run_009/raw/resources_removal_1773042005.csv
2026-03-09T07:40:14.306522Z,removal_1773042005,removal_wait_vote,12.04,18.29,70508664,77834750,12565,10991,164259,353715,0,0,0,0,12565,10991,164259,353715,1,ok:1,0.69,0.31,6.02,2.16,0.69,0.94,1,1,1,removal_vote,2026-03-09T07:40:09.839346548Z,2026-03-09T07:40:16.649505479Z,4.467,removal_vote,2026-03-09T07:40:09.839346548Z,4.467,removal_executed,2026-03-09T07:40:16.649505479Z,2.343,remove-irs3-member1-1773042005,removal,remove-irs3-member1-1773042005,16,"[[""reshare_complete"", ""2026-02-28T13:23:53.762520482Z""], [""reshare_ack"", ""2026-03-08T12:05:49.077673571Z""], [""reshare_keygen_start"", ""2026-03-08T12:05:57.901648182Z""], [""removal_propose"", ""2026-03-09T07:40:07.52177829Z""], [""removal_observed"", ""2026-03-09T07:40:07.537878186Z""], [""removal_vote"", ""2026-03-09T07:40:09.839346548Z""], [""removal_executed"", ""2026-03-09T07:40:16.649505479Z""]]",/opt/fabric/benchmarks/out/suite_20260309_081039/run_009/raw/resources_removal_1773042005.csv
2026-03-09T07:40:15.393704Z,removal_1773042005,removal_wait_vote,13.13,18.29,70531645,77985053,22981,150303,187240,504018,0,0,0,0,22981,150303,187240,504018,1,ok:1,0.00,0.31,3.92,2.16,0.23,0.94,1,1,1,removal_vote,2026-03-09T07:40:09.839346548Z,2026-03-09T07:40:16.649505479Z,5.554,removal_vote,2026-03-09T07:40:09.839346548Z,5.554,removal_executed,2026-03-09T07:40:16.649505479Z,1.256,remove-irs3-member1-1773042005,removal,remove-irs3-member1-1773042005,16,"[[""reshare_complete"", ""2026-02-28T13:23:53.762520482Z""], [""reshare_ack"", ""2026-03-08T12:05:49.077673571Z""], [""reshare_keygen_start"", ""2026-03-08T12:05:57.901648182Z""], [""removal_propose"", ""2026-03-09T07:40:07.52177829Z""], [""removal_observed"", ""2026-03-09T07:40:07.537878186Z""], [""removal_vote"", ""2026-03-09T07:40:09.839346548Z""], [""removal_executed"", ""2026-03-09T07:40:16.649505479Z""]]",/opt/fabric/benchmarks/out/suite_20260309_081039/run_009/raw/resources_removal_1773042005.csv
2026-03-09T07:40:16.494854Z,removal_1773042005,removal_wait_reshare,9.49,18.29,70556975,77991545,25330,6492,212570,510510,0,0,0,0,25330,6492,212570,510510,1,ok:1,0.23,0.31,2.55,2.16,1.16,0.94,1,1,1,removal_vote,2026-03-09T07:40:09.839346548Z,2026-03-09T07:40:16.649505479Z,6.656,removal_vote,2026-03-09T07:40:09.839346548Z,6.656,removal_executed,2026-03-09T07:40:16.649505479Z,0.155,remove-irs3-member1-1773042005,removal,remove-irs3-member1-1773042005,16,"[[""reshare_complete"", ""2026-02-28T13:23:53.762520482Z""], [""reshare_ack"", ""2026-03-08T12:05:49.077673571Z""], [""reshare_keygen_start"", ""2026-03-08T12:05:57.901648182Z""], [""removal_propose"", ""2026-03-09T07:40:07.52177829Z""], [""removal_observed"", ""2026-03-09T07:40:07.537878186Z""], [""removal_vote"", ""2026-03-09T07:40:09.839346548Z""], [""removal_executed"", ""2026-03-09T07:40:16.649505479Z""]]",/opt/fabric/benchmarks/out/suite_20260309_081039/run_009/raw/resources_removal_1773042005.csv
2026-03-09T07:40:17.579493Z,removal_1773042005,removal_wait_reshare,9.40,18.29,70594837,78122239,37862,130694,250432,641204,0,0,0,0,37862,130694,250432,641204,1,ok:1,0.46,0.31,2.98,2.16,0.46,0.94,1,1,1,post,2026-03-09T07:40:16.649505479Z,,0.930,removal_executed,2026-03-09T07:40:16.649505479Z,0.930,,,,remove-irs3-member1-1773042005,removal,remove-irs3-member1-1773042005,16,"[[""reshare_complete"", ""2026-02-28T13:23:53.762520482Z""], [""reshare_ack"", ""2026-03-08T12:05:49.077673571Z""], [""reshare_keygen_start"", ""2026-03-08T12:05:57.901648182Z""], [""removal_propose"", ""2026-03-09T07:40:07.52177829Z""], [""removal_observed"", ""2026-03-09T07:40:07.537878186Z""], [""removal_vote"", ""2026-03-09T07:40:09.839346548Z""], [""removal_executed"", ""2026-03-09T07:40:16.649505479Z""]]",/opt/fabric/benchmarks/out/suite_20260309_081039/run_009/raw/resources_removal_1773042005.csv
2026-03-09T07:40:18.671260Z,removal_1773042005,removal_wait_reshare,5.81,18.29,70602999,78129050,8162,6811,258594,648015,0,0,0,0,8162,6811,258594,648015,1,ok:1,0.23,0.31,3.02,2.16,0.00,0.94,1,1,1,post,2026-03-09T07:40:16.649505479Z,,2.022,removal_executed,2026-03-09T07:40:16.649505479Z,2.022,,,,remove-irs3-member1-1773042005,removal,remove-irs3-member1-1773042005,16,"[[""reshare_complete"", ""2026-02-28T13:23:53.762520482Z""], [""reshare_ack"", ""2026-03-08T12:05:49.077673571Z""], [""reshare_keygen_start"", ""2026-03-08T12:05:57.901648182Z""], [""removal_propose"", ""2026-03-09T07:40:07.52177829Z""], [""removal_observed"", ""2026-03-09T07:40:07.537878186Z""], [""removal_vote"", ""2026-03-09T07:40:09.839346548Z""], [""removal_executed"", ""2026-03-09T07:40:16.649505479Z""]]",/opt/fabric/benchmarks/out/suite_20260309_081039/run_009/raw/resources_removal_1773042005.csv
2026-03-09T07:40:19.763116Z,removal_1773042005,removal_wait_reshare,8.92,18.29,70628983,78230228,25984,101178,284578,749193,0,0,0,0,25984,101178,284578,749193,1,ok:1,0.00,0.31,2.97,2.16,1.14,0.94,1,1,1,post,2026-03-09T07:40:16.649505479Z,,3.114,removal_executed,2026-03-09T07:40:16.649505479Z,3.114,,,,remove-irs3-member1-1773042005,removal,remove-irs3-member1-1773042005,16,"[[""reshare_complete"", ""2026-02-28T13:23:53.762520482Z""], [""reshare_ack"", ""2026-03-08T12:05:49.077673571Z""], [""reshare_keygen_start"", ""2026-03-08T12:05:57.901648182Z""], [""removal_propose"", ""2026-03-09T07:40:07.52177829Z""], [""removal_observed"", ""2026-03-09T07:40:07.537878186Z""], [""removal_vote"", ""2026-03-09T07:40:09.839346548Z""], [""removal_executed"", ""2026-03-09T07:40:16.649505479Z""]]",/opt/fabric/benchmarks/out/suite_20260309_081039/run_009/raw/resources_removal_1773042005.csv
2026-03-09T07:40:20.853060Z,removal_1773042005,removal_wait_reshare,4.86,18.29,70631728,78232701,2745,2473,287323,751666,0,0,0,0,2745,2473,287323,751666,1,ok:1,0.00,0.31,1.85,2.16,0.00,0.94,1,1,1,post,2026-03-09T07:40:16.649505479Z,,4.204,removal_executed,2026-03-09T07:40:16.649505479Z,4.204,,,,remove-irs3-member1-1773042005,removal,remove-irs3-member1-1773042005,16,"[[""reshare_complete"", ""2026-02-28T13:23:53.762520482Z""], [""reshare_ack"", ""2026-03-08T12:05:49.077673571Z""], [""reshare_keygen_start"", ""2026-03-08T12:05:57.901648182Z""], [""removal_propose"", ""2026-03-09T07:40:07.52177829Z""], [""removal_observed"", ""2026-03-09T07:40:07.537878186Z""], [""removal_vote"", ""2026-03-09T07:40:09.839346548Z""], [""removal_executed"", ""2026-03-09T07:40:16.649505479Z""]]",/opt/fabric/benchmarks/out/suite_20260309_081039/run_009/raw/resources_removal_1773042005.csv
2026-03-09T07:40:21.944102Z,removal_1773042005,removal_wait_reshare,6.48,18.29,70645123,78306276,13395,73575,300718,825241,0,0,0,0,13395,73575,300718,825241,1,ok:1,0.00,0.31,3.24,2.16,0.23,0.95,1,1,1,post,2026-03-09T07:40:16.649505479Z,,5.295,removal_executed,2026-03-09T07:40:16.649505479Z,5.295,,,,remove-irs3-member1-1773042005,removal,remove-irs3-member1-1773042005,16,"[[""reshare_complete"", ""2026-02-28T13:23:53.762520482Z""], [""reshare_ack"", ""2026-03-08T12:05:49.077673571Z""], [""reshare_keygen_start"", ""2026-03-08T12:05:57.901648182Z""], [""removal_propose"", ""2026-03-09T07:40:07.52177829Z""], [""removal_observed"", ""2026-03-09T07:40:07.537878186Z""], [""removal_vote"", ""2026-03-09T07:40:09.839346548Z""], [""removal_executed"", ""2026-03-09T07:40:16.649505479Z""]]",/opt/fabric/benchmarks/out/suite_20260309_081039/run_009/raw/resources_removal_1773042005.csv
2026-03-09T07:40:23.033522Z,removal_1773042005,removal_wait_reshare,6.25,18.30,70662553,78312953,17430,6677,318148,831918,0,0,0,0,17430,6677,318148,831918,1,ok:1,0.46,0.31,3.24,2.16,0.46,0.95,1,1,1,post,2026-03-09T07:40:16.649505479Z,,6.384,removal_executed,2026-03-09T07:40:16.649505479Z,6.384,,,,remove-irs3-member1-1773042005,removal,remove-irs3-member1-1773042005,16,"[[""reshare_complete"", ""2026-02-28T13:23:53.762520482Z""], [""reshare_ack"", ""2026-03-08T12:05:49.077673571Z""], [""reshare_keygen_start"", ""2026-03-08T12:05:57.901648182Z""], [""removal_propose"", ""2026-03-09T07:40:07.52177829Z""], [""removal_observed"", ""2026-03-09T07:40:07.537878186Z""], [""removal_vote"", ""2026-03-09T07:40:09.839346548Z""], [""removal_executed"", ""2026-03-09T07:40:16.649505479Z""]]",/opt/fabric/benchmarks/out/suite_20260309_081039/run_009/raw/resources_removal_1773042005.csv
2026-03-09T07:40:24.124690Z,removal_1773042005,removal_wait_reshare,5.08,18.30,70666321,78317553,3768,4600,321916,836518,0,0,0,0,3768,4600,321916,836518,1,ok:1,0.00,0.31,1.62,2.16,0.23,0.95,1,1,1,post,2026-03-09T07:40:16.649505479Z,,7.475,removal_executed,2026-03-09T07:40:16.649505479Z,7.475,,,,remove-irs3-member1-1773042005,removal,remove-irs3-member1-1773042005,16,"[[""reshare_complete"", ""2026-02-28T13:23:53.762520482Z""], [""reshare_ack"", ""2026-03-08T12:05:49.077673571Z""], [""reshare_keygen_start"", ""2026-03-08T12:05:57.901648182Z""], [""removal_propose"", ""2026-03-09T07:40:07.52177829Z""], [""removal_observed"", ""2026-03-09T07:40:07.537878186Z""], [""removal_vote"", ""2026-03-09T07:40:09.839346548Z""], [""removal_executed"", ""2026-03-09T07:40:16.649505479Z""]]",/opt/fabric/benchmarks/out/suite_20260309_081039/run_009/raw/resources_removal_1773042005.csv
2026-03-09T07:40:25.218237Z,removal_1773042005,removal_wait_reshare,5.30,18.30,70669528,78353776,3207,36223,325123,872741,0,0,0,0,3207,36223,325123,872741,1,ok:1,0.23,0.31,2.30,2.16,0.23,0.95,1,1,1,post,2026-03-09T07:40:16.649505479Z,,8.569,removal_executed,2026-03-09T07:40:16.649505479Z,8.569,,,,remove-irs3-member1-1773042005,removal,remove-irs3-member1-1773042005,16,"[[""reshare_complete"", ""2026-02-28T13:23:53.762520482Z""], [""reshare_ack"", ""2026-03-08T12:05:49.077673571Z""], [""reshare_keygen_start"", ""2026-03-08T12:05:57.901648182Z""], [""removal_propose"", ""2026-03-09T07:40:07.52177829Z""], [""removal_observed"", ""2026-03-09T07:40:07.537878186Z""], [""removal_vote"", ""2026-03-09T07:40:09.839346548Z""], [""removal_executed"", ""2026-03-09T07:40:16.649505479Z""]]",/opt/fabric/benchmarks/out/suite_20260309_081039/run_009/raw/resources_removal_1773042005.csv
2026-03-09T07:40:26.300107Z,removal_1773042005,removal_wait_reshare,8.06,18.30,70683039,78366289,13511,12513,338634,885254,0,0,0,0,13511,12513,338634,885254,1,ok:1,0.23,0.31,3.92,2.16,0.23,0.95,1,1,1,post,2026-03-09T07:40:16.649505479Z,,9.651,removal_executed,2026-03-09T07:40:16.649505479Z,9.651,,,,remove-irs3-member1-1773042005,removal,remove-irs3-member1-1773042005,16,"[[""reshare_complete"", ""2026-02-28T13:23:53.762520482Z""], [""reshare_ack"", ""2026-03-08T12:05:49.077673571Z""], [""reshare_keygen_start"", ""2026-03-08T12:05:57.901648182Z""], [""removal_propose"", ""2026-03-09T07:40:07.52177829Z""], [""removal_observed"", ""2026-03-09T07:40:07.537878186Z""], [""removal_vote"", ""2026-03-09T07:40:09.839346548Z""], [""removal_executed"", ""2026-03-09T07:40:16.649505479Z""]]",/opt/fabric/benchmarks/out/suite_20260309_081039/run_009/raw/resources_removal_1773042005.csv
2026-03-09T07:40:27.393055Z,removal_1773042005,removal_wait_reshare,6.50,18.30,70691119,78375641,8080,9352,346714,894606,0,0,0,0,8080,9352,346714,894606,1,ok:1,0.00,0.31,2.32,2.16,0.00,0.95,1,1,1,post,2026-03-09T07:40:16.649505479Z,,10.744,removal_executed,2026-03-09T07:40:16.649505479Z,10.744,,,,remove-irs3-member1-1773042005,removal,remove-irs3-member1-1773042005,16,"[[""reshare_complete"", ""2026-02-28T13:23:53.762520482Z""], [""reshare_ack"", ""2026-03-08T12:05:49.077673571Z""], [""reshare_keygen_start"", ""2026-03-08T12:05:57.901648182Z""], [""removal_propose"", ""2026-03-09T07:40:07.52177829Z""], [""removal_observed"", ""2026-03-09T07:40:07.537878186Z""], [""removal_vote"", ""2026-03-09T07:40:09.839346548Z""], [""removal_executed"", ""2026-03-09T07:40:16.649505479Z""]]",/opt/fabric/benchmarks/out/suite_20260309_081039/run_009/raw/resources_removal_1773042005.csv
2026-03-09T07:40:28.483522Z,removal_1773042005,removal_wait_reshare,4.18,18.30,70693233,78377494,2114,1853,348828,896459,0,0,0,0,2114,1853,348828,896459,1,ok:1,0.00,0.31,1.86,2.16,0.00,0.95,1,1,1,post,2026-03-09T07:40:16.649505479Z,,11.834,removal_executed,2026-03-09T07:40:16.649505479Z,11.834,,,,remove-irs3-member1-1773042005,removal,remove-irs3-member1-1773042005,16,"[[""reshare_complete"", ""2026-02-28T13:23:53.762520482Z""], [""reshare_ack"", ""2026-03-08T12:05:49.077673571Z""], [""reshare_keygen_start"", ""2026-03-08T12:05:57.901648182Z""], [""removal_propose"", ""2026-03-09T07:40:07.52177829Z""], [""removal_observed"", ""2026-03-09T07:40:07.537878186Z""], [""removal_vote"", ""2026-03-09T07:40:09.839346548Z""], [""removal_executed"", ""2026-03-09T07:40:16.649505479Z""]]",/opt/fabric/benchmarks/out/suite_20260309_081039/run_009/raw/resources_removal_1773042005.csv
2026-03-09T07:40:29.575745Z,removal_1773042005,removal_wait_reshare,5.77,18.30,70696230,78381070,2997,3576,351825,900035,0,0,0,0,2997,3576,351825,900035,1,ok:1,0.23,0.31,1.85,2.16,0.46,0.95,1,1,1,post,2026-03-09T07:40:16.649505479Z,,12.926,removal_executed,2026-03-09T07:40:16.649505479Z,12.926,,,,remove-irs3-member1-1773042005,removal,remove-irs3-member1-1773042005,16,"[[""reshare_complete"", ""2026-02-28T13:23:53.762520482Z""], [""reshare_ack"", ""2026-03-08T12:05:49.077673571Z""], [""reshare_keygen_start"", ""2026-03-08T12:05:57.901648182Z""], [""removal_propose"", ""2026-03-09T07:40:07.52177829Z""], [""removal_observed"", ""2026-03-09T07:40:07.537878186Z""], [""removal_vote"", ""2026-03-09T07:40:09.839346548Z""], [""removal_executed"", ""2026-03-09T07:40:16.649505479Z""]]",/opt/fabric/benchmarks/out/suite_20260309_081039/run_009/raw/resources_removal_1773042005.csv
2026-03-09T07:40:30.667689Z,removal_1773042005,removal_wait_reshare,9.72,18.30,70703885,78386233,7655,5163,359480,905198,0,0,0,0,7655,5163,359480,905198,1,ok:1,0.23,0.31,2.31,2.16,0.00,0.95,1,1,1,post,2026-03-09T07:40:16.649505479Z,,14.018,removal_executed,2026-03-09T07:40:16.649505479Z,14.018,,,,remove-irs3-member1-1773042005,removal,remove-irs3-member1-1773042005,16,"[[""reshare_complete"", ""2026-02-28T13:23:53.762520482Z""], [""reshare_ack"", ""2026-03-08T12:05:49.077673571Z""], [""reshare_keygen_start"", ""2026-03-08T12:05:57.901648182Z""], [""removal_propose"", ""2026-03-09T07:40:07.52177829Z""], [""removal_observed"", ""2026-03-09T07:40:07.537878186Z""], [""removal_vote"", ""2026-03-09T07:40:09.839346548Z""], [""removal_executed"", ""2026-03-09T07:40:16.649505479Z""]]",/opt/fabric/benchmarks/out/suite_20260309_081039/run_009/raw/resources_removal_1773042005.csv
2026-03-09T07:40:31.756630Z,removal_1773042005,removal_wait_reshare,5.52,18.30,70708113,78392040,4228,5807,363708,911005,0,0,0,0,4228,5807,363708,911005,1,ok:1,0.00,0.31,1.84,2.16,0.00,0.95,1,1,1,post,2026-03-09T07:40:16.649505479Z,,15.107,removal_executed,2026-03-09T07:40:16.649505479Z,15.107,,,,remove-irs3-member1-1773042005,removal,remove-irs3-member1-1773042005,16,"[[""reshare_complete"", ""2026-02-28T13:23:53.762520482Z""], [""reshare_ack"", ""2026-03-08T12:05:49.077673571Z""], [""reshare_keygen_start"", ""2026-03-08T12:05:57.901648182Z""], [""removal_propose"", ""2026-03-09T07:40:07.52177829Z""], [""removal_observed"", ""2026-03-09T07:40:07.537878186Z""], [""removal_vote"", ""2026-03-09T07:40:09.839346548Z""], [""removal_executed"", ""2026-03-09T07:40:16.649505479Z""]]",/opt/fabric/benchmarks/out/suite_20260309_081039/run_009/raw/resources_removal_1773042005.csv
2026-03-09T07:40:32.846356Z,removal_1773042005,removal_wait_reshare,4.63,18.30,70710554,78394355,2441,2315,366149,913320,0,0,0,0,2441,2315,366149,913320,1,ok:1,0.23,0.31,1.62,2.16,0.00,0.95,1,1,1,post,2026-03-09T07:40:16.649505479Z,,16.197,removal_executed,2026-03-09T07:40:16.649505479Z,16.197,,,,remove-irs3-member1-1773042005,removal,remove-irs3-member1-1773042005,16,"[[""reshare_complete"", ""2026-02-28T13:23:53.762520482Z""], [""reshare_ack"", ""2026-03-08T12:05:49.077673571Z""], [""reshare_keygen_start"", ""2026-03-08T12:05:57.901648182Z""], [""removal_propose"", ""2026-03-09T07:40:07.52177829Z""], [""removal_observed"", ""2026-03-09T07:40:07.537878186Z""], [""removal_vote"", ""2026-03-09T07:40:09.839346548Z""], [""removal_executed"", ""2026-03-09T07:40:16.649505479Z""]]",/opt/fabric/benchmarks/out/suite_20260309_081039/run_009/raw/resources_removal_1773042005.csv
2026-03-09T07:40:33.939447Z,removal_1773042005,removal_wait_reshare,4.15,18.30,70715307,78399448,4753,5093,370902,918413,0,0,0,0,4753,5093,370902,918413,1,ok:1,0.00,0.31,1.61,2.16,0.23,0.95,1,1,1,post,2026-03-09T07:40:16.649505479Z,,17.290,removal_executed,2026-03-09T07:40:16.649505479Z,17.290,,,,remove-irs3-member1-1773042005,removal,remove-irs3-member1-1773042005,16,"[[""reshare_complete"", ""2026-02-28T13:23:53.762520482Z""], [""reshare_ack"", ""2026-03-08T12:05:49.077673571Z""], [""reshare_keygen_start"", ""2026-03-08T12:05:57.901648182Z""], [""removal_propose"", ""2026-03-09T07:40:07.52177829Z""], [""removal_observed"", ""2026-03-09T07:40:07.537878186Z""], [""removal_vote"", ""2026-03-09T07:40:09.839346548Z""], [""removal_executed"", ""2026-03-09T07:40:16.649505479Z""]]",/opt/fabric/benchmarks/out/suite_20260309_081039/run_009/raw/resources_removal_1773042005.csv
2026-03-09T07:40:35.032287Z,removal_1773042005,removal_wait_reshare,5.53,18.30,70721247,78403332,5940,3884,376842,922297,0,0,0,0,5940,3884,376842,922297,1,ok:1,0.23,0.31,2.30,2.16,0.00,0.95,1,1,1,post,2026-03-09T07:40:16.649505479Z,,18.383,removal_executed,2026-03-09T07:40:16.649505479Z,18.383,,,,remove-irs3-member1-1773042005,removal,remove-irs3-member1-1773042005,16,"[[""reshare_complete"", ""2026-02-28T13:23:53.762520482Z""], [""reshare_ack"", ""2026-03-08T12:05:49.077673571Z""], [""reshare_keygen_start"", ""2026-03-08T12:05:57.901648182Z""], [""removal_propose"", ""2026-03-09T07:40:07.52177829Z""], [""removal_observed"", ""2026-03-09T07:40:07.537878186Z""], [""removal_vote"", ""2026-03-09T07:40:09.839346548Z""], [""removal_executed"", ""2026-03-09T07:40:16.649505479Z""]]",/opt/fabric/benchmarks/out/suite_20260309_081039/run_009/raw/resources_removal_1773042005.csv
2026-03-09T07:40:36.124094Z,removal_1773042005,removal_wait_reshare,3.70,18.30,70724814,78406975,3567,3643,380409,925940,0,0,0,0,3567,3643,380409,925940,1,ok:1,0.00,0.31,1.62,2.16,0.00,0.95,1,1,1,post,2026-03-09T07:40:16.649505479Z,,19.475,removal_executed,2026-03-09T07:40:16.649505479Z,19.475,,,,remove-irs3-member1-1773042005,removal,remove-irs3-member1-1773042005,16,"[[""reshare_complete"", ""2026-02-28T13:23:53.762520482Z""], [""reshare_ack"", ""2026-03-08T12:05:49.077673571Z""], [""reshare_keygen_start"", ""2026-03-08T12:05:57.901648182Z""], [""removal_propose"", ""2026-03-09T07:40:07.52177829Z""], [""removal_observed"", ""2026-03-09T07:40:07.537878186Z""], [""removal_vote"", ""2026-03-09T07:40:09.839346548Z""], [""removal_executed"", ""2026-03-09T07:40:16.649505479Z""]]",/opt/fabric/benchmarks/out/suite_20260309_081039/run_009/raw/resources_removal_1773042005.csv
2026-03-09T07:40:37.216835Z,removal_1773042005,removal_wait_reshare,4.15,18.31,70726360,78408774,1546,1799,381955,927739,0,0,0,0,1546,1799,381955,927739,1,ok:1,0.00,0.31,1.38,2.16,0.23,0.95,1,1,1,post,2026-03-09T07:40:16.649505479Z,,20.567,removal_executed,2026-03-09T07:40:16.649505479Z,20.567,,,,remove-irs3-member1-1773042005,removal,remove-irs3-member1-1773042005,16,"[[""reshare_complete"", ""2026-02-28T13:23:53.762520482Z""], [""reshare_ack"", ""2026-03-08T12:05:49.077673571Z""], [""reshare_keygen_start"", ""2026-03-08T12:05:57.901648182Z""], [""removal_propose"", ""2026-03-09T07:40:07.52177829Z""], [""removal_observed"", ""2026-03-09T07:40:07.537878186Z""], [""removal_vote"", ""2026-03-09T07:40:09.839346548Z""], [""removal_executed"", ""2026-03-09T07:40:16.649505479Z""]]",/opt/fabric/benchmarks/out/suite_20260309_081039/run_009/raw/resources_removal_1773042005.csv
2026-03-09T07:40:38.297720Z,removal_1773042005,removal_wait_reshare,6.25,18.31,70735143,78415495,8783,6721,390738,934460,0,0,0,0,8783,6721,390738,934460,1,ok:1,0.23,0.31,2.78,2.16,0.00,0.95,1,1,1,post,2026-03-09T07:40:16.649505479Z,,21.648,removal_executed,2026-03-09T07:40:16.649505479Z,21.648,,,,remove-irs3-member1-1773042005,removal,remove-irs3-member1-1773042005,16,"[[""reshare_complete"", ""2026-02-28T13:23:53.762520482Z""], [""reshare_ack"", ""2026-03-08T12:05:49.077673571Z""], [""reshare_keygen_start"", ""2026-03-08T12:05:57.901648182Z""], [""removal_propose"", ""2026-03-09T07:40:07.52177829Z""], [""removal_observed"", ""2026-03-09T07:40:07.537878186Z""], [""removal_vote"", ""2026-03-09T07:40:09.839346548Z""], [""removal_executed"", ""2026-03-09T07:40:16.649505479Z""]]",/opt/fabric/benchmarks/out/suite_20260309_081039/run_009/raw/resources_removal_1773042005.csv
2026-03-09T07:40:39.390062Z,removal_1773042005,removal_wait_reshare,3.72,18.31,70737660,78420100,2517,4605,393255,939065,0,0,0,0,2517,4605,393255,939065,1,ok:1,0.00,0.31,1.40,2.16,0.00,0.95,1,1,1,post,2026-03-09T07:40:16.649505479Z,,22.741,removal_executed,2026-03-09T07:40:16.649505479Z,22.741,,,,remove-irs3-member1-1773042005,removal,remove-irs3-member1-1773042005,16,"[[""reshare_complete"", ""2026-02-28T13:23:53.762520482Z""], [""reshare_ack"", ""2026-03-08T12:05:49.077673571Z""], [""reshare_keygen_start"", ""2026-03-08T12:05:57.901648182Z""], [""removal_propose"", ""2026-03-09T07:40:07.52177829Z""], [""removal_observed"", ""2026-03-09T07:40:07.537878186Z""], [""removal_vote"", ""2026-03-09T07:40:09.839346548Z""], [""removal_executed"", ""2026-03-09T07:40:16.649505479Z""]]",/opt/fabric/benchmarks/out/suite_20260309_081039/run_009/raw/resources_removal_1773042005.csv
2026-03-09T07:40:40.480519Z,removal_1773042005,removal_wait_reshare,5.07,18.31,70739673,78421844,2013,1744,395268,940809,0,0,0,0,2013,1744,395268,940809,1,ok:1,0.23,0.31,1.61,2.16,0.00,0.95,1,1,1,post,2026-03-09T07:40:16.649505479Z,,23.831,removal_executed,2026-03-09T07:40:16.649505479Z,23.831,,,,remove-irs3-member1-1773042005,removal,remove-irs3-member1-1773042005,16,"[[""reshare_complete"", ""2026-02-28T13:23:53.762520482Z""], [""reshare_ack"", ""2026-03-08T12:05:49.077673571Z""], [""reshare_keygen_start"", ""2026-03-08T12:05:57.901648182Z""], [""removal_propose"", ""2026-03-09T07:40:07.52177829Z""], [""removal_observed"", ""2026-03-09T07:40:07.537878186Z""], [""removal_vote"", ""2026-03-09T07:40:09.839346548Z""], [""removal_executed"", ""2026-03-09T07:40:16.649505479Z""]]",/opt/fabric/benchmarks/out/suite_20260309_081039/run_009/raw/resources_removal_1773042005.csv
2026-03-09T07:40:41.571258Z,removal_1773042005,removal_wait_reshare,5.14,18.31,70742582,78424756,2909,2912,398177,943721,0,0,0,0,2909,2912,398177,943721,1,ok:1,0.23,0.31,1.87,2.16,0.23,0.95,1,1,1,post,2026-03-09T07:40:16.649505479Z,,24.922,removal_executed,2026-03-09T07:40:16.649505479Z,24.922,,,,remove-irs3-member1-1773042005,removal,remove-irs3-member1-1773042005,16,"[[""reshare_complete"", ""2026-02-28T13:23:53.762520482Z""], [""reshare_ack"", ""2026-03-08T12:05:49.077673571Z""], [""reshare_keygen_start"", ""2026-03-08T12:05:57.901648182Z""], [""removal_propose"", ""2026-03-09T07:40:07.52177829Z""], [""removal_observed"", ""2026-03-09T07:40:07.537878186Z""], [""removal_vote"", ""2026-03-09T07:40:09.839346548Z""], [""removal_executed"", ""2026-03-09T07:40:16.649505479Z""]]",/opt/fabric/benchmarks/out/suite_20260309_081039/run_009/raw/resources_removal_1773042005.csv
2026-03-09T07:40:42.666739Z,removal_1773042005,removal_wait_reshare,5.77,18.31,70750185,78430700,7603,5944,405780,949665,0,0,0,0,7603,5944,405780,949665,1,ok:1,0.00,0.31,2.08,2.16,0.00,0.95,1,1,1,post,2026-03-09T07:40:16.649505479Z,,26.017,removal_executed,2026-03-09T07:40:16.649505479Z,26.017,,,,remove-irs3-member1-1773042005,removal,remove-irs3-member1-1773042005,16,"[[""reshare_complete"", ""2026-02-28T13:23:53.762520482Z""], [""reshare_ack"", ""2026-03-08T12:05:49.077673571Z""], [""reshare_keygen_start"", ""2026-03-08T12:05:57.901648182Z""], [""removal_propose"", ""2026-03-09T07:40:07.52177829Z""], [""removal_observed"", ""2026-03-09T07:40:07.537878186Z""], [""removal_vote"", ""2026-03-09T07:40:09.839346548Z""], [""removal_executed"", ""2026-03-09T07:40:16.649505479Z""]]",/opt/fabric/benchmarks/out/suite_20260309_081039/run_009/raw/resources_removal_1773042005.csv
2026-03-09T07:40:43.754061Z,removal_1773042005,removal_wait_reshare,5.99,18.31,70788979,78440768,38794,10068,444574,959733,0,0,0,0,38794,10068,444574,959733,1,ok:1,0.23,0.31,1.84,2.16,0.46,0.95,1,1,1,post,2026-03-09T07:40:16.649505479Z,,27.105,removal_executed,2026-03-09T07:40:16.649505479Z,27.105,,,,remove-irs3-member1-1773042005,removal,remove-irs3-member1-1773042005,16,"[[""reshare_complete"", ""2026-02-28T13:23:53.762520482Z""], [""reshare_ack"", ""2026-03-08T12:05:49.077673571Z""], [""reshare_keygen_start"", ""2026-03-08T12:05:57.901648182Z""], [""removal_propose"", ""2026-03-09T07:40:07.52177829Z""], [""removal_observed"", ""2026-03-09T07:40:07.537878186Z""], [""removal_vote"", ""2026-03-09T07:40:09.839346548Z""], [""removal_executed"", ""2026-03-09T07:40:16.649505479Z""]]",/opt/fabric/benchmarks/out/suite_20260309_081039/run_009/raw/resources_removal_1773042005.csv
2026-03-09T07:40:44.845065Z,removal_1773042005,removal_wait_reshare,4.17,18.31,70790859,78442503,1880,1735,446454,961468,0,0,0,0,1880,1735,446454,961468,1,ok:1,0.00,0.31,1.39,2.16,0.00,0.95,1,1,1,post,2026-03-09T07:40:16.649505479Z,,28.196,removal_executed,2026-03-09T07:40:16.649505479Z,28.196,,,,remove-irs3-member1-1773042005,removal,remove-irs3-member1-1773042005,16,"[[""reshare_complete"", ""2026-02-28T13:23:53.762520482Z""], [""reshare_ack"", ""2026-03-08T12:05:49.077673571Z""], [""reshare_keygen_start"", ""2026-03-08T12:05:57.901648182Z""], [""removal_propose"", ""2026-03-09T07:40:07.52177829Z""], [""removal_observed"", ""2026-03-09T07:40:07.537878186Z""], [""removal_vote"", ""2026-03-09T07:40:09.839346548Z""], [""removal_executed"", ""2026-03-09T07:40:16.649505479Z""]]",/opt/fabric/benchmarks/out/suite_20260309_081039/run_009/raw/resources_removal_1773042005.csv
2026-03-09T07:40:45.932609Z,removal_1773042005,removal_wait_reshare,12.82,18.31,70844716,78600899,53857,158396,500311,1119864,0,0,0,0,53857,158396,500311,1119864,1,ok:1,0.23,0.31,4.43,2.16,1.63,0.95,1,1,1,post,2026-03-09T07:40:16.649505479Z,,29.283,removal_executed,2026-03-09T07:40:16.649505479Z,29.283,,,,remove-irs3-member1-1773042005,removal,remove-irs3-member1-1773042005,16,"[[""reshare_complete"", ""2026-02-28T13:23:53.762520482Z""], [""reshare_ack"", ""2026-03-08T12:05:49.077673571Z""], [""reshare_keygen_start"", ""2026-03-08T12:05:57.901648182Z""], [""removal_propose"", ""2026-03-09T07:40:07.52177829Z""], [""removal_observed"", ""2026-03-09T07:40:07.537878186Z""], [""removal_vote"", ""2026-03-09T07:40:09.839346548Z""], [""removal_executed"", ""2026-03-09T07:40:16.649505479Z""]]",/opt/fabric/benchmarks/out/suite_20260309_081039/run_009/raw/resources_removal_1773042005.csv
2026-03-09T07:40:47.022626Z,removal_1773042005,removal_wait_reshare,6.96,18.31,70863845,78610037,19129,9138,519440,1129002,0,0,0,0,19129,9138,519440,1129002,1,ok:1,0.23,0.31,3.25,2.16,0.46,0.95,1,1,1,post,2026-03-09T07:40:16.649505479Z,,30.373,removal_executed,2026-03-09T07:40:16.649505479Z,30.373,,,,remove-irs3-member1-1773042005,removal,remove-irs3-member1-1773042005,16,"[[""reshare_complete"", ""2026-02-28T13:23:53.762520482Z""], [""reshare_ack"", ""2026-03-08T12:05:49.077673571Z""], [""reshare_keygen_start"", ""2026-03-08T12:05:57.901648182Z""], [""removal_propose"", ""2026-03-09T07:40:07.52177829Z""], [""removal_observed"", ""2026-03-09T07:40:07.537878186Z""], [""removal_vote"", ""2026-03-09T07:40:09.839346548Z""], [""removal_executed"", ""2026-03-09T07:40:16.649505479Z""]]",/opt/fabric/benchmarks/out/suite_20260309_081039/run_009/raw/resources_removal_1773042005.csv
2026-03-09T07:40:48.111547Z,removal_1773042005,removal_wait_reshare,9.89,18.32,70921460,78796612,57615,186575,577055,1315577,0,0,0,0,57615,186575,577055,1315577,1,ok:1,0.46,0.32,3.22,2.16,2.30,0.95,1,1,1,post,2026-03-09T07:40:16.649505479Z,,31.462,removal_executed,2026-03-09T07:40:16.649505479Z,31.462,,,,remove-irs3-member1-1773042005,removal,remove-irs3-member1-1773042005,16,"[[""reshare_complete"", ""2026-02-28T13:23:53.762520482Z""], [""reshare_ack"", ""2026-03-08T12:05:49.077673571Z""], [""reshare_keygen_start"", ""2026-03-08T12:05:57.901648182Z""], [""removal_propose"", ""2026-03-09T07:40:07.52177829Z""], [""removal_observed"", ""2026-03-09T07:40:07.537878186Z""], [""removal_vote"", ""2026-03-09T07:40:09.839346548Z""], [""removal_executed"", ""2026-03-09T07:40:16.649505479Z""]]",/opt/fabric/benchmarks/out/suite_20260309_081039/run_009/raw/resources_removal_1773042005.csv
2026-03-09T07:40:49.204795Z,removal_1773042005,removal_wait_reshare,5.54,18.32,70922864,78797737,1404,1125,578459,1316702,0,0,0,0,1404,1125,578459,1316702,1,ok:1,0.00,0.32,1.62,2.16,0.00,0.95,1,1,1,post,2026-03-09T07:40:16.649505479Z,,32.555,removal_executed,2026-03-09T07:40:16.649505479Z,32.555,,,,remove-irs3-member1-1773042005,removal,remove-irs3-member1-1773042005,16,"[[""reshare_complete"", ""2026-02-28T13:23:53.762520482Z""], [""reshare_ack"", ""2026-03-08T12:05:49.077673571Z""], [""reshare_keygen_start"", ""2026-03-08T12:05:57.901648182Z""], [""removal_propose"", ""2026-03-09T07:40:07.52177829Z""], [""removal_observed"", ""2026-03-09T07:40:07.537878186Z""], [""removal_vote"", ""2026-03-09T07:40:09.839346548Z""], [""removal_executed"", ""2026-03-09T07:40:16.649505479Z""]]",/opt/fabric/benchmarks/out/suite_20260309_081039/run_009/raw/resources_removal_1773042005.csv
2026-03-09T07:40:50.291937Z,removal_1773042005,removal_wait_reshare,21.08,18.33,70951791,78987015,28927,189278,607386,1505980,178,179,178,179,28749,189099,607208,1505801,1,ok:3,13.11,0.33,5.39,2.16,1.41,0.95,1,1,1,post,2026-03-09T07:40:16.649505479Z,,33.642,removal_executed,2026-03-09T07:40:16.649505479Z,33.642,,,,remove-irs3-member1-1773042005,removal,remove-irs3-member1-1773042005,16,"[[""reshare_complete"", ""2026-02-28T13:23:53.762520482Z""], [""reshare_ack"", ""2026-03-08T12:05:49.077673571Z""], [""reshare_keygen_start"", ""2026-03-08T12:05:57.901648182Z""], [""removal_propose"", ""2026-03-09T07:40:07.52177829Z""], [""removal_observed"", ""2026-03-09T07:40:07.537878186Z""], [""removal_vote"", ""2026-03-09T07:40:09.839346548Z""], [""removal_executed"", ""2026-03-09T07:40:16.649505479Z""]]",/opt/fabric/benchmarks/out/suite_20260309_081039/run_009/raw/resources_removal_1773042005.csv
2026-03-09T07:40:51.384555Z,removal_1773042005,removal_wait_reshare,6.94,18.32,70989529,78999039,37738,12024,645124,1518004,0,0,178,179,37738,12024,644946,1517825,1,ok:1,0.00,0.33,2.31,2.16,0.69,0.95,1,1,1,post,2026-03-09T07:40:16.649505479Z,,34.735,removal_executed,2026-03-09T07:40:16.649505479Z,34.735,,,,remove-irs3-member1-1773042005,removal,remove-irs3-member1-1773042005,16,"[[""reshare_complete"", ""2026-02-28T13:23:53.762520482Z""], [""reshare_ack"", ""2026-03-08T12:05:49.077673571Z""], [""reshare_keygen_start"", ""2026-03-08T12:05:57.901648182Z""], [""removal_propose"", ""2026-03-09T07:40:07.52177829Z""], [""removal_observed"", ""2026-03-09T07:40:07.537878186Z""], [""removal_vote"", ""2026-03-09T07:40:09.839346548Z""], [""removal_executed"", ""2026-03-09T07:40:16.649505479Z""]]",/opt/fabric/benchmarks/out/suite_20260309_081039/run_009/raw/resources_removal_1773042005.csv
2026-03-09T07:40:52.474281Z,removal_1773042005,removal_wait_reshare,6.94,18.32,70998539,79157531,9010,158492,654134,1676496,0,0,178,179,9010,158492,653956,1676317,1,ok:1,0.46,0.34,2.78,2.16,0.46,0.95,1,1,1,post,2026-03-09T07:40:16.649505479Z,,35.825,removal_executed,2026-03-09T07:40:16.649505479Z,35.825,,,,remove-irs3-member1-1773042005,removal,remove-irs3-member1-1773042005,16,"[[""reshare_complete"", ""2026-02-28T13:23:53.762520482Z""], [""reshare_ack"", ""2026-03-08T12:05:49.077673571Z""], [""reshare_keygen_start"", ""2026-03-08T12:05:57.901648182Z""], [""removal_propose"", ""2026-03-09T07:40:07.52177829Z""], [""removal_observed"", ""2026-03-09T07:40:07.537878186Z""], [""removal_vote"", ""2026-03-09T07:40:09.839346548Z""], [""removal_executed"", ""2026-03-09T07:40:16.649505479Z""]]",/opt/fabric/benchmarks/out/suite_20260309_081039/run_009/raw/resources_removal_1773042005.csv
2026-03-09T07:40:53.566146Z,removal_1773042005,removal_wait_reshare,4.41,18.32,71003688,79162920,5149,5389,659283,1681885,0,0,178,179,5149,5389,659105,1681706,1,ok:1,0.23,0.34,2.32,2.16,0.23,0.95,1,1,1,post,2026-03-09T07:40:16.649505479Z,,36.917,removal_executed,2026-03-09T07:40:16.649505479Z,36.917,,,,remove-irs3-member1-1773042005,removal,remove-irs3-member1-1773042005,16,"[[""reshare_complete"", ""2026-02-28T13:23:53.762520482Z""], [""reshare_ack"", ""2026-03-08T12:05:49.077673571Z""], [""reshare_keygen_start"", ""2026-03-08T12:05:57.901648182Z""], [""removal_propose"", ""2026-03-09T07:40:07.52177829Z""], [""removal_observed"", ""2026-03-09T07:40:07.537878186Z""], [""removal_vote"", ""2026-03-09T07:40:09.839346548Z""], [""removal_executed"", ""2026-03-09T07:40:16.649505479Z""]]",/opt/fabric/benchmarks/out/suite_20260309_081039/run_009/raw/resources_removal_1773042005.csv
2026-03-09T07:41:13.561998Z,join_1773042073,join_submit,0.00,18.33,71097982,79244918,0,0,0,0,0,0,0,0,0,0,0,0,1,ok:3,0.00,0.34,0.00,2.16,0.00,0.95,1,1,1,reshare_keygen_start,2026-03-07T13:25:31.674023016Z,2026-03-09T07:41:15.519750312Z,152141.888,reshare_keygen_start,2026-03-07T13:25:31.674023016Z,152141.888,join_submit,2026-03-09T07:41:15.519750312Z,1.958,join-irs3-1773042073,join,join-irs3-1773042073,18,"[[""reshare_complete"", ""2026-02-28T13:26:09.415977462Z""], [""reshare_ack"", ""2026-03-07T13:25:27.785477453Z""], [""reshare_keygen_start"", ""2026-03-07T13:25:31.674023016Z""], [""join_submit"", ""2026-03-09T07:41:15.519750312Z""], [""join_observed"", ""2026-03-09T07:41:15.532728777Z""]]",/opt/fabric/benchmarks/out/suite_20260309_081039/run_009/raw/resources_join_1773042073.csv
2026-03-09T07:41:14.651534Z,join_1773042073,join_submit,5.10,18.33,71104530,79248215,6548,3297,6548,3297,0,0,0,0,6548,3297,6548,3297,1,ok:3,0.23,0.34,1.86,2.16,0.00,0.95,1,1,1,reshare_keygen_start,2026-03-07T13:25:31.674023016Z,2026-03-09T07:41:15.519750312Z,152142.978,reshare_keygen_start,2026-03-07T13:25:31.674023016Z,152142.978,join_submit,2026-03-09T07:41:15.519750312Z,0.868,join-irs3-1773042073,join,join-irs3-1773042073,18,"[[""reshare_complete"", ""2026-02-28T13:26:09.415977462Z""], [""reshare_ack"", ""2026-03-07T13:25:27.785477453Z""], [""reshare_keygen_start"", ""2026-03-07T13:25:31.674023016Z""], [""join_submit"", ""2026-03-09T07:41:15.519750312Z""], [""join_observed"", ""2026-03-09T07:41:15.532728777Z""]]",/opt/fabric/benchmarks/out/suite_20260309_081039/run_009/raw/resources_join_1773042073.csv
2026-03-09T07:41:15.742754Z,join_1773042073,join_wait_vote,12.67,18.34,71109504,79291928,4974,43713,11522,47010,0,0,0,0,4974,43713,11522,47010,1,ok:1,0.00,0.34,2.53,2.16,0.46,0.95,1,1,1,post,2026-03-09T07:41:15.532728777Z,,0.210,join_observed,2026-03-09T07:41:15.532728777Z,0.210,,,,join-irs3-1773042073,join,join-irs3-1773042073,18,"[[""reshare_complete"", ""2026-02-28T13:26:09.415977462Z""], [""reshare_ack"", ""2026-03-07T13:25:27.785477453Z""], [""reshare_keygen_start"", ""2026-03-07T13:25:31.674023016Z""], [""join_submit"", ""2026-03-09T07:41:15.519750312Z""], [""join_observed"", ""2026-03-09T07:41:15.532728777Z""]]",/opt/fabric/benchmarks/out/suite_20260309_081039/run_009/raw/resources_join_1773042073.csv
2026-03-09T07:41:16.830390Z,join_1773042073,join_wait_vote,7.62,18.34,71133731,79306076,24227,14148,35749,61158,0,0,0,0,24227,14148,35749,61158,1,ok:1,0.23,0.34,3.23,2.16,0.46,0.95,1,1,1,post,2026-03-09T07:41:15.532728777Z,,1.298,join_observed,2026-03-09T07:41:15.532728777Z,1.298,,,,join-irs3-1773042073,join,join-irs3-1773042073,18,"[[""reshare_complete"", ""2026-02-28T13:26:09.415977462Z""], [""reshare_ack"", ""2026-03-07T13:25:27.785477453Z""], [""reshare_keygen_start"", ""2026-03-07T13:25:31.674023016Z""], [""join_submit"", ""2026-03-09T07:41:15.519750312Z""], [""join_observed"", ""2026-03-09T07:41:15.532728777Z""]]",/opt/fabric/benchmarks/out/suite_20260309_081039/run_009/raw/resources_join_1773042073.csv
2026-03-09T07:41:17.921054Z,join_1773042073,join_wait_vote,8.56,18.34,71153161,79322485,19430,16409,55179,77567,0,0,0,0,19430,16409,55179,77567,1,ok:1,0.23,0.34,4.17,2.16,0.93,0.95,1,1,1,post,2026-03-09T07:41:15.532728777Z,,2.388,join_observed,2026-03-09T07:41:15.532728777Z,2.388,,,,join-irs3-1773042073,join,join-irs3-1773042073,18,"[[""reshare_complete"", ""2026-02-28T13:26:09.415977462Z""], [""reshare_ack"", ""2026-03-07T13:25:27.785477453Z""], [""reshare_keygen_start"", ""2026-03-07T13:25:31.674023016Z""], [""join_submit"", ""2026-03-09T07:41:15.519750312Z""], [""join_observed"", ""2026-03-09T07:41:15.532728777Z""]]",/opt/fabric/benchmarks/out/suite_20260309_081039/run_009/raw/resources_join_1773042073.csv
2026-03-09T07:41:19.012817Z,join_1773042073,join_wait_vote,12.59,18.34,71208027,79453849,54866,131364,110045,208931,0,0,0,0,54866,131364,110045,208931,1,ok:1,0.00,0.34,4.12,2.16,0.69,0.95,1,1,1,post,2026-03-09T07:41:15.532728777Z,,3.480,join_observed,2026-03-09T07:41:15.532728777Z,3.480,,,,join-irs3-1773042073,join,join-irs3-1773042073,18,"[[""reshare_complete"", ""2026-02-28T13:26:09.415977462Z""], [""reshare_ack"", ""2026-03-07T13:25:27.785477453Z""], [""reshare_keygen_start"", ""2026-03-07T13:25:31.674023016Z""], [""join_submit"", ""2026-03-09T07:41:15.519750312Z""], [""join_observed"", ""2026-03-09T07:41:15.532728777Z""]]",/opt/fabric/benchmarks/out/suite_20260309_081039/run_009/raw/resources_join_1773042073.csv
2026-03-09T07:41:20.102039Z,join_1773042073,join_wait_vote,6.73,18.35,71211985,79457160,3958,3311,114003,212242,0,0,0,0,3958,3311,114003,212242,1,ok:1,0.00,0.34,2.32,2.16,0.00,0.95,1,1,1,post,2026-03-09T07:41:15.532728777Z,,4.569,join_observed,2026-03-09T07:41:15.532728777Z,4.569,,,,join-irs3-1773042073,join,join-irs3-1773042073,18,"[[""reshare_complete"", ""2026-02-28T13:26:09.415977462Z""], [""reshare_ack"", ""2026-03-07T13:25:27.785477453Z""], [""reshare_keygen_start"", ""2026-03-07T13:25:31.674023016Z""], [""join_submit"", ""2026-03-09T07:41:15.519750312Z""], [""join_observed"", ""2026-03-09T07:41:15.532728777Z""]]",/opt/fabric/benchmarks/out/suite_20260309_081039/run_009/raw/resources_join_1773042073.csv
2026-03-09T07:41:21.192193Z,join_1773042073,join_wait_vote,8.86,18.34,71246545,79617346,34560,160186,148563,372428,0,0,0,0,34560,160186,148563,372428,1,ok:1,0.23,0.35,3.26,2.16,1.63,0.95,1,1,1,post,2026-03-09T07:41:15.532728777Z,,5.659,join_observed,2026-03-09T07:41:15.532728777Z,5.659,,,,join-irs3-1773042073,join,join-irs3-1773042073,18,"[[""reshare_complete"", ""2026-02-28T13:26:09.415977462Z""], [""reshare_ack"", ""2026-03-07T13:25:27.785477453Z""], [""reshare_keygen_start"", ""2026-03-07T13:25:31.674023016Z""], [""join_submit"", ""2026-03-09T07:41:15.519750312Z""], [""join_observed"", ""2026-03-09T07:41:15.532728777Z""]]",/opt/fabric/benchmarks/out/suite_20260309_081039/run_009/raw/resources_join_1773042073.csv
2026-03-09T07:41:22.282084Z,join_1773042073,join_wait_reshare,9.72,18.35,71265146,79633179,18601,15833,167164,388261,0,0,0,0,18601,15833,167164,388261,1,ok:1,0.46,0.35,3.94,2.16,0.23,0.95,1,1,1,post,2026-03-09T07:41:15.532728777Z,,6.749,join_observed,2026-03-09T07:41:15.532728777Z,6.749,,,,join-irs3-1773042073,join,join-irs3-1773042073,18,"[[""reshare_complete"", ""2026-02-28T13:26:09.415977462Z""], [""reshare_ack"", ""2026-03-07T13:25:27.785477453Z""], [""reshare_keygen_start"", ""2026-03-07T13:25:31.674023016Z""], [""join_submit"", ""2026-03-09T07:41:15.519750312Z""], [""join_observed"", ""2026-03-09T07:41:15.532728777Z""]]",/opt/fabric/benchmarks/out/suite_20260309_081039/run_009/raw/resources_join_1773042073.csv
2026-03-09T07:41:23.373984Z,join_1773042073,join_wait_reshare,14.09,18.35,71317369,79778654,52223,145475,219387,533736,0,0,0,0,52223,145475,219387,533736,1,ok:1,0.46,0.35,5.54,2.16,1.15,0.95,1,1,1,post,2026-03-09T07:41:15.532728777Z,,7.841,join_observed,2026-03-09T07:41:15.532728777Z,7.841,,,,join-irs3-1773042073,join,join-irs3-1773042073,18,"[[""reshare_complete"", ""2026-02-28T13:26:09.415977462Z""], [""reshare_ack"", ""2026-03-07T13:25:27.785477453Z""], [""reshare_keygen_start"", ""2026-03-07T13:25:31.674023016Z""], [""join_submit"", ""2026-03-09T07:41:15.519750312Z""], [""join_observed"", ""2026-03-09T07:41:15.532728777Z""]]",/opt/fabric/benchmarks/out/suite_20260309_081039/run_009/raw/resources_join_1773042073.csv
2026-03-09T07:41:24.464241Z,join_1773042073,join_wait_reshare,4.62,18.35,71319132,79780559,1763,1905,221150,535641,0,0,0,0,1763,1905,221150,535641,1,ok:1,0.23,0.35,1.85,2.16,0.00,0.95,1,1,1,post,2026-03-09T07:41:15.532728777Z,,8.932,join_observed,2026-03-09T07:41:15.532728777Z,8.932,,,,join-irs3-1773042073,join,join-irs3-1773042073,18,"[[""reshare_complete"", ""2026-02-28T13:26:09.415977462Z""], [""reshare_ack"", ""2026-03-07T13:25:27.785477453Z""], [""reshare_keygen_start"", ""2026-03-07T13:25:31.674023016Z""], [""join_submit"", ""2026-03-09T07:41:15.519750312Z""], [""join_observed"", ""2026-03-09T07:41:15.532728777Z""]]",/opt/fabric/benchmarks/out/suite_20260309_081039/run_009/raw/resources_join_1773042073.csv
2026-03-09T07:41:25.553020Z,join_1773042073,join_wait_reshare,10.16,18.35,71339801,79914691,20669,134132,241819,669773,0,0,0,0,20669,134132,241819,669773,1,ok:1,0.23,0.35,4.39,2.16,1.15,0.95,1,1,1,post,2026-03-09T07:41:15.532728777Z,,10.020,join_observed,2026-03-09T07:41:15.532728777Z,10.020,,,,join-irs3-1773042073,join,join-irs3-1773042073,18,"[[""reshare_complete"", ""2026-02-28T13:26:09.415977462Z""], [""reshare_ack"", ""2026-03-07T13:25:27.785477453Z""], [""reshare_keygen_start"", ""2026-03-07T13:25:31.674023016Z""], [""join_submit"", ""2026-03-09T07:41:15.519750312Z""], [""join_observed"", ""2026-03-09T07:41:15.532728777Z""]]",/opt/fabric/benchmarks/out/suite_20260309_081039/run_009/raw/resources_join_1773042073.csv
2026-03-09T07:41:26.644155Z,join_1773042073,join_wait_reshare,11.76,18.35,71366310,79925278,26509,10587,268328,680360,0,0,0,0,26509,10587,268328,680360,1,ok:1,0.94,0.35,6.35,2.16,0.00,0.95,1,1,1,post,2026-03-09T07:41:15.532728777Z,,11.111,join_observed,2026-03-09T07:41:15.532728777Z,11.111,,,,join-irs3-1773042073,join,join-irs3-1773042073,18,"[[""reshare_complete"", ""2026-02-28T13:26:09.415977462Z""], [""reshare_ack"", ""2026-03-07T13:25:27.785477453Z""], [""reshare_keygen_start"", ""2026-03-07T13:25:31.674023016Z""], [""join_submit"", ""2026-03-09T07:41:15.519750312Z""], [""join_observed"", ""2026-03-09T07:41:15.532728777Z""]]",/opt/fabric/benchmarks/out/suite_20260309_081039/run_009/raw/resources_join_1773042073.csv
2026-03-09T07:41:27.737513Z,join_1773042073,join_wait_reshare,5.36,18.35,71377123,80026614,10813,101336,279141,781696,0,0,0,0,10813,101336,279141,781696,1,ok:1,0.00,0.35,2.56,2.16,0.70,0.95,1,1,1,post,2026-03-09T07:41:15.532728777Z,,12.205,join_observed,2026-03-09T07:41:15.532728777Z,12.205,,,,join-irs3-1773042073,join,join-irs3-1773042073,18,"[[""reshare_complete"", ""2026-02-28T13:26:09.415977462Z""], [""reshare_ack"", ""2026-03-07T13:25:27.785477453Z""], [""reshare_keygen_start"", ""2026-03-07T13:25:31.674023016Z""], [""join_submit"", ""2026-03-09T07:41:15.519750312Z""], [""join_observed"", ""2026-03-09T07:41:15.532728777Z""]]",/opt/fabric/benchmarks/out/suite_20260309_081039/run_009/raw/resources_join_1773042073.csv
2026-03-09T07:41:28.822769Z,join_1773042073,join_wait_reshare,9.09,18.35,71398072,80037794,20949,11180,300090,792876,0,0,0,0,20949,11180,300090,792876,1,ok:1,0.93,0.35,4.90,2.16,0.23,0.95,1,1,1,post,2026-03-09T07:41:15.532728777Z,,13.290,join_observed,2026-03-09T07:41:15.532728777Z,13.290,,,,join-irs3-1773042073,join,join-irs3-1773042073,18,"[[""reshare_complete"", ""2026-02-28T13:26:09.415977462Z""], [""reshare_ack"", ""2026-03-07T13:25:27.785477453Z""], [""reshare_keygen_start"", ""2026-03-07T13:25:31.674023016Z""], [""join_submit"", ""2026-03-09T07:41:15.519750312Z""], [""join_observed"", ""2026-03-09T07:41:15.532728777Z""]]",/opt/fabric/benchmarks/out/suite_20260309_081039/run_009/raw/resources_join_1773042073.csv
2026-03-09T07:41:29.912857Z,join_1773042073,join_wait_reshare,6.56,18.36,71407624,80048598,9552,10804,309642,803680,0,0,0,0,9552,10804,309642,803680,1,ok:1,0.00,0.35,2.81,2.16,0.00,0.95,1,1,1,post,2026-03-09T07:41:15.532728777Z,,14.380,join_observed,2026-03-09T07:41:15.532728777Z,14.380,,,,join-irs3-1773042073,join,join-irs3-1773042073,18,"[[""reshare_complete"", ""2026-02-28T13:26:09.415977462Z""], [""reshare_ack"", ""2026-03-07T13:25:27.785477453Z""], [""reshare_keygen_start"", ""2026-03-07T13:25:31.674023016Z""], [""join_submit"", ""2026-03-09T07:41:15.519750312Z""], [""join_observed"", ""2026-03-09T07:41:15.532728777Z""]]",/opt/fabric/benchmarks/out/suite_20260309_081039/run_009/raw/resources_join_1773042073.csv
2026-03-09T07:41:31.002807Z,join_1773042073,join_wait_reshare,10.47,18.35,71419915,80121101,12291,72503,321933,876183,0,0,0,0,12291,72503,321933,876183,1,ok:1,0.00,0.35,3.49,2.16,0.47,0.95,1,1,1,post,2026-03-09T07:41:15.532728777Z,,15.470,join_observed,2026-03-09T07:41:15.532728777Z,15.470,,,,join-irs3-1773042073,join,join-irs3-1773042073,18,"[[""reshare_complete"", ""2026-02-28T13:26:09.415977462Z""], [""reshare_ack"", ""2026-03-07T13:25:27.785477453Z""], [""reshare_keygen_start"", ""2026-03-07T13:25:31.674023016Z""], [""join_submit"", ""2026-03-09T07:41:15.519750312Z""], [""join_observed"", ""2026-03-09T07:41:15.532728777Z""]]",/opt/fabric/benchmarks/out/suite_20260309_081039/run_009/raw/resources_join_1773042073.csv
2026-03-09T07:41:32.092934Z,join_1773042073,join_wait_reshare,11.09,18.35,71424309,80125010,4394,3909,326327,880092,0,0,0,0,4394,3909,326327,880092,1,ok:1,0.69,0.35,4.85,2.16,0.00,0.95,1,1,1,post,2026-03-09T07:41:15.532728777Z,,16.560,join_observed,2026-03-09T07:41:15.532728777Z,16.560,,,,join-irs3-1773042073,join,join-irs3-1773042073,18,"[[""reshare_complete"", ""2026-02-28T13:26:09.415977462Z""], [""reshare_ack"", ""2026-03-07T13:25:27.785477453Z""], [""reshare_keygen_start"", ""2026-03-07T13:25:31.674023016Z""], [""join_submit"", ""2026-03-09T07:41:15.519750312Z""], [""join_observed"", ""2026-03-09T07:41:15.532728777Z""]]",/opt/fabric/benchmarks/out/suite_20260309_081039/run_009/raw/resources_join_1773042073.csv
2026-03-09T07:41:33.182556Z,join_1773042073,join_wait_reshare,4.41,18.36,71437565,80132442,13256,7432,339583,887524,0,0,0,0,13256,7432,339583,887524,1,ok:1,0.00,0.35,1.62,2.16,0.46,0.95,1,1,1,post,2026-03-09T07:41:15.532728777Z,,17.650,join_observed,2026-03-09T07:41:15.532728777Z,17.650,,,,join-irs3-1773042073,join,join-irs3-1773042073,18,"[[""reshare_complete"", ""2026-02-28T13:26:09.415977462Z""], [""reshare_ack"", ""2026-03-07T13:25:27.785477453Z""], [""reshare_keygen_start"", ""2026-03-07T13:25:31.674023016Z""], [""join_submit"", ""2026-03-09T07:41:15.519750312Z""], [""join_observed"", ""2026-03-09T07:41:15.532728777Z""]]",/opt/fabric/benchmarks/out/suite_20260309_081039/run_009/raw/resources_join_1773042073.csv
2026-03-09T07:41:34.272587Z,join_1773042073,join_wait_reshare,5.12,18.36,71447001,80141567,9436,9125,349019,896649,0,0,0,0,9436,9125,349019,896649,1,ok:1,0.23,0.35,3.26,2.16,0.23,0.95,1,1,1,post,2026-03-09T07:41:15.532728777Z,,18.740,join_observed,2026-03-09T07:41:15.532728777Z,18.740,,,,join-irs3-1773042073,join,join-irs3-1773042073,18,"[[""reshare_complete"", ""2026-02-28T13:26:09.415977462Z""], [""reshare_ack"", ""2026-03-07T13:25:27.785477453Z""], [""reshare_keygen_start"", ""2026-03-07T13:25:31.674023016Z""], [""join_submit"", ""2026-03-09T07:41:15.519750312Z""], [""join_observed"", ""2026-03-09T07:41:15.532728777Z""]]",/opt/fabric/benchmarks/out/suite_20260309_081039/run_009/raw/resources_join_1773042073.csv
2026-03-09T07:41:35.362398Z,join_1773042073,join_wait_reshare,12.68,18.36,71467341,80193852,20340,52285,369359,948934,0,0,0,0,20340,52285,369359,948934,1,ok:1,1.17,0.35,6.34,2.16,0.23,0.95,1,1,1,post,2026-03-09T07:41:15.532728777Z,,19.830,join_observed,2026-03-09T07:41:15.532728777Z,19.830,,,,join-irs3-1773042073,join,join-irs3-1773042073,18,"[[""reshare_complete"", ""2026-02-28T13:26:09.415977462Z""], [""reshare_ack"", ""2026-03-07T13:25:27.785477453Z""], [""reshare_keygen_start"", ""2026-03-07T13:25:31.674023016Z""], [""join_submit"", ""2026-03-09T07:41:15.519750312Z""], [""join_observed"", ""2026-03-09T07:41:15.532728777Z""]]",/opt/fabric/benchmarks/out/suite_20260309_081039/run_009/raw/resources_join_1773042073.csv
2026-03-09T07:41:36.452591Z,join_1773042073,join_wait_reshare,5.52,18.36,71474561,80197724,7220,3872,376579,952806,0,0,0,0,7220,3872,376579,952806,1,ok:1,0.23,0.35,1.38,2.16,0.00,0.95,1,1,1,post,2026-03-09T07:41:15.532728777Z,,20.920,join_observed,2026-03-09T07:41:15.532728777Z,20.920,,,,join-irs3-1773042073,join,join-irs3-1773042073,18,"[[""reshare_complete"", ""2026-02-28T13:26:09.415977462Z""], [""reshare_ack"", ""2026-03-07T13:25:27.785477453Z""], [""reshare_keygen_start"", ""2026-03-07T13:25:31.674023016Z""], [""join_submit"", ""2026-03-09T07:41:15.519750312Z""], [""join_observed"", ""2026-03-09T07:41:15.532728777Z""]]",/opt/fabric/benchmarks/out/suite_20260309_081039/run_009/raw/resources_join_1773042073.csv
2026-03-09T07:41:37.543881Z,join_1773042073,join_wait_reshare,5.79,18.36,71506059,80224569,31498,26845,408077,979651,0,0,0,0,31498,26845,408077,979651,1,ok:1,1.62,0.35,1.62,2.16,0.23,0.95,1,1,1,post,2026-03-09T07:41:15.532728777Z,,22.011,join_observed,2026-03-09T07:41:15.532728777Z,22.011,,,,join-irs3-1773042073,join,join-irs3-1773042073,18,"[[""reshare_complete"", ""2026-02-28T13:26:09.415977462Z""], [""reshare_ack"", ""2026-03-07T13:25:27.785477453Z""], [""reshare_keygen_start"", ""2026-03-07T13:25:31.674023016Z""], [""join_submit"", ""2026-03-09T07:41:15.519750312Z""], [""join_observed"", ""2026-03-09T07:41:15.532728777Z""]]",/opt/fabric/benchmarks/out/suite_20260309_081039/run_009/raw/resources_join_1773042073.csv
2026-03-09T07:41:38.634452Z,join_1773042073,join_wait_reshare,12.26,18.37,71536448,80250969,30389,26400,438466,1006051,0,0,0,0,30389,26400,438466,1006051,1,ok:1,1.89,0.36,6.60,2.16,0.00,0.95,1,1,1,post,2026-03-09T07:41:15.532728777Z,,23.102,join_observed,2026-03-09T07:41:15.532728777Z,23.102,,,,join-irs3-1773042073,join,join-irs3-1773042073,18,"[[""reshare_complete"", ""2026-02-28T13:26:09.415977462Z""], [""reshare_ack"", ""2026-03-07T13:25:27.785477453Z""], [""reshare_keygen_start"", ""2026-03-07T13:25:31.674023016Z""], [""join_submit"", ""2026-03-09T07:41:15.519750312Z""], [""join_observed"", ""2026-03-09T07:41:15.532728777Z""]]",/opt/fabric/benchmarks/out/suite_20260309_081039/run_009/raw/resources_join_1773042073.csv
2026-03-09T07:41:39.725518Z,join_1773042073,join_wait_reshare,3.93,18.37,71540155,80256011,3707,5042,442173,1011093,0,0,0,0,3707,5042,442173,1011093,1,ok:1,0.00,0.36,1.62,2.16,0.00,0.95,1,1,1,post,2026-03-09T07:41:15.532728777Z,,24.193,join_observed,2026-03-09T07:41:15.532728777Z,24.193,,,,join-irs3-1773042073,join,join-irs3-1773042073,18,"[[""reshare_complete"", ""2026-02-28T13:26:09.415977462Z""], [""reshare_ack"", ""2026-03-07T13:25:27.785477453Z""], [""reshare_keygen_start"", ""2026-03-07T13:25:31.674023016Z""], [""join_submit"", ""2026-03-09T07:41:15.519750312Z""], [""join_observed"", ""2026-03-09T07:41:15.532728777Z""]]",/opt/fabric/benchmarks/out/suite_20260309_081039/run_009/raw/resources_join_1773042073.csv
2026-03-09T07:41:40.808506Z,join_1773042073,join_wait_reshare,9.30,18.37,71543254,80259024,3099,3013,445272,1014106,0,0,0,0,3099,3013,445272,1014106,1,ok:1,0.47,0.36,4.19,2.16,0.23,0.95,1,1,1,post,2026-03-09T07:41:15.532728777Z,,25.276,join_observed,2026-03-09T07:41:15.532728777Z,25.276,,,,join-irs3-1773042073,join,join-irs3-1773042073,18,"[[""reshare_complete"", ""2026-02-28T13:26:09.415977462Z""], [""reshare_ack"", ""2026-03-07T13:25:27.785477453Z""], [""reshare_keygen_start"", ""2026-03-07T13:25:31.674023016Z""], [""join_submit"", ""2026-03-09T07:41:15.519750312Z""], [""join_observed"", ""2026-03-09T07:41:15.532728777Z""]]",/opt/fabric/benchmarks/out/suite_20260309_081039/run_009/raw/resources_join_1773042073.csv
2026-03-09T07:41:41.897590Z,join_1773042073,join_wait_reshare,4.49,18.37,71551595,80266973,8341,7949,453613,1022055,0,0,0,0,8341,7949,453613,1022055,1,ok:1,0.00,0.36,2.13,2.16,0.00,0.95,1,1,1,post,2026-03-09T07:41:15.532728777Z,,26.365,join_observed,2026-03-09T07:41:15.532728777Z,26.365,,,,join-irs3-1773042073,join,join-irs3-1773042073,18,"[[""reshare_complete"", ""2026-02-28T13:26:09.415977462Z""], [""reshare_ack"", ""2026-03-07T13:25:27.785477453Z""], [""reshare_keygen_start"", ""2026-03-07T13:25:31.674023016Z""], [""join_submit"", ""2026-03-09T07:41:15.519750312Z""], [""join_observed"", ""2026-03-09T07:41:15.532728777Z""]]",/opt/fabric/benchmarks/out/suite_20260309_081039/run_009/raw/resources_join_1773042073.csv
2026-03-09T07:41:42.991289Z,join_1773042073,join_wait_reshare,6.24,18.37,71556894,80269247,5299,2274,458912,1024329,0,0,0,0,5299,2274,458912,1024329,1,ok:1,0.00,0.36,2.08,2.16,0.00,0.95,1,1,1,post,2026-03-09T07:41:15.532728777Z,,27.459,join_observed,2026-03-09T07:41:15.532728777Z,27.459,,,,join-irs3-1773042073,join,join-irs3-1773042073,18,"[[""reshare_complete"", ""2026-02-28T13:26:09.415977462Z""], [""reshare_ack"", ""2026-03-07T13:25:27.785477453Z""], [""reshare_keygen_start"", ""2026-03-07T13:25:31.674023016Z""], [""join_submit"", ""2026-03-09T07:41:15.519750312Z""], [""join_observed"", ""2026-03-09T07:41:15.532728777Z""]]",/opt/fabric/benchmarks/out/suite_20260309_081039/run_009/raw/resources_join_1773042073.csv
2026-03-09T07:41:44.071033Z,join_1773042073,join_wait_reshare,19.91,18.39,72339496,80297339,782602,28092,1241514,1052421,0,0,0,0,782602,28092,1241514,1052421,1,ok:1,14.58,0.34,2.78,2.16,0.00,0.95,1,1,1,post,2026-03-09T07:41:15.532728777Z,,28.538,join_observed,2026-03-09T07:41:15.532728777Z,28.538,,,,join-irs3-1773042073,join,join-irs3-1773042073,18,"[[""reshare_complete"", ""2026-02-28T13:26:09.415977462Z""], [""reshare_ack"", ""2026-03-07T13:25:27.785477453Z""], [""reshare_keygen_start"", ""2026-03-07T13:25:31.674023016Z""], [""join_submit"", ""2026-03-09T07:41:15.519750312Z""], [""join_observed"", ""2026-03-09T07:41:15.532728777Z""]]",/opt/fabric/benchmarks/out/suite_20260309_081039/run_009/raw/resources_join_1773042073.csv
2026-03-09T07:41:45.155135Z,join_1773042073,join_wait_reshare,30.00,18.39,72341349,80298754,1853,1415,1243367,1053836,0,0,0,0,1853,1415,1243367,1053836,1,ok:1,25.35,0.34,0.93,2.16,0.00,0.95,1,1,1,post,2026-03-09T07:41:15.532728777Z,,29.622,join_observed,2026-03-09T07:41:15.532728777Z,29.622,,,,join-irs3-1773042073,join,join-irs3-1773042073,18,"[[""reshare_complete"", ""2026-02-28T13:26:09.415977462Z""], [""reshare_ack"", ""2026-03-07T13:25:27.785477453Z""], [""reshare_keygen_start"", ""2026-03-07T13:25:31.674023016Z""], [""join_submit"", ""2026-03-09T07:41:15.519750312Z""], [""join_observed"", ""2026-03-09T07:41:15.532728777Z""]]",/opt/fabric/benchmarks/out/suite_20260309_081039/run_009/raw/resources_join_1773042073.csv
2026-03-09T07:41:46.238835Z,join_1773042073,join_wait_reshare,29.70,18.39,72346744,80304158,5395,5404,1248762,1059240,0,0,0,0,5395,5404,1248762,1059240,1,ok:1,25.52,0.34,1.16,2.16,0.00,0.95,1,1,1,post,2026-03-09T07:41:15.532728777Z,,30.706,join_observed,2026-03-09T07:41:15.532728777Z,30.706,,,,join-irs3-1773042073,join,join-irs3-1773042073,18,"[[""reshare_complete"", ""2026-02-28T13:26:09.415977462Z""], [""reshare_ack"", ""2026-03-07T13:25:27.785477453Z""], [""reshare_keygen_start"", ""2026-03-07T13:25:31.674023016Z""], [""join_submit"", ""2026-03-09T07:41:15.519750312Z""], [""join_observed"", ""2026-03-09T07:41:15.532728777Z""]]",/opt/fabric/benchmarks/out/suite_20260309_081039/run_009/raw/resources_join_1773042073.csv
2026-03-09T07:41:47.318354Z,join_1773042073,join_wait_reshare,31.79,18.39,72352961,80310277,6217,6119,1254979,1065359,0,0,0,0,6217,6119,1254979,1065359,1,ok:1,25.29,0.35,2.78,2.16,0.00,0.95,1,1,1,post,2026-03-09T07:41:15.532728777Z,,31.786,join_observed,2026-03-09T07:41:15.532728777Z,31.786,,,,join-irs3-1773042073,join,join-irs3-1773042073,18,"[[""reshare_complete"", ""2026-02-28T13:26:09.415977462Z""], [""reshare_ack"", ""2026-03-07T13:25:27.785477453Z""], [""reshare_keygen_start"", ""2026-03-07T13:25:31.674023016Z""], [""join_submit"", ""2026-03-09T07:41:15.519750312Z""], [""join_observed"", ""2026-03-09T07:41:15.532728777Z""]]",/opt/fabric/benchmarks/out/suite_20260309_081039/run_009/raw/resources_join_1773042073.csv
2026-03-09T07:41:48.397747Z,join_1773042073,join_wait_reshare,27.87,18.39,72354175,80311070,1214,793,1256193,1066152,0,0,0,0,1214,793,1256193,1066152,1,ok:1,25.76,0.36,0.70,2.16,0.00,0.95,1,1,1,post,2026-03-09T07:41:15.532728777Z,,32.865,join_observed,2026-03-09T07:41:15.532728777Z,32.865,,,,join-irs3-1773042073,join,join-irs3-1773042073,18,"[[""reshare_complete"", ""2026-02-28T13:26:09.415977462Z""], [""reshare_ack"", ""2026-03-07T13:25:27.785477453Z""], [""reshare_keygen_start"", ""2026-03-07T13:25:31.674023016Z""], [""join_submit"", ""2026-03-09T07:41:15.519750312Z""], [""join_observed"", ""2026-03-09T07:41:15.532728777Z""]]",/opt/fabric/benchmarks/out/suite_20260309_081039/run_009/raw/resources_join_1773042073.csv
2026-03-09T07:41:49.477336Z,join_1773042073,join_wait_reshare,27.67,18.39,72357017,80314614,2842,3544,1259035,1069696,0,0,0,0,2842,3544,1259035,1069696,1,ok:1,25.35,0.36,0.70,2.16,0.00,0.95,1,1,1,post,2026-03-09T07:41:15.532728777Z,,33.945,join_observed,2026-03-09T07:41:15.532728777Z,33.945,,,,join-irs3-1773042073,join,join-irs3-1773042073,18,"[[""reshare_complete"", ""2026-02-28T13:26:09.415977462Z""], [""reshare_ack"", ""2026-03-07T13:25:27.785477453Z""], [""reshare_keygen_start"", ""2026-03-07T13:25:31.674023016Z""], [""join_submit"", ""2026-03-09T07:41:15.519750312Z""], [""join_observed"", ""2026-03-09T07:41:15.532728777Z""]]",/opt/fabric/benchmarks/out/suite_20260309_081039/run_009/raw/resources_join_1773042073.csv
2026-03-09T07:41:50.645108Z,join_1773042073,join_wait_reshare,64.58,18.39,72431537,81134846,74520,820232,1333555,1889928,0,0,0,0,74520,820232,1333555,1889928,1,ok:1,60.88,0.37,3.01,2.16,0.00,0.95,1,1,1,post,2026-03-09T07:41:15.532728777Z,,35.112,join_observed,2026-03-09T07:41:15.532728777Z,35.112,,,,join-irs3-1773042073,join,join-irs3-1773042073,18,"[[""reshare_complete"", ""2026-02-28T13:26:09.415977462Z""], [""reshare_ack"", ""2026-03-07T13:25:27.785477453Z""], [""reshare_keygen_start"", ""2026-03-07T13:25:31.674023016Z""], [""join_submit"", ""2026-03-09T07:41:15.519750312Z""], [""join_observed"", ""2026-03-09T07:41:15.532728777Z""]]",/opt/fabric/benchmarks/out/suite_20260309_081039/run_009/raw/resources_join_1773042073.csv
2026-03-09T07:41:51.792181Z,join_1773042073,join_wait_reshare,100.00,18.40,72435091,81140107,3554,5261,1337109,1895189,0,0,0,0,3554,5261,1337109,1895189,1,ok:1,97.64,0.39,0.43,2.16,0.21,0.95,1,1,1,post,2026-03-09T07:41:15.532728777Z,,36.259,join_observed,2026-03-09T07:41:15.532728777Z,36.259,,,,join-irs3-1773042073,join,join-irs3-1773042073,18,"[[""reshare_complete"", ""2026-02-28T13:26:09.415977462Z""], [""reshare_ack"", ""2026-03-07T13:25:27.785477453Z""], [""reshare_keygen_start"", ""2026-03-07T13:25:31.674023016Z""], [""join_submit"", ""2026-03-09T07:41:15.519750312Z""], [""join_observed"", ""2026-03-09T07:41:15.532728777Z""]]",/opt/fabric/benchmarks/out/suite_20260309_081039/run_009/raw/resources_join_1773042073.csv
2026-03-09T07:41:52.957355Z,join_1773042073,join_wait_reshare,100.00,18.40,72437112,81141882,2021,1775,1339130,1896964,0,0,0,0,2021,1775,1339130,1896964,1,ok:1,94.34,0.40,2.18,2.16,0.00,0.95,1,1,1,post,2026-03-09T07:41:15.532728777Z,,37.425,join_observed,2026-03-09T07:41:15.532728777Z,37.425,,,,join-irs3-1773042073,join,join-irs3-1773042073,18,"[[""reshare_complete"", ""2026-02-28T13:26:09.415977462Z""], [""reshare_ack"", ""2026-03-07T13:25:27.785477453Z""], [""reshare_keygen_start"", ""2026-03-07T13:25:31.674023016Z""], [""join_submit"", ""2026-03-09T07:41:15.519750312Z""], [""join_observed"", ""2026-03-09T07:41:15.532728777Z""]]",/opt/fabric/benchmarks/out/suite_20260309_081039/run_009/raw/resources_join_1773042073.csv
2026-03-09T07:41:54.117774Z,join_1773042073,join_wait_reshare,99.79,18.40,72441800,81147938,4688,6056,1343818,1903020,0,0,0,0,4688,6056,1343818,1903020,1,ok:1,97.00,0.40,0.86,2.16,0.00,0.95,1,1,1,post,2026-03-09T07:41:15.532728777Z,,38.585,join_observed,2026-03-09T07:41:15.532728777Z,38.585,,,,join-irs3-1773042073,join,join-irs3-1773042073,18,"[[""reshare_complete"", ""2026-02-28T13:26:09.415977462Z""], [""reshare_ack"", ""2026-03-07T13:25:27.785477453Z""], [""reshare_keygen_start"", ""2026-03-07T13:25:31.674023016Z""], [""join_submit"", ""2026-03-09T07:41:15.519750312Z""], [""join_observed"", ""2026-03-09T07:41:15.532728777Z""]]",/opt/fabric/benchmarks/out/suite_20260309_081039/run_009/raw/resources_join_1773042073.csv
2026-03-09T07:41:55.271233Z,join_1773042073,join_wait_reshare,100.00,18.40,72447110,81150064,5310,2126,1349128,1905146,0,0,0,0,5310,2126,1349128,1905146,1,ok:1,97.20,0.39,1.08,2.16,0.00,0.95,1,1,1,post,2026-03-09T07:41:15.532728777Z,,39.739,join_observed,2026-03-09T07:41:15.532728777Z,39.739,,,,join-irs3-1773042073,join,join-irs3-1773042073,18,"[[""reshare_complete"", ""2026-02-28T13:26:09.415977462Z""], [""reshare_ack"", ""2026-03-07T13:25:27.785477453Z""], [""reshare_keygen_start"", ""2026-03-07T13:25:31.674023016Z""], [""join_submit"", ""2026-03-09T07:41:15.519750312Z""], [""join_observed"", ""2026-03-09T07:41:15.532728777Z""]]",/opt/fabric/benchmarks/out/suite_20260309_081039/run_009/raw/resources_join_1773042073.csv
2026-03-09T07:41:56.444269Z,join_1773042073,join_wait_reshare,99.78,18.40,72450239,81152498,3129,2434,1352257,1907580,0,0,0,0,3129,2434,1352257,1907580,1,ok:1,92.17,0.39,3.04,2.16,0.00,0.95,1,1,1,post,2026-03-09T07:41:15.532728777Z,,40.912,join_observed,2026-03-09T07:41:15.532728777Z,40.912,,,,join-irs3-1773042073,join,join-irs3-1773042073,18,"[[""reshare_complete"", ""2026-02-28T13:26:09.415977462Z""], [""reshare_ack"", ""2026-03-07T13:25:27.785477453Z""], [""reshare_keygen_start"", ""2026-03-07T13:25:31.674023016Z""], [""join_submit"", ""2026-03-09T07:41:15.519750312Z""], [""join_observed"", ""2026-03-09T07:41:15.532728777Z""]]",/opt/fabric/benchmarks/out/suite_20260309_081039/run_009/raw/resources_join_1773042073.csv
2026-03-09T07:41:57.524486Z,join_1773042073,join_wait_reshare,69.15,18.40,72453514,81156193,3275,3695,1355532,1911275,0,0,0,0,3275,3695,1355532,1911275,1,ok:1,62.77,0.36,0.43,2.16,0.00,0.95,1,1,1,post,2026-03-09T07:41:15.532728777Z,,41.992,join_observed,2026-03-09T07:41:15.532728777Z,41.992,,,,join-irs3-1773042073,join,join-irs3-1773042073,18,"[[""reshare_complete"", ""2026-02-28T13:26:09.415977462Z""], [""reshare_ack"", ""2026-03-07T13:25:27.785477453Z""], [""reshare_keygen_start"", ""2026-03-07T13:25:31.674023016Z""], [""join_submit"", ""2026-03-09T07:41:15.519750312Z""], [""join_observed"", ""2026-03-09T07:41:15.532728777Z""]]",/opt/fabric/benchmarks/out/suite_20260309_081039/run_009/raw/resources_join_1773042073.csv
2026-03-09T07:41:58.610299Z,join_1773042073,join_wait_reshare,53.61,18.40,72460462,81160901,6948,4708,1362480,1915983,0,0,0,0,6948,4708,1362480,1915983,1,ok:1,50.58,0.36,1.40,2.16,0.00,0.95,1,1,1,post,2026-03-09T07:41:15.532728777Z,,43.078,join_observed,2026-03-09T07:41:15.532728777Z,43.078,,,,join-irs3-1773042073,join,join-irs3-1773042073,18,"[[""reshare_complete"", ""2026-02-28T13:26:09.415977462Z""], [""reshare_ack"", ""2026-03-07T13:25:27.785477453Z""], [""reshare_keygen_start"", ""2026-03-07T13:25:31.674023016Z""], [""join_submit"", ""2026-03-09T07:41:15.519750312Z""], [""join_observed"", ""2026-03-09T07:41:15.532728777Z""]]",/opt/fabric/benchmarks/out/suite_20260309_081039/run_009/raw/resources_join_1773042073.csv
2026-03-09T07:41:59.698075Z,join_1773042073,join_wait_reshare,54.19,18.40,72474647,81172398,14185,11497,1376665,1927480,0,0,0,0,14185,11497,1376665,1927480,1,ok:1,48.60,0.37,2.09,2.16,0.00,0.95,1,1,1,post,2026-03-09T07:41:15.532728777Z,,44.165,join_observed,2026-03-09T07:41:15.532728777Z,44.165,,,,join-irs3-1773042073,join,join-irs3-1773042073,18,"[[""reshare_complete"", ""2026-02-28T13:26:09.415977462Z""], [""reshare_ack"", ""2026-03-07T13:25:27.785477453Z""], [""reshare_keygen_start"", ""2026-03-07T13:25:31.674023016Z""], [""join_submit"", ""2026-03-09T07:41:15.519750312Z""], [""join_observed"", ""2026-03-09T07:41:15.532728777Z""]]",/opt/fabric/benchmarks/out/suite_20260309_081039/run_009/raw/resources_join_1773042073.csv
2026-03-09T07:42:00.788694Z,join_1773042073,join_wait_reshare,9.68,18.40,72498782,81207249,24135,34851,1400800,1962331,0,0,0,0,24135,34851,1400800,1962331,1,ok:1,0.69,0.37,1.61,2.16,0.00,0.95,1,1,1,post,2026-03-09T07:41:15.532728777Z,,45.256,join_observed,2026-03-09T07:41:15.532728777Z,45.256,,,,join-irs3-1773042073,join,join-irs3-1773042073,18,"[[""reshare_complete"", ""2026-02-28T13:26:09.415977462Z""], [""reshare_ack"", ""2026-03-07T13:25:27.785477453Z""], [""reshare_keygen_start"", ""2026-03-07T13:25:31.674023016Z""], [""join_submit"", ""2026-03-09T07:41:15.519750312Z""], [""join_observed"", ""2026-03-09T07:41:15.532728777Z""]]",/opt/fabric/benchmarks/out/suite_20260309_081039/run_009/raw/resources_join_1773042073.csv
2026-03-09T07:42:01.879284Z,join_1773042073,join_wait_reshare,11.66,18.40,72559020,81240965,60238,33716,1461038,1996047,0,0,0,0,60238,33716,1461038,1996047,1,ok:1,0.70,0.37,5.36,2.16,0.93,0.95,1,1,1,post,2026-03-09T07:41:15.532728777Z,,46.347,join_observed,2026-03-09T07:41:15.532728777Z,46.347,,,,join-irs3-1773042073,join,join-irs3-1773042073,18,"[[""reshare_complete"", ""2026-02-28T13:26:09.415977462Z""], [""reshare_ack"", ""2026-03-07T13:25:27.785477453Z""], [""reshare_keygen_start"", ""2026-03-07T13:25:31.674023016Z""], [""join_submit"", ""2026-03-09T07:41:15.519750312Z""], [""join_observed"", ""2026-03-09T07:41:15.532728777Z""]]",/opt/fabric/benchmarks/out/suite_20260309_081039/run_009/raw/resources_join_1773042073.csv
2026-03-09T07:42:02.970937Z,join_1773042073,join_wait_reshare,6.22,18.40,72564651,81244475,5631,3510,1466669,1999557,0,0,0,0,5631,3510,1466669,1999557,1,ok:1,0.00,0.37,1.84,2.16,0.00,0.95,1,1,1,post,2026-03-09T07:41:15.532728777Z,,47.438,join_observed,2026-03-09T07:41:15.532728777Z,47.438,,,,join-irs3-1773042073,join,join-irs3-1773042073,18,"[[""reshare_complete"", ""2026-02-28T13:26:09.415977462Z""], [""reshare_ack"", ""2026-03-07T13:25:27.785477453Z""], [""reshare_keygen_start"", ""2026-03-07T13:25:31.674023016Z""], [""join_submit"", ""2026-03-09T07:41:15.519750312Z""], [""join_observed"", ""2026-03-09T07:41:15.532728777Z""]]",/opt/fabric/benchmarks/out/suite_20260309_081039/run_009/raw/resources_join_1773042073.csv
2026-03-09T07:42:04.065537Z,join_1773042073,join_wait_reshare,6.03,18.42,72573547,81426157,8896,181682,1475565,2181239,0,0,0,0,8896,181682,1475565,2181239,1,ok:1,0.00,0.38,2.78,2.16,1.16,0.95,1,1,1,post,2026-03-09T07:41:15.532728777Z,,48.533,join_observed,2026-03-09T07:41:15.532728777Z,48.533,,,,join-irs3-1773042073,join,join-irs3-1773042073,18,"[[""reshare_complete"", ""2026-02-28T13:26:09.415977462Z""], [""reshare_ack"", ""2026-03-07T13:25:27.785477453Z""], [""reshare_keygen_start"", ""2026-03-07T13:25:31.674023016Z""], [""join_submit"", ""2026-03-09T07:41:15.519750312Z""], [""join_observed"", ""2026-03-09T07:41:15.532728777Z""]]",/opt/fabric/benchmarks/out/suite_20260309_081039/run_009/raw/resources_join_1773042073.csv
2026-03-09T07:42:05.156522Z,join_1773042073,join_wait_reshare,14.15,18.42,72639973,81453406,66426,27249,1541991,2208488,0,0,0,0,66426,27249,1541991,2208488,1,ok:1,1.16,0.38,5.57,2.16,0.93,0.95,1,1,1,post,2026-03-09T07:41:15.532728777Z,,49.624,join_observed,2026-03-09T07:41:15.532728777Z,49.624,,,,join-irs3-1773042073,join,join-irs3-1773042073,18,"[[""reshare_complete"", ""2026-02-28T13:26:09.415977462Z""], [""reshare_ack"", ""2026-03-07T13:25:27.785477453Z""], [""reshare_keygen_start"", ""2026-03-07T13:25:31.674023016Z""], [""join_submit"", ""2026-03-09T07:41:15.519750312Z""], [""join_observed"", ""2026-03-09T07:41:15.532728777Z""]]",/opt/fabric/benchmarks/out/suite_20260309_081039/run_009/raw/resources_join_1773042073.csv
2026-03-09T07:42:06.248787Z,join_1773042073,join_wait_reshare,7.69,18.44,72657356,81680966,17383,227560,1559374,2436048,0,0,0,0,17383,227560,1559374,2436048,1,ok:1,0.23,0.39,4.43,2.16,0.93,0.95,1,1,1,post,2026-03-09T07:41:15.532728777Z,,50.716,join_observed,2026-03-09T07:41:15.532728777Z,50.716,,,,join-irs3-1773042073,join,join-irs3-1773042073,18,"[[""reshare_complete"", ""2026-02-28T13:26:09.415977462Z""], [""reshare_ack"", ""2026-03-07T13:25:27.785477453Z""], [""reshare_keygen_start"", ""2026-03-07T13:25:31.674023016Z""], [""join_submit"", ""2026-03-09T07:41:15.519750312Z""], [""join_observed"", ""2026-03-09T07:41:15.532728777Z""]]",/opt/fabric/benchmarks/out/suite_20260309_081039/run_009/raw/resources_join_1773042073.csv
2026-03-09T07:42:07.344272Z,join_1773042073,join_wait_reshare,10.72,18.42,72743378,81712468,86022,31502,1645396,2467550,0,0,0,0,86022,31502,1645396,2467550,1,ok:1,0.70,0.37,4.66,2.16,1.40,0.95,1,1,1,post,2026-03-09T07:41:15.532728777Z,,51.812,join_observed,2026-03-09T07:41:15.532728777Z,51.812,,,,join-irs3-1773042073,join,join-irs3-1773042073,18,"[[""reshare_complete"", ""2026-02-28T13:26:09.415977462Z""], [""reshare_ack"", ""2026-03-07T13:25:27.785477453Z""], [""reshare_keygen_start"", ""2026-03-07T13:25:31.674023016Z""], [""join_submit"", ""2026-03-09T07:41:15.519750312Z""], [""join_observed"", ""2026-03-09T07:41:15.532728777Z""]]",/opt/fabric/benchmarks/out/suite_20260309_081039/run_009/raw/resources_join_1773042073.csv
2026-03-09T07:42:08.441679Z,join_1773042073,join_wait_reshare,4.16,18.42,72745813,81714849,2435,2381,1647831,2469931,0,0,0,0,2435,2381,1647831,2469931,1,ok:1,0.00,0.37,1.39,2.16,0.69,0.95,1,1,1,post,2026-03-09T07:41:15.532728777Z,,52.909,join_observed,2026-03-09T07:41:15.532728777Z,52.909,,,,join-irs3-1773042073,join,join-irs3-1773042073,18,"[[""reshare_complete"", ""2026-02-28T13:26:09.415977462Z""], [""reshare_ack"", ""2026-03-07T13:25:27.785477453Z""], [""reshare_keygen_start"", ""2026-03-07T13:25:31.674023016Z""], [""join_submit"", ""2026-03-09T07:41:15.519750312Z""], [""join_observed"", ""2026-03-09T07:41:15.532728777Z""]]",/opt/fabric/benchmarks/out/suite_20260309_081039/run_009/raw/resources_join_1773042073.csv
2026-03-09T07:42:09.530964Z,join_1773042073,join_wait_reshare,11.32,18.42,72823766,82005057,77953,290208,1725784,2760139,0,0,0,0,77953,290208,1725784,2760139,1,ok:1,0.71,0.37,5.66,2.16,0.94,0.95,1,1,1,post,2026-03-09T07:41:15.532728777Z,,53.998,join_observed,2026-03-09T07:41:15.532728777Z,53.998,,,,join-irs3-1773042073,join,join-irs3-1773042073,18,"[[""reshare_complete"", ""2026-02-28T13:26:09.415977462Z""], [""reshare_ack"", ""2026-03-07T13:25:27.785477453Z""], [""reshare_keygen_start"", ""2026-03-07T13:25:31.674023016Z""], [""join_submit"", ""2026-03-09T07:41:15.519750312Z""], [""join_observed"", ""2026-03-09T07:41:15.532728777Z""]]",/opt/fabric/benchmarks/out/suite_20260309_081039/run_009/raw/resources_join_1773042073.csv
2026-03-09T07:42:10.620664Z,join_1773042073,join_wait_reshare,7.60,18.42,72833912,82013261,10146,8204,1735930,2768343,0,0,0,0,10146,8204,1735930,2768343,1,ok:1,0.23,0.37,3.46,2.16,0.23,0.95,1,1,1,post,2026-03-09T07:41:15.532728777Z,,55.088,join_observed,2026-03-09T07:41:15.532728777Z,55.088,,,,join-irs3-1773042073,join,join-irs3-1773042073,18,"[[""reshare_complete"", ""2026-02-28T13:26:09.415977462Z""], [""reshare_ack"", ""2026-03-07T13:25:27.785477453Z""], [""reshare_keygen_start"", ""2026-03-07T13:25:31.674023016Z""], [""join_submit"", ""2026-03-09T07:41:15.519750312Z""], [""join_observed"", ""2026-03-09T07:41:15.532728777Z""]]",/opt/fabric/benchmarks/out/suite_20260309_081039/run_009/raw/resources_join_1773042073.csv
2026-03-09T07:42:11.710782Z,join_1773042073,join_wait_reshare,8.58,18.42,72848793,82248700,14881,235439,1750811,3003782,0,0,0,0,14881,235439,1750811,3003782,1,ok:1,0.23,0.37,3.48,2.16,0.93,0.95,1,1,1,post,2026-03-09T07:41:15.532728777Z,,56.178,join_observed,2026-03-09T07:41:15.532728777Z,56.178,,,,join-irs3-1773042073,join,join-irs3-1773042073,18,"[[""reshare_complete"", ""2026-02-28T13:26:09.415977462Z""], [""reshare_ack"", ""2026-03-07T13:25:27.785477453Z""], [""reshare_keygen_start"", ""2026-03-07T13:25:31.674023016Z""], [""join_submit"", ""2026-03-09T07:41:15.519750312Z""], [""join_observed"", ""2026-03-09T07:41:15.532728777Z""]]",/opt/fabric/benchmarks/out/suite_20260309_081039/run_009/raw/resources_join_1773042073.csv
2026-03-09T07:42:12.801284Z,join_1773042073,join_wait_reshare,5.84,18.42,72865817,82253938,17024,5238,1767835,3009020,0,0,0,0,17024,5238,1767835,3009020,1,ok:1,0.23,0.37,2.80,2.16,0.23,0.95,1,1,1,post,2026-03-09T07:41:15.532728777Z,,57.269,join_observed,2026-03-09T07:41:15.532728777Z,57.269,,,,join-irs3-1773042073,join,join-irs3-1773042073,18,"[[""reshare_complete"", ""2026-02-28T13:26:09.415977462Z""], [""reshare_ack"", ""2026-03-07T13:25:27.785477453Z""], [""reshare_keygen_start"", ""2026-03-07T13:25:31.674023016Z""], [""join_submit"", ""2026-03-09T07:41:15.519750312Z""], [""join_observed"", ""2026-03-09T07:41:15.532728777Z""]]",/opt/fabric/benchmarks/out/suite_20260309_081039/run_009/raw/resources_join_1773042073.csv
2026-03-09T07:42:13.899507Z,join_1773042073,join_wait_reshare,8.35,18.42,72921125,82274869,55308,20931,1823143,3029951,0,0,0,0,55308,20931,1823143,3029951,1,ok:1,0.23,0.37,4.64,2.16,1.62,0.97,1,1,1,post,2026-03-09T07:41:15.532728777Z,,58.367,join_observed,2026-03-09T07:41:15.532728777Z,58.367,,,,join-irs3-1773042073,join,join-irs3-1773042073,18,"[[""reshare_complete"", ""2026-02-28T13:26:09.415977462Z""], [""reshare_ack"", ""2026-03-07T13:25:27.785477453Z""], [""reshare_keygen_start"", ""2026-03-07T13:25:31.674023016Z""], [""join_submit"", ""2026-03-09T07:41:15.519750312Z""], [""join_observed"", ""2026-03-09T07:41:15.532728777Z""]]",/opt/fabric/benchmarks/out/suite_20260309_081039/run_009/raw/resources_join_1773042073.csv
