run_id,workflow,workflow_tag,operation_id,proposal_id,epoch,stage_start,stage_end,ts_start,ts_end,path,volume_name,component,bytes_before,bytes_after,delta_bytes
run_001,csr,csr_1772960970,csr-irs3-1772960970,csr-irs3-1772960970,,operation_start,csr_submit_done,2026-03-08T09:09:30.812911Z,2026-03-08T09:09:33.208796Z,/var/lib/docker/volumes,002a2c976d26a3f9c7eff06e2f9efe095908dd0ee21b2715cc202589b435aec2,other,NA,NA,
run_001,csr,csr_1772960970,csr-irs3-1772960970,csr-irs3-1772960970,,operation_start,csr_submit_done,2026-03-08T09:09:30.812911Z,2026-03-08T09:09:33.208796Z,/var/lib/docker/volumes,35a02607c21ea95db05e7150f71e6e704f4d6479a4a76375ed8ec3cbfc5ec094,other,NA,NA,
run_001,csr,csr_1772960970,csr-irs3-1772960970,csr-irs3-1772960970,,operation_start,csr_submit_done,2026-03-08T09:09:30.812911Z,2026-03-08T09:09:33.208796Z,/var/lib/docker/volumes,791e62bfc17bf044236c3dcb5d77ec82610b27aa4d5f3c78aff2e2842f98f9ee,other,NA,NA,
run_001,csr,csr_1772960970,csr-irs3-1772960970,csr-irs3-1772960970,,operation_start,csr_submit_done,2026-03-08T09:09:30.812911Z,2026-03-08T09:09:33.208796Z,/var/lib/docker/volumes,91dbb4452b1c3709e842113c225d65a63eab07cdac1110f244a9dfbdddb57dbf,other,NA,NA,
run_001,csr,csr_1772960970,csr-irs3-1772960970,csr-irs3-1772960970,,operation_start,csr_submit_done,2026-03-08T09:09:30.812911Z,2026-03-08T09:09:33.208796Z,/var/lib/docker/volumes,99ac8c723665556c954d288ca00335f1fae5493d384cb656ecf5a945cc9ae3b8,other,NA,NA,
run_001,csr,csr_1772960970,csr-irs3-1772960970,csr-irs3-1772960970,,operation_start,csr_submit_done,2026-03-08T09:09:30.812911Z,2026-03-08T09:09:33.208796Z,/var/lib/docker/volumes,ab96d922f06ec7a94f1b5200e75e480c9ed7eba86fbbe33b5cb9edbe031c6ea8,other,49770,49770,0
run_001,csr,csr_1772960970,csr-irs3-1772960970,csr-irs3-1772960970,,operation_start,csr_submit_done,2026-03-08T09:09:30.812911Z,2026-03-08T09:09:33.208796Z,/var/lib/docker/volumes,b8143ef8453ad18871b4b4e0ba6041764a2cda76bc6f516fa468de5fd6585e72,other,49770,49770,0
run_001,csr,csr_1772960970,csr-irs3-1772960970,csr-irs3-1772960970,,operation_start,csr_submit_done,2026-03-08T09:09:30.812911Z,2026-03-08T09:09:33.208796Z,/var/lib/docker/volumes,ce313f18292c11d1170b9839e1af2e5976d1858048740f79d790d8aed673a5a4,other,NA,NA,
run_001,csr,csr_1772960970,csr-irs3-1772960970,csr-irs3-1772960970,,operation_start,csr_submit_done,2026-03-08T09:09:30.812911Z,2026-03-08T09:09:33.208796Z,/var/lib/docker/volumes,d9b7785a06954372515977133a1213437b80c5db1517196ca5e26134d3413ccf,other,NA,NA,
run_001,csr,csr_1772960970,csr-irs3-1772960970,csr-irs3-1772960970,,operation_start,csr_submit_done,2026-03-08T09:09:30.812911Z,2026-03-08T09:09:33.208796Z,/var/lib/docker/volumes,e0eec01c85bd157680e466dd14073f2a433b51342ff770c3a292c984a51f226b,other,NA,NA,
run_001,csr,csr_1772960970,csr-irs3-1772960970,csr-irs3-1772960970,,operation_start,csr_submit_done,2026-03-08T09:09:30.812911Z,2026-03-08T09:09:33.208796Z,/var/lib/docker/volumes,fabric_orderer.kit.edu,orderer,129045296,129053841,8545
run_001,csr,csr_1772960970,csr-irs3-1772960970,csr-irs3-1772960970,,operation_start,csr_submit_done,2026-03-08T09:09:30.812911Z,2026-03-08T09:09:33.208796Z,/var/lib/docker/volumes,fabric_peer0.irs1.kit.edu,other,5006,5006,0
run_001,csr,csr_1772960970,csr-irs3-1772960970,csr-irs3-1772960970,,operation_start,csr_submit_done,2026-03-08T09:09:30.812911Z,2026-03-08T09:09:33.208796Z,/var/lib/docker/volumes,fabric_peer0.irs3.kit.edu,peer,27385385,27396065,10680
run_001,csr,csr_1772960970,csr-irs3-1772960970,csr-irs3-1772960970,,operation_start,csr_submit_done,2026-03-08T09:09:30.812911Z,2026-03-08T09:09:33.208796Z,/var/lib/docker/volumes,fabric_peer1.irs3.kit.edu,other,27383960,27394640,10680
run_001,csr,csr_1772960970,csr-irs3-1772960970,csr-irs3-1772960970,,operation_start,csr_submit_done,2026-03-08T09:09:30.812911Z,2026-03-08T09:09:33.208796Z,/var/lib/docker/volumes,fabric_peer2.irs3.kit.edu,other,27383957,27394637,10680
run_001,csr,csr_1772960970,csr-irs3-1772960970,csr-irs3-1772960970,,operation_start,csr_submit_done,2026-03-08T09:09:30.812911Z,2026-03-08T09:09:33.208796Z,/var/lib/docker/volumes,fabric_peer3.irs3.kit.edu,other,27385382,27396062,10680
run_001,csr,csr_1772960970,csr-irs3-1772960970,csr-irs3-1772960970,,csr_submit_done,csr_voted,2026-03-08T09:09:33.208796Z,2026-03-08T09:09:35.549506602Z,/var/lib/docker/volumes,002a2c976d26a3f9c7eff06e2f9efe095908dd0ee21b2715cc202589b435aec2,other,NA,NA,
run_001,csr,csr_1772960970,csr-irs3-1772960970,csr-irs3-1772960970,,csr_submit_done,csr_voted,2026-03-08T09:09:33.208796Z,2026-03-08T09:09:35.549506602Z,/var/lib/docker/volumes,35a02607c21ea95db05e7150f71e6e704f4d6479a4a76375ed8ec3cbfc5ec094,other,NA,NA,
run_001,csr,csr_1772960970,csr-irs3-1772960970,csr-irs3-1772960970,,csr_submit_done,csr_voted,2026-03-08T09:09:33.208796Z,2026-03-08T09:09:35.549506602Z,/var/lib/docker/volumes,791e62bfc17bf044236c3dcb5d77ec82610b27aa4d5f3c78aff2e2842f98f9ee,other,NA,NA,
run_001,csr,csr_1772960970,csr-irs3-1772960970,csr-irs3-1772960970,,csr_submit_done,csr_voted,2026-03-08T09:09:33.208796Z,2026-03-08T09:09:35.549506602Z,/var/lib/docker/volumes,91dbb4452b1c3709e842113c225d65a63eab07cdac1110f244a9dfbdddb57dbf,other,NA,NA,
run_001,csr,csr_1772960970,csr-irs3-1772960970,csr-irs3-1772960970,,csr_submit_done,csr_voted,2026-03-08T09:09:33.208796Z,2026-03-08T09:09:35.549506602Z,/var/lib/docker/volumes,99ac8c723665556c954d288ca00335f1fae5493d384cb656ecf5a945cc9ae3b8,other,NA,NA,
run_001,csr,csr_1772960970,csr-irs3-1772960970,csr-irs3-1772960970,,csr_submit_done,csr_voted,2026-03-08T09:09:33.208796Z,2026-03-08T09:09:35.549506602Z,/var/lib/docker/volumes,ab96d922f06ec7a94f1b5200e75e480c9ed7eba86fbbe33b5cb9edbe031c6ea8,other,49770,49770,0
run_001,csr,csr_1772960970,csr-irs3-1772960970,csr-irs3-1772960970,,csr_submit_done,csr_voted,2026-03-08T09:09:33.208796Z,2026-03-08T09:09:35.549506602Z,/var/lib/docker/volumes,b8143ef8453ad18871b4b4e0ba6041764a2cda76bc6f516fa468de5fd6585e72,other,49770,49770,0
run_001,csr,csr_1772960970,csr-irs3-1772960970,csr-irs3-1772960970,,csr_submit_done,csr_voted,2026-03-08T09:09:33.208796Z,2026-03-08T09:09:35.549506602Z,/var/lib/docker/volumes,ce313f18292c11d1170b9839e1af2e5976d1858048740f79d790d8aed673a5a4,other,NA,NA,
run_001,csr,csr_1772960970,csr-irs3-1772960970,csr-irs3-1772960970,,csr_submit_done,csr_voted,2026-03-08T09:09:33.208796Z,2026-03-08T09:09:35.549506602Z,/var/lib/docker/volumes,d9b7785a06954372515977133a1213437b80c5db1517196ca5e26134d3413ccf,other,NA,NA,
run_001,csr,csr_1772960970,csr-irs3-1772960970,csr-irs3-1772960970,,csr_submit_done,csr_voted,2026-03-08T09:09:33.208796Z,2026-03-08T09:09:35.549506602Z,/var/lib/docker/volumes,e0eec01c85bd157680e466dd14073f2a433b51342ff770c3a292c984a51f226b,other,NA,NA,
run_001,csr,csr_1772960970,csr-irs3-1772960970,csr-irs3-1772960970,,csr_submit_done,csr_voted,2026-03-08T09:09:33.208796Z,2026-03-08T09:09:35.549506602Z,/var/lib/docker/volumes,fabric_orderer.kit.edu,orderer,129053841,129078205,24364
run_001,csr,csr_1772960970,csr-irs3-1772960970,csr-irs3-1772960970,,csr_submit_done,csr_voted,2026-03-08T09:09:33.208796Z,2026-03-08T09:09:35.549506602Z,/var/lib/docker/volumes,fabric_peer0.irs1.kit.edu,other,5006,5006,0
run_001,csr,csr_1772960970,csr-irs3-1772960970,csr-irs3-1772960970,,csr_submit_done,csr_voted,2026-03-08T09:09:33.208796Z,2026-03-08T09:09:35.549506602Z,/var/lib/docker/volumes,fabric_peer0.irs3.kit.edu,peer,27396065,27423748,27683
run_001,csr,csr_1772960970,csr-irs3-1772960970,csr-irs3-1772960970,,csr_submit_done,csr_voted,2026-03-08T09:09:33.208796Z,2026-03-08T09:09:35.549506602Z,/var/lib/docker/volumes,fabric_peer1.irs3.kit.edu,other,27394640,27422323,27683
run_001,csr,csr_1772960970,csr-irs3-1772960970,csr-irs3-1772960970,,csr_submit_done,csr_voted,2026-03-08T09:09:33.208796Z,2026-03-08T09:09:35.549506602Z,/var/lib/docker/volumes,fabric_peer2.irs3.kit.edu,other,27394637,27422320,27683
run_001,csr,csr_1772960970,csr-irs3-1772960970,csr-irs3-1772960970,,csr_submit_done,csr_voted,2026-03-08T09:09:33.208796Z,2026-03-08T09:09:35.549506602Z,/var/lib/docker/volumes,fabric_peer3.irs3.kit.edu,other,27396062,27423745,27683
run_001,csr,csr_1772960970,csr-irs3-1772960970,csr-irs3-1772960970,,csr_voted,csr_approved,2026-03-08T09:09:35.549506602Z,2026-03-08T09:09:38.005536563Z,/var/lib/docker/volumes,002a2c976d26a3f9c7eff06e2f9efe095908dd0ee21b2715cc202589b435aec2,other,NA,NA,
run_001,csr,csr_1772960970,csr-irs3-1772960970,csr-irs3-1772960970,,csr_voted,csr_approved,2026-03-08T09:09:35.549506602Z,2026-03-08T09:09:38.005536563Z,/var/lib/docker/volumes,35a02607c21ea95db05e7150f71e6e704f4d6479a4a76375ed8ec3cbfc5ec094,other,NA,NA,
run_001,csr,csr_1772960970,csr-irs3-1772960970,csr-irs3-1772960970,,csr_voted,csr_approved,2026-03-08T09:09:35.549506602Z,2026-03-08T09:09:38.005536563Z,/var/lib/docker/volumes,791e62bfc17bf044236c3dcb5d77ec82610b27aa4d5f3c78aff2e2842f98f9ee,other,NA,NA,
run_001,csr,csr_1772960970,csr-irs3-1772960970,csr-irs3-1772960970,,csr_voted,csr_approved,2026-03-08T09:09:35.549506602Z,2026-03-08T09:09:38.005536563Z,/var/lib/docker/volumes,91dbb4452b1c3709e842113c225d65a63eab07cdac1110f244a9dfbdddb57dbf,other,NA,NA,
run_001,csr,csr_1772960970,csr-irs3-1772960970,csr-irs3-1772960970,,csr_voted,csr_approved,2026-03-08T09:09:35.549506602Z,2026-03-08T09:09:38.005536563Z,/var/lib/docker/volumes,99ac8c723665556c954d288ca00335f1fae5493d384cb656ecf5a945cc9ae3b8,other,NA,NA,
run_001,csr,csr_1772960970,csr-irs3-1772960970,csr-irs3-1772960970,,csr_voted,csr_approved,2026-03-08T09:09:35.549506602Z,2026-03-08T09:09:38.005536563Z,/var/lib/docker/volumes,ab96d922f06ec7a94f1b5200e75e480c9ed7eba86fbbe33b5cb9edbe031c6ea8,other,49770,49770,0
run_001,csr,csr_1772960970,csr-irs3-1772960970,csr-irs3-1772960970,,csr_voted,csr_approved,2026-03-08T09:09:35.549506602Z,2026-03-08T09:09:38.005536563Z,/var/lib/docker/volumes,b8143ef8453ad18871b4b4e0ba6041764a2cda76bc6f516fa468de5fd6585e72,other,49770,49770,0
run_001,csr,csr_1772960970,csr-irs3-1772960970,csr-irs3-1772960970,,csr_voted,csr_approved,2026-03-08T09:09:35.549506602Z,2026-03-08T09:09:38.005536563Z,/var/lib/docker/volumes,ce313f18292c11d1170b9839e1af2e5976d1858048740f79d790d8aed673a5a4,other,NA,NA,
run_001,csr,csr_1772960970,csr-irs3-1772960970,csr-irs3-1772960970,,csr_voted,csr_approved,2026-03-08T09:09:35.549506602Z,2026-03-08T09:09:38.005536563Z,/var/lib/docker/volumes,d9b7785a06954372515977133a1213437b80c5db1517196ca5e26134d3413ccf,other,NA,NA,
run_001,csr,csr_1772960970,csr-irs3-1772960970,csr-irs3-1772960970,,csr_voted,csr_approved,2026-03-08T09:09:35.549506602Z,2026-03-08T09:09:38.005536563Z,/var/lib/docker/volumes,e0eec01c85bd157680e466dd14073f2a433b51342ff770c3a292c984a51f226b,other,NA,NA,
run_001,csr,csr_1772960970,csr-irs3-1772960970,csr-irs3-1772960970,,csr_voted,csr_approved,2026-03-08T09:09:35.549506602Z,2026-03-08T09:09:38.005536563Z,/var/lib/docker/volumes,fabric_orderer.kit.edu,orderer,129078205,129094587,16382
run_001,csr,csr_1772960970,csr-irs3-1772960970,csr-irs3-1772960970,,csr_voted,csr_approved,2026-03-08T09:09:35.549506602Z,2026-03-08T09:09:38.005536563Z,/var/lib/docker/volumes,fabric_peer0.irs1.kit.edu,other,5006,5006,0
run_001,csr,csr_1772960970,csr-irs3-1772960970,csr-irs3-1772960970,,csr_voted,csr_approved,2026-03-08T09:09:35.549506602Z,2026-03-08T09:09:38.005536563Z,/var/lib/docker/volumes,fabric_peer0.irs3.kit.edu,peer,27423748,27443821,20073
run_001,csr,csr_1772960970,csr-irs3-1772960970,csr-irs3-1772960970,,csr_voted,csr_approved,2026-03-08T09:09:35.549506602Z,2026-03-08T09:09:38.005536563Z,/var/lib/docker/volumes,fabric_peer1.irs3.kit.edu,other,27422323,27442396,20073
run_001,csr,csr_1772960970,csr-irs3-1772960970,csr-irs3-1772960970,,csr_voted,csr_approved,2026-03-08T09:09:35.549506602Z,2026-03-08T09:09:38.005536563Z,/var/lib/docker/volumes,fabric_peer2.irs3.kit.edu,other,27422320,27442393,20073
run_001,csr,csr_1772960970,csr-irs3-1772960970,csr-irs3-1772960970,,csr_voted,csr_approved,2026-03-08T09:09:35.549506602Z,2026-03-08T09:09:38.005536563Z,/var/lib/docker/volumes,fabric_peer3.irs3.kit.edu,other,27423745,27443818,20073
run_001,csr,csr_1772960970,csr-irs3-1772960970,csr-irs3-1772960970,,csr_approved,cert_registered,2026-03-08T09:09:38.005536563Z,2026-03-08T09:09:48.092811544Z,/var/lib/docker/volumes,002a2c976d26a3f9c7eff06e2f9efe095908dd0ee21b2715cc202589b435aec2,other,NA,NA,
run_001,csr,csr_1772960970,csr-irs3-1772960970,csr-irs3-1772960970,,csr_approved,cert_registered,2026-03-08T09:09:38.005536563Z,2026-03-08T09:09:48.092811544Z,/var/lib/docker/volumes,35a02607c21ea95db05e7150f71e6e704f4d6479a4a76375ed8ec3cbfc5ec094,other,NA,NA,
run_001,csr,csr_1772960970,csr-irs3-1772960970,csr-irs3-1772960970,,csr_approved,cert_registered,2026-03-08T09:09:38.005536563Z,2026-03-08T09:09:48.092811544Z,/var/lib/docker/volumes,791e62bfc17bf044236c3dcb5d77ec82610b27aa4d5f3c78aff2e2842f98f9ee,other,NA,NA,
run_001,csr,csr_1772960970,csr-irs3-1772960970,csr-irs3-1772960970,,csr_approved,cert_registered,2026-03-08T09:09:38.005536563Z,2026-03-08T09:09:48.092811544Z,/var/lib/docker/volumes,91dbb4452b1c3709e842113c225d65a63eab07cdac1110f244a9dfbdddb57dbf,other,NA,NA,
run_001,csr,csr_1772960970,csr-irs3-1772960970,csr-irs3-1772960970,,csr_approved,cert_registered,2026-03-08T09:09:38.005536563Z,2026-03-08T09:09:48.092811544Z,/var/lib/docker/volumes,99ac8c723665556c954d288ca00335f1fae5493d384cb656ecf5a945cc9ae3b8,other,NA,NA,
run_001,csr,csr_1772960970,csr-irs3-1772960970,csr-irs3-1772960970,,csr_approved,cert_registered,2026-03-08T09:09:38.005536563Z,2026-03-08T09:09:48.092811544Z,/var/lib/docker/volumes,ab96d922f06ec7a94f1b5200e75e480c9ed7eba86fbbe33b5cb9edbe031c6ea8,other,49770,49770,0
run_001,csr,csr_1772960970,csr-irs3-1772960970,csr-irs3-1772960970,,csr_approved,cert_registered,2026-03-08T09:09:38.005536563Z,2026-03-08T09:09:48.092811544Z,/var/lib/docker/volumes,b8143ef8453ad18871b4b4e0ba6041764a2cda76bc6f516fa468de5fd6585e72,other,49770,49770,0
run_001,csr,csr_1772960970,csr-irs3-1772960970,csr-irs3-1772960970,,csr_approved,cert_registered,2026-03-08T09:09:38.005536563Z,2026-03-08T09:09:48.092811544Z,/var/lib/docker/volumes,ce313f18292c11d1170b9839e1af2e5976d1858048740f79d790d8aed673a5a4,other,NA,NA,
run_001,csr,csr_1772960970,csr-irs3-1772960970,csr-irs3-1772960970,,csr_approved,cert_registered,2026-03-08T09:09:38.005536563Z,2026-03-08T09:09:48.092811544Z,/var/lib/docker/volumes,d9b7785a06954372515977133a1213437b80c5db1517196ca5e26134d3413ccf,other,NA,NA,
run_001,csr,csr_1772960970,csr-irs3-1772960970,csr-irs3-1772960970,,csr_approved,cert_registered,2026-03-08T09:09:38.005536563Z,2026-03-08T09:09:48.092811544Z,/var/lib/docker/volumes,e0eec01c85bd157680e466dd14073f2a433b51342ff770c3a292c984a51f226b,other,NA,NA,
run_001,csr,csr_1772960970,csr-irs3-1772960970,csr-irs3-1772960970,,csr_approved,cert_registered,2026-03-08T09:09:38.005536563Z,2026-03-08T09:09:48.092811544Z,/var/lib/docker/volumes,fabric_orderer.kit.edu,orderer,129094587,129134865,40278
run_001,csr,csr_1772960970,csr-irs3-1772960970,csr-irs3-1772960970,,csr_approved,cert_registered,2026-03-08T09:09:38.005536563Z,2026-03-08T09:09:48.092811544Z,/var/lib/docker/volumes,fabric_peer0.irs1.kit.edu,other,5006,5006,0
run_001,csr,csr_1772960970,csr-irs3-1772960970,csr-irs3-1772960970,,csr_approved,cert_registered,2026-03-08T09:09:38.005536563Z,2026-03-08T09:09:48.092811544Z,/var/lib/docker/volumes,fabric_peer0.irs3.kit.edu,peer,27443821,27495406,51585
run_001,csr,csr_1772960970,csr-irs3-1772960970,csr-irs3-1772960970,,csr_approved,cert_registered,2026-03-08T09:09:38.005536563Z,2026-03-08T09:09:48.092811544Z,/var/lib/docker/volumes,fabric_peer1.irs3.kit.edu,other,27442396,27493981,51585
run_001,csr,csr_1772960970,csr-irs3-1772960970,csr-irs3-1772960970,,csr_approved,cert_registered,2026-03-08T09:09:38.005536563Z,2026-03-08T09:09:48.092811544Z,/var/lib/docker/volumes,fabric_peer2.irs3.kit.edu,other,27442393,27493978,51585
run_001,csr,csr_1772960970,csr-irs3-1772960970,csr-irs3-1772960970,,csr_approved,cert_registered,2026-03-08T09:09:38.005536563Z,2026-03-08T09:09:48.092811544Z,/var/lib/docker/volumes,fabric_peer3.irs3.kit.edu,other,27443818,27495403,51585
run_001,csr,csr_1772960970,csr-irs3-1772960970,csr-irs3-1772960970,,cert_registered,operation_end,2026-03-08T09:09:48.092811544Z,2026-03-08T09:09:49.926949Z,/var/lib/docker/volumes,002a2c976d26a3f9c7eff06e2f9efe095908dd0ee21b2715cc202589b435aec2,other,NA,NA,
run_001,csr,csr_1772960970,csr-irs3-1772960970,csr-irs3-1772960970,,cert_registered,operation_end,2026-03-08T09:09:48.092811544Z,2026-03-08T09:09:49.926949Z,/var/lib/docker/volumes,35a02607c21ea95db05e7150f71e6e704f4d6479a4a76375ed8ec3cbfc5ec094,other,NA,NA,
run_001,csr,csr_1772960970,csr-irs3-1772960970,csr-irs3-1772960970,,cert_registered,operation_end,2026-03-08T09:09:48.092811544Z,2026-03-08T09:09:49.926949Z,/var/lib/docker/volumes,791e62bfc17bf044236c3dcb5d77ec82610b27aa4d5f3c78aff2e2842f98f9ee,other,NA,NA,
run_001,csr,csr_1772960970,csr-irs3-1772960970,csr-irs3-1772960970,,cert_registered,operation_end,2026-03-08T09:09:48.092811544Z,2026-03-08T09:09:49.926949Z,/var/lib/docker/volumes,91dbb4452b1c3709e842113c225d65a63eab07cdac1110f244a9dfbdddb57dbf,other,NA,NA,
run_001,csr,csr_1772960970,csr-irs3-1772960970,csr-irs3-1772960970,,cert_registered,operation_end,2026-03-08T09:09:48.092811544Z,2026-03-08T09:09:49.926949Z,/var/lib/docker/volumes,99ac8c723665556c954d288ca00335f1fae5493d384cb656ecf5a945cc9ae3b8,other,NA,NA,
run_001,csr,csr_1772960970,csr-irs3-1772960970,csr-irs3-1772960970,,cert_registered,operation_end,2026-03-08T09:09:48.092811544Z,2026-03-08T09:09:49.926949Z,/var/lib/docker/volumes,ab96d922f06ec7a94f1b5200e75e480c9ed7eba86fbbe33b5cb9edbe031c6ea8,other,49770,49770,0
run_001,csr,csr_1772960970,csr-irs3-1772960970,csr-irs3-1772960970,,cert_registered,operation_end,2026-03-08T09:09:48.092811544Z,2026-03-08T09:09:49.926949Z,/var/lib/docker/volumes,b8143ef8453ad18871b4b4e0ba6041764a2cda76bc6f516fa468de5fd6585e72,other,49770,49770,0
run_001,csr,csr_1772960970,csr-irs3-1772960970,csr-irs3-1772960970,,cert_registered,operation_end,2026-03-08T09:09:48.092811544Z,2026-03-08T09:09:49.926949Z,/var/lib/docker/volumes,ce313f18292c11d1170b9839e1af2e5976d1858048740f79d790d8aed673a5a4,other,NA,NA,
run_001,csr,csr_1772960970,csr-irs3-1772960970,csr-irs3-1772960970,,cert_registered,operation_end,2026-03-08T09:09:48.092811544Z,2026-03-08T09:09:49.926949Z,/var/lib/docker/volumes,d9b7785a06954372515977133a1213437b80c5db1517196ca5e26134d3413ccf,other,NA,NA,
run_001,csr,csr_1772960970,csr-irs3-1772960970,csr-irs3-1772960970,,cert_registered,operation_end,2026-03-08T09:09:48.092811544Z,2026-03-08T09:09:49.926949Z,/var/lib/docker/volumes,e0eec01c85bd157680e466dd14073f2a433b51342ff770c3a292c984a51f226b,other,NA,NA,
run_001,csr,csr_1772960970,csr-irs3-1772960970,csr-irs3-1772960970,,cert_registered,operation_end,2026-03-08T09:09:48.092811544Z,2026-03-08T09:09:49.926949Z,/var/lib/docker/volumes,fabric_orderer.kit.edu,orderer,129134865,129134865,0
run_001,csr,csr_1772960970,csr-irs3-1772960970,csr-irs3-1772960970,,cert_registered,operation_end,2026-03-08T09:09:48.092811544Z,2026-03-08T09:09:49.926949Z,/var/lib/docker/volumes,fabric_peer0.irs1.kit.edu,other,5006,5006,0
run_001,csr,csr_1772960970,csr-irs3-1772960970,csr-irs3-1772960970,,cert_registered,operation_end,2026-03-08T09:09:48.092811544Z,2026-03-08T09:09:49.926949Z,/var/lib/docker/volumes,fabric_peer0.irs3.kit.edu,peer,27495406,27495406,0
run_001,csr,csr_1772960970,csr-irs3-1772960970,csr-irs3-1772960970,,cert_registered,operation_end,2026-03-08T09:09:48.092811544Z,2026-03-08T09:09:49.926949Z,/var/lib/docker/volumes,fabric_peer1.irs3.kit.edu,other,27493981,27493981,0
run_001,csr,csr_1772960970,csr-irs3-1772960970,csr-irs3-1772960970,,cert_registered,operation_end,2026-03-08T09:09:48.092811544Z,2026-03-08T09:09:49.926949Z,/var/lib/docker/volumes,fabric_peer2.irs3.kit.edu,other,27493978,27493978,0
run_001,csr,csr_1772960970,csr-irs3-1772960970,csr-irs3-1772960970,,cert_registered,operation_end,2026-03-08T09:09:48.092811544Z,2026-03-08T09:09:49.926949Z,/var/lib/docker/volumes,fabric_peer3.irs3.kit.edu,other,27495403,27495403,0
run_001,revocation,revocation_1772961010,revoke-irs3-1772961010,revoke-irs3-1772961010,,operation_start,revocation_submit_done,2026-03-08T09:10:10.206260Z,2026-03-08T09:10:12.570962Z,/var/lib/docker/volumes,002a2c976d26a3f9c7eff06e2f9efe095908dd0ee21b2715cc202589b435aec2,other,NA,NA,
run_001,revocation,revocation_1772961010,revoke-irs3-1772961010,revoke-irs3-1772961010,,operation_start,revocation_submit_done,2026-03-08T09:10:10.206260Z,2026-03-08T09:10:12.570962Z,/var/lib/docker/volumes,35a02607c21ea95db05e7150f71e6e704f4d6479a4a76375ed8ec3cbfc5ec094,other,NA,NA,
run_001,revocation,revocation_1772961010,revoke-irs3-1772961010,revoke-irs3-1772961010,,operation_start,revocation_submit_done,2026-03-08T09:10:10.206260Z,2026-03-08T09:10:12.570962Z,/var/lib/docker/volumes,791e62bfc17bf044236c3dcb5d77ec82610b27aa4d5f3c78aff2e2842f98f9ee,other,NA,NA,
run_001,revocation,revocation_1772961010,revoke-irs3-1772961010,revoke-irs3-1772961010,,operation_start,revocation_submit_done,2026-03-08T09:10:10.206260Z,2026-03-08T09:10:12.570962Z,/var/lib/docker/volumes,91dbb4452b1c3709e842113c225d65a63eab07cdac1110f244a9dfbdddb57dbf,other,NA,NA,
run_001,revocation,revocation_1772961010,revoke-irs3-1772961010,revoke-irs3-1772961010,,operation_start,revocation_submit_done,2026-03-08T09:10:10.206260Z,2026-03-08T09:10:12.570962Z,/var/lib/docker/volumes,99ac8c723665556c954d288ca00335f1fae5493d384cb656ecf5a945cc9ae3b8,other,NA,NA,
run_001,revocation,revocation_1772961010,revoke-irs3-1772961010,revoke-irs3-1772961010,,operation_start,revocation_submit_done,2026-03-08T09:10:10.206260Z,2026-03-08T09:10:12.570962Z,/var/lib/docker/volumes,ab96d922f06ec7a94f1b5200e75e480c9ed7eba86fbbe33b5cb9edbe031c6ea8,other,49770,49770,0
run_001,revocation,revocation_1772961010,revoke-irs3-1772961010,revoke-irs3-1772961010,,operation_start,revocation_submit_done,2026-03-08T09:10:10.206260Z,2026-03-08T09:10:12.570962Z,/var/lib/docker/volumes,b8143ef8453ad18871b4b4e0ba6041764a2cda76bc6f516fa468de5fd6585e72,other,49770,49770,0
run_001,revocation,revocation_1772961010,revoke-irs3-1772961010,revoke-irs3-1772961010,,operation_start,revocation_submit_done,2026-03-08T09:10:10.206260Z,2026-03-08T09:10:12.570962Z,/var/lib/docker/volumes,ce313f18292c11d1170b9839e1af2e5976d1858048740f79d790d8aed673a5a4,other,NA,NA,
run_001,revocation,revocation_1772961010,revoke-irs3-1772961010,revoke-irs3-1772961010,,operation_start,revocation_submit_done,2026-03-08T09:10:10.206260Z,2026-03-08T09:10:12.570962Z,/var/lib/docker/volumes,d9b7785a06954372515977133a1213437b80c5db1517196ca5e26134d3413ccf,other,NA,NA,
run_001,revocation,revocation_1772961010,revoke-irs3-1772961010,revoke-irs3-1772961010,,operation_start,revocation_submit_done,2026-03-08T09:10:10.206260Z,2026-03-08T09:10:12.570962Z,/var/lib/docker/volumes,e0eec01c85bd157680e466dd14073f2a433b51342ff770c3a292c984a51f226b,other,NA,NA,
run_001,revocation,revocation_1772961010,revoke-irs3-1772961010,revoke-irs3-1772961010,,operation_start,revocation_submit_done,2026-03-08T09:10:10.206260Z,2026-03-08T09:10:12.570962Z,/var/lib/docker/volumes,fabric_orderer.kit.edu,orderer,129134865,129142052,7187
run_001,revocation,revocation_1772961010,revoke-irs3-1772961010,revoke-irs3-1772961010,,operation_start,revocation_submit_done,2026-03-08T09:10:10.206260Z,2026-03-08T09:10:12.570962Z,/var/lib/docker/volumes,fabric_peer0.irs1.kit.edu,other,5006,5006,0
run_001,revocation,revocation_1772961010,revoke-irs3-1772961010,revoke-irs3-1772961010,,operation_start,revocation_submit_done,2026-03-08T09:10:10.206260Z,2026-03-08T09:10:12.570962Z,/var/lib/docker/volumes,fabric_peer0.irs3.kit.edu,peer,27495406,27503624,8218
run_001,revocation,revocation_1772961010,revoke-irs3-1772961010,revoke-irs3-1772961010,,operation_start,revocation_submit_done,2026-03-08T09:10:10.206260Z,2026-03-08T09:10:12.570962Z,/var/lib/docker/volumes,fabric_peer1.irs3.kit.edu,other,27493981,27502199,8218
run_001,revocation,revocation_1772961010,revoke-irs3-1772961010,revoke-irs3-1772961010,,operation_start,revocation_submit_done,2026-03-08T09:10:10.206260Z,2026-03-08T09:10:12.570962Z,/var/lib/docker/volumes,fabric_peer2.irs3.kit.edu,other,27493978,27502196,8218
run_001,revocation,revocation_1772961010,revoke-irs3-1772961010,revoke-irs3-1772961010,,operation_start,revocation_submit_done,2026-03-08T09:10:10.206260Z,2026-03-08T09:10:12.570962Z,/var/lib/docker/volumes,fabric_peer3.irs3.kit.edu,other,27495403,27503621,8218
run_001,revocation,revocation_1772961010,revoke-irs3-1772961010,revoke-irs3-1772961010,,revocation_submit_done,revocation_voted,2026-03-08T09:10:12.570962Z,2026-03-08T09:10:15.596693247Z,/var/lib/docker/volumes,002a2c976d26a3f9c7eff06e2f9efe095908dd0ee21b2715cc202589b435aec2,other,NA,NA,
run_001,revocation,revocation_1772961010,revoke-irs3-1772961010,revoke-irs3-1772961010,,revocation_submit_done,revocation_voted,2026-03-08T09:10:12.570962Z,2026-03-08T09:10:15.596693247Z,/var/lib/docker/volumes,35a02607c21ea95db05e7150f71e6e704f4d6479a4a76375ed8ec3cbfc5ec094,other,NA,NA,
run_001,revocation,revocation_1772961010,revoke-irs3-1772961010,revoke-irs3-1772961010,,revocation_submit_done,revocation_voted,2026-03-08T09:10:12.570962Z,2026-03-08T09:10:15.596693247Z,/var/lib/docker/volumes,791e62bfc17bf044236c3dcb5d77ec82610b27aa4d5f3c78aff2e2842f98f9ee,other,NA,NA,
run_001,revocation,revocation_1772961010,revoke-irs3-1772961010,revoke-irs3-1772961010,,revocation_submit_done,revocation_voted,2026-03-08T09:10:12.570962Z,2026-03-08T09:10:15.596693247Z,/var/lib/docker/volumes,91dbb4452b1c3709e842113c225d65a63eab07cdac1110f244a9dfbdddb57dbf,other,NA,NA,
run_001,revocation,revocation_1772961010,revoke-irs3-1772961010,revoke-irs3-1772961010,,revocation_submit_done,revocation_voted,2026-03-08T09:10:12.570962Z,2026-03-08T09:10:15.596693247Z,/var/lib/docker/volumes,99ac8c723665556c954d288ca00335f1fae5493d384cb656ecf5a945cc9ae3b8,other,NA,NA,
run_001,revocation,revocation_1772961010,revoke-irs3-1772961010,revoke-irs3-1772961010,,revocation_submit_done,revocation_voted,2026-03-08T09:10:12.570962Z,2026-03-08T09:10:15.596693247Z,/var/lib/docker/volumes,ab96d922f06ec7a94f1b5200e75e480c9ed7eba86fbbe33b5cb9edbe031c6ea8,other,49770,49770,0
run_001,revocation,revocation_1772961010,revoke-irs3-1772961010,revoke-irs3-1772961010,,revocation_submit_done,revocation_voted,2026-03-08T09:10:12.570962Z,2026-03-08T09:10:15.596693247Z,/var/lib/docker/volumes,b8143ef8453ad18871b4b4e0ba6041764a2cda76bc6f516fa468de5fd6585e72,other,49770,49770,0
run_001,revocation,revocation_1772961010,revoke-irs3-1772961010,revoke-irs3-1772961010,,revocation_submit_done,revocation_voted,2026-03-08T09:10:12.570962Z,2026-03-08T09:10:15.596693247Z,/var/lib/docker/volumes,ce313f18292c11d1170b9839e1af2e5976d1858048740f79d790d8aed673a5a4,other,NA,NA,
run_001,revocation,revocation_1772961010,revoke-irs3-1772961010,revoke-irs3-1772961010,,revocation_submit_done,revocation_voted,2026-03-08T09:10:12.570962Z,2026-03-08T09:10:15.596693247Z,/var/lib/docker/volumes,d9b7785a06954372515977133a1213437b80c5db1517196ca5e26134d3413ccf,other,NA,NA,
run_001,revocation,revocation_1772961010,revoke-irs3-1772961010,revoke-irs3-1772961010,,revocation_submit_done,revocation_voted,2026-03-08T09:10:12.570962Z,2026-03-08T09:10:15.596693247Z,/var/lib/docker/volumes,e0eec01c85bd157680e466dd14073f2a433b51342ff770c3a292c984a51f226b,other,NA,NA,
run_001,revocation,revocation_1772961010,revoke-irs3-1772961010,revoke-irs3-1772961010,,revocation_submit_done,revocation_voted,2026-03-08T09:10:12.570962Z,2026-03-08T09:10:15.596693247Z,/var/lib/docker/volumes,fabric_orderer.kit.edu,orderer,129142052,129156511,14459
run_001,revocation,revocation_1772961010,revoke-irs3-1772961010,revoke-irs3-1772961010,,revocation_submit_done,revocation_voted,2026-03-08T09:10:12.570962Z,2026-03-08T09:10:15.596693247Z,/var/lib/docker/volumes,fabric_peer0.irs1.kit.edu,other,5006,5006,0
run_001,revocation,revocation_1772961010,revoke-irs3-1772961010,revoke-irs3-1772961010,,revocation_submit_done,revocation_voted,2026-03-08T09:10:12.570962Z,2026-03-08T09:10:15.596693247Z,/var/lib/docker/volumes,fabric_peer0.irs3.kit.edu,peer,27503624,27520185,16561
run_001,revocation,revocation_1772961010,revoke-irs3-1772961010,revoke-irs3-1772961010,,revocation_submit_done,revocation_voted,2026-03-08T09:10:12.570962Z,2026-03-08T09:10:15.596693247Z,/var/lib/docker/volumes,fabric_peer1.irs3.kit.edu,other,27502199,27518760,16561
run_001,revocation,revocation_1772961010,revoke-irs3-1772961010,revoke-irs3-1772961010,,revocation_submit_done,revocation_voted,2026-03-08T09:10:12.570962Z,2026-03-08T09:10:15.596693247Z,/var/lib/docker/volumes,fabric_peer2.irs3.kit.edu,other,27502196,27518757,16561
run_001,revocation,revocation_1772961010,revoke-irs3-1772961010,revoke-irs3-1772961010,,revocation_submit_done,revocation_voted,2026-03-08T09:10:12.570962Z,2026-03-08T09:10:15.596693247Z,/var/lib/docker/volumes,fabric_peer3.irs3.kit.edu,other,27503621,27520182,16561
run_001,revocation,revocation_1772961010,revoke-irs3-1772961010,revoke-irs3-1772961010,,revocation_voted,revocation_executed,2026-03-08T09:10:15.596693247Z,2026-03-08T09:10:17.786616211Z,/var/lib/docker/volumes,002a2c976d26a3f9c7eff06e2f9efe095908dd0ee21b2715cc202589b435aec2,other,NA,NA,
run_001,revocation,revocation_1772961010,revoke-irs3-1772961010,revoke-irs3-1772961010,,revocation_voted,revocation_executed,2026-03-08T09:10:15.596693247Z,2026-03-08T09:10:17.786616211Z,/var/lib/docker/volumes,35a02607c21ea95db05e7150f71e6e704f4d6479a4a76375ed8ec3cbfc5ec094,other,NA,NA,
run_001,revocation,revocation_1772961010,revoke-irs3-1772961010,revoke-irs3-1772961010,,revocation_voted,revocation_executed,2026-03-08T09:10:15.596693247Z,2026-03-08T09:10:17.786616211Z,/var/lib/docker/volumes,791e62bfc17bf044236c3dcb5d77ec82610b27aa4d5f3c78aff2e2842f98f9ee,other,NA,NA,
run_001,revocation,revocation_1772961010,revoke-irs3-1772961010,revoke-irs3-1772961010,,revocation_voted,revocation_executed,2026-03-08T09:10:15.596693247Z,2026-03-08T09:10:17.786616211Z,/var/lib/docker/volumes,91dbb4452b1c3709e842113c225d65a63eab07cdac1110f244a9dfbdddb57dbf,other,NA,NA,
run_001,revocation,revocation_1772961010,revoke-irs3-1772961010,revoke-irs3-1772961010,,revocation_voted,revocation_executed,2026-03-08T09:10:15.596693247Z,2026-03-08T09:10:17.786616211Z,/var/lib/docker/volumes,99ac8c723665556c954d288ca00335f1fae5493d384cb656ecf5a945cc9ae3b8,other,NA,NA,
run_001,revocation,revocation_1772961010,revoke-irs3-1772961010,revoke-irs3-1772961010,,revocation_voted,revocation_executed,2026-03-08T09:10:15.596693247Z,2026-03-08T09:10:17.786616211Z,/var/lib/docker/volumes,ab96d922f06ec7a94f1b5200e75e480c9ed7eba86fbbe33b5cb9edbe031c6ea8,other,49770,49770,0
run_001,revocation,revocation_1772961010,revoke-irs3-1772961010,revoke-irs3-1772961010,,revocation_voted,revocation_executed,2026-03-08T09:10:15.596693247Z,2026-03-08T09:10:17.786616211Z,/var/lib/docker/volumes,b8143ef8453ad18871b4b4e0ba6041764a2cda76bc6f516fa468de5fd6585e72,other,49770,49770,0
run_001,revocation,revocation_1772961010,revoke-irs3-1772961010,revoke-irs3-1772961010,,revocation_voted,revocation_executed,2026-03-08T09:10:15.596693247Z,2026-03-08T09:10:17.786616211Z,/var/lib/docker/volumes,ce313f18292c11d1170b9839e1af2e5976d1858048740f79d790d8aed673a5a4,other,NA,NA,
run_001,revocation,revocation_1772961010,revoke-irs3-1772961010,revoke-irs3-1772961010,,revocation_voted,revocation_executed,2026-03-08T09:10:15.596693247Z,2026-03-08T09:10:17.786616211Z,/var/lib/docker/volumes,d9b7785a06954372515977133a1213437b80c5db1517196ca5e26134d3413ccf,other,NA,NA,
run_001,revocation,revocation_1772961010,revoke-irs3-1772961010,revoke-irs3-1772961010,,revocation_voted,revocation_executed,2026-03-08T09:10:15.596693247Z,2026-03-08T09:10:17.786616211Z,/var/lib/docker/volumes,e0eec01c85bd157680e466dd14073f2a433b51342ff770c3a292c984a51f226b,other,NA,NA,
run_001,revocation,revocation_1772961010,revoke-irs3-1772961010,revoke-irs3-1772961010,,revocation_voted,revocation_executed,2026-03-08T09:10:15.596693247Z,2026-03-08T09:10:17.786616211Z,/var/lib/docker/volumes,fabric_orderer.kit.edu,orderer,129156511,129177566,21055
run_001,revocation,revocation_1772961010,revoke-irs3-1772961010,revoke-irs3-1772961010,,revocation_voted,revocation_executed,2026-03-08T09:10:15.596693247Z,2026-03-08T09:10:17.786616211Z,/var/lib/docker/volumes,fabric_peer0.irs1.kit.edu,other,5006,5006,0
run_001,revocation,revocation_1772961010,revoke-irs3-1772961010,revoke-irs3-1772961010,,revocation_voted,revocation_executed,2026-03-08T09:10:15.596693247Z,2026-03-08T09:10:17.786616211Z,/var/lib/docker/volumes,fabric_peer0.irs3.kit.edu,peer,27520185,27546907,26722
run_001,revocation,revocation_1772961010,revoke-irs3-1772961010,revoke-irs3-1772961010,,revocation_voted,revocation_executed,2026-03-08T09:10:15.596693247Z,2026-03-08T09:10:17.786616211Z,/var/lib/docker/volumes,fabric_peer1.irs3.kit.edu,other,27518760,27545482,26722
run_001,revocation,revocation_1772961010,revoke-irs3-1772961010,revoke-irs3-1772961010,,revocation_voted,revocation_executed,2026-03-08T09:10:15.596693247Z,2026-03-08T09:10:17.786616211Z,/var/lib/docker/volumes,fabric_peer2.irs3.kit.edu,other,27518757,27545479,26722
run_001,revocation,revocation_1772961010,revoke-irs3-1772961010,revoke-irs3-1772961010,,revocation_voted,revocation_executed,2026-03-08T09:10:15.596693247Z,2026-03-08T09:10:17.786616211Z,/var/lib/docker/volumes,fabric_peer3.irs3.kit.edu,other,27520182,27546904,26722
run_001,revocation,revocation_1772961010,revoke-irs3-1772961010,revoke-irs3-1772961010,,revocation_executed,operation_end,2026-03-08T09:10:17.786616211Z,2026-03-08T09:10:18.959942Z,/var/lib/docker/volumes,002a2c976d26a3f9c7eff06e2f9efe095908dd0ee21b2715cc202589b435aec2,other,NA,NA,
run_001,revocation,revocation_1772961010,revoke-irs3-1772961010,revoke-irs3-1772961010,,revocation_executed,operation_end,2026-03-08T09:10:17.786616211Z,2026-03-08T09:10:18.959942Z,/var/lib/docker/volumes,35a02607c21ea95db05e7150f71e6e704f4d6479a4a76375ed8ec3cbfc5ec094,other,NA,NA,
run_001,revocation,revocation_1772961010,revoke-irs3-1772961010,revoke-irs3-1772961010,,revocation_executed,operation_end,2026-03-08T09:10:17.786616211Z,2026-03-08T09:10:18.959942Z,/var/lib/docker/volumes,791e62bfc17bf044236c3dcb5d77ec82610b27aa4d5f3c78aff2e2842f98f9ee,other,NA,NA,
run_001,revocation,revocation_1772961010,revoke-irs3-1772961010,revoke-irs3-1772961010,,revocation_executed,operation_end,2026-03-08T09:10:17.786616211Z,2026-03-08T09:10:18.959942Z,/var/lib/docker/volumes,91dbb4452b1c3709e842113c225d65a63eab07cdac1110f244a9dfbdddb57dbf,other,NA,NA,
run_001,revocation,revocation_1772961010,revoke-irs3-1772961010,revoke-irs3-1772961010,,revocation_executed,operation_end,2026-03-08T09:10:17.786616211Z,2026-03-08T09:10:18.959942Z,/var/lib/docker/volumes,99ac8c723665556c954d288ca00335f1fae5493d384cb656ecf5a945cc9ae3b8,other,NA,NA,
run_001,revocation,revocation_1772961010,revoke-irs3-1772961010,revoke-irs3-1772961010,,revocation_executed,operation_end,2026-03-08T09:10:17.786616211Z,2026-03-08T09:10:18.959942Z,/var/lib/docker/volumes,ab96d922f06ec7a94f1b5200e75e480c9ed7eba86fbbe33b5cb9edbe031c6ea8,other,49770,49770,0
run_001,revocation,revocation_1772961010,revoke-irs3-1772961010,revoke-irs3-1772961010,,revocation_executed,operation_end,2026-03-08T09:10:17.786616211Z,2026-03-08T09:10:18.959942Z,/var/lib/docker/volumes,b8143ef8453ad18871b4b4e0ba6041764a2cda76bc6f516fa468de5fd6585e72,other,49770,49770,0
run_001,revocation,revocation_1772961010,revoke-irs3-1772961010,revoke-irs3-1772961010,,revocation_executed,operation_end,2026-03-08T09:10:17.786616211Z,2026-03-08T09:10:18.959942Z,/var/lib/docker/volumes,ce313f18292c11d1170b9839e1af2e5976d1858048740f79d790d8aed673a5a4,other,NA,NA,
run_001,revocation,revocation_1772961010,revoke-irs3-1772961010,revoke-irs3-1772961010,,revocation_executed,operation_end,2026-03-08T09:10:17.786616211Z,2026-03-08T09:10:18.959942Z,/var/lib/docker/volumes,d9b7785a06954372515977133a1213437b80c5db1517196ca5e26134d3413ccf,other,NA,NA,
run_001,revocation,revocation_1772961010,revoke-irs3-1772961010,revoke-irs3-1772961010,,revocation_executed,operation_end,2026-03-08T09:10:17.786616211Z,2026-03-08T09:10:18.959942Z,/var/lib/docker/volumes,e0eec01c85bd157680e466dd14073f2a433b51342ff770c3a292c984a51f226b,other,NA,NA,
run_001,revocation,revocation_1772961010,revoke-irs3-1772961010,revoke-irs3-1772961010,,revocation_executed,operation_end,2026-03-08T09:10:17.786616211Z,2026-03-08T09:10:18.959942Z,/var/lib/docker/volumes,fabric_orderer.kit.edu,orderer,129177566,129177566,0
run_001,revocation,revocation_1772961010,revoke-irs3-1772961010,revoke-irs3-1772961010,,revocation_executed,operation_end,2026-03-08T09:10:17.786616211Z,2026-03-08T09:10:18.959942Z,/var/lib/docker/volumes,fabric_peer0.irs1.kit.edu,other,5006,5006,0
run_001,revocation,revocation_1772961010,revoke-irs3-1772961010,revoke-irs3-1772961010,,revocation_executed,operation_end,2026-03-08T09:10:17.786616211Z,2026-03-08T09:10:18.959942Z,/var/lib/docker/volumes,fabric_peer0.irs3.kit.edu,peer,27546907,27546907,0
run_001,revocation,revocation_1772961010,revoke-irs3-1772961010,revoke-irs3-1772961010,,revocation_executed,operation_end,2026-03-08T09:10:17.786616211Z,2026-03-08T09:10:18.959942Z,/var/lib/docker/volumes,fabric_peer1.irs3.kit.edu,other,27545482,27545482,0
run_001,revocation,revocation_1772961010,revoke-irs3-1772961010,revoke-irs3-1772961010,,revocation_executed,operation_end,2026-03-08T09:10:17.786616211Z,2026-03-08T09:10:18.959942Z,/var/lib/docker/volumes,fabric_peer2.irs3.kit.edu,other,27545479,27545479,0
run_001,revocation,revocation_1772961010,revoke-irs3-1772961010,revoke-irs3-1772961010,,revocation_executed,operation_end,2026-03-08T09:10:17.786616211Z,2026-03-08T09:10:18.959942Z,/var/lib/docker/volumes,fabric_peer3.irs3.kit.edu,other,27546904,27546904,0
run_001,removal,removal_1772961037,remove-irs3-member1-1772961037,remove-irs3-member1-1772961037,4,operation_start,removal_submit_done,2026-03-08T09:10:37.178368Z,2026-03-08T09:10:39.532870Z,/var/lib/docker/volumes,002a2c976d26a3f9c7eff06e2f9efe095908dd0ee21b2715cc202589b435aec2,other,NA,NA,
run_001,removal,removal_1772961037,remove-irs3-member1-1772961037,remove-irs3-member1-1772961037,4,operation_start,removal_submit_done,2026-03-08T09:10:37.178368Z,2026-03-08T09:10:39.532870Z,/var/lib/docker/volumes,35a02607c21ea95db05e7150f71e6e704f4d6479a4a76375ed8ec3cbfc5ec094,other,NA,NA,
run_001,removal,removal_1772961037,remove-irs3-member1-1772961037,remove-irs3-member1-1772961037,4,operation_start,removal_submit_done,2026-03-08T09:10:37.178368Z,2026-03-08T09:10:39.532870Z,/var/lib/docker/volumes,791e62bfc17bf044236c3dcb5d77ec82610b27aa4d5f3c78aff2e2842f98f9ee,other,NA,NA,
run_001,removal,removal_1772961037,remove-irs3-member1-1772961037,remove-irs3-member1-1772961037,4,operation_start,removal_submit_done,2026-03-08T09:10:37.178368Z,2026-03-08T09:10:39.532870Z,/var/lib/docker/volumes,91dbb4452b1c3709e842113c225d65a63eab07cdac1110f244a9dfbdddb57dbf,other,NA,NA,
run_001,removal,removal_1772961037,remove-irs3-member1-1772961037,remove-irs3-member1-1772961037,4,operation_start,removal_submit_done,2026-03-08T09:10:37.178368Z,2026-03-08T09:10:39.532870Z,/var/lib/docker/volumes,99ac8c723665556c954d288ca00335f1fae5493d384cb656ecf5a945cc9ae3b8,other,NA,NA,
run_001,removal,removal_1772961037,remove-irs3-member1-1772961037,remove-irs3-member1-1772961037,4,operation_start,removal_submit_done,2026-03-08T09:10:37.178368Z,2026-03-08T09:10:39.532870Z,/var/lib/docker/volumes,ab96d922f06ec7a94f1b5200e75e480c9ed7eba86fbbe33b5cb9edbe031c6ea8,other,49770,49770,0
run_001,removal,removal_1772961037,remove-irs3-member1-1772961037,remove-irs3-member1-1772961037,4,operation_start,removal_submit_done,2026-03-08T09:10:37.178368Z,2026-03-08T09:10:39.532870Z,/var/lib/docker/volumes,b8143ef8453ad18871b4b4e0ba6041764a2cda76bc6f516fa468de5fd6585e72,other,49770,49770,0
run_001,removal,removal_1772961037,remove-irs3-member1-1772961037,remove-irs3-member1-1772961037,4,operation_start,removal_submit_done,2026-03-08T09:10:37.178368Z,2026-03-08T09:10:39.532870Z,/var/lib/docker/volumes,ce313f18292c11d1170b9839e1af2e5976d1858048740f79d790d8aed673a5a4,other,NA,NA,
run_001,removal,removal_1772961037,remove-irs3-member1-1772961037,remove-irs3-member1-1772961037,4,operation_start,removal_submit_done,2026-03-08T09:10:37.178368Z,2026-03-08T09:10:39.532870Z,/var/lib/docker/volumes,d9b7785a06954372515977133a1213437b80c5db1517196ca5e26134d3413ccf,other,NA,NA,
run_001,removal,removal_1772961037,remove-irs3-member1-1772961037,remove-irs3-member1-1772961037,4,operation_start,removal_submit_done,2026-03-08T09:10:37.178368Z,2026-03-08T09:10:39.532870Z,/var/lib/docker/volumes,e0eec01c85bd157680e466dd14073f2a433b51342ff770c3a292c984a51f226b,other,NA,NA,
run_001,removal,removal_1772961037,remove-irs3-member1-1772961037,remove-irs3-member1-1772961037,4,operation_start,removal_submit_done,2026-03-08T09:10:37.178368Z,2026-03-08T09:10:39.532870Z,/var/lib/docker/volumes,fabric_orderer.kit.edu,orderer,129177566,129185013,7447
run_001,removal,removal_1772961037,remove-irs3-member1-1772961037,remove-irs3-member1-1772961037,4,operation_start,removal_submit_done,2026-03-08T09:10:37.178368Z,2026-03-08T09:10:39.532870Z,/var/lib/docker/volumes,fabric_peer0.irs1.kit.edu,other,5006,5006,0
run_001,removal,removal_1772961037,remove-irs3-member1-1772961037,remove-irs3-member1-1772961037,4,operation_start,removal_submit_done,2026-03-08T09:10:37.178368Z,2026-03-08T09:10:39.532870Z,/var/lib/docker/volumes,fabric_peer0.irs3.kit.edu,peer,27546907,27555454,8547
run_001,removal,removal_1772961037,remove-irs3-member1-1772961037,remove-irs3-member1-1772961037,4,operation_start,removal_submit_done,2026-03-08T09:10:37.178368Z,2026-03-08T09:10:39.532870Z,/var/lib/docker/volumes,fabric_peer1.irs3.kit.edu,other,27545482,27554029,8547
run_001,removal,removal_1772961037,remove-irs3-member1-1772961037,remove-irs3-member1-1772961037,4,operation_start,removal_submit_done,2026-03-08T09:10:37.178368Z,2026-03-08T09:10:39.532870Z,/var/lib/docker/volumes,fabric_peer2.irs3.kit.edu,other,27545479,27554026,8547
run_001,removal,removal_1772961037,remove-irs3-member1-1772961037,remove-irs3-member1-1772961037,4,operation_start,removal_submit_done,2026-03-08T09:10:37.178368Z,2026-03-08T09:10:39.532870Z,/var/lib/docker/volumes,fabric_peer3.irs3.kit.edu,other,27546904,27555451,8547
run_001,removal,removal_1772961037,remove-irs3-member1-1772961037,remove-irs3-member1-1772961037,4,removal_submit_done,removal_voted,2026-03-08T09:10:39.532870Z,2026-03-08T09:10:42.593183651Z,/var/lib/docker/volumes,002a2c976d26a3f9c7eff06e2f9efe095908dd0ee21b2715cc202589b435aec2,other,NA,NA,
run_001,removal,removal_1772961037,remove-irs3-member1-1772961037,remove-irs3-member1-1772961037,4,removal_submit_done,removal_voted,2026-03-08T09:10:39.532870Z,2026-03-08T09:10:42.593183651Z,/var/lib/docker/volumes,35a02607c21ea95db05e7150f71e6e704f4d6479a4a76375ed8ec3cbfc5ec094,other,NA,NA,
run_001,removal,removal_1772961037,remove-irs3-member1-1772961037,remove-irs3-member1-1772961037,4,removal_submit_done,removal_voted,2026-03-08T09:10:39.532870Z,2026-03-08T09:10:42.593183651Z,/var/lib/docker/volumes,791e62bfc17bf044236c3dcb5d77ec82610b27aa4d5f3c78aff2e2842f98f9ee,other,NA,NA,
run_001,removal,removal_1772961037,remove-irs3-member1-1772961037,remove-irs3-member1-1772961037,4,removal_submit_done,removal_voted,2026-03-08T09:10:39.532870Z,2026-03-08T09:10:42.593183651Z,/var/lib/docker/volumes,91dbb4452b1c3709e842113c225d65a63eab07cdac1110f244a9dfbdddb57dbf,other,NA,NA,
run_001,removal,removal_1772961037,remove-irs3-member1-1772961037,remove-irs3-member1-1772961037,4,removal_submit_done,removal_voted,2026-03-08T09:10:39.532870Z,2026-03-08T09:10:42.593183651Z,/var/lib/docker/volumes,99ac8c723665556c954d288ca00335f1fae5493d384cb656ecf5a945cc9ae3b8,other,NA,NA,
run_001,removal,removal_1772961037,remove-irs3-member1-1772961037,remove-irs3-member1-1772961037,4,removal_submit_done,removal_voted,2026-03-08T09:10:39.532870Z,2026-03-08T09:10:42.593183651Z,/var/lib/docker/volumes,ab96d922f06ec7a94f1b5200e75e480c9ed7eba86fbbe33b5cb9edbe031c6ea8,other,49770,49770,0
run_001,removal,removal_1772961037,remove-irs3-member1-1772961037,remove-irs3-member1-1772961037,4,removal_submit_done,removal_voted,2026-03-08T09:10:39.532870Z,2026-03-08T09:10:42.593183651Z,/var/lib/docker/volumes,b8143ef8453ad18871b4b4e0ba6041764a2cda76bc6f516fa468de5fd6585e72,other,49770,49770,0
run_001,removal,removal_1772961037,remove-irs3-member1-1772961037,remove-irs3-member1-1772961037,4,removal_submit_done,removal_voted,2026-03-08T09:10:39.532870Z,2026-03-08T09:10:42.593183651Z,/var/lib/docker/volumes,ce313f18292c11d1170b9839e1af2e5976d1858048740f79d790d8aed673a5a4,other,NA,NA,
run_001,removal,removal_1772961037,remove-irs3-member1-1772961037,remove-irs3-member1-1772961037,4,removal_submit_done,removal_voted,2026-03-08T09:10:39.532870Z,2026-03-08T09:10:42.593183651Z,/var/lib/docker/volumes,d9b7785a06954372515977133a1213437b80c5db1517196ca5e26134d3413ccf,other,NA,NA,
run_001,removal,removal_1772961037,remove-irs3-member1-1772961037,remove-irs3-member1-1772961037,4,removal_submit_done,removal_voted,2026-03-08T09:10:39.532870Z,2026-03-08T09:10:42.593183651Z,/var/lib/docker/volumes,e0eec01c85bd157680e466dd14073f2a433b51342ff770c3a292c984a51f226b,other,NA,NA,
run_001,removal,removal_1772961037,remove-irs3-member1-1772961037,remove-irs3-member1-1772961037,4,removal_submit_done,removal_voted,2026-03-08T09:10:39.532870Z,2026-03-08T09:10:42.593183651Z,/var/lib/docker/volumes,fabric_orderer.kit.edu,orderer,129185013,129199885,14872
run_001,removal,removal_1772961037,remove-irs3-member1-1772961037,remove-irs3-member1-1772961037,4,removal_submit_done,removal_voted,2026-03-08T09:10:39.532870Z,2026-03-08T09:10:42.593183651Z,/var/lib/docker/volumes,fabric_peer0.irs1.kit.edu,other,5006,5006,0
run_001,removal,removal_1772961037,remove-irs3-member1-1772961037,remove-irs3-member1-1772961037,4,removal_submit_done,removal_voted,2026-03-08T09:10:39.532870Z,2026-03-08T09:10:42.593183651Z,/var/lib/docker/volumes,fabric_peer0.irs3.kit.edu,peer,27555454,27572536,17082
run_001,removal,removal_1772961037,remove-irs3-member1-1772961037,remove-irs3-member1-1772961037,4,removal_submit_done,removal_voted,2026-03-08T09:10:39.532870Z,2026-03-08T09:10:42.593183651Z,/var/lib/docker/volumes,fabric_peer1.irs3.kit.edu,other,27554029,27571111,17082
run_001,removal,removal_1772961037,remove-irs3-member1-1772961037,remove-irs3-member1-1772961037,4,removal_submit_done,removal_voted,2026-03-08T09:10:39.532870Z,2026-03-08T09:10:42.593183651Z,/var/lib/docker/volumes,fabric_peer2.irs3.kit.edu,other,27554026,27571108,17082
run_001,removal,removal_1772961037,remove-irs3-member1-1772961037,remove-irs3-member1-1772961037,4,removal_submit_done,removal_voted,2026-03-08T09:10:39.532870Z,2026-03-08T09:10:42.593183651Z,/var/lib/docker/volumes,fabric_peer3.irs3.kit.edu,other,27555451,27572533,17082
run_001,removal,removal_1772961037,remove-irs3-member1-1772961037,remove-irs3-member1-1772961037,4,removal_voted,removal_approved,2026-03-08T09:10:42.593183651Z,2026-03-08T09:10:44.820229648Z,/var/lib/docker/volumes,002a2c976d26a3f9c7eff06e2f9efe095908dd0ee21b2715cc202589b435aec2,other,NA,NA,
run_001,removal,removal_1772961037,remove-irs3-member1-1772961037,remove-irs3-member1-1772961037,4,removal_voted,removal_approved,2026-03-08T09:10:42.593183651Z,2026-03-08T09:10:44.820229648Z,/var/lib/docker/volumes,35a02607c21ea95db05e7150f71e6e704f4d6479a4a76375ed8ec3cbfc5ec094,other,NA,NA,
run_001,removal,removal_1772961037,remove-irs3-member1-1772961037,remove-irs3-member1-1772961037,4,removal_voted,removal_approved,2026-03-08T09:10:42.593183651Z,2026-03-08T09:10:44.820229648Z,/var/lib/docker/volumes,791e62bfc17bf044236c3dcb5d77ec82610b27aa4d5f3c78aff2e2842f98f9ee,other,NA,NA,
run_001,removal,removal_1772961037,remove-irs3-member1-1772961037,remove-irs3-member1-1772961037,4,removal_voted,removal_approved,2026-03-08T09:10:42.593183651Z,2026-03-08T09:10:44.820229648Z,/var/lib/docker/volumes,91dbb4452b1c3709e842113c225d65a63eab07cdac1110f244a9dfbdddb57dbf,other,NA,NA,
run_001,removal,removal_1772961037,remove-irs3-member1-1772961037,remove-irs3-member1-1772961037,4,removal_voted,removal_approved,2026-03-08T09:10:42.593183651Z,2026-03-08T09:10:44.820229648Z,/var/lib/docker/volumes,99ac8c723665556c954d288ca00335f1fae5493d384cb656ecf5a945cc9ae3b8,other,NA,NA,
run_001,removal,removal_1772961037,remove-irs3-member1-1772961037,remove-irs3-member1-1772961037,4,removal_voted,removal_approved,2026-03-08T09:10:42.593183651Z,2026-03-08T09:10:44.820229648Z,/var/lib/docker/volumes,ab96d922f06ec7a94f1b5200e75e480c9ed7eba86fbbe33b5cb9edbe031c6ea8,other,49770,49770,0
run_001,removal,removal_1772961037,remove-irs3-member1-1772961037,remove-irs3-member1-1772961037,4,removal_voted,removal_approved,2026-03-08T09:10:42.593183651Z,2026-03-08T09:10:44.820229648Z,/var/lib/docker/volumes,b8143ef8453ad18871b4b4e0ba6041764a2cda76bc6f516fa468de5fd6585e72,other,49770,49770,0
run_001,removal,removal_1772961037,remove-irs3-member1-1772961037,remove-irs3-member1-1772961037,4,removal_voted,removal_approved,2026-03-08T09:10:42.593183651Z,2026-03-08T09:10:44.820229648Z,/var/lib/docker/volumes,ce313f18292c11d1170b9839e1af2e5976d1858048740f79d790d8aed673a5a4,other,NA,NA,
run_001,removal,removal_1772961037,remove-irs3-member1-1772961037,remove-irs3-member1-1772961037,4,removal_voted,removal_approved,2026-03-08T09:10:42.593183651Z,2026-03-08T09:10:44.820229648Z,/var/lib/docker/volumes,d9b7785a06954372515977133a1213437b80c5db1517196ca5e26134d3413ccf,other,NA,NA,
run_001,removal,removal_1772961037,remove-irs3-member1-1772961037,remove-irs3-member1-1772961037,4,removal_voted,removal_approved,2026-03-08T09:10:42.593183651Z,2026-03-08T09:10:44.820229648Z,/var/lib/docker/volumes,e0eec01c85bd157680e466dd14073f2a433b51342ff770c3a292c984a51f226b,other,NA,NA,
run_001,removal,removal_1772961037,remove-irs3-member1-1772961037,remove-irs3-member1-1772961037,4,removal_voted,removal_approved,2026-03-08T09:10:42.593183651Z,2026-03-08T09:10:44.820229648Z,/var/lib/docker/volumes,fabric_orderer.kit.edu,orderer,129199885,129218772,18887
run_001,removal,removal_1772961037,remove-irs3-member1-1772961037,remove-irs3-member1-1772961037,4,removal_voted,removal_approved,2026-03-08T09:10:42.593183651Z,2026-03-08T09:10:44.820229648Z,/var/lib/docker/volumes,fabric_peer0.irs1.kit.edu,other,5006,5006,0
run_001,removal,removal_1772961037,remove-irs3-member1-1772961037,remove-irs3-member1-1772961037,4,removal_voted,removal_approved,2026-03-08T09:10:42.593183651Z,2026-03-08T09:10:44.820229648Z,/var/lib/docker/volumes,fabric_peer0.irs3.kit.edu,peer,27572536,27596001,23465
run_001,removal,removal_1772961037,remove-irs3-member1-1772961037,remove-irs3-member1-1772961037,4,removal_voted,removal_approved,2026-03-08T09:10:42.593183651Z,2026-03-08T09:10:44.820229648Z,/var/lib/docker/volumes,fabric_peer1.irs3.kit.edu,other,27571111,27594576,23465
run_001,removal,removal_1772961037,remove-irs3-member1-1772961037,remove-irs3-member1-1772961037,4,removal_voted,removal_approved,2026-03-08T09:10:42.593183651Z,2026-03-08T09:10:44.820229648Z,/var/lib/docker/volumes,fabric_peer2.irs3.kit.edu,other,27571108,27594573,23465
run_001,removal,removal_1772961037,remove-irs3-member1-1772961037,remove-irs3-member1-1772961037,4,removal_voted,removal_approved,2026-03-08T09:10:42.593183651Z,2026-03-08T09:10:44.820229648Z,/var/lib/docker/volumes,fabric_peer3.irs3.kit.edu,other,27572533,27595998,23465
run_001,removal,removal_1772961037,remove-irs3-member1-1772961037,remove-irs3-member1-1772961037,4,removal_approved,reshare_started,2026-03-08T09:10:44.820229648Z,2026-03-08T09:10:45.929071Z,/var/lib/docker/volumes,002a2c976d26a3f9c7eff06e2f9efe095908dd0ee21b2715cc202589b435aec2,other,NA,NA,
run_001,removal,removal_1772961037,remove-irs3-member1-1772961037,remove-irs3-member1-1772961037,4,removal_approved,reshare_started,2026-03-08T09:10:44.820229648Z,2026-03-08T09:10:45.929071Z,/var/lib/docker/volumes,35a02607c21ea95db05e7150f71e6e704f4d6479a4a76375ed8ec3cbfc5ec094,other,NA,NA,
run_001,removal,removal_1772961037,remove-irs3-member1-1772961037,remove-irs3-member1-1772961037,4,removal_approved,reshare_started,2026-03-08T09:10:44.820229648Z,2026-03-08T09:10:45.929071Z,/var/lib/docker/volumes,791e62bfc17bf044236c3dcb5d77ec82610b27aa4d5f3c78aff2e2842f98f9ee,other,NA,NA,
run_001,removal,removal_1772961037,remove-irs3-member1-1772961037,remove-irs3-member1-1772961037,4,removal_approved,reshare_started,2026-03-08T09:10:44.820229648Z,2026-03-08T09:10:45.929071Z,/var/lib/docker/volumes,91dbb4452b1c3709e842113c225d65a63eab07cdac1110f244a9dfbdddb57dbf,other,NA,NA,
run_001,removal,removal_1772961037,remove-irs3-member1-1772961037,remove-irs3-member1-1772961037,4,removal_approved,reshare_started,2026-03-08T09:10:44.820229648Z,2026-03-08T09:10:45.929071Z,/var/lib/docker/volumes,99ac8c723665556c954d288ca00335f1fae5493d384cb656ecf5a945cc9ae3b8,other,NA,NA,
run_001,removal,removal_1772961037,remove-irs3-member1-1772961037,remove-irs3-member1-1772961037,4,removal_approved,reshare_started,2026-03-08T09:10:44.820229648Z,2026-03-08T09:10:45.929071Z,/var/lib/docker/volumes,ab96d922f06ec7a94f1b5200e75e480c9ed7eba86fbbe33b5cb9edbe031c6ea8,other,49770,49770,0
run_001,removal,removal_1772961037,remove-irs3-member1-1772961037,remove-irs3-member1-1772961037,4,removal_approved,reshare_started,2026-03-08T09:10:44.820229648Z,2026-03-08T09:10:45.929071Z,/var/lib/docker/volumes,b8143ef8453ad18871b4b4e0ba6041764a2cda76bc6f516fa468de5fd6585e72,other,49770,49770,0
run_001,removal,removal_1772961037,remove-irs3-member1-1772961037,remove-irs3-member1-1772961037,4,removal_approved,reshare_started,2026-03-08T09:10:44.820229648Z,2026-03-08T09:10:45.929071Z,/var/lib/docker/volumes,ce313f18292c11d1170b9839e1af2e5976d1858048740f79d790d8aed673a5a4,other,NA,NA,
run_001,removal,removal_1772961037,remove-irs3-member1-1772961037,remove-irs3-member1-1772961037,4,removal_approved,reshare_started,2026-03-08T09:10:44.820229648Z,2026-03-08T09:10:45.929071Z,/var/lib/docker/volumes,d9b7785a06954372515977133a1213437b80c5db1517196ca5e26134d3413ccf,other,NA,NA,
run_001,removal,removal_1772961037,remove-irs3-member1-1772961037,remove-irs3-member1-1772961037,4,removal_approved,reshare_started,2026-03-08T09:10:44.820229648Z,2026-03-08T09:10:45.929071Z,/var/lib/docker/volumes,e0eec01c85bd157680e466dd14073f2a433b51342ff770c3a292c984a51f226b,other,NA,NA,
run_001,removal,removal_1772961037,remove-irs3-member1-1772961037,remove-irs3-member1-1772961037,4,removal_approved,reshare_started,2026-03-08T09:10:44.820229648Z,2026-03-08T09:10:45.929071Z,/var/lib/docker/volumes,fabric_orderer.kit.edu,orderer,129218772,129218772,0
run_001,removal,removal_1772961037,remove-irs3-member1-1772961037,remove-irs3-member1-1772961037,4,removal_approved,reshare_started,2026-03-08T09:10:44.820229648Z,2026-03-08T09:10:45.929071Z,/var/lib/docker/volumes,fabric_peer0.irs1.kit.edu,other,5006,5006,0
run_001,removal,removal_1772961037,remove-irs3-member1-1772961037,remove-irs3-member1-1772961037,4,removal_approved,reshare_started,2026-03-08T09:10:44.820229648Z,2026-03-08T09:10:45.929071Z,/var/lib/docker/volumes,fabric_peer0.irs3.kit.edu,peer,27596001,27596001,0
run_001,removal,removal_1772961037,remove-irs3-member1-1772961037,remove-irs3-member1-1772961037,4,removal_approved,reshare_started,2026-03-08T09:10:44.820229648Z,2026-03-08T09:10:45.929071Z,/var/lib/docker/volumes,fabric_peer1.irs3.kit.edu,other,27594576,27594576,0
run_001,removal,removal_1772961037,remove-irs3-member1-1772961037,remove-irs3-member1-1772961037,4,removal_approved,reshare_started,2026-03-08T09:10:44.820229648Z,2026-03-08T09:10:45.929071Z,/var/lib/docker/volumes,fabric_peer2.irs3.kit.edu,other,27594573,27594573,0
run_001,removal,removal_1772961037,remove-irs3-member1-1772961037,remove-irs3-member1-1772961037,4,removal_approved,reshare_started,2026-03-08T09:10:44.820229648Z,2026-03-08T09:10:45.929071Z,/var/lib/docker/volumes,fabric_peer3.irs3.kit.edu,other,27595998,27595998,0
run_001,removal,removal_1772961037,remove-irs3-member1-1772961037,remove-irs3-member1-1772961037,4,reshare_started,reshare_completed,2026-03-08T09:10:45.929071Z,2026-03-08T09:11:08.083850891Z,/var/lib/docker/volumes,002a2c976d26a3f9c7eff06e2f9efe095908dd0ee21b2715cc202589b435aec2,other,NA,NA,
run_001,removal,removal_1772961037,remove-irs3-member1-1772961037,remove-irs3-member1-1772961037,4,reshare_started,reshare_completed,2026-03-08T09:10:45.929071Z,2026-03-08T09:11:08.083850891Z,/var/lib/docker/volumes,35a02607c21ea95db05e7150f71e6e704f4d6479a4a76375ed8ec3cbfc5ec094,other,NA,NA,
run_001,removal,removal_1772961037,remove-irs3-member1-1772961037,remove-irs3-member1-1772961037,4,reshare_started,reshare_completed,2026-03-08T09:10:45.929071Z,2026-03-08T09:11:08.083850891Z,/var/lib/docker/volumes,791e62bfc17bf044236c3dcb5d77ec82610b27aa4d5f3c78aff2e2842f98f9ee,other,NA,NA,
run_001,removal,removal_1772961037,remove-irs3-member1-1772961037,remove-irs3-member1-1772961037,4,reshare_started,reshare_completed,2026-03-08T09:10:45.929071Z,2026-03-08T09:11:08.083850891Z,/var/lib/docker/volumes,91dbb4452b1c3709e842113c225d65a63eab07cdac1110f244a9dfbdddb57dbf,other,NA,NA,
run_001,removal,removal_1772961037,remove-irs3-member1-1772961037,remove-irs3-member1-1772961037,4,reshare_started,reshare_completed,2026-03-08T09:10:45.929071Z,2026-03-08T09:11:08.083850891Z,/var/lib/docker/volumes,99ac8c723665556c954d288ca00335f1fae5493d384cb656ecf5a945cc9ae3b8,other,NA,NA,
run_001,removal,removal_1772961037,remove-irs3-member1-1772961037,remove-irs3-member1-1772961037,4,reshare_started,reshare_completed,2026-03-08T09:10:45.929071Z,2026-03-08T09:11:08.083850891Z,/var/lib/docker/volumes,ab96d922f06ec7a94f1b5200e75e480c9ed7eba86fbbe33b5cb9edbe031c6ea8,other,49770,49770,0
run_001,removal,removal_1772961037,remove-irs3-member1-1772961037,remove-irs3-member1-1772961037,4,reshare_started,reshare_completed,2026-03-08T09:10:45.929071Z,2026-03-08T09:11:08.083850891Z,/var/lib/docker/volumes,b8143ef8453ad18871b4b4e0ba6041764a2cda76bc6f516fa468de5fd6585e72,other,49770,49770,0
run_001,removal,removal_1772961037,remove-irs3-member1-1772961037,remove-irs3-member1-1772961037,4,reshare_started,reshare_completed,2026-03-08T09:10:45.929071Z,2026-03-08T09:11:08.083850891Z,/var/lib/docker/volumes,ce313f18292c11d1170b9839e1af2e5976d1858048740f79d790d8aed673a5a4,other,NA,NA,
run_001,removal,removal_1772961037,remove-irs3-member1-1772961037,remove-irs3-member1-1772961037,4,reshare_started,reshare_completed,2026-03-08T09:10:45.929071Z,2026-03-08T09:11:08.083850891Z,/var/lib/docker/volumes,d9b7785a06954372515977133a1213437b80c5db1517196ca5e26134d3413ccf,other,NA,NA,
run_001,removal,removal_1772961037,remove-irs3-member1-1772961037,remove-irs3-member1-1772961037,4,reshare_started,reshare_completed,2026-03-08T09:10:45.929071Z,2026-03-08T09:11:08.083850891Z,/var/lib/docker/volumes,e0eec01c85bd157680e466dd14073f2a433b51342ff770c3a292c984a51f226b,other,NA,NA,
run_001,removal,removal_1772961037,remove-irs3-member1-1772961037,remove-irs3-member1-1772961037,4,reshare_started,reshare_completed,2026-03-08T09:10:45.929071Z,2026-03-08T09:11:08.083850891Z,/var/lib/docker/volumes,fabric_orderer.kit.edu,orderer,129218772,129270234,51462
run_001,removal,removal_1772961037,remove-irs3-member1-1772961037,remove-irs3-member1-1772961037,4,reshare_started,reshare_completed,2026-03-08T09:10:45.929071Z,2026-03-08T09:11:08.083850891Z,/var/lib/docker/volumes,fabric_peer0.irs1.kit.edu,other,5006,5006,0
run_001,removal,removal_1772961037,remove-irs3-member1-1772961037,remove-irs3-member1-1772961037,4,reshare_started,reshare_completed,2026-03-08T09:10:45.929071Z,2026-03-08T09:11:08.083850891Z,/var/lib/docker/volumes,fabric_peer0.irs3.kit.edu,peer,27596001,27657241,61240
run_001,removal,removal_1772961037,remove-irs3-member1-1772961037,remove-irs3-member1-1772961037,4,reshare_started,reshare_completed,2026-03-08T09:10:45.929071Z,2026-03-08T09:11:08.083850891Z,/var/lib/docker/volumes,fabric_peer1.irs3.kit.edu,other,27594576,27655816,61240
run_001,removal,removal_1772961037,remove-irs3-member1-1772961037,remove-irs3-member1-1772961037,4,reshare_started,reshare_completed,2026-03-08T09:10:45.929071Z,2026-03-08T09:11:08.083850891Z,/var/lib/docker/volumes,fabric_peer2.irs3.kit.edu,other,27594573,27655813,61240
run_001,removal,removal_1772961037,remove-irs3-member1-1772961037,remove-irs3-member1-1772961037,4,reshare_started,reshare_completed,2026-03-08T09:10:45.929071Z,2026-03-08T09:11:08.083850891Z,/var/lib/docker/volumes,fabric_peer3.irs3.kit.edu,other,27595998,27657238,61240
run_001,removal,removal_1772961037,remove-irs3-member1-1772961037,remove-irs3-member1-1772961037,4,reshare_completed,operation_end,2026-03-08T09:11:08.083850891Z,2026-03-08T09:11:08.350053Z,/var/lib/docker/volumes,002a2c976d26a3f9c7eff06e2f9efe095908dd0ee21b2715cc202589b435aec2,other,NA,NA,
run_001,removal,removal_1772961037,remove-irs3-member1-1772961037,remove-irs3-member1-1772961037,4,reshare_completed,operation_end,2026-03-08T09:11:08.083850891Z,2026-03-08T09:11:08.350053Z,/var/lib/docker/volumes,35a02607c21ea95db05e7150f71e6e704f4d6479a4a76375ed8ec3cbfc5ec094,other,NA,NA,
run_001,removal,removal_1772961037,remove-irs3-member1-1772961037,remove-irs3-member1-1772961037,4,reshare_completed,operation_end,2026-03-08T09:11:08.083850891Z,2026-03-08T09:11:08.350053Z,/var/lib/docker/volumes,791e62bfc17bf044236c3dcb5d77ec82610b27aa4d5f3c78aff2e2842f98f9ee,other,NA,NA,
run_001,removal,removal_1772961037,remove-irs3-member1-1772961037,remove-irs3-member1-1772961037,4,reshare_completed,operation_end,2026-03-08T09:11:08.083850891Z,2026-03-08T09:11:08.350053Z,/var/lib/docker/volumes,91dbb4452b1c3709e842113c225d65a63eab07cdac1110f244a9dfbdddb57dbf,other,NA,NA,
run_001,removal,removal_1772961037,remove-irs3-member1-1772961037,remove-irs3-member1-1772961037,4,reshare_completed,operation_end,2026-03-08T09:11:08.083850891Z,2026-03-08T09:11:08.350053Z,/var/lib/docker/volumes,99ac8c723665556c954d288ca00335f1fae5493d384cb656ecf5a945cc9ae3b8,other,NA,NA,
run_001,removal,removal_1772961037,remove-irs3-member1-1772961037,remove-irs3-member1-1772961037,4,reshare_completed,operation_end,2026-03-08T09:11:08.083850891Z,2026-03-08T09:11:08.350053Z,/var/lib/docker/volumes,ab96d922f06ec7a94f1b5200e75e480c9ed7eba86fbbe33b5cb9edbe031c6ea8,other,49770,49770,0
run_001,removal,removal_1772961037,remove-irs3-member1-1772961037,remove-irs3-member1-1772961037,4,reshare_completed,operation_end,2026-03-08T09:11:08.083850891Z,2026-03-08T09:11:08.350053Z,/var/lib/docker/volumes,b8143ef8453ad18871b4b4e0ba6041764a2cda76bc6f516fa468de5fd6585e72,other,49770,49770,0
run_001,removal,removal_1772961037,remove-irs3-member1-1772961037,remove-irs3-member1-1772961037,4,reshare_completed,operation_end,2026-03-08T09:11:08.083850891Z,2026-03-08T09:11:08.350053Z,/var/lib/docker/volumes,ce313f18292c11d1170b9839e1af2e5976d1858048740f79d790d8aed673a5a4,other,NA,NA,
run_001,removal,removal_1772961037,remove-irs3-member1-1772961037,remove-irs3-member1-1772961037,4,reshare_completed,operation_end,2026-03-08T09:11:08.083850891Z,2026-03-08T09:11:08.350053Z,/var/lib/docker/volumes,d9b7785a06954372515977133a1213437b80c5db1517196ca5e26134d3413ccf,other,NA,NA,
run_001,removal,removal_1772961037,remove-irs3-member1-1772961037,remove-irs3-member1-1772961037,4,reshare_completed,operation_end,2026-03-08T09:11:08.083850891Z,2026-03-08T09:11:08.350053Z,/var/lib/docker/volumes,e0eec01c85bd157680e466dd14073f2a433b51342ff770c3a292c984a51f226b,other,NA,NA,
run_001,removal,removal_1772961037,remove-irs3-member1-1772961037,remove-irs3-member1-1772961037,4,reshare_completed,operation_end,2026-03-08T09:11:08.083850891Z,2026-03-08T09:11:08.350053Z,/var/lib/docker/volumes,fabric_orderer.kit.edu,orderer,129270234,129270234,0
run_001,removal,removal_1772961037,remove-irs3-member1-1772961037,remove-irs3-member1-1772961037,4,reshare_completed,operation_end,2026-03-08T09:11:08.083850891Z,2026-03-08T09:11:08.350053Z,/var/lib/docker/volumes,fabric_peer0.irs1.kit.edu,other,5006,5006,0
run_001,removal,removal_1772961037,remove-irs3-member1-1772961037,remove-irs3-member1-1772961037,4,reshare_completed,operation_end,2026-03-08T09:11:08.083850891Z,2026-03-08T09:11:08.350053Z,/var/lib/docker/volumes,fabric_peer0.irs3.kit.edu,peer,27657241,27657241,0
run_001,removal,removal_1772961037,remove-irs3-member1-1772961037,remove-irs3-member1-1772961037,4,reshare_completed,operation_end,2026-03-08T09:11:08.083850891Z,2026-03-08T09:11:08.350053Z,/var/lib/docker/volumes,fabric_peer1.irs3.kit.edu,other,27655816,27655816,0
run_001,removal,removal_1772961037,remove-irs3-member1-1772961037,remove-irs3-member1-1772961037,4,reshare_completed,operation_end,2026-03-08T09:11:08.083850891Z,2026-03-08T09:11:08.350053Z,/var/lib/docker/volumes,fabric_peer2.irs3.kit.edu,other,27655813,27655813,0
run_001,removal,removal_1772961037,remove-irs3-member1-1772961037,remove-irs3-member1-1772961037,4,reshare_completed,operation_end,2026-03-08T09:11:08.083850891Z,2026-03-08T09:11:08.350053Z,/var/lib/docker/volumes,fabric_peer3.irs3.kit.edu,other,27657238,27657238,0
run_001,join,join_1772961086,join-irs3-1772961086,join-irs3-1772961086,5,operation_start,join_submit_done,2026-03-08T09:11:26.640137Z,2026-03-08T09:11:29.038864Z,/var/lib/docker/volumes,002a2c976d26a3f9c7eff06e2f9efe095908dd0ee21b2715cc202589b435aec2,other,NA,NA,
run_001,join,join_1772961086,join-irs3-1772961086,join-irs3-1772961086,5,operation_start,join_submit_done,2026-03-08T09:11:26.640137Z,2026-03-08T09:11:29.038864Z,/var/lib/docker/volumes,35a02607c21ea95db05e7150f71e6e704f4d6479a4a76375ed8ec3cbfc5ec094,other,NA,NA,
run_001,join,join_1772961086,join-irs3-1772961086,join-irs3-1772961086,5,operation_start,join_submit_done,2026-03-08T09:11:26.640137Z,2026-03-08T09:11:29.038864Z,/var/lib/docker/volumes,791e62bfc17bf044236c3dcb5d77ec82610b27aa4d5f3c78aff2e2842f98f9ee,other,NA,NA,
run_001,join,join_1772961086,join-irs3-1772961086,join-irs3-1772961086,5,operation_start,join_submit_done,2026-03-08T09:11:26.640137Z,2026-03-08T09:11:29.038864Z,/var/lib/docker/volumes,91dbb4452b1c3709e842113c225d65a63eab07cdac1110f244a9dfbdddb57dbf,other,NA,NA,
run_001,join,join_1772961086,join-irs3-1772961086,join-irs3-1772961086,5,operation_start,join_submit_done,2026-03-08T09:11:26.640137Z,2026-03-08T09:11:29.038864Z,/var/lib/docker/volumes,99ac8c723665556c954d288ca00335f1fae5493d384cb656ecf5a945cc9ae3b8,other,NA,NA,
run_001,join,join_1772961086,join-irs3-1772961086,join-irs3-1772961086,5,operation_start,join_submit_done,2026-03-08T09:11:26.640137Z,2026-03-08T09:11:29.038864Z,/var/lib/docker/volumes,ab96d922f06ec7a94f1b5200e75e480c9ed7eba86fbbe33b5cb9edbe031c6ea8,other,49770,49770,0
run_001,join,join_1772961086,join-irs3-1772961086,join-irs3-1772961086,5,operation_start,join_submit_done,2026-03-08T09:11:26.640137Z,2026-03-08T09:11:29.038864Z,/var/lib/docker/volumes,b8143ef8453ad18871b4b4e0ba6041764a2cda76bc6f516fa468de5fd6585e72,other,49770,49770,0
run_001,join,join_1772961086,join-irs3-1772961086,join-irs3-1772961086,5,operation_start,join_submit_done,2026-03-08T09:11:26.640137Z,2026-03-08T09:11:29.038864Z,/var/lib/docker/volumes,ce313f18292c11d1170b9839e1af2e5976d1858048740f79d790d8aed673a5a4,other,NA,NA,
run_001,join,join_1772961086,join-irs3-1772961086,join-irs3-1772961086,5,operation_start,join_submit_done,2026-03-08T09:11:26.640137Z,2026-03-08T09:11:29.038864Z,/var/lib/docker/volumes,d9b7785a06954372515977133a1213437b80c5db1517196ca5e26134d3413ccf,other,NA,NA,
run_001,join,join_1772961086,join-irs3-1772961086,join-irs3-1772961086,5,operation_start,join_submit_done,2026-03-08T09:11:26.640137Z,2026-03-08T09:11:29.038864Z,/var/lib/docker/volumes,e0eec01c85bd157680e466dd14073f2a433b51342ff770c3a292c984a51f226b,other,NA,NA,
run_001,join,join_1772961086,join-irs3-1772961086,join-irs3-1772961086,5,operation_start,join_submit_done,2026-03-08T09:11:26.640137Z,2026-03-08T09:11:29.038864Z,/var/lib/docker/volumes,fabric_orderer.kit.edu,orderer,129270234,129278103,7869
run_001,join,join_1772961086,join-irs3-1772961086,join-irs3-1772961086,5,operation_start,join_submit_done,2026-03-08T09:11:26.640137Z,2026-03-08T09:11:29.038864Z,/var/lib/docker/volumes,fabric_peer0.irs1.kit.edu,other,5006,5006,0
run_001,join,join_1772961086,join-irs3-1772961086,join-irs3-1772961086,5,operation_start,join_submit_done,2026-03-08T09:11:26.640137Z,2026-03-08T09:11:29.038864Z,/var/lib/docker/volumes,fabric_peer0.irs3.kit.edu,peer,27657241,27666992,9751
run_001,join,join_1772961086,join-irs3-1772961086,join-irs3-1772961086,5,operation_start,join_submit_done,2026-03-08T09:11:26.640137Z,2026-03-08T09:11:29.038864Z,/var/lib/docker/volumes,fabric_peer1.irs3.kit.edu,other,27655816,27665567,9751
run_001,join,join_1772961086,join-irs3-1772961086,join-irs3-1772961086,5,operation_start,join_submit_done,2026-03-08T09:11:26.640137Z,2026-03-08T09:11:29.038864Z,/var/lib/docker/volumes,fabric_peer2.irs3.kit.edu,other,27655813,27665564,9751
run_001,join,join_1772961086,join-irs3-1772961086,join-irs3-1772961086,5,operation_start,join_submit_done,2026-03-08T09:11:26.640137Z,2026-03-08T09:11:29.038864Z,/var/lib/docker/volumes,fabric_peer3.irs3.kit.edu,other,27657238,27666989,9751
run_001,join,join_1772961086,join-irs3-1772961086,join-irs3-1772961086,5,join_submit_done,join_voted,2026-03-08T09:11:29.038864Z,2026-03-08T09:11:32.531012564Z,/var/lib/docker/volumes,002a2c976d26a3f9c7eff06e2f9efe095908dd0ee21b2715cc202589b435aec2,other,NA,NA,
run_001,join,join_1772961086,join-irs3-1772961086,join-irs3-1772961086,5,join_submit_done,join_voted,2026-03-08T09:11:29.038864Z,2026-03-08T09:11:32.531012564Z,/var/lib/docker/volumes,35a02607c21ea95db05e7150f71e6e704f4d6479a4a76375ed8ec3cbfc5ec094,other,NA,NA,
run_001,join,join_1772961086,join-irs3-1772961086,join-irs3-1772961086,5,join_submit_done,join_voted,2026-03-08T09:11:29.038864Z,2026-03-08T09:11:32.531012564Z,/var/lib/docker/volumes,791e62bfc17bf044236c3dcb5d77ec82610b27aa4d5f3c78aff2e2842f98f9ee,other,NA,NA,
run_001,join,join_1772961086,join-irs3-1772961086,join-irs3-1772961086,5,join_submit_done,join_voted,2026-03-08T09:11:29.038864Z,2026-03-08T09:11:32.531012564Z,/var/lib/docker/volumes,91dbb4452b1c3709e842113c225d65a63eab07cdac1110f244a9dfbdddb57dbf,other,NA,NA,
run_001,join,join_1772961086,join-irs3-1772961086,join-irs3-1772961086,5,join_submit_done,join_voted,2026-03-08T09:11:29.038864Z,2026-03-08T09:11:32.531012564Z,/var/lib/docker/volumes,99ac8c723665556c954d288ca00335f1fae5493d384cb656ecf5a945cc9ae3b8,other,NA,NA,
run_001,join,join_1772961086,join-irs3-1772961086,join-irs3-1772961086,5,join_submit_done,join_voted,2026-03-08T09:11:29.038864Z,2026-03-08T09:11:32.531012564Z,/var/lib/docker/volumes,ab96d922f06ec7a94f1b5200e75e480c9ed7eba86fbbe33b5cb9edbe031c6ea8,other,49770,49770,0
run_001,join,join_1772961086,join-irs3-1772961086,join-irs3-1772961086,5,join_submit_done,join_voted,2026-03-08T09:11:29.038864Z,2026-03-08T09:11:32.531012564Z,/var/lib/docker/volumes,b8143ef8453ad18871b4b4e0ba6041764a2cda76bc6f516fa468de5fd6585e72,other,49770,49770,0
run_001,join,join_1772961086,join-irs3-1772961086,join-irs3-1772961086,5,join_submit_done,join_voted,2026-03-08T09:11:29.038864Z,2026-03-08T09:11:32.531012564Z,/var/lib/docker/volumes,ce313f18292c11d1170b9839e1af2e5976d1858048740f79d790d8aed673a5a4,other,NA,NA,
run_001,join,join_1772961086,join-irs3-1772961086,join-irs3-1772961086,5,join_submit_done,join_voted,2026-03-08T09:11:29.038864Z,2026-03-08T09:11:32.531012564Z,/var/lib/docker/volumes,d9b7785a06954372515977133a1213437b80c5db1517196ca5e26134d3413ccf,other,NA,NA,
run_001,join,join_1772961086,join-irs3-1772961086,join-irs3-1772961086,5,join_submit_done,join_voted,2026-03-08T09:11:29.038864Z,2026-03-08T09:11:32.531012564Z,/var/lib/docker/volumes,e0eec01c85bd157680e466dd14073f2a433b51342ff770c3a292c984a51f226b,other,NA,NA,
run_001,join,join_1772961086,join-irs3-1772961086,join-irs3-1772961086,5,join_submit_done,join_voted,2026-03-08T09:11:29.038864Z,2026-03-08T09:11:32.531012564Z,/var/lib/docker/volumes,fabric_orderer.kit.edu,orderer,129278103,129294435,16332
run_001,join,join_1772961086,join-irs3-1772961086,join-irs3-1772961086,5,join_submit_done,join_voted,2026-03-08T09:11:29.038864Z,2026-03-08T09:11:32.531012564Z,/var/lib/docker/volumes,fabric_peer0.irs1.kit.edu,other,5006,5006,0
run_001,join,join_1772961086,join-irs3-1772961086,join-irs3-1772961086,5,join_submit_done,join_voted,2026-03-08T09:11:29.038864Z,2026-03-08T09:11:32.531012564Z,/var/lib/docker/volumes,fabric_peer0.irs3.kit.edu,peer,27666992,27686291,19299
run_001,join,join_1772961086,join-irs3-1772961086,join-irs3-1772961086,5,join_submit_done,join_voted,2026-03-08T09:11:29.038864Z,2026-03-08T09:11:32.531012564Z,/var/lib/docker/volumes,fabric_peer1.irs3.kit.edu,other,27665567,27684866,19299
run_001,join,join_1772961086,join-irs3-1772961086,join-irs3-1772961086,5,join_submit_done,join_voted,2026-03-08T09:11:29.038864Z,2026-03-08T09:11:32.531012564Z,/var/lib/docker/volumes,fabric_peer2.irs3.kit.edu,other,27665564,27684863,19299
run_001,join,join_1772961086,join-irs3-1772961086,join-irs3-1772961086,5,join_submit_done,join_voted,2026-03-08T09:11:29.038864Z,2026-03-08T09:11:32.531012564Z,/var/lib/docker/volumes,fabric_peer3.irs3.kit.edu,other,27666989,27686288,19299
run_001,join,join_1772961086,join-irs3-1772961086,join-irs3-1772961086,5,join_voted,join_approved,2026-03-08T09:11:32.531012564Z,2026-03-08T09:11:35.027959992Z,/var/lib/docker/volumes,002a2c976d26a3f9c7eff06e2f9efe095908dd0ee21b2715cc202589b435aec2,other,NA,NA,
run_001,join,join_1772961086,join-irs3-1772961086,join-irs3-1772961086,5,join_voted,join_approved,2026-03-08T09:11:32.531012564Z,2026-03-08T09:11:35.027959992Z,/var/lib/docker/volumes,35a02607c21ea95db05e7150f71e6e704f4d6479a4a76375ed8ec3cbfc5ec094,other,NA,NA,
run_001,join,join_1772961086,join-irs3-1772961086,join-irs3-1772961086,5,join_voted,join_approved,2026-03-08T09:11:32.531012564Z,2026-03-08T09:11:35.027959992Z,/var/lib/docker/volumes,791e62bfc17bf044236c3dcb5d77ec82610b27aa4d5f3c78aff2e2842f98f9ee,other,NA,NA,
run_001,join,join_1772961086,join-irs3-1772961086,join-irs3-1772961086,5,join_voted,join_approved,2026-03-08T09:11:32.531012564Z,2026-03-08T09:11:35.027959992Z,/var/lib/docker/volumes,91dbb4452b1c3709e842113c225d65a63eab07cdac1110f244a9dfbdddb57dbf,other,NA,NA,
run_001,join,join_1772961086,join-irs3-1772961086,join-irs3-1772961086,5,join_voted,join_approved,2026-03-08T09:11:32.531012564Z,2026-03-08T09:11:35.027959992Z,/var/lib/docker/volumes,99ac8c723665556c954d288ca00335f1fae5493d384cb656ecf5a945cc9ae3b8,other,NA,NA,
run_001,join,join_1772961086,join-irs3-1772961086,join-irs3-1772961086,5,join_voted,join_approved,2026-03-08T09:11:32.531012564Z,2026-03-08T09:11:35.027959992Z,/var/lib/docker/volumes,ab96d922f06ec7a94f1b5200e75e480c9ed7eba86fbbe33b5cb9edbe031c6ea8,other,49770,49770,0
run_001,join,join_1772961086,join-irs3-1772961086,join-irs3-1772961086,5,join_voted,join_approved,2026-03-08T09:11:32.531012564Z,2026-03-08T09:11:35.027959992Z,/var/lib/docker/volumes,b8143ef8453ad18871b4b4e0ba6041764a2cda76bc6f516fa468de5fd6585e72,other,49770,49770,0
run_001,join,join_1772961086,join-irs3-1772961086,join-irs3-1772961086,5,join_voted,join_approved,2026-03-08T09:11:32.531012564Z,2026-03-08T09:11:35.027959992Z,/var/lib/docker/volumes,ce313f18292c11d1170b9839e1af2e5976d1858048740f79d790d8aed673a5a4,other,NA,NA,
run_001,join,join_1772961086,join-irs3-1772961086,join-irs3-1772961086,5,join_voted,join_approved,2026-03-08T09:11:32.531012564Z,2026-03-08T09:11:35.027959992Z,/var/lib/docker/volumes,d9b7785a06954372515977133a1213437b80c5db1517196ca5e26134d3413ccf,other,NA,NA,
run_001,join,join_1772961086,join-irs3-1772961086,join-irs3-1772961086,5,join_voted,join_approved,2026-03-08T09:11:32.531012564Z,2026-03-08T09:11:35.027959992Z,/var/lib/docker/volumes,e0eec01c85bd157680e466dd14073f2a433b51342ff770c3a292c984a51f226b,other,NA,NA,
run_001,join,join_1772961086,join-irs3-1772961086,join-irs3-1772961086,5,join_voted,join_approved,2026-03-08T09:11:32.531012564Z,2026-03-08T09:11:35.027959992Z,/var/lib/docker/volumes,fabric_orderer.kit.edu,orderer,129294435,129305528,11093
run_001,join,join_1772961086,join-irs3-1772961086,join-irs3-1772961086,5,join_voted,join_approved,2026-03-08T09:11:32.531012564Z,2026-03-08T09:11:35.027959992Z,/var/lib/docker/volumes,fabric_peer0.irs1.kit.edu,other,5006,5006,0
run_001,join,join_1772961086,join-irs3-1772961086,join-irs3-1772961086,5,join_voted,join_approved,2026-03-08T09:11:32.531012564Z,2026-03-08T09:11:35.027959992Z,/var/lib/docker/volumes,fabric_peer0.irs3.kit.edu,peer,27686291,27702953,16662
run_001,join,join_1772961086,join-irs3-1772961086,join-irs3-1772961086,5,join_voted,join_approved,2026-03-08T09:11:32.531012564Z,2026-03-08T09:11:35.027959992Z,/var/lib/docker/volumes,fabric_peer1.irs3.kit.edu,other,27684866,27701528,16662
run_001,join,join_1772961086,join-irs3-1772961086,join-irs3-1772961086,5,join_voted,join_approved,2026-03-08T09:11:32.531012564Z,2026-03-08T09:11:35.027959992Z,/var/lib/docker/volumes,fabric_peer2.irs3.kit.edu,other,27684863,27701525,16662
run_001,join,join_1772961086,join-irs3-1772961086,join-irs3-1772961086,5,join_voted,join_approved,2026-03-08T09:11:32.531012564Z,2026-03-08T09:11:35.027959992Z,/var/lib/docker/volumes,fabric_peer3.irs3.kit.edu,other,27686288,27702950,16662
run_001,join,join_1772961086,join-irs3-1772961086,join-irs3-1772961086,5,join_approved,reshare_started,2026-03-08T09:11:35.027959992Z,2026-03-08T09:11:35.442638Z,/var/lib/docker/volumes,002a2c976d26a3f9c7eff06e2f9efe095908dd0ee21b2715cc202589b435aec2,other,NA,NA,
run_001,join,join_1772961086,join-irs3-1772961086,join-irs3-1772961086,5,join_approved,reshare_started,2026-03-08T09:11:35.027959992Z,2026-03-08T09:11:35.442638Z,/var/lib/docker/volumes,35a02607c21ea95db05e7150f71e6e704f4d6479a4a76375ed8ec3cbfc5ec094,other,NA,NA,
run_001,join,join_1772961086,join-irs3-1772961086,join-irs3-1772961086,5,join_approved,reshare_started,2026-03-08T09:11:35.027959992Z,2026-03-08T09:11:35.442638Z,/var/lib/docker/volumes,791e62bfc17bf044236c3dcb5d77ec82610b27aa4d5f3c78aff2e2842f98f9ee,other,NA,NA,
run_001,join,join_1772961086,join-irs3-1772961086,join-irs3-1772961086,5,join_approved,reshare_started,2026-03-08T09:11:35.027959992Z,2026-03-08T09:11:35.442638Z,/var/lib/docker/volumes,91dbb4452b1c3709e842113c225d65a63eab07cdac1110f244a9dfbdddb57dbf,other,NA,NA,
run_001,join,join_1772961086,join-irs3-1772961086,join-irs3-1772961086,5,join_approved,reshare_started,2026-03-08T09:11:35.027959992Z,2026-03-08T09:11:35.442638Z,/var/lib/docker/volumes,99ac8c723665556c954d288ca00335f1fae5493d384cb656ecf5a945cc9ae3b8,other,NA,NA,
run_001,join,join_1772961086,join-irs3-1772961086,join-irs3-1772961086,5,join_approved,reshare_started,2026-03-08T09:11:35.027959992Z,2026-03-08T09:11:35.442638Z,/var/lib/docker/volumes,ab96d922f06ec7a94f1b5200e75e480c9ed7eba86fbbe33b5cb9edbe031c6ea8,other,49770,49770,0
run_001,join,join_1772961086,join-irs3-1772961086,join-irs3-1772961086,5,join_approved,reshare_started,2026-03-08T09:11:35.027959992Z,2026-03-08T09:11:35.442638Z,/var/lib/docker/volumes,b8143ef8453ad18871b4b4e0ba6041764a2cda76bc6f516fa468de5fd6585e72,other,49770,49770,0
run_001,join,join_1772961086,join-irs3-1772961086,join-irs3-1772961086,5,join_approved,reshare_started,2026-03-08T09:11:35.027959992Z,2026-03-08T09:11:35.442638Z,/var/lib/docker/volumes,ce313f18292c11d1170b9839e1af2e5976d1858048740f79d790d8aed673a5a4,other,NA,NA,
run_001,join,join_1772961086,join-irs3-1772961086,join-irs3-1772961086,5,join_approved,reshare_started,2026-03-08T09:11:35.027959992Z,2026-03-08T09:11:35.442638Z,/var/lib/docker/volumes,d9b7785a06954372515977133a1213437b80c5db1517196ca5e26134d3413ccf,other,NA,NA,
run_001,join,join_1772961086,join-irs3-1772961086,join-irs3-1772961086,5,join_approved,reshare_started,2026-03-08T09:11:35.027959992Z,2026-03-08T09:11:35.442638Z,/var/lib/docker/volumes,e0eec01c85bd157680e466dd14073f2a433b51342ff770c3a292c984a51f226b,other,NA,NA,
run_001,join,join_1772961086,join-irs3-1772961086,join-irs3-1772961086,5,join_approved,reshare_started,2026-03-08T09:11:35.027959992Z,2026-03-08T09:11:35.442638Z,/var/lib/docker/volumes,fabric_orderer.kit.edu,orderer,129305528,129305528,0
run_001,join,join_1772961086,join-irs3-1772961086,join-irs3-1772961086,5,join_approved,reshare_started,2026-03-08T09:11:35.027959992Z,2026-03-08T09:11:35.442638Z,/var/lib/docker/volumes,fabric_peer0.irs1.kit.edu,other,5006,5006,0
run_001,join,join_1772961086,join-irs3-1772961086,join-irs3-1772961086,5,join_approved,reshare_started,2026-03-08T09:11:35.027959992Z,2026-03-08T09:11:35.442638Z,/var/lib/docker/volumes,fabric_peer0.irs3.kit.edu,peer,27702953,27702953,0
run_001,join,join_1772961086,join-irs3-1772961086,join-irs3-1772961086,5,join_approved,reshare_started,2026-03-08T09:11:35.027959992Z,2026-03-08T09:11:35.442638Z,/var/lib/docker/volumes,fabric_peer1.irs3.kit.edu,other,27701528,27701528,0
run_001,join,join_1772961086,join-irs3-1772961086,join-irs3-1772961086,5,join_approved,reshare_started,2026-03-08T09:11:35.027959992Z,2026-03-08T09:11:35.442638Z,/var/lib/docker/volumes,fabric_peer2.irs3.kit.edu,other,27701525,27701525,0
run_001,join,join_1772961086,join-irs3-1772961086,join-irs3-1772961086,5,join_approved,reshare_started,2026-03-08T09:11:35.027959992Z,2026-03-08T09:11:35.442638Z,/var/lib/docker/volumes,fabric_peer3.irs3.kit.edu,other,27702950,27702950,0
run_001,join,join_1772961086,join-irs3-1772961086,join-irs3-1772961086,5,reshare_started,reshare_completed,2026-03-08T09:11:35.442638Z,2026-03-08T09:11:58.668908137Z,/var/lib/docker/volumes,002a2c976d26a3f9c7eff06e2f9efe095908dd0ee21b2715cc202589b435aec2,other,NA,NA,
run_001,join,join_1772961086,join-irs3-1772961086,join-irs3-1772961086,5,reshare_started,reshare_completed,2026-03-08T09:11:35.442638Z,2026-03-08T09:11:58.668908137Z,/var/lib/docker/volumes,35a02607c21ea95db05e7150f71e6e704f4d6479a4a76375ed8ec3cbfc5ec094,other,NA,NA,
run_001,join,join_1772961086,join-irs3-1772961086,join-irs3-1772961086,5,reshare_started,reshare_completed,2026-03-08T09:11:35.442638Z,2026-03-08T09:11:58.668908137Z,/var/lib/docker/volumes,791e62bfc17bf044236c3dcb5d77ec82610b27aa4d5f3c78aff2e2842f98f9ee,other,NA,NA,
run_001,join,join_1772961086,join-irs3-1772961086,join-irs3-1772961086,5,reshare_started,reshare_completed,2026-03-08T09:11:35.442638Z,2026-03-08T09:11:58.668908137Z,/var/lib/docker/volumes,91dbb4452b1c3709e842113c225d65a63eab07cdac1110f244a9dfbdddb57dbf,other,NA,NA,
run_001,join,join_1772961086,join-irs3-1772961086,join-irs3-1772961086,5,reshare_started,reshare_completed,2026-03-08T09:11:35.442638Z,2026-03-08T09:11:58.668908137Z,/var/lib/docker/volumes,99ac8c723665556c954d288ca00335f1fae5493d384cb656ecf5a945cc9ae3b8,other,NA,NA,
run_001,join,join_1772961086,join-irs3-1772961086,join-irs3-1772961086,5,reshare_started,reshare_completed,2026-03-08T09:11:35.442638Z,2026-03-08T09:11:58.668908137Z,/var/lib/docker/volumes,ab96d922f06ec7a94f1b5200e75e480c9ed7eba86fbbe33b5cb9edbe031c6ea8,other,49770,49770,0
run_001,join,join_1772961086,join-irs3-1772961086,join-irs3-1772961086,5,reshare_started,reshare_completed,2026-03-08T09:11:35.442638Z,2026-03-08T09:11:58.668908137Z,/var/lib/docker/volumes,b8143ef8453ad18871b4b4e0ba6041764a2cda76bc6f516fa468de5fd6585e72,other,49770,49770,0
run_001,join,join_1772961086,join-irs3-1772961086,join-irs3-1772961086,5,reshare_started,reshare_completed,2026-03-08T09:11:35.442638Z,2026-03-08T09:11:58.668908137Z,/var/lib/docker/volumes,ce313f18292c11d1170b9839e1af2e5976d1858048740f79d790d8aed673a5a4,other,NA,NA,
run_001,join,join_1772961086,join-irs3-1772961086,join-irs3-1772961086,5,reshare_started,reshare_completed,2026-03-08T09:11:35.442638Z,2026-03-08T09:11:58.668908137Z,/var/lib/docker/volumes,d9b7785a06954372515977133a1213437b80c5db1517196ca5e26134d3413ccf,other,NA,NA,
run_001,join,join_1772961086,join-irs3-1772961086,join-irs3-1772961086,5,reshare_started,reshare_completed,2026-03-08T09:11:35.442638Z,2026-03-08T09:11:58.668908137Z,/var/lib/docker/volumes,e0eec01c85bd157680e466dd14073f2a433b51342ff770c3a292c984a51f226b,other,NA,NA,
run_001,join,join_1772961086,join-irs3-1772961086,join-irs3-1772961086,5,reshare_started,reshare_completed,2026-03-08T09:11:35.442638Z,2026-03-08T09:11:58.668908137Z,/var/lib/docker/volumes,fabric_orderer.kit.edu,orderer,129305528,129345726,40198
run_001,join,join_1772961086,join-irs3-1772961086,join-irs3-1772961086,5,reshare_started,reshare_completed,2026-03-08T09:11:35.442638Z,2026-03-08T09:11:58.668908137Z,/var/lib/docker/volumes,fabric_peer0.irs1.kit.edu,other,5006,5006,0
run_001,join,join_1772961086,join-irs3-1772961086,join-irs3-1772961086,5,reshare_started,reshare_completed,2026-03-08T09:11:35.442638Z,2026-03-08T09:11:58.668908137Z,/var/lib/docker/volumes,fabric_peer0.irs3.kit.edu,peer,27702953,27749987,47034
run_001,join,join_1772961086,join-irs3-1772961086,join-irs3-1772961086,5,reshare_started,reshare_completed,2026-03-08T09:11:35.442638Z,2026-03-08T09:11:58.668908137Z,/var/lib/docker/volumes,fabric_peer1.irs3.kit.edu,other,27701528,27748562,47034
run_001,join,join_1772961086,join-irs3-1772961086,join-irs3-1772961086,5,reshare_started,reshare_completed,2026-03-08T09:11:35.442638Z,2026-03-08T09:11:58.668908137Z,/var/lib/docker/volumes,fabric_peer2.irs3.kit.edu,other,27701525,27748559,47034
run_001,join,join_1772961086,join-irs3-1772961086,join-irs3-1772961086,5,reshare_started,reshare_completed,2026-03-08T09:11:35.442638Z,2026-03-08T09:11:58.668908137Z,/var/lib/docker/volumes,fabric_peer3.irs3.kit.edu,other,27702950,27749984,47034
run_001,join,join_1772961086,join-irs3-1772961086,join-irs3-1772961086,5,reshare_completed,operation_end,2026-03-08T09:11:58.668908137Z,2026-03-08T09:12:05.959680Z,/var/lib/docker/volumes,002a2c976d26a3f9c7eff06e2f9efe095908dd0ee21b2715cc202589b435aec2,other,NA,NA,
run_001,join,join_1772961086,join-irs3-1772961086,join-irs3-1772961086,5,reshare_completed,operation_end,2026-03-08T09:11:58.668908137Z,2026-03-08T09:12:05.959680Z,/var/lib/docker/volumes,35a02607c21ea95db05e7150f71e6e704f4d6479a4a76375ed8ec3cbfc5ec094,other,NA,NA,
run_001,join,join_1772961086,join-irs3-1772961086,join-irs3-1772961086,5,reshare_completed,operation_end,2026-03-08T09:11:58.668908137Z,2026-03-08T09:12:05.959680Z,/var/lib/docker/volumes,791e62bfc17bf044236c3dcb5d77ec82610b27aa4d5f3c78aff2e2842f98f9ee,other,NA,NA,
run_001,join,join_1772961086,join-irs3-1772961086,join-irs3-1772961086,5,reshare_completed,operation_end,2026-03-08T09:11:58.668908137Z,2026-03-08T09:12:05.959680Z,/var/lib/docker/volumes,91dbb4452b1c3709e842113c225d65a63eab07cdac1110f244a9dfbdddb57dbf,other,NA,NA,
run_001,join,join_1772961086,join-irs3-1772961086,join-irs3-1772961086,5,reshare_completed,operation_end,2026-03-08T09:11:58.668908137Z,2026-03-08T09:12:05.959680Z,/var/lib/docker/volumes,99ac8c723665556c954d288ca00335f1fae5493d384cb656ecf5a945cc9ae3b8,other,NA,NA,
run_001,join,join_1772961086,join-irs3-1772961086,join-irs3-1772961086,5,reshare_completed,operation_end,2026-03-08T09:11:58.668908137Z,2026-03-08T09:12:05.959680Z,/var/lib/docker/volumes,ab96d922f06ec7a94f1b5200e75e480c9ed7eba86fbbe33b5cb9edbe031c6ea8,other,49770,49770,0
run_001,join,join_1772961086,join-irs3-1772961086,join-irs3-1772961086,5,reshare_completed,operation_end,2026-03-08T09:11:58.668908137Z,2026-03-08T09:12:05.959680Z,/var/lib/docker/volumes,b8143ef8453ad18871b4b4e0ba6041764a2cda76bc6f516fa468de5fd6585e72,other,49770,49770,0
run_001,join,join_1772961086,join-irs3-1772961086,join-irs3-1772961086,5,reshare_completed,operation_end,2026-03-08T09:11:58.668908137Z,2026-03-08T09:12:05.959680Z,/var/lib/docker/volumes,ce313f18292c11d1170b9839e1af2e5976d1858048740f79d790d8aed673a5a4,other,NA,NA,
run_001,join,join_1772961086,join-irs3-1772961086,join-irs3-1772961086,5,reshare_completed,operation_end,2026-03-08T09:11:58.668908137Z,2026-03-08T09:12:05.959680Z,/var/lib/docker/volumes,d9b7785a06954372515977133a1213437b80c5db1517196ca5e26134d3413ccf,other,NA,NA,
run_001,join,join_1772961086,join-irs3-1772961086,join-irs3-1772961086,5,reshare_completed,operation_end,2026-03-08T09:11:58.668908137Z,2026-03-08T09:12:05.959680Z,/var/lib/docker/volumes,e0eec01c85bd157680e466dd14073f2a433b51342ff770c3a292c984a51f226b,other,NA,NA,
run_001,join,join_1772961086,join-irs3-1772961086,join-irs3-1772961086,5,reshare_completed,operation_end,2026-03-08T09:11:58.668908137Z,2026-03-08T09:12:05.959680Z,/var/lib/docker/volumes,fabric_orderer.kit.edu,orderer,129345726,129409866,64140
run_001,join,join_1772961086,join-irs3-1772961086,join-irs3-1772961086,5,reshare_completed,operation_end,2026-03-08T09:11:58.668908137Z,2026-03-08T09:12:05.959680Z,/var/lib/docker/volumes,fabric_peer0.irs1.kit.edu,other,5006,5006,0
run_001,join,join_1772961086,join-irs3-1772961086,join-irs3-1772961086,5,reshare_completed,operation_end,2026-03-08T09:11:58.668908137Z,2026-03-08T09:12:05.959680Z,/var/lib/docker/volumes,fabric_peer0.irs3.kit.edu,peer,27749987,27824318,74331
run_001,join,join_1772961086,join-irs3-1772961086,join-irs3-1772961086,5,reshare_completed,operation_end,2026-03-08T09:11:58.668908137Z,2026-03-08T09:12:05.959680Z,/var/lib/docker/volumes,fabric_peer1.irs3.kit.edu,other,27748562,27822893,74331
run_001,join,join_1772961086,join-irs3-1772961086,join-irs3-1772961086,5,reshare_completed,operation_end,2026-03-08T09:11:58.668908137Z,2026-03-08T09:12:05.959680Z,/var/lib/docker/volumes,fabric_peer2.irs3.kit.edu,other,27748559,27822890,74331
run_001,join,join_1772961086,join-irs3-1772961086,join-irs3-1772961086,5,reshare_completed,operation_end,2026-03-08T09:11:58.668908137Z,2026-03-08T09:12:05.959680Z,/var/lib/docker/volumes,fabric_peer3.irs3.kit.edu,other,27749984,27824315,74331
run_002,csr,csr_1772961132,csr-irs3-1772961133,csr-irs3-1772961133,,operation_start,csr_submit_done,2026-03-08T09:12:12.831467Z,2026-03-08T09:12:15.162294Z,/var/lib/docker/volumes,002a2c976d26a3f9c7eff06e2f9efe095908dd0ee21b2715cc202589b435aec2,other,NA,NA,
run_002,csr,csr_1772961132,csr-irs3-1772961133,csr-irs3-1772961133,,operation_start,csr_submit_done,2026-03-08T09:12:12.831467Z,2026-03-08T09:12:15.162294Z,/var/lib/docker/volumes,35a02607c21ea95db05e7150f71e6e704f4d6479a4a76375ed8ec3cbfc5ec094,other,NA,NA,
run_002,csr,csr_1772961132,csr-irs3-1772961133,csr-irs3-1772961133,,operation_start,csr_submit_done,2026-03-08T09:12:12.831467Z,2026-03-08T09:12:15.162294Z,/var/lib/docker/volumes,791e62bfc17bf044236c3dcb5d77ec82610b27aa4d5f3c78aff2e2842f98f9ee,other,NA,NA,
run_002,csr,csr_1772961132,csr-irs3-1772961133,csr-irs3-1772961133,,operation_start,csr_submit_done,2026-03-08T09:12:12.831467Z,2026-03-08T09:12:15.162294Z,/var/lib/docker/volumes,91dbb4452b1c3709e842113c225d65a63eab07cdac1110f244a9dfbdddb57dbf,other,NA,NA,
run_002,csr,csr_1772961132,csr-irs3-1772961133,csr-irs3-1772961133,,operation_start,csr_submit_done,2026-03-08T09:12:12.831467Z,2026-03-08T09:12:15.162294Z,/var/lib/docker/volumes,99ac8c723665556c954d288ca00335f1fae5493d384cb656ecf5a945cc9ae3b8,other,NA,NA,
run_002,csr,csr_1772961132,csr-irs3-1772961133,csr-irs3-1772961133,,operation_start,csr_submit_done,2026-03-08T09:12:12.831467Z,2026-03-08T09:12:15.162294Z,/var/lib/docker/volumes,ab96d922f06ec7a94f1b5200e75e480c9ed7eba86fbbe33b5cb9edbe031c6ea8,other,49770,49770,0
run_002,csr,csr_1772961132,csr-irs3-1772961133,csr-irs3-1772961133,,operation_start,csr_submit_done,2026-03-08T09:12:12.831467Z,2026-03-08T09:12:15.162294Z,/var/lib/docker/volumes,b8143ef8453ad18871b4b4e0ba6041764a2cda76bc6f516fa468de5fd6585e72,other,49770,49770,0
run_002,csr,csr_1772961132,csr-irs3-1772961133,csr-irs3-1772961133,,operation_start,csr_submit_done,2026-03-08T09:12:12.831467Z,2026-03-08T09:12:15.162294Z,/var/lib/docker/volumes,ce313f18292c11d1170b9839e1af2e5976d1858048740f79d790d8aed673a5a4,other,NA,NA,
run_002,csr,csr_1772961132,csr-irs3-1772961133,csr-irs3-1772961133,,operation_start,csr_submit_done,2026-03-08T09:12:12.831467Z,2026-03-08T09:12:15.162294Z,/var/lib/docker/volumes,d9b7785a06954372515977133a1213437b80c5db1517196ca5e26134d3413ccf,other,NA,NA,
run_002,csr,csr_1772961132,csr-irs3-1772961133,csr-irs3-1772961133,,operation_start,csr_submit_done,2026-03-08T09:12:12.831467Z,2026-03-08T09:12:15.162294Z,/var/lib/docker/volumes,e0eec01c85bd157680e466dd14073f2a433b51342ff770c3a292c984a51f226b,other,NA,NA,
run_002,csr,csr_1772961132,csr-irs3-1772961133,csr-irs3-1772961133,,operation_start,csr_submit_done,2026-03-08T09:12:12.831467Z,2026-03-08T09:12:15.162294Z,/var/lib/docker/volumes,fabric_orderer.kit.edu,orderer,129409866,129418409,8543
run_002,csr,csr_1772961132,csr-irs3-1772961133,csr-irs3-1772961133,,operation_start,csr_submit_done,2026-03-08T09:12:12.831467Z,2026-03-08T09:12:15.162294Z,/var/lib/docker/volumes,fabric_peer0.irs1.kit.edu,other,5006,5006,0
run_002,csr,csr_1772961132,csr-irs3-1772961133,csr-irs3-1772961133,,operation_start,csr_submit_done,2026-03-08T09:12:12.831467Z,2026-03-08T09:12:15.162294Z,/var/lib/docker/volumes,fabric_peer0.irs3.kit.edu,peer,27824318,27834996,10678
run_002,csr,csr_1772961132,csr-irs3-1772961133,csr-irs3-1772961133,,operation_start,csr_submit_done,2026-03-08T09:12:12.831467Z,2026-03-08T09:12:15.162294Z,/var/lib/docker/volumes,fabric_peer1.irs3.kit.edu,other,27822893,27833571,10678
run_002,csr,csr_1772961132,csr-irs3-1772961133,csr-irs3-1772961133,,operation_start,csr_submit_done,2026-03-08T09:12:12.831467Z,2026-03-08T09:12:15.162294Z,/var/lib/docker/volumes,fabric_peer2.irs3.kit.edu,other,27822890,27833568,10678
run_002,csr,csr_1772961132,csr-irs3-1772961133,csr-irs3-1772961133,,operation_start,csr_submit_done,2026-03-08T09:12:12.831467Z,2026-03-08T09:12:15.162294Z,/var/lib/docker/volumes,fabric_peer3.irs3.kit.edu,other,27824315,27834993,10678
run_002,csr,csr_1772961132,csr-irs3-1772961133,csr-irs3-1772961133,,csr_submit_done,csr_voted,2026-03-08T09:12:15.162294Z,2026-03-08T09:12:17.505568508Z,/var/lib/docker/volumes,002a2c976d26a3f9c7eff06e2f9efe095908dd0ee21b2715cc202589b435aec2,other,NA,NA,
run_002,csr,csr_1772961132,csr-irs3-1772961133,csr-irs3-1772961133,,csr_submit_done,csr_voted,2026-03-08T09:12:15.162294Z,2026-03-08T09:12:17.505568508Z,/var/lib/docker/volumes,35a02607c21ea95db05e7150f71e6e704f4d6479a4a76375ed8ec3cbfc5ec094,other,NA,NA,
run_002,csr,csr_1772961132,csr-irs3-1772961133,csr-irs3-1772961133,,csr_submit_done,csr_voted,2026-03-08T09:12:15.162294Z,2026-03-08T09:12:17.505568508Z,/var/lib/docker/volumes,791e62bfc17bf044236c3dcb5d77ec82610b27aa4d5f3c78aff2e2842f98f9ee,other,NA,NA,
run_002,csr,csr_1772961132,csr-irs3-1772961133,csr-irs3-1772961133,,csr_submit_done,csr_voted,2026-03-08T09:12:15.162294Z,2026-03-08T09:12:17.505568508Z,/var/lib/docker/volumes,91dbb4452b1c3709e842113c225d65a63eab07cdac1110f244a9dfbdddb57dbf,other,NA,NA,
run_002,csr,csr_1772961132,csr-irs3-1772961133,csr-irs3-1772961133,,csr_submit_done,csr_voted,2026-03-08T09:12:15.162294Z,2026-03-08T09:12:17.505568508Z,/var/lib/docker/volumes,99ac8c723665556c954d288ca00335f1fae5493d384cb656ecf5a945cc9ae3b8,other,NA,NA,
run_002,csr,csr_1772961132,csr-irs3-1772961133,csr-irs3-1772961133,,csr_submit_done,csr_voted,2026-03-08T09:12:15.162294Z,2026-03-08T09:12:17.505568508Z,/var/lib/docker/volumes,ab96d922f06ec7a94f1b5200e75e480c9ed7eba86fbbe33b5cb9edbe031c6ea8,other,49770,49770,0
run_002,csr,csr_1772961132,csr-irs3-1772961133,csr-irs3-1772961133,,csr_submit_done,csr_voted,2026-03-08T09:12:15.162294Z,2026-03-08T09:12:17.505568508Z,/var/lib/docker/volumes,b8143ef8453ad18871b4b4e0ba6041764a2cda76bc6f516fa468de5fd6585e72,other,49770,49770,0
run_002,csr,csr_1772961132,csr-irs3-1772961133,csr-irs3-1772961133,,csr_submit_done,csr_voted,2026-03-08T09:12:15.162294Z,2026-03-08T09:12:17.505568508Z,/var/lib/docker/volumes,ce313f18292c11d1170b9839e1af2e5976d1858048740f79d790d8aed673a5a4,other,NA,NA,
run_002,csr,csr_1772961132,csr-irs3-1772961133,csr-irs3-1772961133,,csr_submit_done,csr_voted,2026-03-08T09:12:15.162294Z,2026-03-08T09:12:17.505568508Z,/var/lib/docker/volumes,d9b7785a06954372515977133a1213437b80c5db1517196ca5e26134d3413ccf,other,NA,NA,
run_002,csr,csr_1772961132,csr-irs3-1772961133,csr-irs3-1772961133,,csr_submit_done,csr_voted,2026-03-08T09:12:15.162294Z,2026-03-08T09:12:17.505568508Z,/var/lib/docker/volumes,e0eec01c85bd157680e466dd14073f2a433b51342ff770c3a292c984a51f226b,other,NA,NA,
run_002,csr,csr_1772961132,csr-irs3-1772961133,csr-irs3-1772961133,,csr_submit_done,csr_voted,2026-03-08T09:12:15.162294Z,2026-03-08T09:12:17.505568508Z,/var/lib/docker/volumes,fabric_orderer.kit.edu,orderer,129418409,129442769,24360
run_002,csr,csr_1772961132,csr-irs3-1772961133,csr-irs3-1772961133,,csr_submit_done,csr_voted,2026-03-08T09:12:15.162294Z,2026-03-08T09:12:17.505568508Z,/var/lib/docker/volumes,fabric_peer0.irs1.kit.edu,other,5006,5006,0
run_002,csr,csr_1772961132,csr-irs3-1772961133,csr-irs3-1772961133,,csr_submit_done,csr_voted,2026-03-08T09:12:15.162294Z,2026-03-08T09:12:17.505568508Z,/var/lib/docker/volumes,fabric_peer0.irs3.kit.edu,peer,27834996,27862668,27672
run_002,csr,csr_1772961132,csr-irs3-1772961133,csr-irs3-1772961133,,csr_submit_done,csr_voted,2026-03-08T09:12:15.162294Z,2026-03-08T09:12:17.505568508Z,/var/lib/docker/volumes,fabric_peer1.irs3.kit.edu,other,27833571,27861243,27672
run_002,csr,csr_1772961132,csr-irs3-1772961133,csr-irs3-1772961133,,csr_submit_done,csr_voted,2026-03-08T09:12:15.162294Z,2026-03-08T09:12:17.505568508Z,/var/lib/docker/volumes,fabric_peer2.irs3.kit.edu,other,27833568,27861240,27672
run_002,csr,csr_1772961132,csr-irs3-1772961133,csr-irs3-1772961133,,csr_submit_done,csr_voted,2026-03-08T09:12:15.162294Z,2026-03-08T09:12:17.505568508Z,/var/lib/docker/volumes,fabric_peer3.irs3.kit.edu,other,27834993,27862665,27672
run_002,csr,csr_1772961132,csr-irs3-1772961133,csr-irs3-1772961133,,csr_voted,csr_approved,2026-03-08T09:12:17.505568508Z,2026-03-08T09:12:20.025028565Z,/var/lib/docker/volumes,002a2c976d26a3f9c7eff06e2f9efe095908dd0ee21b2715cc202589b435aec2,other,NA,NA,
run_002,csr,csr_1772961132,csr-irs3-1772961133,csr-irs3-1772961133,,csr_voted,csr_approved,2026-03-08T09:12:17.505568508Z,2026-03-08T09:12:20.025028565Z,/var/lib/docker/volumes,35a02607c21ea95db05e7150f71e6e704f4d6479a4a76375ed8ec3cbfc5ec094,other,NA,NA,
run_002,csr,csr_1772961132,csr-irs3-1772961133,csr-irs3-1772961133,,csr_voted,csr_approved,2026-03-08T09:12:17.505568508Z,2026-03-08T09:12:20.025028565Z,/var/lib/docker/volumes,791e62bfc17bf044236c3dcb5d77ec82610b27aa4d5f3c78aff2e2842f98f9ee,other,NA,NA,
run_002,csr,csr_1772961132,csr-irs3-1772961133,csr-irs3-1772961133,,csr_voted,csr_approved,2026-03-08T09:12:17.505568508Z,2026-03-08T09:12:20.025028565Z,/var/lib/docker/volumes,91dbb4452b1c3709e842113c225d65a63eab07cdac1110f244a9dfbdddb57dbf,other,NA,NA,
run_002,csr,csr_1772961132,csr-irs3-1772961133,csr-irs3-1772961133,,csr_voted,csr_approved,2026-03-08T09:12:17.505568508Z,2026-03-08T09:12:20.025028565Z,/var/lib/docker/volumes,99ac8c723665556c954d288ca00335f1fae5493d384cb656ecf5a945cc9ae3b8,other,NA,NA,
run_002,csr,csr_1772961132,csr-irs3-1772961133,csr-irs3-1772961133,,csr_voted,csr_approved,2026-03-08T09:12:17.505568508Z,2026-03-08T09:12:20.025028565Z,/var/lib/docker/volumes,ab96d922f06ec7a94f1b5200e75e480c9ed7eba86fbbe33b5cb9edbe031c6ea8,other,49770,49770,0
run_002,csr,csr_1772961132,csr-irs3-1772961133,csr-irs3-1772961133,,csr_voted,csr_approved,2026-03-08T09:12:17.505568508Z,2026-03-08T09:12:20.025028565Z,/var/lib/docker/volumes,b8143ef8453ad18871b4b4e0ba6041764a2cda76bc6f516fa468de5fd6585e72,other,49770,49770,0
run_002,csr,csr_1772961132,csr-irs3-1772961133,csr-irs3-1772961133,,csr_voted,csr_approved,2026-03-08T09:12:17.505568508Z,2026-03-08T09:12:20.025028565Z,/var/lib/docker/volumes,ce313f18292c11d1170b9839e1af2e5976d1858048740f79d790d8aed673a5a4,other,NA,NA,
run_002,csr,csr_1772961132,csr-irs3-1772961133,csr-irs3-1772961133,,csr_voted,csr_approved,2026-03-08T09:12:17.505568508Z,2026-03-08T09:12:20.025028565Z,/var/lib/docker/volumes,d9b7785a06954372515977133a1213437b80c5db1517196ca5e26134d3413ccf,other,NA,NA,
run_002,csr,csr_1772961132,csr-irs3-1772961133,csr-irs3-1772961133,,csr_voted,csr_approved,2026-03-08T09:12:17.505568508Z,2026-03-08T09:12:20.025028565Z,/var/lib/docker/volumes,e0eec01c85bd157680e466dd14073f2a433b51342ff770c3a292c984a51f226b,other,NA,NA,
run_002,csr,csr_1772961132,csr-irs3-1772961133,csr-irs3-1772961133,,csr_voted,csr_approved,2026-03-08T09:12:17.505568508Z,2026-03-08T09:12:20.025028565Z,/var/lib/docker/volumes,fabric_orderer.kit.edu,orderer,129442769,129459151,16382
run_002,csr,csr_1772961132,csr-irs3-1772961133,csr-irs3-1772961133,,csr_voted,csr_approved,2026-03-08T09:12:17.505568508Z,2026-03-08T09:12:20.025028565Z,/var/lib/docker/volumes,fabric_peer0.irs1.kit.edu,other,5006,5006,0
run_002,csr,csr_1772961132,csr-irs3-1772961133,csr-irs3-1772961133,,csr_voted,csr_approved,2026-03-08T09:12:17.505568508Z,2026-03-08T09:12:20.025028565Z,/var/lib/docker/volumes,fabric_peer0.irs3.kit.edu,peer,27862668,27882741,20073
run_002,csr,csr_1772961132,csr-irs3-1772961133,csr-irs3-1772961133,,csr_voted,csr_approved,2026-03-08T09:12:17.505568508Z,2026-03-08T09:12:20.025028565Z,/var/lib/docker/volumes,fabric_peer1.irs3.kit.edu,other,27861243,27881316,20073
run_002,csr,csr_1772961132,csr-irs3-1772961133,csr-irs3-1772961133,,csr_voted,csr_approved,2026-03-08T09:12:17.505568508Z,2026-03-08T09:12:20.025028565Z,/var/lib/docker/volumes,fabric_peer2.irs3.kit.edu,other,27861240,27881313,20073
run_002,csr,csr_1772961132,csr-irs3-1772961133,csr-irs3-1772961133,,csr_voted,csr_approved,2026-03-08T09:12:17.505568508Z,2026-03-08T09:12:20.025028565Z,/var/lib/docker/volumes,fabric_peer3.irs3.kit.edu,other,27862665,27882738,20073
run_002,csr,csr_1772961132,csr-irs3-1772961133,csr-irs3-1772961133,,csr_approved,cert_registered,2026-03-08T09:12:20.025028565Z,2026-03-08T09:12:31.049869583Z,/var/lib/docker/volumes,002a2c976d26a3f9c7eff06e2f9efe095908dd0ee21b2715cc202589b435aec2,other,NA,NA,
run_002,csr,csr_1772961132,csr-irs3-1772961133,csr-irs3-1772961133,,csr_approved,cert_registered,2026-03-08T09:12:20.025028565Z,2026-03-08T09:12:31.049869583Z,/var/lib/docker/volumes,35a02607c21ea95db05e7150f71e6e704f4d6479a4a76375ed8ec3cbfc5ec094,other,NA,NA,
run_002,csr,csr_1772961132,csr-irs3-1772961133,csr-irs3-1772961133,,csr_approved,cert_registered,2026-03-08T09:12:20.025028565Z,2026-03-08T09:12:31.049869583Z,/var/lib/docker/volumes,791e62bfc17bf044236c3dcb5d77ec82610b27aa4d5f3c78aff2e2842f98f9ee,other,NA,NA,
run_002,csr,csr_1772961132,csr-irs3-1772961133,csr-irs3-1772961133,,csr_approved,cert_registered,2026-03-08T09:12:20.025028565Z,2026-03-08T09:12:31.049869583Z,/var/lib/docker/volumes,91dbb4452b1c3709e842113c225d65a63eab07cdac1110f244a9dfbdddb57dbf,other,NA,NA,
run_002,csr,csr_1772961132,csr-irs3-1772961133,csr-irs3-1772961133,,csr_approved,cert_registered,2026-03-08T09:12:20.025028565Z,2026-03-08T09:12:31.049869583Z,/var/lib/docker/volumes,99ac8c723665556c954d288ca00335f1fae5493d384cb656ecf5a945cc9ae3b8,other,NA,NA,
run_002,csr,csr_1772961132,csr-irs3-1772961133,csr-irs3-1772961133,,csr_approved,cert_registered,2026-03-08T09:12:20.025028565Z,2026-03-08T09:12:31.049869583Z,/var/lib/docker/volumes,ab96d922f06ec7a94f1b5200e75e480c9ed7eba86fbbe33b5cb9edbe031c6ea8,other,49770,49770,0
run_002,csr,csr_1772961132,csr-irs3-1772961133,csr-irs3-1772961133,,csr_approved,cert_registered,2026-03-08T09:12:20.025028565Z,2026-03-08T09:12:31.049869583Z,/var/lib/docker/volumes,b8143ef8453ad18871b4b4e0ba6041764a2cda76bc6f516fa468de5fd6585e72,other,49770,49770,0
run_002,csr,csr_1772961132,csr-irs3-1772961133,csr-irs3-1772961133,,csr_approved,cert_registered,2026-03-08T09:12:20.025028565Z,2026-03-08T09:12:31.049869583Z,/var/lib/docker/volumes,ce313f18292c11d1170b9839e1af2e5976d1858048740f79d790d8aed673a5a4,other,NA,NA,
run_002,csr,csr_1772961132,csr-irs3-1772961133,csr-irs3-1772961133,,csr_approved,cert_registered,2026-03-08T09:12:20.025028565Z,2026-03-08T09:12:31.049869583Z,/var/lib/docker/volumes,d9b7785a06954372515977133a1213437b80c5db1517196ca5e26134d3413ccf,other,NA,NA,
run_002,csr,csr_1772961132,csr-irs3-1772961133,csr-irs3-1772961133,,csr_approved,cert_registered,2026-03-08T09:12:20.025028565Z,2026-03-08T09:12:31.049869583Z,/var/lib/docker/volumes,e0eec01c85bd157680e466dd14073f2a433b51342ff770c3a292c984a51f226b,other,NA,NA,
run_002,csr,csr_1772961132,csr-irs3-1772961133,csr-irs3-1772961133,,csr_approved,cert_registered,2026-03-08T09:12:20.025028565Z,2026-03-08T09:12:31.049869583Z,/var/lib/docker/volumes,fabric_orderer.kit.edu,orderer,129459151,129499432,40281
run_002,csr,csr_1772961132,csr-irs3-1772961133,csr-irs3-1772961133,,csr_approved,cert_registered,2026-03-08T09:12:20.025028565Z,2026-03-08T09:12:31.049869583Z,/var/lib/docker/volumes,fabric_peer0.irs1.kit.edu,other,5006,5006,0
run_002,csr,csr_1772961132,csr-irs3-1772961133,csr-irs3-1772961133,,csr_approved,cert_registered,2026-03-08T09:12:20.025028565Z,2026-03-08T09:12:31.049869583Z,/var/lib/docker/volumes,fabric_peer0.irs3.kit.edu,peer,27882741,27934328,51587
run_002,csr,csr_1772961132,csr-irs3-1772961133,csr-irs3-1772961133,,csr_approved,cert_registered,2026-03-08T09:12:20.025028565Z,2026-03-08T09:12:31.049869583Z,/var/lib/docker/volumes,fabric_peer1.irs3.kit.edu,other,27881316,27932903,51587
run_002,csr,csr_1772961132,csr-irs3-1772961133,csr-irs3-1772961133,,csr_approved,cert_registered,2026-03-08T09:12:20.025028565Z,2026-03-08T09:12:31.049869583Z,/var/lib/docker/volumes,fabric_peer2.irs3.kit.edu,other,27881313,27932900,51587
run_002,csr,csr_1772961132,csr-irs3-1772961133,csr-irs3-1772961133,,csr_approved,cert_registered,2026-03-08T09:12:20.025028565Z,2026-03-08T09:12:31.049869583Z,/var/lib/docker/volumes,fabric_peer3.irs3.kit.edu,other,27882738,27934325,51587
run_002,csr,csr_1772961132,csr-irs3-1772961133,csr-irs3-1772961133,,cert_registered,operation_end,2026-03-08T09:12:31.049869583Z,2026-03-08T09:12:31.803531Z,/var/lib/docker/volumes,002a2c976d26a3f9c7eff06e2f9efe095908dd0ee21b2715cc202589b435aec2,other,NA,NA,
run_002,csr,csr_1772961132,csr-irs3-1772961133,csr-irs3-1772961133,,cert_registered,operation_end,2026-03-08T09:12:31.049869583Z,2026-03-08T09:12:31.803531Z,/var/lib/docker/volumes,35a02607c21ea95db05e7150f71e6e704f4d6479a4a76375ed8ec3cbfc5ec094,other,NA,NA,
run_002,csr,csr_1772961132,csr-irs3-1772961133,csr-irs3-1772961133,,cert_registered,operation_end,2026-03-08T09:12:31.049869583Z,2026-03-08T09:12:31.803531Z,/var/lib/docker/volumes,791e62bfc17bf044236c3dcb5d77ec82610b27aa4d5f3c78aff2e2842f98f9ee,other,NA,NA,
run_002,csr,csr_1772961132,csr-irs3-1772961133,csr-irs3-1772961133,,cert_registered,operation_end,2026-03-08T09:12:31.049869583Z,2026-03-08T09:12:31.803531Z,/var/lib/docker/volumes,91dbb4452b1c3709e842113c225d65a63eab07cdac1110f244a9dfbdddb57dbf,other,NA,NA,
run_002,csr,csr_1772961132,csr-irs3-1772961133,csr-irs3-1772961133,,cert_registered,operation_end,2026-03-08T09:12:31.049869583Z,2026-03-08T09:12:31.803531Z,/var/lib/docker/volumes,99ac8c723665556c954d288ca00335f1fae5493d384cb656ecf5a945cc9ae3b8,other,NA,NA,
run_002,csr,csr_1772961132,csr-irs3-1772961133,csr-irs3-1772961133,,cert_registered,operation_end,2026-03-08T09:12:31.049869583Z,2026-03-08T09:12:31.803531Z,/var/lib/docker/volumes,ab96d922f06ec7a94f1b5200e75e480c9ed7eba86fbbe33b5cb9edbe031c6ea8,other,49770,49770,0
run_002,csr,csr_1772961132,csr-irs3-1772961133,csr-irs3-1772961133,,cert_registered,operation_end,2026-03-08T09:12:31.049869583Z,2026-03-08T09:12:31.803531Z,/var/lib/docker/volumes,b8143ef8453ad18871b4b4e0ba6041764a2cda76bc6f516fa468de5fd6585e72,other,49770,49770,0
run_002,csr,csr_1772961132,csr-irs3-1772961133,csr-irs3-1772961133,,cert_registered,operation_end,2026-03-08T09:12:31.049869583Z,2026-03-08T09:12:31.803531Z,/var/lib/docker/volumes,ce313f18292c11d1170b9839e1af2e5976d1858048740f79d790d8aed673a5a4,other,NA,NA,
run_002,csr,csr_1772961132,csr-irs3-1772961133,csr-irs3-1772961133,,cert_registered,operation_end,2026-03-08T09:12:31.049869583Z,2026-03-08T09:12:31.803531Z,/var/lib/docker/volumes,d9b7785a06954372515977133a1213437b80c5db1517196ca5e26134d3413ccf,other,NA,NA,
run_002,csr,csr_1772961132,csr-irs3-1772961133,csr-irs3-1772961133,,cert_registered,operation_end,2026-03-08T09:12:31.049869583Z,2026-03-08T09:12:31.803531Z,/var/lib/docker/volumes,e0eec01c85bd157680e466dd14073f2a433b51342ff770c3a292c984a51f226b,other,NA,NA,
run_002,csr,csr_1772961132,csr-irs3-1772961133,csr-irs3-1772961133,,cert_registered,operation_end,2026-03-08T09:12:31.049869583Z,2026-03-08T09:12:31.803531Z,/var/lib/docker/volumes,fabric_orderer.kit.edu,orderer,129499432,129499432,0
run_002,csr,csr_1772961132,csr-irs3-1772961133,csr-irs3-1772961133,,cert_registered,operation_end,2026-03-08T09:12:31.049869583Z,2026-03-08T09:12:31.803531Z,/var/lib/docker/volumes,fabric_peer0.irs1.kit.edu,other,5006,5006,0
run_002,csr,csr_1772961132,csr-irs3-1772961133,csr-irs3-1772961133,,cert_registered,operation_end,2026-03-08T09:12:31.049869583Z,2026-03-08T09:12:31.803531Z,/var/lib/docker/volumes,fabric_peer0.irs3.kit.edu,peer,27934328,27934328,0
run_002,csr,csr_1772961132,csr-irs3-1772961133,csr-irs3-1772961133,,cert_registered,operation_end,2026-03-08T09:12:31.049869583Z,2026-03-08T09:12:31.803531Z,/var/lib/docker/volumes,fabric_peer1.irs3.kit.edu,other,27932903,27932903,0
run_002,csr,csr_1772961132,csr-irs3-1772961133,csr-irs3-1772961133,,cert_registered,operation_end,2026-03-08T09:12:31.049869583Z,2026-03-08T09:12:31.803531Z,/var/lib/docker/volumes,fabric_peer2.irs3.kit.edu,other,27932900,27932900,0
run_002,csr,csr_1772961132,csr-irs3-1772961133,csr-irs3-1772961133,,cert_registered,operation_end,2026-03-08T09:12:31.049869583Z,2026-03-08T09:12:31.803531Z,/var/lib/docker/volumes,fabric_peer3.irs3.kit.edu,other,27934325,27934325,0
run_002,revocation,revocation_1772961172,revoke-irs3-1772961172,revoke-irs3-1772961172,,operation_start,revocation_submit_done,2026-03-08T09:12:52.115445Z,2026-03-08T09:12:54.456312Z,/var/lib/docker/volumes,002a2c976d26a3f9c7eff06e2f9efe095908dd0ee21b2715cc202589b435aec2,other,NA,NA,
run_002,revocation,revocation_1772961172,revoke-irs3-1772961172,revoke-irs3-1772961172,,operation_start,revocation_submit_done,2026-03-08T09:12:52.115445Z,2026-03-08T09:12:54.456312Z,/var/lib/docker/volumes,35a02607c21ea95db05e7150f71e6e704f4d6479a4a76375ed8ec3cbfc5ec094,other,NA,NA,
run_002,revocation,revocation_1772961172,revoke-irs3-1772961172,revoke-irs3-1772961172,,operation_start,revocation_submit_done,2026-03-08T09:12:52.115445Z,2026-03-08T09:12:54.456312Z,/var/lib/docker/volumes,791e62bfc17bf044236c3dcb5d77ec82610b27aa4d5f3c78aff2e2842f98f9ee,other,NA,NA,
run_002,revocation,revocation_1772961172,revoke-irs3-1772961172,revoke-irs3-1772961172,,operation_start,revocation_submit_done,2026-03-08T09:12:52.115445Z,2026-03-08T09:12:54.456312Z,/var/lib/docker/volumes,91dbb4452b1c3709e842113c225d65a63eab07cdac1110f244a9dfbdddb57dbf,other,NA,NA,
run_002,revocation,revocation_1772961172,revoke-irs3-1772961172,revoke-irs3-1772961172,,operation_start,revocation_submit_done,2026-03-08T09:12:52.115445Z,2026-03-08T09:12:54.456312Z,/var/lib/docker/volumes,99ac8c723665556c954d288ca00335f1fae5493d384cb656ecf5a945cc9ae3b8,other,NA,NA,
run_002,revocation,revocation_1772961172,revoke-irs3-1772961172,revoke-irs3-1772961172,,operation_start,revocation_submit_done,2026-03-08T09:12:52.115445Z,2026-03-08T09:12:54.456312Z,/var/lib/docker/volumes,ab96d922f06ec7a94f1b5200e75e480c9ed7eba86fbbe33b5cb9edbe031c6ea8,other,49770,49770,0
run_002,revocation,revocation_1772961172,revoke-irs3-1772961172,revoke-irs3-1772961172,,operation_start,revocation_submit_done,2026-03-08T09:12:52.115445Z,2026-03-08T09:12:54.456312Z,/var/lib/docker/volumes,b8143ef8453ad18871b4b4e0ba6041764a2cda76bc6f516fa468de5fd6585e72,other,49770,49770,0
run_002,revocation,revocation_1772961172,revoke-irs3-1772961172,revoke-irs3-1772961172,,operation_start,revocation_submit_done,2026-03-08T09:12:52.115445Z,2026-03-08T09:12:54.456312Z,/var/lib/docker/volumes,ce313f18292c11d1170b9839e1af2e5976d1858048740f79d790d8aed673a5a4,other,NA,NA,
run_002,revocation,revocation_1772961172,revoke-irs3-1772961172,revoke-irs3-1772961172,,operation_start,revocation_submit_done,2026-03-08T09:12:52.115445Z,2026-03-08T09:12:54.456312Z,/var/lib/docker/volumes,d9b7785a06954372515977133a1213437b80c5db1517196ca5e26134d3413ccf,other,NA,NA,
run_002,revocation,revocation_1772961172,revoke-irs3-1772961172,revoke-irs3-1772961172,,operation_start,revocation_submit_done,2026-03-08T09:12:52.115445Z,2026-03-08T09:12:54.456312Z,/var/lib/docker/volumes,e0eec01c85bd157680e466dd14073f2a433b51342ff770c3a292c984a51f226b,other,NA,NA,
run_002,revocation,revocation_1772961172,revoke-irs3-1772961172,revoke-irs3-1772961172,,operation_start,revocation_submit_done,2026-03-08T09:12:52.115445Z,2026-03-08T09:12:54.456312Z,/var/lib/docker/volumes,fabric_orderer.kit.edu,orderer,129499432,129506614,7182
run_002,revocation,revocation_1772961172,revoke-irs3-1772961172,revoke-irs3-1772961172,,operation_start,revocation_submit_done,2026-03-08T09:12:52.115445Z,2026-03-08T09:12:54.456312Z,/var/lib/docker/volumes,fabric_peer0.irs1.kit.edu,other,5006,5006,0
run_002,revocation,revocation_1772961172,revoke-irs3-1772961172,revoke-irs3-1772961172,,operation_start,revocation_submit_done,2026-03-08T09:12:52.115445Z,2026-03-08T09:12:54.456312Z,/var/lib/docker/volumes,fabric_peer0.irs3.kit.edu,peer,27934328,27942541,8213
run_002,revocation,revocation_1772961172,revoke-irs3-1772961172,revoke-irs3-1772961172,,operation_start,revocation_submit_done,2026-03-08T09:12:52.115445Z,2026-03-08T09:12:54.456312Z,/var/lib/docker/volumes,fabric_peer1.irs3.kit.edu,other,27932903,27941116,8213
run_002,revocation,revocation_1772961172,revoke-irs3-1772961172,revoke-irs3-1772961172,,operation_start,revocation_submit_done,2026-03-08T09:12:52.115445Z,2026-03-08T09:12:54.456312Z,/var/lib/docker/volumes,fabric_peer2.irs3.kit.edu,other,27932900,27941113,8213
run_002,revocation,revocation_1772961172,revoke-irs3-1772961172,revoke-irs3-1772961172,,operation_start,revocation_submit_done,2026-03-08T09:12:52.115445Z,2026-03-08T09:12:54.456312Z,/var/lib/docker/volumes,fabric_peer3.irs3.kit.edu,other,27934325,27942538,8213
run_002,revocation,revocation_1772961172,revoke-irs3-1772961172,revoke-irs3-1772961172,,revocation_submit_done,revocation_voted,2026-03-08T09:12:54.456312Z,2026-03-08T09:12:56.772854336Z,/var/lib/docker/volumes,002a2c976d26a3f9c7eff06e2f9efe095908dd0ee21b2715cc202589b435aec2,other,NA,NA,
run_002,revocation,revocation_1772961172,revoke-irs3-1772961172,revoke-irs3-1772961172,,revocation_submit_done,revocation_voted,2026-03-08T09:12:54.456312Z,2026-03-08T09:12:56.772854336Z,/var/lib/docker/volumes,35a02607c21ea95db05e7150f71e6e704f4d6479a4a76375ed8ec3cbfc5ec094,other,NA,NA,
run_002,revocation,revocation_1772961172,revoke-irs3-1772961172,revoke-irs3-1772961172,,revocation_submit_done,revocation_voted,2026-03-08T09:12:54.456312Z,2026-03-08T09:12:56.772854336Z,/var/lib/docker/volumes,791e62bfc17bf044236c3dcb5d77ec82610b27aa4d5f3c78aff2e2842f98f9ee,other,NA,NA,
run_002,revocation,revocation_1772961172,revoke-irs3-1772961172,revoke-irs3-1772961172,,revocation_submit_done,revocation_voted,2026-03-08T09:12:54.456312Z,2026-03-08T09:12:56.772854336Z,/var/lib/docker/volumes,91dbb4452b1c3709e842113c225d65a63eab07cdac1110f244a9dfbdddb57dbf,other,NA,NA,
run_002,revocation,revocation_1772961172,revoke-irs3-1772961172,revoke-irs3-1772961172,,revocation_submit_done,revocation_voted,2026-03-08T09:12:54.456312Z,2026-03-08T09:12:56.772854336Z,/var/lib/docker/volumes,99ac8c723665556c954d288ca00335f1fae5493d384cb656ecf5a945cc9ae3b8,other,NA,NA,
run_002,revocation,revocation_1772961172,revoke-irs3-1772961172,revoke-irs3-1772961172,,revocation_submit_done,revocation_voted,2026-03-08T09:12:54.456312Z,2026-03-08T09:12:56.772854336Z,/var/lib/docker/volumes,ab96d922f06ec7a94f1b5200e75e480c9ed7eba86fbbe33b5cb9edbe031c6ea8,other,49770,49770,0
run_002,revocation,revocation_1772961172,revoke-irs3-1772961172,revoke-irs3-1772961172,,revocation_submit_done,revocation_voted,2026-03-08T09:12:54.456312Z,2026-03-08T09:12:56.772854336Z,/var/lib/docker/volumes,b8143ef8453ad18871b4b4e0ba6041764a2cda76bc6f516fa468de5fd6585e72,other,49770,49770,0
run_002,revocation,revocation_1772961172,revoke-irs3-1772961172,revoke-irs3-1772961172,,revocation_submit_done,revocation_voted,2026-03-08T09:12:54.456312Z,2026-03-08T09:12:56.772854336Z,/var/lib/docker/volumes,ce313f18292c11d1170b9839e1af2e5976d1858048740f79d790d8aed673a5a4,other,NA,NA,
run_002,revocation,revocation_1772961172,revoke-irs3-1772961172,revoke-irs3-1772961172,,revocation_submit_done,revocation_voted,2026-03-08T09:12:54.456312Z,2026-03-08T09:12:56.772854336Z,/var/lib/docker/volumes,d9b7785a06954372515977133a1213437b80c5db1517196ca5e26134d3413ccf,other,NA,NA,
run_002,revocation,revocation_1772961172,revoke-irs3-1772961172,revoke-irs3-1772961172,,revocation_submit_done,revocation_voted,2026-03-08T09:12:54.456312Z,2026-03-08T09:12:56.772854336Z,/var/lib/docker/volumes,e0eec01c85bd157680e466dd14073f2a433b51342ff770c3a292c984a51f226b,other,NA,NA,
run_002,revocation,revocation_1772961172,revoke-irs3-1772961172,revoke-irs3-1772961172,,revocation_submit_done,revocation_voted,2026-03-08T09:12:54.456312Z,2026-03-08T09:12:56.772854336Z,/var/lib/docker/volumes,fabric_orderer.kit.edu,orderer,129506614,129521072,14458
run_002,revocation,revocation_1772961172,revoke-irs3-1772961172,revoke-irs3-1772961172,,revocation_submit_done,revocation_voted,2026-03-08T09:12:54.456312Z,2026-03-08T09:12:56.772854336Z,/var/lib/docker/volumes,fabric_peer0.irs1.kit.edu,other,5006,5006,0
run_002,revocation,revocation_1772961172,revoke-irs3-1772961172,revoke-irs3-1772961172,,revocation_submit_done,revocation_voted,2026-03-08T09:12:54.456312Z,2026-03-08T09:12:56.772854336Z,/var/lib/docker/volumes,fabric_peer0.irs3.kit.edu,peer,27942541,27959101,16560
run_002,revocation,revocation_1772961172,revoke-irs3-1772961172,revoke-irs3-1772961172,,revocation_submit_done,revocation_voted,2026-03-08T09:12:54.456312Z,2026-03-08T09:12:56.772854336Z,/var/lib/docker/volumes,fabric_peer1.irs3.kit.edu,other,27941116,27957676,16560
run_002,revocation,revocation_1772961172,revoke-irs3-1772961172,revoke-irs3-1772961172,,revocation_submit_done,revocation_voted,2026-03-08T09:12:54.456312Z,2026-03-08T09:12:56.772854336Z,/var/lib/docker/volumes,fabric_peer2.irs3.kit.edu,other,27941113,27957673,16560
run_002,revocation,revocation_1772961172,revoke-irs3-1772961172,revoke-irs3-1772961172,,revocation_submit_done,revocation_voted,2026-03-08T09:12:54.456312Z,2026-03-08T09:12:56.772854336Z,/var/lib/docker/volumes,fabric_peer3.irs3.kit.edu,other,27942538,27959098,16560
run_002,revocation,revocation_1772961172,revoke-irs3-1772961172,revoke-irs3-1772961172,,revocation_voted,revocation_executed,2026-03-08T09:12:56.772854336Z,2026-03-08T09:12:59.217942944Z,/var/lib/docker/volumes,002a2c976d26a3f9c7eff06e2f9efe095908dd0ee21b2715cc202589b435aec2,other,NA,NA,
run_002,revocation,revocation_1772961172,revoke-irs3-1772961172,revoke-irs3-1772961172,,revocation_voted,revocation_executed,2026-03-08T09:12:56.772854336Z,2026-03-08T09:12:59.217942944Z,/var/lib/docker/volumes,35a02607c21ea95db05e7150f71e6e704f4d6479a4a76375ed8ec3cbfc5ec094,other,NA,NA,
run_002,revocation,revocation_1772961172,revoke-irs3-1772961172,revoke-irs3-1772961172,,revocation_voted,revocation_executed,2026-03-08T09:12:56.772854336Z,2026-03-08T09:12:59.217942944Z,/var/lib/docker/volumes,791e62bfc17bf044236c3dcb5d77ec82610b27aa4d5f3c78aff2e2842f98f9ee,other,NA,NA,
run_002,revocation,revocation_1772961172,revoke-irs3-1772961172,revoke-irs3-1772961172,,revocation_voted,revocation_executed,2026-03-08T09:12:56.772854336Z,2026-03-08T09:12:59.217942944Z,/var/lib/docker/volumes,91dbb4452b1c3709e842113c225d65a63eab07cdac1110f244a9dfbdddb57dbf,other,NA,NA,
run_002,revocation,revocation_1772961172,revoke-irs3-1772961172,revoke-irs3-1772961172,,revocation_voted,revocation_executed,2026-03-08T09:12:56.772854336Z,2026-03-08T09:12:59.217942944Z,/var/lib/docker/volumes,99ac8c723665556c954d288ca00335f1fae5493d384cb656ecf5a945cc9ae3b8,other,NA,NA,
run_002,revocation,revocation_1772961172,revoke-irs3-1772961172,revoke-irs3-1772961172,,revocation_voted,revocation_executed,2026-03-08T09:12:56.772854336Z,2026-03-08T09:12:59.217942944Z,/var/lib/docker/volumes,ab96d922f06ec7a94f1b5200e75e480c9ed7eba86fbbe33b5cb9edbe031c6ea8,other,49770,49770,0
run_002,revocation,revocation_1772961172,revoke-irs3-1772961172,revoke-irs3-1772961172,,revocation_voted,revocation_executed,2026-03-08T09:12:56.772854336Z,2026-03-08T09:12:59.217942944Z,/var/lib/docker/volumes,b8143ef8453ad18871b4b4e0ba6041764a2cda76bc6f516fa468de5fd6585e72,other,49770,49770,0
run_002,revocation,revocation_1772961172,revoke-irs3-1772961172,revoke-irs3-1772961172,,revocation_voted,revocation_executed,2026-03-08T09:12:56.772854336Z,2026-03-08T09:12:59.217942944Z,/var/lib/docker/volumes,ce313f18292c11d1170b9839e1af2e5976d1858048740f79d790d8aed673a5a4,other,NA,NA,
run_002,revocation,revocation_1772961172,revoke-irs3-1772961172,revoke-irs3-1772961172,,revocation_voted,revocation_executed,2026-03-08T09:12:56.772854336Z,2026-03-08T09:12:59.217942944Z,/var/lib/docker/volumes,d9b7785a06954372515977133a1213437b80c5db1517196ca5e26134d3413ccf,other,NA,NA,
run_002,revocation,revocation_1772961172,revoke-irs3-1772961172,revoke-irs3-1772961172,,revocation_voted,revocation_executed,2026-03-08T09:12:56.772854336Z,2026-03-08T09:12:59.217942944Z,/var/lib/docker/volumes,e0eec01c85bd157680e466dd14073f2a433b51342ff770c3a292c984a51f226b,other,NA,NA,
run_002,revocation,revocation_1772961172,revoke-irs3-1772961172,revoke-irs3-1772961172,,revocation_voted,revocation_executed,2026-03-08T09:12:56.772854336Z,2026-03-08T09:12:59.217942944Z,/var/lib/docker/volumes,fabric_orderer.kit.edu,orderer,129521072,129542128,21056
run_002,revocation,revocation_1772961172,revoke-irs3-1772961172,revoke-irs3-1772961172,,revocation_voted,revocation_executed,2026-03-08T09:12:56.772854336Z,2026-03-08T09:12:59.217942944Z,/var/lib/docker/volumes,fabric_peer0.irs1.kit.edu,other,5006,5006,0
run_002,revocation,revocation_1772961172,revoke-irs3-1772961172,revoke-irs3-1772961172,,revocation_voted,revocation_executed,2026-03-08T09:12:56.772854336Z,2026-03-08T09:12:59.217942944Z,/var/lib/docker/volumes,fabric_peer0.irs3.kit.edu,peer,27959101,27985816,26715
run_002,revocation,revocation_1772961172,revoke-irs3-1772961172,revoke-irs3-1772961172,,revocation_voted,revocation_executed,2026-03-08T09:12:56.772854336Z,2026-03-08T09:12:59.217942944Z,/var/lib/docker/volumes,fabric_peer1.irs3.kit.edu,other,27957676,27984391,26715
run_002,revocation,revocation_1772961172,revoke-irs3-1772961172,revoke-irs3-1772961172,,revocation_voted,revocation_executed,2026-03-08T09:12:56.772854336Z,2026-03-08T09:12:59.217942944Z,/var/lib/docker/volumes,fabric_peer2.irs3.kit.edu,other,27957673,27984388,26715
run_002,revocation,revocation_1772961172,revoke-irs3-1772961172,revoke-irs3-1772961172,,revocation_voted,revocation_executed,2026-03-08T09:12:56.772854336Z,2026-03-08T09:12:59.217942944Z,/var/lib/docker/volumes,fabric_peer3.irs3.kit.edu,other,27959098,27985813,26715
run_002,revocation,revocation_1772961172,revoke-irs3-1772961172,revoke-irs3-1772961172,,revocation_executed,operation_end,2026-03-08T09:12:59.217942944Z,2026-03-08T09:13:00.882181Z,/var/lib/docker/volumes,002a2c976d26a3f9c7eff06e2f9efe095908dd0ee21b2715cc202589b435aec2,other,NA,NA,
run_002,revocation,revocation_1772961172,revoke-irs3-1772961172,revoke-irs3-1772961172,,revocation_executed,operation_end,2026-03-08T09:12:59.217942944Z,2026-03-08T09:13:00.882181Z,/var/lib/docker/volumes,35a02607c21ea95db05e7150f71e6e704f4d6479a4a76375ed8ec3cbfc5ec094,other,NA,NA,
run_002,revocation,revocation_1772961172,revoke-irs3-1772961172,revoke-irs3-1772961172,,revocation_executed,operation_end,2026-03-08T09:12:59.217942944Z,2026-03-08T09:13:00.882181Z,/var/lib/docker/volumes,791e62bfc17bf044236c3dcb5d77ec82610b27aa4d5f3c78aff2e2842f98f9ee,other,NA,NA,
run_002,revocation,revocation_1772961172,revoke-irs3-1772961172,revoke-irs3-1772961172,,revocation_executed,operation_end,2026-03-08T09:12:59.217942944Z,2026-03-08T09:13:00.882181Z,/var/lib/docker/volumes,91dbb4452b1c3709e842113c225d65a63eab07cdac1110f244a9dfbdddb57dbf,other,NA,NA,
run_002,revocation,revocation_1772961172,revoke-irs3-1772961172,revoke-irs3-1772961172,,revocation_executed,operation_end,2026-03-08T09:12:59.217942944Z,2026-03-08T09:13:00.882181Z,/var/lib/docker/volumes,99ac8c723665556c954d288ca00335f1fae5493d384cb656ecf5a945cc9ae3b8,other,NA,NA,
run_002,revocation,revocation_1772961172,revoke-irs3-1772961172,revoke-irs3-1772961172,,revocation_executed,operation_end,2026-03-08T09:12:59.217942944Z,2026-03-08T09:13:00.882181Z,/var/lib/docker/volumes,ab96d922f06ec7a94f1b5200e75e480c9ed7eba86fbbe33b5cb9edbe031c6ea8,other,49770,49770,0
run_002,revocation,revocation_1772961172,revoke-irs3-1772961172,revoke-irs3-1772961172,,revocation_executed,operation_end,2026-03-08T09:12:59.217942944Z,2026-03-08T09:13:00.882181Z,/var/lib/docker/volumes,b8143ef8453ad18871b4b4e0ba6041764a2cda76bc6f516fa468de5fd6585e72,other,49770,49770,0
run_002,revocation,revocation_1772961172,revoke-irs3-1772961172,revoke-irs3-1772961172,,revocation_executed,operation_end,2026-03-08T09:12:59.217942944Z,2026-03-08T09:13:00.882181Z,/var/lib/docker/volumes,ce313f18292c11d1170b9839e1af2e5976d1858048740f79d790d8aed673a5a4,other,NA,NA,
run_002,revocation,revocation_1772961172,revoke-irs3-1772961172,revoke-irs3-1772961172,,revocation_executed,operation_end,2026-03-08T09:12:59.217942944Z,2026-03-08T09:13:00.882181Z,/var/lib/docker/volumes,d9b7785a06954372515977133a1213437b80c5db1517196ca5e26134d3413ccf,other,NA,NA,
run_002,revocation,revocation_1772961172,revoke-irs3-1772961172,revoke-irs3-1772961172,,revocation_executed,operation_end,2026-03-08T09:12:59.217942944Z,2026-03-08T09:13:00.882181Z,/var/lib/docker/volumes,e0eec01c85bd157680e466dd14073f2a433b51342ff770c3a292c984a51f226b,other,NA,NA,
run_002,revocation,revocation_1772961172,revoke-irs3-1772961172,revoke-irs3-1772961172,,revocation_executed,operation_end,2026-03-08T09:12:59.217942944Z,2026-03-08T09:13:00.882181Z,/var/lib/docker/volumes,fabric_orderer.kit.edu,orderer,129542128,129542128,0
run_002,revocation,revocation_1772961172,revoke-irs3-1772961172,revoke-irs3-1772961172,,revocation_executed,operation_end,2026-03-08T09:12:59.217942944Z,2026-03-08T09:13:00.882181Z,/var/lib/docker/volumes,fabric_peer0.irs1.kit.edu,other,5006,5006,0
run_002,revocation,revocation_1772961172,revoke-irs3-1772961172,revoke-irs3-1772961172,,revocation_executed,operation_end,2026-03-08T09:12:59.217942944Z,2026-03-08T09:13:00.882181Z,/var/lib/docker/volumes,fabric_peer0.irs3.kit.edu,peer,27985816,27985816,0
run_002,revocation,revocation_1772961172,revoke-irs3-1772961172,revoke-irs3-1772961172,,revocation_executed,operation_end,2026-03-08T09:12:59.217942944Z,2026-03-08T09:13:00.882181Z,/var/lib/docker/volumes,fabric_peer1.irs3.kit.edu,other,27984391,27984391,0
run_002,revocation,revocation_1772961172,revoke-irs3-1772961172,revoke-irs3-1772961172,,revocation_executed,operation_end,2026-03-08T09:12:59.217942944Z,2026-03-08T09:13:00.882181Z,/var/lib/docker/volumes,fabric_peer2.irs3.kit.edu,other,27984388,27984388,0
run_002,revocation,revocation_1772961172,revoke-irs3-1772961172,revoke-irs3-1772961172,,revocation_executed,operation_end,2026-03-08T09:12:59.217942944Z,2026-03-08T09:13:00.882181Z,/var/lib/docker/volumes,fabric_peer3.irs3.kit.edu,other,27985813,27985813,0
run_002,removal,removal_1772961199,remove-irs3-member1-1772961199,remove-irs3-member1-1772961199,6,operation_start,removal_submit_done,2026-03-08T09:13:19.202072Z,2026-03-08T09:13:21.556099Z,/var/lib/docker/volumes,002a2c976d26a3f9c7eff06e2f9efe095908dd0ee21b2715cc202589b435aec2,other,NA,NA,
run_002,removal,removal_1772961199,remove-irs3-member1-1772961199,remove-irs3-member1-1772961199,6,operation_start,removal_submit_done,2026-03-08T09:13:19.202072Z,2026-03-08T09:13:21.556099Z,/var/lib/docker/volumes,35a02607c21ea95db05e7150f71e6e704f4d6479a4a76375ed8ec3cbfc5ec094,other,NA,NA,
run_002,removal,removal_1772961199,remove-irs3-member1-1772961199,remove-irs3-member1-1772961199,6,operation_start,removal_submit_done,2026-03-08T09:13:19.202072Z,2026-03-08T09:13:21.556099Z,/var/lib/docker/volumes,791e62bfc17bf044236c3dcb5d77ec82610b27aa4d5f3c78aff2e2842f98f9ee,other,NA,NA,
run_002,removal,removal_1772961199,remove-irs3-member1-1772961199,remove-irs3-member1-1772961199,6,operation_start,removal_submit_done,2026-03-08T09:13:19.202072Z,2026-03-08T09:13:21.556099Z,/var/lib/docker/volumes,91dbb4452b1c3709e842113c225d65a63eab07cdac1110f244a9dfbdddb57dbf,other,NA,NA,
run_002,removal,removal_1772961199,remove-irs3-member1-1772961199,remove-irs3-member1-1772961199,6,operation_start,removal_submit_done,2026-03-08T09:13:19.202072Z,2026-03-08T09:13:21.556099Z,/var/lib/docker/volumes,99ac8c723665556c954d288ca00335f1fae5493d384cb656ecf5a945cc9ae3b8,other,NA,NA,
run_002,removal,removal_1772961199,remove-irs3-member1-1772961199,remove-irs3-member1-1772961199,6,operation_start,removal_submit_done,2026-03-08T09:13:19.202072Z,2026-03-08T09:13:21.556099Z,/var/lib/docker/volumes,ab96d922f06ec7a94f1b5200e75e480c9ed7eba86fbbe33b5cb9edbe031c6ea8,other,49770,49770,0
run_002,removal,removal_1772961199,remove-irs3-member1-1772961199,remove-irs3-member1-1772961199,6,operation_start,removal_submit_done,2026-03-08T09:13:19.202072Z,2026-03-08T09:13:21.556099Z,/var/lib/docker/volumes,b8143ef8453ad18871b4b4e0ba6041764a2cda76bc6f516fa468de5fd6585e72,other,49770,49770,0
run_002,removal,removal_1772961199,remove-irs3-member1-1772961199,remove-irs3-member1-1772961199,6,operation_start,removal_submit_done,2026-03-08T09:13:19.202072Z,2026-03-08T09:13:21.556099Z,/var/lib/docker/volumes,ce313f18292c11d1170b9839e1af2e5976d1858048740f79d790d8aed673a5a4,other,NA,NA,
run_002,removal,removal_1772961199,remove-irs3-member1-1772961199,remove-irs3-member1-1772961199,6,operation_start,removal_submit_done,2026-03-08T09:13:19.202072Z,2026-03-08T09:13:21.556099Z,/var/lib/docker/volumes,d9b7785a06954372515977133a1213437b80c5db1517196ca5e26134d3413ccf,other,NA,NA,
run_002,removal,removal_1772961199,remove-irs3-member1-1772961199,remove-irs3-member1-1772961199,6,operation_start,removal_submit_done,2026-03-08T09:13:19.202072Z,2026-03-08T09:13:21.556099Z,/var/lib/docker/volumes,e0eec01c85bd157680e466dd14073f2a433b51342ff770c3a292c984a51f226b,other,NA,NA,
run_002,removal,removal_1772961199,remove-irs3-member1-1772961199,remove-irs3-member1-1772961199,6,operation_start,removal_submit_done,2026-03-08T09:13:19.202072Z,2026-03-08T09:13:21.556099Z,/var/lib/docker/volumes,fabric_orderer.kit.edu,orderer,129542128,129549723,7595
run_002,removal,removal_1772961199,remove-irs3-member1-1772961199,remove-irs3-member1-1772961199,6,operation_start,removal_submit_done,2026-03-08T09:13:19.202072Z,2026-03-08T09:13:21.556099Z,/var/lib/docker/volumes,fabric_peer0.irs1.kit.edu,other,5006,5006,0
run_002,removal,removal_1772961199,remove-irs3-member1-1772961199,remove-irs3-member1-1772961199,6,operation_start,removal_submit_done,2026-03-08T09:13:19.202072Z,2026-03-08T09:13:21.556099Z,/var/lib/docker/volumes,fabric_peer0.irs3.kit.edu,peer,27985816,27994513,8697
run_002,removal,removal_1772961199,remove-irs3-member1-1772961199,remove-irs3-member1-1772961199,6,operation_start,removal_submit_done,2026-03-08T09:13:19.202072Z,2026-03-08T09:13:21.556099Z,/var/lib/docker/volumes,fabric_peer1.irs3.kit.edu,other,27984391,27993088,8697
run_002,removal,removal_1772961199,remove-irs3-member1-1772961199,remove-irs3-member1-1772961199,6,operation_start,removal_submit_done,2026-03-08T09:13:19.202072Z,2026-03-08T09:13:21.556099Z,/var/lib/docker/volumes,fabric_peer2.irs3.kit.edu,other,27984388,27993085,8697
run_002,removal,removal_1772961199,remove-irs3-member1-1772961199,remove-irs3-member1-1772961199,6,operation_start,removal_submit_done,2026-03-08T09:13:19.202072Z,2026-03-08T09:13:21.556099Z,/var/lib/docker/volumes,fabric_peer3.irs3.kit.edu,other,27985813,27994510,8697
run_002,removal,removal_1772961199,remove-irs3-member1-1772961199,remove-irs3-member1-1772961199,6,removal_submit_done,removal_voted,2026-03-08T09:13:21.556099Z,2026-03-08T09:13:24.542250942Z,/var/lib/docker/volumes,002a2c976d26a3f9c7eff06e2f9efe095908dd0ee21b2715cc202589b435aec2,other,NA,NA,
run_002,removal,removal_1772961199,remove-irs3-member1-1772961199,remove-irs3-member1-1772961199,6,removal_submit_done,removal_voted,2026-03-08T09:13:21.556099Z,2026-03-08T09:13:24.542250942Z,/var/lib/docker/volumes,35a02607c21ea95db05e7150f71e6e704f4d6479a4a76375ed8ec3cbfc5ec094,other,NA,NA,
run_002,removal,removal_1772961199,remove-irs3-member1-1772961199,remove-irs3-member1-1772961199,6,removal_submit_done,removal_voted,2026-03-08T09:13:21.556099Z,2026-03-08T09:13:24.542250942Z,/var/lib/docker/volumes,791e62bfc17bf044236c3dcb5d77ec82610b27aa4d5f3c78aff2e2842f98f9ee,other,NA,NA,
run_002,removal,removal_1772961199,remove-irs3-member1-1772961199,remove-irs3-member1-1772961199,6,removal_submit_done,removal_voted,2026-03-08T09:13:21.556099Z,2026-03-08T09:13:24.542250942Z,/var/lib/docker/volumes,91dbb4452b1c3709e842113c225d65a63eab07cdac1110f244a9dfbdddb57dbf,other,NA,NA,
run_002,removal,removal_1772961199,remove-irs3-member1-1772961199,remove-irs3-member1-1772961199,6,removal_submit_done,removal_voted,2026-03-08T09:13:21.556099Z,2026-03-08T09:13:24.542250942Z,/var/lib/docker/volumes,99ac8c723665556c954d288ca00335f1fae5493d384cb656ecf5a945cc9ae3b8,other,NA,NA,
run_002,removal,removal_1772961199,remove-irs3-member1-1772961199,remove-irs3-member1-1772961199,6,removal_submit_done,removal_voted,2026-03-08T09:13:21.556099Z,2026-03-08T09:13:24.542250942Z,/var/lib/docker/volumes,ab96d922f06ec7a94f1b5200e75e480c9ed7eba86fbbe33b5cb9edbe031c6ea8,other,49770,49770,0
run_002,removal,removal_1772961199,remove-irs3-member1-1772961199,remove-irs3-member1-1772961199,6,removal_submit_done,removal_voted,2026-03-08T09:13:21.556099Z,2026-03-08T09:13:24.542250942Z,/var/lib/docker/volumes,b8143ef8453ad18871b4b4e0ba6041764a2cda76bc6f516fa468de5fd6585e72,other,49770,49770,0
run_002,removal,removal_1772961199,remove-irs3-member1-1772961199,remove-irs3-member1-1772961199,6,removal_submit_done,removal_voted,2026-03-08T09:13:21.556099Z,2026-03-08T09:13:24.542250942Z,/var/lib/docker/volumes,ce313f18292c11d1170b9839e1af2e5976d1858048740f79d790d8aed673a5a4,other,NA,NA,
run_002,removal,removal_1772961199,remove-irs3-member1-1772961199,remove-irs3-member1-1772961199,6,removal_submit_done,removal_voted,2026-03-08T09:13:21.556099Z,2026-03-08T09:13:24.542250942Z,/var/lib/docker/volumes,d9b7785a06954372515977133a1213437b80c5db1517196ca5e26134d3413ccf,other,NA,NA,
run_002,removal,removal_1772961199,remove-irs3-member1-1772961199,remove-irs3-member1-1772961199,6,removal_submit_done,removal_voted,2026-03-08T09:13:21.556099Z,2026-03-08T09:13:24.542250942Z,/var/lib/docker/volumes,e0eec01c85bd157680e466dd14073f2a433b51342ff770c3a292c984a51f226b,other,NA,NA,
run_002,removal,removal_1772961199,remove-irs3-member1-1772961199,remove-irs3-member1-1772961199,6,removal_submit_done,removal_voted,2026-03-08T09:13:21.556099Z,2026-03-08T09:13:24.542250942Z,/var/lib/docker/volumes,fabric_orderer.kit.edu,orderer,129549723,129557714,7991
run_002,removal,removal_1772961199,remove-irs3-member1-1772961199,remove-irs3-member1-1772961199,6,removal_submit_done,removal_voted,2026-03-08T09:13:21.556099Z,2026-03-08T09:13:24.542250942Z,/var/lib/docker/volumes,fabric_peer0.irs1.kit.edu,other,5006,5006,0
run_002,removal,removal_1772961199,remove-irs3-member1-1772961199,remove-irs3-member1-1772961199,6,removal_submit_done,removal_voted,2026-03-08T09:13:21.556099Z,2026-03-08T09:13:24.542250942Z,/var/lib/docker/volumes,fabric_peer0.irs3.kit.edu,peer,27994513,28004591,10078
run_002,removal,removal_1772961199,remove-irs3-member1-1772961199,remove-irs3-member1-1772961199,6,removal_submit_done,removal_voted,2026-03-08T09:13:21.556099Z,2026-03-08T09:13:24.542250942Z,/var/lib/docker/volumes,fabric_peer1.irs3.kit.edu,other,27993088,28003166,10078
run_002,removal,removal_1772961199,remove-irs3-member1-1772961199,remove-irs3-member1-1772961199,6,removal_submit_done,removal_voted,2026-03-08T09:13:21.556099Z,2026-03-08T09:13:24.542250942Z,/var/lib/docker/volumes,fabric_peer2.irs3.kit.edu,other,27993085,28003163,10078
run_002,removal,removal_1772961199,remove-irs3-member1-1772961199,remove-irs3-member1-1772961199,6,removal_submit_done,removal_voted,2026-03-08T09:13:21.556099Z,2026-03-08T09:13:24.542250942Z,/var/lib/docker/volumes,fabric_peer3.irs3.kit.edu,other,27994510,28004588,10078
run_002,removal,removal_1772961199,remove-irs3-member1-1772961199,remove-irs3-member1-1772961199,6,removal_voted,removal_approved,2026-03-08T09:13:24.542250942Z,2026-03-08T09:13:26.600173087Z,/var/lib/docker/volumes,002a2c976d26a3f9c7eff06e2f9efe095908dd0ee21b2715cc202589b435aec2,other,NA,NA,
run_002,removal,removal_1772961199,remove-irs3-member1-1772961199,remove-irs3-member1-1772961199,6,removal_voted,removal_approved,2026-03-08T09:13:24.542250942Z,2026-03-08T09:13:26.600173087Z,/var/lib/docker/volumes,35a02607c21ea95db05e7150f71e6e704f4d6479a4a76375ed8ec3cbfc5ec094,other,NA,NA,
run_002,removal,removal_1772961199,remove-irs3-member1-1772961199,remove-irs3-member1-1772961199,6,removal_voted,removal_approved,2026-03-08T09:13:24.542250942Z,2026-03-08T09:13:26.600173087Z,/var/lib/docker/volumes,791e62bfc17bf044236c3dcb5d77ec82610b27aa4d5f3c78aff2e2842f98f9ee,other,NA,NA,
run_002,removal,removal_1772961199,remove-irs3-member1-1772961199,remove-irs3-member1-1772961199,6,removal_voted,removal_approved,2026-03-08T09:13:24.542250942Z,2026-03-08T09:13:26.600173087Z,/var/lib/docker/volumes,91dbb4452b1c3709e842113c225d65a63eab07cdac1110f244a9dfbdddb57dbf,other,NA,NA,
run_002,removal,removal_1772961199,remove-irs3-member1-1772961199,remove-irs3-member1-1772961199,6,removal_voted,removal_approved,2026-03-08T09:13:24.542250942Z,2026-03-08T09:13:26.600173087Z,/var/lib/docker/volumes,99ac8c723665556c954d288ca00335f1fae5493d384cb656ecf5a945cc9ae3b8,other,NA,NA,
run_002,removal,removal_1772961199,remove-irs3-member1-1772961199,remove-irs3-member1-1772961199,6,removal_voted,removal_approved,2026-03-08T09:13:24.542250942Z,2026-03-08T09:13:26.600173087Z,/var/lib/docker/volumes,ab96d922f06ec7a94f1b5200e75e480c9ed7eba86fbbe33b5cb9edbe031c6ea8,other,49770,49770,0
run_002,removal,removal_1772961199,remove-irs3-member1-1772961199,remove-irs3-member1-1772961199,6,removal_voted,removal_approved,2026-03-08T09:13:24.542250942Z,2026-03-08T09:13:26.600173087Z,/var/lib/docker/volumes,b8143ef8453ad18871b4b4e0ba6041764a2cda76bc6f516fa468de5fd6585e72,other,49770,49770,0
run_002,removal,removal_1772961199,remove-irs3-member1-1772961199,remove-irs3-member1-1772961199,6,removal_voted,removal_approved,2026-03-08T09:13:24.542250942Z,2026-03-08T09:13:26.600173087Z,/var/lib/docker/volumes,ce313f18292c11d1170b9839e1af2e5976d1858048740f79d790d8aed673a5a4,other,NA,NA,
run_002,removal,removal_1772961199,remove-irs3-member1-1772961199,remove-irs3-member1-1772961199,6,removal_voted,removal_approved,2026-03-08T09:13:24.542250942Z,2026-03-08T09:13:26.600173087Z,/var/lib/docker/volumes,d9b7785a06954372515977133a1213437b80c5db1517196ca5e26134d3413ccf,other,NA,NA,
run_002,removal,removal_1772961199,remove-irs3-member1-1772961199,remove-irs3-member1-1772961199,6,removal_voted,removal_approved,2026-03-08T09:13:24.542250942Z,2026-03-08T09:13:26.600173087Z,/var/lib/docker/volumes,e0eec01c85bd157680e466dd14073f2a433b51342ff770c3a292c984a51f226b,other,NA,NA,
run_002,removal,removal_1772961199,remove-irs3-member1-1772961199,remove-irs3-member1-1772961199,6,removal_voted,removal_approved,2026-03-08T09:13:24.542250942Z,2026-03-08T09:13:26.600173087Z,/var/lib/docker/volumes,fabric_orderer.kit.edu,orderer,129557714,129574670,16956
run_002,removal,removal_1772961199,remove-irs3-member1-1772961199,remove-irs3-member1-1772961199,6,removal_voted,removal_approved,2026-03-08T09:13:24.542250942Z,2026-03-08T09:13:26.600173087Z,/var/lib/docker/volumes,fabric_peer0.irs1.kit.edu,other,5006,5006,0
run_002,removal,removal_1772961199,remove-irs3-member1-1772961199,remove-irs3-member1-1772961199,6,removal_voted,removal_approved,2026-03-08T09:13:24.542250942Z,2026-03-08T09:13:26.600173087Z,/var/lib/docker/volumes,fabric_peer0.irs3.kit.edu,peer,28004591,28026143,21552
run_002,removal,removal_1772961199,remove-irs3-member1-1772961199,remove-irs3-member1-1772961199,6,removal_voted,removal_approved,2026-03-08T09:13:24.542250942Z,2026-03-08T09:13:26.600173087Z,/var/lib/docker/volumes,fabric_peer1.irs3.kit.edu,other,28003166,28024718,21552
run_002,removal,removal_1772961199,remove-irs3-member1-1772961199,remove-irs3-member1-1772961199,6,removal_voted,removal_approved,2026-03-08T09:13:24.542250942Z,2026-03-08T09:13:26.600173087Z,/var/lib/docker/volumes,fabric_peer2.irs3.kit.edu,other,28003163,28024715,21552
run_002,removal,removal_1772961199,remove-irs3-member1-1772961199,remove-irs3-member1-1772961199,6,removal_voted,removal_approved,2026-03-08T09:13:24.542250942Z,2026-03-08T09:13:26.600173087Z,/var/lib/docker/volumes,fabric_peer3.irs3.kit.edu,other,28004588,28026140,21552
run_002,removal,removal_1772961199,remove-irs3-member1-1772961199,remove-irs3-member1-1772961199,6,removal_approved,reshare_started,2026-03-08T09:13:26.600173087Z,2026-03-08T09:13:27.956128Z,/var/lib/docker/volumes,002a2c976d26a3f9c7eff06e2f9efe095908dd0ee21b2715cc202589b435aec2,other,NA,NA,
run_002,removal,removal_1772961199,remove-irs3-member1-1772961199,remove-irs3-member1-1772961199,6,removal_approved,reshare_started,2026-03-08T09:13:26.600173087Z,2026-03-08T09:13:27.956128Z,/var/lib/docker/volumes,35a02607c21ea95db05e7150f71e6e704f4d6479a4a76375ed8ec3cbfc5ec094,other,NA,NA,
run_002,removal,removal_1772961199,remove-irs3-member1-1772961199,remove-irs3-member1-1772961199,6,removal_approved,reshare_started,2026-03-08T09:13:26.600173087Z,2026-03-08T09:13:27.956128Z,/var/lib/docker/volumes,791e62bfc17bf044236c3dcb5d77ec82610b27aa4d5f3c78aff2e2842f98f9ee,other,NA,NA,
run_002,removal,removal_1772961199,remove-irs3-member1-1772961199,remove-irs3-member1-1772961199,6,removal_approved,reshare_started,2026-03-08T09:13:26.600173087Z,2026-03-08T09:13:27.956128Z,/var/lib/docker/volumes,91dbb4452b1c3709e842113c225d65a63eab07cdac1110f244a9dfbdddb57dbf,other,NA,NA,
run_002,removal,removal_1772961199,remove-irs3-member1-1772961199,remove-irs3-member1-1772961199,6,removal_approved,reshare_started,2026-03-08T09:13:26.600173087Z,2026-03-08T09:13:27.956128Z,/var/lib/docker/volumes,99ac8c723665556c954d288ca00335f1fae5493d384cb656ecf5a945cc9ae3b8,other,NA,NA,
run_002,removal,removal_1772961199,remove-irs3-member1-1772961199,remove-irs3-member1-1772961199,6,removal_approved,reshare_started,2026-03-08T09:13:26.600173087Z,2026-03-08T09:13:27.956128Z,/var/lib/docker/volumes,ab96d922f06ec7a94f1b5200e75e480c9ed7eba86fbbe33b5cb9edbe031c6ea8,other,49770,49770,0
run_002,removal,removal_1772961199,remove-irs3-member1-1772961199,remove-irs3-member1-1772961199,6,removal_approved,reshare_started,2026-03-08T09:13:26.600173087Z,2026-03-08T09:13:27.956128Z,/var/lib/docker/volumes,b8143ef8453ad18871b4b4e0ba6041764a2cda76bc6f516fa468de5fd6585e72,other,49770,49770,0
run_002,removal,removal_1772961199,remove-irs3-member1-1772961199,remove-irs3-member1-1772961199,6,removal_approved,reshare_started,2026-03-08T09:13:26.600173087Z,2026-03-08T09:13:27.956128Z,/var/lib/docker/volumes,ce313f18292c11d1170b9839e1af2e5976d1858048740f79d790d8aed673a5a4,other,NA,NA,
run_002,removal,removal_1772961199,remove-irs3-member1-1772961199,remove-irs3-member1-1772961199,6,removal_approved,reshare_started,2026-03-08T09:13:26.600173087Z,2026-03-08T09:13:27.956128Z,/var/lib/docker/volumes,d9b7785a06954372515977133a1213437b80c5db1517196ca5e26134d3413ccf,other,NA,NA,
run_002,removal,removal_1772961199,remove-irs3-member1-1772961199,remove-irs3-member1-1772961199,6,removal_approved,reshare_started,2026-03-08T09:13:26.600173087Z,2026-03-08T09:13:27.956128Z,/var/lib/docker/volumes,e0eec01c85bd157680e466dd14073f2a433b51342ff770c3a292c984a51f226b,other,NA,NA,
run_002,removal,removal_1772961199,remove-irs3-member1-1772961199,remove-irs3-member1-1772961199,6,removal_approved,reshare_started,2026-03-08T09:13:26.600173087Z,2026-03-08T09:13:27.956128Z,/var/lib/docker/volumes,fabric_orderer.kit.edu,orderer,129574670,129574670,0
run_002,removal,removal_1772961199,remove-irs3-member1-1772961199,remove-irs3-member1-1772961199,6,removal_approved,reshare_started,2026-03-08T09:13:26.600173087Z,2026-03-08T09:13:27.956128Z,/var/lib/docker/volumes,fabric_peer0.irs1.kit.edu,other,5006,5006,0
run_002,removal,removal_1772961199,remove-irs3-member1-1772961199,remove-irs3-member1-1772961199,6,removal_approved,reshare_started,2026-03-08T09:13:26.600173087Z,2026-03-08T09:13:27.956128Z,/var/lib/docker/volumes,fabric_peer0.irs3.kit.edu,peer,28026143,28026143,0
run_002,removal,removal_1772961199,remove-irs3-member1-1772961199,remove-irs3-member1-1772961199,6,removal_approved,reshare_started,2026-03-08T09:13:26.600173087Z,2026-03-08T09:13:27.956128Z,/var/lib/docker/volumes,fabric_peer1.irs3.kit.edu,other,28024718,28024718,0
run_002,removal,removal_1772961199,remove-irs3-member1-1772961199,remove-irs3-member1-1772961199,6,removal_approved,reshare_started,2026-03-08T09:13:26.600173087Z,2026-03-08T09:13:27.956128Z,/var/lib/docker/volumes,fabric_peer2.irs3.kit.edu,other,28024715,28024715,0
run_002,removal,removal_1772961199,remove-irs3-member1-1772961199,remove-irs3-member1-1772961199,6,removal_approved,reshare_started,2026-03-08T09:13:26.600173087Z,2026-03-08T09:13:27.956128Z,/var/lib/docker/volumes,fabric_peer3.irs3.kit.edu,other,28026140,28026140,0
run_002,removal,removal_1772961199,remove-irs3-member1-1772961199,remove-irs3-member1-1772961199,6,reshare_started,reshare_completed,2026-03-08T09:13:27.956128Z,2026-03-08T09:13:50.00491179Z,/var/lib/docker/volumes,002a2c976d26a3f9c7eff06e2f9efe095908dd0ee21b2715cc202589b435aec2,other,NA,NA,
run_002,removal,removal_1772961199,remove-irs3-member1-1772961199,remove-irs3-member1-1772961199,6,reshare_started,reshare_completed,2026-03-08T09:13:27.956128Z,2026-03-08T09:13:50.00491179Z,/var/lib/docker/volumes,35a02607c21ea95db05e7150f71e6e704f4d6479a4a76375ed8ec3cbfc5ec094,other,NA,NA,
run_002,removal,removal_1772961199,remove-irs3-member1-1772961199,remove-irs3-member1-1772961199,6,reshare_started,reshare_completed,2026-03-08T09:13:27.956128Z,2026-03-08T09:13:50.00491179Z,/var/lib/docker/volumes,791e62bfc17bf044236c3dcb5d77ec82610b27aa4d5f3c78aff2e2842f98f9ee,other,NA,NA,
run_002,removal,removal_1772961199,remove-irs3-member1-1772961199,remove-irs3-member1-1772961199,6,reshare_started,reshare_completed,2026-03-08T09:13:27.956128Z,2026-03-08T09:13:50.00491179Z,/var/lib/docker/volumes,91dbb4452b1c3709e842113c225d65a63eab07cdac1110f244a9dfbdddb57dbf,other,NA,NA,
run_002,removal,removal_1772961199,remove-irs3-member1-1772961199,remove-irs3-member1-1772961199,6,reshare_started,reshare_completed,2026-03-08T09:13:27.956128Z,2026-03-08T09:13:50.00491179Z,/var/lib/docker/volumes,99ac8c723665556c954d288ca00335f1fae5493d384cb656ecf5a945cc9ae3b8,other,NA,NA,
run_002,removal,removal_1772961199,remove-irs3-member1-1772961199,remove-irs3-member1-1772961199,6,reshare_started,reshare_completed,2026-03-08T09:13:27.956128Z,2026-03-08T09:13:50.00491179Z,/var/lib/docker/volumes,ab96d922f06ec7a94f1b5200e75e480c9ed7eba86fbbe33b5cb9edbe031c6ea8,other,49770,49770,0
run_002,removal,removal_1772961199,remove-irs3-member1-1772961199,remove-irs3-member1-1772961199,6,reshare_started,reshare_completed,2026-03-08T09:13:27.956128Z,2026-03-08T09:13:50.00491179Z,/var/lib/docker/volumes,b8143ef8453ad18871b4b4e0ba6041764a2cda76bc6f516fa468de5fd6585e72,other,49770,49770,0
run_002,removal,removal_1772961199,remove-irs3-member1-1772961199,remove-irs3-member1-1772961199,6,reshare_started,reshare_completed,2026-03-08T09:13:27.956128Z,2026-03-08T09:13:50.00491179Z,/var/lib/docker/volumes,ce313f18292c11d1170b9839e1af2e5976d1858048740f79d790d8aed673a5a4,other,NA,NA,
run_002,removal,removal_1772961199,remove-irs3-member1-1772961199,remove-irs3-member1-1772961199,6,reshare_started,reshare_completed,2026-03-08T09:13:27.956128Z,2026-03-08T09:13:50.00491179Z,/var/lib/docker/volumes,d9b7785a06954372515977133a1213437b80c5db1517196ca5e26134d3413ccf,other,NA,NA,
run_002,removal,removal_1772961199,remove-irs3-member1-1772961199,remove-irs3-member1-1772961199,6,reshare_started,reshare_completed,2026-03-08T09:13:27.956128Z,2026-03-08T09:13:50.00491179Z,/var/lib/docker/volumes,e0eec01c85bd157680e466dd14073f2a433b51342ff770c3a292c984a51f226b,other,NA,NA,
run_002,removal,removal_1772961199,remove-irs3-member1-1772961199,remove-irs3-member1-1772961199,6,reshare_started,reshare_completed,2026-03-08T09:13:27.956128Z,2026-03-08T09:13:50.00491179Z,/var/lib/docker/volumes,fabric_orderer.kit.edu,orderer,129574670,129626165,51495
run_002,removal,removal_1772961199,remove-irs3-member1-1772961199,remove-irs3-member1-1772961199,6,reshare_started,reshare_completed,2026-03-08T09:13:27.956128Z,2026-03-08T09:13:50.00491179Z,/var/lib/docker/volumes,fabric_peer0.irs1.kit.edu,other,5006,5006,0
run_002,removal,removal_1772961199,remove-irs3-member1-1772961199,remove-irs3-member1-1772961199,6,reshare_started,reshare_completed,2026-03-08T09:13:27.956128Z,2026-03-08T09:13:50.00491179Z,/var/lib/docker/volumes,fabric_peer0.irs3.kit.edu,peer,28026143,28087421,61278
run_002,removal,removal_1772961199,remove-irs3-member1-1772961199,remove-irs3-member1-1772961199,6,reshare_started,reshare_completed,2026-03-08T09:13:27.956128Z,2026-03-08T09:13:50.00491179Z,/var/lib/docker/volumes,fabric_peer1.irs3.kit.edu,other,28024718,28085996,61278
run_002,removal,removal_1772961199,remove-irs3-member1-1772961199,remove-irs3-member1-1772961199,6,reshare_started,reshare_completed,2026-03-08T09:13:27.956128Z,2026-03-08T09:13:50.00491179Z,/var/lib/docker/volumes,fabric_peer2.irs3.kit.edu,other,28024715,28085993,61278
run_002,removal,removal_1772961199,remove-irs3-member1-1772961199,remove-irs3-member1-1772961199,6,reshare_started,reshare_completed,2026-03-08T09:13:27.956128Z,2026-03-08T09:13:50.00491179Z,/var/lib/docker/volumes,fabric_peer3.irs3.kit.edu,other,28026140,28087418,61278
run_002,removal,removal_1772961199,remove-irs3-member1-1772961199,remove-irs3-member1-1772961199,6,reshare_completed,operation_end,2026-03-08T09:13:50.00491179Z,2026-03-08T09:13:50.366971Z,/var/lib/docker/volumes,002a2c976d26a3f9c7eff06e2f9efe095908dd0ee21b2715cc202589b435aec2,other,NA,NA,
run_002,removal,removal_1772961199,remove-irs3-member1-1772961199,remove-irs3-member1-1772961199,6,reshare_completed,operation_end,2026-03-08T09:13:50.00491179Z,2026-03-08T09:13:50.366971Z,/var/lib/docker/volumes,35a02607c21ea95db05e7150f71e6e704f4d6479a4a76375ed8ec3cbfc5ec094,other,NA,NA,
run_002,removal,removal_1772961199,remove-irs3-member1-1772961199,remove-irs3-member1-1772961199,6,reshare_completed,operation_end,2026-03-08T09:13:50.00491179Z,2026-03-08T09:13:50.366971Z,/var/lib/docker/volumes,791e62bfc17bf044236c3dcb5d77ec82610b27aa4d5f3c78aff2e2842f98f9ee,other,NA,NA,
run_002,removal,removal_1772961199,remove-irs3-member1-1772961199,remove-irs3-member1-1772961199,6,reshare_completed,operation_end,2026-03-08T09:13:50.00491179Z,2026-03-08T09:13:50.366971Z,/var/lib/docker/volumes,91dbb4452b1c3709e842113c225d65a63eab07cdac1110f244a9dfbdddb57dbf,other,NA,NA,
run_002,removal,removal_1772961199,remove-irs3-member1-1772961199,remove-irs3-member1-1772961199,6,reshare_completed,operation_end,2026-03-08T09:13:50.00491179Z,2026-03-08T09:13:50.366971Z,/var/lib/docker/volumes,99ac8c723665556c954d288ca00335f1fae5493d384cb656ecf5a945cc9ae3b8,other,NA,NA,
run_002,removal,removal_1772961199,remove-irs3-member1-1772961199,remove-irs3-member1-1772961199,6,reshare_completed,operation_end,2026-03-08T09:13:50.00491179Z,2026-03-08T09:13:50.366971Z,/var/lib/docker/volumes,ab96d922f06ec7a94f1b5200e75e480c9ed7eba86fbbe33b5cb9edbe031c6ea8,other,49770,49770,0
run_002,removal,removal_1772961199,remove-irs3-member1-1772961199,remove-irs3-member1-1772961199,6,reshare_completed,operation_end,2026-03-08T09:13:50.00491179Z,2026-03-08T09:13:50.366971Z,/var/lib/docker/volumes,b8143ef8453ad18871b4b4e0ba6041764a2cda76bc6f516fa468de5fd6585e72,other,49770,49770,0
run_002,removal,removal_1772961199,remove-irs3-member1-1772961199,remove-irs3-member1-1772961199,6,reshare_completed,operation_end,2026-03-08T09:13:50.00491179Z,2026-03-08T09:13:50.366971Z,/var/lib/docker/volumes,ce313f18292c11d1170b9839e1af2e5976d1858048740f79d790d8aed673a5a4,other,NA,NA,
run_002,removal,removal_1772961199,remove-irs3-member1-1772961199,remove-irs3-member1-1772961199,6,reshare_completed,operation_end,2026-03-08T09:13:50.00491179Z,2026-03-08T09:13:50.366971Z,/var/lib/docker/volumes,d9b7785a06954372515977133a1213437b80c5db1517196ca5e26134d3413ccf,other,NA,NA,
run_002,removal,removal_1772961199,remove-irs3-member1-1772961199,remove-irs3-member1-1772961199,6,reshare_completed,operation_end,2026-03-08T09:13:50.00491179Z,2026-03-08T09:13:50.366971Z,/var/lib/docker/volumes,e0eec01c85bd157680e466dd14073f2a433b51342ff770c3a292c984a51f226b,other,NA,NA,
run_002,removal,removal_1772961199,remove-irs3-member1-1772961199,remove-irs3-member1-1772961199,6,reshare_completed,operation_end,2026-03-08T09:13:50.00491179Z,2026-03-08T09:13:50.366971Z,/var/lib/docker/volumes,fabric_orderer.kit.edu,orderer,129626165,129626165,0
run_002,removal,removal_1772961199,remove-irs3-member1-1772961199,remove-irs3-member1-1772961199,6,reshare_completed,operation_end,2026-03-08T09:13:50.00491179Z,2026-03-08T09:13:50.366971Z,/var/lib/docker/volumes,fabric_peer0.irs1.kit.edu,other,5006,5006,0
run_002,removal,removal_1772961199,remove-irs3-member1-1772961199,remove-irs3-member1-1772961199,6,reshare_completed,operation_end,2026-03-08T09:13:50.00491179Z,2026-03-08T09:13:50.366971Z,/var/lib/docker/volumes,fabric_peer0.irs3.kit.edu,peer,28087421,28087421,0
run_002,removal,removal_1772961199,remove-irs3-member1-1772961199,remove-irs3-member1-1772961199,6,reshare_completed,operation_end,2026-03-08T09:13:50.00491179Z,2026-03-08T09:13:50.366971Z,/var/lib/docker/volumes,fabric_peer1.irs3.kit.edu,other,28085996,28085996,0
run_002,removal,removal_1772961199,remove-irs3-member1-1772961199,remove-irs3-member1-1772961199,6,reshare_completed,operation_end,2026-03-08T09:13:50.00491179Z,2026-03-08T09:13:50.366971Z,/var/lib/docker/volumes,fabric_peer2.irs3.kit.edu,other,28085993,28085993,0
run_002,removal,removal_1772961199,remove-irs3-member1-1772961199,remove-irs3-member1-1772961199,6,reshare_completed,operation_end,2026-03-08T09:13:50.00491179Z,2026-03-08T09:13:50.366971Z,/var/lib/docker/volumes,fabric_peer3.irs3.kit.edu,other,28087418,28087418,0
run_002,join,join_1772961248,join-irs3-1772961248,join-irs3-1772961248,7,operation_start,join_submit_done,2026-03-08T09:14:08.604681Z,2026-03-08T09:14:10.954578Z,/var/lib/docker/volumes,002a2c976d26a3f9c7eff06e2f9efe095908dd0ee21b2715cc202589b435aec2,other,NA,NA,
run_002,join,join_1772961248,join-irs3-1772961248,join-irs3-1772961248,7,operation_start,join_submit_done,2026-03-08T09:14:08.604681Z,2026-03-08T09:14:10.954578Z,/var/lib/docker/volumes,35a02607c21ea95db05e7150f71e6e704f4d6479a4a76375ed8ec3cbfc5ec094,other,NA,NA,
run_002,join,join_1772961248,join-irs3-1772961248,join-irs3-1772961248,7,operation_start,join_submit_done,2026-03-08T09:14:08.604681Z,2026-03-08T09:14:10.954578Z,/var/lib/docker/volumes,791e62bfc17bf044236c3dcb5d77ec82610b27aa4d5f3c78aff2e2842f98f9ee,other,NA,NA,
run_002,join,join_1772961248,join-irs3-1772961248,join-irs3-1772961248,7,operation_start,join_submit_done,2026-03-08T09:14:08.604681Z,2026-03-08T09:14:10.954578Z,/var/lib/docker/volumes,91dbb4452b1c3709e842113c225d65a63eab07cdac1110f244a9dfbdddb57dbf,other,NA,NA,
run_002,join,join_1772961248,join-irs3-1772961248,join-irs3-1772961248,7,operation_start,join_submit_done,2026-03-08T09:14:08.604681Z,2026-03-08T09:14:10.954578Z,/var/lib/docker/volumes,99ac8c723665556c954d288ca00335f1fae5493d384cb656ecf5a945cc9ae3b8,other,NA,NA,
run_002,join,join_1772961248,join-irs3-1772961248,join-irs3-1772961248,7,operation_start,join_submit_done,2026-03-08T09:14:08.604681Z,2026-03-08T09:14:10.954578Z,/var/lib/docker/volumes,ab96d922f06ec7a94f1b5200e75e480c9ed7eba86fbbe33b5cb9edbe031c6ea8,other,49770,49770,0
run_002,join,join_1772961248,join-irs3-1772961248,join-irs3-1772961248,7,operation_start,join_submit_done,2026-03-08T09:14:08.604681Z,2026-03-08T09:14:10.954578Z,/var/lib/docker/volumes,b8143ef8453ad18871b4b4e0ba6041764a2cda76bc6f516fa468de5fd6585e72,other,49770,49770,0
run_002,join,join_1772961248,join-irs3-1772961248,join-irs3-1772961248,7,operation_start,join_submit_done,2026-03-08T09:14:08.604681Z,2026-03-08T09:14:10.954578Z,/var/lib/docker/volumes,ce313f18292c11d1170b9839e1af2e5976d1858048740f79d790d8aed673a5a4,other,NA,NA,
run_002,join,join_1772961248,join-irs3-1772961248,join-irs3-1772961248,7,operation_start,join_submit_done,2026-03-08T09:14:08.604681Z,2026-03-08T09:14:10.954578Z,/var/lib/docker/volumes,d9b7785a06954372515977133a1213437b80c5db1517196ca5e26134d3413ccf,other,NA,NA,
run_002,join,join_1772961248,join-irs3-1772961248,join-irs3-1772961248,7,operation_start,join_submit_done,2026-03-08T09:14:08.604681Z,2026-03-08T09:14:10.954578Z,/var/lib/docker/volumes,e0eec01c85bd157680e466dd14073f2a433b51342ff770c3a292c984a51f226b,other,NA,NA,
run_002,join,join_1772961248,join-irs3-1772961248,join-irs3-1772961248,7,operation_start,join_submit_done,2026-03-08T09:14:08.604681Z,2026-03-08T09:14:10.954578Z,/var/lib/docker/volumes,fabric_orderer.kit.edu,orderer,129626165,129634191,8026
run_002,join,join_1772961248,join-irs3-1772961248,join-irs3-1772961248,7,operation_start,join_submit_done,2026-03-08T09:14:08.604681Z,2026-03-08T09:14:10.954578Z,/var/lib/docker/volumes,fabric_peer0.irs1.kit.edu,other,5006,5006,0
run_002,join,join_1772961248,join-irs3-1772961248,join-irs3-1772961248,7,operation_start,join_submit_done,2026-03-08T09:14:08.604681Z,2026-03-08T09:14:10.954578Z,/var/lib/docker/volumes,fabric_peer0.irs3.kit.edu,peer,28087421,28097332,9911
run_002,join,join_1772961248,join-irs3-1772961248,join-irs3-1772961248,7,operation_start,join_submit_done,2026-03-08T09:14:08.604681Z,2026-03-08T09:14:10.954578Z,/var/lib/docker/volumes,fabric_peer1.irs3.kit.edu,other,28085996,28095907,9911
run_002,join,join_1772961248,join-irs3-1772961248,join-irs3-1772961248,7,operation_start,join_submit_done,2026-03-08T09:14:08.604681Z,2026-03-08T09:14:10.954578Z,/var/lib/docker/volumes,fabric_peer2.irs3.kit.edu,other,28085993,28095904,9911
run_002,join,join_1772961248,join-irs3-1772961248,join-irs3-1772961248,7,operation_start,join_submit_done,2026-03-08T09:14:08.604681Z,2026-03-08T09:14:10.954578Z,/var/lib/docker/volumes,fabric_peer3.irs3.kit.edu,other,28087418,28097329,9911
run_002,join,join_1772961248,join-irs3-1772961248,join-irs3-1772961248,7,join_submit_done,join_voted,2026-03-08T09:14:10.954578Z,2026-03-08T09:14:14.536405285Z,/var/lib/docker/volumes,002a2c976d26a3f9c7eff06e2f9efe095908dd0ee21b2715cc202589b435aec2,other,NA,NA,
run_002,join,join_1772961248,join-irs3-1772961248,join-irs3-1772961248,7,join_submit_done,join_voted,2026-03-08T09:14:10.954578Z,2026-03-08T09:14:14.536405285Z,/var/lib/docker/volumes,35a02607c21ea95db05e7150f71e6e704f4d6479a4a76375ed8ec3cbfc5ec094,other,NA,NA,
run_002,join,join_1772961248,join-irs3-1772961248,join-irs3-1772961248,7,join_submit_done,join_voted,2026-03-08T09:14:10.954578Z,2026-03-08T09:14:14.536405285Z,/var/lib/docker/volumes,791e62bfc17bf044236c3dcb5d77ec82610b27aa4d5f3c78aff2e2842f98f9ee,other,NA,NA,
run_002,join,join_1772961248,join-irs3-1772961248,join-irs3-1772961248,7,join_submit_done,join_voted,2026-03-08T09:14:10.954578Z,2026-03-08T09:14:14.536405285Z,/var/lib/docker/volumes,91dbb4452b1c3709e842113c225d65a63eab07cdac1110f244a9dfbdddb57dbf,other,NA,NA,
run_002,join,join_1772961248,join-irs3-1772961248,join-irs3-1772961248,7,join_submit_done,join_voted,2026-03-08T09:14:10.954578Z,2026-03-08T09:14:14.536405285Z,/var/lib/docker/volumes,99ac8c723665556c954d288ca00335f1fae5493d384cb656ecf5a945cc9ae3b8,other,NA,NA,
run_002,join,join_1772961248,join-irs3-1772961248,join-irs3-1772961248,7,join_submit_done,join_voted,2026-03-08T09:14:10.954578Z,2026-03-08T09:14:14.536405285Z,/var/lib/docker/volumes,ab96d922f06ec7a94f1b5200e75e480c9ed7eba86fbbe33b5cb9edbe031c6ea8,other,49770,49770,0
run_002,join,join_1772961248,join-irs3-1772961248,join-irs3-1772961248,7,join_submit_done,join_voted,2026-03-08T09:14:10.954578Z,2026-03-08T09:14:14.536405285Z,/var/lib/docker/volumes,b8143ef8453ad18871b4b4e0ba6041764a2cda76bc6f516fa468de5fd6585e72,other,49770,49770,0
run_002,join,join_1772961248,join-irs3-1772961248,join-irs3-1772961248,7,join_submit_done,join_voted,2026-03-08T09:14:10.954578Z,2026-03-08T09:14:14.536405285Z,/var/lib/docker/volumes,ce313f18292c11d1170b9839e1af2e5976d1858048740f79d790d8aed673a5a4,other,NA,NA,
run_002,join,join_1772961248,join-irs3-1772961248,join-irs3-1772961248,7,join_submit_done,join_voted,2026-03-08T09:14:10.954578Z,2026-03-08T09:14:14.536405285Z,/var/lib/docker/volumes,d9b7785a06954372515977133a1213437b80c5db1517196ca5e26134d3413ccf,other,NA,NA,
run_002,join,join_1772961248,join-irs3-1772961248,join-irs3-1772961248,7,join_submit_done,join_voted,2026-03-08T09:14:10.954578Z,2026-03-08T09:14:14.536405285Z,/var/lib/docker/volumes,e0eec01c85bd157680e466dd14073f2a433b51342ff770c3a292c984a51f226b,other,NA,NA,
run_002,join,join_1772961248,join-irs3-1772961248,join-irs3-1772961248,7,join_submit_done,join_voted,2026-03-08T09:14:10.954578Z,2026-03-08T09:14:14.536405285Z,/var/lib/docker/volumes,fabric_orderer.kit.edu,orderer,129634191,129650608,16417
run_002,join,join_1772961248,join-irs3-1772961248,join-irs3-1772961248,7,join_submit_done,join_voted,2026-03-08T09:14:10.954578Z,2026-03-08T09:14:14.536405285Z,/var/lib/docker/volumes,fabric_peer0.irs1.kit.edu,other,5006,5006,0
run_002,join,join_1772961248,join-irs3-1772961248,join-irs3-1772961248,7,join_submit_done,join_voted,2026-03-08T09:14:10.954578Z,2026-03-08T09:14:14.536405285Z,/var/lib/docker/volumes,fabric_peer0.irs3.kit.edu,peer,28097332,28116719,19387
run_002,join,join_1772961248,join-irs3-1772961248,join-irs3-1772961248,7,join_submit_done,join_voted,2026-03-08T09:14:10.954578Z,2026-03-08T09:14:14.536405285Z,/var/lib/docker/volumes,fabric_peer1.irs3.kit.edu,other,28095907,28115294,19387
run_002,join,join_1772961248,join-irs3-1772961248,join-irs3-1772961248,7,join_submit_done,join_voted,2026-03-08T09:14:10.954578Z,2026-03-08T09:14:14.536405285Z,/var/lib/docker/volumes,fabric_peer2.irs3.kit.edu,other,28095904,28115291,19387
run_002,join,join_1772961248,join-irs3-1772961248,join-irs3-1772961248,7,join_submit_done,join_voted,2026-03-08T09:14:10.954578Z,2026-03-08T09:14:14.536405285Z,/var/lib/docker/volumes,fabric_peer3.irs3.kit.edu,other,28097329,28116716,19387
run_002,join,join_1772961248,join-irs3-1772961248,join-irs3-1772961248,7,join_voted,join_approved,2026-03-08T09:14:14.536405285Z,2026-03-08T09:14:16.954474137Z,/var/lib/docker/volumes,002a2c976d26a3f9c7eff06e2f9efe095908dd0ee21b2715cc202589b435aec2,other,NA,NA,
run_002,join,join_1772961248,join-irs3-1772961248,join-irs3-1772961248,7,join_voted,join_approved,2026-03-08T09:14:14.536405285Z,2026-03-08T09:14:16.954474137Z,/var/lib/docker/volumes,35a02607c21ea95db05e7150f71e6e704f4d6479a4a76375ed8ec3cbfc5ec094,other,NA,NA,
run_002,join,join_1772961248,join-irs3-1772961248,join-irs3-1772961248,7,join_voted,join_approved,2026-03-08T09:14:14.536405285Z,2026-03-08T09:14:16.954474137Z,/var/lib/docker/volumes,791e62bfc17bf044236c3dcb5d77ec82610b27aa4d5f3c78aff2e2842f98f9ee,other,NA,NA,
run_002,join,join_1772961248,join-irs3-1772961248,join-irs3-1772961248,7,join_voted,join_approved,2026-03-08T09:14:14.536405285Z,2026-03-08T09:14:16.954474137Z,/var/lib/docker/volumes,91dbb4452b1c3709e842113c225d65a63eab07cdac1110f244a9dfbdddb57dbf,other,NA,NA,
run_002,join,join_1772961248,join-irs3-1772961248,join-irs3-1772961248,7,join_voted,join_approved,2026-03-08T09:14:14.536405285Z,2026-03-08T09:14:16.954474137Z,/var/lib/docker/volumes,99ac8c723665556c954d288ca00335f1fae5493d384cb656ecf5a945cc9ae3b8,other,NA,NA,
run_002,join,join_1772961248,join-irs3-1772961248,join-irs3-1772961248,7,join_voted,join_approved,2026-03-08T09:14:14.536405285Z,2026-03-08T09:14:16.954474137Z,/var/lib/docker/volumes,ab96d922f06ec7a94f1b5200e75e480c9ed7eba86fbbe33b5cb9edbe031c6ea8,other,49770,49770,0
run_002,join,join_1772961248,join-irs3-1772961248,join-irs3-1772961248,7,join_voted,join_approved,2026-03-08T09:14:14.536405285Z,2026-03-08T09:14:16.954474137Z,/var/lib/docker/volumes,b8143ef8453ad18871b4b4e0ba6041764a2cda76bc6f516fa468de5fd6585e72,other,49770,49770,0
run_002,join,join_1772961248,join-irs3-1772961248,join-irs3-1772961248,7,join_voted,join_approved,2026-03-08T09:14:14.536405285Z,2026-03-08T09:14:16.954474137Z,/var/lib/docker/volumes,ce313f18292c11d1170b9839e1af2e5976d1858048740f79d790d8aed673a5a4,other,NA,NA,
run_002,join,join_1772961248,join-irs3-1772961248,join-irs3-1772961248,7,join_voted,join_approved,2026-03-08T09:14:14.536405285Z,2026-03-08T09:14:16.954474137Z,/var/lib/docker/volumes,d9b7785a06954372515977133a1213437b80c5db1517196ca5e26134d3413ccf,other,NA,NA,
run_002,join,join_1772961248,join-irs3-1772961248,join-irs3-1772961248,7,join_voted,join_approved,2026-03-08T09:14:14.536405285Z,2026-03-08T09:14:16.954474137Z,/var/lib/docker/volumes,e0eec01c85bd157680e466dd14073f2a433b51342ff770c3a292c984a51f226b,other,NA,NA,
run_002,join,join_1772961248,join-irs3-1772961248,join-irs3-1772961248,7,join_voted,join_approved,2026-03-08T09:14:14.536405285Z,2026-03-08T09:14:16.954474137Z,/var/lib/docker/volumes,fabric_orderer.kit.edu,orderer,129650608,129661740,11132
run_002,join,join_1772961248,join-irs3-1772961248,join-irs3-1772961248,7,join_voted,join_approved,2026-03-08T09:14:14.536405285Z,2026-03-08T09:14:16.954474137Z,/var/lib/docker/volumes,fabric_peer0.irs1.kit.edu,other,5006,5006,0
run_002,join,join_1772961248,join-irs3-1772961248,join-irs3-1772961248,7,join_voted,join_approved,2026-03-08T09:14:14.536405285Z,2026-03-08T09:14:16.954474137Z,/var/lib/docker/volumes,fabric_peer0.irs3.kit.edu,peer,28116719,28133423,16704
run_002,join,join_1772961248,join-irs3-1772961248,join-irs3-1772961248,7,join_voted,join_approved,2026-03-08T09:14:14.536405285Z,2026-03-08T09:14:16.954474137Z,/var/lib/docker/volumes,fabric_peer1.irs3.kit.edu,other,28115294,28131998,16704
run_002,join,join_1772961248,join-irs3-1772961248,join-irs3-1772961248,7,join_voted,join_approved,2026-03-08T09:14:14.536405285Z,2026-03-08T09:14:16.954474137Z,/var/lib/docker/volumes,fabric_peer2.irs3.kit.edu,other,28115291,28131995,16704
run_002,join,join_1772961248,join-irs3-1772961248,join-irs3-1772961248,7,join_voted,join_approved,2026-03-08T09:14:14.536405285Z,2026-03-08T09:14:16.954474137Z,/var/lib/docker/volumes,fabric_peer3.irs3.kit.edu,other,28116716,28133420,16704
run_002,join,join_1772961248,join-irs3-1772961248,join-irs3-1772961248,7,join_approved,reshare_started,2026-03-08T09:14:16.954474137Z,2026-03-08T09:14:17.345287Z,/var/lib/docker/volumes,002a2c976d26a3f9c7eff06e2f9efe095908dd0ee21b2715cc202589b435aec2,other,NA,NA,
run_002,join,join_1772961248,join-irs3-1772961248,join-irs3-1772961248,7,join_approved,reshare_started,2026-03-08T09:14:16.954474137Z,2026-03-08T09:14:17.345287Z,/var/lib/docker/volumes,35a02607c21ea95db05e7150f71e6e704f4d6479a4a76375ed8ec3cbfc5ec094,other,NA,NA,
run_002,join,join_1772961248,join-irs3-1772961248,join-irs3-1772961248,7,join_approved,reshare_started,2026-03-08T09:14:16.954474137Z,2026-03-08T09:14:17.345287Z,/var/lib/docker/volumes,791e62bfc17bf044236c3dcb5d77ec82610b27aa4d5f3c78aff2e2842f98f9ee,other,NA,NA,
run_002,join,join_1772961248,join-irs3-1772961248,join-irs3-1772961248,7,join_approved,reshare_started,2026-03-08T09:14:16.954474137Z,2026-03-08T09:14:17.345287Z,/var/lib/docker/volumes,91dbb4452b1c3709e842113c225d65a63eab07cdac1110f244a9dfbdddb57dbf,other,NA,NA,
run_002,join,join_1772961248,join-irs3-1772961248,join-irs3-1772961248,7,join_approved,reshare_started,2026-03-08T09:14:16.954474137Z,2026-03-08T09:14:17.345287Z,/var/lib/docker/volumes,99ac8c723665556c954d288ca00335f1fae5493d384cb656ecf5a945cc9ae3b8,other,NA,NA,
run_002,join,join_1772961248,join-irs3-1772961248,join-irs3-1772961248,7,join_approved,reshare_started,2026-03-08T09:14:16.954474137Z,2026-03-08T09:14:17.345287Z,/var/lib/docker/volumes,ab96d922f06ec7a94f1b5200e75e480c9ed7eba86fbbe33b5cb9edbe031c6ea8,other,49770,49770,0
run_002,join,join_1772961248,join-irs3-1772961248,join-irs3-1772961248,7,join_approved,reshare_started,2026-03-08T09:14:16.954474137Z,2026-03-08T09:14:17.345287Z,/var/lib/docker/volumes,b8143ef8453ad18871b4b4e0ba6041764a2cda76bc6f516fa468de5fd6585e72,other,49770,49770,0
run_002,join,join_1772961248,join-irs3-1772961248,join-irs3-1772961248,7,join_approved,reshare_started,2026-03-08T09:14:16.954474137Z,2026-03-08T09:14:17.345287Z,/var/lib/docker/volumes,ce313f18292c11d1170b9839e1af2e5976d1858048740f79d790d8aed673a5a4,other,NA,NA,
run_002,join,join_1772961248,join-irs3-1772961248,join-irs3-1772961248,7,join_approved,reshare_started,2026-03-08T09:14:16.954474137Z,2026-03-08T09:14:17.345287Z,/var/lib/docker/volumes,d9b7785a06954372515977133a1213437b80c5db1517196ca5e26134d3413ccf,other,NA,NA,
run_002,join,join_1772961248,join-irs3-1772961248,join-irs3-1772961248,7,join_approved,reshare_started,2026-03-08T09:14:16.954474137Z,2026-03-08T09:14:17.345287Z,/var/lib/docker/volumes,e0eec01c85bd157680e466dd14073f2a433b51342ff770c3a292c984a51f226b,other,NA,NA,
run_002,join,join_1772961248,join-irs3-1772961248,join-irs3-1772961248,7,join_approved,reshare_started,2026-03-08T09:14:16.954474137Z,2026-03-08T09:14:17.345287Z,/var/lib/docker/volumes,fabric_orderer.kit.edu,orderer,129661740,129661740,0
run_002,join,join_1772961248,join-irs3-1772961248,join-irs3-1772961248,7,join_approved,reshare_started,2026-03-08T09:14:16.954474137Z,2026-03-08T09:14:17.345287Z,/var/lib/docker/volumes,fabric_peer0.irs1.kit.edu,other,5006,5006,0
run_002,join,join_1772961248,join-irs3-1772961248,join-irs3-1772961248,7,join_approved,reshare_started,2026-03-08T09:14:16.954474137Z,2026-03-08T09:14:17.345287Z,/var/lib/docker/volumes,fabric_peer0.irs3.kit.edu,peer,28133423,28133423,0
run_002,join,join_1772961248,join-irs3-1772961248,join-irs3-1772961248,7,join_approved,reshare_started,2026-03-08T09:14:16.954474137Z,2026-03-08T09:14:17.345287Z,/var/lib/docker/volumes,fabric_peer1.irs3.kit.edu,other,28131998,28131998,0
run_002,join,join_1772961248,join-irs3-1772961248,join-irs3-1772961248,7,join_approved,reshare_started,2026-03-08T09:14:16.954474137Z,2026-03-08T09:14:17.345287Z,/var/lib/docker/volumes,fabric_peer2.irs3.kit.edu,other,28131995,28131995,0
run_002,join,join_1772961248,join-irs3-1772961248,join-irs3-1772961248,7,join_approved,reshare_started,2026-03-08T09:14:16.954474137Z,2026-03-08T09:14:17.345287Z,/var/lib/docker/volumes,fabric_peer3.irs3.kit.edu,other,28133420,28133420,0
run_002,join,join_1772961248,join-irs3-1772961248,join-irs3-1772961248,7,reshare_started,reshare_completed,2026-03-08T09:14:17.345287Z,2026-03-08T09:14:47.160898476Z,/var/lib/docker/volumes,002a2c976d26a3f9c7eff06e2f9efe095908dd0ee21b2715cc202589b435aec2,other,NA,NA,
run_002,join,join_1772961248,join-irs3-1772961248,join-irs3-1772961248,7,reshare_started,reshare_completed,2026-03-08T09:14:17.345287Z,2026-03-08T09:14:47.160898476Z,/var/lib/docker/volumes,35a02607c21ea95db05e7150f71e6e704f4d6479a4a76375ed8ec3cbfc5ec094,other,NA,NA,
run_002,join,join_1772961248,join-irs3-1772961248,join-irs3-1772961248,7,reshare_started,reshare_completed,2026-03-08T09:14:17.345287Z,2026-03-08T09:14:47.160898476Z,/var/lib/docker/volumes,791e62bfc17bf044236c3dcb5d77ec82610b27aa4d5f3c78aff2e2842f98f9ee,other,NA,NA,
run_002,join,join_1772961248,join-irs3-1772961248,join-irs3-1772961248,7,reshare_started,reshare_completed,2026-03-08T09:14:17.345287Z,2026-03-08T09:14:47.160898476Z,/var/lib/docker/volumes,91dbb4452b1c3709e842113c225d65a63eab07cdac1110f244a9dfbdddb57dbf,other,NA,NA,
run_002,join,join_1772961248,join-irs3-1772961248,join-irs3-1772961248,7,reshare_started,reshare_completed,2026-03-08T09:14:17.345287Z,2026-03-08T09:14:47.160898476Z,/var/lib/docker/volumes,99ac8c723665556c954d288ca00335f1fae5493d384cb656ecf5a945cc9ae3b8,other,NA,NA,
run_002,join,join_1772961248,join-irs3-1772961248,join-irs3-1772961248,7,reshare_started,reshare_completed,2026-03-08T09:14:17.345287Z,2026-03-08T09:14:47.160898476Z,/var/lib/docker/volumes,ab96d922f06ec7a94f1b5200e75e480c9ed7eba86fbbe33b5cb9edbe031c6ea8,other,49770,49770,0
run_002,join,join_1772961248,join-irs3-1772961248,join-irs3-1772961248,7,reshare_started,reshare_completed,2026-03-08T09:14:17.345287Z,2026-03-08T09:14:47.160898476Z,/var/lib/docker/volumes,b8143ef8453ad18871b4b4e0ba6041764a2cda76bc6f516fa468de5fd6585e72,other,49770,49770,0
run_002,join,join_1772961248,join-irs3-1772961248,join-irs3-1772961248,7,reshare_started,reshare_completed,2026-03-08T09:14:17.345287Z,2026-03-08T09:14:47.160898476Z,/var/lib/docker/volumes,ce313f18292c11d1170b9839e1af2e5976d1858048740f79d790d8aed673a5a4,other,NA,NA,
run_002,join,join_1772961248,join-irs3-1772961248,join-irs3-1772961248,7,reshare_started,reshare_completed,2026-03-08T09:14:17.345287Z,2026-03-08T09:14:47.160898476Z,/var/lib/docker/volumes,d9b7785a06954372515977133a1213437b80c5db1517196ca5e26134d3413ccf,other,NA,NA,
run_002,join,join_1772961248,join-irs3-1772961248,join-irs3-1772961248,7,reshare_started,reshare_completed,2026-03-08T09:14:17.345287Z,2026-03-08T09:14:47.160898476Z,/var/lib/docker/volumes,e0eec01c85bd157680e466dd14073f2a433b51342ff770c3a292c984a51f226b,other,NA,NA,
run_002,join,join_1772961248,join-irs3-1772961248,join-irs3-1772961248,7,reshare_started,reshare_completed,2026-03-08T09:14:17.345287Z,2026-03-08T09:14:47.160898476Z,/var/lib/docker/volumes,fabric_orderer.kit.edu,orderer,129661740,129701952,40212
run_002,join,join_1772961248,join-irs3-1772961248,join-irs3-1772961248,7,reshare_started,reshare_completed,2026-03-08T09:14:17.345287Z,2026-03-08T09:14:47.160898476Z,/var/lib/docker/volumes,fabric_peer0.irs1.kit.edu,other,5006,5006,0
run_002,join,join_1772961248,join-irs3-1772961248,join-irs3-1772961248,7,reshare_started,reshare_completed,2026-03-08T09:14:17.345287Z,2026-03-08T09:14:47.160898476Z,/var/lib/docker/volumes,fabric_peer0.irs3.kit.edu,peer,28133423,28180474,47051
run_002,join,join_1772961248,join-irs3-1772961248,join-irs3-1772961248,7,reshare_started,reshare_completed,2026-03-08T09:14:17.345287Z,2026-03-08T09:14:47.160898476Z,/var/lib/docker/volumes,fabric_peer1.irs3.kit.edu,other,28131998,28179049,47051
run_002,join,join_1772961248,join-irs3-1772961248,join-irs3-1772961248,7,reshare_started,reshare_completed,2026-03-08T09:14:17.345287Z,2026-03-08T09:14:47.160898476Z,/var/lib/docker/volumes,fabric_peer2.irs3.kit.edu,other,28131995,28179046,47051
run_002,join,join_1772961248,join-irs3-1772961248,join-irs3-1772961248,7,reshare_started,reshare_completed,2026-03-08T09:14:17.345287Z,2026-03-08T09:14:47.160898476Z,/var/lib/docker/volumes,fabric_peer3.irs3.kit.edu,other,28133420,28180471,47051
run_002,join,join_1772961248,join-irs3-1772961248,join-irs3-1772961248,7,reshare_completed,operation_end,2026-03-08T09:14:47.160898476Z,2026-03-08T09:14:53.931193Z,/var/lib/docker/volumes,002a2c976d26a3f9c7eff06e2f9efe095908dd0ee21b2715cc202589b435aec2,other,NA,NA,
run_002,join,join_1772961248,join-irs3-1772961248,join-irs3-1772961248,7,reshare_completed,operation_end,2026-03-08T09:14:47.160898476Z,2026-03-08T09:14:53.931193Z,/var/lib/docker/volumes,35a02607c21ea95db05e7150f71e6e704f4d6479a4a76375ed8ec3cbfc5ec094,other,NA,NA,
run_002,join,join_1772961248,join-irs3-1772961248,join-irs3-1772961248,7,reshare_completed,operation_end,2026-03-08T09:14:47.160898476Z,2026-03-08T09:14:53.931193Z,/var/lib/docker/volumes,791e62bfc17bf044236c3dcb5d77ec82610b27aa4d5f3c78aff2e2842f98f9ee,other,NA,NA,
run_002,join,join_1772961248,join-irs3-1772961248,join-irs3-1772961248,7,reshare_completed,operation_end,2026-03-08T09:14:47.160898476Z,2026-03-08T09:14:53.931193Z,/var/lib/docker/volumes,91dbb4452b1c3709e842113c225d65a63eab07cdac1110f244a9dfbdddb57dbf,other,NA,NA,
run_002,join,join_1772961248,join-irs3-1772961248,join-irs3-1772961248,7,reshare_completed,operation_end,2026-03-08T09:14:47.160898476Z,2026-03-08T09:14:53.931193Z,/var/lib/docker/volumes,99ac8c723665556c954d288ca00335f1fae5493d384cb656ecf5a945cc9ae3b8,other,NA,NA,
run_002,join,join_1772961248,join-irs3-1772961248,join-irs3-1772961248,7,reshare_completed,operation_end,2026-03-08T09:14:47.160898476Z,2026-03-08T09:14:53.931193Z,/var/lib/docker/volumes,ab96d922f06ec7a94f1b5200e75e480c9ed7eba86fbbe33b5cb9edbe031c6ea8,other,49770,49770,0
run_002,join,join_1772961248,join-irs3-1772961248,join-irs3-1772961248,7,reshare_completed,operation_end,2026-03-08T09:14:47.160898476Z,2026-03-08T09:14:53.931193Z,/var/lib/docker/volumes,b8143ef8453ad18871b4b4e0ba6041764a2cda76bc6f516fa468de5fd6585e72,other,49770,49770,0
run_002,join,join_1772961248,join-irs3-1772961248,join-irs3-1772961248,7,reshare_completed,operation_end,2026-03-08T09:14:47.160898476Z,2026-03-08T09:14:53.931193Z,/var/lib/docker/volumes,ce313f18292c11d1170b9839e1af2e5976d1858048740f79d790d8aed673a5a4,other,NA,NA,
run_002,join,join_1772961248,join-irs3-1772961248,join-irs3-1772961248,7,reshare_completed,operation_end,2026-03-08T09:14:47.160898476Z,2026-03-08T09:14:53.931193Z,/var/lib/docker/volumes,d9b7785a06954372515977133a1213437b80c5db1517196ca5e26134d3413ccf,other,NA,NA,
run_002,join,join_1772961248,join-irs3-1772961248,join-irs3-1772961248,7,reshare_completed,operation_end,2026-03-08T09:14:47.160898476Z,2026-03-08T09:14:53.931193Z,/var/lib/docker/volumes,e0eec01c85bd157680e466dd14073f2a433b51342ff770c3a292c984a51f226b,other,NA,NA,
run_002,join,join_1772961248,join-irs3-1772961248,join-irs3-1772961248,7,reshare_completed,operation_end,2026-03-08T09:14:47.160898476Z,2026-03-08T09:14:53.931193Z,/var/lib/docker/volumes,fabric_orderer.kit.edu,orderer,129701952,129772343,70391
run_002,join,join_1772961248,join-irs3-1772961248,join-irs3-1772961248,7,reshare_completed,operation_end,2026-03-08T09:14:47.160898476Z,2026-03-08T09:14:53.931193Z,/var/lib/docker/volumes,fabric_peer0.irs1.kit.edu,other,5006,5006,0
run_002,join,join_1772961248,join-irs3-1772961248,join-irs3-1772961248,7,reshare_completed,operation_end,2026-03-08T09:14:47.160898476Z,2026-03-08T09:14:53.931193Z,/var/lib/docker/volumes,fabric_peer0.irs3.kit.edu,peer,28180474,28261189,80715
run_002,join,join_1772961248,join-irs3-1772961248,join-irs3-1772961248,7,reshare_completed,operation_end,2026-03-08T09:14:47.160898476Z,2026-03-08T09:14:53.931193Z,/var/lib/docker/volumes,fabric_peer1.irs3.kit.edu,other,28179049,28259764,80715
run_002,join,join_1772961248,join-irs3-1772961248,join-irs3-1772961248,7,reshare_completed,operation_end,2026-03-08T09:14:47.160898476Z,2026-03-08T09:14:53.931193Z,/var/lib/docker/volumes,fabric_peer2.irs3.kit.edu,other,28179046,28259761,80715
run_002,join,join_1772961248,join-irs3-1772961248,join-irs3-1772961248,7,reshare_completed,operation_end,2026-03-08T09:14:47.160898476Z,2026-03-08T09:14:53.931193Z,/var/lib/docker/volumes,fabric_peer3.irs3.kit.edu,other,28180471,28261186,80715
run_003,csr,csr_1772961300,csr-irs3-1772961300,csr-irs3-1772961300,,operation_start,csr_submit_done,2026-03-08T09:15:00.793801Z,2026-03-08T09:15:03.141933Z,/var/lib/docker/volumes,002a2c976d26a3f9c7eff06e2f9efe095908dd0ee21b2715cc202589b435aec2,other,NA,NA,
run_003,csr,csr_1772961300,csr-irs3-1772961300,csr-irs3-1772961300,,operation_start,csr_submit_done,2026-03-08T09:15:00.793801Z,2026-03-08T09:15:03.141933Z,/var/lib/docker/volumes,35a02607c21ea95db05e7150f71e6e704f4d6479a4a76375ed8ec3cbfc5ec094,other,NA,NA,
run_003,csr,csr_1772961300,csr-irs3-1772961300,csr-irs3-1772961300,,operation_start,csr_submit_done,2026-03-08T09:15:00.793801Z,2026-03-08T09:15:03.141933Z,/var/lib/docker/volumes,791e62bfc17bf044236c3dcb5d77ec82610b27aa4d5f3c78aff2e2842f98f9ee,other,NA,NA,
run_003,csr,csr_1772961300,csr-irs3-1772961300,csr-irs3-1772961300,,operation_start,csr_submit_done,2026-03-08T09:15:00.793801Z,2026-03-08T09:15:03.141933Z,/var/lib/docker/volumes,91dbb4452b1c3709e842113c225d65a63eab07cdac1110f244a9dfbdddb57dbf,other,NA,NA,
run_003,csr,csr_1772961300,csr-irs3-1772961300,csr-irs3-1772961300,,operation_start,csr_submit_done,2026-03-08T09:15:00.793801Z,2026-03-08T09:15:03.141933Z,/var/lib/docker/volumes,99ac8c723665556c954d288ca00335f1fae5493d384cb656ecf5a945cc9ae3b8,other,NA,NA,
run_003,csr,csr_1772961300,csr-irs3-1772961300,csr-irs3-1772961300,,operation_start,csr_submit_done,2026-03-08T09:15:00.793801Z,2026-03-08T09:15:03.141933Z,/var/lib/docker/volumes,ab96d922f06ec7a94f1b5200e75e480c9ed7eba86fbbe33b5cb9edbe031c6ea8,other,49770,49770,0
run_003,csr,csr_1772961300,csr-irs3-1772961300,csr-irs3-1772961300,,operation_start,csr_submit_done,2026-03-08T09:15:00.793801Z,2026-03-08T09:15:03.141933Z,/var/lib/docker/volumes,b8143ef8453ad18871b4b4e0ba6041764a2cda76bc6f516fa468de5fd6585e72,other,49770,49770,0
run_003,csr,csr_1772961300,csr-irs3-1772961300,csr-irs3-1772961300,,operation_start,csr_submit_done,2026-03-08T09:15:00.793801Z,2026-03-08T09:15:03.141933Z,/var/lib/docker/volumes,ce313f18292c11d1170b9839e1af2e5976d1858048740f79d790d8aed673a5a4,other,NA,NA,
run_003,csr,csr_1772961300,csr-irs3-1772961300,csr-irs3-1772961300,,operation_start,csr_submit_done,2026-03-08T09:15:00.793801Z,2026-03-08T09:15:03.141933Z,/var/lib/docker/volumes,d9b7785a06954372515977133a1213437b80c5db1517196ca5e26134d3413ccf,other,NA,NA,
run_003,csr,csr_1772961300,csr-irs3-1772961300,csr-irs3-1772961300,,operation_start,csr_submit_done,2026-03-08T09:15:00.793801Z,2026-03-08T09:15:03.141933Z,/var/lib/docker/volumes,e0eec01c85bd157680e466dd14073f2a433b51342ff770c3a292c984a51f226b,other,NA,NA,
run_003,csr,csr_1772961300,csr-irs3-1772961300,csr-irs3-1772961300,,operation_start,csr_submit_done,2026-03-08T09:15:00.793801Z,2026-03-08T09:15:03.141933Z,/var/lib/docker/volumes,fabric_orderer.kit.edu,orderer,129772343,129780895,8552
run_003,csr,csr_1772961300,csr-irs3-1772961300,csr-irs3-1772961300,,operation_start,csr_submit_done,2026-03-08T09:15:00.793801Z,2026-03-08T09:15:03.141933Z,/var/lib/docker/volumes,fabric_peer0.irs1.kit.edu,other,5006,5006,0
run_003,csr,csr_1772961300,csr-irs3-1772961300,csr-irs3-1772961300,,operation_start,csr_submit_done,2026-03-08T09:15:00.793801Z,2026-03-08T09:15:03.141933Z,/var/lib/docker/volumes,fabric_peer0.irs3.kit.edu,peer,28261189,28271877,10688
run_003,csr,csr_1772961300,csr-irs3-1772961300,csr-irs3-1772961300,,operation_start,csr_submit_done,2026-03-08T09:15:00.793801Z,2026-03-08T09:15:03.141933Z,/var/lib/docker/volumes,fabric_peer1.irs3.kit.edu,other,28259764,28270452,10688
run_003,csr,csr_1772961300,csr-irs3-1772961300,csr-irs3-1772961300,,operation_start,csr_submit_done,2026-03-08T09:15:00.793801Z,2026-03-08T09:15:03.141933Z,/var/lib/docker/volumes,fabric_peer2.irs3.kit.edu,other,28259761,28270449,10688
run_003,csr,csr_1772961300,csr-irs3-1772961300,csr-irs3-1772961300,,operation_start,csr_submit_done,2026-03-08T09:15:00.793801Z,2026-03-08T09:15:03.141933Z,/var/lib/docker/volumes,fabric_peer3.irs3.kit.edu,other,28261186,28271874,10688
run_003,csr,csr_1772961300,csr-irs3-1772961300,csr-irs3-1772961300,,csr_submit_done,csr_voted,2026-03-08T09:15:03.141933Z,2026-03-08T09:15:05.54950473Z,/var/lib/docker/volumes,002a2c976d26a3f9c7eff06e2f9efe095908dd0ee21b2715cc202589b435aec2,other,NA,NA,
run_003,csr,csr_1772961300,csr-irs3-1772961300,csr-irs3-1772961300,,csr_submit_done,csr_voted,2026-03-08T09:15:03.141933Z,2026-03-08T09:15:05.54950473Z,/var/lib/docker/volumes,35a02607c21ea95db05e7150f71e6e704f4d6479a4a76375ed8ec3cbfc5ec094,other,NA,NA,
run_003,csr,csr_1772961300,csr-irs3-1772961300,csr-irs3-1772961300,,csr_submit_done,csr_voted,2026-03-08T09:15:03.141933Z,2026-03-08T09:15:05.54950473Z,/var/lib/docker/volumes,791e62bfc17bf044236c3dcb5d77ec82610b27aa4d5f3c78aff2e2842f98f9ee,other,NA,NA,
run_003,csr,csr_1772961300,csr-irs3-1772961300,csr-irs3-1772961300,,csr_submit_done,csr_voted,2026-03-08T09:15:03.141933Z,2026-03-08T09:15:05.54950473Z,/var/lib/docker/volumes,91dbb4452b1c3709e842113c225d65a63eab07cdac1110f244a9dfbdddb57dbf,other,NA,NA,
run_003,csr,csr_1772961300,csr-irs3-1772961300,csr-irs3-1772961300,,csr_submit_done,csr_voted,2026-03-08T09:15:03.141933Z,2026-03-08T09:15:05.54950473Z,/var/lib/docker/volumes,99ac8c723665556c954d288ca00335f1fae5493d384cb656ecf5a945cc9ae3b8,other,NA,NA,
run_003,csr,csr_1772961300,csr-irs3-1772961300,csr-irs3-1772961300,,csr_submit_done,csr_voted,2026-03-08T09:15:03.141933Z,2026-03-08T09:15:05.54950473Z,/var/lib/docker/volumes,ab96d922f06ec7a94f1b5200e75e480c9ed7eba86fbbe33b5cb9edbe031c6ea8,other,49770,49770,0
run_003,csr,csr_1772961300,csr-irs3-1772961300,csr-irs3-1772961300,,csr_submit_done,csr_voted,2026-03-08T09:15:03.141933Z,2026-03-08T09:15:05.54950473Z,/var/lib/docker/volumes,b8143ef8453ad18871b4b4e0ba6041764a2cda76bc6f516fa468de5fd6585e72,other,49770,49770,0
run_003,csr,csr_1772961300,csr-irs3-1772961300,csr-irs3-1772961300,,csr_submit_done,csr_voted,2026-03-08T09:15:03.141933Z,2026-03-08T09:15:05.54950473Z,/var/lib/docker/volumes,ce313f18292c11d1170b9839e1af2e5976d1858048740f79d790d8aed673a5a4,other,NA,NA,
run_003,csr,csr_1772961300,csr-irs3-1772961300,csr-irs3-1772961300,,csr_submit_done,csr_voted,2026-03-08T09:15:03.141933Z,2026-03-08T09:15:05.54950473Z,/var/lib/docker/volumes,d9b7785a06954372515977133a1213437b80c5db1517196ca5e26134d3413ccf,other,NA,NA,
run_003,csr,csr_1772961300,csr-irs3-1772961300,csr-irs3-1772961300,,csr_submit_done,csr_voted,2026-03-08T09:15:03.141933Z,2026-03-08T09:15:05.54950473Z,/var/lib/docker/volumes,e0eec01c85bd157680e466dd14073f2a433b51342ff770c3a292c984a51f226b,other,NA,NA,
run_003,csr,csr_1772961300,csr-irs3-1772961300,csr-irs3-1772961300,,csr_submit_done,csr_voted,2026-03-08T09:15:03.141933Z,2026-03-08T09:15:05.54950473Z,/var/lib/docker/volumes,fabric_orderer.kit.edu,orderer,129780895,129805270,24375
run_003,csr,csr_1772961300,csr-irs3-1772961300,csr-irs3-1772961300,,csr_submit_done,csr_voted,2026-03-08T09:15:03.141933Z,2026-03-08T09:15:05.54950473Z,/var/lib/docker/volumes,fabric_peer0.irs1.kit.edu,other,5006,5006,0
run_003,csr,csr_1772961300,csr-irs3-1772961300,csr-irs3-1772961300,,csr_submit_done,csr_voted,2026-03-08T09:15:03.141933Z,2026-03-08T09:15:05.54950473Z,/var/lib/docker/volumes,fabric_peer0.irs3.kit.edu,peer,28271877,28299565,27688
run_003,csr,csr_1772961300,csr-irs3-1772961300,csr-irs3-1772961300,,csr_submit_done,csr_voted,2026-03-08T09:15:03.141933Z,2026-03-08T09:15:05.54950473Z,/var/lib/docker/volumes,fabric_peer1.irs3.kit.edu,other,28270452,28298140,27688
run_003,csr,csr_1772961300,csr-irs3-1772961300,csr-irs3-1772961300,,csr_submit_done,csr_voted,2026-03-08T09:15:03.141933Z,2026-03-08T09:15:05.54950473Z,/var/lib/docker/volumes,fabric_peer2.irs3.kit.edu,other,28270449,28298137,27688
run_003,csr,csr_1772961300,csr-irs3-1772961300,csr-irs3-1772961300,,csr_submit_done,csr_voted,2026-03-08T09:15:03.141933Z,2026-03-08T09:15:05.54950473Z,/var/lib/docker/volumes,fabric_peer3.irs3.kit.edu,other,28271874,28299562,27688
run_003,csr,csr_1772961300,csr-irs3-1772961300,csr-irs3-1772961300,,csr_voted,csr_approved,2026-03-08T09:15:05.54950473Z,2026-03-08T09:15:08.011803068Z,/var/lib/docker/volumes,002a2c976d26a3f9c7eff06e2f9efe095908dd0ee21b2715cc202589b435aec2,other,NA,NA,
run_003,csr,csr_1772961300,csr-irs3-1772961300,csr-irs3-1772961300,,csr_voted,csr_approved,2026-03-08T09:15:05.54950473Z,2026-03-08T09:15:08.011803068Z,/var/lib/docker/volumes,35a02607c21ea95db05e7150f71e6e704f4d6479a4a76375ed8ec3cbfc5ec094,other,NA,NA,
run_003,csr,csr_1772961300,csr-irs3-1772961300,csr-irs3-1772961300,,csr_voted,csr_approved,2026-03-08T09:15:05.54950473Z,2026-03-08T09:15:08.011803068Z,/var/lib/docker/volumes,791e62bfc17bf044236c3dcb5d77ec82610b27aa4d5f3c78aff2e2842f98f9ee,other,NA,NA,
run_003,csr,csr_1772961300,csr-irs3-1772961300,csr-irs3-1772961300,,csr_voted,csr_approved,2026-03-08T09:15:05.54950473Z,2026-03-08T09:15:08.011803068Z,/var/lib/docker/volumes,91dbb4452b1c3709e842113c225d65a63eab07cdac1110f244a9dfbdddb57dbf,other,NA,NA,
run_003,csr,csr_1772961300,csr-irs3-1772961300,csr-irs3-1772961300,,csr_voted,csr_approved,2026-03-08T09:15:05.54950473Z,2026-03-08T09:15:08.011803068Z,/var/lib/docker/volumes,99ac8c723665556c954d288ca00335f1fae5493d384cb656ecf5a945cc9ae3b8,other,NA,NA,
run_003,csr,csr_1772961300,csr-irs3-1772961300,csr-irs3-1772961300,,csr_voted,csr_approved,2026-03-08T09:15:05.54950473Z,2026-03-08T09:15:08.011803068Z,/var/lib/docker/volumes,ab96d922f06ec7a94f1b5200e75e480c9ed7eba86fbbe33b5cb9edbe031c6ea8,other,49770,49770,0
run_003,csr,csr_1772961300,csr-irs3-1772961300,csr-irs3-1772961300,,csr_voted,csr_approved,2026-03-08T09:15:05.54950473Z,2026-03-08T09:15:08.011803068Z,/var/lib/docker/volumes,b8143ef8453ad18871b4b4e0ba6041764a2cda76bc6f516fa468de5fd6585e72,other,49770,49770,0
run_003,csr,csr_1772961300,csr-irs3-1772961300,csr-irs3-1772961300,,csr_voted,csr_approved,2026-03-08T09:15:05.54950473Z,2026-03-08T09:15:08.011803068Z,/var/lib/docker/volumes,ce313f18292c11d1170b9839e1af2e5976d1858048740f79d790d8aed673a5a4,other,NA,NA,
run_003,csr,csr_1772961300,csr-irs3-1772961300,csr-irs3-1772961300,,csr_voted,csr_approved,2026-03-08T09:15:05.54950473Z,2026-03-08T09:15:08.011803068Z,/var/lib/docker/volumes,d9b7785a06954372515977133a1213437b80c5db1517196ca5e26134d3413ccf,other,NA,NA,
run_003,csr,csr_1772961300,csr-irs3-1772961300,csr-irs3-1772961300,,csr_voted,csr_approved,2026-03-08T09:15:05.54950473Z,2026-03-08T09:15:08.011803068Z,/var/lib/docker/volumes,e0eec01c85bd157680e466dd14073f2a433b51342ff770c3a292c984a51f226b,other,NA,NA,
run_003,csr,csr_1772961300,csr-irs3-1772961300,csr-irs3-1772961300,,csr_voted,csr_approved,2026-03-08T09:15:05.54950473Z,2026-03-08T09:15:08.011803068Z,/var/lib/docker/volumes,fabric_orderer.kit.edu,orderer,129805270,129821659,16389
run_003,csr,csr_1772961300,csr-irs3-1772961300,csr-irs3-1772961300,,csr_voted,csr_approved,2026-03-08T09:15:05.54950473Z,2026-03-08T09:15:08.011803068Z,/var/lib/docker/volumes,fabric_peer0.irs1.kit.edu,other,5006,5006,0
run_003,csr,csr_1772961300,csr-irs3-1772961300,csr-irs3-1772961300,,csr_voted,csr_approved,2026-03-08T09:15:05.54950473Z,2026-03-08T09:15:08.011803068Z,/var/lib/docker/volumes,fabric_peer0.irs3.kit.edu,peer,28299565,28319646,20081
run_003,csr,csr_1772961300,csr-irs3-1772961300,csr-irs3-1772961300,,csr_voted,csr_approved,2026-03-08T09:15:05.54950473Z,2026-03-08T09:15:08.011803068Z,/var/lib/docker/volumes,fabric_peer1.irs3.kit.edu,other,28298140,28318221,20081
run_003,csr,csr_1772961300,csr-irs3-1772961300,csr-irs3-1772961300,,csr_voted,csr_approved,2026-03-08T09:15:05.54950473Z,2026-03-08T09:15:08.011803068Z,/var/lib/docker/volumes,fabric_peer2.irs3.kit.edu,other,28298137,28318218,20081
run_003,csr,csr_1772961300,csr-irs3-1772961300,csr-irs3-1772961300,,csr_voted,csr_approved,2026-03-08T09:15:05.54950473Z,2026-03-08T09:15:08.011803068Z,/var/lib/docker/volumes,fabric_peer3.irs3.kit.edu,other,28299562,28319643,20081
run_003,csr,csr_1772961300,csr-irs3-1772961300,csr-irs3-1772961300,,csr_approved,cert_registered,2026-03-08T09:15:08.011803068Z,2026-03-08T09:15:18.095446288Z,/var/lib/docker/volumes,002a2c976d26a3f9c7eff06e2f9efe095908dd0ee21b2715cc202589b435aec2,other,NA,NA,
run_003,csr,csr_1772961300,csr-irs3-1772961300,csr-irs3-1772961300,,csr_approved,cert_registered,2026-03-08T09:15:08.011803068Z,2026-03-08T09:15:18.095446288Z,/var/lib/docker/volumes,35a02607c21ea95db05e7150f71e6e704f4d6479a4a76375ed8ec3cbfc5ec094,other,NA,NA,
run_003,csr,csr_1772961300,csr-irs3-1772961300,csr-irs3-1772961300,,csr_approved,cert_registered,2026-03-08T09:15:08.011803068Z,2026-03-08T09:15:18.095446288Z,/var/lib/docker/volumes,791e62bfc17bf044236c3dcb5d77ec82610b27aa4d5f3c78aff2e2842f98f9ee,other,NA,NA,
run_003,csr,csr_1772961300,csr-irs3-1772961300,csr-irs3-1772961300,,csr_approved,cert_registered,2026-03-08T09:15:08.011803068Z,2026-03-08T09:15:18.095446288Z,/var/lib/docker/volumes,91dbb4452b1c3709e842113c225d65a63eab07cdac1110f244a9dfbdddb57dbf,other,NA,NA,
run_003,csr,csr_1772961300,csr-irs3-1772961300,csr-irs3-1772961300,,csr_approved,cert_registered,2026-03-08T09:15:08.011803068Z,2026-03-08T09:15:18.095446288Z,/var/lib/docker/volumes,99ac8c723665556c954d288ca00335f1fae5493d384cb656ecf5a945cc9ae3b8,other,NA,NA,
run_003,csr,csr_1772961300,csr-irs3-1772961300,csr-irs3-1772961300,,csr_approved,cert_registered,2026-03-08T09:15:08.011803068Z,2026-03-08T09:15:18.095446288Z,/var/lib/docker/volumes,ab96d922f06ec7a94f1b5200e75e480c9ed7eba86fbbe33b5cb9edbe031c6ea8,other,49770,49770,0
run_003,csr,csr_1772961300,csr-irs3-1772961300,csr-irs3-1772961300,,csr_approved,cert_registered,2026-03-08T09:15:08.011803068Z,2026-03-08T09:15:18.095446288Z,/var/lib/docker/volumes,b8143ef8453ad18871b4b4e0ba6041764a2cda76bc6f516fa468de5fd6585e72,other,49770,49770,0
run_003,csr,csr_1772961300,csr-irs3-1772961300,csr-irs3-1772961300,,csr_approved,cert_registered,2026-03-08T09:15:08.011803068Z,2026-03-08T09:15:18.095446288Z,/var/lib/docker/volumes,ce313f18292c11d1170b9839e1af2e5976d1858048740f79d790d8aed673a5a4,other,NA,NA,
run_003,csr,csr_1772961300,csr-irs3-1772961300,csr-irs3-1772961300,,csr_approved,cert_registered,2026-03-08T09:15:08.011803068Z,2026-03-08T09:15:18.095446288Z,/var/lib/docker/volumes,d9b7785a06954372515977133a1213437b80c5db1517196ca5e26134d3413ccf,other,NA,NA,
run_003,csr,csr_1772961300,csr-irs3-1772961300,csr-irs3-1772961300,,csr_approved,cert_registered,2026-03-08T09:15:08.011803068Z,2026-03-08T09:15:18.095446288Z,/var/lib/docker/volumes,e0eec01c85bd157680e466dd14073f2a433b51342ff770c3a292c984a51f226b,other,NA,NA,
run_003,csr,csr_1772961300,csr-irs3-1772961300,csr-irs3-1772961300,,csr_approved,cert_registered,2026-03-08T09:15:08.011803068Z,2026-03-08T09:15:18.095446288Z,/var/lib/docker/volumes,fabric_orderer.kit.edu,orderer,129821659,129861976,40317
run_003,csr,csr_1772961300,csr-irs3-1772961300,csr-irs3-1772961300,,csr_approved,cert_registered,2026-03-08T09:15:08.011803068Z,2026-03-08T09:15:18.095446288Z,/var/lib/docker/volumes,fabric_peer0.irs1.kit.edu,other,5006,5006,0
run_003,csr,csr_1772961300,csr-irs3-1772961300,csr-irs3-1772961300,,csr_approved,cert_registered,2026-03-08T09:15:08.011803068Z,2026-03-08T09:15:18.095446288Z,/var/lib/docker/volumes,fabric_peer0.irs3.kit.edu,peer,28319646,28371273,51627
run_003,csr,csr_1772961300,csr-irs3-1772961300,csr-irs3-1772961300,,csr_approved,cert_registered,2026-03-08T09:15:08.011803068Z,2026-03-08T09:15:18.095446288Z,/var/lib/docker/volumes,fabric_peer1.irs3.kit.edu,other,28318221,28369848,51627
run_003,csr,csr_1772961300,csr-irs3-1772961300,csr-irs3-1772961300,,csr_approved,cert_registered,2026-03-08T09:15:08.011803068Z,2026-03-08T09:15:18.095446288Z,/var/lib/docker/volumes,fabric_peer2.irs3.kit.edu,other,28318218,28369845,51627
run_003,csr,csr_1772961300,csr-irs3-1772961300,csr-irs3-1772961300,,csr_approved,cert_registered,2026-03-08T09:15:08.011803068Z,2026-03-08T09:15:18.095446288Z,/var/lib/docker/volumes,fabric_peer3.irs3.kit.edu,other,28319643,28371270,51627
run_003,csr,csr_1772961300,csr-irs3-1772961300,csr-irs3-1772961300,,cert_registered,operation_end,2026-03-08T09:15:18.095446288Z,2026-03-08T09:15:19.791885Z,/var/lib/docker/volumes,002a2c976d26a3f9c7eff06e2f9efe095908dd0ee21b2715cc202589b435aec2,other,NA,NA,
run_003,csr,csr_1772961300,csr-irs3-1772961300,csr-irs3-1772961300,,cert_registered,operation_end,2026-03-08T09:15:18.095446288Z,2026-03-08T09:15:19.791885Z,/var/lib/docker/volumes,35a02607c21ea95db05e7150f71e6e704f4d6479a4a76375ed8ec3cbfc5ec094,other,NA,NA,
run_003,csr,csr_1772961300,csr-irs3-1772961300,csr-irs3-1772961300,,cert_registered,operation_end,2026-03-08T09:15:18.095446288Z,2026-03-08T09:15:19.791885Z,/var/lib/docker/volumes,791e62bfc17bf044236c3dcb5d77ec82610b27aa4d5f3c78aff2e2842f98f9ee,other,NA,NA,
run_003,csr,csr_1772961300,csr-irs3-1772961300,csr-irs3-1772961300,,cert_registered,operation_end,2026-03-08T09:15:18.095446288Z,2026-03-08T09:15:19.791885Z,/var/lib/docker/volumes,91dbb4452b1c3709e842113c225d65a63eab07cdac1110f244a9dfbdddb57dbf,other,NA,NA,
run_003,csr,csr_1772961300,csr-irs3-1772961300,csr-irs3-1772961300,,cert_registered,operation_end,2026-03-08T09:15:18.095446288Z,2026-03-08T09:15:19.791885Z,/var/lib/docker/volumes,99ac8c723665556c954d288ca00335f1fae5493d384cb656ecf5a945cc9ae3b8,other,NA,NA,
run_003,csr,csr_1772961300,csr-irs3-1772961300,csr-irs3-1772961300,,cert_registered,operation_end,2026-03-08T09:15:18.095446288Z,2026-03-08T09:15:19.791885Z,/var/lib/docker/volumes,ab96d922f06ec7a94f1b5200e75e480c9ed7eba86fbbe33b5cb9edbe031c6ea8,other,49770,49770,0
run_003,csr,csr_1772961300,csr-irs3-1772961300,csr-irs3-1772961300,,cert_registered,operation_end,2026-03-08T09:15:18.095446288Z,2026-03-08T09:15:19.791885Z,/var/lib/docker/volumes,b8143ef8453ad18871b4b4e0ba6041764a2cda76bc6f516fa468de5fd6585e72,other,49770,49770,0
run_003,csr,csr_1772961300,csr-irs3-1772961300,csr-irs3-1772961300,,cert_registered,operation_end,2026-03-08T09:15:18.095446288Z,2026-03-08T09:15:19.791885Z,/var/lib/docker/volumes,ce313f18292c11d1170b9839e1af2e5976d1858048740f79d790d8aed673a5a4,other,NA,NA,
run_003,csr,csr_1772961300,csr-irs3-1772961300,csr-irs3-1772961300,,cert_registered,operation_end,2026-03-08T09:15:18.095446288Z,2026-03-08T09:15:19.791885Z,/var/lib/docker/volumes,d9b7785a06954372515977133a1213437b80c5db1517196ca5e26134d3413ccf,other,NA,NA,
run_003,csr,csr_1772961300,csr-irs3-1772961300,csr-irs3-1772961300,,cert_registered,operation_end,2026-03-08T09:15:18.095446288Z,2026-03-08T09:15:19.791885Z,/var/lib/docker/volumes,e0eec01c85bd157680e466dd14073f2a433b51342ff770c3a292c984a51f226b,other,NA,NA,
run_003,csr,csr_1772961300,csr-irs3-1772961300,csr-irs3-1772961300,,cert_registered,operation_end,2026-03-08T09:15:18.095446288Z,2026-03-08T09:15:19.791885Z,/var/lib/docker/volumes,fabric_orderer.kit.edu,orderer,129861976,129861976,0
run_003,csr,csr_1772961300,csr-irs3-1772961300,csr-irs3-1772961300,,cert_registered,operation_end,2026-03-08T09:15:18.095446288Z,2026-03-08T09:15:19.791885Z,/var/lib/docker/volumes,fabric_peer0.irs1.kit.edu,other,5006,5006,0
run_003,csr,csr_1772961300,csr-irs3-1772961300,csr-irs3-1772961300,,cert_registered,operation_end,2026-03-08T09:15:18.095446288Z,2026-03-08T09:15:19.791885Z,/var/lib/docker/volumes,fabric_peer0.irs3.kit.edu,peer,28371273,28371273,0
run_003,csr,csr_1772961300,csr-irs3-1772961300,csr-irs3-1772961300,,cert_registered,operation_end,2026-03-08T09:15:18.095446288Z,2026-03-08T09:15:19.791885Z,/var/lib/docker/volumes,fabric_peer1.irs3.kit.edu,other,28369848,28369848,0
run_003,csr,csr_1772961300,csr-irs3-1772961300,csr-irs3-1772961300,,cert_registered,operation_end,2026-03-08T09:15:18.095446288Z,2026-03-08T09:15:19.791885Z,/var/lib/docker/volumes,fabric_peer2.irs3.kit.edu,other,28369845,28369845,0
run_003,csr,csr_1772961300,csr-irs3-1772961300,csr-irs3-1772961300,,cert_registered,operation_end,2026-03-08T09:15:18.095446288Z,2026-03-08T09:15:19.791885Z,/var/lib/docker/volumes,fabric_peer3.irs3.kit.edu,other,28371270,28371270,0
run_003,revocation,revocation_1772961340,revoke-irs3-1772961340,revoke-irs3-1772961340,,operation_start,revocation_submit_done,2026-03-08T09:15:40.196419Z,2026-03-08T09:15:42.519397Z,/var/lib/docker/volumes,002a2c976d26a3f9c7eff06e2f9efe095908dd0ee21b2715cc202589b435aec2,other,NA,NA,
run_003,revocation,revocation_1772961340,revoke-irs3-1772961340,revoke-irs3-1772961340,,operation_start,revocation_submit_done,2026-03-08T09:15:40.196419Z,2026-03-08T09:15:42.519397Z,/var/lib/docker/volumes,35a02607c21ea95db05e7150f71e6e704f4d6479a4a76375ed8ec3cbfc5ec094,other,NA,NA,
run_003,revocation,revocation_1772961340,revoke-irs3-1772961340,revoke-irs3-1772961340,,operation_start,revocation_submit_done,2026-03-08T09:15:40.196419Z,2026-03-08T09:15:42.519397Z,/var/lib/docker/volumes,791e62bfc17bf044236c3dcb5d77ec82610b27aa4d5f3c78aff2e2842f98f9ee,other,NA,NA,
run_003,revocation,revocation_1772961340,revoke-irs3-1772961340,revoke-irs3-1772961340,,operation_start,revocation_submit_done,2026-03-08T09:15:40.196419Z,2026-03-08T09:15:42.519397Z,/var/lib/docker/volumes,91dbb4452b1c3709e842113c225d65a63eab07cdac1110f244a9dfbdddb57dbf,other,NA,NA,
run_003,revocation,revocation_1772961340,revoke-irs3-1772961340,revoke-irs3-1772961340,,operation_start,revocation_submit_done,2026-03-08T09:15:40.196419Z,2026-03-08T09:15:42.519397Z,/var/lib/docker/volumes,99ac8c723665556c954d288ca00335f1fae5493d384cb656ecf5a945cc9ae3b8,other,NA,NA,
run_003,revocation,revocation_1772961340,revoke-irs3-1772961340,revoke-irs3-1772961340,,operation_start,revocation_submit_done,2026-03-08T09:15:40.196419Z,2026-03-08T09:15:42.519397Z,/var/lib/docker/volumes,ab96d922f06ec7a94f1b5200e75e480c9ed7eba86fbbe33b5cb9edbe031c6ea8,other,49770,49770,0
run_003,revocation,revocation_1772961340,revoke-irs3-1772961340,revoke-irs3-1772961340,,operation_start,revocation_submit_done,2026-03-08T09:15:40.196419Z,2026-03-08T09:15:42.519397Z,/var/lib/docker/volumes,b8143ef8453ad18871b4b4e0ba6041764a2cda76bc6f516fa468de5fd6585e72,other,49770,49770,0
run_003,revocation,revocation_1772961340,revoke-irs3-1772961340,revoke-irs3-1772961340,,operation_start,revocation_submit_done,2026-03-08T09:15:40.196419Z,2026-03-08T09:15:42.519397Z,/var/lib/docker/volumes,ce313f18292c11d1170b9839e1af2e5976d1858048740f79d790d8aed673a5a4,other,NA,NA,
run_003,revocation,revocation_1772961340,revoke-irs3-1772961340,revoke-irs3-1772961340,,operation_start,revocation_submit_done,2026-03-08T09:15:40.196419Z,2026-03-08T09:15:42.519397Z,/var/lib/docker/volumes,d9b7785a06954372515977133a1213437b80c5db1517196ca5e26134d3413ccf,other,NA,NA,
run_003,revocation,revocation_1772961340,revoke-irs3-1772961340,revoke-irs3-1772961340,,operation_start,revocation_submit_done,2026-03-08T09:15:40.196419Z,2026-03-08T09:15:42.519397Z,/var/lib/docker/volumes,e0eec01c85bd157680e466dd14073f2a433b51342ff770c3a292c984a51f226b,other,NA,NA,
run_003,revocation,revocation_1772961340,revoke-irs3-1772961340,revoke-irs3-1772961340,,operation_start,revocation_submit_done,2026-03-08T09:15:40.196419Z,2026-03-08T09:15:42.519397Z,/var/lib/docker/volumes,fabric_orderer.kit.edu,orderer,129861976,129869172,7196
run_003,revocation,revocation_1772961340,revoke-irs3-1772961340,revoke-irs3-1772961340,,operation_start,revocation_submit_done,2026-03-08T09:15:40.196419Z,2026-03-08T09:15:42.519397Z,/var/lib/docker/volumes,fabric_peer0.irs1.kit.edu,other,5006,5006,0
run_003,revocation,revocation_1772961340,revoke-irs3-1772961340,revoke-irs3-1772961340,,operation_start,revocation_submit_done,2026-03-08T09:15:40.196419Z,2026-03-08T09:15:42.519397Z,/var/lib/docker/volumes,fabric_peer0.irs3.kit.edu,peer,28371273,28379501,8228
run_003,revocation,revocation_1772961340,revoke-irs3-1772961340,revoke-irs3-1772961340,,operation_start,revocation_submit_done,2026-03-08T09:15:40.196419Z,2026-03-08T09:15:42.519397Z,/var/lib/docker/volumes,fabric_peer1.irs3.kit.edu,other,28369848,28378076,8228
run_003,revocation,revocation_1772961340,revoke-irs3-1772961340,revoke-irs3-1772961340,,operation_start,revocation_submit_done,2026-03-08T09:15:40.196419Z,2026-03-08T09:15:42.519397Z,/var/lib/docker/volumes,fabric_peer2.irs3.kit.edu,other,28369845,28378073,8228
run_003,revocation,revocation_1772961340,revoke-irs3-1772961340,revoke-irs3-1772961340,,operation_start,revocation_submit_done,2026-03-08T09:15:40.196419Z,2026-03-08T09:15:42.519397Z,/var/lib/docker/volumes,fabric_peer3.irs3.kit.edu,other,28371270,28379498,8228
run_003,revocation,revocation_1772961340,revoke-irs3-1772961340,revoke-irs3-1772961340,,revocation_submit_done,revocation_voted,2026-03-08T09:15:42.519397Z,2026-03-08T09:15:44.819268911Z,/var/lib/docker/volumes,002a2c976d26a3f9c7eff06e2f9efe095908dd0ee21b2715cc202589b435aec2,other,NA,NA,
run_003,revocation,revocation_1772961340,revoke-irs3-1772961340,revoke-irs3-1772961340,,revocation_submit_done,revocation_voted,2026-03-08T09:15:42.519397Z,2026-03-08T09:15:44.819268911Z,/var/lib/docker/volumes,35a02607c21ea95db05e7150f71e6e704f4d6479a4a76375ed8ec3cbfc5ec094,other,NA,NA,
run_003,revocation,revocation_1772961340,revoke-irs3-1772961340,revoke-irs3-1772961340,,revocation_submit_done,revocation_voted,2026-03-08T09:15:42.519397Z,2026-03-08T09:15:44.819268911Z,/var/lib/docker/volumes,791e62bfc17bf044236c3dcb5d77ec82610b27aa4d5f3c78aff2e2842f98f9ee,other,NA,NA,
run_003,revocation,revocation_1772961340,revoke-irs3-1772961340,revoke-irs3-1772961340,,revocation_submit_done,revocation_voted,2026-03-08T09:15:42.519397Z,2026-03-08T09:15:44.819268911Z,/var/lib/docker/volumes,91dbb4452b1c3709e842113c225d65a63eab07cdac1110f244a9dfbdddb57dbf,other,NA,NA,
run_003,revocation,revocation_1772961340,revoke-irs3-1772961340,revoke-irs3-1772961340,,revocation_submit_done,revocation_voted,2026-03-08T09:15:42.519397Z,2026-03-08T09:15:44.819268911Z,/var/lib/docker/volumes,99ac8c723665556c954d288ca00335f1fae5493d384cb656ecf5a945cc9ae3b8,other,NA,NA,
run_003,revocation,revocation_1772961340,revoke-irs3-1772961340,revoke-irs3-1772961340,,revocation_submit_done,revocation_voted,2026-03-08T09:15:42.519397Z,2026-03-08T09:15:44.819268911Z,/var/lib/docker/volumes,ab96d922f06ec7a94f1b5200e75e480c9ed7eba86fbbe33b5cb9edbe031c6ea8,other,49770,49770,0
run_003,revocation,revocation_1772961340,revoke-irs3-1772961340,revoke-irs3-1772961340,,revocation_submit_done,revocation_voted,2026-03-08T09:15:42.519397Z,2026-03-08T09:15:44.819268911Z,/var/lib/docker/volumes,b8143ef8453ad18871b4b4e0ba6041764a2cda76bc6f516fa468de5fd6585e72,other,49770,49770,0
run_003,revocation,revocation_1772961340,revoke-irs3-1772961340,revoke-irs3-1772961340,,revocation_submit_done,revocation_voted,2026-03-08T09:15:42.519397Z,2026-03-08T09:15:44.819268911Z,/var/lib/docker/volumes,ce313f18292c11d1170b9839e1af2e5976d1858048740f79d790d8aed673a5a4,other,NA,NA,
run_003,revocation,revocation_1772961340,revoke-irs3-1772961340,revoke-irs3-1772961340,,revocation_submit_done,revocation_voted,2026-03-08T09:15:42.519397Z,2026-03-08T09:15:44.819268911Z,/var/lib/docker/volumes,d9b7785a06954372515977133a1213437b80c5db1517196ca5e26134d3413ccf,other,NA,NA,
run_003,revocation,revocation_1772961340,revoke-irs3-1772961340,revoke-irs3-1772961340,,revocation_submit_done,revocation_voted,2026-03-08T09:15:42.519397Z,2026-03-08T09:15:44.819268911Z,/var/lib/docker/volumes,e0eec01c85bd157680e466dd14073f2a433b51342ff770c3a292c984a51f226b,other,NA,NA,
run_003,revocation,revocation_1772961340,revoke-irs3-1772961340,revoke-irs3-1772961340,,revocation_submit_done,revocation_voted,2026-03-08T09:15:42.519397Z,2026-03-08T09:15:44.819268911Z,/var/lib/docker/volumes,fabric_orderer.kit.edu,orderer,129869172,129883636,14464
run_003,revocation,revocation_1772961340,revoke-irs3-1772961340,revoke-irs3-1772961340,,revocation_submit_done,revocation_voted,2026-03-08T09:15:42.519397Z,2026-03-08T09:15:44.819268911Z,/var/lib/docker/volumes,fabric_peer0.irs1.kit.edu,other,5006,5006,0
run_003,revocation,revocation_1772961340,revoke-irs3-1772961340,revoke-irs3-1772961340,,revocation_submit_done,revocation_voted,2026-03-08T09:15:42.519397Z,2026-03-08T09:15:44.819268911Z,/var/lib/docker/volumes,fabric_peer0.irs3.kit.edu,peer,28379501,28396068,16567
run_003,revocation,revocation_1772961340,revoke-irs3-1772961340,revoke-irs3-1772961340,,revocation_submit_done,revocation_voted,2026-03-08T09:15:42.519397Z,2026-03-08T09:15:44.819268911Z,/var/lib/docker/volumes,fabric_peer1.irs3.kit.edu,other,28378076,28394643,16567
run_003,revocation,revocation_1772961340,revoke-irs3-1772961340,revoke-irs3-1772961340,,revocation_submit_done,revocation_voted,2026-03-08T09:15:42.519397Z,2026-03-08T09:15:44.819268911Z,/var/lib/docker/volumes,fabric_peer2.irs3.kit.edu,other,28378073,28394640,16567
run_003,revocation,revocation_1772961340,revoke-irs3-1772961340,revoke-irs3-1772961340,,revocation_submit_done,revocation_voted,2026-03-08T09:15:42.519397Z,2026-03-08T09:15:44.819268911Z,/var/lib/docker/volumes,fabric_peer3.irs3.kit.edu,other,28379498,28396065,16567
run_003,revocation,revocation_1772961340,revoke-irs3-1772961340,revoke-irs3-1772961340,,revocation_voted,revocation_executed,2026-03-08T09:15:44.819268911Z,2026-03-08T09:15:47.265803037Z,/var/lib/docker/volumes,002a2c976d26a3f9c7eff06e2f9efe095908dd0ee21b2715cc202589b435aec2,other,NA,NA,
run_003,revocation,revocation_1772961340,revoke-irs3-1772961340,revoke-irs3-1772961340,,revocation_voted,revocation_executed,2026-03-08T09:15:44.819268911Z,2026-03-08T09:15:47.265803037Z,/var/lib/docker/volumes,35a02607c21ea95db05e7150f71e6e704f4d6479a4a76375ed8ec3cbfc5ec094,other,NA,NA,
run_003,revocation,revocation_1772961340,revoke-irs3-1772961340,revoke-irs3-1772961340,,revocation_voted,revocation_executed,2026-03-08T09:15:44.819268911Z,2026-03-08T09:15:47.265803037Z,/var/lib/docker/volumes,791e62bfc17bf044236c3dcb5d77ec82610b27aa4d5f3c78aff2e2842f98f9ee,other,NA,NA,
run_003,revocation,revocation_1772961340,revoke-irs3-1772961340,revoke-irs3-1772961340,,revocation_voted,revocation_executed,2026-03-08T09:15:44.819268911Z,2026-03-08T09:15:47.265803037Z,/var/lib/docker/volumes,91dbb4452b1c3709e842113c225d65a63eab07cdac1110f244a9dfbdddb57dbf,other,NA,NA,
run_003,revocation,revocation_1772961340,revoke-irs3-1772961340,revoke-irs3-1772961340,,revocation_voted,revocation_executed,2026-03-08T09:15:44.819268911Z,2026-03-08T09:15:47.265803037Z,/var/lib/docker/volumes,99ac8c723665556c954d288ca00335f1fae5493d384cb656ecf5a945cc9ae3b8,other,NA,NA,
run_003,revocation,revocation_1772961340,revoke-irs3-1772961340,revoke-irs3-1772961340,,revocation_voted,revocation_executed,2026-03-08T09:15:44.819268911Z,2026-03-08T09:15:47.265803037Z,/var/lib/docker/volumes,ab96d922f06ec7a94f1b5200e75e480c9ed7eba86fbbe33b5cb9edbe031c6ea8,other,49770,49770,0
run_003,revocation,revocation_1772961340,revoke-irs3-1772961340,revoke-irs3-1772961340,,revocation_voted,revocation_executed,2026-03-08T09:15:44.819268911Z,2026-03-08T09:15:47.265803037Z,/var/lib/docker/volumes,b8143ef8453ad18871b4b4e0ba6041764a2cda76bc6f516fa468de5fd6585e72,other,49770,49770,0
run_003,revocation,revocation_1772961340,revoke-irs3-1772961340,revoke-irs3-1772961340,,revocation_voted,revocation_executed,2026-03-08T09:15:44.819268911Z,2026-03-08T09:15:47.265803037Z,/var/lib/docker/volumes,ce313f18292c11d1170b9839e1af2e5976d1858048740f79d790d8aed673a5a4,other,NA,NA,
run_003,revocation,revocation_1772961340,revoke-irs3-1772961340,revoke-irs3-1772961340,,revocation_voted,revocation_executed,2026-03-08T09:15:44.819268911Z,2026-03-08T09:15:47.265803037Z,/var/lib/docker/volumes,d9b7785a06954372515977133a1213437b80c5db1517196ca5e26134d3413ccf,other,NA,NA,
run_003,revocation,revocation_1772961340,revoke-irs3-1772961340,revoke-irs3-1772961340,,revocation_voted,revocation_executed,2026-03-08T09:15:44.819268911Z,2026-03-08T09:15:47.265803037Z,/var/lib/docker/volumes,e0eec01c85bd157680e466dd14073f2a433b51342ff770c3a292c984a51f226b,other,NA,NA,
run_003,revocation,revocation_1772961340,revoke-irs3-1772961340,revoke-irs3-1772961340,,revocation_voted,revocation_executed,2026-03-08T09:15:44.819268911Z,2026-03-08T09:15:47.265803037Z,/var/lib/docker/volumes,fabric_orderer.kit.edu,orderer,129883636,129904708,21072
run_003,revocation,revocation_1772961340,revoke-irs3-1772961340,revoke-irs3-1772961340,,revocation_voted,revocation_executed,2026-03-08T09:15:44.819268911Z,2026-03-08T09:15:47.265803037Z,/var/lib/docker/volumes,fabric_peer0.irs1.kit.edu,other,5006,5006,0
run_003,revocation,revocation_1772961340,revoke-irs3-1772961340,revoke-irs3-1772961340,,revocation_voted,revocation_executed,2026-03-08T09:15:44.819268911Z,2026-03-08T09:15:47.265803037Z,/var/lib/docker/volumes,fabric_peer0.irs3.kit.edu,peer,28396068,28422808,26740
run_003,revocation,revocation_1772961340,revoke-irs3-1772961340,revoke-irs3-1772961340,,revocation_voted,revocation_executed,2026-03-08T09:15:44.819268911Z,2026-03-08T09:15:47.265803037Z,/var/lib/docker/volumes,fabric_peer1.irs3.kit.edu,other,28394643,28421383,26740
run_003,revocation,revocation_1772961340,revoke-irs3-1772961340,revoke-irs3-1772961340,,revocation_voted,revocation_executed,2026-03-08T09:15:44.819268911Z,2026-03-08T09:15:47.265803037Z,/var/lib/docker/volumes,fabric_peer2.irs3.kit.edu,other,28394640,28421380,26740
run_003,revocation,revocation_1772961340,revoke-irs3-1772961340,revoke-irs3-1772961340,,revocation_voted,revocation_executed,2026-03-08T09:15:44.819268911Z,2026-03-08T09:15:47.265803037Z,/var/lib/docker/volumes,fabric_peer3.irs3.kit.edu,other,28396065,28422805,26740
run_003,revocation,revocation_1772961340,revoke-irs3-1772961340,revoke-irs3-1772961340,,revocation_executed,operation_end,2026-03-08T09:15:47.265803037Z,2026-03-08T09:15:48.922820Z,/var/lib/docker/volumes,002a2c976d26a3f9c7eff06e2f9efe095908dd0ee21b2715cc202589b435aec2,other,NA,NA,
run_003,revocation,revocation_1772961340,revoke-irs3-1772961340,revoke-irs3-1772961340,,revocation_executed,operation_end,2026-03-08T09:15:47.265803037Z,2026-03-08T09:15:48.922820Z,/var/lib/docker/volumes,35a02607c21ea95db05e7150f71e6e704f4d6479a4a76375ed8ec3cbfc5ec094,other,NA,NA,
run_003,revocation,revocation_1772961340,revoke-irs3-1772961340,revoke-irs3-1772961340,,revocation_executed,operation_end,2026-03-08T09:15:47.265803037Z,2026-03-08T09:15:48.922820Z,/var/lib/docker/volumes,791e62bfc17bf044236c3dcb5d77ec82610b27aa4d5f3c78aff2e2842f98f9ee,other,NA,NA,
run_003,revocation,revocation_1772961340,revoke-irs3-1772961340,revoke-irs3-1772961340,,revocation_executed,operation_end,2026-03-08T09:15:47.265803037Z,2026-03-08T09:15:48.922820Z,/var/lib/docker/volumes,91dbb4452b1c3709e842113c225d65a63eab07cdac1110f244a9dfbdddb57dbf,other,NA,NA,
run_003,revocation,revocation_1772961340,revoke-irs3-1772961340,revoke-irs3-1772961340,,revocation_executed,operation_end,2026-03-08T09:15:47.265803037Z,2026-03-08T09:15:48.922820Z,/var/lib/docker/volumes,99ac8c723665556c954d288ca00335f1fae5493d384cb656ecf5a945cc9ae3b8,other,NA,NA,
run_003,revocation,revocation_1772961340,revoke-irs3-1772961340,revoke-irs3-1772961340,,revocation_executed,operation_end,2026-03-08T09:15:47.265803037Z,2026-03-08T09:15:48.922820Z,/var/lib/docker/volumes,ab96d922f06ec7a94f1b5200e75e480c9ed7eba86fbbe33b5cb9edbe031c6ea8,other,49770,49770,0
run_003,revocation,revocation_1772961340,revoke-irs3-1772961340,revoke-irs3-1772961340,,revocation_executed,operation_end,2026-03-08T09:15:47.265803037Z,2026-03-08T09:15:48.922820Z,/var/lib/docker/volumes,b8143ef8453ad18871b4b4e0ba6041764a2cda76bc6f516fa468de5fd6585e72,other,49770,49770,0
run_003,revocation,revocation_1772961340,revoke-irs3-1772961340,revoke-irs3-1772961340,,revocation_executed,operation_end,2026-03-08T09:15:47.265803037Z,2026-03-08T09:15:48.922820Z,/var/lib/docker/volumes,ce313f18292c11d1170b9839e1af2e5976d1858048740f79d790d8aed673a5a4,other,NA,NA,
run_003,revocation,revocation_1772961340,revoke-irs3-1772961340,revoke-irs3-1772961340,,revocation_executed,operation_end,2026-03-08T09:15:47.265803037Z,2026-03-08T09:15:48.922820Z,/var/lib/docker/volumes,d9b7785a06954372515977133a1213437b80c5db1517196ca5e26134d3413ccf,other,NA,NA,
run_003,revocation,revocation_1772961340,revoke-irs3-1772961340,revoke-irs3-1772961340,,revocation_executed,operation_end,2026-03-08T09:15:47.265803037Z,2026-03-08T09:15:48.922820Z,/var/lib/docker/volumes,e0eec01c85bd157680e466dd14073f2a433b51342ff770c3a292c984a51f226b,other,NA,NA,
run_003,revocation,revocation_1772961340,revoke-irs3-1772961340,revoke-irs3-1772961340,,revocation_executed,operation_end,2026-03-08T09:15:47.265803037Z,2026-03-08T09:15:48.922820Z,/var/lib/docker/volumes,fabric_orderer.kit.edu,orderer,129904708,129904708,0
run_003,revocation,revocation_1772961340,revoke-irs3-1772961340,revoke-irs3-1772961340,,revocation_executed,operation_end,2026-03-08T09:15:47.265803037Z,2026-03-08T09:15:48.922820Z,/var/lib/docker/volumes,fabric_peer0.irs1.kit.edu,other,5006,5006,0
run_003,revocation,revocation_1772961340,revoke-irs3-1772961340,revoke-irs3-1772961340,,revocation_executed,operation_end,2026-03-08T09:15:47.265803037Z,2026-03-08T09:15:48.922820Z,/var/lib/docker/volumes,fabric_peer0.irs3.kit.edu,peer,28422808,28422808,0
run_003,revocation,revocation_1772961340,revoke-irs3-1772961340,revoke-irs3-1772961340,,revocation_executed,operation_end,2026-03-08T09:15:47.265803037Z,2026-03-08T09:15:48.922820Z,/var/lib/docker/volumes,fabric_peer1.irs3.kit.edu,other,28421383,28421383,0
run_003,revocation,revocation_1772961340,revoke-irs3-1772961340,revoke-irs3-1772961340,,revocation_executed,operation_end,2026-03-08T09:15:47.265803037Z,2026-03-08T09:15:48.922820Z,/var/lib/docker/volumes,fabric_peer2.irs3.kit.edu,other,28421380,28421380,0
run_003,revocation,revocation_1772961340,revoke-irs3-1772961340,revoke-irs3-1772961340,,revocation_executed,operation_end,2026-03-08T09:15:47.265803037Z,2026-03-08T09:15:48.922820Z,/var/lib/docker/volumes,fabric_peer3.irs3.kit.edu,other,28422805,28422805,0
run_003,removal,removal_1772961367,remove-irs3-member1-1772961367,remove-irs3-member1-1772961367,8,operation_start,removal_submit_done,2026-03-08T09:16:07.240914Z,2026-03-08T09:16:09.590107Z,/var/lib/docker/volumes,002a2c976d26a3f9c7eff06e2f9efe095908dd0ee21b2715cc202589b435aec2,other,NA,NA,
run_003,removal,removal_1772961367,remove-irs3-member1-1772961367,remove-irs3-member1-1772961367,8,operation_start,removal_submit_done,2026-03-08T09:16:07.240914Z,2026-03-08T09:16:09.590107Z,/var/lib/docker/volumes,35a02607c21ea95db05e7150f71e6e704f4d6479a4a76375ed8ec3cbfc5ec094,other,NA,NA,
run_003,removal,removal_1772961367,remove-irs3-member1-1772961367,remove-irs3-member1-1772961367,8,operation_start,removal_submit_done,2026-03-08T09:16:07.240914Z,2026-03-08T09:16:09.590107Z,/var/lib/docker/volumes,791e62bfc17bf044236c3dcb5d77ec82610b27aa4d5f3c78aff2e2842f98f9ee,other,NA,NA,
run_003,removal,removal_1772961367,remove-irs3-member1-1772961367,remove-irs3-member1-1772961367,8,operation_start,removal_submit_done,2026-03-08T09:16:07.240914Z,2026-03-08T09:16:09.590107Z,/var/lib/docker/volumes,91dbb4452b1c3709e842113c225d65a63eab07cdac1110f244a9dfbdddb57dbf,other,NA,NA,
run_003,removal,removal_1772961367,remove-irs3-member1-1772961367,remove-irs3-member1-1772961367,8,operation_start,removal_submit_done,2026-03-08T09:16:07.240914Z,2026-03-08T09:16:09.590107Z,/var/lib/docker/volumes,99ac8c723665556c954d288ca00335f1fae5493d384cb656ecf5a945cc9ae3b8,other,NA,NA,
run_003,removal,removal_1772961367,remove-irs3-member1-1772961367,remove-irs3-member1-1772961367,8,operation_start,removal_submit_done,2026-03-08T09:16:07.240914Z,2026-03-08T09:16:09.590107Z,/var/lib/docker/volumes,ab96d922f06ec7a94f1b5200e75e480c9ed7eba86fbbe33b5cb9edbe031c6ea8,other,49770,49770,0
run_003,removal,removal_1772961367,remove-irs3-member1-1772961367,remove-irs3-member1-1772961367,8,operation_start,removal_submit_done,2026-03-08T09:16:07.240914Z,2026-03-08T09:16:09.590107Z,/var/lib/docker/volumes,b8143ef8453ad18871b4b4e0ba6041764a2cda76bc6f516fa468de5fd6585e72,other,49770,49770,0
run_003,removal,removal_1772961367,remove-irs3-member1-1772961367,remove-irs3-member1-1772961367,8,operation_start,removal_submit_done,2026-03-08T09:16:07.240914Z,2026-03-08T09:16:09.590107Z,/var/lib/docker/volumes,ce313f18292c11d1170b9839e1af2e5976d1858048740f79d790d8aed673a5a4,other,NA,NA,
run_003,removal,removal_1772961367,remove-irs3-member1-1772961367,remove-irs3-member1-1772961367,8,operation_start,removal_submit_done,2026-03-08T09:16:07.240914Z,2026-03-08T09:16:09.590107Z,/var/lib/docker/volumes,d9b7785a06954372515977133a1213437b80c5db1517196ca5e26134d3413ccf,other,NA,NA,
run_003,removal,removal_1772961367,remove-irs3-member1-1772961367,remove-irs3-member1-1772961367,8,operation_start,removal_submit_done,2026-03-08T09:16:07.240914Z,2026-03-08T09:16:09.590107Z,/var/lib/docker/volumes,e0eec01c85bd157680e466dd14073f2a433b51342ff770c3a292c984a51f226b,other,NA,NA,
run_003,removal,removal_1772961367,remove-irs3-member1-1772961367,remove-irs3-member1-1772961367,8,operation_start,removal_submit_done,2026-03-08T09:16:07.240914Z,2026-03-08T09:16:09.590107Z,/var/lib/docker/volumes,fabric_orderer.kit.edu,orderer,129904708,129912457,7749
run_003,removal,removal_1772961367,remove-irs3-member1-1772961367,remove-irs3-member1-1772961367,8,operation_start,removal_submit_done,2026-03-08T09:16:07.240914Z,2026-03-08T09:16:09.590107Z,/var/lib/docker/volumes,fabric_peer0.irs1.kit.edu,other,5006,5006,0
run_003,removal,removal_1772961367,remove-irs3-member1-1772961367,remove-irs3-member1-1772961367,8,operation_start,removal_submit_done,2026-03-08T09:16:07.240914Z,2026-03-08T09:16:09.590107Z,/var/lib/docker/volumes,fabric_peer0.irs3.kit.edu,peer,28422808,28431660,8852
run_003,removal,removal_1772961367,remove-irs3-member1-1772961367,remove-irs3-member1-1772961367,8,operation_start,removal_submit_done,2026-03-08T09:16:07.240914Z,2026-03-08T09:16:09.590107Z,/var/lib/docker/volumes,fabric_peer1.irs3.kit.edu,other,28421383,28430235,8852
run_003,removal,removal_1772961367,remove-irs3-member1-1772961367,remove-irs3-member1-1772961367,8,operation_start,removal_submit_done,2026-03-08T09:16:07.240914Z,2026-03-08T09:16:09.590107Z,/var/lib/docker/volumes,fabric_peer2.irs3.kit.edu,other,28421380,28430232,8852
run_003,removal,removal_1772961367,remove-irs3-member1-1772961367,remove-irs3-member1-1772961367,8,operation_start,removal_submit_done,2026-03-08T09:16:07.240914Z,2026-03-08T09:16:09.590107Z,/var/lib/docker/volumes,fabric_peer3.irs3.kit.edu,other,28422805,28431657,8852
run_003,removal,removal_1772961367,remove-irs3-member1-1772961367,remove-irs3-member1-1772961367,8,removal_submit_done,removal_voted,2026-03-08T09:16:09.590107Z,2026-03-08T09:16:12.558572251Z,/var/lib/docker/volumes,002a2c976d26a3f9c7eff06e2f9efe095908dd0ee21b2715cc202589b435aec2,other,NA,NA,
run_003,removal,removal_1772961367,remove-irs3-member1-1772961367,remove-irs3-member1-1772961367,8,removal_submit_done,removal_voted,2026-03-08T09:16:09.590107Z,2026-03-08T09:16:12.558572251Z,/var/lib/docker/volumes,35a02607c21ea95db05e7150f71e6e704f4d6479a4a76375ed8ec3cbfc5ec094,other,NA,NA,
run_003,removal,removal_1772961367,remove-irs3-member1-1772961367,remove-irs3-member1-1772961367,8,removal_submit_done,removal_voted,2026-03-08T09:16:09.590107Z,2026-03-08T09:16:12.558572251Z,/var/lib/docker/volumes,791e62bfc17bf044236c3dcb5d77ec82610b27aa4d5f3c78aff2e2842f98f9ee,other,NA,NA,
run_003,removal,removal_1772961367,remove-irs3-member1-1772961367,remove-irs3-member1-1772961367,8,removal_submit_done,removal_voted,2026-03-08T09:16:09.590107Z,2026-03-08T09:16:12.558572251Z,/var/lib/docker/volumes,91dbb4452b1c3709e842113c225d65a63eab07cdac1110f244a9dfbdddb57dbf,other,NA,NA,
run_003,removal,removal_1772961367,remove-irs3-member1-1772961367,remove-irs3-member1-1772961367,8,removal_submit_done,removal_voted,2026-03-08T09:16:09.590107Z,2026-03-08T09:16:12.558572251Z,/var/lib/docker/volumes,99ac8c723665556c954d288ca00335f1fae5493d384cb656ecf5a945cc9ae3b8,other,NA,NA,
run_003,removal,removal_1772961367,remove-irs3-member1-1772961367,remove-irs3-member1-1772961367,8,removal_submit_done,removal_voted,2026-03-08T09:16:09.590107Z,2026-03-08T09:16:12.558572251Z,/var/lib/docker/volumes,ab96d922f06ec7a94f1b5200e75e480c9ed7eba86fbbe33b5cb9edbe031c6ea8,other,49770,49770,0
run_003,removal,removal_1772961367,remove-irs3-member1-1772961367,remove-irs3-member1-1772961367,8,removal_submit_done,removal_voted,2026-03-08T09:16:09.590107Z,2026-03-08T09:16:12.558572251Z,/var/lib/docker/volumes,b8143ef8453ad18871b4b4e0ba6041764a2cda76bc6f516fa468de5fd6585e72,other,49770,49770,0
run_003,removal,removal_1772961367,remove-irs3-member1-1772961367,remove-irs3-member1-1772961367,8,removal_submit_done,removal_voted,2026-03-08T09:16:09.590107Z,2026-03-08T09:16:12.558572251Z,/var/lib/docker/volumes,ce313f18292c11d1170b9839e1af2e5976d1858048740f79d790d8aed673a5a4,other,NA,NA,
run_003,removal,removal_1772961367,remove-irs3-member1-1772961367,remove-irs3-member1-1772961367,8,removal_submit_done,removal_voted,2026-03-08T09:16:09.590107Z,2026-03-08T09:16:12.558572251Z,/var/lib/docker/volumes,d9b7785a06954372515977133a1213437b80c5db1517196ca5e26134d3413ccf,other,NA,NA,
run_003,removal,removal_1772961367,remove-irs3-member1-1772961367,remove-irs3-member1-1772961367,8,removal_submit_done,removal_voted,2026-03-08T09:16:09.590107Z,2026-03-08T09:16:12.558572251Z,/var/lib/docker/volumes,e0eec01c85bd157680e466dd14073f2a433b51342ff770c3a292c984a51f226b,other,NA,NA,
run_003,removal,removal_1772961367,remove-irs3-member1-1772961367,remove-irs3-member1-1772961367,8,removal_submit_done,removal_voted,2026-03-08T09:16:09.590107Z,2026-03-08T09:16:12.558572251Z,/var/lib/docker/volumes,fabric_orderer.kit.edu,orderer,129912457,129927493,15036
run_003,removal,removal_1772961367,remove-irs3-member1-1772961367,remove-irs3-member1-1772961367,8,removal_submit_done,removal_voted,2026-03-08T09:16:09.590107Z,2026-03-08T09:16:12.558572251Z,/var/lib/docker/volumes,fabric_peer0.irs1.kit.edu,other,5006,5006,0
run_003,removal,removal_1772961367,remove-irs3-member1-1772961367,remove-irs3-member1-1772961367,8,removal_submit_done,removal_voted,2026-03-08T09:16:09.590107Z,2026-03-08T09:16:12.558572251Z,/var/lib/docker/volumes,fabric_peer0.irs3.kit.edu,peer,28431660,28448910,17250
run_003,removal,removal_1772961367,remove-irs3-member1-1772961367,remove-irs3-member1-1772961367,8,removal_submit_done,removal_voted,2026-03-08T09:16:09.590107Z,2026-03-08T09:16:12.558572251Z,/var/lib/docker/volumes,fabric_peer1.irs3.kit.edu,other,28430235,28447485,17250
run_003,removal,removal_1772961367,remove-irs3-member1-1772961367,remove-irs3-member1-1772961367,8,removal_submit_done,removal_voted,2026-03-08T09:16:09.590107Z,2026-03-08T09:16:12.558572251Z,/var/lib/docker/volumes,fabric_peer2.irs3.kit.edu,other,28430232,28447482,17250
run_003,removal,removal_1772961367,remove-irs3-member1-1772961367,remove-irs3-member1-1772961367,8,removal_submit_done,removal_voted,2026-03-08T09:16:09.590107Z,2026-03-08T09:16:12.558572251Z,/var/lib/docker/volumes,fabric_peer3.irs3.kit.edu,other,28431657,28448907,17250
run_003,removal,removal_1772961367,remove-irs3-member1-1772961367,remove-irs3-member1-1772961367,8,removal_voted,removal_approved,2026-03-08T09:16:12.558572251Z,2026-03-08T09:16:14.756761607Z,/var/lib/docker/volumes,002a2c976d26a3f9c7eff06e2f9efe095908dd0ee21b2715cc202589b435aec2,other,NA,NA,
run_003,removal,removal_1772961367,remove-irs3-member1-1772961367,remove-irs3-member1-1772961367,8,removal_voted,removal_approved,2026-03-08T09:16:12.558572251Z,2026-03-08T09:16:14.756761607Z,/var/lib/docker/volumes,35a02607c21ea95db05e7150f71e6e704f4d6479a4a76375ed8ec3cbfc5ec094,other,NA,NA,
run_003,removal,removal_1772961367,remove-irs3-member1-1772961367,remove-irs3-member1-1772961367,8,removal_voted,removal_approved,2026-03-08T09:16:12.558572251Z,2026-03-08T09:16:14.756761607Z,/var/lib/docker/volumes,791e62bfc17bf044236c3dcb5d77ec82610b27aa4d5f3c78aff2e2842f98f9ee,other,NA,NA,
run_003,removal,removal_1772961367,remove-irs3-member1-1772961367,remove-irs3-member1-1772961367,8,removal_voted,removal_approved,2026-03-08T09:16:12.558572251Z,2026-03-08T09:16:14.756761607Z,/var/lib/docker/volumes,91dbb4452b1c3709e842113c225d65a63eab07cdac1110f244a9dfbdddb57dbf,other,NA,NA,
run_003,removal,removal_1772961367,remove-irs3-member1-1772961367,remove-irs3-member1-1772961367,8,removal_voted,removal_approved,2026-03-08T09:16:12.558572251Z,2026-03-08T09:16:14.756761607Z,/var/lib/docker/volumes,99ac8c723665556c954d288ca00335f1fae5493d384cb656ecf5a945cc9ae3b8,other,NA,NA,
run_003,removal,removal_1772961367,remove-irs3-member1-1772961367,remove-irs3-member1-1772961367,8,removal_voted,removal_approved,2026-03-08T09:16:12.558572251Z,2026-03-08T09:16:14.756761607Z,/var/lib/docker/volumes,ab96d922f06ec7a94f1b5200e75e480c9ed7eba86fbbe33b5cb9edbe031c6ea8,other,49770,49770,0
run_003,removal,removal_1772961367,remove-irs3-member1-1772961367,remove-irs3-member1-1772961367,8,removal_voted,removal_approved,2026-03-08T09:16:12.558572251Z,2026-03-08T09:16:14.756761607Z,/var/lib/docker/volumes,b8143ef8453ad18871b4b4e0ba6041764a2cda76bc6f516fa468de5fd6585e72,other,49770,49770,0
run_003,removal,removal_1772961367,remove-irs3-member1-1772961367,remove-irs3-member1-1772961367,8,removal_voted,removal_approved,2026-03-08T09:16:12.558572251Z,2026-03-08T09:16:14.756761607Z,/var/lib/docker/volumes,ce313f18292c11d1170b9839e1af2e5976d1858048740f79d790d8aed673a5a4,other,NA,NA,
run_003,removal,removal_1772961367,remove-irs3-member1-1772961367,remove-irs3-member1-1772961367,8,removal_voted,removal_approved,2026-03-08T09:16:12.558572251Z,2026-03-08T09:16:14.756761607Z,/var/lib/docker/volumes,d9b7785a06954372515977133a1213437b80c5db1517196ca5e26134d3413ccf,other,NA,NA,
run_003,removal,removal_1772961367,remove-irs3-member1-1772961367,remove-irs3-member1-1772961367,8,removal_voted,removal_approved,2026-03-08T09:16:12.558572251Z,2026-03-08T09:16:14.756761607Z,/var/lib/docker/volumes,e0eec01c85bd157680e466dd14073f2a433b51342ff770c3a292c984a51f226b,other,NA,NA,
run_003,removal,removal_1772961367,remove-irs3-member1-1772961367,remove-irs3-member1-1772961367,8,removal_voted,removal_approved,2026-03-08T09:16:12.558572251Z,2026-03-08T09:16:14.756761607Z,/var/lib/docker/volumes,fabric_orderer.kit.edu,orderer,129927493,129946541,19048
run_003,removal,removal_1772961367,remove-irs3-member1-1772961367,remove-irs3-member1-1772961367,8,removal_voted,removal_approved,2026-03-08T09:16:12.558572251Z,2026-03-08T09:16:14.756761607Z,/var/lib/docker/volumes,fabric_peer0.irs1.kit.edu,other,5006,5006,0
run_003,removal,removal_1772961367,remove-irs3-member1-1772961367,remove-irs3-member1-1772961367,8,removal_voted,removal_approved,2026-03-08T09:16:12.558572251Z,2026-03-08T09:16:14.756761607Z,/var/lib/docker/volumes,fabric_peer0.irs3.kit.edu,peer,28448910,28472539,23629
run_003,removal,removal_1772961367,remove-irs3-member1-1772961367,remove-irs3-member1-1772961367,8,removal_voted,removal_approved,2026-03-08T09:16:12.558572251Z,2026-03-08T09:16:14.756761607Z,/var/lib/docker/volumes,fabric_peer1.irs3.kit.edu,other,28447485,28471114,23629
run_003,removal,removal_1772961367,remove-irs3-member1-1772961367,remove-irs3-member1-1772961367,8,removal_voted,removal_approved,2026-03-08T09:16:12.558572251Z,2026-03-08T09:16:14.756761607Z,/var/lib/docker/volumes,fabric_peer2.irs3.kit.edu,other,28447482,28471111,23629
run_003,removal,removal_1772961367,remove-irs3-member1-1772961367,remove-irs3-member1-1772961367,8,removal_voted,removal_approved,2026-03-08T09:16:12.558572251Z,2026-03-08T09:16:14.756761607Z,/var/lib/docker/volumes,fabric_peer3.irs3.kit.edu,other,28448907,28472536,23629
run_003,removal,removal_1772961367,remove-irs3-member1-1772961367,remove-irs3-member1-1772961367,8,removal_approved,reshare_started,2026-03-08T09:16:14.756761607Z,2026-03-08T09:16:15.980171Z,/var/lib/docker/volumes,002a2c976d26a3f9c7eff06e2f9efe095908dd0ee21b2715cc202589b435aec2,other,NA,NA,
run_003,removal,removal_1772961367,remove-irs3-member1-1772961367,remove-irs3-member1-1772961367,8,removal_approved,reshare_started,2026-03-08T09:16:14.756761607Z,2026-03-08T09:16:15.980171Z,/var/lib/docker/volumes,35a02607c21ea95db05e7150f71e6e704f4d6479a4a76375ed8ec3cbfc5ec094,other,NA,NA,
run_003,removal,removal_1772961367,remove-irs3-member1-1772961367,remove-irs3-member1-1772961367,8,removal_approved,reshare_started,2026-03-08T09:16:14.756761607Z,2026-03-08T09:16:15.980171Z,/var/lib/docker/volumes,791e62bfc17bf044236c3dcb5d77ec82610b27aa4d5f3c78aff2e2842f98f9ee,other,NA,NA,
run_003,removal,removal_1772961367,remove-irs3-member1-1772961367,remove-irs3-member1-1772961367,8,removal_approved,reshare_started,2026-03-08T09:16:14.756761607Z,2026-03-08T09:16:15.980171Z,/var/lib/docker/volumes,91dbb4452b1c3709e842113c225d65a63eab07cdac1110f244a9dfbdddb57dbf,other,NA,NA,
run_003,removal,removal_1772961367,remove-irs3-member1-1772961367,remove-irs3-member1-1772961367,8,removal_approved,reshare_started,2026-03-08T09:16:14.756761607Z,2026-03-08T09:16:15.980171Z,/var/lib/docker/volumes,99ac8c723665556c954d288ca00335f1fae5493d384cb656ecf5a945cc9ae3b8,other,NA,NA,
run_003,removal,removal_1772961367,remove-irs3-member1-1772961367,remove-irs3-member1-1772961367,8,removal_approved,reshare_started,2026-03-08T09:16:14.756761607Z,2026-03-08T09:16:15.980171Z,/var/lib/docker/volumes,ab96d922f06ec7a94f1b5200e75e480c9ed7eba86fbbe33b5cb9edbe031c6ea8,other,49770,49770,0
run_003,removal,removal_1772961367,remove-irs3-member1-1772961367,remove-irs3-member1-1772961367,8,removal_approved,reshare_started,2026-03-08T09:16:14.756761607Z,2026-03-08T09:16:15.980171Z,/var/lib/docker/volumes,b8143ef8453ad18871b4b4e0ba6041764a2cda76bc6f516fa468de5fd6585e72,other,49770,49770,0
run_003,removal,removal_1772961367,remove-irs3-member1-1772961367,remove-irs3-member1-1772961367,8,removal_approved,reshare_started,2026-03-08T09:16:14.756761607Z,2026-03-08T09:16:15.980171Z,/var/lib/docker/volumes,ce313f18292c11d1170b9839e1af2e5976d1858048740f79d790d8aed673a5a4,other,NA,NA,
run_003,removal,removal_1772961367,remove-irs3-member1-1772961367,remove-irs3-member1-1772961367,8,removal_approved,reshare_started,2026-03-08T09:16:14.756761607Z,2026-03-08T09:16:15.980171Z,/var/lib/docker/volumes,d9b7785a06954372515977133a1213437b80c5db1517196ca5e26134d3413ccf,other,NA,NA,
run_003,removal,removal_1772961367,remove-irs3-member1-1772961367,remove-irs3-member1-1772961367,8,removal_approved,reshare_started,2026-03-08T09:16:14.756761607Z,2026-03-08T09:16:15.980171Z,/var/lib/docker/volumes,e0eec01c85bd157680e466dd14073f2a433b51342ff770c3a292c984a51f226b,other,NA,NA,
run_003,removal,removal_1772961367,remove-irs3-member1-1772961367,remove-irs3-member1-1772961367,8,removal_approved,reshare_started,2026-03-08T09:16:14.756761607Z,2026-03-08T09:16:15.980171Z,/var/lib/docker/volumes,fabric_orderer.kit.edu,orderer,129946541,129946541,0
run_003,removal,removal_1772961367,remove-irs3-member1-1772961367,remove-irs3-member1-1772961367,8,removal_approved,reshare_started,2026-03-08T09:16:14.756761607Z,2026-03-08T09:16:15.980171Z,/var/lib/docker/volumes,fabric_peer0.irs1.kit.edu,other,5006,5006,0
run_003,removal,removal_1772961367,remove-irs3-member1-1772961367,remove-irs3-member1-1772961367,8,removal_approved,reshare_started,2026-03-08T09:16:14.756761607Z,2026-03-08T09:16:15.980171Z,/var/lib/docker/volumes,fabric_peer0.irs3.kit.edu,peer,28472539,28472539,0
run_003,removal,removal_1772961367,remove-irs3-member1-1772961367,remove-irs3-member1-1772961367,8,removal_approved,reshare_started,2026-03-08T09:16:14.756761607Z,2026-03-08T09:16:15.980171Z,/var/lib/docker/volumes,fabric_peer1.irs3.kit.edu,other,28471114,28471114,0
run_003,removal,removal_1772961367,remove-irs3-member1-1772961367,remove-irs3-member1-1772961367,8,removal_approved,reshare_started,2026-03-08T09:16:14.756761607Z,2026-03-08T09:16:15.980171Z,/var/lib/docker/volumes,fabric_peer2.irs3.kit.edu,other,28471111,28471111,0
run_003,removal,removal_1772961367,remove-irs3-member1-1772961367,remove-irs3-member1-1772961367,8,removal_approved,reshare_started,2026-03-08T09:16:14.756761607Z,2026-03-08T09:16:15.980171Z,/var/lib/docker/volumes,fabric_peer3.irs3.kit.edu,other,28472536,28472536,0
run_003,removal,removal_1772961367,remove-irs3-member1-1772961367,remove-irs3-member1-1772961367,8,reshare_started,reshare_completed,2026-03-08T09:16:15.980171Z,2026-03-08T09:16:38.08698087Z,/var/lib/docker/volumes,002a2c976d26a3f9c7eff06e2f9efe095908dd0ee21b2715cc202589b435aec2,other,NA,NA,
run_003,removal,removal_1772961367,remove-irs3-member1-1772961367,remove-irs3-member1-1772961367,8,reshare_started,reshare_completed,2026-03-08T09:16:15.980171Z,2026-03-08T09:16:38.08698087Z,/var/lib/docker/volumes,35a02607c21ea95db05e7150f71e6e704f4d6479a4a76375ed8ec3cbfc5ec094,other,NA,NA,
run_003,removal,removal_1772961367,remove-irs3-member1-1772961367,remove-irs3-member1-1772961367,8,reshare_started,reshare_completed,2026-03-08T09:16:15.980171Z,2026-03-08T09:16:38.08698087Z,/var/lib/docker/volumes,791e62bfc17bf044236c3dcb5d77ec82610b27aa4d5f3c78aff2e2842f98f9ee,other,NA,NA,
run_003,removal,removal_1772961367,remove-irs3-member1-1772961367,remove-irs3-member1-1772961367,8,reshare_started,reshare_completed,2026-03-08T09:16:15.980171Z,2026-03-08T09:16:38.08698087Z,/var/lib/docker/volumes,91dbb4452b1c3709e842113c225d65a63eab07cdac1110f244a9dfbdddb57dbf,other,NA,NA,
run_003,removal,removal_1772961367,remove-irs3-member1-1772961367,remove-irs3-member1-1772961367,8,reshare_started,reshare_completed,2026-03-08T09:16:15.980171Z,2026-03-08T09:16:38.08698087Z,/var/lib/docker/volumes,99ac8c723665556c954d288ca00335f1fae5493d384cb656ecf5a945cc9ae3b8,other,NA,NA,
run_003,removal,removal_1772961367,remove-irs3-member1-1772961367,remove-irs3-member1-1772961367,8,reshare_started,reshare_completed,2026-03-08T09:16:15.980171Z,2026-03-08T09:16:38.08698087Z,/var/lib/docker/volumes,ab96d922f06ec7a94f1b5200e75e480c9ed7eba86fbbe33b5cb9edbe031c6ea8,other,49770,49770,0
run_003,removal,removal_1772961367,remove-irs3-member1-1772961367,remove-irs3-member1-1772961367,8,reshare_started,reshare_completed,2026-03-08T09:16:15.980171Z,2026-03-08T09:16:38.08698087Z,/var/lib/docker/volumes,b8143ef8453ad18871b4b4e0ba6041764a2cda76bc6f516fa468de5fd6585e72,other,49770,49770,0
run_003,removal,removal_1772961367,remove-irs3-member1-1772961367,remove-irs3-member1-1772961367,8,reshare_started,reshare_completed,2026-03-08T09:16:15.980171Z,2026-03-08T09:16:38.08698087Z,/var/lib/docker/volumes,ce313f18292c11d1170b9839e1af2e5976d1858048740f79d790d8aed673a5a4,other,NA,NA,
run_003,removal,removal_1772961367,remove-irs3-member1-1772961367,remove-irs3-member1-1772961367,8,reshare_started,reshare_completed,2026-03-08T09:16:15.980171Z,2026-03-08T09:16:38.08698087Z,/var/lib/docker/volumes,d9b7785a06954372515977133a1213437b80c5db1517196ca5e26134d3413ccf,other,NA,NA,
run_003,removal,removal_1772961367,remove-irs3-member1-1772961367,remove-irs3-member1-1772961367,8,reshare_started,reshare_completed,2026-03-08T09:16:15.980171Z,2026-03-08T09:16:38.08698087Z,/var/lib/docker/volumes,e0eec01c85bd157680e466dd14073f2a433b51342ff770c3a292c984a51f226b,other,NA,NA,
run_003,removal,removal_1772961367,remove-irs3-member1-1772961367,remove-irs3-member1-1772961367,8,reshare_started,reshare_completed,2026-03-08T09:16:15.980171Z,2026-03-08T09:16:38.08698087Z,/var/lib/docker/volumes,fabric_orderer.kit.edu,orderer,129946541,129998034,51493
run_003,removal,removal_1772961367,remove-irs3-member1-1772961367,remove-irs3-member1-1772961367,8,reshare_started,reshare_completed,2026-03-08T09:16:15.980171Z,2026-03-08T09:16:38.08698087Z,/var/lib/docker/volumes,fabric_peer0.irs1.kit.edu,other,5006,5006,0
run_003,removal,removal_1772961367,remove-irs3-member1-1772961367,remove-irs3-member1-1772961367,8,reshare_started,reshare_completed,2026-03-08T09:16:15.980171Z,2026-03-08T09:16:38.08698087Z,/var/lib/docker/volumes,fabric_peer0.irs3.kit.edu,peer,28472539,28533821,61282
run_003,removal,removal_1772961367,remove-irs3-member1-1772961367,remove-irs3-member1-1772961367,8,reshare_started,reshare_completed,2026-03-08T09:16:15.980171Z,2026-03-08T09:16:38.08698087Z,/var/lib/docker/volumes,fabric_peer1.irs3.kit.edu,other,28471114,28532396,61282
run_003,removal,removal_1772961367,remove-irs3-member1-1772961367,remove-irs3-member1-1772961367,8,reshare_started,reshare_completed,2026-03-08T09:16:15.980171Z,2026-03-08T09:16:38.08698087Z,/var/lib/docker/volumes,fabric_peer2.irs3.kit.edu,other,28471111,28532393,61282
run_003,removal,removal_1772961367,remove-irs3-member1-1772961367,remove-irs3-member1-1772961367,8,reshare_started,reshare_completed,2026-03-08T09:16:15.980171Z,2026-03-08T09:16:38.08698087Z,/var/lib/docker/volumes,fabric_peer3.irs3.kit.edu,other,28472536,28533818,61282
run_003,removal,removal_1772961367,remove-irs3-member1-1772961367,remove-irs3-member1-1772961367,8,reshare_completed,operation_end,2026-03-08T09:16:38.08698087Z,2026-03-08T09:16:38.406241Z,/var/lib/docker/volumes,002a2c976d26a3f9c7eff06e2f9efe095908dd0ee21b2715cc202589b435aec2,other,NA,NA,
run_003,removal,removal_1772961367,remove-irs3-member1-1772961367,remove-irs3-member1-1772961367,8,reshare_completed,operation_end,2026-03-08T09:16:38.08698087Z,2026-03-08T09:16:38.406241Z,/var/lib/docker/volumes,35a02607c21ea95db05e7150f71e6e704f4d6479a4a76375ed8ec3cbfc5ec094,other,NA,NA,
run_003,removal,removal_1772961367,remove-irs3-member1-1772961367,remove-irs3-member1-1772961367,8,reshare_completed,operation_end,2026-03-08T09:16:38.08698087Z,2026-03-08T09:16:38.406241Z,/var/lib/docker/volumes,791e62bfc17bf044236c3dcb5d77ec82610b27aa4d5f3c78aff2e2842f98f9ee,other,NA,NA,
run_003,removal,removal_1772961367,remove-irs3-member1-1772961367,remove-irs3-member1-1772961367,8,reshare_completed,operation_end,2026-03-08T09:16:38.08698087Z,2026-03-08T09:16:38.406241Z,/var/lib/docker/volumes,91dbb4452b1c3709e842113c225d65a63eab07cdac1110f244a9dfbdddb57dbf,other,NA,NA,
run_003,removal,removal_1772961367,remove-irs3-member1-1772961367,remove-irs3-member1-1772961367,8,reshare_completed,operation_end,2026-03-08T09:16:38.08698087Z,2026-03-08T09:16:38.406241Z,/var/lib/docker/volumes,99ac8c723665556c954d288ca00335f1fae5493d384cb656ecf5a945cc9ae3b8,other,NA,NA,
run_003,removal,removal_1772961367,remove-irs3-member1-1772961367,remove-irs3-member1-1772961367,8,reshare_completed,operation_end,2026-03-08T09:16:38.08698087Z,2026-03-08T09:16:38.406241Z,/var/lib/docker/volumes,ab96d922f06ec7a94f1b5200e75e480c9ed7eba86fbbe33b5cb9edbe031c6ea8,other,49770,49770,0
run_003,removal,removal_1772961367,remove-irs3-member1-1772961367,remove-irs3-member1-1772961367,8,reshare_completed,operation_end,2026-03-08T09:16:38.08698087Z,2026-03-08T09:16:38.406241Z,/var/lib/docker/volumes,b8143ef8453ad18871b4b4e0ba6041764a2cda76bc6f516fa468de5fd6585e72,other,49770,49770,0
run_003,removal,removal_1772961367,remove-irs3-member1-1772961367,remove-irs3-member1-1772961367,8,reshare_completed,operation_end,2026-03-08T09:16:38.08698087Z,2026-03-08T09:16:38.406241Z,/var/lib/docker/volumes,ce313f18292c11d1170b9839e1af2e5976d1858048740f79d790d8aed673a5a4,other,NA,NA,
run_003,removal,removal_1772961367,remove-irs3-member1-1772961367,remove-irs3-member1-1772961367,8,reshare_completed,operation_end,2026-03-08T09:16:38.08698087Z,2026-03-08T09:16:38.406241Z,/var/lib/docker/volumes,d9b7785a06954372515977133a1213437b80c5db1517196ca5e26134d3413ccf,other,NA,NA,
run_003,removal,removal_1772961367,remove-irs3-member1-1772961367,remove-irs3-member1-1772961367,8,reshare_completed,operation_end,2026-03-08T09:16:38.08698087Z,2026-03-08T09:16:38.406241Z,/var/lib/docker/volumes,e0eec01c85bd157680e466dd14073f2a433b51342ff770c3a292c984a51f226b,other,NA,NA,
run_003,removal,removal_1772961367,remove-irs3-member1-1772961367,remove-irs3-member1-1772961367,8,reshare_completed,operation_end,2026-03-08T09:16:38.08698087Z,2026-03-08T09:16:38.406241Z,/var/lib/docker/volumes,fabric_orderer.kit.edu,orderer,129998034,129998034,0
run_003,removal,removal_1772961367,remove-irs3-member1-1772961367,remove-irs3-member1-1772961367,8,reshare_completed,operation_end,2026-03-08T09:16:38.08698087Z,2026-03-08T09:16:38.406241Z,/var/lib/docker/volumes,fabric_peer0.irs1.kit.edu,other,5006,5006,0
run_003,removal,removal_1772961367,remove-irs3-member1-1772961367,remove-irs3-member1-1772961367,8,reshare_completed,operation_end,2026-03-08T09:16:38.08698087Z,2026-03-08T09:16:38.406241Z,/var/lib/docker/volumes,fabric_peer0.irs3.kit.edu,peer,28533821,28533821,0
run_003,removal,removal_1772961367,remove-irs3-member1-1772961367,remove-irs3-member1-1772961367,8,reshare_completed,operation_end,2026-03-08T09:16:38.08698087Z,2026-03-08T09:16:38.406241Z,/var/lib/docker/volumes,fabric_peer1.irs3.kit.edu,other,28532396,28532396,0
run_003,removal,removal_1772961367,remove-irs3-member1-1772961367,remove-irs3-member1-1772961367,8,reshare_completed,operation_end,2026-03-08T09:16:38.08698087Z,2026-03-08T09:16:38.406241Z,/var/lib/docker/volumes,fabric_peer2.irs3.kit.edu,other,28532393,28532393,0
run_003,removal,removal_1772961367,remove-irs3-member1-1772961367,remove-irs3-member1-1772961367,8,reshare_completed,operation_end,2026-03-08T09:16:38.08698087Z,2026-03-08T09:16:38.406241Z,/var/lib/docker/volumes,fabric_peer3.irs3.kit.edu,other,28533818,28533818,0
run_003,join,join_1772961416,join-irs3-1772961416,join-irs3-1772961416,9,operation_start,join_submit_done,2026-03-08T09:16:56.710040Z,2026-03-08T09:16:59.069435Z,/var/lib/docker/volumes,002a2c976d26a3f9c7eff06e2f9efe095908dd0ee21b2715cc202589b435aec2,other,NA,NA,
run_003,join,join_1772961416,join-irs3-1772961416,join-irs3-1772961416,9,operation_start,join_submit_done,2026-03-08T09:16:56.710040Z,2026-03-08T09:16:59.069435Z,/var/lib/docker/volumes,35a02607c21ea95db05e7150f71e6e704f4d6479a4a76375ed8ec3cbfc5ec094,other,NA,NA,
run_003,join,join_1772961416,join-irs3-1772961416,join-irs3-1772961416,9,operation_start,join_submit_done,2026-03-08T09:16:56.710040Z,2026-03-08T09:16:59.069435Z,/var/lib/docker/volumes,791e62bfc17bf044236c3dcb5d77ec82610b27aa4d5f3c78aff2e2842f98f9ee,other,NA,NA,
run_003,join,join_1772961416,join-irs3-1772961416,join-irs3-1772961416,9,operation_start,join_submit_done,2026-03-08T09:16:56.710040Z,2026-03-08T09:16:59.069435Z,/var/lib/docker/volumes,91dbb4452b1c3709e842113c225d65a63eab07cdac1110f244a9dfbdddb57dbf,other,NA,NA,
run_003,join,join_1772961416,join-irs3-1772961416,join-irs3-1772961416,9,operation_start,join_submit_done,2026-03-08T09:16:56.710040Z,2026-03-08T09:16:59.069435Z,/var/lib/docker/volumes,99ac8c723665556c954d288ca00335f1fae5493d384cb656ecf5a945cc9ae3b8,other,NA,NA,
run_003,join,join_1772961416,join-irs3-1772961416,join-irs3-1772961416,9,operation_start,join_submit_done,2026-03-08T09:16:56.710040Z,2026-03-08T09:16:59.069435Z,/var/lib/docker/volumes,ab96d922f06ec7a94f1b5200e75e480c9ed7eba86fbbe33b5cb9edbe031c6ea8,other,49770,49770,0
run_003,join,join_1772961416,join-irs3-1772961416,join-irs3-1772961416,9,operation_start,join_submit_done,2026-03-08T09:16:56.710040Z,2026-03-08T09:16:59.069435Z,/var/lib/docker/volumes,b8143ef8453ad18871b4b4e0ba6041764a2cda76bc6f516fa468de5fd6585e72,other,49770,49770,0
run_003,join,join_1772961416,join-irs3-1772961416,join-irs3-1772961416,9,operation_start,join_submit_done,2026-03-08T09:16:56.710040Z,2026-03-08T09:16:59.069435Z,/var/lib/docker/volumes,ce313f18292c11d1170b9839e1af2e5976d1858048740f79d790d8aed673a5a4,other,NA,NA,
run_003,join,join_1772961416,join-irs3-1772961416,join-irs3-1772961416,9,operation_start,join_submit_done,2026-03-08T09:16:56.710040Z,2026-03-08T09:16:59.069435Z,/var/lib/docker/volumes,d9b7785a06954372515977133a1213437b80c5db1517196ca5e26134d3413ccf,other,NA,NA,
run_003,join,join_1772961416,join-irs3-1772961416,join-irs3-1772961416,9,operation_start,join_submit_done,2026-03-08T09:16:56.710040Z,2026-03-08T09:16:59.069435Z,/var/lib/docker/volumes,e0eec01c85bd157680e466dd14073f2a433b51342ff770c3a292c984a51f226b,other,NA,NA,
run_003,join,join_1772961416,join-irs3-1772961416,join-irs3-1772961416,9,operation_start,join_submit_done,2026-03-08T09:16:56.710040Z,2026-03-08T09:16:59.069435Z,/var/lib/docker/volumes,fabric_orderer.kit.edu,orderer,129998034,130006207,8173
run_003,join,join_1772961416,join-irs3-1772961416,join-irs3-1772961416,9,operation_start,join_submit_done,2026-03-08T09:16:56.710040Z,2026-03-08T09:16:59.069435Z,/var/lib/docker/volumes,fabric_peer0.irs1.kit.edu,other,5006,5006,0
run_003,join,join_1772961416,join-irs3-1772961416,join-irs3-1772961416,9,operation_start,join_submit_done,2026-03-08T09:16:56.710040Z,2026-03-08T09:16:59.069435Z,/var/lib/docker/volumes,fabric_peer0.irs3.kit.edu,peer,28533821,28543879,10058
run_003,join,join_1772961416,join-irs3-1772961416,join-irs3-1772961416,9,operation_start,join_submit_done,2026-03-08T09:16:56.710040Z,2026-03-08T09:16:59.069435Z,/var/lib/docker/volumes,fabric_peer1.irs3.kit.edu,other,28532396,28542454,10058
run_003,join,join_1772961416,join-irs3-1772961416,join-irs3-1772961416,9,operation_start,join_submit_done,2026-03-08T09:16:56.710040Z,2026-03-08T09:16:59.069435Z,/var/lib/docker/volumes,fabric_peer2.irs3.kit.edu,other,28532393,28542451,10058
run_003,join,join_1772961416,join-irs3-1772961416,join-irs3-1772961416,9,operation_start,join_submit_done,2026-03-08T09:16:56.710040Z,2026-03-08T09:16:59.069435Z,/var/lib/docker/volumes,fabric_peer3.irs3.kit.edu,other,28533818,28543876,10058
run_003,join,join_1772961416,join-irs3-1772961416,join-irs3-1772961416,9,join_submit_done,join_voted,2026-03-08T09:16:59.069435Z,2026-03-08T09:17:02.500020454Z,/var/lib/docker/volumes,002a2c976d26a3f9c7eff06e2f9efe095908dd0ee21b2715cc202589b435aec2,other,NA,NA,
run_003,join,join_1772961416,join-irs3-1772961416,join-irs3-1772961416,9,join_submit_done,join_voted,2026-03-08T09:16:59.069435Z,2026-03-08T09:17:02.500020454Z,/var/lib/docker/volumes,35a02607c21ea95db05e7150f71e6e704f4d6479a4a76375ed8ec3cbfc5ec094,other,NA,NA,
run_003,join,join_1772961416,join-irs3-1772961416,join-irs3-1772961416,9,join_submit_done,join_voted,2026-03-08T09:16:59.069435Z,2026-03-08T09:17:02.500020454Z,/var/lib/docker/volumes,791e62bfc17bf044236c3dcb5d77ec82610b27aa4d5f3c78aff2e2842f98f9ee,other,NA,NA,
run_003,join,join_1772961416,join-irs3-1772961416,join-irs3-1772961416,9,join_submit_done,join_voted,2026-03-08T09:16:59.069435Z,2026-03-08T09:17:02.500020454Z,/var/lib/docker/volumes,91dbb4452b1c3709e842113c225d65a63eab07cdac1110f244a9dfbdddb57dbf,other,NA,NA,
run_003,join,join_1772961416,join-irs3-1772961416,join-irs3-1772961416,9,join_submit_done,join_voted,2026-03-08T09:16:59.069435Z,2026-03-08T09:17:02.500020454Z,/var/lib/docker/volumes,99ac8c723665556c954d288ca00335f1fae5493d384cb656ecf5a945cc9ae3b8,other,NA,NA,
run_003,join,join_1772961416,join-irs3-1772961416,join-irs3-1772961416,9,join_submit_done,join_voted,2026-03-08T09:16:59.069435Z,2026-03-08T09:17:02.500020454Z,/var/lib/docker/volumes,ab96d922f06ec7a94f1b5200e75e480c9ed7eba86fbbe33b5cb9edbe031c6ea8,other,49770,49770,0
run_003,join,join_1772961416,join-irs3-1772961416,join-irs3-1772961416,9,join_submit_done,join_voted,2026-03-08T09:16:59.069435Z,2026-03-08T09:17:02.500020454Z,/var/lib/docker/volumes,b8143ef8453ad18871b4b4e0ba6041764a2cda76bc6f516fa468de5fd6585e72,other,49770,49770,0
run_003,join,join_1772961416,join-irs3-1772961416,join-irs3-1772961416,9,join_submit_done,join_voted,2026-03-08T09:16:59.069435Z,2026-03-08T09:17:02.500020454Z,/var/lib/docker/volumes,ce313f18292c11d1170b9839e1af2e5976d1858048740f79d790d8aed673a5a4,other,NA,NA,
run_003,join,join_1772961416,join-irs3-1772961416,join-irs3-1772961416,9,join_submit_done,join_voted,2026-03-08T09:16:59.069435Z,2026-03-08T09:17:02.500020454Z,/var/lib/docker/volumes,d9b7785a06954372515977133a1213437b80c5db1517196ca5e26134d3413ccf,other,NA,NA,
run_003,join,join_1772961416,join-irs3-1772961416,join-irs3-1772961416,9,join_submit_done,join_voted,2026-03-08T09:16:59.069435Z,2026-03-08T09:17:02.500020454Z,/var/lib/docker/volumes,e0eec01c85bd157680e466dd14073f2a433b51342ff770c3a292c984a51f226b,other,NA,NA,
run_003,join,join_1772961416,join-irs3-1772961416,join-irs3-1772961416,9,join_submit_done,join_voted,2026-03-08T09:16:59.069435Z,2026-03-08T09:17:02.500020454Z,/var/lib/docker/volumes,fabric_orderer.kit.edu,orderer,130006207,130022704,16497
run_003,join,join_1772961416,join-irs3-1772961416,join-irs3-1772961416,9,join_submit_done,join_voted,2026-03-08T09:16:59.069435Z,2026-03-08T09:17:02.500020454Z,/var/lib/docker/volumes,fabric_peer0.irs1.kit.edu,other,5006,5006,0
run_003,join,join_1772961416,join-irs3-1772961416,join-irs3-1772961416,9,join_submit_done,join_voted,2026-03-08T09:16:59.069435Z,2026-03-08T09:17:02.500020454Z,/var/lib/docker/volumes,fabric_peer0.irs3.kit.edu,peer,28543879,28563347,19468
run_003,join,join_1772961416,join-irs3-1772961416,join-irs3-1772961416,9,join_submit_done,join_voted,2026-03-08T09:16:59.069435Z,2026-03-08T09:17:02.500020454Z,/var/lib/docker/volumes,fabric_peer1.irs3.kit.edu,other,28542454,28561922,19468
run_003,join,join_1772961416,join-irs3-1772961416,join-irs3-1772961416,9,join_submit_done,join_voted,2026-03-08T09:16:59.069435Z,2026-03-08T09:17:02.500020454Z,/var/lib/docker/volumes,fabric_peer2.irs3.kit.edu,other,28542451,28561919,19468
run_003,join,join_1772961416,join-irs3-1772961416,join-irs3-1772961416,9,join_submit_done,join_voted,2026-03-08T09:16:59.069435Z,2026-03-08T09:17:02.500020454Z,/var/lib/docker/volumes,fabric_peer3.irs3.kit.edu,other,28543876,28563344,19468
run_003,join,join_1772961416,join-irs3-1772961416,join-irs3-1772961416,9,join_voted,join_approved,2026-03-08T09:17:02.500020454Z,2026-03-08T09:17:04.986803531Z,/var/lib/docker/volumes,002a2c976d26a3f9c7eff06e2f9efe095908dd0ee21b2715cc202589b435aec2,other,NA,NA,
run_003,join,join_1772961416,join-irs3-1772961416,join-irs3-1772961416,9,join_voted,join_approved,2026-03-08T09:17:02.500020454Z,2026-03-08T09:17:04.986803531Z,/var/lib/docker/volumes,35a02607c21ea95db05e7150f71e6e704f4d6479a4a76375ed8ec3cbfc5ec094,other,NA,NA,
run_003,join,join_1772961416,join-irs3-1772961416,join-irs3-1772961416,9,join_voted,join_approved,2026-03-08T09:17:02.500020454Z,2026-03-08T09:17:04.986803531Z,/var/lib/docker/volumes,791e62bfc17bf044236c3dcb5d77ec82610b27aa4d5f3c78aff2e2842f98f9ee,other,NA,NA,
run_003,join,join_1772961416,join-irs3-1772961416,join-irs3-1772961416,9,join_voted,join_approved,2026-03-08T09:17:02.500020454Z,2026-03-08T09:17:04.986803531Z,/var/lib/docker/volumes,91dbb4452b1c3709e842113c225d65a63eab07cdac1110f244a9dfbdddb57dbf,other,NA,NA,
run_003,join,join_1772961416,join-irs3-1772961416,join-irs3-1772961416,9,join_voted,join_approved,2026-03-08T09:17:02.500020454Z,2026-03-08T09:17:04.986803531Z,/var/lib/docker/volumes,99ac8c723665556c954d288ca00335f1fae5493d384cb656ecf5a945cc9ae3b8,other,NA,NA,
run_003,join,join_1772961416,join-irs3-1772961416,join-irs3-1772961416,9,join_voted,join_approved,2026-03-08T09:17:02.500020454Z,2026-03-08T09:17:04.986803531Z,/var/lib/docker/volumes,ab96d922f06ec7a94f1b5200e75e480c9ed7eba86fbbe33b5cb9edbe031c6ea8,other,49770,49770,0
run_003,join,join_1772961416,join-irs3-1772961416,join-irs3-1772961416,9,join_voted,join_approved,2026-03-08T09:17:02.500020454Z,2026-03-08T09:17:04.986803531Z,/var/lib/docker/volumes,b8143ef8453ad18871b4b4e0ba6041764a2cda76bc6f516fa468de5fd6585e72,other,49770,49770,0
run_003,join,join_1772961416,join-irs3-1772961416,join-irs3-1772961416,9,join_voted,join_approved,2026-03-08T09:17:02.500020454Z,2026-03-08T09:17:04.986803531Z,/var/lib/docker/volumes,ce313f18292c11d1170b9839e1af2e5976d1858048740f79d790d8aed673a5a4,other,NA,NA,
run_003,join,join_1772961416,join-irs3-1772961416,join-irs3-1772961416,9,join_voted,join_approved,2026-03-08T09:17:02.500020454Z,2026-03-08T09:17:04.986803531Z,/var/lib/docker/volumes,d9b7785a06954372515977133a1213437b80c5db1517196ca5e26134d3413ccf,other,NA,NA,
run_003,join,join_1772961416,join-irs3-1772961416,join-irs3-1772961416,9,join_voted,join_approved,2026-03-08T09:17:02.500020454Z,2026-03-08T09:17:04.986803531Z,/var/lib/docker/volumes,e0eec01c85bd157680e466dd14073f2a433b51342ff770c3a292c984a51f226b,other,NA,NA,
run_003,join,join_1772961416,join-irs3-1772961416,join-irs3-1772961416,9,join_voted,join_approved,2026-03-08T09:17:02.500020454Z,2026-03-08T09:17:04.986803531Z,/var/lib/docker/volumes,fabric_orderer.kit.edu,orderer,130022704,130033874,11170
run_003,join,join_1772961416,join-irs3-1772961416,join-irs3-1772961416,9,join_voted,join_approved,2026-03-08T09:17:02.500020454Z,2026-03-08T09:17:04.986803531Z,/var/lib/docker/volumes,fabric_peer0.irs1.kit.edu,other,5006,5006,0
run_003,join,join_1772961416,join-irs3-1772961416,join-irs3-1772961416,9,join_voted,join_approved,2026-03-08T09:17:02.500020454Z,2026-03-08T09:17:04.986803531Z,/var/lib/docker/volumes,fabric_peer0.irs3.kit.edu,peer,28563347,28580089,16742
run_003,join,join_1772961416,join-irs3-1772961416,join-irs3-1772961416,9,join_voted,join_approved,2026-03-08T09:17:02.500020454Z,2026-03-08T09:17:04.986803531Z,/var/lib/docker/volumes,fabric_peer1.irs3.kit.edu,other,28561922,28578664,16742
run_003,join,join_1772961416,join-irs3-1772961416,join-irs3-1772961416,9,join_voted,join_approved,2026-03-08T09:17:02.500020454Z,2026-03-08T09:17:04.986803531Z,/var/lib/docker/volumes,fabric_peer2.irs3.kit.edu,other,28561919,28578661,16742
run_003,join,join_1772961416,join-irs3-1772961416,join-irs3-1772961416,9,join_voted,join_approved,2026-03-08T09:17:02.500020454Z,2026-03-08T09:17:04.986803531Z,/var/lib/docker/volumes,fabric_peer3.irs3.kit.edu,other,28563344,28580086,16742
run_003,join,join_1772961416,join-irs3-1772961416,join-irs3-1772961416,9,join_approved,reshare_started,2026-03-08T09:17:04.986803531Z,2026-03-08T09:17:05.464411Z,/var/lib/docker/volumes,002a2c976d26a3f9c7eff06e2f9efe095908dd0ee21b2715cc202589b435aec2,other,NA,NA,
run_003,join,join_1772961416,join-irs3-1772961416,join-irs3-1772961416,9,join_approved,reshare_started,2026-03-08T09:17:04.986803531Z,2026-03-08T09:17:05.464411Z,/var/lib/docker/volumes,35a02607c21ea95db05e7150f71e6e704f4d6479a4a76375ed8ec3cbfc5ec094,other,NA,NA,
run_003,join,join_1772961416,join-irs3-1772961416,join-irs3-1772961416,9,join_approved,reshare_started,2026-03-08T09:17:04.986803531Z,2026-03-08T09:17:05.464411Z,/var/lib/docker/volumes,791e62bfc17bf044236c3dcb5d77ec82610b27aa4d5f3c78aff2e2842f98f9ee,other,NA,NA,
run_003,join,join_1772961416,join-irs3-1772961416,join-irs3-1772961416,9,join_approved,reshare_started,2026-03-08T09:17:04.986803531Z,2026-03-08T09:17:05.464411Z,/var/lib/docker/volumes,91dbb4452b1c3709e842113c225d65a63eab07cdac1110f244a9dfbdddb57dbf,other,NA,NA,
run_003,join,join_1772961416,join-irs3-1772961416,join-irs3-1772961416,9,join_approved,reshare_started,2026-03-08T09:17:04.986803531Z,2026-03-08T09:17:05.464411Z,/var/lib/docker/volumes,99ac8c723665556c954d288ca00335f1fae5493d384cb656ecf5a945cc9ae3b8,other,NA,NA,
run_003,join,join_1772961416,join-irs3-1772961416,join-irs3-1772961416,9,join_approved,reshare_started,2026-03-08T09:17:04.986803531Z,2026-03-08T09:17:05.464411Z,/var/lib/docker/volumes,ab96d922f06ec7a94f1b5200e75e480c9ed7eba86fbbe33b5cb9edbe031c6ea8,other,49770,49770,0
run_003,join,join_1772961416,join-irs3-1772961416,join-irs3-1772961416,9,join_approved,reshare_started,2026-03-08T09:17:04.986803531Z,2026-03-08T09:17:05.464411Z,/var/lib/docker/volumes,b8143ef8453ad18871b4b4e0ba6041764a2cda76bc6f516fa468de5fd6585e72,other,49770,49770,0
run_003,join,join_1772961416,join-irs3-1772961416,join-irs3-1772961416,9,join_approved,reshare_started,2026-03-08T09:17:04.986803531Z,2026-03-08T09:17:05.464411Z,/var/lib/docker/volumes,ce313f18292c11d1170b9839e1af2e5976d1858048740f79d790d8aed673a5a4,other,NA,NA,
run_003,join,join_1772961416,join-irs3-1772961416,join-irs3-1772961416,9,join_approved,reshare_started,2026-03-08T09:17:04.986803531Z,2026-03-08T09:17:05.464411Z,/var/lib/docker/volumes,d9b7785a06954372515977133a1213437b80c5db1517196ca5e26134d3413ccf,other,NA,NA,
run_003,join,join_1772961416,join-irs3-1772961416,join-irs3-1772961416,9,join_approved,reshare_started,2026-03-08T09:17:04.986803531Z,2026-03-08T09:17:05.464411Z,/var/lib/docker/volumes,e0eec01c85bd157680e466dd14073f2a433b51342ff770c3a292c984a51f226b,other,NA,NA,
run_003,join,join_1772961416,join-irs3-1772961416,join-irs3-1772961416,9,join_approved,reshare_started,2026-03-08T09:17:04.986803531Z,2026-03-08T09:17:05.464411Z,/var/lib/docker/volumes,fabric_orderer.kit.edu,orderer,130033874,130033874,0
run_003,join,join_1772961416,join-irs3-1772961416,join-irs3-1772961416,9,join_approved,reshare_started,2026-03-08T09:17:04.986803531Z,2026-03-08T09:17:05.464411Z,/var/lib/docker/volumes,fabric_peer0.irs1.kit.edu,other,5006,5006,0
run_003,join,join_1772961416,join-irs3-1772961416,join-irs3-1772961416,9,join_approved,reshare_started,2026-03-08T09:17:04.986803531Z,2026-03-08T09:17:05.464411Z,/var/lib/docker/volumes,fabric_peer0.irs3.kit.edu,peer,28580089,28580089,0
run_003,join,join_1772961416,join-irs3-1772961416,join-irs3-1772961416,9,join_approved,reshare_started,2026-03-08T09:17:04.986803531Z,2026-03-08T09:17:05.464411Z,/var/lib/docker/volumes,fabric_peer1.irs3.kit.edu,other,28578664,28578664,0
run_003,join,join_1772961416,join-irs3-1772961416,join-irs3-1772961416,9,join_approved,reshare_started,2026-03-08T09:17:04.986803531Z,2026-03-08T09:17:05.464411Z,/var/lib/docker/volumes,fabric_peer2.irs3.kit.edu,other,28578661,28578661,0
run_003,join,join_1772961416,join-irs3-1772961416,join-irs3-1772961416,9,join_approved,reshare_started,2026-03-08T09:17:04.986803531Z,2026-03-08T09:17:05.464411Z,/var/lib/docker/volumes,fabric_peer3.irs3.kit.edu,other,28580086,28580086,0
run_003,join,join_1772961416,join-irs3-1772961416,join-irs3-1772961416,9,reshare_started,reshare_completed,2026-03-08T09:17:05.464411Z,2026-03-08T09:17:28.584645942Z,/var/lib/docker/volumes,002a2c976d26a3f9c7eff06e2f9efe095908dd0ee21b2715cc202589b435aec2,other,NA,NA,
run_003,join,join_1772961416,join-irs3-1772961416,join-irs3-1772961416,9,reshare_started,reshare_completed,2026-03-08T09:17:05.464411Z,2026-03-08T09:17:28.584645942Z,/var/lib/docker/volumes,35a02607c21ea95db05e7150f71e6e704f4d6479a4a76375ed8ec3cbfc5ec094,other,NA,NA,
run_003,join,join_1772961416,join-irs3-1772961416,join-irs3-1772961416,9,reshare_started,reshare_completed,2026-03-08T09:17:05.464411Z,2026-03-08T09:17:28.584645942Z,/var/lib/docker/volumes,791e62bfc17bf044236c3dcb5d77ec82610b27aa4d5f3c78aff2e2842f98f9ee,other,NA,NA,
run_003,join,join_1772961416,join-irs3-1772961416,join-irs3-1772961416,9,reshare_started,reshare_completed,2026-03-08T09:17:05.464411Z,2026-03-08T09:17:28.584645942Z,/var/lib/docker/volumes,91dbb4452b1c3709e842113c225d65a63eab07cdac1110f244a9dfbdddb57dbf,other,NA,NA,
run_003,join,join_1772961416,join-irs3-1772961416,join-irs3-1772961416,9,reshare_started,reshare_completed,2026-03-08T09:17:05.464411Z,2026-03-08T09:17:28.584645942Z,/var/lib/docker/volumes,99ac8c723665556c954d288ca00335f1fae5493d384cb656ecf5a945cc9ae3b8,other,NA,NA,
run_003,join,join_1772961416,join-irs3-1772961416,join-irs3-1772961416,9,reshare_started,reshare_completed,2026-03-08T09:17:05.464411Z,2026-03-08T09:17:28.584645942Z,/var/lib/docker/volumes,ab96d922f06ec7a94f1b5200e75e480c9ed7eba86fbbe33b5cb9edbe031c6ea8,other,49770,49770,0
run_003,join,join_1772961416,join-irs3-1772961416,join-irs3-1772961416,9,reshare_started,reshare_completed,2026-03-08T09:17:05.464411Z,2026-03-08T09:17:28.584645942Z,/var/lib/docker/volumes,b8143ef8453ad18871b4b4e0ba6041764a2cda76bc6f516fa468de5fd6585e72,other,49770,49770,0
run_003,join,join_1772961416,join-irs3-1772961416,join-irs3-1772961416,9,reshare_started,reshare_completed,2026-03-08T09:17:05.464411Z,2026-03-08T09:17:28.584645942Z,/var/lib/docker/volumes,ce313f18292c11d1170b9839e1af2e5976d1858048740f79d790d8aed673a5a4,other,NA,NA,
run_003,join,join_1772961416,join-irs3-1772961416,join-irs3-1772961416,9,reshare_started,reshare_completed,2026-03-08T09:17:05.464411Z,2026-03-08T09:17:28.584645942Z,/var/lib/docker/volumes,d9b7785a06954372515977133a1213437b80c5db1517196ca5e26134d3413ccf,other,NA,NA,
run_003,join,join_1772961416,join-irs3-1772961416,join-irs3-1772961416,9,reshare_started,reshare_completed,2026-03-08T09:17:05.464411Z,2026-03-08T09:17:28.584645942Z,/var/lib/docker/volumes,e0eec01c85bd157680e466dd14073f2a433b51342ff770c3a292c984a51f226b,other,NA,NA,
run_003,join,join_1772961416,join-irs3-1772961416,join-irs3-1772961416,9,reshare_started,reshare_completed,2026-03-08T09:17:05.464411Z,2026-03-08T09:17:28.584645942Z,/var/lib/docker/volumes,fabric_orderer.kit.edu,orderer,130033874,130074079,40205
run_003,join,join_1772961416,join-irs3-1772961416,join-irs3-1772961416,9,reshare_started,reshare_completed,2026-03-08T09:17:05.464411Z,2026-03-08T09:17:28.584645942Z,/var/lib/docker/volumes,fabric_peer0.irs1.kit.edu,other,5006,5006,0
run_003,join,join_1772961416,join-irs3-1772961416,join-irs3-1772961416,9,reshare_started,reshare_completed,2026-03-08T09:17:05.464411Z,2026-03-08T09:17:28.584645942Z,/var/lib/docker/volumes,fabric_peer0.irs3.kit.edu,peer,28580089,28627133,47044
run_003,join,join_1772961416,join-irs3-1772961416,join-irs3-1772961416,9,reshare_started,reshare_completed,2026-03-08T09:17:05.464411Z,2026-03-08T09:17:28.584645942Z,/var/lib/docker/volumes,fabric_peer1.irs3.kit.edu,other,28578664,28625708,47044
run_003,join,join_1772961416,join-irs3-1772961416,join-irs3-1772961416,9,reshare_started,reshare_completed,2026-03-08T09:17:05.464411Z,2026-03-08T09:17:28.584645942Z,/var/lib/docker/volumes,fabric_peer2.irs3.kit.edu,other,28578661,28625705,47044
run_003,join,join_1772961416,join-irs3-1772961416,join-irs3-1772961416,9,reshare_started,reshare_completed,2026-03-08T09:17:05.464411Z,2026-03-08T09:17:28.584645942Z,/var/lib/docker/volumes,fabric_peer3.irs3.kit.edu,other,28580086,28627130,47044
run_003,join,join_1772961416,join-irs3-1772961416,join-irs3-1772961416,9,reshare_completed,operation_end,2026-03-08T09:17:28.584645942Z,2026-03-08T09:17:35.984033Z,/var/lib/docker/volumes,002a2c976d26a3f9c7eff06e2f9efe095908dd0ee21b2715cc202589b435aec2,other,NA,NA,
run_003,join,join_1772961416,join-irs3-1772961416,join-irs3-1772961416,9,reshare_completed,operation_end,2026-03-08T09:17:28.584645942Z,2026-03-08T09:17:35.984033Z,/var/lib/docker/volumes,35a02607c21ea95db05e7150f71e6e704f4d6479a4a76375ed8ec3cbfc5ec094,other,NA,NA,
run_003,join,join_1772961416,join-irs3-1772961416,join-irs3-1772961416,9,reshare_completed,operation_end,2026-03-08T09:17:28.584645942Z,2026-03-08T09:17:35.984033Z,/var/lib/docker/volumes,791e62bfc17bf044236c3dcb5d77ec82610b27aa4d5f3c78aff2e2842f98f9ee,other,NA,NA,
run_003,join,join_1772961416,join-irs3-1772961416,join-irs3-1772961416,9,reshare_completed,operation_end,2026-03-08T09:17:28.584645942Z,2026-03-08T09:17:35.984033Z,/var/lib/docker/volumes,91dbb4452b1c3709e842113c225d65a63eab07cdac1110f244a9dfbdddb57dbf,other,NA,NA,
run_003,join,join_1772961416,join-irs3-1772961416,join-irs3-1772961416,9,reshare_completed,operation_end,2026-03-08T09:17:28.584645942Z,2026-03-08T09:17:35.984033Z,/var/lib/docker/volumes,99ac8c723665556c954d288ca00335f1fae5493d384cb656ecf5a945cc9ae3b8,other,NA,NA,
run_003,join,join_1772961416,join-irs3-1772961416,join-irs3-1772961416,9,reshare_completed,operation_end,2026-03-08T09:17:28.584645942Z,2026-03-08T09:17:35.984033Z,/var/lib/docker/volumes,ab96d922f06ec7a94f1b5200e75e480c9ed7eba86fbbe33b5cb9edbe031c6ea8,other,49770,49770,0
run_003,join,join_1772961416,join-irs3-1772961416,join-irs3-1772961416,9,reshare_completed,operation_end,2026-03-08T09:17:28.584645942Z,2026-03-08T09:17:35.984033Z,/var/lib/docker/volumes,b8143ef8453ad18871b4b4e0ba6041764a2cda76bc6f516fa468de5fd6585e72,other,49770,49770,0
run_003,join,join_1772961416,join-irs3-1772961416,join-irs3-1772961416,9,reshare_completed,operation_end,2026-03-08T09:17:28.584645942Z,2026-03-08T09:17:35.984033Z,/var/lib/docker/volumes,ce313f18292c11d1170b9839e1af2e5976d1858048740f79d790d8aed673a5a4,other,NA,NA,
run_003,join,join_1772961416,join-irs3-1772961416,join-irs3-1772961416,9,reshare_completed,operation_end,2026-03-08T09:17:28.584645942Z,2026-03-08T09:17:35.984033Z,/var/lib/docker/volumes,d9b7785a06954372515977133a1213437b80c5db1517196ca5e26134d3413ccf,other,NA,NA,
run_003,join,join_1772961416,join-irs3-1772961416,join-irs3-1772961416,9,reshare_completed,operation_end,2026-03-08T09:17:28.584645942Z,2026-03-08T09:17:35.984033Z,/var/lib/docker/volumes,e0eec01c85bd157680e466dd14073f2a433b51342ff770c3a292c984a51f226b,other,NA,NA,
run_003,join,join_1772961416,join-irs3-1772961416,join-irs3-1772961416,9,reshare_completed,operation_end,2026-03-08T09:17:28.584645942Z,2026-03-08T09:17:35.984033Z,/var/lib/docker/volumes,fabric_orderer.kit.edu,orderer,130074079,130138248,64169
run_003,join,join_1772961416,join-irs3-1772961416,join-irs3-1772961416,9,reshare_completed,operation_end,2026-03-08T09:17:28.584645942Z,2026-03-08T09:17:35.984033Z,/var/lib/docker/volumes,fabric_peer0.irs1.kit.edu,other,5006,5006,0
run_003,join,join_1772961416,join-irs3-1772961416,join-irs3-1772961416,9,reshare_completed,operation_end,2026-03-08T09:17:28.584645942Z,2026-03-08T09:17:35.984033Z,/var/lib/docker/volumes,fabric_peer0.irs3.kit.edu,peer,28627133,28701495,74362
run_003,join,join_1772961416,join-irs3-1772961416,join-irs3-1772961416,9,reshare_completed,operation_end,2026-03-08T09:17:28.584645942Z,2026-03-08T09:17:35.984033Z,/var/lib/docker/volumes,fabric_peer1.irs3.kit.edu,other,28625708,28700070,74362
run_003,join,join_1772961416,join-irs3-1772961416,join-irs3-1772961416,9,reshare_completed,operation_end,2026-03-08T09:17:28.584645942Z,2026-03-08T09:17:35.984033Z,/var/lib/docker/volumes,fabric_peer2.irs3.kit.edu,other,28625705,28700067,74362
run_003,join,join_1772961416,join-irs3-1772961416,join-irs3-1772961416,9,reshare_completed,operation_end,2026-03-08T09:17:28.584645942Z,2026-03-08T09:17:35.984033Z,/var/lib/docker/volumes,fabric_peer3.irs3.kit.edu,other,28627130,28701492,74362
run_004,csr,csr_1772961462,csr-irs3-1772961463,csr-irs3-1772961463,,operation_start,csr_submit_done,2026-03-08T09:17:42.887243Z,2026-03-08T09:17:45.223840Z,/var/lib/docker/volumes,002a2c976d26a3f9c7eff06e2f9efe095908dd0ee21b2715cc202589b435aec2,other,NA,NA,
run_004,csr,csr_1772961462,csr-irs3-1772961463,csr-irs3-1772961463,,operation_start,csr_submit_done,2026-03-08T09:17:42.887243Z,2026-03-08T09:17:45.223840Z,/var/lib/docker/volumes,35a02607c21ea95db05e7150f71e6e704f4d6479a4a76375ed8ec3cbfc5ec094,other,NA,NA,
run_004,csr,csr_1772961462,csr-irs3-1772961463,csr-irs3-1772961463,,operation_start,csr_submit_done,2026-03-08T09:17:42.887243Z,2026-03-08T09:17:45.223840Z,/var/lib/docker/volumes,791e62bfc17bf044236c3dcb5d77ec82610b27aa4d5f3c78aff2e2842f98f9ee,other,NA,NA,
run_004,csr,csr_1772961462,csr-irs3-1772961463,csr-irs3-1772961463,,operation_start,csr_submit_done,2026-03-08T09:17:42.887243Z,2026-03-08T09:17:45.223840Z,/var/lib/docker/volumes,91dbb4452b1c3709e842113c225d65a63eab07cdac1110f244a9dfbdddb57dbf,other,NA,NA,
run_004,csr,csr_1772961462,csr-irs3-1772961463,csr-irs3-1772961463,,operation_start,csr_submit_done,2026-03-08T09:17:42.887243Z,2026-03-08T09:17:45.223840Z,/var/lib/docker/volumes,99ac8c723665556c954d288ca00335f1fae5493d384cb656ecf5a945cc9ae3b8,other,NA,NA,
run_004,csr,csr_1772961462,csr-irs3-1772961463,csr-irs3-1772961463,,operation_start,csr_submit_done,2026-03-08T09:17:42.887243Z,2026-03-08T09:17:45.223840Z,/var/lib/docker/volumes,ab96d922f06ec7a94f1b5200e75e480c9ed7eba86fbbe33b5cb9edbe031c6ea8,other,49770,49770,0
run_004,csr,csr_1772961462,csr-irs3-1772961463,csr-irs3-1772961463,,operation_start,csr_submit_done,2026-03-08T09:17:42.887243Z,2026-03-08T09:17:45.223840Z,/var/lib/docker/volumes,b8143ef8453ad18871b4b4e0ba6041764a2cda76bc6f516fa468de5fd6585e72,other,49770,49770,0
run_004,csr,csr_1772961462,csr-irs3-1772961463,csr-irs3-1772961463,,operation_start,csr_submit_done,2026-03-08T09:17:42.887243Z,2026-03-08T09:17:45.223840Z,/var/lib/docker/volumes,ce313f18292c11d1170b9839e1af2e5976d1858048740f79d790d8aed673a5a4,other,NA,NA,
run_004,csr,csr_1772961462,csr-irs3-1772961463,csr-irs3-1772961463,,operation_start,csr_submit_done,2026-03-08T09:17:42.887243Z,2026-03-08T09:17:45.223840Z,/var/lib/docker/volumes,d9b7785a06954372515977133a1213437b80c5db1517196ca5e26134d3413ccf,other,NA,NA,
run_004,csr,csr_1772961462,csr-irs3-1772961463,csr-irs3-1772961463,,operation_start,csr_submit_done,2026-03-08T09:17:42.887243Z,2026-03-08T09:17:45.223840Z,/var/lib/docker/volumes,e0eec01c85bd157680e466dd14073f2a433b51342ff770c3a292c984a51f226b,other,NA,NA,
run_004,csr,csr_1772961462,csr-irs3-1772961463,csr-irs3-1772961463,,operation_start,csr_submit_done,2026-03-08T09:17:42.887243Z,2026-03-08T09:17:45.223840Z,/var/lib/docker/volumes,fabric_orderer.kit.edu,orderer,130138248,130146799,8551
run_004,csr,csr_1772961462,csr-irs3-1772961463,csr-irs3-1772961463,,operation_start,csr_submit_done,2026-03-08T09:17:42.887243Z,2026-03-08T09:17:45.223840Z,/var/lib/docker/volumes,fabric_peer0.irs1.kit.edu,other,5006,5006,0
run_004,csr,csr_1772961462,csr-irs3-1772961463,csr-irs3-1772961463,,operation_start,csr_submit_done,2026-03-08T09:17:42.887243Z,2026-03-08T09:17:45.223840Z,/var/lib/docker/volumes,fabric_peer0.irs3.kit.edu,peer,28701495,28712186,10691
run_004,csr,csr_1772961462,csr-irs3-1772961463,csr-irs3-1772961463,,operation_start,csr_submit_done,2026-03-08T09:17:42.887243Z,2026-03-08T09:17:45.223840Z,/var/lib/docker/volumes,fabric_peer1.irs3.kit.edu,other,28700070,28710761,10691
run_004,csr,csr_1772961462,csr-irs3-1772961463,csr-irs3-1772961463,,operation_start,csr_submit_done,2026-03-08T09:17:42.887243Z,2026-03-08T09:17:45.223840Z,/var/lib/docker/volumes,fabric_peer2.irs3.kit.edu,other,28700067,28710758,10691
run_004,csr,csr_1772961462,csr-irs3-1772961463,csr-irs3-1772961463,,operation_start,csr_submit_done,2026-03-08T09:17:42.887243Z,2026-03-08T09:17:45.223840Z,/var/lib/docker/volumes,fabric_peer3.irs3.kit.edu,other,28701492,28712183,10691
run_004,csr,csr_1772961462,csr-irs3-1772961463,csr-irs3-1772961463,,csr_submit_done,csr_voted,2026-03-08T09:17:45.223840Z,2026-03-08T09:17:47.56255721Z,/var/lib/docker/volumes,002a2c976d26a3f9c7eff06e2f9efe095908dd0ee21b2715cc202589b435aec2,other,NA,NA,
run_004,csr,csr_1772961462,csr-irs3-1772961463,csr-irs3-1772961463,,csr_submit_done,csr_voted,2026-03-08T09:17:45.223840Z,2026-03-08T09:17:47.56255721Z,/var/lib/docker/volumes,35a02607c21ea95db05e7150f71e6e704f4d6479a4a76375ed8ec3cbfc5ec094,other,NA,NA,
run_004,csr,csr_1772961462,csr-irs3-1772961463,csr-irs3-1772961463,,csr_submit_done,csr_voted,2026-03-08T09:17:45.223840Z,2026-03-08T09:17:47.56255721Z,/var/lib/docker/volumes,791e62bfc17bf044236c3dcb5d77ec82610b27aa4d5f3c78aff2e2842f98f9ee,other,NA,NA,
run_004,csr,csr_1772961462,csr-irs3-1772961463,csr-irs3-1772961463,,csr_submit_done,csr_voted,2026-03-08T09:17:45.223840Z,2026-03-08T09:17:47.56255721Z,/var/lib/docker/volumes,91dbb4452b1c3709e842113c225d65a63eab07cdac1110f244a9dfbdddb57dbf,other,NA,NA,
run_004,csr,csr_1772961462,csr-irs3-1772961463,csr-irs3-1772961463,,csr_submit_done,csr_voted,2026-03-08T09:17:45.223840Z,2026-03-08T09:17:47.56255721Z,/var/lib/docker/volumes,99ac8c723665556c954d288ca00335f1fae5493d384cb656ecf5a945cc9ae3b8,other,NA,NA,
run_004,csr,csr_1772961462,csr-irs3-1772961463,csr-irs3-1772961463,,csr_submit_done,csr_voted,2026-03-08T09:17:45.223840Z,2026-03-08T09:17:47.56255721Z,/var/lib/docker/volumes,ab96d922f06ec7a94f1b5200e75e480c9ed7eba86fbbe33b5cb9edbe031c6ea8,other,49770,49770,0
run_004,csr,csr_1772961462,csr-irs3-1772961463,csr-irs3-1772961463,,csr_submit_done,csr_voted,2026-03-08T09:17:45.223840Z,2026-03-08T09:17:47.56255721Z,/var/lib/docker/volumes,b8143ef8453ad18871b4b4e0ba6041764a2cda76bc6f516fa468de5fd6585e72,other,49770,49770,0
run_004,csr,csr_1772961462,csr-irs3-1772961463,csr-irs3-1772961463,,csr_submit_done,csr_voted,2026-03-08T09:17:45.223840Z,2026-03-08T09:17:47.56255721Z,/var/lib/docker/volumes,ce313f18292c11d1170b9839e1af2e5976d1858048740f79d790d8aed673a5a4,other,NA,NA,
run_004,csr,csr_1772961462,csr-irs3-1772961463,csr-irs3-1772961463,,csr_submit_done,csr_voted,2026-03-08T09:17:45.223840Z,2026-03-08T09:17:47.56255721Z,/var/lib/docker/volumes,d9b7785a06954372515977133a1213437b80c5db1517196ca5e26134d3413ccf,other,NA,NA,
run_004,csr,csr_1772961462,csr-irs3-1772961463,csr-irs3-1772961463,,csr_submit_done,csr_voted,2026-03-08T09:17:45.223840Z,2026-03-08T09:17:47.56255721Z,/var/lib/docker/volumes,e0eec01c85bd157680e466dd14073f2a433b51342ff770c3a292c984a51f226b,other,NA,NA,
run_004,csr,csr_1772961462,csr-irs3-1772961463,csr-irs3-1772961463,,csr_submit_done,csr_voted,2026-03-08T09:17:45.223840Z,2026-03-08T09:17:47.56255721Z,/var/lib/docker/volumes,fabric_orderer.kit.edu,orderer,130146799,130171176,24377
run_004,csr,csr_1772961462,csr-irs3-1772961463,csr-irs3-1772961463,,csr_submit_done,csr_voted,2026-03-08T09:17:45.223840Z,2026-03-08T09:17:47.56255721Z,/var/lib/docker/volumes,fabric_peer0.irs1.kit.edu,other,5006,5006,0
run_004,csr,csr_1772961462,csr-irs3-1772961463,csr-irs3-1772961463,,csr_submit_done,csr_voted,2026-03-08T09:17:45.223840Z,2026-03-08T09:17:47.56255721Z,/var/lib/docker/volumes,fabric_peer0.irs3.kit.edu,peer,28712186,28739886,27700
run_004,csr,csr_1772961462,csr-irs3-1772961463,csr-irs3-1772961463,,csr_submit_done,csr_voted,2026-03-08T09:17:45.223840Z,2026-03-08T09:17:47.56255721Z,/var/lib/docker/volumes,fabric_peer1.irs3.kit.edu,other,28710761,28738461,27700
run_004,csr,csr_1772961462,csr-irs3-1772961463,csr-irs3-1772961463,,csr_submit_done,csr_voted,2026-03-08T09:17:45.223840Z,2026-03-08T09:17:47.56255721Z,/var/lib/docker/volumes,fabric_peer2.irs3.kit.edu,other,28710758,28738458,27700
run_004,csr,csr_1772961462,csr-irs3-1772961463,csr-irs3-1772961463,,csr_submit_done,csr_voted,2026-03-08T09:17:45.223840Z,2026-03-08T09:17:47.56255721Z,/var/lib/docker/volumes,fabric_peer3.irs3.kit.edu,other,28712183,28739883,27700
run_004,csr,csr_1772961462,csr-irs3-1772961463,csr-irs3-1772961463,,csr_voted,csr_approved,2026-03-08T09:17:47.56255721Z,2026-03-08T09:17:50.031546253Z,/var/lib/docker/volumes,002a2c976d26a3f9c7eff06e2f9efe095908dd0ee21b2715cc202589b435aec2,other,NA,NA,
run_004,csr,csr_1772961462,csr-irs3-1772961463,csr-irs3-1772961463,,csr_voted,csr_approved,2026-03-08T09:17:47.56255721Z,2026-03-08T09:17:50.031546253Z,/var/lib/docker/volumes,35a02607c21ea95db05e7150f71e6e704f4d6479a4a76375ed8ec3cbfc5ec094,other,NA,NA,
run_004,csr,csr_1772961462,csr-irs3-1772961463,csr-irs3-1772961463,,csr_voted,csr_approved,2026-03-08T09:17:47.56255721Z,2026-03-08T09:17:50.031546253Z,/var/lib/docker/volumes,791e62bfc17bf044236c3dcb5d77ec82610b27aa4d5f3c78aff2e2842f98f9ee,other,NA,NA,
run_004,csr,csr_1772961462,csr-irs3-1772961463,csr-irs3-1772961463,,csr_voted,csr_approved,2026-03-08T09:17:47.56255721Z,2026-03-08T09:17:50.031546253Z,/var/lib/docker/volumes,91dbb4452b1c3709e842113c225d65a63eab07cdac1110f244a9dfbdddb57dbf,other,NA,NA,
run_004,csr,csr_1772961462,csr-irs3-1772961463,csr-irs3-1772961463,,csr_voted,csr_approved,2026-03-08T09:17:47.56255721Z,2026-03-08T09:17:50.031546253Z,/var/lib/docker/volumes,99ac8c723665556c954d288ca00335f1fae5493d384cb656ecf5a945cc9ae3b8,other,NA,NA,
run_004,csr,csr_1772961462,csr-irs3-1772961463,csr-irs3-1772961463,,csr_voted,csr_approved,2026-03-08T09:17:47.56255721Z,2026-03-08T09:17:50.031546253Z,/var/lib/docker/volumes,ab96d922f06ec7a94f1b5200e75e480c9ed7eba86fbbe33b5cb9edbe031c6ea8,other,49770,49770,0
run_004,csr,csr_1772961462,csr-irs3-1772961463,csr-irs3-1772961463,,csr_voted,csr_approved,2026-03-08T09:17:47.56255721Z,2026-03-08T09:17:50.031546253Z,/var/lib/docker/volumes,b8143ef8453ad18871b4b4e0ba6041764a2cda76bc6f516fa468de5fd6585e72,other,49770,49770,0
run_004,csr,csr_1772961462,csr-irs3-1772961463,csr-irs3-1772961463,,csr_voted,csr_approved,2026-03-08T09:17:47.56255721Z,2026-03-08T09:17:50.031546253Z,/var/lib/docker/volumes,ce313f18292c11d1170b9839e1af2e5976d1858048740f79d790d8aed673a5a4,other,NA,NA,
run_004,csr,csr_1772961462,csr-irs3-1772961463,csr-irs3-1772961463,,csr_voted,csr_approved,2026-03-08T09:17:47.56255721Z,2026-03-08T09:17:50.031546253Z,/var/lib/docker/volumes,d9b7785a06954372515977133a1213437b80c5db1517196ca5e26134d3413ccf,other,NA,NA,
run_004,csr,csr_1772961462,csr-irs3-1772961463,csr-irs3-1772961463,,csr_voted,csr_approved,2026-03-08T09:17:47.56255721Z,2026-03-08T09:17:50.031546253Z,/var/lib/docker/volumes,e0eec01c85bd157680e466dd14073f2a433b51342ff770c3a292c984a51f226b,other,NA,NA,
run_004,csr,csr_1772961462,csr-irs3-1772961463,csr-irs3-1772961463,,csr_voted,csr_approved,2026-03-08T09:17:47.56255721Z,2026-03-08T09:17:50.031546253Z,/var/lib/docker/volumes,fabric_orderer.kit.edu,orderer,130171176,130187562,16386
run_004,csr,csr_1772961462,csr-irs3-1772961463,csr-irs3-1772961463,,csr_voted,csr_approved,2026-03-08T09:17:47.56255721Z,2026-03-08T09:17:50.031546253Z,/var/lib/docker/volumes,fabric_peer0.irs1.kit.edu,other,5006,5006,0
run_004,csr,csr_1772961462,csr-irs3-1772961463,csr-irs3-1772961463,,csr_voted,csr_approved,2026-03-08T09:17:47.56255721Z,2026-03-08T09:17:50.031546253Z,/var/lib/docker/volumes,fabric_peer0.irs3.kit.edu,peer,28739886,28759978,20092
run_004,csr,csr_1772961462,csr-irs3-1772961463,csr-irs3-1772961463,,csr_voted,csr_approved,2026-03-08T09:17:47.56255721Z,2026-03-08T09:17:50.031546253Z,/var/lib/docker/volumes,fabric_peer1.irs3.kit.edu,other,28738461,28758553,20092
run_004,csr,csr_1772961462,csr-irs3-1772961463,csr-irs3-1772961463,,csr_voted,csr_approved,2026-03-08T09:17:47.56255721Z,2026-03-08T09:17:50.031546253Z,/var/lib/docker/volumes,fabric_peer2.irs3.kit.edu,other,28738458,28758550,20092
run_004,csr,csr_1772961462,csr-irs3-1772961463,csr-irs3-1772961463,,csr_voted,csr_approved,2026-03-08T09:17:47.56255721Z,2026-03-08T09:17:50.031546253Z,/var/lib/docker/volumes,fabric_peer3.irs3.kit.edu,other,28739883,28759975,20092
run_004,csr,csr_1772961462,csr-irs3-1772961463,csr-irs3-1772961463,,csr_approved,cert_registered,2026-03-08T09:17:50.031546253Z,2026-03-08T09:17:59.621666123Z,/var/lib/docker/volumes,002a2c976d26a3f9c7eff06e2f9efe095908dd0ee21b2715cc202589b435aec2,other,NA,NA,
run_004,csr,csr_1772961462,csr-irs3-1772961463,csr-irs3-1772961463,,csr_approved,cert_registered,2026-03-08T09:17:50.031546253Z,2026-03-08T09:17:59.621666123Z,/var/lib/docker/volumes,35a02607c21ea95db05e7150f71e6e704f4d6479a4a76375ed8ec3cbfc5ec094,other,NA,NA,
run_004,csr,csr_1772961462,csr-irs3-1772961463,csr-irs3-1772961463,,csr_approved,cert_registered,2026-03-08T09:17:50.031546253Z,2026-03-08T09:17:59.621666123Z,/var/lib/docker/volumes,791e62bfc17bf044236c3dcb5d77ec82610b27aa4d5f3c78aff2e2842f98f9ee,other,NA,NA,
run_004,csr,csr_1772961462,csr-irs3-1772961463,csr-irs3-1772961463,,csr_approved,cert_registered,2026-03-08T09:17:50.031546253Z,2026-03-08T09:17:59.621666123Z,/var/lib/docker/volumes,91dbb4452b1c3709e842113c225d65a63eab07cdac1110f244a9dfbdddb57dbf,other,NA,NA,
run_004,csr,csr_1772961462,csr-irs3-1772961463,csr-irs3-1772961463,,csr_approved,cert_registered,2026-03-08T09:17:50.031546253Z,2026-03-08T09:17:59.621666123Z,/var/lib/docker/volumes,99ac8c723665556c954d288ca00335f1fae5493d384cb656ecf5a945cc9ae3b8,other,NA,NA,
run_004,csr,csr_1772961462,csr-irs3-1772961463,csr-irs3-1772961463,,csr_approved,cert_registered,2026-03-08T09:17:50.031546253Z,2026-03-08T09:17:59.621666123Z,/var/lib/docker/volumes,ab96d922f06ec7a94f1b5200e75e480c9ed7eba86fbbe33b5cb9edbe031c6ea8,other,49770,49770,0
run_004,csr,csr_1772961462,csr-irs3-1772961463,csr-irs3-1772961463,,csr_approved,cert_registered,2026-03-08T09:17:50.031546253Z,2026-03-08T09:17:59.621666123Z,/var/lib/docker/volumes,b8143ef8453ad18871b4b4e0ba6041764a2cda76bc6f516fa468de5fd6585e72,other,49770,49770,0
run_004,csr,csr_1772961462,csr-irs3-1772961463,csr-irs3-1772961463,,csr_approved,cert_registered,2026-03-08T09:17:50.031546253Z,2026-03-08T09:17:59.621666123Z,/var/lib/docker/volumes,ce313f18292c11d1170b9839e1af2e5976d1858048740f79d790d8aed673a5a4,other,NA,NA,
run_004,csr,csr_1772961462,csr-irs3-1772961463,csr-irs3-1772961463,,csr_approved,cert_registered,2026-03-08T09:17:50.031546253Z,2026-03-08T09:17:59.621666123Z,/var/lib/docker/volumes,d9b7785a06954372515977133a1213437b80c5db1517196ca5e26134d3413ccf,other,NA,NA,
run_004,csr,csr_1772961462,csr-irs3-1772961463,csr-irs3-1772961463,,csr_approved,cert_registered,2026-03-08T09:17:50.031546253Z,2026-03-08T09:17:59.621666123Z,/var/lib/docker/volumes,e0eec01c85bd157680e466dd14073f2a433b51342ff770c3a292c984a51f226b,other,NA,NA,
run_004,csr,csr_1772961462,csr-irs3-1772961463,csr-irs3-1772961463,,csr_approved,cert_registered,2026-03-08T09:17:50.031546253Z,2026-03-08T09:17:59.621666123Z,/var/lib/docker/volumes,fabric_orderer.kit.edu,orderer,130187562,130227865,40303
run_004,csr,csr_1772961462,csr-irs3-1772961463,csr-irs3-1772961463,,csr_approved,cert_registered,2026-03-08T09:17:50.031546253Z,2026-03-08T09:17:59.621666123Z,/var/lib/docker/volumes,fabric_peer0.irs1.kit.edu,other,5006,5006,0
run_004,csr,csr_1772961462,csr-irs3-1772961463,csr-irs3-1772961463,,csr_approved,cert_registered,2026-03-08T09:17:50.031546253Z,2026-03-08T09:17:59.621666123Z,/var/lib/docker/volumes,fabric_peer0.irs3.kit.edu,peer,28759978,28811609,51631
run_004,csr,csr_1772961462,csr-irs3-1772961463,csr-irs3-1772961463,,csr_approved,cert_registered,2026-03-08T09:17:50.031546253Z,2026-03-08T09:17:59.621666123Z,/var/lib/docker/volumes,fabric_peer1.irs3.kit.edu,other,28758553,28810184,51631
run_004,csr,csr_1772961462,csr-irs3-1772961463,csr-irs3-1772961463,,csr_approved,cert_registered,2026-03-08T09:17:50.031546253Z,2026-03-08T09:17:59.621666123Z,/var/lib/docker/volumes,fabric_peer2.irs3.kit.edu,other,28758550,28810181,51631
run_004,csr,csr_1772961462,csr-irs3-1772961463,csr-irs3-1772961463,,csr_approved,cert_registered,2026-03-08T09:17:50.031546253Z,2026-03-08T09:17:59.621666123Z,/var/lib/docker/volumes,fabric_peer3.irs3.kit.edu,other,28759975,28811606,51631
run_004,csr,csr_1772961462,csr-irs3-1772961463,csr-irs3-1772961463,,cert_registered,operation_end,2026-03-08T09:17:59.621666123Z,2026-03-08T09:17:59.962661Z,/var/lib/docker/volumes,002a2c976d26a3f9c7eff06e2f9efe095908dd0ee21b2715cc202589b435aec2,other,NA,NA,
run_004,csr,csr_1772961462,csr-irs3-1772961463,csr-irs3-1772961463,,cert_registered,operation_end,2026-03-08T09:17:59.621666123Z,2026-03-08T09:17:59.962661Z,/var/lib/docker/volumes,35a02607c21ea95db05e7150f71e6e704f4d6479a4a76375ed8ec3cbfc5ec094,other,NA,NA,
run_004,csr,csr_1772961462,csr-irs3-1772961463,csr-irs3-1772961463,,cert_registered,operation_end,2026-03-08T09:17:59.621666123Z,2026-03-08T09:17:59.962661Z,/var/lib/docker/volumes,791e62bfc17bf044236c3dcb5d77ec82610b27aa4d5f3c78aff2e2842f98f9ee,other,NA,NA,
run_004,csr,csr_1772961462,csr-irs3-1772961463,csr-irs3-1772961463,,cert_registered,operation_end,2026-03-08T09:17:59.621666123Z,2026-03-08T09:17:59.962661Z,/var/lib/docker/volumes,91dbb4452b1c3709e842113c225d65a63eab07cdac1110f244a9dfbdddb57dbf,other,NA,NA,
run_004,csr,csr_1772961462,csr-irs3-1772961463,csr-irs3-1772961463,,cert_registered,operation_end,2026-03-08T09:17:59.621666123Z,2026-03-08T09:17:59.962661Z,/var/lib/docker/volumes,99ac8c723665556c954d288ca00335f1fae5493d384cb656ecf5a945cc9ae3b8,other,NA,NA,
run_004,csr,csr_1772961462,csr-irs3-1772961463,csr-irs3-1772961463,,cert_registered,operation_end,2026-03-08T09:17:59.621666123Z,2026-03-08T09:17:59.962661Z,/var/lib/docker/volumes,ab96d922f06ec7a94f1b5200e75e480c9ed7eba86fbbe33b5cb9edbe031c6ea8,other,49770,49770,0
run_004,csr,csr_1772961462,csr-irs3-1772961463,csr-irs3-1772961463,,cert_registered,operation_end,2026-03-08T09:17:59.621666123Z,2026-03-08T09:17:59.962661Z,/var/lib/docker/volumes,b8143ef8453ad18871b4b4e0ba6041764a2cda76bc6f516fa468de5fd6585e72,other,49770,49770,0
run_004,csr,csr_1772961462,csr-irs3-1772961463,csr-irs3-1772961463,,cert_registered,operation_end,2026-03-08T09:17:59.621666123Z,2026-03-08T09:17:59.962661Z,/var/lib/docker/volumes,ce313f18292c11d1170b9839e1af2e5976d1858048740f79d790d8aed673a5a4,other,NA,NA,
run_004,csr,csr_1772961462,csr-irs3-1772961463,csr-irs3-1772961463,,cert_registered,operation_end,2026-03-08T09:17:59.621666123Z,2026-03-08T09:17:59.962661Z,/var/lib/docker/volumes,d9b7785a06954372515977133a1213437b80c5db1517196ca5e26134d3413ccf,other,NA,NA,
run_004,csr,csr_1772961462,csr-irs3-1772961463,csr-irs3-1772961463,,cert_registered,operation_end,2026-03-08T09:17:59.621666123Z,2026-03-08T09:17:59.962661Z,/var/lib/docker/volumes,e0eec01c85bd157680e466dd14073f2a433b51342ff770c3a292c984a51f226b,other,NA,NA,
run_004,csr,csr_1772961462,csr-irs3-1772961463,csr-irs3-1772961463,,cert_registered,operation_end,2026-03-08T09:17:59.621666123Z,2026-03-08T09:17:59.962661Z,/var/lib/docker/volumes,fabric_orderer.kit.edu,orderer,130227865,130227865,0
run_004,csr,csr_1772961462,csr-irs3-1772961463,csr-irs3-1772961463,,cert_registered,operation_end,2026-03-08T09:17:59.621666123Z,2026-03-08T09:17:59.962661Z,/var/lib/docker/volumes,fabric_peer0.irs1.kit.edu,other,5006,5006,0
run_004,csr,csr_1772961462,csr-irs3-1772961463,csr-irs3-1772961463,,cert_registered,operation_end,2026-03-08T09:17:59.621666123Z,2026-03-08T09:17:59.962661Z,/var/lib/docker/volumes,fabric_peer0.irs3.kit.edu,peer,28811609,28811609,0
run_004,csr,csr_1772961462,csr-irs3-1772961463,csr-irs3-1772961463,,cert_registered,operation_end,2026-03-08T09:17:59.621666123Z,2026-03-08T09:17:59.962661Z,/var/lib/docker/volumes,fabric_peer1.irs3.kit.edu,other,28810184,28810184,0
run_004,csr,csr_1772961462,csr-irs3-1772961463,csr-irs3-1772961463,,cert_registered,operation_end,2026-03-08T09:17:59.621666123Z,2026-03-08T09:17:59.962661Z,/var/lib/docker/volumes,fabric_peer2.irs3.kit.edu,other,28810181,28810181,0
run_004,csr,csr_1772961462,csr-irs3-1772961463,csr-irs3-1772961463,,cert_registered,operation_end,2026-03-08T09:17:59.621666123Z,2026-03-08T09:17:59.962661Z,/var/lib/docker/volumes,fabric_peer3.irs3.kit.edu,other,28811606,28811606,0
run_004,revocation,revocation_1772961500,revoke-irs3-1772961500,revoke-irs3-1772961500,,operation_start,revocation_submit_done,2026-03-08T09:18:20.275259Z,2026-03-08T09:18:22.602626Z,/var/lib/docker/volumes,002a2c976d26a3f9c7eff06e2f9efe095908dd0ee21b2715cc202589b435aec2,other,NA,NA,
run_004,revocation,revocation_1772961500,revoke-irs3-1772961500,revoke-irs3-1772961500,,operation_start,revocation_submit_done,2026-03-08T09:18:20.275259Z,2026-03-08T09:18:22.602626Z,/var/lib/docker/volumes,35a02607c21ea95db05e7150f71e6e704f4d6479a4a76375ed8ec3cbfc5ec094,other,NA,NA,
run_004,revocation,revocation_1772961500,revoke-irs3-1772961500,revoke-irs3-1772961500,,operation_start,revocation_submit_done,2026-03-08T09:18:20.275259Z,2026-03-08T09:18:22.602626Z,/var/lib/docker/volumes,791e62bfc17bf044236c3dcb5d77ec82610b27aa4d5f3c78aff2e2842f98f9ee,other,NA,NA,
run_004,revocation,revocation_1772961500,revoke-irs3-1772961500,revoke-irs3-1772961500,,operation_start,revocation_submit_done,2026-03-08T09:18:20.275259Z,2026-03-08T09:18:22.602626Z,/var/lib/docker/volumes,91dbb4452b1c3709e842113c225d65a63eab07cdac1110f244a9dfbdddb57dbf,other,NA,NA,
run_004,revocation,revocation_1772961500,revoke-irs3-1772961500,revoke-irs3-1772961500,,operation_start,revocation_submit_done,2026-03-08T09:18:20.275259Z,2026-03-08T09:18:22.602626Z,/var/lib/docker/volumes,99ac8c723665556c954d288ca00335f1fae5493d384cb656ecf5a945cc9ae3b8,other,NA,NA,
run_004,revocation,revocation_1772961500,revoke-irs3-1772961500,revoke-irs3-1772961500,,operation_start,revocation_submit_done,2026-03-08T09:18:20.275259Z,2026-03-08T09:18:22.602626Z,/var/lib/docker/volumes,ab96d922f06ec7a94f1b5200e75e480c9ed7eba86fbbe33b5cb9edbe031c6ea8,other,49770,49770,0
run_004,revocation,revocation_1772961500,revoke-irs3-1772961500,revoke-irs3-1772961500,,operation_start,revocation_submit_done,2026-03-08T09:18:20.275259Z,2026-03-08T09:18:22.602626Z,/var/lib/docker/volumes,b8143ef8453ad18871b4b4e0ba6041764a2cda76bc6f516fa468de5fd6585e72,other,49770,49770,0
run_004,revocation,revocation_1772961500,revoke-irs3-1772961500,revoke-irs3-1772961500,,operation_start,revocation_submit_done,2026-03-08T09:18:20.275259Z,2026-03-08T09:18:22.602626Z,/var/lib/docker/volumes,ce313f18292c11d1170b9839e1af2e5976d1858048740f79d790d8aed673a5a4,other,NA,NA,
run_004,revocation,revocation_1772961500,revoke-irs3-1772961500,revoke-irs3-1772961500,,operation_start,revocation_submit_done,2026-03-08T09:18:20.275259Z,2026-03-08T09:18:22.602626Z,/var/lib/docker/volumes,d9b7785a06954372515977133a1213437b80c5db1517196ca5e26134d3413ccf,other,NA,NA,
run_004,revocation,revocation_1772961500,revoke-irs3-1772961500,revoke-irs3-1772961500,,operation_start,revocation_submit_done,2026-03-08T09:18:20.275259Z,2026-03-08T09:18:22.602626Z,/var/lib/docker/volumes,e0eec01c85bd157680e466dd14073f2a433b51342ff770c3a292c984a51f226b,other,NA,NA,
run_004,revocation,revocation_1772961500,revoke-irs3-1772961500,revoke-irs3-1772961500,,operation_start,revocation_submit_done,2026-03-08T09:18:20.275259Z,2026-03-08T09:18:22.602626Z,/var/lib/docker/volumes,fabric_orderer.kit.edu,orderer,130227865,130235062,7197
run_004,revocation,revocation_1772961500,revoke-irs3-1772961500,revoke-irs3-1772961500,,operation_start,revocation_submit_done,2026-03-08T09:18:20.275259Z,2026-03-08T09:18:22.602626Z,/var/lib/docker/volumes,fabric_peer0.irs1.kit.edu,other,5006,5006,0
run_004,revocation,revocation_1772961500,revoke-irs3-1772961500,revoke-irs3-1772961500,,operation_start,revocation_submit_done,2026-03-08T09:18:20.275259Z,2026-03-08T09:18:22.602626Z,/var/lib/docker/volumes,fabric_peer0.irs3.kit.edu,peer,28811609,28819842,8233
run_004,revocation,revocation_1772961500,revoke-irs3-1772961500,revoke-irs3-1772961500,,operation_start,revocation_submit_done,2026-03-08T09:18:20.275259Z,2026-03-08T09:18:22.602626Z,/var/lib/docker/volumes,fabric_peer1.irs3.kit.edu,other,28810184,28818417,8233
run_004,revocation,revocation_1772961500,revoke-irs3-1772961500,revoke-irs3-1772961500,,operation_start,revocation_submit_done,2026-03-08T09:18:20.275259Z,2026-03-08T09:18:22.602626Z,/var/lib/docker/volumes,fabric_peer2.irs3.kit.edu,other,28810181,28818414,8233
run_004,revocation,revocation_1772961500,revoke-irs3-1772961500,revoke-irs3-1772961500,,operation_start,revocation_submit_done,2026-03-08T09:18:20.275259Z,2026-03-08T09:18:22.602626Z,/var/lib/docker/volumes,fabric_peer3.irs3.kit.edu,other,28811606,28819839,8233
run_004,revocation,revocation_1772961500,revoke-irs3-1772961500,revoke-irs3-1772961500,,revocation_submit_done,revocation_voted,2026-03-08T09:18:22.602626Z,2026-03-08T09:18:26.550630072Z,/var/lib/docker/volumes,002a2c976d26a3f9c7eff06e2f9efe095908dd0ee21b2715cc202589b435aec2,other,NA,NA,
run_004,revocation,revocation_1772961500,revoke-irs3-1772961500,revoke-irs3-1772961500,,revocation_submit_done,revocation_voted,2026-03-08T09:18:22.602626Z,2026-03-08T09:18:26.550630072Z,/var/lib/docker/volumes,35a02607c21ea95db05e7150f71e6e704f4d6479a4a76375ed8ec3cbfc5ec094,other,NA,NA,
run_004,revocation,revocation_1772961500,revoke-irs3-1772961500,revoke-irs3-1772961500,,revocation_submit_done,revocation_voted,2026-03-08T09:18:22.602626Z,2026-03-08T09:18:26.550630072Z,/var/lib/docker/volumes,791e62bfc17bf044236c3dcb5d77ec82610b27aa4d5f3c78aff2e2842f98f9ee,other,NA,NA,
run_004,revocation,revocation_1772961500,revoke-irs3-1772961500,revoke-irs3-1772961500,,revocation_submit_done,revocation_voted,2026-03-08T09:18:22.602626Z,2026-03-08T09:18:26.550630072Z,/var/lib/docker/volumes,91dbb4452b1c3709e842113c225d65a63eab07cdac1110f244a9dfbdddb57dbf,other,NA,NA,
run_004,revocation,revocation_1772961500,revoke-irs3-1772961500,revoke-irs3-1772961500,,revocation_submit_done,revocation_voted,2026-03-08T09:18:22.602626Z,2026-03-08T09:18:26.550630072Z,/var/lib/docker/volumes,99ac8c723665556c954d288ca00335f1fae5493d384cb656ecf5a945cc9ae3b8,other,NA,NA,
run_004,revocation,revocation_1772961500,revoke-irs3-1772961500,revoke-irs3-1772961500,,revocation_submit_done,revocation_voted,2026-03-08T09:18:22.602626Z,2026-03-08T09:18:26.550630072Z,/var/lib/docker/volumes,ab96d922f06ec7a94f1b5200e75e480c9ed7eba86fbbe33b5cb9edbe031c6ea8,other,49770,49770,0
run_004,revocation,revocation_1772961500,revoke-irs3-1772961500,revoke-irs3-1772961500,,revocation_submit_done,revocation_voted,2026-03-08T09:18:22.602626Z,2026-03-08T09:18:26.550630072Z,/var/lib/docker/volumes,b8143ef8453ad18871b4b4e0ba6041764a2cda76bc6f516fa468de5fd6585e72,other,49770,49770,0
run_004,revocation,revocation_1772961500,revoke-irs3-1772961500,revoke-irs3-1772961500,,revocation_submit_done,revocation_voted,2026-03-08T09:18:22.602626Z,2026-03-08T09:18:26.550630072Z,/var/lib/docker/volumes,ce313f18292c11d1170b9839e1af2e5976d1858048740f79d790d8aed673a5a4,other,NA,NA,
run_004,revocation,revocation_1772961500,revoke-irs3-1772961500,revoke-irs3-1772961500,,revocation_submit_done,revocation_voted,2026-03-08T09:18:22.602626Z,2026-03-08T09:18:26.550630072Z,/var/lib/docker/volumes,d9b7785a06954372515977133a1213437b80c5db1517196ca5e26134d3413ccf,other,NA,NA,
run_004,revocation,revocation_1772961500,revoke-irs3-1772961500,revoke-irs3-1772961500,,revocation_submit_done,revocation_voted,2026-03-08T09:18:22.602626Z,2026-03-08T09:18:26.550630072Z,/var/lib/docker/volumes,e0eec01c85bd157680e466dd14073f2a433b51342ff770c3a292c984a51f226b,other,NA,NA,
run_004,revocation,revocation_1772961500,revoke-irs3-1772961500,revoke-irs3-1772961500,,revocation_submit_done,revocation_voted,2026-03-08T09:18:22.602626Z,2026-03-08T09:18:26.550630072Z,/var/lib/docker/volumes,fabric_orderer.kit.edu,orderer,130235062,130256240,21178
run_004,revocation,revocation_1772961500,revoke-irs3-1772961500,revoke-irs3-1772961500,,revocation_submit_done,revocation_voted,2026-03-08T09:18:22.602626Z,2026-03-08T09:18:26.550630072Z,/var/lib/docker/volumes,fabric_peer0.irs1.kit.edu,other,5006,5006,0
run_004,revocation,revocation_1772961500,revoke-irs3-1772961500,revoke-irs3-1772961500,,revocation_submit_done,revocation_voted,2026-03-08T09:18:22.602626Z,2026-03-08T09:18:26.550630072Z,/var/lib/docker/volumes,fabric_peer0.irs3.kit.edu,peer,28819842,28843266,23424
run_004,revocation,revocation_1772961500,revoke-irs3-1772961500,revoke-irs3-1772961500,,revocation_submit_done,revocation_voted,2026-03-08T09:18:22.602626Z,2026-03-08T09:18:26.550630072Z,/var/lib/docker/volumes,fabric_peer1.irs3.kit.edu,other,28818417,28841841,23424
run_004,revocation,revocation_1772961500,revoke-irs3-1772961500,revoke-irs3-1772961500,,revocation_submit_done,revocation_voted,2026-03-08T09:18:22.602626Z,2026-03-08T09:18:26.550630072Z,/var/lib/docker/volumes,fabric_peer2.irs3.kit.edu,other,28818414,28841838,23424
run_004,revocation,revocation_1772961500,revoke-irs3-1772961500,revoke-irs3-1772961500,,revocation_submit_done,revocation_voted,2026-03-08T09:18:22.602626Z,2026-03-08T09:18:26.550630072Z,/var/lib/docker/volumes,fabric_peer3.irs3.kit.edu,other,28819839,28843263,23424
run_004,revocation,revocation_1772961500,revoke-irs3-1772961500,revoke-irs3-1772961500,,revocation_voted,revocation_executed,2026-03-08T09:18:26.550630072Z,2026-03-08T09:18:28.981812Z,/var/lib/docker/volumes,002a2c976d26a3f9c7eff06e2f9efe095908dd0ee21b2715cc202589b435aec2,other,NA,NA,
run_004,revocation,revocation_1772961500,revoke-irs3-1772961500,revoke-irs3-1772961500,,revocation_voted,revocation_executed,2026-03-08T09:18:26.550630072Z,2026-03-08T09:18:28.981812Z,/var/lib/docker/volumes,35a02607c21ea95db05e7150f71e6e704f4d6479a4a76375ed8ec3cbfc5ec094,other,NA,NA,
run_004,revocation,revocation_1772961500,revoke-irs3-1772961500,revoke-irs3-1772961500,,revocation_voted,revocation_executed,2026-03-08T09:18:26.550630072Z,2026-03-08T09:18:28.981812Z,/var/lib/docker/volumes,791e62bfc17bf044236c3dcb5d77ec82610b27aa4d5f3c78aff2e2842f98f9ee,other,NA,NA,
run_004,revocation,revocation_1772961500,revoke-irs3-1772961500,revoke-irs3-1772961500,,revocation_voted,revocation_executed,2026-03-08T09:18:26.550630072Z,2026-03-08T09:18:28.981812Z,/var/lib/docker/volumes,91dbb4452b1c3709e842113c225d65a63eab07cdac1110f244a9dfbdddb57dbf,other,NA,NA,
run_004,revocation,revocation_1772961500,revoke-irs3-1772961500,revoke-irs3-1772961500,,revocation_voted,revocation_executed,2026-03-08T09:18:26.550630072Z,2026-03-08T09:18:28.981812Z,/var/lib/docker/volumes,99ac8c723665556c954d288ca00335f1fae5493d384cb656ecf5a945cc9ae3b8,other,NA,NA,
run_004,revocation,revocation_1772961500,revoke-irs3-1772961500,revoke-irs3-1772961500,,revocation_voted,revocation_executed,2026-03-08T09:18:26.550630072Z,2026-03-08T09:18:28.981812Z,/var/lib/docker/volumes,ab96d922f06ec7a94f1b5200e75e480c9ed7eba86fbbe33b5cb9edbe031c6ea8,other,49770,49770,0
run_004,revocation,revocation_1772961500,revoke-irs3-1772961500,revoke-irs3-1772961500,,revocation_voted,revocation_executed,2026-03-08T09:18:26.550630072Z,2026-03-08T09:18:28.981812Z,/var/lib/docker/volumes,b8143ef8453ad18871b4b4e0ba6041764a2cda76bc6f516fa468de5fd6585e72,other,49770,49770,0
run_004,revocation,revocation_1772961500,revoke-irs3-1772961500,revoke-irs3-1772961500,,revocation_voted,revocation_executed,2026-03-08T09:18:26.550630072Z,2026-03-08T09:18:28.981812Z,/var/lib/docker/volumes,ce313f18292c11d1170b9839e1af2e5976d1858048740f79d790d8aed673a5a4,other,NA,NA,
run_004,revocation,revocation_1772961500,revoke-irs3-1772961500,revoke-irs3-1772961500,,revocation_voted,revocation_executed,2026-03-08T09:18:26.550630072Z,2026-03-08T09:18:28.981812Z,/var/lib/docker/volumes,d9b7785a06954372515977133a1213437b80c5db1517196ca5e26134d3413ccf,other,NA,NA,
run_004,revocation,revocation_1772961500,revoke-irs3-1772961500,revoke-irs3-1772961500,,revocation_voted,revocation_executed,2026-03-08T09:18:26.550630072Z,2026-03-08T09:18:28.981812Z,/var/lib/docker/volumes,e0eec01c85bd157680e466dd14073f2a433b51342ff770c3a292c984a51f226b,other,NA,NA,
run_004,revocation,revocation_1772961500,revoke-irs3-1772961500,revoke-irs3-1772961500,,revocation_voted,revocation_executed,2026-03-08T09:18:26.550630072Z,2026-03-08T09:18:28.981812Z,/var/lib/docker/volumes,fabric_orderer.kit.edu,orderer,130256240,130277308,21068
run_004,revocation,revocation_1772961500,revoke-irs3-1772961500,revoke-irs3-1772961500,,revocation_voted,revocation_executed,2026-03-08T09:18:26.550630072Z,2026-03-08T09:18:28.981812Z,/var/lib/docker/volumes,fabric_peer0.irs1.kit.edu,other,5006,5006,0
run_004,revocation,revocation_1772961500,revoke-irs3-1772961500,revoke-irs3-1772961500,,revocation_voted,revocation_executed,2026-03-08T09:18:26.550630072Z,2026-03-08T09:18:28.981812Z,/var/lib/docker/volumes,fabric_peer0.irs3.kit.edu,peer,28843266,28869999,26733
run_004,revocation,revocation_1772961500,revoke-irs3-1772961500,revoke-irs3-1772961500,,revocation_voted,revocation_executed,2026-03-08T09:18:26.550630072Z,2026-03-08T09:18:28.981812Z,/var/lib/docker/volumes,fabric_peer1.irs3.kit.edu,other,28841841,28868574,26733
run_004,revocation,revocation_1772961500,revoke-irs3-1772961500,revoke-irs3-1772961500,,revocation_voted,revocation_executed,2026-03-08T09:18:26.550630072Z,2026-03-08T09:18:28.981812Z,/var/lib/docker/volumes,fabric_peer2.irs3.kit.edu,other,28841838,28868571,26733
run_004,revocation,revocation_1772961500,revoke-irs3-1772961500,revoke-irs3-1772961500,,revocation_voted,revocation_executed,2026-03-08T09:18:26.550630072Z,2026-03-08T09:18:28.981812Z,/var/lib/docker/volumes,fabric_peer3.irs3.kit.edu,other,28843263,28869996,26733
run_004,revocation,revocation_1772961500,revoke-irs3-1772961500,revoke-irs3-1772961500,,revocation_executed,operation_end,2026-03-08T09:18:28.981812Z,2026-03-08T09:18:29.103427Z,/var/lib/docker/volumes,002a2c976d26a3f9c7eff06e2f9efe095908dd0ee21b2715cc202589b435aec2,other,NA,NA,
run_004,revocation,revocation_1772961500,revoke-irs3-1772961500,revoke-irs3-1772961500,,revocation_executed,operation_end,2026-03-08T09:18:28.981812Z,2026-03-08T09:18:29.103427Z,/var/lib/docker/volumes,35a02607c21ea95db05e7150f71e6e704f4d6479a4a76375ed8ec3cbfc5ec094,other,NA,NA,
run_004,revocation,revocation_1772961500,revoke-irs3-1772961500,revoke-irs3-1772961500,,revocation_executed,operation_end,2026-03-08T09:18:28.981812Z,2026-03-08T09:18:29.103427Z,/var/lib/docker/volumes,791e62bfc17bf044236c3dcb5d77ec82610b27aa4d5f3c78aff2e2842f98f9ee,other,NA,NA,
run_004,revocation,revocation_1772961500,revoke-irs3-1772961500,revoke-irs3-1772961500,,revocation_executed,operation_end,2026-03-08T09:18:28.981812Z,2026-03-08T09:18:29.103427Z,/var/lib/docker/volumes,91dbb4452b1c3709e842113c225d65a63eab07cdac1110f244a9dfbdddb57dbf,other,NA,NA,
run_004,revocation,revocation_1772961500,revoke-irs3-1772961500,revoke-irs3-1772961500,,revocation_executed,operation_end,2026-03-08T09:18:28.981812Z,2026-03-08T09:18:29.103427Z,/var/lib/docker/volumes,99ac8c723665556c954d288ca00335f1fae5493d384cb656ecf5a945cc9ae3b8,other,NA,NA,
run_004,revocation,revocation_1772961500,revoke-irs3-1772961500,revoke-irs3-1772961500,,revocation_executed,operation_end,2026-03-08T09:18:28.981812Z,2026-03-08T09:18:29.103427Z,/var/lib/docker/volumes,ab96d922f06ec7a94f1b5200e75e480c9ed7eba86fbbe33b5cb9edbe031c6ea8,other,49770,49770,0
run_004,revocation,revocation_1772961500,revoke-irs3-1772961500,revoke-irs3-1772961500,,revocation_executed,operation_end,2026-03-08T09:18:28.981812Z,2026-03-08T09:18:29.103427Z,/var/lib/docker/volumes,b8143ef8453ad18871b4b4e0ba6041764a2cda76bc6f516fa468de5fd6585e72,other,49770,49770,0
run_004,revocation,revocation_1772961500,revoke-irs3-1772961500,revoke-irs3-1772961500,,revocation_executed,operation_end,2026-03-08T09:18:28.981812Z,2026-03-08T09:18:29.103427Z,/var/lib/docker/volumes,ce313f18292c11d1170b9839e1af2e5976d1858048740f79d790d8aed673a5a4,other,NA,NA,
run_004,revocation,revocation_1772961500,revoke-irs3-1772961500,revoke-irs3-1772961500,,revocation_executed,operation_end,2026-03-08T09:18:28.981812Z,2026-03-08T09:18:29.103427Z,/var/lib/docker/volumes,d9b7785a06954372515977133a1213437b80c5db1517196ca5e26134d3413ccf,other,NA,NA,
run_004,revocation,revocation_1772961500,revoke-irs3-1772961500,revoke-irs3-1772961500,,revocation_executed,operation_end,2026-03-08T09:18:28.981812Z,2026-03-08T09:18:29.103427Z,/var/lib/docker/volumes,e0eec01c85bd157680e466dd14073f2a433b51342ff770c3a292c984a51f226b,other,NA,NA,
run_004,revocation,revocation_1772961500,revoke-irs3-1772961500,revoke-irs3-1772961500,,revocation_executed,operation_end,2026-03-08T09:18:28.981812Z,2026-03-08T09:18:29.103427Z,/var/lib/docker/volumes,fabric_orderer.kit.edu,orderer,130277308,130277308,0
run_004,revocation,revocation_1772961500,revoke-irs3-1772961500,revoke-irs3-1772961500,,revocation_executed,operation_end,2026-03-08T09:18:28.981812Z,2026-03-08T09:18:29.103427Z,/var/lib/docker/volumes,fabric_peer0.irs1.kit.edu,other,5006,5006,0
run_004,revocation,revocation_1772961500,revoke-irs3-1772961500,revoke-irs3-1772961500,,revocation_executed,operation_end,2026-03-08T09:18:28.981812Z,2026-03-08T09:18:29.103427Z,/var/lib/docker/volumes,fabric_peer0.irs3.kit.edu,peer,28869999,28869999,0
run_004,revocation,revocation_1772961500,revoke-irs3-1772961500,revoke-irs3-1772961500,,revocation_executed,operation_end,2026-03-08T09:18:28.981812Z,2026-03-08T09:18:29.103427Z,/var/lib/docker/volumes,fabric_peer1.irs3.kit.edu,other,28868574,28868574,0
run_004,revocation,revocation_1772961500,revoke-irs3-1772961500,revoke-irs3-1772961500,,revocation_executed,operation_end,2026-03-08T09:18:28.981812Z,2026-03-08T09:18:29.103427Z,/var/lib/docker/volumes,fabric_peer2.irs3.kit.edu,other,28868571,28868571,0
run_004,revocation,revocation_1772961500,revoke-irs3-1772961500,revoke-irs3-1772961500,,revocation_executed,operation_end,2026-03-08T09:18:28.981812Z,2026-03-08T09:18:29.103427Z,/var/lib/docker/volumes,fabric_peer3.irs3.kit.edu,other,28869996,28869996,0
run_004,removal,removal_1772961527,remove-irs3-member1-1772961527,remove-irs3-member1-1772961527,10,operation_start,removal_submit_done,2026-03-08T09:18:47.448885Z,2026-03-08T09:18:49.808654Z,/var/lib/docker/volumes,002a2c976d26a3f9c7eff06e2f9efe095908dd0ee21b2715cc202589b435aec2,other,NA,NA,
run_004,removal,removal_1772961527,remove-irs3-member1-1772961527,remove-irs3-member1-1772961527,10,operation_start,removal_submit_done,2026-03-08T09:18:47.448885Z,2026-03-08T09:18:49.808654Z,/var/lib/docker/volumes,35a02607c21ea95db05e7150f71e6e704f4d6479a4a76375ed8ec3cbfc5ec094,other,NA,NA,
run_004,removal,removal_1772961527,remove-irs3-member1-1772961527,remove-irs3-member1-1772961527,10,operation_start,removal_submit_done,2026-03-08T09:18:47.448885Z,2026-03-08T09:18:49.808654Z,/var/lib/docker/volumes,791e62bfc17bf044236c3dcb5d77ec82610b27aa4d5f3c78aff2e2842f98f9ee,other,NA,NA,
run_004,removal,removal_1772961527,remove-irs3-member1-1772961527,remove-irs3-member1-1772961527,10,operation_start,removal_submit_done,2026-03-08T09:18:47.448885Z,2026-03-08T09:18:49.808654Z,/var/lib/docker/volumes,91dbb4452b1c3709e842113c225d65a63eab07cdac1110f244a9dfbdddb57dbf,other,NA,NA,
run_004,removal,removal_1772961527,remove-irs3-member1-1772961527,remove-irs3-member1-1772961527,10,operation_start,removal_submit_done,2026-03-08T09:18:47.448885Z,2026-03-08T09:18:49.808654Z,/var/lib/docker/volumes,99ac8c723665556c954d288ca00335f1fae5493d384cb656ecf5a945cc9ae3b8,other,NA,NA,
run_004,removal,removal_1772961527,remove-irs3-member1-1772961527,remove-irs3-member1-1772961527,10,operation_start,removal_submit_done,2026-03-08T09:18:47.448885Z,2026-03-08T09:18:49.808654Z,/var/lib/docker/volumes,ab96d922f06ec7a94f1b5200e75e480c9ed7eba86fbbe33b5cb9edbe031c6ea8,other,49770,49770,0
run_004,removal,removal_1772961527,remove-irs3-member1-1772961527,remove-irs3-member1-1772961527,10,operation_start,removal_submit_done,2026-03-08T09:18:47.448885Z,2026-03-08T09:18:49.808654Z,/var/lib/docker/volumes,b8143ef8453ad18871b4b4e0ba6041764a2cda76bc6f516fa468de5fd6585e72,other,49770,49770,0
run_004,removal,removal_1772961527,remove-irs3-member1-1772961527,remove-irs3-member1-1772961527,10,operation_start,removal_submit_done,2026-03-08T09:18:47.448885Z,2026-03-08T09:18:49.808654Z,/var/lib/docker/volumes,ce313f18292c11d1170b9839e1af2e5976d1858048740f79d790d8aed673a5a4,other,NA,NA,
run_004,removal,removal_1772961527,remove-irs3-member1-1772961527,remove-irs3-member1-1772961527,10,operation_start,removal_submit_done,2026-03-08T09:18:47.448885Z,2026-03-08T09:18:49.808654Z,/var/lib/docker/volumes,d9b7785a06954372515977133a1213437b80c5db1517196ca5e26134d3413ccf,other,NA,NA,
run_004,removal,removal_1772961527,remove-irs3-member1-1772961527,remove-irs3-member1-1772961527,10,operation_start,removal_submit_done,2026-03-08T09:18:47.448885Z,2026-03-08T09:18:49.808654Z,/var/lib/docker/volumes,e0eec01c85bd157680e466dd14073f2a433b51342ff770c3a292c984a51f226b,other,NA,NA,
run_004,removal,removal_1772961527,remove-irs3-member1-1772961527,remove-irs3-member1-1772961527,10,operation_start,removal_submit_done,2026-03-08T09:18:47.448885Z,2026-03-08T09:18:49.808654Z,/var/lib/docker/volumes,fabric_orderer.kit.edu,orderer,130277308,130285203,7895
run_004,removal,removal_1772961527,remove-irs3-member1-1772961527,remove-irs3-member1-1772961527,10,operation_start,removal_submit_done,2026-03-08T09:18:47.448885Z,2026-03-08T09:18:49.808654Z,/var/lib/docker/volumes,fabric_peer0.irs1.kit.edu,other,5006,5006,0
run_004,removal,removal_1772961527,remove-irs3-member1-1772961527,remove-irs3-member1-1772961527,10,operation_start,removal_submit_done,2026-03-08T09:18:47.448885Z,2026-03-08T09:18:49.808654Z,/var/lib/docker/volumes,fabric_peer0.irs3.kit.edu,peer,28869999,28879001,9002
run_004,removal,removal_1772961527,remove-irs3-member1-1772961527,remove-irs3-member1-1772961527,10,operation_start,removal_submit_done,2026-03-08T09:18:47.448885Z,2026-03-08T09:18:49.808654Z,/var/lib/docker/volumes,fabric_peer1.irs3.kit.edu,other,28868574,28877576,9002
run_004,removal,removal_1772961527,remove-irs3-member1-1772961527,remove-irs3-member1-1772961527,10,operation_start,removal_submit_done,2026-03-08T09:18:47.448885Z,2026-03-08T09:18:49.808654Z,/var/lib/docker/volumes,fabric_peer2.irs3.kit.edu,other,28868571,28877573,9002
run_004,removal,removal_1772961527,remove-irs3-member1-1772961527,remove-irs3-member1-1772961527,10,operation_start,removal_submit_done,2026-03-08T09:18:47.448885Z,2026-03-08T09:18:49.808654Z,/var/lib/docker/volumes,fabric_peer3.irs3.kit.edu,other,28869996,28878998,9002
run_004,removal,removal_1772961527,remove-irs3-member1-1772961527,remove-irs3-member1-1772961527,10,removal_submit_done,removal_voted,2026-03-08T09:18:49.808654Z,2026-03-08T09:18:53.54600384Z,/var/lib/docker/volumes,002a2c976d26a3f9c7eff06e2f9efe095908dd0ee21b2715cc202589b435aec2,other,NA,NA,
run_004,removal,removal_1772961527,remove-irs3-member1-1772961527,remove-irs3-member1-1772961527,10,removal_submit_done,removal_voted,2026-03-08T09:18:49.808654Z,2026-03-08T09:18:53.54600384Z,/var/lib/docker/volumes,35a02607c21ea95db05e7150f71e6e704f4d6479a4a76375ed8ec3cbfc5ec094,other,NA,NA,
run_004,removal,removal_1772961527,remove-irs3-member1-1772961527,remove-irs3-member1-1772961527,10,removal_submit_done,removal_voted,2026-03-08T09:18:49.808654Z,2026-03-08T09:18:53.54600384Z,/var/lib/docker/volumes,791e62bfc17bf044236c3dcb5d77ec82610b27aa4d5f3c78aff2e2842f98f9ee,other,NA,NA,
run_004,removal,removal_1772961527,remove-irs3-member1-1772961527,remove-irs3-member1-1772961527,10,removal_submit_done,removal_voted,2026-03-08T09:18:49.808654Z,2026-03-08T09:18:53.54600384Z,/var/lib/docker/volumes,91dbb4452b1c3709e842113c225d65a63eab07cdac1110f244a9dfbdddb57dbf,other,NA,NA,
run_004,removal,removal_1772961527,remove-irs3-member1-1772961527,remove-irs3-member1-1772961527,10,removal_submit_done,removal_voted,2026-03-08T09:18:49.808654Z,2026-03-08T09:18:53.54600384Z,/var/lib/docker/volumes,99ac8c723665556c954d288ca00335f1fae5493d384cb656ecf5a945cc9ae3b8,other,NA,NA,
run_004,removal,removal_1772961527,remove-irs3-member1-1772961527,remove-irs3-member1-1772961527,10,removal_submit_done,removal_voted,2026-03-08T09:18:49.808654Z,2026-03-08T09:18:53.54600384Z,/var/lib/docker/volumes,ab96d922f06ec7a94f1b5200e75e480c9ed7eba86fbbe33b5cb9edbe031c6ea8,other,49770,49770,0
run_004,removal,removal_1772961527,remove-irs3-member1-1772961527,remove-irs3-member1-1772961527,10,removal_submit_done,removal_voted,2026-03-08T09:18:49.808654Z,2026-03-08T09:18:53.54600384Z,/var/lib/docker/volumes,b8143ef8453ad18871b4b4e0ba6041764a2cda76bc6f516fa468de5fd6585e72,other,49770,49770,0
run_004,removal,removal_1772961527,remove-irs3-member1-1772961527,remove-irs3-member1-1772961527,10,removal_submit_done,removal_voted,2026-03-08T09:18:49.808654Z,2026-03-08T09:18:53.54600384Z,/var/lib/docker/volumes,ce313f18292c11d1170b9839e1af2e5976d1858048740f79d790d8aed673a5a4,other,NA,NA,
run_004,removal,removal_1772961527,remove-irs3-member1-1772961527,remove-irs3-member1-1772961527,10,removal_submit_done,removal_voted,2026-03-08T09:18:49.808654Z,2026-03-08T09:18:53.54600384Z,/var/lib/docker/volumes,d9b7785a06954372515977133a1213437b80c5db1517196ca5e26134d3413ccf,other,NA,NA,
run_004,removal,removal_1772961527,remove-irs3-member1-1772961527,remove-irs3-member1-1772961527,10,removal_submit_done,removal_voted,2026-03-08T09:18:49.808654Z,2026-03-08T09:18:53.54600384Z,/var/lib/docker/volumes,e0eec01c85bd157680e466dd14073f2a433b51342ff770c3a292c984a51f226b,other,NA,NA,
run_004,removal,removal_1772961527,remove-irs3-member1-1772961527,remove-irs3-member1-1772961527,10,removal_submit_done,removal_voted,2026-03-08T09:18:49.808654Z,2026-03-08T09:18:53.54600384Z,/var/lib/docker/volumes,fabric_orderer.kit.edu,orderer,130285203,130307330,22127
run_004,removal,removal_1772961527,remove-irs3-member1-1772961527,remove-irs3-member1-1772961527,10,removal_submit_done,removal_voted,2026-03-08T09:18:49.808654Z,2026-03-08T09:18:53.54600384Z,/var/lib/docker/volumes,fabric_peer0.irs1.kit.edu,other,5006,5006,0
run_004,removal,removal_1772961527,remove-irs3-member1-1772961527,remove-irs3-member1-1772961527,10,removal_submit_done,removal_voted,2026-03-08T09:18:49.808654Z,2026-03-08T09:18:53.54600384Z,/var/lib/docker/volumes,fabric_peer0.irs3.kit.edu,peer,28879001,28903478,24477
run_004,removal,removal_1772961527,remove-irs3-member1-1772961527,remove-irs3-member1-1772961527,10,removal_submit_done,removal_voted,2026-03-08T09:18:49.808654Z,2026-03-08T09:18:53.54600384Z,/var/lib/docker/volumes,fabric_peer1.irs3.kit.edu,other,28877576,28902053,24477
run_004,removal,removal_1772961527,remove-irs3-member1-1772961527,remove-irs3-member1-1772961527,10,removal_submit_done,removal_voted,2026-03-08T09:18:49.808654Z,2026-03-08T09:18:53.54600384Z,/var/lib/docker/volumes,fabric_peer2.irs3.kit.edu,other,28877573,28902050,24477
run_004,removal,removal_1772961527,remove-irs3-member1-1772961527,remove-irs3-member1-1772961527,10,removal_submit_done,removal_voted,2026-03-08T09:18:49.808654Z,2026-03-08T09:18:53.54600384Z,/var/lib/docker/volumes,fabric_peer3.irs3.kit.edu,other,28878998,28903475,24477
run_004,removal,removal_1772961527,remove-irs3-member1-1772961527,remove-irs3-member1-1772961527,10,removal_voted,removal_approved,2026-03-08T09:18:53.54600384Z,2026-03-08T09:18:55.983592828Z,/var/lib/docker/volumes,002a2c976d26a3f9c7eff06e2f9efe095908dd0ee21b2715cc202589b435aec2,other,NA,NA,
run_004,removal,removal_1772961527,remove-irs3-member1-1772961527,remove-irs3-member1-1772961527,10,removal_voted,removal_approved,2026-03-08T09:18:53.54600384Z,2026-03-08T09:18:55.983592828Z,/var/lib/docker/volumes,35a02607c21ea95db05e7150f71e6e704f4d6479a4a76375ed8ec3cbfc5ec094,other,NA,NA,
run_004,removal,removal_1772961527,remove-irs3-member1-1772961527,remove-irs3-member1-1772961527,10,removal_voted,removal_approved,2026-03-08T09:18:53.54600384Z,2026-03-08T09:18:55.983592828Z,/var/lib/docker/volumes,791e62bfc17bf044236c3dcb5d77ec82610b27aa4d5f3c78aff2e2842f98f9ee,other,NA,NA,
run_004,removal,removal_1772961527,remove-irs3-member1-1772961527,remove-irs3-member1-1772961527,10,removal_voted,removal_approved,2026-03-08T09:18:53.54600384Z,2026-03-08T09:18:55.983592828Z,/var/lib/docker/volumes,91dbb4452b1c3709e842113c225d65a63eab07cdac1110f244a9dfbdddb57dbf,other,NA,NA,
run_004,removal,removal_1772961527,remove-irs3-member1-1772961527,remove-irs3-member1-1772961527,10,removal_voted,removal_approved,2026-03-08T09:18:53.54600384Z,2026-03-08T09:18:55.983592828Z,/var/lib/docker/volumes,99ac8c723665556c954d288ca00335f1fae5493d384cb656ecf5a945cc9ae3b8,other,NA,NA,
run_004,removal,removal_1772961527,remove-irs3-member1-1772961527,remove-irs3-member1-1772961527,10,removal_voted,removal_approved,2026-03-08T09:18:53.54600384Z,2026-03-08T09:18:55.983592828Z,/var/lib/docker/volumes,ab96d922f06ec7a94f1b5200e75e480c9ed7eba86fbbe33b5cb9edbe031c6ea8,other,49770,49770,0
run_004,removal,removal_1772961527,remove-irs3-member1-1772961527,remove-irs3-member1-1772961527,10,removal_voted,removal_approved,2026-03-08T09:18:53.54600384Z,2026-03-08T09:18:55.983592828Z,/var/lib/docker/volumes,b8143ef8453ad18871b4b4e0ba6041764a2cda76bc6f516fa468de5fd6585e72,other,49770,49770,0
run_004,removal,removal_1772961527,remove-irs3-member1-1772961527,remove-irs3-member1-1772961527,10,removal_voted,removal_approved,2026-03-08T09:18:53.54600384Z,2026-03-08T09:18:55.983592828Z,/var/lib/docker/volumes,ce313f18292c11d1170b9839e1af2e5976d1858048740f79d790d8aed673a5a4,other,NA,NA,
run_004,removal,removal_1772961527,remove-irs3-member1-1772961527,remove-irs3-member1-1772961527,10,removal_voted,removal_approved,2026-03-08T09:18:53.54600384Z,2026-03-08T09:18:55.983592828Z,/var/lib/docker/volumes,d9b7785a06954372515977133a1213437b80c5db1517196ca5e26134d3413ccf,other,NA,NA,
run_004,removal,removal_1772961527,remove-irs3-member1-1772961527,remove-irs3-member1-1772961527,10,removal_voted,removal_approved,2026-03-08T09:18:53.54600384Z,2026-03-08T09:18:55.983592828Z,/var/lib/docker/volumes,e0eec01c85bd157680e466dd14073f2a433b51342ff770c3a292c984a51f226b,other,NA,NA,
run_004,removal,removal_1772961527,remove-irs3-member1-1772961527,remove-irs3-member1-1772961527,10,removal_voted,removal_approved,2026-03-08T09:18:53.54600384Z,2026-03-08T09:18:55.983592828Z,/var/lib/docker/volumes,fabric_orderer.kit.edu,orderer,130307330,130326461,19131
run_004,removal,removal_1772961527,remove-irs3-member1-1772961527,remove-irs3-member1-1772961527,10,removal_voted,removal_approved,2026-03-08T09:18:53.54600384Z,2026-03-08T09:18:55.983592828Z,/var/lib/docker/volumes,fabric_peer0.irs1.kit.edu,other,5006,5006,0
run_004,removal,removal_1772961527,remove-irs3-member1-1772961527,remove-irs3-member1-1772961527,10,removal_voted,removal_approved,2026-03-08T09:18:53.54600384Z,2026-03-08T09:18:55.983592828Z,/var/lib/docker/volumes,fabric_peer0.irs3.kit.edu,peer,28903478,28927201,23723
run_004,removal,removal_1772961527,remove-irs3-member1-1772961527,remove-irs3-member1-1772961527,10,removal_voted,removal_approved,2026-03-08T09:18:53.54600384Z,2026-03-08T09:18:55.983592828Z,/var/lib/docker/volumes,fabric_peer1.irs3.kit.edu,other,28902053,28925776,23723
run_004,removal,removal_1772961527,remove-irs3-member1-1772961527,remove-irs3-member1-1772961527,10,removal_voted,removal_approved,2026-03-08T09:18:53.54600384Z,2026-03-08T09:18:55.983592828Z,/var/lib/docker/volumes,fabric_peer2.irs3.kit.edu,other,28902050,28925773,23723
run_004,removal,removal_1772961527,remove-irs3-member1-1772961527,remove-irs3-member1-1772961527,10,removal_voted,removal_approved,2026-03-08T09:18:53.54600384Z,2026-03-08T09:18:55.983592828Z,/var/lib/docker/volumes,fabric_peer3.irs3.kit.edu,other,28903475,28927198,23723
run_004,removal,removal_1772961527,remove-irs3-member1-1772961527,remove-irs3-member1-1772961527,10,removal_approved,reshare_started,2026-03-08T09:18:55.983592828Z,2026-03-08T09:18:56.207463Z,/var/lib/docker/volumes,002a2c976d26a3f9c7eff06e2f9efe095908dd0ee21b2715cc202589b435aec2,other,NA,NA,
run_004,removal,removal_1772961527,remove-irs3-member1-1772961527,remove-irs3-member1-1772961527,10,removal_approved,reshare_started,2026-03-08T09:18:55.983592828Z,2026-03-08T09:18:56.207463Z,/var/lib/docker/volumes,35a02607c21ea95db05e7150f71e6e704f4d6479a4a76375ed8ec3cbfc5ec094,other,NA,NA,
run_004,removal,removal_1772961527,remove-irs3-member1-1772961527,remove-irs3-member1-1772961527,10,removal_approved,reshare_started,2026-03-08T09:18:55.983592828Z,2026-03-08T09:18:56.207463Z,/var/lib/docker/volumes,791e62bfc17bf044236c3dcb5d77ec82610b27aa4d5f3c78aff2e2842f98f9ee,other,NA,NA,
run_004,removal,removal_1772961527,remove-irs3-member1-1772961527,remove-irs3-member1-1772961527,10,removal_approved,reshare_started,2026-03-08T09:18:55.983592828Z,2026-03-08T09:18:56.207463Z,/var/lib/docker/volumes,91dbb4452b1c3709e842113c225d65a63eab07cdac1110f244a9dfbdddb57dbf,other,NA,NA,
run_004,removal,removal_1772961527,remove-irs3-member1-1772961527,remove-irs3-member1-1772961527,10,removal_approved,reshare_started,2026-03-08T09:18:55.983592828Z,2026-03-08T09:18:56.207463Z,/var/lib/docker/volumes,99ac8c723665556c954d288ca00335f1fae5493d384cb656ecf5a945cc9ae3b8,other,NA,NA,
run_004,removal,removal_1772961527,remove-irs3-member1-1772961527,remove-irs3-member1-1772961527,10,removal_approved,reshare_started,2026-03-08T09:18:55.983592828Z,2026-03-08T09:18:56.207463Z,/var/lib/docker/volumes,ab96d922f06ec7a94f1b5200e75e480c9ed7eba86fbbe33b5cb9edbe031c6ea8,other,49770,49770,0
run_004,removal,removal_1772961527,remove-irs3-member1-1772961527,remove-irs3-member1-1772961527,10,removal_approved,reshare_started,2026-03-08T09:18:55.983592828Z,2026-03-08T09:18:56.207463Z,/var/lib/docker/volumes,b8143ef8453ad18871b4b4e0ba6041764a2cda76bc6f516fa468de5fd6585e72,other,49770,49770,0
run_004,removal,removal_1772961527,remove-irs3-member1-1772961527,remove-irs3-member1-1772961527,10,removal_approved,reshare_started,2026-03-08T09:18:55.983592828Z,2026-03-08T09:18:56.207463Z,/var/lib/docker/volumes,ce313f18292c11d1170b9839e1af2e5976d1858048740f79d790d8aed673a5a4,other,NA,NA,
run_004,removal,removal_1772961527,remove-irs3-member1-1772961527,remove-irs3-member1-1772961527,10,removal_approved,reshare_started,2026-03-08T09:18:55.983592828Z,2026-03-08T09:18:56.207463Z,/var/lib/docker/volumes,d9b7785a06954372515977133a1213437b80c5db1517196ca5e26134d3413ccf,other,NA,NA,
run_004,removal,removal_1772961527,remove-irs3-member1-1772961527,remove-irs3-member1-1772961527,10,removal_approved,reshare_started,2026-03-08T09:18:55.983592828Z,2026-03-08T09:18:56.207463Z,/var/lib/docker/volumes,e0eec01c85bd157680e466dd14073f2a433b51342ff770c3a292c984a51f226b,other,NA,NA,
run_004,removal,removal_1772961527,remove-irs3-member1-1772961527,remove-irs3-member1-1772961527,10,removal_approved,reshare_started,2026-03-08T09:18:55.983592828Z,2026-03-08T09:18:56.207463Z,/var/lib/docker/volumes,fabric_orderer.kit.edu,orderer,130326461,130326461,0
run_004,removal,removal_1772961527,remove-irs3-member1-1772961527,remove-irs3-member1-1772961527,10,removal_approved,reshare_started,2026-03-08T09:18:55.983592828Z,2026-03-08T09:18:56.207463Z,/var/lib/docker/volumes,fabric_peer0.irs1.kit.edu,other,5006,5006,0
run_004,removal,removal_1772961527,remove-irs3-member1-1772961527,remove-irs3-member1-1772961527,10,removal_approved,reshare_started,2026-03-08T09:18:55.983592828Z,2026-03-08T09:18:56.207463Z,/var/lib/docker/volumes,fabric_peer0.irs3.kit.edu,peer,28927201,28927201,0
run_004,removal,removal_1772961527,remove-irs3-member1-1772961527,remove-irs3-member1-1772961527,10,removal_approved,reshare_started,2026-03-08T09:18:55.983592828Z,2026-03-08T09:18:56.207463Z,/var/lib/docker/volumes,fabric_peer1.irs3.kit.edu,other,28925776,28925776,0
run_004,removal,removal_1772961527,remove-irs3-member1-1772961527,remove-irs3-member1-1772961527,10,removal_approved,reshare_started,2026-03-08T09:18:55.983592828Z,2026-03-08T09:18:56.207463Z,/var/lib/docker/volumes,fabric_peer2.irs3.kit.edu,other,28925773,28925773,0
run_004,removal,removal_1772961527,remove-irs3-member1-1772961527,remove-irs3-member1-1772961527,10,removal_approved,reshare_started,2026-03-08T09:18:55.983592828Z,2026-03-08T09:18:56.207463Z,/var/lib/docker/volumes,fabric_peer3.irs3.kit.edu,other,28927198,28927198,0
run_004,removal,removal_1772961527,remove-irs3-member1-1772961527,remove-irs3-member1-1772961527,10,reshare_started,reshare_completed,2026-03-08T09:18:56.207463Z,2026-03-08T09:19:17.992968312Z,/var/lib/docker/volumes,002a2c976d26a3f9c7eff06e2f9efe095908dd0ee21b2715cc202589b435aec2,other,NA,NA,
run_004,removal,removal_1772961527,remove-irs3-member1-1772961527,remove-irs3-member1-1772961527,10,reshare_started,reshare_completed,2026-03-08T09:18:56.207463Z,2026-03-08T09:19:17.992968312Z,/var/lib/docker/volumes,35a02607c21ea95db05e7150f71e6e704f4d6479a4a76375ed8ec3cbfc5ec094,other,NA,NA,
run_004,removal,removal_1772961527,remove-irs3-member1-1772961527,remove-irs3-member1-1772961527,10,reshare_started,reshare_completed,2026-03-08T09:18:56.207463Z,2026-03-08T09:19:17.992968312Z,/var/lib/docker/volumes,791e62bfc17bf044236c3dcb5d77ec82610b27aa4d5f3c78aff2e2842f98f9ee,other,NA,NA,
run_004,removal,removal_1772961527,remove-irs3-member1-1772961527,remove-irs3-member1-1772961527,10,reshare_started,reshare_completed,2026-03-08T09:18:56.207463Z,2026-03-08T09:19:17.992968312Z,/var/lib/docker/volumes,91dbb4452b1c3709e842113c225d65a63eab07cdac1110f244a9dfbdddb57dbf,other,NA,NA,
run_004,removal,removal_1772961527,remove-irs3-member1-1772961527,remove-irs3-member1-1772961527,10,reshare_started,reshare_completed,2026-03-08T09:18:56.207463Z,2026-03-08T09:19:17.992968312Z,/var/lib/docker/volumes,99ac8c723665556c954d288ca00335f1fae5493d384cb656ecf5a945cc9ae3b8,other,NA,NA,
run_004,removal,removal_1772961527,remove-irs3-member1-1772961527,remove-irs3-member1-1772961527,10,reshare_started,reshare_completed,2026-03-08T09:18:56.207463Z,2026-03-08T09:19:17.992968312Z,/var/lib/docker/volumes,ab96d922f06ec7a94f1b5200e75e480c9ed7eba86fbbe33b5cb9edbe031c6ea8,other,49770,49770,0
run_004,removal,removal_1772961527,remove-irs3-member1-1772961527,remove-irs3-member1-1772961527,10,reshare_started,reshare_completed,2026-03-08T09:18:56.207463Z,2026-03-08T09:19:17.992968312Z,/var/lib/docker/volumes,b8143ef8453ad18871b4b4e0ba6041764a2cda76bc6f516fa468de5fd6585e72,other,49770,49770,0
run_004,removal,removal_1772961527,remove-irs3-member1-1772961527,remove-irs3-member1-1772961527,10,reshare_started,reshare_completed,2026-03-08T09:18:56.207463Z,2026-03-08T09:19:17.992968312Z,/var/lib/docker/volumes,ce313f18292c11d1170b9839e1af2e5976d1858048740f79d790d8aed673a5a4,other,NA,NA,
run_004,removal,removal_1772961527,remove-irs3-member1-1772961527,remove-irs3-member1-1772961527,10,reshare_started,reshare_completed,2026-03-08T09:18:56.207463Z,2026-03-08T09:19:17.992968312Z,/var/lib/docker/volumes,d9b7785a06954372515977133a1213437b80c5db1517196ca5e26134d3413ccf,other,NA,NA,
run_004,removal,removal_1772961527,remove-irs3-member1-1772961527,remove-irs3-member1-1772961527,10,reshare_started,reshare_completed,2026-03-08T09:18:56.207463Z,2026-03-08T09:19:17.992968312Z,/var/lib/docker/volumes,e0eec01c85bd157680e466dd14073f2a433b51342ff770c3a292c984a51f226b,other,NA,NA,
run_004,removal,removal_1772961527,remove-irs3-member1-1772961527,remove-irs3-member1-1772961527,10,reshare_started,reshare_completed,2026-03-08T09:18:56.207463Z,2026-03-08T09:19:17.992968312Z,/var/lib/docker/volumes,fabric_orderer.kit.edu,orderer,130326461,130370128,43667
run_004,removal,removal_1772961527,remove-irs3-member1-1772961527,remove-irs3-member1-1772961527,10,reshare_started,reshare_completed,2026-03-08T09:18:56.207463Z,2026-03-08T09:19:17.992968312Z,/var/lib/docker/volumes,fabric_peer0.irs1.kit.edu,other,5006,5006,0
run_004,removal,removal_1772961527,remove-irs3-member1-1772961527,remove-irs3-member1-1772961527,10,reshare_started,reshare_completed,2026-03-08T09:18:56.207463Z,2026-03-08T09:19:17.992968312Z,/var/lib/docker/volumes,fabric_peer0.irs3.kit.edu,peer,28927201,28980559,53358
run_004,removal,removal_1772961527,remove-irs3-member1-1772961527,remove-irs3-member1-1772961527,10,reshare_started,reshare_completed,2026-03-08T09:18:56.207463Z,2026-03-08T09:19:17.992968312Z,/var/lib/docker/volumes,fabric_peer1.irs3.kit.edu,other,28925776,28979134,53358
run_004,removal,removal_1772961527,remove-irs3-member1-1772961527,remove-irs3-member1-1772961527,10,reshare_started,reshare_completed,2026-03-08T09:18:56.207463Z,2026-03-08T09:19:17.992968312Z,/var/lib/docker/volumes,fabric_peer2.irs3.kit.edu,other,28925773,28979131,53358
run_004,removal,removal_1772961527,remove-irs3-member1-1772961527,remove-irs3-member1-1772961527,10,reshare_started,reshare_completed,2026-03-08T09:18:56.207463Z,2026-03-08T09:19:17.992968312Z,/var/lib/docker/volumes,fabric_peer3.irs3.kit.edu,other,28927198,28980556,53358
run_004,removal,removal_1772961527,remove-irs3-member1-1772961527,remove-irs3-member1-1772961527,10,reshare_completed,operation_end,2026-03-08T09:19:17.992968312Z,2026-03-08T09:19:18.624093Z,/var/lib/docker/volumes,002a2c976d26a3f9c7eff06e2f9efe095908dd0ee21b2715cc202589b435aec2,other,NA,NA,
run_004,removal,removal_1772961527,remove-irs3-member1-1772961527,remove-irs3-member1-1772961527,10,reshare_completed,operation_end,2026-03-08T09:19:17.992968312Z,2026-03-08T09:19:18.624093Z,/var/lib/docker/volumes,35a02607c21ea95db05e7150f71e6e704f4d6479a4a76375ed8ec3cbfc5ec094,other,NA,NA,
run_004,removal,removal_1772961527,remove-irs3-member1-1772961527,remove-irs3-member1-1772961527,10,reshare_completed,operation_end,2026-03-08T09:19:17.992968312Z,2026-03-08T09:19:18.624093Z,/var/lib/docker/volumes,791e62bfc17bf044236c3dcb5d77ec82610b27aa4d5f3c78aff2e2842f98f9ee,other,NA,NA,
run_004,removal,removal_1772961527,remove-irs3-member1-1772961527,remove-irs3-member1-1772961527,10,reshare_completed,operation_end,2026-03-08T09:19:17.992968312Z,2026-03-08T09:19:18.624093Z,/var/lib/docker/volumes,91dbb4452b1c3709e842113c225d65a63eab07cdac1110f244a9dfbdddb57dbf,other,NA,NA,
run_004,removal,removal_1772961527,remove-irs3-member1-1772961527,remove-irs3-member1-1772961527,10,reshare_completed,operation_end,2026-03-08T09:19:17.992968312Z,2026-03-08T09:19:18.624093Z,/var/lib/docker/volumes,99ac8c723665556c954d288ca00335f1fae5493d384cb656ecf5a945cc9ae3b8,other,NA,NA,
run_004,removal,removal_1772961527,remove-irs3-member1-1772961527,remove-irs3-member1-1772961527,10,reshare_completed,operation_end,2026-03-08T09:19:17.992968312Z,2026-03-08T09:19:18.624093Z,/var/lib/docker/volumes,ab96d922f06ec7a94f1b5200e75e480c9ed7eba86fbbe33b5cb9edbe031c6ea8,other,49770,49770,0
run_004,removal,removal_1772961527,remove-irs3-member1-1772961527,remove-irs3-member1-1772961527,10,reshare_completed,operation_end,2026-03-08T09:19:17.992968312Z,2026-03-08T09:19:18.624093Z,/var/lib/docker/volumes,b8143ef8453ad18871b4b4e0ba6041764a2cda76bc6f516fa468de5fd6585e72,other,49770,49770,0
run_004,removal,removal_1772961527,remove-irs3-member1-1772961527,remove-irs3-member1-1772961527,10,reshare_completed,operation_end,2026-03-08T09:19:17.992968312Z,2026-03-08T09:19:18.624093Z,/var/lib/docker/volumes,ce313f18292c11d1170b9839e1af2e5976d1858048740f79d790d8aed673a5a4,other,NA,NA,
run_004,removal,removal_1772961527,remove-irs3-member1-1772961527,remove-irs3-member1-1772961527,10,reshare_completed,operation_end,2026-03-08T09:19:17.992968312Z,2026-03-08T09:19:18.624093Z,/var/lib/docker/volumes,d9b7785a06954372515977133a1213437b80c5db1517196ca5e26134d3413ccf,other,NA,NA,
run_004,removal,removal_1772961527,remove-irs3-member1-1772961527,remove-irs3-member1-1772961527,10,reshare_completed,operation_end,2026-03-08T09:19:17.992968312Z,2026-03-08T09:19:18.624093Z,/var/lib/docker/volumes,e0eec01c85bd157680e466dd14073f2a433b51342ff770c3a292c984a51f226b,other,NA,NA,
run_004,removal,removal_1772961527,remove-irs3-member1-1772961527,remove-irs3-member1-1772961527,10,reshare_completed,operation_end,2026-03-08T09:19:17.992968312Z,2026-03-08T09:19:18.624093Z,/var/lib/docker/volumes,fabric_orderer.kit.edu,orderer,130370128,130370128,0
run_004,removal,removal_1772961527,remove-irs3-member1-1772961527,remove-irs3-member1-1772961527,10,reshare_completed,operation_end,2026-03-08T09:19:17.992968312Z,2026-03-08T09:19:18.624093Z,/var/lib/docker/volumes,fabric_peer0.irs1.kit.edu,other,5006,5006,0
run_004,removal,removal_1772961527,remove-irs3-member1-1772961527,remove-irs3-member1-1772961527,10,reshare_completed,operation_end,2026-03-08T09:19:17.992968312Z,2026-03-08T09:19:18.624093Z,/var/lib/docker/volumes,fabric_peer0.irs3.kit.edu,peer,28980559,28980559,0
run_004,removal,removal_1772961527,remove-irs3-member1-1772961527,remove-irs3-member1-1772961527,10,reshare_completed,operation_end,2026-03-08T09:19:17.992968312Z,2026-03-08T09:19:18.624093Z,/var/lib/docker/volumes,fabric_peer1.irs3.kit.edu,other,28979134,28979134,0
run_004,removal,removal_1772961527,remove-irs3-member1-1772961527,remove-irs3-member1-1772961527,10,reshare_completed,operation_end,2026-03-08T09:19:17.992968312Z,2026-03-08T09:19:18.624093Z,/var/lib/docker/volumes,fabric_peer2.irs3.kit.edu,other,28979131,28979131,0
run_004,removal,removal_1772961527,remove-irs3-member1-1772961527,remove-irs3-member1-1772961527,10,reshare_completed,operation_end,2026-03-08T09:19:17.992968312Z,2026-03-08T09:19:18.624093Z,/var/lib/docker/volumes,fabric_peer3.irs3.kit.edu,other,28980556,28980556,0
run_004,join,join_1772961576,join-irs3-1772961577,join-irs3-1772961577,11,operation_start,join_submit_done,2026-03-08T09:19:36.826832Z,2026-03-08T09:19:39.213588Z,/var/lib/docker/volumes,002a2c976d26a3f9c7eff06e2f9efe095908dd0ee21b2715cc202589b435aec2,other,NA,NA,
run_004,join,join_1772961576,join-irs3-1772961577,join-irs3-1772961577,11,operation_start,join_submit_done,2026-03-08T09:19:36.826832Z,2026-03-08T09:19:39.213588Z,/var/lib/docker/volumes,35a02607c21ea95db05e7150f71e6e704f4d6479a4a76375ed8ec3cbfc5ec094,other,NA,NA,
run_004,join,join_1772961576,join-irs3-1772961577,join-irs3-1772961577,11,operation_start,join_submit_done,2026-03-08T09:19:36.826832Z,2026-03-08T09:19:39.213588Z,/var/lib/docker/volumes,791e62bfc17bf044236c3dcb5d77ec82610b27aa4d5f3c78aff2e2842f98f9ee,other,NA,NA,
run_004,join,join_1772961576,join-irs3-1772961577,join-irs3-1772961577,11,operation_start,join_submit_done,2026-03-08T09:19:36.826832Z,2026-03-08T09:19:39.213588Z,/var/lib/docker/volumes,91dbb4452b1c3709e842113c225d65a63eab07cdac1110f244a9dfbdddb57dbf,other,NA,NA,
run_004,join,join_1772961576,join-irs3-1772961577,join-irs3-1772961577,11,operation_start,join_submit_done,2026-03-08T09:19:36.826832Z,2026-03-08T09:19:39.213588Z,/var/lib/docker/volumes,99ac8c723665556c954d288ca00335f1fae5493d384cb656ecf5a945cc9ae3b8,other,NA,NA,
run_004,join,join_1772961576,join-irs3-1772961577,join-irs3-1772961577,11,operation_start,join_submit_done,2026-03-08T09:19:36.826832Z,2026-03-08T09:19:39.213588Z,/var/lib/docker/volumes,ab96d922f06ec7a94f1b5200e75e480c9ed7eba86fbbe33b5cb9edbe031c6ea8,other,49770,49770,0
run_004,join,join_1772961576,join-irs3-1772961577,join-irs3-1772961577,11,operation_start,join_submit_done,2026-03-08T09:19:36.826832Z,2026-03-08T09:19:39.213588Z,/var/lib/docker/volumes,b8143ef8453ad18871b4b4e0ba6041764a2cda76bc6f516fa468de5fd6585e72,other,49770,49770,0
run_004,join,join_1772961576,join-irs3-1772961577,join-irs3-1772961577,11,operation_start,join_submit_done,2026-03-08T09:19:36.826832Z,2026-03-08T09:19:39.213588Z,/var/lib/docker/volumes,ce313f18292c11d1170b9839e1af2e5976d1858048740f79d790d8aed673a5a4,other,NA,NA,
run_004,join,join_1772961576,join-irs3-1772961577,join-irs3-1772961577,11,operation_start,join_submit_done,2026-03-08T09:19:36.826832Z,2026-03-08T09:19:39.213588Z,/var/lib/docker/volumes,d9b7785a06954372515977133a1213437b80c5db1517196ca5e26134d3413ccf,other,NA,NA,
run_004,join,join_1772961576,join-irs3-1772961577,join-irs3-1772961577,11,operation_start,join_submit_done,2026-03-08T09:19:36.826832Z,2026-03-08T09:19:39.213588Z,/var/lib/docker/volumes,e0eec01c85bd157680e466dd14073f2a433b51342ff770c3a292c984a51f226b,other,NA,NA,
run_004,join,join_1772961576,join-irs3-1772961577,join-irs3-1772961577,11,operation_start,join_submit_done,2026-03-08T09:19:36.826832Z,2026-03-08T09:19:39.213588Z,/var/lib/docker/volumes,fabric_orderer.kit.edu,orderer,130370128,130378448,8320
run_004,join,join_1772961576,join-irs3-1772961577,join-irs3-1772961577,11,operation_start,join_submit_done,2026-03-08T09:19:36.826832Z,2026-03-08T09:19:39.213588Z,/var/lib/docker/volumes,fabric_peer0.irs1.kit.edu,other,5006,5006,0
run_004,join,join_1772961576,join-irs3-1772961577,join-irs3-1772961577,11,operation_start,join_submit_done,2026-03-08T09:19:36.826832Z,2026-03-08T09:19:39.213588Z,/var/lib/docker/volumes,fabric_peer0.irs3.kit.edu,peer,28980559,28990773,10214
run_004,join,join_1772961576,join-irs3-1772961577,join-irs3-1772961577,11,operation_start,join_submit_done,2026-03-08T09:19:36.826832Z,2026-03-08T09:19:39.213588Z,/var/lib/docker/volumes,fabric_peer1.irs3.kit.edu,other,28979134,28989348,10214
run_004,join,join_1772961576,join-irs3-1772961577,join-irs3-1772961577,11,operation_start,join_submit_done,2026-03-08T09:19:36.826832Z,2026-03-08T09:19:39.213588Z,/var/lib/docker/volumes,fabric_peer2.irs3.kit.edu,other,28979131,28989345,10214
run_004,join,join_1772961576,join-irs3-1772961577,join-irs3-1772961577,11,operation_start,join_submit_done,2026-03-08T09:19:36.826832Z,2026-03-08T09:19:39.213588Z,/var/lib/docker/volumes,fabric_peer3.irs3.kit.edu,other,28980556,28990770,10214
run_004,join,join_1772961576,join-irs3-1772961577,join-irs3-1772961577,11,join_submit_done,join_voted,2026-03-08T09:19:39.213588Z,2026-03-08T09:19:41.531216236Z,/var/lib/docker/volumes,002a2c976d26a3f9c7eff06e2f9efe095908dd0ee21b2715cc202589b435aec2,other,NA,NA,
run_004,join,join_1772961576,join-irs3-1772961577,join-irs3-1772961577,11,join_submit_done,join_voted,2026-03-08T09:19:39.213588Z,2026-03-08T09:19:41.531216236Z,/var/lib/docker/volumes,35a02607c21ea95db05e7150f71e6e704f4d6479a4a76375ed8ec3cbfc5ec094,other,NA,NA,
run_004,join,join_1772961576,join-irs3-1772961577,join-irs3-1772961577,11,join_submit_done,join_voted,2026-03-08T09:19:39.213588Z,2026-03-08T09:19:41.531216236Z,/var/lib/docker/volumes,791e62bfc17bf044236c3dcb5d77ec82610b27aa4d5f3c78aff2e2842f98f9ee,other,NA,NA,
run_004,join,join_1772961576,join-irs3-1772961577,join-irs3-1772961577,11,join_submit_done,join_voted,2026-03-08T09:19:39.213588Z,2026-03-08T09:19:41.531216236Z,/var/lib/docker/volumes,91dbb4452b1c3709e842113c225d65a63eab07cdac1110f244a9dfbdddb57dbf,other,NA,NA,
run_004,join,join_1772961576,join-irs3-1772961577,join-irs3-1772961577,11,join_submit_done,join_voted,2026-03-08T09:19:39.213588Z,2026-03-08T09:19:41.531216236Z,/var/lib/docker/volumes,99ac8c723665556c954d288ca00335f1fae5493d384cb656ecf5a945cc9ae3b8,other,NA,NA,
run_004,join,join_1772961576,join-irs3-1772961577,join-irs3-1772961577,11,join_submit_done,join_voted,2026-03-08T09:19:39.213588Z,2026-03-08T09:19:41.531216236Z,/var/lib/docker/volumes,ab96d922f06ec7a94f1b5200e75e480c9ed7eba86fbbe33b5cb9edbe031c6ea8,other,49770,49770,0
run_004,join,join_1772961576,join-irs3-1772961577,join-irs3-1772961577,11,join_submit_done,join_voted,2026-03-08T09:19:39.213588Z,2026-03-08T09:19:41.531216236Z,/var/lib/docker/volumes,b8143ef8453ad18871b4b4e0ba6041764a2cda76bc6f516fa468de5fd6585e72,other,49770,49770,0
run_004,join,join_1772961576,join-irs3-1772961577,join-irs3-1772961577,11,join_submit_done,join_voted,2026-03-08T09:19:39.213588Z,2026-03-08T09:19:41.531216236Z,/var/lib/docker/volumes,ce313f18292c11d1170b9839e1af2e5976d1858048740f79d790d8aed673a5a4,other,NA,NA,
run_004,join,join_1772961576,join-irs3-1772961577,join-irs3-1772961577,11,join_submit_done,join_voted,2026-03-08T09:19:39.213588Z,2026-03-08T09:19:41.531216236Z,/var/lib/docker/volumes,d9b7785a06954372515977133a1213437b80c5db1517196ca5e26134d3413ccf,other,NA,NA,
run_004,join,join_1772961576,join-irs3-1772961577,join-irs3-1772961577,11,join_submit_done,join_voted,2026-03-08T09:19:39.213588Z,2026-03-08T09:19:41.531216236Z,/var/lib/docker/volumes,e0eec01c85bd157680e466dd14073f2a433b51342ff770c3a292c984a51f226b,other,NA,NA,
run_004,join,join_1772961576,join-irs3-1772961577,join-irs3-1772961577,11,join_submit_done,join_voted,2026-03-08T09:19:39.213588Z,2026-03-08T09:19:41.531216236Z,/var/lib/docker/volumes,fabric_orderer.kit.edu,orderer,130378448,130395025,16577
run_004,join,join_1772961576,join-irs3-1772961577,join-irs3-1772961577,11,join_submit_done,join_voted,2026-03-08T09:19:39.213588Z,2026-03-08T09:19:41.531216236Z,/var/lib/docker/volumes,fabric_peer0.irs1.kit.edu,other,5006,5006,0
run_004,join,join_1772961576,join-irs3-1772961577,join-irs3-1772961577,11,join_submit_done,join_voted,2026-03-08T09:19:39.213588Z,2026-03-08T09:19:41.531216236Z,/var/lib/docker/volumes,fabric_peer0.irs3.kit.edu,peer,28990773,29010325,19552
run_004,join,join_1772961576,join-irs3-1772961577,join-irs3-1772961577,11,join_submit_done,join_voted,2026-03-08T09:19:39.213588Z,2026-03-08T09:19:41.531216236Z,/var/lib/docker/volumes,fabric_peer1.irs3.kit.edu,other,28989348,29008900,19552
run_004,join,join_1772961576,join-irs3-1772961577,join-irs3-1772961577,11,join_submit_done,join_voted,2026-03-08T09:19:39.213588Z,2026-03-08T09:19:41.531216236Z,/var/lib/docker/volumes,fabric_peer2.irs3.kit.edu,other,28989345,29008897,19552
run_004,join,join_1772961576,join-irs3-1772961577,join-irs3-1772961577,11,join_submit_done,join_voted,2026-03-08T09:19:39.213588Z,2026-03-08T09:19:41.531216236Z,/var/lib/docker/volumes,fabric_peer3.irs3.kit.edu,other,28990770,29010322,19552
run_004,join,join_1772961576,join-irs3-1772961577,join-irs3-1772961577,11,join_voted,join_approved,2026-03-08T09:19:41.531216236Z,2026-03-08T09:19:44.002388144Z,/var/lib/docker/volumes,002a2c976d26a3f9c7eff06e2f9efe095908dd0ee21b2715cc202589b435aec2,other,NA,NA,
run_004,join,join_1772961576,join-irs3-1772961577,join-irs3-1772961577,11,join_voted,join_approved,2026-03-08T09:19:41.531216236Z,2026-03-08T09:19:44.002388144Z,/var/lib/docker/volumes,35a02607c21ea95db05e7150f71e6e704f4d6479a4a76375ed8ec3cbfc5ec094,other,NA,NA,
run_004,join,join_1772961576,join-irs3-1772961577,join-irs3-1772961577,11,join_voted,join_approved,2026-03-08T09:19:41.531216236Z,2026-03-08T09:19:44.002388144Z,/var/lib/docker/volumes,791e62bfc17bf044236c3dcb5d77ec82610b27aa4d5f3c78aff2e2842f98f9ee,other,NA,NA,
run_004,join,join_1772961576,join-irs3-1772961577,join-irs3-1772961577,11,join_voted,join_approved,2026-03-08T09:19:41.531216236Z,2026-03-08T09:19:44.002388144Z,/var/lib/docker/volumes,91dbb4452b1c3709e842113c225d65a63eab07cdac1110f244a9dfbdddb57dbf,other,NA,NA,
run_004,join,join_1772961576,join-irs3-1772961577,join-irs3-1772961577,11,join_voted,join_approved,2026-03-08T09:19:41.531216236Z,2026-03-08T09:19:44.002388144Z,/var/lib/docker/volumes,99ac8c723665556c954d288ca00335f1fae5493d384cb656ecf5a945cc9ae3b8,other,NA,NA,
run_004,join,join_1772961576,join-irs3-1772961577,join-irs3-1772961577,11,join_voted,join_approved,2026-03-08T09:19:41.531216236Z,2026-03-08T09:19:44.002388144Z,/var/lib/docker/volumes,ab96d922f06ec7a94f1b5200e75e480c9ed7eba86fbbe33b5cb9edbe031c6ea8,other,49770,49770,0
run_004,join,join_1772961576,join-irs3-1772961577,join-irs3-1772961577,11,join_voted,join_approved,2026-03-08T09:19:41.531216236Z,2026-03-08T09:19:44.002388144Z,/var/lib/docker/volumes,b8143ef8453ad18871b4b4e0ba6041764a2cda76bc6f516fa468de5fd6585e72,other,49770,49770,0
run_004,join,join_1772961576,join-irs3-1772961577,join-irs3-1772961577,11,join_voted,join_approved,2026-03-08T09:19:41.531216236Z,2026-03-08T09:19:44.002388144Z,/var/lib/docker/volumes,ce313f18292c11d1170b9839e1af2e5976d1858048740f79d790d8aed673a5a4,other,NA,NA,
run_004,join,join_1772961576,join-irs3-1772961577,join-irs3-1772961577,11,join_voted,join_approved,2026-03-08T09:19:41.531216236Z,2026-03-08T09:19:44.002388144Z,/var/lib/docker/volumes,d9b7785a06954372515977133a1213437b80c5db1517196ca5e26134d3413ccf,other,NA,NA,
run_004,join,join_1772961576,join-irs3-1772961577,join-irs3-1772961577,11,join_voted,join_approved,2026-03-08T09:19:41.531216236Z,2026-03-08T09:19:44.002388144Z,/var/lib/docker/volumes,e0eec01c85bd157680e466dd14073f2a433b51342ff770c3a292c984a51f226b,other,NA,NA,
run_004,join,join_1772961576,join-irs3-1772961577,join-irs3-1772961577,11,join_voted,join_approved,2026-03-08T09:19:41.531216236Z,2026-03-08T09:19:44.002388144Z,/var/lib/docker/volumes,fabric_orderer.kit.edu,orderer,130395025,130406243,11218
run_004,join,join_1772961576,join-irs3-1772961577,join-irs3-1772961577,11,join_voted,join_approved,2026-03-08T09:19:41.531216236Z,2026-03-08T09:19:44.002388144Z,/var/lib/docker/volumes,fabric_peer0.irs1.kit.edu,other,5006,5006,0
run_004,join,join_1772961576,join-irs3-1772961577,join-irs3-1772961577,11,join_voted,join_approved,2026-03-08T09:19:41.531216236Z,2026-03-08T09:19:44.002388144Z,/var/lib/docker/volumes,fabric_peer0.irs3.kit.edu,peer,29010325,29027121,16796
run_004,join,join_1772961576,join-irs3-1772961577,join-irs3-1772961577,11,join_voted,join_approved,2026-03-08T09:19:41.531216236Z,2026-03-08T09:19:44.002388144Z,/var/lib/docker/volumes,fabric_peer1.irs3.kit.edu,other,29008900,29025696,16796
run_004,join,join_1772961576,join-irs3-1772961577,join-irs3-1772961577,11,join_voted,join_approved,2026-03-08T09:19:41.531216236Z,2026-03-08T09:19:44.002388144Z,/var/lib/docker/volumes,fabric_peer2.irs3.kit.edu,other,29008897,29025693,16796
run_004,join,join_1772961576,join-irs3-1772961577,join-irs3-1772961577,11,join_voted,join_approved,2026-03-08T09:19:41.531216236Z,2026-03-08T09:19:44.002388144Z,/var/lib/docker/volumes,fabric_peer3.irs3.kit.edu,other,29010322,29027118,16796
run_004,join,join_1772961576,join-irs3-1772961577,join-irs3-1772961577,11,join_approved,reshare_started,2026-03-08T09:19:44.002388144Z,2026-03-08T09:19:45.628453Z,/var/lib/docker/volumes,002a2c976d26a3f9c7eff06e2f9efe095908dd0ee21b2715cc202589b435aec2,other,NA,NA,
run_004,join,join_1772961576,join-irs3-1772961577,join-irs3-1772961577,11,join_approved,reshare_started,2026-03-08T09:19:44.002388144Z,2026-03-08T09:19:45.628453Z,/var/lib/docker/volumes,35a02607c21ea95db05e7150f71e6e704f4d6479a4a76375ed8ec3cbfc5ec094,other,NA,NA,
run_004,join,join_1772961576,join-irs3-1772961577,join-irs3-1772961577,11,join_approved,reshare_started,2026-03-08T09:19:44.002388144Z,2026-03-08T09:19:45.628453Z,/var/lib/docker/volumes,791e62bfc17bf044236c3dcb5d77ec82610b27aa4d5f3c78aff2e2842f98f9ee,other,NA,NA,
run_004,join,join_1772961576,join-irs3-1772961577,join-irs3-1772961577,11,join_approved,reshare_started,2026-03-08T09:19:44.002388144Z,2026-03-08T09:19:45.628453Z,/var/lib/docker/volumes,91dbb4452b1c3709e842113c225d65a63eab07cdac1110f244a9dfbdddb57dbf,other,NA,NA,
run_004,join,join_1772961576,join-irs3-1772961577,join-irs3-1772961577,11,join_approved,reshare_started,2026-03-08T09:19:44.002388144Z,2026-03-08T09:19:45.628453Z,/var/lib/docker/volumes,99ac8c723665556c954d288ca00335f1fae5493d384cb656ecf5a945cc9ae3b8,other,NA,NA,
run_004,join,join_1772961576,join-irs3-1772961577,join-irs3-1772961577,11,join_approved,reshare_started,2026-03-08T09:19:44.002388144Z,2026-03-08T09:19:45.628453Z,/var/lib/docker/volumes,ab96d922f06ec7a94f1b5200e75e480c9ed7eba86fbbe33b5cb9edbe031c6ea8,other,49770,49770,0
run_004,join,join_1772961576,join-irs3-1772961577,join-irs3-1772961577,11,join_approved,reshare_started,2026-03-08T09:19:44.002388144Z,2026-03-08T09:19:45.628453Z,/var/lib/docker/volumes,b8143ef8453ad18871b4b4e0ba6041764a2cda76bc6f516fa468de5fd6585e72,other,49770,49770,0
run_004,join,join_1772961576,join-irs3-1772961577,join-irs3-1772961577,11,join_approved,reshare_started,2026-03-08T09:19:44.002388144Z,2026-03-08T09:19:45.628453Z,/var/lib/docker/volumes,ce313f18292c11d1170b9839e1af2e5976d1858048740f79d790d8aed673a5a4,other,NA,NA,
run_004,join,join_1772961576,join-irs3-1772961577,join-irs3-1772961577,11,join_approved,reshare_started,2026-03-08T09:19:44.002388144Z,2026-03-08T09:19:45.628453Z,/var/lib/docker/volumes,d9b7785a06954372515977133a1213437b80c5db1517196ca5e26134d3413ccf,other,NA,NA,
run_004,join,join_1772961576,join-irs3-1772961577,join-irs3-1772961577,11,join_approved,reshare_started,2026-03-08T09:19:44.002388144Z,2026-03-08T09:19:45.628453Z,/var/lib/docker/volumes,e0eec01c85bd157680e466dd14073f2a433b51342ff770c3a292c984a51f226b,other,NA,NA,
run_004,join,join_1772961576,join-irs3-1772961577,join-irs3-1772961577,11,join_approved,reshare_started,2026-03-08T09:19:44.002388144Z,2026-03-08T09:19:45.628453Z,/var/lib/docker/volumes,fabric_orderer.kit.edu,orderer,130406243,130406243,0
run_004,join,join_1772961576,join-irs3-1772961577,join-irs3-1772961577,11,join_approved,reshare_started,2026-03-08T09:19:44.002388144Z,2026-03-08T09:19:45.628453Z,/var/lib/docker/volumes,fabric_peer0.irs1.kit.edu,other,5006,5006,0
run_004,join,join_1772961576,join-irs3-1772961577,join-irs3-1772961577,11,join_approved,reshare_started,2026-03-08T09:19:44.002388144Z,2026-03-08T09:19:45.628453Z,/var/lib/docker/volumes,fabric_peer0.irs3.kit.edu,peer,29027121,29027121,0
run_004,join,join_1772961576,join-irs3-1772961577,join-irs3-1772961577,11,join_approved,reshare_started,2026-03-08T09:19:44.002388144Z,2026-03-08T09:19:45.628453Z,/var/lib/docker/volumes,fabric_peer1.irs3.kit.edu,other,29025696,29025696,0
run_004,join,join_1772961576,join-irs3-1772961577,join-irs3-1772961577,11,join_approved,reshare_started,2026-03-08T09:19:44.002388144Z,2026-03-08T09:19:45.628453Z,/var/lib/docker/volumes,fabric_peer2.irs3.kit.edu,other,29025693,29025693,0
run_004,join,join_1772961576,join-irs3-1772961577,join-irs3-1772961577,11,join_approved,reshare_started,2026-03-08T09:19:44.002388144Z,2026-03-08T09:19:45.628453Z,/var/lib/docker/volumes,fabric_peer3.irs3.kit.edu,other,29027118,29027118,0
run_004,join,join_1772961576,join-irs3-1772961577,join-irs3-1772961577,11,reshare_started,reshare_completed,2026-03-08T09:19:45.628453Z,2026-03-08T09:20:07.822837106Z,/var/lib/docker/volumes,002a2c976d26a3f9c7eff06e2f9efe095908dd0ee21b2715cc202589b435aec2,other,NA,NA,
run_004,join,join_1772961576,join-irs3-1772961577,join-irs3-1772961577,11,reshare_started,reshare_completed,2026-03-08T09:19:45.628453Z,2026-03-08T09:20:07.822837106Z,/var/lib/docker/volumes,35a02607c21ea95db05e7150f71e6e704f4d6479a4a76375ed8ec3cbfc5ec094,other,NA,NA,
run_004,join,join_1772961576,join-irs3-1772961577,join-irs3-1772961577,11,reshare_started,reshare_completed,2026-03-08T09:19:45.628453Z,2026-03-08T09:20:07.822837106Z,/var/lib/docker/volumes,791e62bfc17bf044236c3dcb5d77ec82610b27aa4d5f3c78aff2e2842f98f9ee,other,NA,NA,
run_004,join,join_1772961576,join-irs3-1772961577,join-irs3-1772961577,11,reshare_started,reshare_completed,2026-03-08T09:19:45.628453Z,2026-03-08T09:20:07.822837106Z,/var/lib/docker/volumes,91dbb4452b1c3709e842113c225d65a63eab07cdac1110f244a9dfbdddb57dbf,other,NA,NA,
run_004,join,join_1772961576,join-irs3-1772961577,join-irs3-1772961577,11,reshare_started,reshare_completed,2026-03-08T09:19:45.628453Z,2026-03-08T09:20:07.822837106Z,/var/lib/docker/volumes,99ac8c723665556c954d288ca00335f1fae5493d384cb656ecf5a945cc9ae3b8,other,NA,NA,
run_004,join,join_1772961576,join-irs3-1772961577,join-irs3-1772961577,11,reshare_started,reshare_completed,2026-03-08T09:19:45.628453Z,2026-03-08T09:20:07.822837106Z,/var/lib/docker/volumes,ab96d922f06ec7a94f1b5200e75e480c9ed7eba86fbbe33b5cb9edbe031c6ea8,other,49770,49770,0
run_004,join,join_1772961576,join-irs3-1772961577,join-irs3-1772961577,11,reshare_started,reshare_completed,2026-03-08T09:19:45.628453Z,2026-03-08T09:20:07.822837106Z,/var/lib/docker/volumes,b8143ef8453ad18871b4b4e0ba6041764a2cda76bc6f516fa468de5fd6585e72,other,49770,49770,0
run_004,join,join_1772961576,join-irs3-1772961577,join-irs3-1772961577,11,reshare_started,reshare_completed,2026-03-08T09:19:45.628453Z,2026-03-08T09:20:07.822837106Z,/var/lib/docker/volumes,ce313f18292c11d1170b9839e1af2e5976d1858048740f79d790d8aed673a5a4,other,NA,NA,
run_004,join,join_1772961576,join-irs3-1772961577,join-irs3-1772961577,11,reshare_started,reshare_completed,2026-03-08T09:19:45.628453Z,2026-03-08T09:20:07.822837106Z,/var/lib/docker/volumes,d9b7785a06954372515977133a1213437b80c5db1517196ca5e26134d3413ccf,other,NA,NA,
run_004,join,join_1772961576,join-irs3-1772961577,join-irs3-1772961577,11,reshare_started,reshare_completed,2026-03-08T09:19:45.628453Z,2026-03-08T09:20:07.822837106Z,/var/lib/docker/volumes,e0eec01c85bd157680e466dd14073f2a433b51342ff770c3a292c984a51f226b,other,NA,NA,
run_004,join,join_1772961576,join-irs3-1772961577,join-irs3-1772961577,11,reshare_started,reshare_completed,2026-03-08T09:19:45.628453Z,2026-03-08T09:20:07.822837106Z,/var/lib/docker/volumes,fabric_orderer.kit.edu,orderer,130406243,130446478,40235
run_004,join,join_1772961576,join-irs3-1772961577,join-irs3-1772961577,11,reshare_started,reshare_completed,2026-03-08T09:19:45.628453Z,2026-03-08T09:20:07.822837106Z,/var/lib/docker/volumes,fabric_peer0.irs1.kit.edu,other,5006,5006,0
run_004,join,join_1772961576,join-irs3-1772961577,join-irs3-1772961577,11,reshare_started,reshare_completed,2026-03-08T09:19:45.628453Z,2026-03-08T09:20:07.822837106Z,/var/lib/docker/volumes,fabric_peer0.irs3.kit.edu,peer,29027121,29074225,47104
run_004,join,join_1772961576,join-irs3-1772961577,join-irs3-1772961577,11,reshare_started,reshare_completed,2026-03-08T09:19:45.628453Z,2026-03-08T09:20:07.822837106Z,/var/lib/docker/volumes,fabric_peer1.irs3.kit.edu,other,29025696,29072800,47104
run_004,join,join_1772961576,join-irs3-1772961577,join-irs3-1772961577,11,reshare_started,reshare_completed,2026-03-08T09:19:45.628453Z,2026-03-08T09:20:07.822837106Z,/var/lib/docker/volumes,fabric_peer2.irs3.kit.edu,other,29025693,29072797,47104
run_004,join,join_1772961576,join-irs3-1772961577,join-irs3-1772961577,11,reshare_started,reshare_completed,2026-03-08T09:19:45.628453Z,2026-03-08T09:20:07.822837106Z,/var/lib/docker/volumes,fabric_peer3.irs3.kit.edu,other,29027118,29074222,47104
run_004,join,join_1772961576,join-irs3-1772961577,join-irs3-1772961577,11,reshare_completed,operation_end,2026-03-08T09:20:07.822837106Z,2026-03-08T09:20:18.158945Z,/var/lib/docker/volumes,002a2c976d26a3f9c7eff06e2f9efe095908dd0ee21b2715cc202589b435aec2,other,NA,NA,
run_004,join,join_1772961576,join-irs3-1772961577,join-irs3-1772961577,11,reshare_completed,operation_end,2026-03-08T09:20:07.822837106Z,2026-03-08T09:20:18.158945Z,/var/lib/docker/volumes,35a02607c21ea95db05e7150f71e6e704f4d6479a4a76375ed8ec3cbfc5ec094,other,NA,NA,
run_004,join,join_1772961576,join-irs3-1772961577,join-irs3-1772961577,11,reshare_completed,operation_end,2026-03-08T09:20:07.822837106Z,2026-03-08T09:20:18.158945Z,/var/lib/docker/volumes,791e62bfc17bf044236c3dcb5d77ec82610b27aa4d5f3c78aff2e2842f98f9ee,other,NA,NA,
run_004,join,join_1772961576,join-irs3-1772961577,join-irs3-1772961577,11,reshare_completed,operation_end,2026-03-08T09:20:07.822837106Z,2026-03-08T09:20:18.158945Z,/var/lib/docker/volumes,91dbb4452b1c3709e842113c225d65a63eab07cdac1110f244a9dfbdddb57dbf,other,NA,NA,
run_004,join,join_1772961576,join-irs3-1772961577,join-irs3-1772961577,11,reshare_completed,operation_end,2026-03-08T09:20:07.822837106Z,2026-03-08T09:20:18.158945Z,/var/lib/docker/volumes,99ac8c723665556c954d288ca00335f1fae5493d384cb656ecf5a945cc9ae3b8,other,NA,NA,
run_004,join,join_1772961576,join-irs3-1772961577,join-irs3-1772961577,11,reshare_completed,operation_end,2026-03-08T09:20:07.822837106Z,2026-03-08T09:20:18.158945Z,/var/lib/docker/volumes,ab96d922f06ec7a94f1b5200e75e480c9ed7eba86fbbe33b5cb9edbe031c6ea8,other,49770,49770,0
run_004,join,join_1772961576,join-irs3-1772961577,join-irs3-1772961577,11,reshare_completed,operation_end,2026-03-08T09:20:07.822837106Z,2026-03-08T09:20:18.158945Z,/var/lib/docker/volumes,b8143ef8453ad18871b4b4e0ba6041764a2cda76bc6f516fa468de5fd6585e72,other,49770,49770,0
run_004,join,join_1772961576,join-irs3-1772961577,join-irs3-1772961577,11,reshare_completed,operation_end,2026-03-08T09:20:07.822837106Z,2026-03-08T09:20:18.158945Z,/var/lib/docker/volumes,ce313f18292c11d1170b9839e1af2e5976d1858048740f79d790d8aed673a5a4,other,NA,NA,
run_004,join,join_1772961576,join-irs3-1772961577,join-irs3-1772961577,11,reshare_completed,operation_end,2026-03-08T09:20:07.822837106Z,2026-03-08T09:20:18.158945Z,/var/lib/docker/volumes,d9b7785a06954372515977133a1213437b80c5db1517196ca5e26134d3413ccf,other,NA,NA,
run_004,join,join_1772961576,join-irs3-1772961577,join-irs3-1772961577,11,reshare_completed,operation_end,2026-03-08T09:20:07.822837106Z,2026-03-08T09:20:18.158945Z,/var/lib/docker/volumes,e0eec01c85bd157680e466dd14073f2a433b51342ff770c3a292c984a51f226b,other,NA,NA,
run_004,join,join_1772961576,join-irs3-1772961577,join-irs3-1772961577,11,reshare_completed,operation_end,2026-03-08T09:20:07.822837106Z,2026-03-08T09:20:18.158945Z,/var/lib/docker/volumes,fabric_orderer.kit.edu,orderer,130446478,130525502,79024
run_004,join,join_1772961576,join-irs3-1772961577,join-irs3-1772961577,11,reshare_completed,operation_end,2026-03-08T09:20:07.822837106Z,2026-03-08T09:20:18.158945Z,/var/lib/docker/volumes,fabric_peer0.irs1.kit.edu,other,5006,5006,0
run_004,join,join_1772961576,join-irs3-1772961577,join-irs3-1772961577,11,reshare_completed,operation_end,2026-03-08T09:20:07.822837106Z,2026-03-08T09:20:18.158945Z,/var/lib/docker/volumes,fabric_peer0.irs3.kit.edu,peer,29074225,29163731,89506
run_004,join,join_1772961576,join-irs3-1772961577,join-irs3-1772961577,11,reshare_completed,operation_end,2026-03-08T09:20:07.822837106Z,2026-03-08T09:20:18.158945Z,/var/lib/docker/volumes,fabric_peer1.irs3.kit.edu,other,29072800,29162306,89506
run_004,join,join_1772961576,join-irs3-1772961577,join-irs3-1772961577,11,reshare_completed,operation_end,2026-03-08T09:20:07.822837106Z,2026-03-08T09:20:18.158945Z,/var/lib/docker/volumes,fabric_peer2.irs3.kit.edu,other,29072797,29162303,89506
run_004,join,join_1772961576,join-irs3-1772961577,join-irs3-1772961577,11,reshare_completed,operation_end,2026-03-08T09:20:07.822837106Z,2026-03-08T09:20:18.158945Z,/var/lib/docker/volumes,fabric_peer3.irs3.kit.edu,other,29074222,29163728,89506
run_005,csr,csr_1772961625,csr-irs3-1772961625,csr-irs3-1772961625,,operation_start,csr_submit_done,2026-03-08T09:20:25.042386Z,2026-03-08T09:20:27.369348Z,/var/lib/docker/volumes,002a2c976d26a3f9c7eff06e2f9efe095908dd0ee21b2715cc202589b435aec2,other,NA,NA,
run_005,csr,csr_1772961625,csr-irs3-1772961625,csr-irs3-1772961625,,operation_start,csr_submit_done,2026-03-08T09:20:25.042386Z,2026-03-08T09:20:27.369348Z,/var/lib/docker/volumes,35a02607c21ea95db05e7150f71e6e704f4d6479a4a76375ed8ec3cbfc5ec094,other,NA,NA,
run_005,csr,csr_1772961625,csr-irs3-1772961625,csr-irs3-1772961625,,operation_start,csr_submit_done,2026-03-08T09:20:25.042386Z,2026-03-08T09:20:27.369348Z,/var/lib/docker/volumes,791e62bfc17bf044236c3dcb5d77ec82610b27aa4d5f3c78aff2e2842f98f9ee,other,NA,NA,
run_005,csr,csr_1772961625,csr-irs3-1772961625,csr-irs3-1772961625,,operation_start,csr_submit_done,2026-03-08T09:20:25.042386Z,2026-03-08T09:20:27.369348Z,/var/lib/docker/volumes,91dbb4452b1c3709e842113c225d65a63eab07cdac1110f244a9dfbdddb57dbf,other,NA,NA,
run_005,csr,csr_1772961625,csr-irs3-1772961625,csr-irs3-1772961625,,operation_start,csr_submit_done,2026-03-08T09:20:25.042386Z,2026-03-08T09:20:27.369348Z,/var/lib/docker/volumes,99ac8c723665556c954d288ca00335f1fae5493d384cb656ecf5a945cc9ae3b8,other,NA,NA,
run_005,csr,csr_1772961625,csr-irs3-1772961625,csr-irs3-1772961625,,operation_start,csr_submit_done,2026-03-08T09:20:25.042386Z,2026-03-08T09:20:27.369348Z,/var/lib/docker/volumes,ab96d922f06ec7a94f1b5200e75e480c9ed7eba86fbbe33b5cb9edbe031c6ea8,other,49770,49770,0
run_005,csr,csr_1772961625,csr-irs3-1772961625,csr-irs3-1772961625,,operation_start,csr_submit_done,2026-03-08T09:20:25.042386Z,2026-03-08T09:20:27.369348Z,/var/lib/docker/volumes,b8143ef8453ad18871b4b4e0ba6041764a2cda76bc6f516fa468de5fd6585e72,other,49770,49770,0
run_005,csr,csr_1772961625,csr-irs3-1772961625,csr-irs3-1772961625,,operation_start,csr_submit_done,2026-03-08T09:20:25.042386Z,2026-03-08T09:20:27.369348Z,/var/lib/docker/volumes,ce313f18292c11d1170b9839e1af2e5976d1858048740f79d790d8aed673a5a4,other,NA,NA,
run_005,csr,csr_1772961625,csr-irs3-1772961625,csr-irs3-1772961625,,operation_start,csr_submit_done,2026-03-08T09:20:25.042386Z,2026-03-08T09:20:27.369348Z,/var/lib/docker/volumes,d9b7785a06954372515977133a1213437b80c5db1517196ca5e26134d3413ccf,other,NA,NA,
run_005,csr,csr_1772961625,csr-irs3-1772961625,csr-irs3-1772961625,,operation_start,csr_submit_done,2026-03-08T09:20:25.042386Z,2026-03-08T09:20:27.369348Z,/var/lib/docker/volumes,e0eec01c85bd157680e466dd14073f2a433b51342ff770c3a292c984a51f226b,other,NA,NA,
run_005,csr,csr_1772961625,csr-irs3-1772961625,csr-irs3-1772961625,,operation_start,csr_submit_done,2026-03-08T09:20:25.042386Z,2026-03-08T09:20:27.369348Z,/var/lib/docker/volumes,fabric_orderer.kit.edu,orderer,130525502,130534044,8542
run_005,csr,csr_1772961625,csr-irs3-1772961625,csr-irs3-1772961625,,operation_start,csr_submit_done,2026-03-08T09:20:25.042386Z,2026-03-08T09:20:27.369348Z,/var/lib/docker/volumes,fabric_peer0.irs1.kit.edu,other,5006,5006,0
run_005,csr,csr_1772961625,csr-irs3-1772961625,csr-irs3-1772961625,,operation_start,csr_submit_done,2026-03-08T09:20:25.042386Z,2026-03-08T09:20:27.369348Z,/var/lib/docker/volumes,fabric_peer0.irs3.kit.edu,peer,29163731,29174407,10676
run_005,csr,csr_1772961625,csr-irs3-1772961625,csr-irs3-1772961625,,operation_start,csr_submit_done,2026-03-08T09:20:25.042386Z,2026-03-08T09:20:27.369348Z,/var/lib/docker/volumes,fabric_peer1.irs3.kit.edu,other,29162306,29172982,10676
run_005,csr,csr_1772961625,csr-irs3-1772961625,csr-irs3-1772961625,,operation_start,csr_submit_done,2026-03-08T09:20:25.042386Z,2026-03-08T09:20:27.369348Z,/var/lib/docker/volumes,fabric_peer2.irs3.kit.edu,other,29162303,29172979,10676
run_005,csr,csr_1772961625,csr-irs3-1772961625,csr-irs3-1772961625,,operation_start,csr_submit_done,2026-03-08T09:20:25.042386Z,2026-03-08T09:20:27.369348Z,/var/lib/docker/volumes,fabric_peer3.irs3.kit.edu,other,29163728,29174404,10676
run_005,csr,csr_1772961625,csr-irs3-1772961625,csr-irs3-1772961625,,csr_submit_done,csr_voted,2026-03-08T09:20:27.369348Z,2026-03-08T09:20:29.643096871Z,/var/lib/docker/volumes,002a2c976d26a3f9c7eff06e2f9efe095908dd0ee21b2715cc202589b435aec2,other,NA,NA,
run_005,csr,csr_1772961625,csr-irs3-1772961625,csr-irs3-1772961625,,csr_submit_done,csr_voted,2026-03-08T09:20:27.369348Z,2026-03-08T09:20:29.643096871Z,/var/lib/docker/volumes,35a02607c21ea95db05e7150f71e6e704f4d6479a4a76375ed8ec3cbfc5ec094,other,NA,NA,
run_005,csr,csr_1772961625,csr-irs3-1772961625,csr-irs3-1772961625,,csr_submit_done,csr_voted,2026-03-08T09:20:27.369348Z,2026-03-08T09:20:29.643096871Z,/var/lib/docker/volumes,791e62bfc17bf044236c3dcb5d77ec82610b27aa4d5f3c78aff2e2842f98f9ee,other,NA,NA,
run_005,csr,csr_1772961625,csr-irs3-1772961625,csr-irs3-1772961625,,csr_submit_done,csr_voted,2026-03-08T09:20:27.369348Z,2026-03-08T09:20:29.643096871Z,/var/lib/docker/volumes,91dbb4452b1c3709e842113c225d65a63eab07cdac1110f244a9dfbdddb57dbf,other,NA,NA,
run_005,csr,csr_1772961625,csr-irs3-1772961625,csr-irs3-1772961625,,csr_submit_done,csr_voted,2026-03-08T09:20:27.369348Z,2026-03-08T09:20:29.643096871Z,/var/lib/docker/volumes,99ac8c723665556c954d288ca00335f1fae5493d384cb656ecf5a945cc9ae3b8,other,NA,NA,
run_005,csr,csr_1772961625,csr-irs3-1772961625,csr-irs3-1772961625,,csr_submit_done,csr_voted,2026-03-08T09:20:27.369348Z,2026-03-08T09:20:29.643096871Z,/var/lib/docker/volumes,ab96d922f06ec7a94f1b5200e75e480c9ed7eba86fbbe33b5cb9edbe031c6ea8,other,49770,49770,0
run_005,csr,csr_1772961625,csr-irs3-1772961625,csr-irs3-1772961625,,csr_submit_done,csr_voted,2026-03-08T09:20:27.369348Z,2026-03-08T09:20:29.643096871Z,/var/lib/docker/volumes,b8143ef8453ad18871b4b4e0ba6041764a2cda76bc6f516fa468de5fd6585e72,other,49770,49770,0
run_005,csr,csr_1772961625,csr-irs3-1772961625,csr-irs3-1772961625,,csr_submit_done,csr_voted,2026-03-08T09:20:27.369348Z,2026-03-08T09:20:29.643096871Z,/var/lib/docker/volumes,ce313f18292c11d1170b9839e1af2e5976d1858048740f79d790d8aed673a5a4,other,NA,NA,
run_005,csr,csr_1772961625,csr-irs3-1772961625,csr-irs3-1772961625,,csr_submit_done,csr_voted,2026-03-08T09:20:27.369348Z,2026-03-08T09:20:29.643096871Z,/var/lib/docker/volumes,d9b7785a06954372515977133a1213437b80c5db1517196ca5e26134d3413ccf,other,NA,NA,
run_005,csr,csr_1772961625,csr-irs3-1772961625,csr-irs3-1772961625,,csr_submit_done,csr_voted,2026-03-08T09:20:27.369348Z,2026-03-08T09:20:29.643096871Z,/var/lib/docker/volumes,e0eec01c85bd157680e466dd14073f2a433b51342ff770c3a292c984a51f226b,other,NA,NA,
run_005,csr,csr_1772961625,csr-irs3-1772961625,csr-irs3-1772961625,,csr_submit_done,csr_voted,2026-03-08T09:20:27.369348Z,2026-03-08T09:20:29.643096871Z,/var/lib/docker/volumes,fabric_orderer.kit.edu,orderer,130534044,130550627,16583
run_005,csr,csr_1772961625,csr-irs3-1772961625,csr-irs3-1772961625,,csr_submit_done,csr_voted,2026-03-08T09:20:27.369348Z,2026-03-08T09:20:29.643096871Z,/var/lib/docker/volumes,fabric_peer0.irs1.kit.edu,other,5006,5006,0
run_005,csr,csr_1772961625,csr-irs3-1772961625,csr-irs3-1772961625,,csr_submit_done,csr_voted,2026-03-08T09:20:27.369348Z,2026-03-08T09:20:29.643096871Z,/var/lib/docker/volumes,fabric_peer0.irs3.kit.edu,peer,29174407,29194178,19771
run_005,csr,csr_1772961625,csr-irs3-1772961625,csr-irs3-1772961625,,csr_submit_done,csr_voted,2026-03-08T09:20:27.369348Z,2026-03-08T09:20:29.643096871Z,/var/lib/docker/volumes,fabric_peer1.irs3.kit.edu,other,29172982,29192753,19771
run_005,csr,csr_1772961625,csr-irs3-1772961625,csr-irs3-1772961625,,csr_submit_done,csr_voted,2026-03-08T09:20:27.369348Z,2026-03-08T09:20:29.643096871Z,/var/lib/docker/volumes,fabric_peer2.irs3.kit.edu,other,29172979,29192750,19771
run_005,csr,csr_1772961625,csr-irs3-1772961625,csr-irs3-1772961625,,csr_submit_done,csr_voted,2026-03-08T09:20:27.369348Z,2026-03-08T09:20:29.643096871Z,/var/lib/docker/volumes,fabric_peer3.irs3.kit.edu,other,29174404,29194175,19771
run_005,csr,csr_1772961625,csr-irs3-1772961625,csr-irs3-1772961625,,csr_voted,csr_approved,2026-03-08T09:20:29.643096871Z,2026-03-08T09:20:32.932931915Z,/var/lib/docker/volumes,002a2c976d26a3f9c7eff06e2f9efe095908dd0ee21b2715cc202589b435aec2,other,NA,NA,
run_005,csr,csr_1772961625,csr-irs3-1772961625,csr-irs3-1772961625,,csr_voted,csr_approved,2026-03-08T09:20:29.643096871Z,2026-03-08T09:20:32.932931915Z,/var/lib/docker/volumes,35a02607c21ea95db05e7150f71e6e704f4d6479a4a76375ed8ec3cbfc5ec094,other,NA,NA,
run_005,csr,csr_1772961625,csr-irs3-1772961625,csr-irs3-1772961625,,csr_voted,csr_approved,2026-03-08T09:20:29.643096871Z,2026-03-08T09:20:32.932931915Z,/var/lib/docker/volumes,791e62bfc17bf044236c3dcb5d77ec82610b27aa4d5f3c78aff2e2842f98f9ee,other,NA,NA,
run_005,csr,csr_1772961625,csr-irs3-1772961625,csr-irs3-1772961625,,csr_voted,csr_approved,2026-03-08T09:20:29.643096871Z,2026-03-08T09:20:32.932931915Z,/var/lib/docker/volumes,91dbb4452b1c3709e842113c225d65a63eab07cdac1110f244a9dfbdddb57dbf,other,NA,NA,
run_005,csr,csr_1772961625,csr-irs3-1772961625,csr-irs3-1772961625,,csr_voted,csr_approved,2026-03-08T09:20:29.643096871Z,2026-03-08T09:20:32.932931915Z,/var/lib/docker/volumes,99ac8c723665556c954d288ca00335f1fae5493d384cb656ecf5a945cc9ae3b8,other,NA,NA,
run_005,csr,csr_1772961625,csr-irs3-1772961625,csr-irs3-1772961625,,csr_voted,csr_approved,2026-03-08T09:20:29.643096871Z,2026-03-08T09:20:32.932931915Z,/var/lib/docker/volumes,ab96d922f06ec7a94f1b5200e75e480c9ed7eba86fbbe33b5cb9edbe031c6ea8,other,49770,49770,0
run_005,csr,csr_1772961625,csr-irs3-1772961625,csr-irs3-1772961625,,csr_voted,csr_approved,2026-03-08T09:20:29.643096871Z,2026-03-08T09:20:32.932931915Z,/var/lib/docker/volumes,b8143ef8453ad18871b4b4e0ba6041764a2cda76bc6f516fa468de5fd6585e72,other,49770,49770,0
run_005,csr,csr_1772961625,csr-irs3-1772961625,csr-irs3-1772961625,,csr_voted,csr_approved,2026-03-08T09:20:29.643096871Z,2026-03-08T09:20:32.932931915Z,/var/lib/docker/volumes,ce313f18292c11d1170b9839e1af2e5976d1858048740f79d790d8aed673a5a4,other,NA,NA,
run_005,csr,csr_1772961625,csr-irs3-1772961625,csr-irs3-1772961625,,csr_voted,csr_approved,2026-03-08T09:20:29.643096871Z,2026-03-08T09:20:32.932931915Z,/var/lib/docker/volumes,d9b7785a06954372515977133a1213437b80c5db1517196ca5e26134d3413ccf,other,NA,NA,
run_005,csr,csr_1772961625,csr-irs3-1772961625,csr-irs3-1772961625,,csr_voted,csr_approved,2026-03-08T09:20:29.643096871Z,2026-03-08T09:20:32.932931915Z,/var/lib/docker/volumes,e0eec01c85bd157680e466dd14073f2a433b51342ff770c3a292c984a51f226b,other,NA,NA,
run_005,csr,csr_1772961625,csr-irs3-1772961625,csr-irs3-1772961625,,csr_voted,csr_approved,2026-03-08T09:20:29.643096871Z,2026-03-08T09:20:32.932931915Z,/var/lib/docker/volumes,fabric_orderer.kit.edu,orderer,130550627,130567004,16377
run_005,csr,csr_1772961625,csr-irs3-1772961625,csr-irs3-1772961625,,csr_voted,csr_approved,2026-03-08T09:20:29.643096871Z,2026-03-08T09:20:32.932931915Z,/var/lib/docker/volumes,fabric_peer0.irs1.kit.edu,other,5006,5006,0
run_005,csr,csr_1772961625,csr-irs3-1772961625,csr-irs3-1772961625,,csr_voted,csr_approved,2026-03-08T09:20:29.643096871Z,2026-03-08T09:20:32.932931915Z,/var/lib/docker/volumes,fabric_peer0.irs3.kit.edu,peer,29194178,29214248,20070
run_005,csr,csr_1772961625,csr-irs3-1772961625,csr-irs3-1772961625,,csr_voted,csr_approved,2026-03-08T09:20:29.643096871Z,2026-03-08T09:20:32.932931915Z,/var/lib/docker/volumes,fabric_peer1.irs3.kit.edu,other,29192753,29212823,20070
run_005,csr,csr_1772961625,csr-irs3-1772961625,csr-irs3-1772961625,,csr_voted,csr_approved,2026-03-08T09:20:29.643096871Z,2026-03-08T09:20:32.932931915Z,/var/lib/docker/volumes,fabric_peer2.irs3.kit.edu,other,29192750,29212820,20070
run_005,csr,csr_1772961625,csr-irs3-1772961625,csr-irs3-1772961625,,csr_voted,csr_approved,2026-03-08T09:20:29.643096871Z,2026-03-08T09:20:32.932931915Z,/var/lib/docker/volumes,fabric_peer3.irs3.kit.edu,other,29194175,29214245,20070
run_005,csr,csr_1772961625,csr-irs3-1772961625,csr-irs3-1772961625,,csr_approved,cert_registered,2026-03-08T09:20:32.932931915Z,2026-03-08T09:20:42.19699236Z,/var/lib/docker/volumes,002a2c976d26a3f9c7eff06e2f9efe095908dd0ee21b2715cc202589b435aec2,other,NA,NA,
run_005,csr,csr_1772961625,csr-irs3-1772961625,csr-irs3-1772961625,,csr_approved,cert_registered,2026-03-08T09:20:32.932931915Z,2026-03-08T09:20:42.19699236Z,/var/lib/docker/volumes,35a02607c21ea95db05e7150f71e6e704f4d6479a4a76375ed8ec3cbfc5ec094,other,NA,NA,
run_005,csr,csr_1772961625,csr-irs3-1772961625,csr-irs3-1772961625,,csr_approved,cert_registered,2026-03-08T09:20:32.932931915Z,2026-03-08T09:20:42.19699236Z,/var/lib/docker/volumes,791e62bfc17bf044236c3dcb5d77ec82610b27aa4d5f3c78aff2e2842f98f9ee,other,NA,NA,
run_005,csr,csr_1772961625,csr-irs3-1772961625,csr-irs3-1772961625,,csr_approved,cert_registered,2026-03-08T09:20:32.932931915Z,2026-03-08T09:20:42.19699236Z,/var/lib/docker/volumes,91dbb4452b1c3709e842113c225d65a63eab07cdac1110f244a9dfbdddb57dbf,other,NA,NA,
run_005,csr,csr_1772961625,csr-irs3-1772961625,csr-irs3-1772961625,,csr_approved,cert_registered,2026-03-08T09:20:32.932931915Z,2026-03-08T09:20:42.19699236Z,/var/lib/docker/volumes,99ac8c723665556c954d288ca00335f1fae5493d384cb656ecf5a945cc9ae3b8,other,NA,NA,
run_005,csr,csr_1772961625,csr-irs3-1772961625,csr-irs3-1772961625,,csr_approved,cert_registered,2026-03-08T09:20:32.932931915Z,2026-03-08T09:20:42.19699236Z,/var/lib/docker/volumes,ab96d922f06ec7a94f1b5200e75e480c9ed7eba86fbbe33b5cb9edbe031c6ea8,other,49770,49770,0
run_005,csr,csr_1772961625,csr-irs3-1772961625,csr-irs3-1772961625,,csr_approved,cert_registered,2026-03-08T09:20:32.932931915Z,2026-03-08T09:20:42.19699236Z,/var/lib/docker/volumes,b8143ef8453ad18871b4b4e0ba6041764a2cda76bc6f516fa468de5fd6585e72,other,49770,49770,0
run_005,csr,csr_1772961625,csr-irs3-1772961625,csr-irs3-1772961625,,csr_approved,cert_registered,2026-03-08T09:20:32.932931915Z,2026-03-08T09:20:42.19699236Z,/var/lib/docker/volumes,ce313f18292c11d1170b9839e1af2e5976d1858048740f79d790d8aed673a5a4,other,NA,NA,
run_005,csr,csr_1772961625,csr-irs3-1772961625,csr-irs3-1772961625,,csr_approved,cert_registered,2026-03-08T09:20:32.932931915Z,2026-03-08T09:20:42.19699236Z,/var/lib/docker/volumes,d9b7785a06954372515977133a1213437b80c5db1517196ca5e26134d3413ccf,other,NA,NA,
run_005,csr,csr_1772961625,csr-irs3-1772961625,csr-irs3-1772961625,,csr_approved,cert_registered,2026-03-08T09:20:32.932931915Z,2026-03-08T09:20:42.19699236Z,/var/lib/docker/volumes,e0eec01c85bd157680e466dd14073f2a433b51342ff770c3a292c984a51f226b,other,NA,NA,
run_005,csr,csr_1772961625,csr-irs3-1772961625,csr-irs3-1772961625,,csr_approved,cert_registered,2026-03-08T09:20:32.932931915Z,2026-03-08T09:20:42.19699236Z,/var/lib/docker/volumes,fabric_orderer.kit.edu,orderer,130567004,130607319,40315
run_005,csr,csr_1772961625,csr-irs3-1772961625,csr-irs3-1772961625,,csr_approved,cert_registered,2026-03-08T09:20:32.932931915Z,2026-03-08T09:20:42.19699236Z,/var/lib/docker/volumes,fabric_peer0.irs1.kit.edu,other,5006,5006,0
run_005,csr,csr_1772961625,csr-irs3-1772961625,csr-irs3-1772961625,,csr_approved,cert_registered,2026-03-08T09:20:32.932931915Z,2026-03-08T09:20:42.19699236Z,/var/lib/docker/volumes,fabric_peer0.irs3.kit.edu,peer,29214248,29265891,51643
run_005,csr,csr_1772961625,csr-irs3-1772961625,csr-irs3-1772961625,,csr_approved,cert_registered,2026-03-08T09:20:32.932931915Z,2026-03-08T09:20:42.19699236Z,/var/lib/docker/volumes,fabric_peer1.irs3.kit.edu,other,29212823,29264466,51643
run_005,csr,csr_1772961625,csr-irs3-1772961625,csr-irs3-1772961625,,csr_approved,cert_registered,2026-03-08T09:20:32.932931915Z,2026-03-08T09:20:42.19699236Z,/var/lib/docker/volumes,fabric_peer2.irs3.kit.edu,other,29212820,29264463,51643
run_005,csr,csr_1772961625,csr-irs3-1772961625,csr-irs3-1772961625,,csr_approved,cert_registered,2026-03-08T09:20:32.932931915Z,2026-03-08T09:20:42.19699236Z,/var/lib/docker/volumes,fabric_peer3.irs3.kit.edu,other,29214245,29265888,51643
run_005,csr,csr_1772961625,csr-irs3-1772961625,csr-irs3-1772961625,,cert_registered,operation_end,2026-03-08T09:20:42.19699236Z,2026-03-08T09:20:44.175560Z,/var/lib/docker/volumes,002a2c976d26a3f9c7eff06e2f9efe095908dd0ee21b2715cc202589b435aec2,other,NA,NA,
run_005,csr,csr_1772961625,csr-irs3-1772961625,csr-irs3-1772961625,,cert_registered,operation_end,2026-03-08T09:20:42.19699236Z,2026-03-08T09:20:44.175560Z,/var/lib/docker/volumes,35a02607c21ea95db05e7150f71e6e704f4d6479a4a76375ed8ec3cbfc5ec094,other,NA,NA,
run_005,csr,csr_1772961625,csr-irs3-1772961625,csr-irs3-1772961625,,cert_registered,operation_end,2026-03-08T09:20:42.19699236Z,2026-03-08T09:20:44.175560Z,/var/lib/docker/volumes,791e62bfc17bf044236c3dcb5d77ec82610b27aa4d5f3c78aff2e2842f98f9ee,other,NA,NA,
run_005,csr,csr_1772961625,csr-irs3-1772961625,csr-irs3-1772961625,,cert_registered,operation_end,2026-03-08T09:20:42.19699236Z,2026-03-08T09:20:44.175560Z,/var/lib/docker/volumes,91dbb4452b1c3709e842113c225d65a63eab07cdac1110f244a9dfbdddb57dbf,other,NA,NA,
run_005,csr,csr_1772961625,csr-irs3-1772961625,csr-irs3-1772961625,,cert_registered,operation_end,2026-03-08T09:20:42.19699236Z,2026-03-08T09:20:44.175560Z,/var/lib/docker/volumes,99ac8c723665556c954d288ca00335f1fae5493d384cb656ecf5a945cc9ae3b8,other,NA,NA,
run_005,csr,csr_1772961625,csr-irs3-1772961625,csr-irs3-1772961625,,cert_registered,operation_end,2026-03-08T09:20:42.19699236Z,2026-03-08T09:20:44.175560Z,/var/lib/docker/volumes,ab96d922f06ec7a94f1b5200e75e480c9ed7eba86fbbe33b5cb9edbe031c6ea8,other,49770,49770,0
run_005,csr,csr_1772961625,csr-irs3-1772961625,csr-irs3-1772961625,,cert_registered,operation_end,2026-03-08T09:20:42.19699236Z,2026-03-08T09:20:44.175560Z,/var/lib/docker/volumes,b8143ef8453ad18871b4b4e0ba6041764a2cda76bc6f516fa468de5fd6585e72,other,49770,49770,0
run_005,csr,csr_1772961625,csr-irs3-1772961625,csr-irs3-1772961625,,cert_registered,operation_end,2026-03-08T09:20:42.19699236Z,2026-03-08T09:20:44.175560Z,/var/lib/docker/volumes,ce313f18292c11d1170b9839e1af2e5976d1858048740f79d790d8aed673a5a4,other,NA,NA,
run_005,csr,csr_1772961625,csr-irs3-1772961625,csr-irs3-1772961625,,cert_registered,operation_end,2026-03-08T09:20:42.19699236Z,2026-03-08T09:20:44.175560Z,/var/lib/docker/volumes,d9b7785a06954372515977133a1213437b80c5db1517196ca5e26134d3413ccf,other,NA,NA,
run_005,csr,csr_1772961625,csr-irs3-1772961625,csr-irs3-1772961625,,cert_registered,operation_end,2026-03-08T09:20:42.19699236Z,2026-03-08T09:20:44.175560Z,/var/lib/docker/volumes,e0eec01c85bd157680e466dd14073f2a433b51342ff770c3a292c984a51f226b,other,NA,NA,
run_005,csr,csr_1772961625,csr-irs3-1772961625,csr-irs3-1772961625,,cert_registered,operation_end,2026-03-08T09:20:42.19699236Z,2026-03-08T09:20:44.175560Z,/var/lib/docker/volumes,fabric_orderer.kit.edu,orderer,130607319,130607319,0
run_005,csr,csr_1772961625,csr-irs3-1772961625,csr-irs3-1772961625,,cert_registered,operation_end,2026-03-08T09:20:42.19699236Z,2026-03-08T09:20:44.175560Z,/var/lib/docker/volumes,fabric_peer0.irs1.kit.edu,other,5006,5006,0
run_005,csr,csr_1772961625,csr-irs3-1772961625,csr-irs3-1772961625,,cert_registered,operation_end,2026-03-08T09:20:42.19699236Z,2026-03-08T09:20:44.175560Z,/var/lib/docker/volumes,fabric_peer0.irs3.kit.edu,peer,29265891,29265891,0
run_005,csr,csr_1772961625,csr-irs3-1772961625,csr-irs3-1772961625,,cert_registered,operation_end,2026-03-08T09:20:42.19699236Z,2026-03-08T09:20:44.175560Z,/var/lib/docker/volumes,fabric_peer1.irs3.kit.edu,other,29264466,29264466,0
run_005,csr,csr_1772961625,csr-irs3-1772961625,csr-irs3-1772961625,,cert_registered,operation_end,2026-03-08T09:20:42.19699236Z,2026-03-08T09:20:44.175560Z,/var/lib/docker/volumes,fabric_peer2.irs3.kit.edu,other,29264463,29264463,0
run_005,csr,csr_1772961625,csr-irs3-1772961625,csr-irs3-1772961625,,cert_registered,operation_end,2026-03-08T09:20:42.19699236Z,2026-03-08T09:20:44.175560Z,/var/lib/docker/volumes,fabric_peer3.irs3.kit.edu,other,29265888,29265888,0
run_005,revocation,revocation_1772961664,revoke-irs3-1772961664,revoke-irs3-1772961664,,operation_start,revocation_submit_done,2026-03-08T09:21:04.492712Z,2026-03-08T09:21:06.821546Z,/var/lib/docker/volumes,002a2c976d26a3f9c7eff06e2f9efe095908dd0ee21b2715cc202589b435aec2,other,NA,NA,
run_005,revocation,revocation_1772961664,revoke-irs3-1772961664,revoke-irs3-1772961664,,operation_start,revocation_submit_done,2026-03-08T09:21:04.492712Z,2026-03-08T09:21:06.821546Z,/var/lib/docker/volumes,35a02607c21ea95db05e7150f71e6e704f4d6479a4a76375ed8ec3cbfc5ec094,other,NA,NA,
run_005,revocation,revocation_1772961664,revoke-irs3-1772961664,revoke-irs3-1772961664,,operation_start,revocation_submit_done,2026-03-08T09:21:04.492712Z,2026-03-08T09:21:06.821546Z,/var/lib/docker/volumes,791e62bfc17bf044236c3dcb5d77ec82610b27aa4d5f3c78aff2e2842f98f9ee,other,NA,NA,
run_005,revocation,revocation_1772961664,revoke-irs3-1772961664,revoke-irs3-1772961664,,operation_start,revocation_submit_done,2026-03-08T09:21:04.492712Z,2026-03-08T09:21:06.821546Z,/var/lib/docker/volumes,91dbb4452b1c3709e842113c225d65a63eab07cdac1110f244a9dfbdddb57dbf,other,NA,NA,
run_005,revocation,revocation_1772961664,revoke-irs3-1772961664,revoke-irs3-1772961664,,operation_start,revocation_submit_done,2026-03-08T09:21:04.492712Z,2026-03-08T09:21:06.821546Z,/var/lib/docker/volumes,99ac8c723665556c954d288ca00335f1fae5493d384cb656ecf5a945cc9ae3b8,other,NA,NA,
run_005,revocation,revocation_1772961664,revoke-irs3-1772961664,revoke-irs3-1772961664,,operation_start,revocation_submit_done,2026-03-08T09:21:04.492712Z,2026-03-08T09:21:06.821546Z,/var/lib/docker/volumes,ab96d922f06ec7a94f1b5200e75e480c9ed7eba86fbbe33b5cb9edbe031c6ea8,other,49770,49770,0
run_005,revocation,revocation_1772961664,revoke-irs3-1772961664,revoke-irs3-1772961664,,operation_start,revocation_submit_done,2026-03-08T09:21:04.492712Z,2026-03-08T09:21:06.821546Z,/var/lib/docker/volumes,b8143ef8453ad18871b4b4e0ba6041764a2cda76bc6f516fa468de5fd6585e72,other,49770,49770,0
run_005,revocation,revocation_1772961664,revoke-irs3-1772961664,revoke-irs3-1772961664,,operation_start,revocation_submit_done,2026-03-08T09:21:04.492712Z,2026-03-08T09:21:06.821546Z,/var/lib/docker/volumes,ce313f18292c11d1170b9839e1af2e5976d1858048740f79d790d8aed673a5a4,other,NA,NA,
run_005,revocation,revocation_1772961664,revoke-irs3-1772961664,revoke-irs3-1772961664,,operation_start,revocation_submit_done,2026-03-08T09:21:04.492712Z,2026-03-08T09:21:06.821546Z,/var/lib/docker/volumes,d9b7785a06954372515977133a1213437b80c5db1517196ca5e26134d3413ccf,other,NA,NA,
run_005,revocation,revocation_1772961664,revoke-irs3-1772961664,revoke-irs3-1772961664,,operation_start,revocation_submit_done,2026-03-08T09:21:04.492712Z,2026-03-08T09:21:06.821546Z,/var/lib/docker/volumes,e0eec01c85bd157680e466dd14073f2a433b51342ff770c3a292c984a51f226b,other,NA,NA,
run_005,revocation,revocation_1772961664,revoke-irs3-1772961664,revoke-irs3-1772961664,,operation_start,revocation_submit_done,2026-03-08T09:21:04.492712Z,2026-03-08T09:21:06.821546Z,/var/lib/docker/volumes,fabric_orderer.kit.edu,orderer,130607319,130614518,7199
run_005,revocation,revocation_1772961664,revoke-irs3-1772961664,revoke-irs3-1772961664,,operation_start,revocation_submit_done,2026-03-08T09:21:04.492712Z,2026-03-08T09:21:06.821546Z,/var/lib/docker/volumes,fabric_peer0.irs1.kit.edu,other,5006,5006,0
run_005,revocation,revocation_1772961664,revoke-irs3-1772961664,revoke-irs3-1772961664,,operation_start,revocation_submit_done,2026-03-08T09:21:04.492712Z,2026-03-08T09:21:06.821546Z,/var/lib/docker/volumes,fabric_peer0.irs3.kit.edu,peer,29265891,29274126,8235
run_005,revocation,revocation_1772961664,revoke-irs3-1772961664,revoke-irs3-1772961664,,operation_start,revocation_submit_done,2026-03-08T09:21:04.492712Z,2026-03-08T09:21:06.821546Z,/var/lib/docker/volumes,fabric_peer1.irs3.kit.edu,other,29264466,29272701,8235
run_005,revocation,revocation_1772961664,revoke-irs3-1772961664,revoke-irs3-1772961664,,operation_start,revocation_submit_done,2026-03-08T09:21:04.492712Z,2026-03-08T09:21:06.821546Z,/var/lib/docker/volumes,fabric_peer2.irs3.kit.edu,other,29264463,29272698,8235
run_005,revocation,revocation_1772961664,revoke-irs3-1772961664,revoke-irs3-1772961664,,operation_start,revocation_submit_done,2026-03-08T09:21:04.492712Z,2026-03-08T09:21:06.821546Z,/var/lib/docker/volumes,fabric_peer3.irs3.kit.edu,other,29265888,29274123,8235
run_005,revocation,revocation_1772961664,revoke-irs3-1772961664,revoke-irs3-1772961664,,revocation_submit_done,revocation_voted,2026-03-08T09:21:06.821546Z,2026-03-08T09:21:09.589406659Z,/var/lib/docker/volumes,002a2c976d26a3f9c7eff06e2f9efe095908dd0ee21b2715cc202589b435aec2,other,NA,NA,
run_005,revocation,revocation_1772961664,revoke-irs3-1772961664,revoke-irs3-1772961664,,revocation_submit_done,revocation_voted,2026-03-08T09:21:06.821546Z,2026-03-08T09:21:09.589406659Z,/var/lib/docker/volumes,35a02607c21ea95db05e7150f71e6e704f4d6479a4a76375ed8ec3cbfc5ec094,other,NA,NA,
run_005,revocation,revocation_1772961664,revoke-irs3-1772961664,revoke-irs3-1772961664,,revocation_submit_done,revocation_voted,2026-03-08T09:21:06.821546Z,2026-03-08T09:21:09.589406659Z,/var/lib/docker/volumes,791e62bfc17bf044236c3dcb5d77ec82610b27aa4d5f3c78aff2e2842f98f9ee,other,NA,NA,
run_005,revocation,revocation_1772961664,revoke-irs3-1772961664,revoke-irs3-1772961664,,revocation_submit_done,revocation_voted,2026-03-08T09:21:06.821546Z,2026-03-08T09:21:09.589406659Z,/var/lib/docker/volumes,91dbb4452b1c3709e842113c225d65a63eab07cdac1110f244a9dfbdddb57dbf,other,NA,NA,
run_005,revocation,revocation_1772961664,revoke-irs3-1772961664,revoke-irs3-1772961664,,revocation_submit_done,revocation_voted,2026-03-08T09:21:06.821546Z,2026-03-08T09:21:09.589406659Z,/var/lib/docker/volumes,99ac8c723665556c954d288ca00335f1fae5493d384cb656ecf5a945cc9ae3b8,other,NA,NA,
run_005,revocation,revocation_1772961664,revoke-irs3-1772961664,revoke-irs3-1772961664,,revocation_submit_done,revocation_voted,2026-03-08T09:21:06.821546Z,2026-03-08T09:21:09.589406659Z,/var/lib/docker/volumes,ab96d922f06ec7a94f1b5200e75e480c9ed7eba86fbbe33b5cb9edbe031c6ea8,other,49770,49770,0
run_005,revocation,revocation_1772961664,revoke-irs3-1772961664,revoke-irs3-1772961664,,revocation_submit_done,revocation_voted,2026-03-08T09:21:06.821546Z,2026-03-08T09:21:09.589406659Z,/var/lib/docker/volumes,b8143ef8453ad18871b4b4e0ba6041764a2cda76bc6f516fa468de5fd6585e72,other,49770,49770,0
run_005,revocation,revocation_1772961664,revoke-irs3-1772961664,revoke-irs3-1772961664,,revocation_submit_done,revocation_voted,2026-03-08T09:21:06.821546Z,2026-03-08T09:21:09.589406659Z,/var/lib/docker/volumes,ce313f18292c11d1170b9839e1af2e5976d1858048740f79d790d8aed673a5a4,other,NA,NA,
run_005,revocation,revocation_1772961664,revoke-irs3-1772961664,revoke-irs3-1772961664,,revocation_submit_done,revocation_voted,2026-03-08T09:21:06.821546Z,2026-03-08T09:21:09.589406659Z,/var/lib/docker/volumes,d9b7785a06954372515977133a1213437b80c5db1517196ca5e26134d3413ccf,other,NA,NA,
run_005,revocation,revocation_1772961664,revoke-irs3-1772961664,revoke-irs3-1772961664,,revocation_submit_done,revocation_voted,2026-03-08T09:21:06.821546Z,2026-03-08T09:21:09.589406659Z,/var/lib/docker/volumes,e0eec01c85bd157680e466dd14073f2a433b51342ff770c3a292c984a51f226b,other,NA,NA,
run_005,revocation,revocation_1772961664,revoke-irs3-1772961664,revoke-irs3-1772961664,,revocation_submit_done,revocation_voted,2026-03-08T09:21:06.821546Z,2026-03-08T09:21:09.589406659Z,/var/lib/docker/volumes,fabric_orderer.kit.edu,orderer,130614518,130628986,14468
run_005,revocation,revocation_1772961664,revoke-irs3-1772961664,revoke-irs3-1772961664,,revocation_submit_done,revocation_voted,2026-03-08T09:21:06.821546Z,2026-03-08T09:21:09.589406659Z,/var/lib/docker/volumes,fabric_peer0.irs1.kit.edu,other,5006,5006,0
run_005,revocation,revocation_1772961664,revoke-irs3-1772961664,revoke-irs3-1772961664,,revocation_submit_done,revocation_voted,2026-03-08T09:21:06.821546Z,2026-03-08T09:21:09.589406659Z,/var/lib/docker/volumes,fabric_peer0.irs3.kit.edu,peer,29274126,29290704,16578
run_005,revocation,revocation_1772961664,revoke-irs3-1772961664,revoke-irs3-1772961664,,revocation_submit_done,revocation_voted,2026-03-08T09:21:06.821546Z,2026-03-08T09:21:09.589406659Z,/var/lib/docker/volumes,fabric_peer1.irs3.kit.edu,other,29272701,29289279,16578
run_005,revocation,revocation_1772961664,revoke-irs3-1772961664,revoke-irs3-1772961664,,revocation_submit_done,revocation_voted,2026-03-08T09:21:06.821546Z,2026-03-08T09:21:09.589406659Z,/var/lib/docker/volumes,fabric_peer2.irs3.kit.edu,other,29272698,29289276,16578
run_005,revocation,revocation_1772961664,revoke-irs3-1772961664,revoke-irs3-1772961664,,revocation_submit_done,revocation_voted,2026-03-08T09:21:06.821546Z,2026-03-08T09:21:09.589406659Z,/var/lib/docker/volumes,fabric_peer3.irs3.kit.edu,other,29274123,29290701,16578
run_005,revocation,revocation_1772961664,revoke-irs3-1772961664,revoke-irs3-1772961664,,revocation_voted,revocation_executed,2026-03-08T09:21:09.589406659Z,2026-03-08T09:21:11.836950041Z,/var/lib/docker/volumes,002a2c976d26a3f9c7eff06e2f9efe095908dd0ee21b2715cc202589b435aec2,other,NA,NA,
run_005,revocation,revocation_1772961664,revoke-irs3-1772961664,revoke-irs3-1772961664,,revocation_voted,revocation_executed,2026-03-08T09:21:09.589406659Z,2026-03-08T09:21:11.836950041Z,/var/lib/docker/volumes,35a02607c21ea95db05e7150f71e6e704f4d6479a4a76375ed8ec3cbfc5ec094,other,NA,NA,
run_005,revocation,revocation_1772961664,revoke-irs3-1772961664,revoke-irs3-1772961664,,revocation_voted,revocation_executed,2026-03-08T09:21:09.589406659Z,2026-03-08T09:21:11.836950041Z,/var/lib/docker/volumes,791e62bfc17bf044236c3dcb5d77ec82610b27aa4d5f3c78aff2e2842f98f9ee,other,NA,NA,
run_005,revocation,revocation_1772961664,revoke-irs3-1772961664,revoke-irs3-1772961664,,revocation_voted,revocation_executed,2026-03-08T09:21:09.589406659Z,2026-03-08T09:21:11.836950041Z,/var/lib/docker/volumes,91dbb4452b1c3709e842113c225d65a63eab07cdac1110f244a9dfbdddb57dbf,other,NA,NA,
run_005,revocation,revocation_1772961664,revoke-irs3-1772961664,revoke-irs3-1772961664,,revocation_voted,revocation_executed,2026-03-08T09:21:09.589406659Z,2026-03-08T09:21:11.836950041Z,/var/lib/docker/volumes,99ac8c723665556c954d288ca00335f1fae5493d384cb656ecf5a945cc9ae3b8,other,NA,NA,
run_005,revocation,revocation_1772961664,revoke-irs3-1772961664,revoke-irs3-1772961664,,revocation_voted,revocation_executed,2026-03-08T09:21:09.589406659Z,2026-03-08T09:21:11.836950041Z,/var/lib/docker/volumes,ab96d922f06ec7a94f1b5200e75e480c9ed7eba86fbbe33b5cb9edbe031c6ea8,other,49770,49770,0
run_005,revocation,revocation_1772961664,revoke-irs3-1772961664,revoke-irs3-1772961664,,revocation_voted,revocation_executed,2026-03-08T09:21:09.589406659Z,2026-03-08T09:21:11.836950041Z,/var/lib/docker/volumes,b8143ef8453ad18871b4b4e0ba6041764a2cda76bc6f516fa468de5fd6585e72,other,49770,49770,0
run_005,revocation,revocation_1772961664,revoke-irs3-1772961664,revoke-irs3-1772961664,,revocation_voted,revocation_executed,2026-03-08T09:21:09.589406659Z,2026-03-08T09:21:11.836950041Z,/var/lib/docker/volumes,ce313f18292c11d1170b9839e1af2e5976d1858048740f79d790d8aed673a5a4,other,NA,NA,
run_005,revocation,revocation_1772961664,revoke-irs3-1772961664,revoke-irs3-1772961664,,revocation_voted,revocation_executed,2026-03-08T09:21:09.589406659Z,2026-03-08T09:21:11.836950041Z,/var/lib/docker/volumes,d9b7785a06954372515977133a1213437b80c5db1517196ca5e26134d3413ccf,other,NA,NA,
run_005,revocation,revocation_1772961664,revoke-irs3-1772961664,revoke-irs3-1772961664,,revocation_voted,revocation_executed,2026-03-08T09:21:09.589406659Z,2026-03-08T09:21:11.836950041Z,/var/lib/docker/volumes,e0eec01c85bd157680e466dd14073f2a433b51342ff770c3a292c984a51f226b,other,NA,NA,
run_005,revocation,revocation_1772961664,revoke-irs3-1772961664,revoke-irs3-1772961664,,revocation_voted,revocation_executed,2026-03-08T09:21:09.589406659Z,2026-03-08T09:21:11.836950041Z,/var/lib/docker/volumes,fabric_orderer.kit.edu,orderer,130628986,130650071,21085
run_005,revocation,revocation_1772961664,revoke-irs3-1772961664,revoke-irs3-1772961664,,revocation_voted,revocation_executed,2026-03-08T09:21:09.589406659Z,2026-03-08T09:21:11.836950041Z,/var/lib/docker/volumes,fabric_peer0.irs1.kit.edu,other,5006,5006,0
run_005,revocation,revocation_1772961664,revoke-irs3-1772961664,revoke-irs3-1772961664,,revocation_voted,revocation_executed,2026-03-08T09:21:09.589406659Z,2026-03-08T09:21:11.836950041Z,/var/lib/docker/volumes,fabric_peer0.irs3.kit.edu,peer,29290704,29317459,26755
run_005,revocation,revocation_1772961664,revoke-irs3-1772961664,revoke-irs3-1772961664,,revocation_voted,revocation_executed,2026-03-08T09:21:09.589406659Z,2026-03-08T09:21:11.836950041Z,/var/lib/docker/volumes,fabric_peer1.irs3.kit.edu,other,29289279,29316034,26755
run_005,revocation,revocation_1772961664,revoke-irs3-1772961664,revoke-irs3-1772961664,,revocation_voted,revocation_executed,2026-03-08T09:21:09.589406659Z,2026-03-08T09:21:11.836950041Z,/var/lib/docker/volumes,fabric_peer2.irs3.kit.edu,other,29289276,29316031,26755
run_005,revocation,revocation_1772961664,revoke-irs3-1772961664,revoke-irs3-1772961664,,revocation_voted,revocation_executed,2026-03-08T09:21:09.589406659Z,2026-03-08T09:21:11.836950041Z,/var/lib/docker/volumes,fabric_peer3.irs3.kit.edu,other,29290701,29317456,26755
run_005,revocation,revocation_1772961664,revoke-irs3-1772961664,revoke-irs3-1772961664,,revocation_executed,operation_end,2026-03-08T09:21:11.836950041Z,2026-03-08T09:21:13.217355Z,/var/lib/docker/volumes,002a2c976d26a3f9c7eff06e2f9efe095908dd0ee21b2715cc202589b435aec2,other,NA,NA,
run_005,revocation,revocation_1772961664,revoke-irs3-1772961664,revoke-irs3-1772961664,,revocation_executed,operation_end,2026-03-08T09:21:11.836950041Z,2026-03-08T09:21:13.217355Z,/var/lib/docker/volumes,35a02607c21ea95db05e7150f71e6e704f4d6479a4a76375ed8ec3cbfc5ec094,other,NA,NA,
run_005,revocation,revocation_1772961664,revoke-irs3-1772961664,revoke-irs3-1772961664,,revocation_executed,operation_end,2026-03-08T09:21:11.836950041Z,2026-03-08T09:21:13.217355Z,/var/lib/docker/volumes,791e62bfc17bf044236c3dcb5d77ec82610b27aa4d5f3c78aff2e2842f98f9ee,other,NA,NA,
run_005,revocation,revocation_1772961664,revoke-irs3-1772961664,revoke-irs3-1772961664,,revocation_executed,operation_end,2026-03-08T09:21:11.836950041Z,2026-03-08T09:21:13.217355Z,/var/lib/docker/volumes,91dbb4452b1c3709e842113c225d65a63eab07cdac1110f244a9dfbdddb57dbf,other,NA,NA,
run_005,revocation,revocation_1772961664,revoke-irs3-1772961664,revoke-irs3-1772961664,,revocation_executed,operation_end,2026-03-08T09:21:11.836950041Z,2026-03-08T09:21:13.217355Z,/var/lib/docker/volumes,99ac8c723665556c954d288ca00335f1fae5493d384cb656ecf5a945cc9ae3b8,other,NA,NA,
run_005,revocation,revocation_1772961664,revoke-irs3-1772961664,revoke-irs3-1772961664,,revocation_executed,operation_end,2026-03-08T09:21:11.836950041Z,2026-03-08T09:21:13.217355Z,/var/lib/docker/volumes,ab96d922f06ec7a94f1b5200e75e480c9ed7eba86fbbe33b5cb9edbe031c6ea8,other,49770,49770,0
run_005,revocation,revocation_1772961664,revoke-irs3-1772961664,revoke-irs3-1772961664,,revocation_executed,operation_end,2026-03-08T09:21:11.836950041Z,2026-03-08T09:21:13.217355Z,/var/lib/docker/volumes,b8143ef8453ad18871b4b4e0ba6041764a2cda76bc6f516fa468de5fd6585e72,other,49770,49770,0
run_005,revocation,revocation_1772961664,revoke-irs3-1772961664,revoke-irs3-1772961664,,revocation_executed,operation_end,2026-03-08T09:21:11.836950041Z,2026-03-08T09:21:13.217355Z,/var/lib/docker/volumes,ce313f18292c11d1170b9839e1af2e5976d1858048740f79d790d8aed673a5a4,other,NA,NA,
run_005,revocation,revocation_1772961664,revoke-irs3-1772961664,revoke-irs3-1772961664,,revocation_executed,operation_end,2026-03-08T09:21:11.836950041Z,2026-03-08T09:21:13.217355Z,/var/lib/docker/volumes,d9b7785a06954372515977133a1213437b80c5db1517196ca5e26134d3413ccf,other,NA,NA,
run_005,revocation,revocation_1772961664,revoke-irs3-1772961664,revoke-irs3-1772961664,,revocation_executed,operation_end,2026-03-08T09:21:11.836950041Z,2026-03-08T09:21:13.217355Z,/var/lib/docker/volumes,e0eec01c85bd157680e466dd14073f2a433b51342ff770c3a292c984a51f226b,other,NA,NA,
run_005,revocation,revocation_1772961664,revoke-irs3-1772961664,revoke-irs3-1772961664,,revocation_executed,operation_end,2026-03-08T09:21:11.836950041Z,2026-03-08T09:21:13.217355Z,/var/lib/docker/volumes,fabric_orderer.kit.edu,orderer,130650071,130650071,0
run_005,revocation,revocation_1772961664,revoke-irs3-1772961664,revoke-irs3-1772961664,,revocation_executed,operation_end,2026-03-08T09:21:11.836950041Z,2026-03-08T09:21:13.217355Z,/var/lib/docker/volumes,fabric_peer0.irs1.kit.edu,other,5006,5006,0
run_005,revocation,revocation_1772961664,revoke-irs3-1772961664,revoke-irs3-1772961664,,revocation_executed,operation_end,2026-03-08T09:21:11.836950041Z,2026-03-08T09:21:13.217355Z,/var/lib/docker/volumes,fabric_peer0.irs3.kit.edu,peer,29317459,29317459,0
run_005,revocation,revocation_1772961664,revoke-irs3-1772961664,revoke-irs3-1772961664,,revocation_executed,operation_end,2026-03-08T09:21:11.836950041Z,2026-03-08T09:21:13.217355Z,/var/lib/docker/volumes,fabric_peer1.irs3.kit.edu,other,29316034,29316034,0
run_005,revocation,revocation_1772961664,revoke-irs3-1772961664,revoke-irs3-1772961664,,revocation_executed,operation_end,2026-03-08T09:21:11.836950041Z,2026-03-08T09:21:13.217355Z,/var/lib/docker/volumes,fabric_peer2.irs3.kit.edu,other,29316031,29316031,0
run_005,revocation,revocation_1772961664,revoke-irs3-1772961664,revoke-irs3-1772961664,,revocation_executed,operation_end,2026-03-08T09:21:11.836950041Z,2026-03-08T09:21:13.217355Z,/var/lib/docker/volumes,fabric_peer3.irs3.kit.edu,other,29317456,29317456,0
run_005,removal,removal_1772961691,remove-irs3-member1-1772961691,remove-irs3-member1-1772961691,12,operation_start,removal_submit_done,2026-03-08T09:21:31.491013Z,2026-03-08T09:21:33.858195Z,/var/lib/docker/volumes,002a2c976d26a3f9c7eff06e2f9efe095908dd0ee21b2715cc202589b435aec2,other,NA,NA,
run_005,removal,removal_1772961691,remove-irs3-member1-1772961691,remove-irs3-member1-1772961691,12,operation_start,removal_submit_done,2026-03-08T09:21:31.491013Z,2026-03-08T09:21:33.858195Z,/var/lib/docker/volumes,35a02607c21ea95db05e7150f71e6e704f4d6479a4a76375ed8ec3cbfc5ec094,other,NA,NA,
run_005,removal,removal_1772961691,remove-irs3-member1-1772961691,remove-irs3-member1-1772961691,12,operation_start,removal_submit_done,2026-03-08T09:21:31.491013Z,2026-03-08T09:21:33.858195Z,/var/lib/docker/volumes,791e62bfc17bf044236c3dcb5d77ec82610b27aa4d5f3c78aff2e2842f98f9ee,other,NA,NA,
run_005,removal,removal_1772961691,remove-irs3-member1-1772961691,remove-irs3-member1-1772961691,12,operation_start,removal_submit_done,2026-03-08T09:21:31.491013Z,2026-03-08T09:21:33.858195Z,/var/lib/docker/volumes,91dbb4452b1c3709e842113c225d65a63eab07cdac1110f244a9dfbdddb57dbf,other,NA,NA,
run_005,removal,removal_1772961691,remove-irs3-member1-1772961691,remove-irs3-member1-1772961691,12,operation_start,removal_submit_done,2026-03-08T09:21:31.491013Z,2026-03-08T09:21:33.858195Z,/var/lib/docker/volumes,99ac8c723665556c954d288ca00335f1fae5493d384cb656ecf5a945cc9ae3b8,other,NA,NA,
run_005,removal,removal_1772961691,remove-irs3-member1-1772961691,remove-irs3-member1-1772961691,12,operation_start,removal_submit_done,2026-03-08T09:21:31.491013Z,2026-03-08T09:21:33.858195Z,/var/lib/docker/volumes,ab96d922f06ec7a94f1b5200e75e480c9ed7eba86fbbe33b5cb9edbe031c6ea8,other,49770,49770,0
run_005,removal,removal_1772961691,remove-irs3-member1-1772961691,remove-irs3-member1-1772961691,12,operation_start,removal_submit_done,2026-03-08T09:21:31.491013Z,2026-03-08T09:21:33.858195Z,/var/lib/docker/volumes,b8143ef8453ad18871b4b4e0ba6041764a2cda76bc6f516fa468de5fd6585e72,other,49770,49770,0
run_005,removal,removal_1772961691,remove-irs3-member1-1772961691,remove-irs3-member1-1772961691,12,operation_start,removal_submit_done,2026-03-08T09:21:31.491013Z,2026-03-08T09:21:33.858195Z,/var/lib/docker/volumes,ce313f18292c11d1170b9839e1af2e5976d1858048740f79d790d8aed673a5a4,other,NA,NA,
run_005,removal,removal_1772961691,remove-irs3-member1-1772961691,remove-irs3-member1-1772961691,12,operation_start,removal_submit_done,2026-03-08T09:21:31.491013Z,2026-03-08T09:21:33.858195Z,/var/lib/docker/volumes,d9b7785a06954372515977133a1213437b80c5db1517196ca5e26134d3413ccf,other,NA,NA,
run_005,removal,removal_1772961691,remove-irs3-member1-1772961691,remove-irs3-member1-1772961691,12,operation_start,removal_submit_done,2026-03-08T09:21:31.491013Z,2026-03-08T09:21:33.858195Z,/var/lib/docker/volumes,e0eec01c85bd157680e466dd14073f2a433b51342ff770c3a292c984a51f226b,other,NA,NA,
run_005,removal,removal_1772961691,remove-irs3-member1-1772961691,remove-irs3-member1-1772961691,12,operation_start,removal_submit_done,2026-03-08T09:21:31.491013Z,2026-03-08T09:21:33.858195Z,/var/lib/docker/volumes,fabric_orderer.kit.edu,orderer,130650071,130658113,8042
run_005,removal,removal_1772961691,remove-irs3-member1-1772961691,remove-irs3-member1-1772961691,12,operation_start,removal_submit_done,2026-03-08T09:21:31.491013Z,2026-03-08T09:21:33.858195Z,/var/lib/docker/volumes,fabric_peer0.irs1.kit.edu,other,5006,5006,0
run_005,removal,removal_1772961691,remove-irs3-member1-1772961691,remove-irs3-member1-1772961691,12,operation_start,removal_submit_done,2026-03-08T09:21:31.491013Z,2026-03-08T09:21:33.858195Z,/var/lib/docker/volumes,fabric_peer0.irs3.kit.edu,peer,29317459,29326608,9149
run_005,removal,removal_1772961691,remove-irs3-member1-1772961691,remove-irs3-member1-1772961691,12,operation_start,removal_submit_done,2026-03-08T09:21:31.491013Z,2026-03-08T09:21:33.858195Z,/var/lib/docker/volumes,fabric_peer1.irs3.kit.edu,other,29316034,29325183,9149
run_005,removal,removal_1772961691,remove-irs3-member1-1772961691,remove-irs3-member1-1772961691,12,operation_start,removal_submit_done,2026-03-08T09:21:31.491013Z,2026-03-08T09:21:33.858195Z,/var/lib/docker/volumes,fabric_peer2.irs3.kit.edu,other,29316031,29325180,9149
run_005,removal,removal_1772961691,remove-irs3-member1-1772961691,remove-irs3-member1-1772961691,12,operation_start,removal_submit_done,2026-03-08T09:21:31.491013Z,2026-03-08T09:21:33.858195Z,/var/lib/docker/volumes,fabric_peer3.irs3.kit.edu,other,29317456,29326605,9149
run_005,removal,removal_1772961691,remove-irs3-member1-1772961691,remove-irs3-member1-1772961691,12,removal_submit_done,removal_voted,2026-03-08T09:21:33.858195Z,2026-03-08T09:21:36.552899625Z,/var/lib/docker/volumes,002a2c976d26a3f9c7eff06e2f9efe095908dd0ee21b2715cc202589b435aec2,other,NA,NA,
run_005,removal,removal_1772961691,remove-irs3-member1-1772961691,remove-irs3-member1-1772961691,12,removal_submit_done,removal_voted,2026-03-08T09:21:33.858195Z,2026-03-08T09:21:36.552899625Z,/var/lib/docker/volumes,35a02607c21ea95db05e7150f71e6e704f4d6479a4a76375ed8ec3cbfc5ec094,other,NA,NA,
run_005,removal,removal_1772961691,remove-irs3-member1-1772961691,remove-irs3-member1-1772961691,12,removal_submit_done,removal_voted,2026-03-08T09:21:33.858195Z,2026-03-08T09:21:36.552899625Z,/var/lib/docker/volumes,791e62bfc17bf044236c3dcb5d77ec82610b27aa4d5f3c78aff2e2842f98f9ee,other,NA,NA,
run_005,removal,removal_1772961691,remove-irs3-member1-1772961691,remove-irs3-member1-1772961691,12,removal_submit_done,removal_voted,2026-03-08T09:21:33.858195Z,2026-03-08T09:21:36.552899625Z,/var/lib/docker/volumes,91dbb4452b1c3709e842113c225d65a63eab07cdac1110f244a9dfbdddb57dbf,other,NA,NA,
run_005,removal,removal_1772961691,remove-irs3-member1-1772961691,remove-irs3-member1-1772961691,12,removal_submit_done,removal_voted,2026-03-08T09:21:33.858195Z,2026-03-08T09:21:36.552899625Z,/var/lib/docker/volumes,99ac8c723665556c954d288ca00335f1fae5493d384cb656ecf5a945cc9ae3b8,other,NA,NA,
run_005,removal,removal_1772961691,remove-irs3-member1-1772961691,remove-irs3-member1-1772961691,12,removal_submit_done,removal_voted,2026-03-08T09:21:33.858195Z,2026-03-08T09:21:36.552899625Z,/var/lib/docker/volumes,ab96d922f06ec7a94f1b5200e75e480c9ed7eba86fbbe33b5cb9edbe031c6ea8,other,49770,49770,0
run_005,removal,removal_1772961691,remove-irs3-member1-1772961691,remove-irs3-member1-1772961691,12,removal_submit_done,removal_voted,2026-03-08T09:21:33.858195Z,2026-03-08T09:21:36.552899625Z,/var/lib/docker/volumes,b8143ef8453ad18871b4b4e0ba6041764a2cda76bc6f516fa468de5fd6585e72,other,49770,49770,0
run_005,removal,removal_1772961691,remove-irs3-member1-1772961691,remove-irs3-member1-1772961691,12,removal_submit_done,removal_voted,2026-03-08T09:21:33.858195Z,2026-03-08T09:21:36.552899625Z,/var/lib/docker/volumes,ce313f18292c11d1170b9839e1af2e5976d1858048740f79d790d8aed673a5a4,other,NA,NA,
run_005,removal,removal_1772961691,remove-irs3-member1-1772961691,remove-irs3-member1-1772961691,12,removal_submit_done,removal_voted,2026-03-08T09:21:33.858195Z,2026-03-08T09:21:36.552899625Z,/var/lib/docker/volumes,d9b7785a06954372515977133a1213437b80c5db1517196ca5e26134d3413ccf,other,NA,NA,
run_005,removal,removal_1772961691,remove-irs3-member1-1772961691,remove-irs3-member1-1772961691,12,removal_submit_done,removal_voted,2026-03-08T09:21:33.858195Z,2026-03-08T09:21:36.552899625Z,/var/lib/docker/volumes,e0eec01c85bd157680e466dd14073f2a433b51342ff770c3a292c984a51f226b,other,NA,NA,
run_005,removal,removal_1772961691,remove-irs3-member1-1772961691,remove-irs3-member1-1772961691,12,removal_submit_done,removal_voted,2026-03-08T09:21:33.858195Z,2026-03-08T09:21:36.552899625Z,/var/lib/docker/volumes,fabric_orderer.kit.edu,orderer,130658113,130673298,15185
run_005,removal,removal_1772961691,remove-irs3-member1-1772961691,remove-irs3-member1-1772961691,12,removal_submit_done,removal_voted,2026-03-08T09:21:33.858195Z,2026-03-08T09:21:36.552899625Z,/var/lib/docker/volumes,fabric_peer0.irs1.kit.edu,other,5006,5006,0
run_005,removal,removal_1772961691,remove-irs3-member1-1772961691,remove-irs3-member1-1772961691,12,removal_submit_done,removal_voted,2026-03-08T09:21:33.858195Z,2026-03-08T09:21:36.552899625Z,/var/lib/docker/volumes,fabric_peer0.irs3.kit.edu,peer,29326608,29344014,17406
run_005,removal,removal_1772961691,remove-irs3-member1-1772961691,remove-irs3-member1-1772961691,12,removal_submit_done,removal_voted,2026-03-08T09:21:33.858195Z,2026-03-08T09:21:36.552899625Z,/var/lib/docker/volumes,fabric_peer1.irs3.kit.edu,other,29325183,29342589,17406
run_005,removal,removal_1772961691,remove-irs3-member1-1772961691,remove-irs3-member1-1772961691,12,removal_submit_done,removal_voted,2026-03-08T09:21:33.858195Z,2026-03-08T09:21:36.552899625Z,/var/lib/docker/volumes,fabric_peer2.irs3.kit.edu,other,29325180,29342586,17406
run_005,removal,removal_1772961691,remove-irs3-member1-1772961691,remove-irs3-member1-1772961691,12,removal_submit_done,removal_voted,2026-03-08T09:21:33.858195Z,2026-03-08T09:21:36.552899625Z,/var/lib/docker/volumes,fabric_peer3.irs3.kit.edu,other,29326605,29344011,17406
run_005,removal,removal_1772961691,remove-irs3-member1-1772961691,remove-irs3-member1-1772961691,12,removal_voted,removal_approved,2026-03-08T09:21:36.552899625Z,2026-03-08T09:21:38.971989022Z,/var/lib/docker/volumes,002a2c976d26a3f9c7eff06e2f9efe095908dd0ee21b2715cc202589b435aec2,other,NA,NA,
run_005,removal,removal_1772961691,remove-irs3-member1-1772961691,remove-irs3-member1-1772961691,12,removal_voted,removal_approved,2026-03-08T09:21:36.552899625Z,2026-03-08T09:21:38.971989022Z,/var/lib/docker/volumes,35a02607c21ea95db05e7150f71e6e704f4d6479a4a76375ed8ec3cbfc5ec094,other,NA,NA,
run_005,removal,removal_1772961691,remove-irs3-member1-1772961691,remove-irs3-member1-1772961691,12,removal_voted,removal_approved,2026-03-08T09:21:36.552899625Z,2026-03-08T09:21:38.971989022Z,/var/lib/docker/volumes,791e62bfc17bf044236c3dcb5d77ec82610b27aa4d5f3c78aff2e2842f98f9ee,other,NA,NA,
run_005,removal,removal_1772961691,remove-irs3-member1-1772961691,remove-irs3-member1-1772961691,12,removal_voted,removal_approved,2026-03-08T09:21:36.552899625Z,2026-03-08T09:21:38.971989022Z,/var/lib/docker/volumes,91dbb4452b1c3709e842113c225d65a63eab07cdac1110f244a9dfbdddb57dbf,other,NA,NA,
run_005,removal,removal_1772961691,remove-irs3-member1-1772961691,remove-irs3-member1-1772961691,12,removal_voted,removal_approved,2026-03-08T09:21:36.552899625Z,2026-03-08T09:21:38.971989022Z,/var/lib/docker/volumes,99ac8c723665556c954d288ca00335f1fae5493d384cb656ecf5a945cc9ae3b8,other,NA,NA,
run_005,removal,removal_1772961691,remove-irs3-member1-1772961691,remove-irs3-member1-1772961691,12,removal_voted,removal_approved,2026-03-08T09:21:36.552899625Z,2026-03-08T09:21:38.971989022Z,/var/lib/docker/volumes,ab96d922f06ec7a94f1b5200e75e480c9ed7eba86fbbe33b5cb9edbe031c6ea8,other,49770,49770,0
run_005,removal,removal_1772961691,remove-irs3-member1-1772961691,remove-irs3-member1-1772961691,12,removal_voted,removal_approved,2026-03-08T09:21:36.552899625Z,2026-03-08T09:21:38.971989022Z,/var/lib/docker/volumes,b8143ef8453ad18871b4b4e0ba6041764a2cda76bc6f516fa468de5fd6585e72,other,49770,49770,0
run_005,removal,removal_1772961691,remove-irs3-member1-1772961691,remove-irs3-member1-1772961691,12,removal_voted,removal_approved,2026-03-08T09:21:36.552899625Z,2026-03-08T09:21:38.971989022Z,/var/lib/docker/volumes,ce313f18292c11d1170b9839e1af2e5976d1858048740f79d790d8aed673a5a4,other,NA,NA,
run_005,removal,removal_1772961691,remove-irs3-member1-1772961691,remove-irs3-member1-1772961691,12,removal_voted,removal_approved,2026-03-08T09:21:36.552899625Z,2026-03-08T09:21:38.971989022Z,/var/lib/docker/volumes,d9b7785a06954372515977133a1213437b80c5db1517196ca5e26134d3413ccf,other,NA,NA,
run_005,removal,removal_1772961691,remove-irs3-member1-1772961691,remove-irs3-member1-1772961691,12,removal_voted,removal_approved,2026-03-08T09:21:36.552899625Z,2026-03-08T09:21:38.971989022Z,/var/lib/docker/volumes,e0eec01c85bd157680e466dd14073f2a433b51342ff770c3a292c984a51f226b,other,NA,NA,
run_005,removal,removal_1772961691,remove-irs3-member1-1772961691,remove-irs3-member1-1772961691,12,removal_voted,removal_approved,2026-03-08T09:21:36.552899625Z,2026-03-08T09:21:38.971989022Z,/var/lib/docker/volumes,fabric_orderer.kit.edu,orderer,130673298,130692503,19205
run_005,removal,removal_1772961691,remove-irs3-member1-1772961691,remove-irs3-member1-1772961691,12,removal_voted,removal_approved,2026-03-08T09:21:36.552899625Z,2026-03-08T09:21:38.971989022Z,/var/lib/docker/volumes,fabric_peer0.irs1.kit.edu,other,5006,5006,0
run_005,removal,removal_1772961691,remove-irs3-member1-1772961691,remove-irs3-member1-1772961691,12,removal_voted,removal_approved,2026-03-08T09:21:36.552899625Z,2026-03-08T09:21:38.971989022Z,/var/lib/docker/volumes,fabric_peer0.irs3.kit.edu,peer,29344014,29367811,23797
run_005,removal,removal_1772961691,remove-irs3-member1-1772961691,remove-irs3-member1-1772961691,12,removal_voted,removal_approved,2026-03-08T09:21:36.552899625Z,2026-03-08T09:21:38.971989022Z,/var/lib/docker/volumes,fabric_peer1.irs3.kit.edu,other,29342589,29366386,23797
run_005,removal,removal_1772961691,remove-irs3-member1-1772961691,remove-irs3-member1-1772961691,12,removal_voted,removal_approved,2026-03-08T09:21:36.552899625Z,2026-03-08T09:21:38.971989022Z,/var/lib/docker/volumes,fabric_peer2.irs3.kit.edu,other,29342586,29366383,23797
run_005,removal,removal_1772961691,remove-irs3-member1-1772961691,remove-irs3-member1-1772961691,12,removal_voted,removal_approved,2026-03-08T09:21:36.552899625Z,2026-03-08T09:21:38.971989022Z,/var/lib/docker/volumes,fabric_peer3.irs3.kit.edu,other,29344011,29367808,23797
run_005,removal,removal_1772961691,remove-irs3-member1-1772961691,remove-irs3-member1-1772961691,12,removal_approved,reshare_started,2026-03-08T09:21:38.971989022Z,2026-03-08T09:21:40.241884Z,/var/lib/docker/volumes,002a2c976d26a3f9c7eff06e2f9efe095908dd0ee21b2715cc202589b435aec2,other,NA,NA,
run_005,removal,removal_1772961691,remove-irs3-member1-1772961691,remove-irs3-member1-1772961691,12,removal_approved,reshare_started,2026-03-08T09:21:38.971989022Z,2026-03-08T09:21:40.241884Z,/var/lib/docker/volumes,35a02607c21ea95db05e7150f71e6e704f4d6479a4a76375ed8ec3cbfc5ec094,other,NA,NA,
run_005,removal,removal_1772961691,remove-irs3-member1-1772961691,remove-irs3-member1-1772961691,12,removal_approved,reshare_started,2026-03-08T09:21:38.971989022Z,2026-03-08T09:21:40.241884Z,/var/lib/docker/volumes,791e62bfc17bf044236c3dcb5d77ec82610b27aa4d5f3c78aff2e2842f98f9ee,other,NA,NA,
run_005,removal,removal_1772961691,remove-irs3-member1-1772961691,remove-irs3-member1-1772961691,12,removal_approved,reshare_started,2026-03-08T09:21:38.971989022Z,2026-03-08T09:21:40.241884Z,/var/lib/docker/volumes,91dbb4452b1c3709e842113c225d65a63eab07cdac1110f244a9dfbdddb57dbf,other,NA,NA,
run_005,removal,removal_1772961691,remove-irs3-member1-1772961691,remove-irs3-member1-1772961691,12,removal_approved,reshare_started,2026-03-08T09:21:38.971989022Z,2026-03-08T09:21:40.241884Z,/var/lib/docker/volumes,99ac8c723665556c954d288ca00335f1fae5493d384cb656ecf5a945cc9ae3b8,other,NA,NA,
run_005,removal,removal_1772961691,remove-irs3-member1-1772961691,remove-irs3-member1-1772961691,12,removal_approved,reshare_started,2026-03-08T09:21:38.971989022Z,2026-03-08T09:21:40.241884Z,/var/lib/docker/volumes,ab96d922f06ec7a94f1b5200e75e480c9ed7eba86fbbe33b5cb9edbe031c6ea8,other,49770,49770,0
run_005,removal,removal_1772961691,remove-irs3-member1-1772961691,remove-irs3-member1-1772961691,12,removal_approved,reshare_started,2026-03-08T09:21:38.971989022Z,2026-03-08T09:21:40.241884Z,/var/lib/docker/volumes,b8143ef8453ad18871b4b4e0ba6041764a2cda76bc6f516fa468de5fd6585e72,other,49770,49770,0
run_005,removal,removal_1772961691,remove-irs3-member1-1772961691,remove-irs3-member1-1772961691,12,removal_approved,reshare_started,2026-03-08T09:21:38.971989022Z,2026-03-08T09:21:40.241884Z,/var/lib/docker/volumes,ce313f18292c11d1170b9839e1af2e5976d1858048740f79d790d8aed673a5a4,other,NA,NA,
run_005,removal,removal_1772961691,remove-irs3-member1-1772961691,remove-irs3-member1-1772961691,12,removal_approved,reshare_started,2026-03-08T09:21:38.971989022Z,2026-03-08T09:21:40.241884Z,/var/lib/docker/volumes,d9b7785a06954372515977133a1213437b80c5db1517196ca5e26134d3413ccf,other,NA,NA,
run_005,removal,removal_1772961691,remove-irs3-member1-1772961691,remove-irs3-member1-1772961691,12,removal_approved,reshare_started,2026-03-08T09:21:38.971989022Z,2026-03-08T09:21:40.241884Z,/var/lib/docker/volumes,e0eec01c85bd157680e466dd14073f2a433b51342ff770c3a292c984a51f226b,other,NA,NA,
run_005,removal,removal_1772961691,remove-irs3-member1-1772961691,remove-irs3-member1-1772961691,12,removal_approved,reshare_started,2026-03-08T09:21:38.971989022Z,2026-03-08T09:21:40.241884Z,/var/lib/docker/volumes,fabric_orderer.kit.edu,orderer,130692503,130692503,0
run_005,removal,removal_1772961691,remove-irs3-member1-1772961691,remove-irs3-member1-1772961691,12,removal_approved,reshare_started,2026-03-08T09:21:38.971989022Z,2026-03-08T09:21:40.241884Z,/var/lib/docker/volumes,fabric_peer0.irs1.kit.edu,other,5006,5006,0
run_005,removal,removal_1772961691,remove-irs3-member1-1772961691,remove-irs3-member1-1772961691,12,removal_approved,reshare_started,2026-03-08T09:21:38.971989022Z,2026-03-08T09:21:40.241884Z,/var/lib/docker/volumes,fabric_peer0.irs3.kit.edu,peer,29367811,29367811,0
run_005,removal,removal_1772961691,remove-irs3-member1-1772961691,remove-irs3-member1-1772961691,12,removal_approved,reshare_started,2026-03-08T09:21:38.971989022Z,2026-03-08T09:21:40.241884Z,/var/lib/docker/volumes,fabric_peer1.irs3.kit.edu,other,29366386,29366386,0
run_005,removal,removal_1772961691,remove-irs3-member1-1772961691,remove-irs3-member1-1772961691,12,removal_approved,reshare_started,2026-03-08T09:21:38.971989022Z,2026-03-08T09:21:40.241884Z,/var/lib/docker/volumes,fabric_peer2.irs3.kit.edu,other,29366383,29366383,0
run_005,removal,removal_1772961691,remove-irs3-member1-1772961691,remove-irs3-member1-1772961691,12,removal_approved,reshare_started,2026-03-08T09:21:38.971989022Z,2026-03-08T09:21:40.241884Z,/var/lib/docker/volumes,fabric_peer3.irs3.kit.edu,other,29367808,29367808,0
run_005,removal,removal_1772961691,remove-irs3-member1-1772961691,remove-irs3-member1-1772961691,12,reshare_started,reshare_completed,2026-03-08T09:21:40.241884Z,2026-03-08T09:22:02.297052477Z,/var/lib/docker/volumes,002a2c976d26a3f9c7eff06e2f9efe095908dd0ee21b2715cc202589b435aec2,other,NA,NA,
run_005,removal,removal_1772961691,remove-irs3-member1-1772961691,remove-irs3-member1-1772961691,12,reshare_started,reshare_completed,2026-03-08T09:21:40.241884Z,2026-03-08T09:22:02.297052477Z,/var/lib/docker/volumes,35a02607c21ea95db05e7150f71e6e704f4d6479a4a76375ed8ec3cbfc5ec094,other,NA,NA,
run_005,removal,removal_1772961691,remove-irs3-member1-1772961691,remove-irs3-member1-1772961691,12,reshare_started,reshare_completed,2026-03-08T09:21:40.241884Z,2026-03-08T09:22:02.297052477Z,/var/lib/docker/volumes,791e62bfc17bf044236c3dcb5d77ec82610b27aa4d5f3c78aff2e2842f98f9ee,other,NA,NA,
run_005,removal,removal_1772961691,remove-irs3-member1-1772961691,remove-irs3-member1-1772961691,12,reshare_started,reshare_completed,2026-03-08T09:21:40.241884Z,2026-03-08T09:22:02.297052477Z,/var/lib/docker/volumes,91dbb4452b1c3709e842113c225d65a63eab07cdac1110f244a9dfbdddb57dbf,other,NA,NA,
run_005,removal,removal_1772961691,remove-irs3-member1-1772961691,remove-irs3-member1-1772961691,12,reshare_started,reshare_completed,2026-03-08T09:21:40.241884Z,2026-03-08T09:22:02.297052477Z,/var/lib/docker/volumes,99ac8c723665556c954d288ca00335f1fae5493d384cb656ecf5a945cc9ae3b8,other,NA,NA,
run_005,removal,removal_1772961691,remove-irs3-member1-1772961691,remove-irs3-member1-1772961691,12,reshare_started,reshare_completed,2026-03-08T09:21:40.241884Z,2026-03-08T09:22:02.297052477Z,/var/lib/docker/volumes,ab96d922f06ec7a94f1b5200e75e480c9ed7eba86fbbe33b5cb9edbe031c6ea8,other,49770,49770,0
run_005,removal,removal_1772961691,remove-irs3-member1-1772961691,remove-irs3-member1-1772961691,12,reshare_started,reshare_completed,2026-03-08T09:21:40.241884Z,2026-03-08T09:22:02.297052477Z,/var/lib/docker/volumes,b8143ef8453ad18871b4b4e0ba6041764a2cda76bc6f516fa468de5fd6585e72,other,49770,49770,0
run_005,removal,removal_1772961691,remove-irs3-member1-1772961691,remove-irs3-member1-1772961691,12,reshare_started,reshare_completed,2026-03-08T09:21:40.241884Z,2026-03-08T09:22:02.297052477Z,/var/lib/docker/volumes,ce313f18292c11d1170b9839e1af2e5976d1858048740f79d790d8aed673a5a4,other,NA,NA,
run_005,removal,removal_1772961691,remove-irs3-member1-1772961691,remove-irs3-member1-1772961691,12,reshare_started,reshare_completed,2026-03-08T09:21:40.241884Z,2026-03-08T09:22:02.297052477Z,/var/lib/docker/volumes,d9b7785a06954372515977133a1213437b80c5db1517196ca5e26134d3413ccf,other,NA,NA,
run_005,removal,removal_1772961691,remove-irs3-member1-1772961691,remove-irs3-member1-1772961691,12,reshare_started,reshare_completed,2026-03-08T09:21:40.241884Z,2026-03-08T09:22:02.297052477Z,/var/lib/docker/volumes,e0eec01c85bd157680e466dd14073f2a433b51342ff770c3a292c984a51f226b,other,NA,NA,
run_005,removal,removal_1772961691,remove-irs3-member1-1772961691,remove-irs3-member1-1772961691,12,reshare_started,reshare_completed,2026-03-08T09:21:40.241884Z,2026-03-08T09:22:02.297052477Z,/var/lib/docker/volumes,fabric_orderer.kit.edu,orderer,130692503,130744020,51517
run_005,removal,removal_1772961691,remove-irs3-member1-1772961691,remove-irs3-member1-1772961691,12,reshare_started,reshare_completed,2026-03-08T09:21:40.241884Z,2026-03-08T09:22:02.297052477Z,/var/lib/docker/volumes,fabric_peer0.irs1.kit.edu,other,5006,5006,0
run_005,removal,removal_1772961691,remove-irs3-member1-1772961691,remove-irs3-member1-1772961691,12,reshare_started,reshare_completed,2026-03-08T09:21:40.241884Z,2026-03-08T09:22:02.297052477Z,/var/lib/docker/volumes,fabric_peer0.irs3.kit.edu,peer,29367811,29429149,61338
run_005,removal,removal_1772961691,remove-irs3-member1-1772961691,remove-irs3-member1-1772961691,12,reshare_started,reshare_completed,2026-03-08T09:21:40.241884Z,2026-03-08T09:22:02.297052477Z,/var/lib/docker/volumes,fabric_peer1.irs3.kit.edu,other,29366386,29427724,61338
run_005,removal,removal_1772961691,remove-irs3-member1-1772961691,remove-irs3-member1-1772961691,12,reshare_started,reshare_completed,2026-03-08T09:21:40.241884Z,2026-03-08T09:22:02.297052477Z,/var/lib/docker/volumes,fabric_peer2.irs3.kit.edu,other,29366383,29427721,61338
run_005,removal,removal_1772961691,remove-irs3-member1-1772961691,remove-irs3-member1-1772961691,12,reshare_started,reshare_completed,2026-03-08T09:21:40.241884Z,2026-03-08T09:22:02.297052477Z,/var/lib/docker/volumes,fabric_peer3.irs3.kit.edu,other,29367808,29429146,61338
run_005,removal,removal_1772961691,remove-irs3-member1-1772961691,remove-irs3-member1-1772961691,12,reshare_completed,operation_end,2026-03-08T09:22:02.297052477Z,2026-03-08T09:22:02.654919Z,/var/lib/docker/volumes,002a2c976d26a3f9c7eff06e2f9efe095908dd0ee21b2715cc202589b435aec2,other,NA,NA,
run_005,removal,removal_1772961691,remove-irs3-member1-1772961691,remove-irs3-member1-1772961691,12,reshare_completed,operation_end,2026-03-08T09:22:02.297052477Z,2026-03-08T09:22:02.654919Z,/var/lib/docker/volumes,35a02607c21ea95db05e7150f71e6e704f4d6479a4a76375ed8ec3cbfc5ec094,other,NA,NA,
run_005,removal,removal_1772961691,remove-irs3-member1-1772961691,remove-irs3-member1-1772961691,12,reshare_completed,operation_end,2026-03-08T09:22:02.297052477Z,2026-03-08T09:22:02.654919Z,/var/lib/docker/volumes,791e62bfc17bf044236c3dcb5d77ec82610b27aa4d5f3c78aff2e2842f98f9ee,other,NA,NA,
run_005,removal,removal_1772961691,remove-irs3-member1-1772961691,remove-irs3-member1-1772961691,12,reshare_completed,operation_end,2026-03-08T09:22:02.297052477Z,2026-03-08T09:22:02.654919Z,/var/lib/docker/volumes,91dbb4452b1c3709e842113c225d65a63eab07cdac1110f244a9dfbdddb57dbf,other,NA,NA,
run_005,removal,removal_1772961691,remove-irs3-member1-1772961691,remove-irs3-member1-1772961691,12,reshare_completed,operation_end,2026-03-08T09:22:02.297052477Z,2026-03-08T09:22:02.654919Z,/var/lib/docker/volumes,99ac8c723665556c954d288ca00335f1fae5493d384cb656ecf5a945cc9ae3b8,other,NA,NA,
run_005,removal,removal_1772961691,remove-irs3-member1-1772961691,remove-irs3-member1-1772961691,12,reshare_completed,operation_end,2026-03-08T09:22:02.297052477Z,2026-03-08T09:22:02.654919Z,/var/lib/docker/volumes,ab96d922f06ec7a94f1b5200e75e480c9ed7eba86fbbe33b5cb9edbe031c6ea8,other,49770,49770,0
run_005,removal,removal_1772961691,remove-irs3-member1-1772961691,remove-irs3-member1-1772961691,12,reshare_completed,operation_end,2026-03-08T09:22:02.297052477Z,2026-03-08T09:22:02.654919Z,/var/lib/docker/volumes,b8143ef8453ad18871b4b4e0ba6041764a2cda76bc6f516fa468de5fd6585e72,other,49770,49770,0
run_005,removal,removal_1772961691,remove-irs3-member1-1772961691,remove-irs3-member1-1772961691,12,reshare_completed,operation_end,2026-03-08T09:22:02.297052477Z,2026-03-08T09:22:02.654919Z,/var/lib/docker/volumes,ce313f18292c11d1170b9839e1af2e5976d1858048740f79d790d8aed673a5a4,other,NA,NA,
run_005,removal,removal_1772961691,remove-irs3-member1-1772961691,remove-irs3-member1-1772961691,12,reshare_completed,operation_end,2026-03-08T09:22:02.297052477Z,2026-03-08T09:22:02.654919Z,/var/lib/docker/volumes,d9b7785a06954372515977133a1213437b80c5db1517196ca5e26134d3413ccf,other,NA,NA,
run_005,removal,removal_1772961691,remove-irs3-member1-1772961691,remove-irs3-member1-1772961691,12,reshare_completed,operation_end,2026-03-08T09:22:02.297052477Z,2026-03-08T09:22:02.654919Z,/var/lib/docker/volumes,e0eec01c85bd157680e466dd14073f2a433b51342ff770c3a292c984a51f226b,other,NA,NA,
run_005,removal,removal_1772961691,remove-irs3-member1-1772961691,remove-irs3-member1-1772961691,12,reshare_completed,operation_end,2026-03-08T09:22:02.297052477Z,2026-03-08T09:22:02.654919Z,/var/lib/docker/volumes,fabric_orderer.kit.edu,orderer,130744020,130744020,0
run_005,removal,removal_1772961691,remove-irs3-member1-1772961691,remove-irs3-member1-1772961691,12,reshare_completed,operation_end,2026-03-08T09:22:02.297052477Z,2026-03-08T09:22:02.654919Z,/var/lib/docker/volumes,fabric_peer0.irs1.kit.edu,other,5006,5006,0
run_005,removal,removal_1772961691,remove-irs3-member1-1772961691,remove-irs3-member1-1772961691,12,reshare_completed,operation_end,2026-03-08T09:22:02.297052477Z,2026-03-08T09:22:02.654919Z,/var/lib/docker/volumes,fabric_peer0.irs3.kit.edu,peer,29429149,29429149,0
run_005,removal,removal_1772961691,remove-irs3-member1-1772961691,remove-irs3-member1-1772961691,12,reshare_completed,operation_end,2026-03-08T09:22:02.297052477Z,2026-03-08T09:22:02.654919Z,/var/lib/docker/volumes,fabric_peer1.irs3.kit.edu,other,29427724,29427724,0
run_005,removal,removal_1772961691,remove-irs3-member1-1772961691,remove-irs3-member1-1772961691,12,reshare_completed,operation_end,2026-03-08T09:22:02.297052477Z,2026-03-08T09:22:02.654919Z,/var/lib/docker/volumes,fabric_peer2.irs3.kit.edu,other,29427721,29427721,0
run_005,removal,removal_1772961691,remove-irs3-member1-1772961691,remove-irs3-member1-1772961691,12,reshare_completed,operation_end,2026-03-08T09:22:02.297052477Z,2026-03-08T09:22:02.654919Z,/var/lib/docker/volumes,fabric_peer3.irs3.kit.edu,other,29429146,29429146,0
run_005,join,join_1772961740,join-irs3-1772961741,join-irs3-1772961741,13,operation_start,join_submit_done,2026-03-08T09:22:20.893973Z,2026-03-08T09:22:23.243381Z,/var/lib/docker/volumes,002a2c976d26a3f9c7eff06e2f9efe095908dd0ee21b2715cc202589b435aec2,other,NA,NA,
run_005,join,join_1772961740,join-irs3-1772961741,join-irs3-1772961741,13,operation_start,join_submit_done,2026-03-08T09:22:20.893973Z,2026-03-08T09:22:23.243381Z,/var/lib/docker/volumes,35a02607c21ea95db05e7150f71e6e704f4d6479a4a76375ed8ec3cbfc5ec094,other,NA,NA,
run_005,join,join_1772961740,join-irs3-1772961741,join-irs3-1772961741,13,operation_start,join_submit_done,2026-03-08T09:22:20.893973Z,2026-03-08T09:22:23.243381Z,/var/lib/docker/volumes,791e62bfc17bf044236c3dcb5d77ec82610b27aa4d5f3c78aff2e2842f98f9ee,other,NA,NA,
run_005,join,join_1772961740,join-irs3-1772961741,join-irs3-1772961741,13,operation_start,join_submit_done,2026-03-08T09:22:20.893973Z,2026-03-08T09:22:23.243381Z,/var/lib/docker/volumes,91dbb4452b1c3709e842113c225d65a63eab07cdac1110f244a9dfbdddb57dbf,other,NA,NA,
run_005,join,join_1772961740,join-irs3-1772961741,join-irs3-1772961741,13,operation_start,join_submit_done,2026-03-08T09:22:20.893973Z,2026-03-08T09:22:23.243381Z,/var/lib/docker/volumes,99ac8c723665556c954d288ca00335f1fae5493d384cb656ecf5a945cc9ae3b8,other,NA,NA,
run_005,join,join_1772961740,join-irs3-1772961741,join-irs3-1772961741,13,operation_start,join_submit_done,2026-03-08T09:22:20.893973Z,2026-03-08T09:22:23.243381Z,/var/lib/docker/volumes,ab96d922f06ec7a94f1b5200e75e480c9ed7eba86fbbe33b5cb9edbe031c6ea8,other,49770,49770,0
run_005,join,join_1772961740,join-irs3-1772961741,join-irs3-1772961741,13,operation_start,join_submit_done,2026-03-08T09:22:20.893973Z,2026-03-08T09:22:23.243381Z,/var/lib/docker/volumes,b8143ef8453ad18871b4b4e0ba6041764a2cda76bc6f516fa468de5fd6585e72,other,49770,49770,0
run_005,join,join_1772961740,join-irs3-1772961741,join-irs3-1772961741,13,operation_start,join_submit_done,2026-03-08T09:22:20.893973Z,2026-03-08T09:22:23.243381Z,/var/lib/docker/volumes,ce313f18292c11d1170b9839e1af2e5976d1858048740f79d790d8aed673a5a4,other,NA,NA,
run_005,join,join_1772961740,join-irs3-1772961741,join-irs3-1772961741,13,operation_start,join_submit_done,2026-03-08T09:22:20.893973Z,2026-03-08T09:22:23.243381Z,/var/lib/docker/volumes,d9b7785a06954372515977133a1213437b80c5db1517196ca5e26134d3413ccf,other,NA,NA,
run_005,join,join_1772961740,join-irs3-1772961741,join-irs3-1772961741,13,operation_start,join_submit_done,2026-03-08T09:22:20.893973Z,2026-03-08T09:22:23.243381Z,/var/lib/docker/volumes,e0eec01c85bd157680e466dd14073f2a433b51342ff770c3a292c984a51f226b,other,NA,NA,
run_005,join,join_1772961740,join-irs3-1772961741,join-irs3-1772961741,13,operation_start,join_submit_done,2026-03-08T09:22:20.893973Z,2026-03-08T09:22:23.243381Z,/var/lib/docker/volumes,fabric_orderer.kit.edu,orderer,130744020,130752486,8466
run_005,join,join_1772961740,join-irs3-1772961741,join-irs3-1772961741,13,operation_start,join_submit_done,2026-03-08T09:22:20.893973Z,2026-03-08T09:22:23.243381Z,/var/lib/docker/volumes,fabric_peer0.irs1.kit.edu,other,5006,5006,0
run_005,join,join_1772961740,join-irs3-1772961741,join-irs3-1772961741,13,operation_start,join_submit_done,2026-03-08T09:22:20.893973Z,2026-03-08T09:22:23.243381Z,/var/lib/docker/volumes,fabric_peer0.irs3.kit.edu,peer,29429149,29439504,10355
run_005,join,join_1772961740,join-irs3-1772961741,join-irs3-1772961741,13,operation_start,join_submit_done,2026-03-08T09:22:20.893973Z,2026-03-08T09:22:23.243381Z,/var/lib/docker/volumes,fabric_peer1.irs3.kit.edu,other,29427724,29438079,10355
run_005,join,join_1772961740,join-irs3-1772961741,join-irs3-1772961741,13,operation_start,join_submit_done,2026-03-08T09:22:20.893973Z,2026-03-08T09:22:23.243381Z,/var/lib/docker/volumes,fabric_peer2.irs3.kit.edu,other,29427721,29438076,10355
run_005,join,join_1772961740,join-irs3-1772961741,join-irs3-1772961741,13,operation_start,join_submit_done,2026-03-08T09:22:20.893973Z,2026-03-08T09:22:23.243381Z,/var/lib/docker/volumes,fabric_peer3.irs3.kit.edu,other,29429146,29439501,10355
run_005,join,join_1772961740,join-irs3-1772961741,join-irs3-1772961741,13,join_submit_done,join_voted,2026-03-08T09:22:23.243381Z,2026-03-08T09:22:26.553371593Z,/var/lib/docker/volumes,002a2c976d26a3f9c7eff06e2f9efe095908dd0ee21b2715cc202589b435aec2,other,NA,NA,
run_005,join,join_1772961740,join-irs3-1772961741,join-irs3-1772961741,13,join_submit_done,join_voted,2026-03-08T09:22:23.243381Z,2026-03-08T09:22:26.553371593Z,/var/lib/docker/volumes,35a02607c21ea95db05e7150f71e6e704f4d6479a4a76375ed8ec3cbfc5ec094,other,NA,NA,
run_005,join,join_1772961740,join-irs3-1772961741,join-irs3-1772961741,13,join_submit_done,join_voted,2026-03-08T09:22:23.243381Z,2026-03-08T09:22:26.553371593Z,/var/lib/docker/volumes,791e62bfc17bf044236c3dcb5d77ec82610b27aa4d5f3c78aff2e2842f98f9ee,other,NA,NA,
run_005,join,join_1772961740,join-irs3-1772961741,join-irs3-1772961741,13,join_submit_done,join_voted,2026-03-08T09:22:23.243381Z,2026-03-08T09:22:26.553371593Z,/var/lib/docker/volumes,91dbb4452b1c3709e842113c225d65a63eab07cdac1110f244a9dfbdddb57dbf,other,NA,NA,
run_005,join,join_1772961740,join-irs3-1772961741,join-irs3-1772961741,13,join_submit_done,join_voted,2026-03-08T09:22:23.243381Z,2026-03-08T09:22:26.553371593Z,/var/lib/docker/volumes,99ac8c723665556c954d288ca00335f1fae5493d384cb656ecf5a945cc9ae3b8,other,NA,NA,
run_005,join,join_1772961740,join-irs3-1772961741,join-irs3-1772961741,13,join_submit_done,join_voted,2026-03-08T09:22:23.243381Z,2026-03-08T09:22:26.553371593Z,/var/lib/docker/volumes,ab96d922f06ec7a94f1b5200e75e480c9ed7eba86fbbe33b5cb9edbe031c6ea8,other,49770,49770,0
run_005,join,join_1772961740,join-irs3-1772961741,join-irs3-1772961741,13,join_submit_done,join_voted,2026-03-08T09:22:23.243381Z,2026-03-08T09:22:26.553371593Z,/var/lib/docker/volumes,b8143ef8453ad18871b4b4e0ba6041764a2cda76bc6f516fa468de5fd6585e72,other,49770,49770,0
run_005,join,join_1772961740,join-irs3-1772961741,join-irs3-1772961741,13,join_submit_done,join_voted,2026-03-08T09:22:23.243381Z,2026-03-08T09:22:26.553371593Z,/var/lib/docker/volumes,ce313f18292c11d1170b9839e1af2e5976d1858048740f79d790d8aed673a5a4,other,NA,NA,
run_005,join,join_1772961740,join-irs3-1772961741,join-irs3-1772961741,13,join_submit_done,join_voted,2026-03-08T09:22:23.243381Z,2026-03-08T09:22:26.553371593Z,/var/lib/docker/volumes,d9b7785a06954372515977133a1213437b80c5db1517196ca5e26134d3413ccf,other,NA,NA,
run_005,join,join_1772961740,join-irs3-1772961741,join-irs3-1772961741,13,join_submit_done,join_voted,2026-03-08T09:22:23.243381Z,2026-03-08T09:22:26.553371593Z,/var/lib/docker/volumes,e0eec01c85bd157680e466dd14073f2a433b51342ff770c3a292c984a51f226b,other,NA,NA,
run_005,join,join_1772961740,join-irs3-1772961741,join-irs3-1772961741,13,join_submit_done,join_voted,2026-03-08T09:22:23.243381Z,2026-03-08T09:22:26.553371593Z,/var/lib/docker/volumes,fabric_orderer.kit.edu,orderer,130752486,130769142,16656
run_005,join,join_1772961740,join-irs3-1772961741,join-irs3-1772961741,13,join_submit_done,join_voted,2026-03-08T09:22:23.243381Z,2026-03-08T09:22:26.553371593Z,/var/lib/docker/volumes,fabric_peer0.irs1.kit.edu,other,5006,5006,0
run_005,join,join_1772961740,join-irs3-1772961741,join-irs3-1772961741,13,join_submit_done,join_voted,2026-03-08T09:22:23.243381Z,2026-03-08T09:22:26.553371593Z,/var/lib/docker/volumes,fabric_peer0.irs3.kit.edu,peer,29439504,29459137,19633
run_005,join,join_1772961740,join-irs3-1772961741,join-irs3-1772961741,13,join_submit_done,join_voted,2026-03-08T09:22:23.243381Z,2026-03-08T09:22:26.553371593Z,/var/lib/docker/volumes,fabric_peer1.irs3.kit.edu,other,29438079,29457712,19633
run_005,join,join_1772961740,join-irs3-1772961741,join-irs3-1772961741,13,join_submit_done,join_voted,2026-03-08T09:22:23.243381Z,2026-03-08T09:22:26.553371593Z,/var/lib/docker/volumes,fabric_peer2.irs3.kit.edu,other,29438076,29457709,19633
run_005,join,join_1772961740,join-irs3-1772961741,join-irs3-1772961741,13,join_submit_done,join_voted,2026-03-08T09:22:23.243381Z,2026-03-08T09:22:26.553371593Z,/var/lib/docker/volumes,fabric_peer3.irs3.kit.edu,other,29439501,29459134,19633
run_005,join,join_1772961740,join-irs3-1772961741,join-irs3-1772961741,13,join_voted,join_approved,2026-03-08T09:22:26.553371593Z,2026-03-08T09:22:29.068918095Z,/var/lib/docker/volumes,002a2c976d26a3f9c7eff06e2f9efe095908dd0ee21b2715cc202589b435aec2,other,NA,NA,
run_005,join,join_1772961740,join-irs3-1772961741,join-irs3-1772961741,13,join_voted,join_approved,2026-03-08T09:22:26.553371593Z,2026-03-08T09:22:29.068918095Z,/var/lib/docker/volumes,35a02607c21ea95db05e7150f71e6e704f4d6479a4a76375ed8ec3cbfc5ec094,other,NA,NA,
run_005,join,join_1772961740,join-irs3-1772961741,join-irs3-1772961741,13,join_voted,join_approved,2026-03-08T09:22:26.553371593Z,2026-03-08T09:22:29.068918095Z,/var/lib/docker/volumes,791e62bfc17bf044236c3dcb5d77ec82610b27aa4d5f3c78aff2e2842f98f9ee,other,NA,NA,
run_005,join,join_1772961740,join-irs3-1772961741,join-irs3-1772961741,13,join_voted,join_approved,2026-03-08T09:22:26.553371593Z,2026-03-08T09:22:29.068918095Z,/var/lib/docker/volumes,91dbb4452b1c3709e842113c225d65a63eab07cdac1110f244a9dfbdddb57dbf,other,NA,NA,
run_005,join,join_1772961740,join-irs3-1772961741,join-irs3-1772961741,13,join_voted,join_approved,2026-03-08T09:22:26.553371593Z,2026-03-08T09:22:29.068918095Z,/var/lib/docker/volumes,99ac8c723665556c954d288ca00335f1fae5493d384cb656ecf5a945cc9ae3b8,other,NA,NA,
run_005,join,join_1772961740,join-irs3-1772961741,join-irs3-1772961741,13,join_voted,join_approved,2026-03-08T09:22:26.553371593Z,2026-03-08T09:22:29.068918095Z,/var/lib/docker/volumes,ab96d922f06ec7a94f1b5200e75e480c9ed7eba86fbbe33b5cb9edbe031c6ea8,other,49770,49770,0
run_005,join,join_1772961740,join-irs3-1772961741,join-irs3-1772961741,13,join_voted,join_approved,2026-03-08T09:22:26.553371593Z,2026-03-08T09:22:29.068918095Z,/var/lib/docker/volumes,b8143ef8453ad18871b4b4e0ba6041764a2cda76bc6f516fa468de5fd6585e72,other,49770,49770,0
run_005,join,join_1772961740,join-irs3-1772961741,join-irs3-1772961741,13,join_voted,join_approved,2026-03-08T09:22:26.553371593Z,2026-03-08T09:22:29.068918095Z,/var/lib/docker/volumes,ce313f18292c11d1170b9839e1af2e5976d1858048740f79d790d8aed673a5a4,other,NA,NA,
run_005,join,join_1772961740,join-irs3-1772961741,join-irs3-1772961741,13,join_voted,join_approved,2026-03-08T09:22:26.553371593Z,2026-03-08T09:22:29.068918095Z,/var/lib/docker/volumes,d9b7785a06954372515977133a1213437b80c5db1517196ca5e26134d3413ccf,other,NA,NA,
run_005,join,join_1772961740,join-irs3-1772961741,join-irs3-1772961741,13,join_voted,join_approved,2026-03-08T09:22:26.553371593Z,2026-03-08T09:22:29.068918095Z,/var/lib/docker/volumes,e0eec01c85bd157680e466dd14073f2a433b51342ff770c3a292c984a51f226b,other,NA,NA,
run_005,join,join_1772961740,join-irs3-1772961741,join-irs3-1772961741,13,join_voted,join_approved,2026-03-08T09:22:26.553371593Z,2026-03-08T09:22:29.068918095Z,/var/lib/docker/volumes,fabric_orderer.kit.edu,orderer,130769142,130780396,11254
run_005,join,join_1772961740,join-irs3-1772961741,join-irs3-1772961741,13,join_voted,join_approved,2026-03-08T09:22:26.553371593Z,2026-03-08T09:22:29.068918095Z,/var/lib/docker/volumes,fabric_peer0.irs1.kit.edu,other,5006,5006,0
run_005,join,join_1772961740,join-irs3-1772961741,join-irs3-1772961741,13,join_voted,join_approved,2026-03-08T09:22:26.553371593Z,2026-03-08T09:22:29.068918095Z,/var/lib/docker/volumes,fabric_peer0.irs3.kit.edu,peer,29459137,29475978,16841
run_005,join,join_1772961740,join-irs3-1772961741,join-irs3-1772961741,13,join_voted,join_approved,2026-03-08T09:22:26.553371593Z,2026-03-08T09:22:29.068918095Z,/var/lib/docker/volumes,fabric_peer1.irs3.kit.edu,other,29457712,29474553,16841
run_005,join,join_1772961740,join-irs3-1772961741,join-irs3-1772961741,13,join_voted,join_approved,2026-03-08T09:22:26.553371593Z,2026-03-08T09:22:29.068918095Z,/var/lib/docker/volumes,fabric_peer2.irs3.kit.edu,other,29457709,29474550,16841
run_005,join,join_1772961740,join-irs3-1772961741,join-irs3-1772961741,13,join_voted,join_approved,2026-03-08T09:22:26.553371593Z,2026-03-08T09:22:29.068918095Z,/var/lib/docker/volumes,fabric_peer3.irs3.kit.edu,other,29459134,29475975,16841
run_005,join,join_1772961740,join-irs3-1772961741,join-irs3-1772961741,13,join_approved,reshare_started,2026-03-08T09:22:29.068918095Z,2026-03-08T09:22:29.627471Z,/var/lib/docker/volumes,002a2c976d26a3f9c7eff06e2f9efe095908dd0ee21b2715cc202589b435aec2,other,NA,NA,
run_005,join,join_1772961740,join-irs3-1772961741,join-irs3-1772961741,13,join_approved,reshare_started,2026-03-08T09:22:29.068918095Z,2026-03-08T09:22:29.627471Z,/var/lib/docker/volumes,35a02607c21ea95db05e7150f71e6e704f4d6479a4a76375ed8ec3cbfc5ec094,other,NA,NA,
run_005,join,join_1772961740,join-irs3-1772961741,join-irs3-1772961741,13,join_approved,reshare_started,2026-03-08T09:22:29.068918095Z,2026-03-08T09:22:29.627471Z,/var/lib/docker/volumes,791e62bfc17bf044236c3dcb5d77ec82610b27aa4d5f3c78aff2e2842f98f9ee,other,NA,NA,
run_005,join,join_1772961740,join-irs3-1772961741,join-irs3-1772961741,13,join_approved,reshare_started,2026-03-08T09:22:29.068918095Z,2026-03-08T09:22:29.627471Z,/var/lib/docker/volumes,91dbb4452b1c3709e842113c225d65a63eab07cdac1110f244a9dfbdddb57dbf,other,NA,NA,
run_005,join,join_1772961740,join-irs3-1772961741,join-irs3-1772961741,13,join_approved,reshare_started,2026-03-08T09:22:29.068918095Z,2026-03-08T09:22:29.627471Z,/var/lib/docker/volumes,99ac8c723665556c954d288ca00335f1fae5493d384cb656ecf5a945cc9ae3b8,other,NA,NA,
run_005,join,join_1772961740,join-irs3-1772961741,join-irs3-1772961741,13,join_approved,reshare_started,2026-03-08T09:22:29.068918095Z,2026-03-08T09:22:29.627471Z,/var/lib/docker/volumes,ab96d922f06ec7a94f1b5200e75e480c9ed7eba86fbbe33b5cb9edbe031c6ea8,other,49770,49770,0
run_005,join,join_1772961740,join-irs3-1772961741,join-irs3-1772961741,13,join_approved,reshare_started,2026-03-08T09:22:29.068918095Z,2026-03-08T09:22:29.627471Z,/var/lib/docker/volumes,b8143ef8453ad18871b4b4e0ba6041764a2cda76bc6f516fa468de5fd6585e72,other,49770,49770,0
run_005,join,join_1772961740,join-irs3-1772961741,join-irs3-1772961741,13,join_approved,reshare_started,2026-03-08T09:22:29.068918095Z,2026-03-08T09:22:29.627471Z,/var/lib/docker/volumes,ce313f18292c11d1170b9839e1af2e5976d1858048740f79d790d8aed673a5a4,other,NA,NA,
run_005,join,join_1772961740,join-irs3-1772961741,join-irs3-1772961741,13,join_approved,reshare_started,2026-03-08T09:22:29.068918095Z,2026-03-08T09:22:29.627471Z,/var/lib/docker/volumes,d9b7785a06954372515977133a1213437b80c5db1517196ca5e26134d3413ccf,other,NA,NA,
run_005,join,join_1772961740,join-irs3-1772961741,join-irs3-1772961741,13,join_approved,reshare_started,2026-03-08T09:22:29.068918095Z,2026-03-08T09:22:29.627471Z,/var/lib/docker/volumes,e0eec01c85bd157680e466dd14073f2a433b51342ff770c3a292c984a51f226b,other,NA,NA,
run_005,join,join_1772961740,join-irs3-1772961741,join-irs3-1772961741,13,join_approved,reshare_started,2026-03-08T09:22:29.068918095Z,2026-03-08T09:22:29.627471Z,/var/lib/docker/volumes,fabric_orderer.kit.edu,orderer,130780396,130780396,0
run_005,join,join_1772961740,join-irs3-1772961741,join-irs3-1772961741,13,join_approved,reshare_started,2026-03-08T09:22:29.068918095Z,2026-03-08T09:22:29.627471Z,/var/lib/docker/volumes,fabric_peer0.irs1.kit.edu,other,5006,5006,0
run_005,join,join_1772961740,join-irs3-1772961741,join-irs3-1772961741,13,join_approved,reshare_started,2026-03-08T09:22:29.068918095Z,2026-03-08T09:22:29.627471Z,/var/lib/docker/volumes,fabric_peer0.irs3.kit.edu,peer,29475978,29475978,0
run_005,join,join_1772961740,join-irs3-1772961741,join-irs3-1772961741,13,join_approved,reshare_started,2026-03-08T09:22:29.068918095Z,2026-03-08T09:22:29.627471Z,/var/lib/docker/volumes,fabric_peer1.irs3.kit.edu,other,29474553,29474553,0
run_005,join,join_1772961740,join-irs3-1772961741,join-irs3-1772961741,13,join_approved,reshare_started,2026-03-08T09:22:29.068918095Z,2026-03-08T09:22:29.627471Z,/var/lib/docker/volumes,fabric_peer2.irs3.kit.edu,other,29474550,29474550,0
run_005,join,join_1772961740,join-irs3-1772961741,join-irs3-1772961741,13,join_approved,reshare_started,2026-03-08T09:22:29.068918095Z,2026-03-08T09:22:29.627471Z,/var/lib/docker/volumes,fabric_peer3.irs3.kit.edu,other,29475975,29475975,0
run_005,join,join_1772961740,join-irs3-1772961741,join-irs3-1772961741,13,reshare_started,reshare_completed,2026-03-08T09:22:29.627471Z,2026-03-08T09:22:52.64197825Z,/var/lib/docker/volumes,002a2c976d26a3f9c7eff06e2f9efe095908dd0ee21b2715cc202589b435aec2,other,NA,NA,
run_005,join,join_1772961740,join-irs3-1772961741,join-irs3-1772961741,13,reshare_started,reshare_completed,2026-03-08T09:22:29.627471Z,2026-03-08T09:22:52.64197825Z,/var/lib/docker/volumes,35a02607c21ea95db05e7150f71e6e704f4d6479a4a76375ed8ec3cbfc5ec094,other,NA,NA,
run_005,join,join_1772961740,join-irs3-1772961741,join-irs3-1772961741,13,reshare_started,reshare_completed,2026-03-08T09:22:29.627471Z,2026-03-08T09:22:52.64197825Z,/var/lib/docker/volumes,791e62bfc17bf044236c3dcb5d77ec82610b27aa4d5f3c78aff2e2842f98f9ee,other,NA,NA,
run_005,join,join_1772961740,join-irs3-1772961741,join-irs3-1772961741,13,reshare_started,reshare_completed,2026-03-08T09:22:29.627471Z,2026-03-08T09:22:52.64197825Z,/var/lib/docker/volumes,91dbb4452b1c3709e842113c225d65a63eab07cdac1110f244a9dfbdddb57dbf,other,NA,NA,
run_005,join,join_1772961740,join-irs3-1772961741,join-irs3-1772961741,13,reshare_started,reshare_completed,2026-03-08T09:22:29.627471Z,2026-03-08T09:22:52.64197825Z,/var/lib/docker/volumes,99ac8c723665556c954d288ca00335f1fae5493d384cb656ecf5a945cc9ae3b8,other,NA,NA,
run_005,join,join_1772961740,join-irs3-1772961741,join-irs3-1772961741,13,reshare_started,reshare_completed,2026-03-08T09:22:29.627471Z,2026-03-08T09:22:52.64197825Z,/var/lib/docker/volumes,ab96d922f06ec7a94f1b5200e75e480c9ed7eba86fbbe33b5cb9edbe031c6ea8,other,49770,49770,0
run_005,join,join_1772961740,join-irs3-1772961741,join-irs3-1772961741,13,reshare_started,reshare_completed,2026-03-08T09:22:29.627471Z,2026-03-08T09:22:52.64197825Z,/var/lib/docker/volumes,b8143ef8453ad18871b4b4e0ba6041764a2cda76bc6f516fa468de5fd6585e72,other,49770,49770,0
run_005,join,join_1772961740,join-irs3-1772961741,join-irs3-1772961741,13,reshare_started,reshare_completed,2026-03-08T09:22:29.627471Z,2026-03-08T09:22:52.64197825Z,/var/lib/docker/volumes,ce313f18292c11d1170b9839e1af2e5976d1858048740f79d790d8aed673a5a4,other,NA,NA,
run_005,join,join_1772961740,join-irs3-1772961741,join-irs3-1772961741,13,reshare_started,reshare_completed,2026-03-08T09:22:29.627471Z,2026-03-08T09:22:52.64197825Z,/var/lib/docker/volumes,d9b7785a06954372515977133a1213437b80c5db1517196ca5e26134d3413ccf,other,NA,NA,
run_005,join,join_1772961740,join-irs3-1772961741,join-irs3-1772961741,13,reshare_started,reshare_completed,2026-03-08T09:22:29.627471Z,2026-03-08T09:22:52.64197825Z,/var/lib/docker/volumes,e0eec01c85bd157680e466dd14073f2a433b51342ff770c3a292c984a51f226b,other,NA,NA,
run_005,join,join_1772961740,join-irs3-1772961741,join-irs3-1772961741,13,reshare_started,reshare_completed,2026-03-08T09:22:29.627471Z,2026-03-08T09:22:52.64197825Z,/var/lib/docker/volumes,fabric_orderer.kit.edu,orderer,130780396,130820636,40240
run_005,join,join_1772961740,join-irs3-1772961741,join-irs3-1772961741,13,reshare_started,reshare_completed,2026-03-08T09:22:29.627471Z,2026-03-08T09:22:52.64197825Z,/var/lib/docker/volumes,fabric_peer0.irs1.kit.edu,other,5006,5006,0
run_005,join,join_1772961740,join-irs3-1772961741,join-irs3-1772961741,13,reshare_started,reshare_completed,2026-03-08T09:22:29.627471Z,2026-03-08T09:22:52.64197825Z,/var/lib/docker/volumes,fabric_peer0.irs3.kit.edu,peer,29475978,29523087,47109
run_005,join,join_1772961740,join-irs3-1772961741,join-irs3-1772961741,13,reshare_started,reshare_completed,2026-03-08T09:22:29.627471Z,2026-03-08T09:22:52.64197825Z,/var/lib/docker/volumes,fabric_peer1.irs3.kit.edu,other,29474553,29521662,47109
run_005,join,join_1772961740,join-irs3-1772961741,join-irs3-1772961741,13,reshare_started,reshare_completed,2026-03-08T09:22:29.627471Z,2026-03-08T09:22:52.64197825Z,/var/lib/docker/volumes,fabric_peer2.irs3.kit.edu,other,29474550,29521659,47109
run_005,join,join_1772961740,join-irs3-1772961741,join-irs3-1772961741,13,reshare_started,reshare_completed,2026-03-08T09:22:29.627471Z,2026-03-08T09:22:52.64197825Z,/var/lib/docker/volumes,fabric_peer3.irs3.kit.edu,other,29475975,29523084,47109
run_005,join,join_1772961740,join-irs3-1772961741,join-irs3-1772961741,13,reshare_completed,operation_end,2026-03-08T09:22:52.64197825Z,2026-03-08T09:23:02.091539Z,/var/lib/docker/volumes,002a2c976d26a3f9c7eff06e2f9efe095908dd0ee21b2715cc202589b435aec2,other,NA,NA,
run_005,join,join_1772961740,join-irs3-1772961741,join-irs3-1772961741,13,reshare_completed,operation_end,2026-03-08T09:22:52.64197825Z,2026-03-08T09:23:02.091539Z,/var/lib/docker/volumes,35a02607c21ea95db05e7150f71e6e704f4d6479a4a76375ed8ec3cbfc5ec094,other,NA,NA,
run_005,join,join_1772961740,join-irs3-1772961741,join-irs3-1772961741,13,reshare_completed,operation_end,2026-03-08T09:22:52.64197825Z,2026-03-08T09:23:02.091539Z,/var/lib/docker/volumes,791e62bfc17bf044236c3dcb5d77ec82610b27aa4d5f3c78aff2e2842f98f9ee,other,NA,NA,
run_005,join,join_1772961740,join-irs3-1772961741,join-irs3-1772961741,13,reshare_completed,operation_end,2026-03-08T09:22:52.64197825Z,2026-03-08T09:23:02.091539Z,/var/lib/docker/volumes,91dbb4452b1c3709e842113c225d65a63eab07cdac1110f244a9dfbdddb57dbf,other,NA,NA,
run_005,join,join_1772961740,join-irs3-1772961741,join-irs3-1772961741,13,reshare_completed,operation_end,2026-03-08T09:22:52.64197825Z,2026-03-08T09:23:02.091539Z,/var/lib/docker/volumes,99ac8c723665556c954d288ca00335f1fae5493d384cb656ecf5a945cc9ae3b8,other,NA,NA,
run_005,join,join_1772961740,join-irs3-1772961741,join-irs3-1772961741,13,reshare_completed,operation_end,2026-03-08T09:22:52.64197825Z,2026-03-08T09:23:02.091539Z,/var/lib/docker/volumes,ab96d922f06ec7a94f1b5200e75e480c9ed7eba86fbbe33b5cb9edbe031c6ea8,other,49770,49770,0
run_005,join,join_1772961740,join-irs3-1772961741,join-irs3-1772961741,13,reshare_completed,operation_end,2026-03-08T09:22:52.64197825Z,2026-03-08T09:23:02.091539Z,/var/lib/docker/volumes,b8143ef8453ad18871b4b4e0ba6041764a2cda76bc6f516fa468de5fd6585e72,other,49770,49770,0
run_005,join,join_1772961740,join-irs3-1772961741,join-irs3-1772961741,13,reshare_completed,operation_end,2026-03-08T09:22:52.64197825Z,2026-03-08T09:23:02.091539Z,/var/lib/docker/volumes,ce313f18292c11d1170b9839e1af2e5976d1858048740f79d790d8aed673a5a4,other,NA,NA,
run_005,join,join_1772961740,join-irs3-1772961741,join-irs3-1772961741,13,reshare_completed,operation_end,2026-03-08T09:22:52.64197825Z,2026-03-08T09:23:02.091539Z,/var/lib/docker/volumes,d9b7785a06954372515977133a1213437b80c5db1517196ca5e26134d3413ccf,other,NA,NA,
run_005,join,join_1772961740,join-irs3-1772961741,join-irs3-1772961741,13,reshare_completed,operation_end,2026-03-08T09:22:52.64197825Z,2026-03-08T09:23:02.091539Z,/var/lib/docker/volumes,e0eec01c85bd157680e466dd14073f2a433b51342ff770c3a292c984a51f226b,other,NA,NA,
run_005,join,join_1772961740,join-irs3-1772961741,join-irs3-1772961741,13,reshare_completed,operation_end,2026-03-08T09:22:52.64197825Z,2026-03-08T09:23:02.091539Z,/var/lib/docker/volumes,fabric_orderer.kit.edu,orderer,130820636,130892274,71638
run_005,join,join_1772961740,join-irs3-1772961741,join-irs3-1772961741,13,reshare_completed,operation_end,2026-03-08T09:22:52.64197825Z,2026-03-08T09:23:02.091539Z,/var/lib/docker/volumes,fabric_peer0.irs1.kit.edu,other,5006,5006,0
run_005,join,join_1772961740,join-irs3-1772961741,join-irs3-1772961741,13,reshare_completed,operation_end,2026-03-08T09:22:52.64197825Z,2026-03-08T09:23:02.091539Z,/var/lib/docker/volumes,fabric_peer0.irs3.kit.edu,peer,29523087,29605078,81991
run_005,join,join_1772961740,join-irs3-1772961741,join-irs3-1772961741,13,reshare_completed,operation_end,2026-03-08T09:22:52.64197825Z,2026-03-08T09:23:02.091539Z,/var/lib/docker/volumes,fabric_peer1.irs3.kit.edu,other,29521662,29603653,81991
run_005,join,join_1772961740,join-irs3-1772961741,join-irs3-1772961741,13,reshare_completed,operation_end,2026-03-08T09:22:52.64197825Z,2026-03-08T09:23:02.091539Z,/var/lib/docker/volumes,fabric_peer2.irs3.kit.edu,other,29521659,29603650,81991
run_005,join,join_1772961740,join-irs3-1772961741,join-irs3-1772961741,13,reshare_completed,operation_end,2026-03-08T09:22:52.64197825Z,2026-03-08T09:23:02.091539Z,/var/lib/docker/volumes,fabric_peer3.irs3.kit.edu,other,29523084,29605075,81991
run_006,csr,csr_1772961788,csr-irs3-1772961789,csr-irs3-1772961789,,operation_start,csr_submit_done,2026-03-08T09:23:08.951972Z,2026-03-08T09:23:11.271002Z,/var/lib/docker/volumes,002a2c976d26a3f9c7eff06e2f9efe095908dd0ee21b2715cc202589b435aec2,other,NA,NA,
run_006,csr,csr_1772961788,csr-irs3-1772961789,csr-irs3-1772961789,,operation_start,csr_submit_done,2026-03-08T09:23:08.951972Z,2026-03-08T09:23:11.271002Z,/var/lib/docker/volumes,35a02607c21ea95db05e7150f71e6e704f4d6479a4a76375ed8ec3cbfc5ec094,other,NA,NA,
run_006,csr,csr_1772961788,csr-irs3-1772961789,csr-irs3-1772961789,,operation_start,csr_submit_done,2026-03-08T09:23:08.951972Z,2026-03-08T09:23:11.271002Z,/var/lib/docker/volumes,791e62bfc17bf044236c3dcb5d77ec82610b27aa4d5f3c78aff2e2842f98f9ee,other,NA,NA,
run_006,csr,csr_1772961788,csr-irs3-1772961789,csr-irs3-1772961789,,operation_start,csr_submit_done,2026-03-08T09:23:08.951972Z,2026-03-08T09:23:11.271002Z,/var/lib/docker/volumes,91dbb4452b1c3709e842113c225d65a63eab07cdac1110f244a9dfbdddb57dbf,other,NA,NA,
run_006,csr,csr_1772961788,csr-irs3-1772961789,csr-irs3-1772961789,,operation_start,csr_submit_done,2026-03-08T09:23:08.951972Z,2026-03-08T09:23:11.271002Z,/var/lib/docker/volumes,99ac8c723665556c954d288ca00335f1fae5493d384cb656ecf5a945cc9ae3b8,other,NA,NA,
run_006,csr,csr_1772961788,csr-irs3-1772961789,csr-irs3-1772961789,,operation_start,csr_submit_done,2026-03-08T09:23:08.951972Z,2026-03-08T09:23:11.271002Z,/var/lib/docker/volumes,ab96d922f06ec7a94f1b5200e75e480c9ed7eba86fbbe33b5cb9edbe031c6ea8,other,49770,49770,0
run_006,csr,csr_1772961788,csr-irs3-1772961789,csr-irs3-1772961789,,operation_start,csr_submit_done,2026-03-08T09:23:08.951972Z,2026-03-08T09:23:11.271002Z,/var/lib/docker/volumes,b8143ef8453ad18871b4b4e0ba6041764a2cda76bc6f516fa468de5fd6585e72,other,49770,49770,0
run_006,csr,csr_1772961788,csr-irs3-1772961789,csr-irs3-1772961789,,operation_start,csr_submit_done,2026-03-08T09:23:08.951972Z,2026-03-08T09:23:11.271002Z,/var/lib/docker/volumes,ce313f18292c11d1170b9839e1af2e5976d1858048740f79d790d8aed673a5a4,other,NA,NA,
run_006,csr,csr_1772961788,csr-irs3-1772961789,csr-irs3-1772961789,,operation_start,csr_submit_done,2026-03-08T09:23:08.951972Z,2026-03-08T09:23:11.271002Z,/var/lib/docker/volumes,d9b7785a06954372515977133a1213437b80c5db1517196ca5e26134d3413ccf,other,NA,NA,
run_006,csr,csr_1772961788,csr-irs3-1772961789,csr-irs3-1772961789,,operation_start,csr_submit_done,2026-03-08T09:23:08.951972Z,2026-03-08T09:23:11.271002Z,/var/lib/docker/volumes,e0eec01c85bd157680e466dd14073f2a433b51342ff770c3a292c984a51f226b,other,NA,NA,
run_006,csr,csr_1772961788,csr-irs3-1772961789,csr-irs3-1772961789,,operation_start,csr_submit_done,2026-03-08T09:23:08.951972Z,2026-03-08T09:23:11.271002Z,/var/lib/docker/volumes,fabric_orderer.kit.edu,orderer,130892274,130900824,8550
run_006,csr,csr_1772961788,csr-irs3-1772961789,csr-irs3-1772961789,,operation_start,csr_submit_done,2026-03-08T09:23:08.951972Z,2026-03-08T09:23:11.271002Z,/var/lib/docker/volumes,fabric_peer0.irs1.kit.edu,other,5006,5006,0
run_006,csr,csr_1772961788,csr-irs3-1772961789,csr-irs3-1772961789,,operation_start,csr_submit_done,2026-03-08T09:23:08.951972Z,2026-03-08T09:23:11.271002Z,/var/lib/docker/volumes,fabric_peer0.irs3.kit.edu,peer,29605078,29615768,10690
run_006,csr,csr_1772961788,csr-irs3-1772961789,csr-irs3-1772961789,,operation_start,csr_submit_done,2026-03-08T09:23:08.951972Z,2026-03-08T09:23:11.271002Z,/var/lib/docker/volumes,fabric_peer1.irs3.kit.edu,other,29603653,29614343,10690
run_006,csr,csr_1772961788,csr-irs3-1772961789,csr-irs3-1772961789,,operation_start,csr_submit_done,2026-03-08T09:23:08.951972Z,2026-03-08T09:23:11.271002Z,/var/lib/docker/volumes,fabric_peer2.irs3.kit.edu,other,29603650,29614340,10690
run_006,csr,csr_1772961788,csr-irs3-1772961789,csr-irs3-1772961789,,operation_start,csr_submit_done,2026-03-08T09:23:08.951972Z,2026-03-08T09:23:11.271002Z,/var/lib/docker/volumes,fabric_peer3.irs3.kit.edu,other,29605075,29615765,10690
run_006,csr,csr_1772961788,csr-irs3-1772961789,csr-irs3-1772961789,,csr_submit_done,csr_voted,2026-03-08T09:23:11.271002Z,2026-03-08T09:23:14.524239825Z,/var/lib/docker/volumes,002a2c976d26a3f9c7eff06e2f9efe095908dd0ee21b2715cc202589b435aec2,other,NA,NA,
run_006,csr,csr_1772961788,csr-irs3-1772961789,csr-irs3-1772961789,,csr_submit_done,csr_voted,2026-03-08T09:23:11.271002Z,2026-03-08T09:23:14.524239825Z,/var/lib/docker/volumes,35a02607c21ea95db05e7150f71e6e704f4d6479a4a76375ed8ec3cbfc5ec094,other,NA,NA,
run_006,csr,csr_1772961788,csr-irs3-1772961789,csr-irs3-1772961789,,csr_submit_done,csr_voted,2026-03-08T09:23:11.271002Z,2026-03-08T09:23:14.524239825Z,/var/lib/docker/volumes,791e62bfc17bf044236c3dcb5d77ec82610b27aa4d5f3c78aff2e2842f98f9ee,other,NA,NA,
run_006,csr,csr_1772961788,csr-irs3-1772961789,csr-irs3-1772961789,,csr_submit_done,csr_voted,2026-03-08T09:23:11.271002Z,2026-03-08T09:23:14.524239825Z,/var/lib/docker/volumes,91dbb4452b1c3709e842113c225d65a63eab07cdac1110f244a9dfbdddb57dbf,other,NA,NA,
run_006,csr,csr_1772961788,csr-irs3-1772961789,csr-irs3-1772961789,,csr_submit_done,csr_voted,2026-03-08T09:23:11.271002Z,2026-03-08T09:23:14.524239825Z,/var/lib/docker/volumes,99ac8c723665556c954d288ca00335f1fae5493d384cb656ecf5a945cc9ae3b8,other,NA,NA,
run_006,csr,csr_1772961788,csr-irs3-1772961789,csr-irs3-1772961789,,csr_submit_done,csr_voted,2026-03-08T09:23:11.271002Z,2026-03-08T09:23:14.524239825Z,/var/lib/docker/volumes,ab96d922f06ec7a94f1b5200e75e480c9ed7eba86fbbe33b5cb9edbe031c6ea8,other,49770,49770,0
run_006,csr,csr_1772961788,csr-irs3-1772961789,csr-irs3-1772961789,,csr_submit_done,csr_voted,2026-03-08T09:23:11.271002Z,2026-03-08T09:23:14.524239825Z,/var/lib/docker/volumes,b8143ef8453ad18871b4b4e0ba6041764a2cda76bc6f516fa468de5fd6585e72,other,49770,49770,0
run_006,csr,csr_1772961788,csr-irs3-1772961789,csr-irs3-1772961789,,csr_submit_done,csr_voted,2026-03-08T09:23:11.271002Z,2026-03-08T09:23:14.524239825Z,/var/lib/docker/volumes,ce313f18292c11d1170b9839e1af2e5976d1858048740f79d790d8aed673a5a4,other,NA,NA,
run_006,csr,csr_1772961788,csr-irs3-1772961789,csr-irs3-1772961789,,csr_submit_done,csr_voted,2026-03-08T09:23:11.271002Z,2026-03-08T09:23:14.524239825Z,/var/lib/docker/volumes,d9b7785a06954372515977133a1213437b80c5db1517196ca5e26134d3413ccf,other,NA,NA,
run_006,csr,csr_1772961788,csr-irs3-1772961789,csr-irs3-1772961789,,csr_submit_done,csr_voted,2026-03-08T09:23:11.271002Z,2026-03-08T09:23:14.524239825Z,/var/lib/docker/volumes,e0eec01c85bd157680e466dd14073f2a433b51342ff770c3a292c984a51f226b,other,NA,NA,
run_006,csr,csr_1772961788,csr-irs3-1772961789,csr-irs3-1772961789,,csr_submit_done,csr_voted,2026-03-08T09:23:11.271002Z,2026-03-08T09:23:14.524239825Z,/var/lib/docker/volumes,fabric_orderer.kit.edu,orderer,130900824,130925200,24376
run_006,csr,csr_1772961788,csr-irs3-1772961789,csr-irs3-1772961789,,csr_submit_done,csr_voted,2026-03-08T09:23:11.271002Z,2026-03-08T09:23:14.524239825Z,/var/lib/docker/volumes,fabric_peer0.irs1.kit.edu,other,5006,5006,0
run_006,csr,csr_1772961788,csr-irs3-1772961789,csr-irs3-1772961789,,csr_submit_done,csr_voted,2026-03-08T09:23:11.271002Z,2026-03-08T09:23:14.524239825Z,/var/lib/docker/volumes,fabric_peer0.irs3.kit.edu,peer,29615768,29643467,27699
run_006,csr,csr_1772961788,csr-irs3-1772961789,csr-irs3-1772961789,,csr_submit_done,csr_voted,2026-03-08T09:23:11.271002Z,2026-03-08T09:23:14.524239825Z,/var/lib/docker/volumes,fabric_peer1.irs3.kit.edu,other,29614343,29642042,27699
run_006,csr,csr_1772961788,csr-irs3-1772961789,csr-irs3-1772961789,,csr_submit_done,csr_voted,2026-03-08T09:23:11.271002Z,2026-03-08T09:23:14.524239825Z,/var/lib/docker/volumes,fabric_peer2.irs3.kit.edu,other,29614340,29642039,27699
run_006,csr,csr_1772961788,csr-irs3-1772961789,csr-irs3-1772961789,,csr_submit_done,csr_voted,2026-03-08T09:23:11.271002Z,2026-03-08T09:23:14.524239825Z,/var/lib/docker/volumes,fabric_peer3.irs3.kit.edu,other,29615765,29643464,27699
run_006,csr,csr_1772961788,csr-irs3-1772961789,csr-irs3-1772961789,,csr_voted,csr_approved,2026-03-08T09:23:14.524239825Z,2026-03-08T09:23:17.098758358Z,/var/lib/docker/volumes,002a2c976d26a3f9c7eff06e2f9efe095908dd0ee21b2715cc202589b435aec2,other,NA,NA,
run_006,csr,csr_1772961788,csr-irs3-1772961789,csr-irs3-1772961789,,csr_voted,csr_approved,2026-03-08T09:23:14.524239825Z,2026-03-08T09:23:17.098758358Z,/var/lib/docker/volumes,35a02607c21ea95db05e7150f71e6e704f4d6479a4a76375ed8ec3cbfc5ec094,other,NA,NA,
run_006,csr,csr_1772961788,csr-irs3-1772961789,csr-irs3-1772961789,,csr_voted,csr_approved,2026-03-08T09:23:14.524239825Z,2026-03-08T09:23:17.098758358Z,/var/lib/docker/volumes,791e62bfc17bf044236c3dcb5d77ec82610b27aa4d5f3c78aff2e2842f98f9ee,other,NA,NA,
run_006,csr,csr_1772961788,csr-irs3-1772961789,csr-irs3-1772961789,,csr_voted,csr_approved,2026-03-08T09:23:14.524239825Z,2026-03-08T09:23:17.098758358Z,/var/lib/docker/volumes,91dbb4452b1c3709e842113c225d65a63eab07cdac1110f244a9dfbdddb57dbf,other,NA,NA,
run_006,csr,csr_1772961788,csr-irs3-1772961789,csr-irs3-1772961789,,csr_voted,csr_approved,2026-03-08T09:23:14.524239825Z,2026-03-08T09:23:17.098758358Z,/var/lib/docker/volumes,99ac8c723665556c954d288ca00335f1fae5493d384cb656ecf5a945cc9ae3b8,other,NA,NA,
run_006,csr,csr_1772961788,csr-irs3-1772961789,csr-irs3-1772961789,,csr_voted,csr_approved,2026-03-08T09:23:14.524239825Z,2026-03-08T09:23:17.098758358Z,/var/lib/docker/volumes,ab96d922f06ec7a94f1b5200e75e480c9ed7eba86fbbe33b5cb9edbe031c6ea8,other,49770,49770,0
run_006,csr,csr_1772961788,csr-irs3-1772961789,csr-irs3-1772961789,,csr_voted,csr_approved,2026-03-08T09:23:14.524239825Z,2026-03-08T09:23:17.098758358Z,/var/lib/docker/volumes,b8143ef8453ad18871b4b4e0ba6041764a2cda76bc6f516fa468de5fd6585e72,other,49770,49770,0
run_006,csr,csr_1772961788,csr-irs3-1772961789,csr-irs3-1772961789,,csr_voted,csr_approved,2026-03-08T09:23:14.524239825Z,2026-03-08T09:23:17.098758358Z,/var/lib/docker/volumes,ce313f18292c11d1170b9839e1af2e5976d1858048740f79d790d8aed673a5a4,other,NA,NA,
run_006,csr,csr_1772961788,csr-irs3-1772961789,csr-irs3-1772961789,,csr_voted,csr_approved,2026-03-08T09:23:14.524239825Z,2026-03-08T09:23:17.098758358Z,/var/lib/docker/volumes,d9b7785a06954372515977133a1213437b80c5db1517196ca5e26134d3413ccf,other,NA,NA,
run_006,csr,csr_1772961788,csr-irs3-1772961789,csr-irs3-1772961789,,csr_voted,csr_approved,2026-03-08T09:23:14.524239825Z,2026-03-08T09:23:17.098758358Z,/var/lib/docker/volumes,e0eec01c85bd157680e466dd14073f2a433b51342ff770c3a292c984a51f226b,other,NA,NA,
run_006,csr,csr_1772961788,csr-irs3-1772961789,csr-irs3-1772961789,,csr_voted,csr_approved,2026-03-08T09:23:14.524239825Z,2026-03-08T09:23:17.098758358Z,/var/lib/docker/volumes,fabric_orderer.kit.edu,orderer,130925200,130941583,16383
run_006,csr,csr_1772961788,csr-irs3-1772961789,csr-irs3-1772961789,,csr_voted,csr_approved,2026-03-08T09:23:14.524239825Z,2026-03-08T09:23:17.098758358Z,/var/lib/docker/volumes,fabric_peer0.irs1.kit.edu,other,5006,5006,0
run_006,csr,csr_1772961788,csr-irs3-1772961789,csr-irs3-1772961789,,csr_voted,csr_approved,2026-03-08T09:23:14.524239825Z,2026-03-08T09:23:17.098758358Z,/var/lib/docker/volumes,fabric_peer0.irs3.kit.edu,peer,29643467,29663549,20082
run_006,csr,csr_1772961788,csr-irs3-1772961789,csr-irs3-1772961789,,csr_voted,csr_approved,2026-03-08T09:23:14.524239825Z,2026-03-08T09:23:17.098758358Z,/var/lib/docker/volumes,fabric_peer1.irs3.kit.edu,other,29642042,29662124,20082
run_006,csr,csr_1772961788,csr-irs3-1772961789,csr-irs3-1772961789,,csr_voted,csr_approved,2026-03-08T09:23:14.524239825Z,2026-03-08T09:23:17.098758358Z,/var/lib/docker/volumes,fabric_peer2.irs3.kit.edu,other,29642039,29662121,20082
run_006,csr,csr_1772961788,csr-irs3-1772961789,csr-irs3-1772961789,,csr_voted,csr_approved,2026-03-08T09:23:14.524239825Z,2026-03-08T09:23:17.098758358Z,/var/lib/docker/volumes,fabric_peer3.irs3.kit.edu,other,29643464,29663546,20082
run_006,csr,csr_1772961788,csr-irs3-1772961789,csr-irs3-1772961789,,csr_approved,cert_registered,2026-03-08T09:23:17.098758358Z,2026-03-08T09:23:26.673292316Z,/var/lib/docker/volumes,002a2c976d26a3f9c7eff06e2f9efe095908dd0ee21b2715cc202589b435aec2,other,NA,NA,
run_006,csr,csr_1772961788,csr-irs3-1772961789,csr-irs3-1772961789,,csr_approved,cert_registered,2026-03-08T09:23:17.098758358Z,2026-03-08T09:23:26.673292316Z,/var/lib/docker/volumes,35a02607c21ea95db05e7150f71e6e704f4d6479a4a76375ed8ec3cbfc5ec094,other,NA,NA,
run_006,csr,csr_1772961788,csr-irs3-1772961789,csr-irs3-1772961789,,csr_approved,cert_registered,2026-03-08T09:23:17.098758358Z,2026-03-08T09:23:26.673292316Z,/var/lib/docker/volumes,791e62bfc17bf044236c3dcb5d77ec82610b27aa4d5f3c78aff2e2842f98f9ee,other,NA,NA,
run_006,csr,csr_1772961788,csr-irs3-1772961789,csr-irs3-1772961789,,csr_approved,cert_registered,2026-03-08T09:23:17.098758358Z,2026-03-08T09:23:26.673292316Z,/var/lib/docker/volumes,91dbb4452b1c3709e842113c225d65a63eab07cdac1110f244a9dfbdddb57dbf,other,NA,NA,
run_006,csr,csr_1772961788,csr-irs3-1772961789,csr-irs3-1772961789,,csr_approved,cert_registered,2026-03-08T09:23:17.098758358Z,2026-03-08T09:23:26.673292316Z,/var/lib/docker/volumes,99ac8c723665556c954d288ca00335f1fae5493d384cb656ecf5a945cc9ae3b8,other,NA,NA,
run_006,csr,csr_1772961788,csr-irs3-1772961789,csr-irs3-1772961789,,csr_approved,cert_registered,2026-03-08T09:23:17.098758358Z,2026-03-08T09:23:26.673292316Z,/var/lib/docker/volumes,ab96d922f06ec7a94f1b5200e75e480c9ed7eba86fbbe33b5cb9edbe031c6ea8,other,49770,49770,0
run_006,csr,csr_1772961788,csr-irs3-1772961789,csr-irs3-1772961789,,csr_approved,cert_registered,2026-03-08T09:23:17.098758358Z,2026-03-08T09:23:26.673292316Z,/var/lib/docker/volumes,b8143ef8453ad18871b4b4e0ba6041764a2cda76bc6f516fa468de5fd6585e72,other,49770,49770,0
run_006,csr,csr_1772961788,csr-irs3-1772961789,csr-irs3-1772961789,,csr_approved,cert_registered,2026-03-08T09:23:17.098758358Z,2026-03-08T09:23:26.673292316Z,/var/lib/docker/volumes,ce313f18292c11d1170b9839e1af2e5976d1858048740f79d790d8aed673a5a4,other,NA,NA,
run_006,csr,csr_1772961788,csr-irs3-1772961789,csr-irs3-1772961789,,csr_approved,cert_registered,2026-03-08T09:23:17.098758358Z,2026-03-08T09:23:26.673292316Z,/var/lib/docker/volumes,d9b7785a06954372515977133a1213437b80c5db1517196ca5e26134d3413ccf,other,NA,NA,
run_006,csr,csr_1772961788,csr-irs3-1772961789,csr-irs3-1772961789,,csr_approved,cert_registered,2026-03-08T09:23:17.098758358Z,2026-03-08T09:23:26.673292316Z,/var/lib/docker/volumes,e0eec01c85bd157680e466dd14073f2a433b51342ff770c3a292c984a51f226b,other,NA,NA,
run_006,csr,csr_1772961788,csr-irs3-1772961789,csr-irs3-1772961789,,csr_approved,cert_registered,2026-03-08T09:23:17.098758358Z,2026-03-08T09:23:26.673292316Z,/var/lib/docker/volumes,fabric_orderer.kit.edu,orderer,130941583,130981896,40313
run_006,csr,csr_1772961788,csr-irs3-1772961789,csr-irs3-1772961789,,csr_approved,cert_registered,2026-03-08T09:23:17.098758358Z,2026-03-08T09:23:26.673292316Z,/var/lib/docker/volumes,fabric_peer0.irs1.kit.edu,other,5006,5006,0
run_006,csr,csr_1772961788,csr-irs3-1772961789,csr-irs3-1772961789,,csr_approved,cert_registered,2026-03-08T09:23:17.098758358Z,2026-03-08T09:23:26.673292316Z,/var/lib/docker/volumes,fabric_peer0.irs3.kit.edu,peer,29663549,29715197,51648
run_006,csr,csr_1772961788,csr-irs3-1772961789,csr-irs3-1772961789,,csr_approved,cert_registered,2026-03-08T09:23:17.098758358Z,2026-03-08T09:23:26.673292316Z,/var/lib/docker/volumes,fabric_peer1.irs3.kit.edu,other,29662124,29713772,51648
run_006,csr,csr_1772961788,csr-irs3-1772961789,csr-irs3-1772961789,,csr_approved,cert_registered,2026-03-08T09:23:17.098758358Z,2026-03-08T09:23:26.673292316Z,/var/lib/docker/volumes,fabric_peer2.irs3.kit.edu,other,29662121,29713769,51648
run_006,csr,csr_1772961788,csr-irs3-1772961789,csr-irs3-1772961789,,csr_approved,cert_registered,2026-03-08T09:23:17.098758358Z,2026-03-08T09:23:26.673292316Z,/var/lib/docker/volumes,fabric_peer3.irs3.kit.edu,other,29663546,29715194,51648
run_006,csr,csr_1772961788,csr-irs3-1772961789,csr-irs3-1772961789,,cert_registered,operation_end,2026-03-08T09:23:26.673292316Z,2026-03-08T09:23:27.979648Z,/var/lib/docker/volumes,002a2c976d26a3f9c7eff06e2f9efe095908dd0ee21b2715cc202589b435aec2,other,NA,NA,
run_006,csr,csr_1772961788,csr-irs3-1772961789,csr-irs3-1772961789,,cert_registered,operation_end,2026-03-08T09:23:26.673292316Z,2026-03-08T09:23:27.979648Z,/var/lib/docker/volumes,35a02607c21ea95db05e7150f71e6e704f4d6479a4a76375ed8ec3cbfc5ec094,other,NA,NA,
run_006,csr,csr_1772961788,csr-irs3-1772961789,csr-irs3-1772961789,,cert_registered,operation_end,2026-03-08T09:23:26.673292316Z,2026-03-08T09:23:27.979648Z,/var/lib/docker/volumes,791e62bfc17bf044236c3dcb5d77ec82610b27aa4d5f3c78aff2e2842f98f9ee,other,NA,NA,
run_006,csr,csr_1772961788,csr-irs3-1772961789,csr-irs3-1772961789,,cert_registered,operation_end,2026-03-08T09:23:26.673292316Z,2026-03-08T09:23:27.979648Z,/var/lib/docker/volumes,91dbb4452b1c3709e842113c225d65a63eab07cdac1110f244a9dfbdddb57dbf,other,NA,NA,
run_006,csr,csr_1772961788,csr-irs3-1772961789,csr-irs3-1772961789,,cert_registered,operation_end,2026-03-08T09:23:26.673292316Z,2026-03-08T09:23:27.979648Z,/var/lib/docker/volumes,99ac8c723665556c954d288ca00335f1fae5493d384cb656ecf5a945cc9ae3b8,other,NA,NA,
run_006,csr,csr_1772961788,csr-irs3-1772961789,csr-irs3-1772961789,,cert_registered,operation_end,2026-03-08T09:23:26.673292316Z,2026-03-08T09:23:27.979648Z,/var/lib/docker/volumes,ab96d922f06ec7a94f1b5200e75e480c9ed7eba86fbbe33b5cb9edbe031c6ea8,other,49770,49770,0
run_006,csr,csr_1772961788,csr-irs3-1772961789,csr-irs3-1772961789,,cert_registered,operation_end,2026-03-08T09:23:26.673292316Z,2026-03-08T09:23:27.979648Z,/var/lib/docker/volumes,b8143ef8453ad18871b4b4e0ba6041764a2cda76bc6f516fa468de5fd6585e72,other,49770,49770,0
run_006,csr,csr_1772961788,csr-irs3-1772961789,csr-irs3-1772961789,,cert_registered,operation_end,2026-03-08T09:23:26.673292316Z,2026-03-08T09:23:27.979648Z,/var/lib/docker/volumes,ce313f18292c11d1170b9839e1af2e5976d1858048740f79d790d8aed673a5a4,other,NA,NA,
run_006,csr,csr_1772961788,csr-irs3-1772961789,csr-irs3-1772961789,,cert_registered,operation_end,2026-03-08T09:23:26.673292316Z,2026-03-08T09:23:27.979648Z,/var/lib/docker/volumes,d9b7785a06954372515977133a1213437b80c5db1517196ca5e26134d3413ccf,other,NA,NA,
run_006,csr,csr_1772961788,csr-irs3-1772961789,csr-irs3-1772961789,,cert_registered,operation_end,2026-03-08T09:23:26.673292316Z,2026-03-08T09:23:27.979648Z,/var/lib/docker/volumes,e0eec01c85bd157680e466dd14073f2a433b51342ff770c3a292c984a51f226b,other,NA,NA,
run_006,csr,csr_1772961788,csr-irs3-1772961789,csr-irs3-1772961789,,cert_registered,operation_end,2026-03-08T09:23:26.673292316Z,2026-03-08T09:23:27.979648Z,/var/lib/docker/volumes,fabric_orderer.kit.edu,orderer,130981896,130981896,0
run_006,csr,csr_1772961788,csr-irs3-1772961789,csr-irs3-1772961789,,cert_registered,operation_end,2026-03-08T09:23:26.673292316Z,2026-03-08T09:23:27.979648Z,/var/lib/docker/volumes,fabric_peer0.irs1.kit.edu,other,5006,5006,0
run_006,csr,csr_1772961788,csr-irs3-1772961789,csr-irs3-1772961789,,cert_registered,operation_end,2026-03-08T09:23:26.673292316Z,2026-03-08T09:23:27.979648Z,/var/lib/docker/volumes,fabric_peer0.irs3.kit.edu,peer,29715197,29715197,0
run_006,csr,csr_1772961788,csr-irs3-1772961789,csr-irs3-1772961789,,cert_registered,operation_end,2026-03-08T09:23:26.673292316Z,2026-03-08T09:23:27.979648Z,/var/lib/docker/volumes,fabric_peer1.irs3.kit.edu,other,29713772,29713772,0
run_006,csr,csr_1772961788,csr-irs3-1772961789,csr-irs3-1772961789,,cert_registered,operation_end,2026-03-08T09:23:26.673292316Z,2026-03-08T09:23:27.979648Z,/var/lib/docker/volumes,fabric_peer2.irs3.kit.edu,other,29713769,29713769,0
run_006,csr,csr_1772961788,csr-irs3-1772961789,csr-irs3-1772961789,,cert_registered,operation_end,2026-03-08T09:23:26.673292316Z,2026-03-08T09:23:27.979648Z,/var/lib/docker/volumes,fabric_peer3.irs3.kit.edu,other,29715194,29715194,0
run_006,revocation,revocation_1772961828,revoke-irs3-1772961828,revoke-irs3-1772961828,,operation_start,revocation_submit_done,2026-03-08T09:23:48.231079Z,2026-03-08T09:23:50.601695Z,/var/lib/docker/volumes,002a2c976d26a3f9c7eff06e2f9efe095908dd0ee21b2715cc202589b435aec2,other,NA,NA,
run_006,revocation,revocation_1772961828,revoke-irs3-1772961828,revoke-irs3-1772961828,,operation_start,revocation_submit_done,2026-03-08T09:23:48.231079Z,2026-03-08T09:23:50.601695Z,/var/lib/docker/volumes,35a02607c21ea95db05e7150f71e6e704f4d6479a4a76375ed8ec3cbfc5ec094,other,NA,NA,
run_006,revocation,revocation_1772961828,revoke-irs3-1772961828,revoke-irs3-1772961828,,operation_start,revocation_submit_done,2026-03-08T09:23:48.231079Z,2026-03-08T09:23:50.601695Z,/var/lib/docker/volumes,791e62bfc17bf044236c3dcb5d77ec82610b27aa4d5f3c78aff2e2842f98f9ee,other,NA,NA,
run_006,revocation,revocation_1772961828,revoke-irs3-1772961828,revoke-irs3-1772961828,,operation_start,revocation_submit_done,2026-03-08T09:23:48.231079Z,2026-03-08T09:23:50.601695Z,/var/lib/docker/volumes,91dbb4452b1c3709e842113c225d65a63eab07cdac1110f244a9dfbdddb57dbf,other,NA,NA,
run_006,revocation,revocation_1772961828,revoke-irs3-1772961828,revoke-irs3-1772961828,,operation_start,revocation_submit_done,2026-03-08T09:23:48.231079Z,2026-03-08T09:23:50.601695Z,/var/lib/docker/volumes,99ac8c723665556c954d288ca00335f1fae5493d384cb656ecf5a945cc9ae3b8,other,NA,NA,
run_006,revocation,revocation_1772961828,revoke-irs3-1772961828,revoke-irs3-1772961828,,operation_start,revocation_submit_done,2026-03-08T09:23:48.231079Z,2026-03-08T09:23:50.601695Z,/var/lib/docker/volumes,ab96d922f06ec7a94f1b5200e75e480c9ed7eba86fbbe33b5cb9edbe031c6ea8,other,49770,49770,0
run_006,revocation,revocation_1772961828,revoke-irs3-1772961828,revoke-irs3-1772961828,,operation_start,revocation_submit_done,2026-03-08T09:23:48.231079Z,2026-03-08T09:23:50.601695Z,/var/lib/docker/volumes,b8143ef8453ad18871b4b4e0ba6041764a2cda76bc6f516fa468de5fd6585e72,other,49770,49770,0
run_006,revocation,revocation_1772961828,revoke-irs3-1772961828,revoke-irs3-1772961828,,operation_start,revocation_submit_done,2026-03-08T09:23:48.231079Z,2026-03-08T09:23:50.601695Z,/var/lib/docker/volumes,ce313f18292c11d1170b9839e1af2e5976d1858048740f79d790d8aed673a5a4,other,NA,NA,
run_006,revocation,revocation_1772961828,revoke-irs3-1772961828,revoke-irs3-1772961828,,operation_start,revocation_submit_done,2026-03-08T09:23:48.231079Z,2026-03-08T09:23:50.601695Z,/var/lib/docker/volumes,d9b7785a06954372515977133a1213437b80c5db1517196ca5e26134d3413ccf,other,NA,NA,
run_006,revocation,revocation_1772961828,revoke-irs3-1772961828,revoke-irs3-1772961828,,operation_start,revocation_submit_done,2026-03-08T09:23:48.231079Z,2026-03-08T09:23:50.601695Z,/var/lib/docker/volumes,e0eec01c85bd157680e466dd14073f2a433b51342ff770c3a292c984a51f226b,other,NA,NA,
run_006,revocation,revocation_1772961828,revoke-irs3-1772961828,revoke-irs3-1772961828,,operation_start,revocation_submit_done,2026-03-08T09:23:48.231079Z,2026-03-08T09:23:50.601695Z,/var/lib/docker/volumes,fabric_orderer.kit.edu,orderer,130981896,130989091,7195
run_006,revocation,revocation_1772961828,revoke-irs3-1772961828,revoke-irs3-1772961828,,operation_start,revocation_submit_done,2026-03-08T09:23:48.231079Z,2026-03-08T09:23:50.601695Z,/var/lib/docker/volumes,fabric_peer0.irs1.kit.edu,other,5006,5006,0
run_006,revocation,revocation_1772961828,revoke-irs3-1772961828,revoke-irs3-1772961828,,operation_start,revocation_submit_done,2026-03-08T09:23:48.231079Z,2026-03-08T09:23:50.601695Z,/var/lib/docker/volumes,fabric_peer0.irs3.kit.edu,peer,29715197,29723428,8231
run_006,revocation,revocation_1772961828,revoke-irs3-1772961828,revoke-irs3-1772961828,,operation_start,revocation_submit_done,2026-03-08T09:23:48.231079Z,2026-03-08T09:23:50.601695Z,/var/lib/docker/volumes,fabric_peer1.irs3.kit.edu,other,29713772,29722003,8231
run_006,revocation,revocation_1772961828,revoke-irs3-1772961828,revoke-irs3-1772961828,,operation_start,revocation_submit_done,2026-03-08T09:23:48.231079Z,2026-03-08T09:23:50.601695Z,/var/lib/docker/volumes,fabric_peer2.irs3.kit.edu,other,29713769,29722000,8231
run_006,revocation,revocation_1772961828,revoke-irs3-1772961828,revoke-irs3-1772961828,,operation_start,revocation_submit_done,2026-03-08T09:23:48.231079Z,2026-03-08T09:23:50.601695Z,/var/lib/docker/volumes,fabric_peer3.irs3.kit.edu,other,29715194,29723425,8231
run_006,revocation,revocation_1772961828,revoke-irs3-1772961828,revoke-irs3-1772961828,,revocation_submit_done,revocation_voted,2026-03-08T09:23:50.601695Z,2026-03-08T09:23:53.57387228Z,/var/lib/docker/volumes,002a2c976d26a3f9c7eff06e2f9efe095908dd0ee21b2715cc202589b435aec2,other,NA,NA,
run_006,revocation,revocation_1772961828,revoke-irs3-1772961828,revoke-irs3-1772961828,,revocation_submit_done,revocation_voted,2026-03-08T09:23:50.601695Z,2026-03-08T09:23:53.57387228Z,/var/lib/docker/volumes,35a02607c21ea95db05e7150f71e6e704f4d6479a4a76375ed8ec3cbfc5ec094,other,NA,NA,
run_006,revocation,revocation_1772961828,revoke-irs3-1772961828,revoke-irs3-1772961828,,revocation_submit_done,revocation_voted,2026-03-08T09:23:50.601695Z,2026-03-08T09:23:53.57387228Z,/var/lib/docker/volumes,791e62bfc17bf044236c3dcb5d77ec82610b27aa4d5f3c78aff2e2842f98f9ee,other,NA,NA,
run_006,revocation,revocation_1772961828,revoke-irs3-1772961828,revoke-irs3-1772961828,,revocation_submit_done,revocation_voted,2026-03-08T09:23:50.601695Z,2026-03-08T09:23:53.57387228Z,/var/lib/docker/volumes,91dbb4452b1c3709e842113c225d65a63eab07cdac1110f244a9dfbdddb57dbf,other,NA,NA,
run_006,revocation,revocation_1772961828,revoke-irs3-1772961828,revoke-irs3-1772961828,,revocation_submit_done,revocation_voted,2026-03-08T09:23:50.601695Z,2026-03-08T09:23:53.57387228Z,/var/lib/docker/volumes,99ac8c723665556c954d288ca00335f1fae5493d384cb656ecf5a945cc9ae3b8,other,NA,NA,
run_006,revocation,revocation_1772961828,revoke-irs3-1772961828,revoke-irs3-1772961828,,revocation_submit_done,revocation_voted,2026-03-08T09:23:50.601695Z,2026-03-08T09:23:53.57387228Z,/var/lib/docker/volumes,ab96d922f06ec7a94f1b5200e75e480c9ed7eba86fbbe33b5cb9edbe031c6ea8,other,49770,49770,0
run_006,revocation,revocation_1772961828,revoke-irs3-1772961828,revoke-irs3-1772961828,,revocation_submit_done,revocation_voted,2026-03-08T09:23:50.601695Z,2026-03-08T09:23:53.57387228Z,/var/lib/docker/volumes,b8143ef8453ad18871b4b4e0ba6041764a2cda76bc6f516fa468de5fd6585e72,other,49770,49770,0
run_006,revocation,revocation_1772961828,revoke-irs3-1772961828,revoke-irs3-1772961828,,revocation_submit_done,revocation_voted,2026-03-08T09:23:50.601695Z,2026-03-08T09:23:53.57387228Z,/var/lib/docker/volumes,ce313f18292c11d1170b9839e1af2e5976d1858048740f79d790d8aed673a5a4,other,NA,NA,
run_006,revocation,revocation_1772961828,revoke-irs3-1772961828,revoke-irs3-1772961828,,revocation_submit_done,revocation_voted,2026-03-08T09:23:50.601695Z,2026-03-08T09:23:53.57387228Z,/var/lib/docker/volumes,d9b7785a06954372515977133a1213437b80c5db1517196ca5e26134d3413ccf,other,NA,NA,
run_006,revocation,revocation_1772961828,revoke-irs3-1772961828,revoke-irs3-1772961828,,revocation_submit_done,revocation_voted,2026-03-08T09:23:50.601695Z,2026-03-08T09:23:53.57387228Z,/var/lib/docker/volumes,e0eec01c85bd157680e466dd14073f2a433b51342ff770c3a292c984a51f226b,other,NA,NA,
run_006,revocation,revocation_1772961828,revoke-irs3-1772961828,revoke-irs3-1772961828,,revocation_submit_done,revocation_voted,2026-03-08T09:23:50.601695Z,2026-03-08T09:23:53.57387228Z,/var/lib/docker/volumes,fabric_orderer.kit.edu,orderer,130989091,131010268,21177
run_006,revocation,revocation_1772961828,revoke-irs3-1772961828,revoke-irs3-1772961828,,revocation_submit_done,revocation_voted,2026-03-08T09:23:50.601695Z,2026-03-08T09:23:53.57387228Z,/var/lib/docker/volumes,fabric_peer0.irs1.kit.edu,other,5006,5006,0
run_006,revocation,revocation_1772961828,revoke-irs3-1772961828,revoke-irs3-1772961828,,revocation_submit_done,revocation_voted,2026-03-08T09:23:50.601695Z,2026-03-08T09:23:53.57387228Z,/var/lib/docker/volumes,fabric_peer0.irs3.kit.edu,peer,29723428,29746843,23415
run_006,revocation,revocation_1772961828,revoke-irs3-1772961828,revoke-irs3-1772961828,,revocation_submit_done,revocation_voted,2026-03-08T09:23:50.601695Z,2026-03-08T09:23:53.57387228Z,/var/lib/docker/volumes,fabric_peer1.irs3.kit.edu,other,29722003,29745418,23415
run_006,revocation,revocation_1772961828,revoke-irs3-1772961828,revoke-irs3-1772961828,,revocation_submit_done,revocation_voted,2026-03-08T09:23:50.601695Z,2026-03-08T09:23:53.57387228Z,/var/lib/docker/volumes,fabric_peer2.irs3.kit.edu,other,29722000,29745415,23415
run_006,revocation,revocation_1772961828,revoke-irs3-1772961828,revoke-irs3-1772961828,,revocation_submit_done,revocation_voted,2026-03-08T09:23:50.601695Z,2026-03-08T09:23:53.57387228Z,/var/lib/docker/volumes,fabric_peer3.irs3.kit.edu,other,29723425,29746840,23415
run_006,revocation,revocation_1772961828,revoke-irs3-1772961828,revoke-irs3-1772961828,,revocation_voted,revocation_executed,2026-03-08T09:23:53.57387228Z,2026-03-08T09:23:55.990963575Z,/var/lib/docker/volumes,002a2c976d26a3f9c7eff06e2f9efe095908dd0ee21b2715cc202589b435aec2,other,NA,NA,
run_006,revocation,revocation_1772961828,revoke-irs3-1772961828,revoke-irs3-1772961828,,revocation_voted,revocation_executed,2026-03-08T09:23:53.57387228Z,2026-03-08T09:23:55.990963575Z,/var/lib/docker/volumes,35a02607c21ea95db05e7150f71e6e704f4d6479a4a76375ed8ec3cbfc5ec094,other,NA,NA,
run_006,revocation,revocation_1772961828,revoke-irs3-1772961828,revoke-irs3-1772961828,,revocation_voted,revocation_executed,2026-03-08T09:23:53.57387228Z,2026-03-08T09:23:55.990963575Z,/var/lib/docker/volumes,791e62bfc17bf044236c3dcb5d77ec82610b27aa4d5f3c78aff2e2842f98f9ee,other,NA,NA,
run_006,revocation,revocation_1772961828,revoke-irs3-1772961828,revoke-irs3-1772961828,,revocation_voted,revocation_executed,2026-03-08T09:23:53.57387228Z,2026-03-08T09:23:55.990963575Z,/var/lib/docker/volumes,91dbb4452b1c3709e842113c225d65a63eab07cdac1110f244a9dfbdddb57dbf,other,NA,NA,
run_006,revocation,revocation_1772961828,revoke-irs3-1772961828,revoke-irs3-1772961828,,revocation_voted,revocation_executed,2026-03-08T09:23:53.57387228Z,2026-03-08T09:23:55.990963575Z,/var/lib/docker/volumes,99ac8c723665556c954d288ca00335f1fae5493d384cb656ecf5a945cc9ae3b8,other,NA,NA,
run_006,revocation,revocation_1772961828,revoke-irs3-1772961828,revoke-irs3-1772961828,,revocation_voted,revocation_executed,2026-03-08T09:23:53.57387228Z,2026-03-08T09:23:55.990963575Z,/var/lib/docker/volumes,ab96d922f06ec7a94f1b5200e75e480c9ed7eba86fbbe33b5cb9edbe031c6ea8,other,49770,49770,0
run_006,revocation,revocation_1772961828,revoke-irs3-1772961828,revoke-irs3-1772961828,,revocation_voted,revocation_executed,2026-03-08T09:23:53.57387228Z,2026-03-08T09:23:55.990963575Z,/var/lib/docker/volumes,b8143ef8453ad18871b4b4e0ba6041764a2cda76bc6f516fa468de5fd6585e72,other,49770,49770,0
run_006,revocation,revocation_1772961828,revoke-irs3-1772961828,revoke-irs3-1772961828,,revocation_voted,revocation_executed,2026-03-08T09:23:53.57387228Z,2026-03-08T09:23:55.990963575Z,/var/lib/docker/volumes,ce313f18292c11d1170b9839e1af2e5976d1858048740f79d790d8aed673a5a4,other,NA,NA,
run_006,revocation,revocation_1772961828,revoke-irs3-1772961828,revoke-irs3-1772961828,,revocation_voted,revocation_executed,2026-03-08T09:23:53.57387228Z,2026-03-08T09:23:55.990963575Z,/var/lib/docker/volumes,d9b7785a06954372515977133a1213437b80c5db1517196ca5e26134d3413ccf,other,NA,NA,
run_006,revocation,revocation_1772961828,revoke-irs3-1772961828,revoke-irs3-1772961828,,revocation_voted,revocation_executed,2026-03-08T09:23:53.57387228Z,2026-03-08T09:23:55.990963575Z,/var/lib/docker/volumes,e0eec01c85bd157680e466dd14073f2a433b51342ff770c3a292c984a51f226b,other,NA,NA,
run_006,revocation,revocation_1772961828,revoke-irs3-1772961828,revoke-irs3-1772961828,,revocation_voted,revocation_executed,2026-03-08T09:23:53.57387228Z,2026-03-08T09:23:55.990963575Z,/var/lib/docker/volumes,fabric_orderer.kit.edu,orderer,131010268,131031344,21076
run_006,revocation,revocation_1772961828,revoke-irs3-1772961828,revoke-irs3-1772961828,,revocation_voted,revocation_executed,2026-03-08T09:23:53.57387228Z,2026-03-08T09:23:55.990963575Z,/var/lib/docker/volumes,fabric_peer0.irs1.kit.edu,other,5006,5006,0
run_006,revocation,revocation_1772961828,revoke-irs3-1772961828,revoke-irs3-1772961828,,revocation_voted,revocation_executed,2026-03-08T09:23:53.57387228Z,2026-03-08T09:23:55.990963575Z,/var/lib/docker/volumes,fabric_peer0.irs3.kit.edu,peer,29746843,29773587,26744
run_006,revocation,revocation_1772961828,revoke-irs3-1772961828,revoke-irs3-1772961828,,revocation_voted,revocation_executed,2026-03-08T09:23:53.57387228Z,2026-03-08T09:23:55.990963575Z,/var/lib/docker/volumes,fabric_peer1.irs3.kit.edu,other,29745418,29772162,26744
run_006,revocation,revocation_1772961828,revoke-irs3-1772961828,revoke-irs3-1772961828,,revocation_voted,revocation_executed,2026-03-08T09:23:53.57387228Z,2026-03-08T09:23:55.990963575Z,/var/lib/docker/volumes,fabric_peer2.irs3.kit.edu,other,29745415,29772159,26744
run_006,revocation,revocation_1772961828,revoke-irs3-1772961828,revoke-irs3-1772961828,,revocation_voted,revocation_executed,2026-03-08T09:23:53.57387228Z,2026-03-08T09:23:55.990963575Z,/var/lib/docker/volumes,fabric_peer3.irs3.kit.edu,other,29746840,29773584,26744
run_006,revocation,revocation_1772961828,revoke-irs3-1772961828,revoke-irs3-1772961828,,revocation_executed,operation_end,2026-03-08T09:23:55.990963575Z,2026-03-08T09:23:57.004339Z,/var/lib/docker/volumes,002a2c976d26a3f9c7eff06e2f9efe095908dd0ee21b2715cc202589b435aec2,other,NA,NA,
run_006,revocation,revocation_1772961828,revoke-irs3-1772961828,revoke-irs3-1772961828,,revocation_executed,operation_end,2026-03-08T09:23:55.990963575Z,2026-03-08T09:23:57.004339Z,/var/lib/docker/volumes,35a02607c21ea95db05e7150f71e6e704f4d6479a4a76375ed8ec3cbfc5ec094,other,NA,NA,
run_006,revocation,revocation_1772961828,revoke-irs3-1772961828,revoke-irs3-1772961828,,revocation_executed,operation_end,2026-03-08T09:23:55.990963575Z,2026-03-08T09:23:57.004339Z,/var/lib/docker/volumes,791e62bfc17bf044236c3dcb5d77ec82610b27aa4d5f3c78aff2e2842f98f9ee,other,NA,NA,
run_006,revocation,revocation_1772961828,revoke-irs3-1772961828,revoke-irs3-1772961828,,revocation_executed,operation_end,2026-03-08T09:23:55.990963575Z,2026-03-08T09:23:57.004339Z,/var/lib/docker/volumes,91dbb4452b1c3709e842113c225d65a63eab07cdac1110f244a9dfbdddb57dbf,other,NA,NA,
run_006,revocation,revocation_1772961828,revoke-irs3-1772961828,revoke-irs3-1772961828,,revocation_executed,operation_end,2026-03-08T09:23:55.990963575Z,2026-03-08T09:23:57.004339Z,/var/lib/docker/volumes,99ac8c723665556c954d288ca00335f1fae5493d384cb656ecf5a945cc9ae3b8,other,NA,NA,
run_006,revocation,revocation_1772961828,revoke-irs3-1772961828,revoke-irs3-1772961828,,revocation_executed,operation_end,2026-03-08T09:23:55.990963575Z,2026-03-08T09:23:57.004339Z,/var/lib/docker/volumes,ab96d922f06ec7a94f1b5200e75e480c9ed7eba86fbbe33b5cb9edbe031c6ea8,other,49770,49770,0
run_006,revocation,revocation_1772961828,revoke-irs3-1772961828,revoke-irs3-1772961828,,revocation_executed,operation_end,2026-03-08T09:23:55.990963575Z,2026-03-08T09:23:57.004339Z,/var/lib/docker/volumes,b8143ef8453ad18871b4b4e0ba6041764a2cda76bc6f516fa468de5fd6585e72,other,49770,49770,0
run_006,revocation,revocation_1772961828,revoke-irs3-1772961828,revoke-irs3-1772961828,,revocation_executed,operation_end,2026-03-08T09:23:55.990963575Z,2026-03-08T09:23:57.004339Z,/var/lib/docker/volumes,ce313f18292c11d1170b9839e1af2e5976d1858048740f79d790d8aed673a5a4,other,NA,NA,
run_006,revocation,revocation_1772961828,revoke-irs3-1772961828,revoke-irs3-1772961828,,revocation_executed,operation_end,2026-03-08T09:23:55.990963575Z,2026-03-08T09:23:57.004339Z,/var/lib/docker/volumes,d9b7785a06954372515977133a1213437b80c5db1517196ca5e26134d3413ccf,other,NA,NA,
run_006,revocation,revocation_1772961828,revoke-irs3-1772961828,revoke-irs3-1772961828,,revocation_executed,operation_end,2026-03-08T09:23:55.990963575Z,2026-03-08T09:23:57.004339Z,/var/lib/docker/volumes,e0eec01c85bd157680e466dd14073f2a433b51342ff770c3a292c984a51f226b,other,NA,NA,
run_006,revocation,revocation_1772961828,revoke-irs3-1772961828,revoke-irs3-1772961828,,revocation_executed,operation_end,2026-03-08T09:23:55.990963575Z,2026-03-08T09:23:57.004339Z,/var/lib/docker/volumes,fabric_orderer.kit.edu,orderer,131031344,131031344,0
run_006,revocation,revocation_1772961828,revoke-irs3-1772961828,revoke-irs3-1772961828,,revocation_executed,operation_end,2026-03-08T09:23:55.990963575Z,2026-03-08T09:23:57.004339Z,/var/lib/docker/volumes,fabric_peer0.irs1.kit.edu,other,5006,5006,0
run_006,revocation,revocation_1772961828,revoke-irs3-1772961828,revoke-irs3-1772961828,,revocation_executed,operation_end,2026-03-08T09:23:55.990963575Z,2026-03-08T09:23:57.004339Z,/var/lib/docker/volumes,fabric_peer0.irs3.kit.edu,peer,29773587,29773587,0
run_006,revocation,revocation_1772961828,revoke-irs3-1772961828,revoke-irs3-1772961828,,revocation_executed,operation_end,2026-03-08T09:23:55.990963575Z,2026-03-08T09:23:57.004339Z,/var/lib/docker/volumes,fabric_peer1.irs3.kit.edu,other,29772162,29772162,0
run_006,revocation,revocation_1772961828,revoke-irs3-1772961828,revoke-irs3-1772961828,,revocation_executed,operation_end,2026-03-08T09:23:55.990963575Z,2026-03-08T09:23:57.004339Z,/var/lib/docker/volumes,fabric_peer2.irs3.kit.edu,other,29772159,29772159,0
run_006,revocation,revocation_1772961828,revoke-irs3-1772961828,revoke-irs3-1772961828,,revocation_executed,operation_end,2026-03-08T09:23:55.990963575Z,2026-03-08T09:23:57.004339Z,/var/lib/docker/volumes,fabric_peer3.irs3.kit.edu,other,29773584,29773584,0
run_006,removal,removal_1772961855,remove-irs3-member1-1772961855,remove-irs3-member1-1772961855,14,operation_start,removal_submit_done,2026-03-08T09:24:15.257988Z,2026-03-08T09:24:17.654446Z,/var/lib/docker/volumes,002a2c976d26a3f9c7eff06e2f9efe095908dd0ee21b2715cc202589b435aec2,other,NA,NA,
run_006,removal,removal_1772961855,remove-irs3-member1-1772961855,remove-irs3-member1-1772961855,14,operation_start,removal_submit_done,2026-03-08T09:24:15.257988Z,2026-03-08T09:24:17.654446Z,/var/lib/docker/volumes,35a02607c21ea95db05e7150f71e6e704f4d6479a4a76375ed8ec3cbfc5ec094,other,NA,NA,
run_006,removal,removal_1772961855,remove-irs3-member1-1772961855,remove-irs3-member1-1772961855,14,operation_start,removal_submit_done,2026-03-08T09:24:15.257988Z,2026-03-08T09:24:17.654446Z,/var/lib/docker/volumes,791e62bfc17bf044236c3dcb5d77ec82610b27aa4d5f3c78aff2e2842f98f9ee,other,NA,NA,
run_006,removal,removal_1772961855,remove-irs3-member1-1772961855,remove-irs3-member1-1772961855,14,operation_start,removal_submit_done,2026-03-08T09:24:15.257988Z,2026-03-08T09:24:17.654446Z,/var/lib/docker/volumes,91dbb4452b1c3709e842113c225d65a63eab07cdac1110f244a9dfbdddb57dbf,other,NA,NA,
run_006,removal,removal_1772961855,remove-irs3-member1-1772961855,remove-irs3-member1-1772961855,14,operation_start,removal_submit_done,2026-03-08T09:24:15.257988Z,2026-03-08T09:24:17.654446Z,/var/lib/docker/volumes,99ac8c723665556c954d288ca00335f1fae5493d384cb656ecf5a945cc9ae3b8,other,NA,NA,
run_006,removal,removal_1772961855,remove-irs3-member1-1772961855,remove-irs3-member1-1772961855,14,operation_start,removal_submit_done,2026-03-08T09:24:15.257988Z,2026-03-08T09:24:17.654446Z,/var/lib/docker/volumes,ab96d922f06ec7a94f1b5200e75e480c9ed7eba86fbbe33b5cb9edbe031c6ea8,other,49770,49770,0
run_006,removal,removal_1772961855,remove-irs3-member1-1772961855,remove-irs3-member1-1772961855,14,operation_start,removal_submit_done,2026-03-08T09:24:15.257988Z,2026-03-08T09:24:17.654446Z,/var/lib/docker/volumes,b8143ef8453ad18871b4b4e0ba6041764a2cda76bc6f516fa468de5fd6585e72,other,49770,49770,0
run_006,removal,removal_1772961855,remove-irs3-member1-1772961855,remove-irs3-member1-1772961855,14,operation_start,removal_submit_done,2026-03-08T09:24:15.257988Z,2026-03-08T09:24:17.654446Z,/var/lib/docker/volumes,ce313f18292c11d1170b9839e1af2e5976d1858048740f79d790d8aed673a5a4,other,NA,NA,
run_006,removal,removal_1772961855,remove-irs3-member1-1772961855,remove-irs3-member1-1772961855,14,operation_start,removal_submit_done,2026-03-08T09:24:15.257988Z,2026-03-08T09:24:17.654446Z,/var/lib/docker/volumes,d9b7785a06954372515977133a1213437b80c5db1517196ca5e26134d3413ccf,other,NA,NA,
run_006,removal,removal_1772961855,remove-irs3-member1-1772961855,remove-irs3-member1-1772961855,14,operation_start,removal_submit_done,2026-03-08T09:24:15.257988Z,2026-03-08T09:24:17.654446Z,/var/lib/docker/volumes,e0eec01c85bd157680e466dd14073f2a433b51342ff770c3a292c984a51f226b,other,NA,NA,
run_006,removal,removal_1772961855,remove-irs3-member1-1772961855,remove-irs3-member1-1772961855,14,operation_start,removal_submit_done,2026-03-08T09:24:15.257988Z,2026-03-08T09:24:17.654446Z,/var/lib/docker/volumes,fabric_orderer.kit.edu,orderer,131031344,131039530,8186
run_006,removal,removal_1772961855,remove-irs3-member1-1772961855,remove-irs3-member1-1772961855,14,operation_start,removal_submit_done,2026-03-08T09:24:15.257988Z,2026-03-08T09:24:17.654446Z,/var/lib/docker/volumes,fabric_peer0.irs1.kit.edu,other,5006,5006,0
run_006,removal,removal_1772961855,remove-irs3-member1-1772961855,remove-irs3-member1-1772961855,14,operation_start,removal_submit_done,2026-03-08T09:24:15.257988Z,2026-03-08T09:24:17.654446Z,/var/lib/docker/volumes,fabric_peer0.irs3.kit.edu,peer,29773587,29782880,9293
run_006,removal,removal_1772961855,remove-irs3-member1-1772961855,remove-irs3-member1-1772961855,14,operation_start,removal_submit_done,2026-03-08T09:24:15.257988Z,2026-03-08T09:24:17.654446Z,/var/lib/docker/volumes,fabric_peer1.irs3.kit.edu,other,29772162,29781455,9293
run_006,removal,removal_1772961855,remove-irs3-member1-1772961855,remove-irs3-member1-1772961855,14,operation_start,removal_submit_done,2026-03-08T09:24:15.257988Z,2026-03-08T09:24:17.654446Z,/var/lib/docker/volumes,fabric_peer2.irs3.kit.edu,other,29772159,29781452,9293
run_006,removal,removal_1772961855,remove-irs3-member1-1772961855,remove-irs3-member1-1772961855,14,operation_start,removal_submit_done,2026-03-08T09:24:15.257988Z,2026-03-08T09:24:17.654446Z,/var/lib/docker/volumes,fabric_peer3.irs3.kit.edu,other,29773584,29782877,9293
run_006,removal,removal_1772961855,remove-irs3-member1-1772961855,remove-irs3-member1-1772961855,14,removal_submit_done,removal_voted,2026-03-08T09:24:17.654446Z,2026-03-08T09:24:20.517180876Z,/var/lib/docker/volumes,002a2c976d26a3f9c7eff06e2f9efe095908dd0ee21b2715cc202589b435aec2,other,NA,NA,
run_006,removal,removal_1772961855,remove-irs3-member1-1772961855,remove-irs3-member1-1772961855,14,removal_submit_done,removal_voted,2026-03-08T09:24:17.654446Z,2026-03-08T09:24:20.517180876Z,/var/lib/docker/volumes,35a02607c21ea95db05e7150f71e6e704f4d6479a4a76375ed8ec3cbfc5ec094,other,NA,NA,
run_006,removal,removal_1772961855,remove-irs3-member1-1772961855,remove-irs3-member1-1772961855,14,removal_submit_done,removal_voted,2026-03-08T09:24:17.654446Z,2026-03-08T09:24:20.517180876Z,/var/lib/docker/volumes,791e62bfc17bf044236c3dcb5d77ec82610b27aa4d5f3c78aff2e2842f98f9ee,other,NA,NA,
run_006,removal,removal_1772961855,remove-irs3-member1-1772961855,remove-irs3-member1-1772961855,14,removal_submit_done,removal_voted,2026-03-08T09:24:17.654446Z,2026-03-08T09:24:20.517180876Z,/var/lib/docker/volumes,91dbb4452b1c3709e842113c225d65a63eab07cdac1110f244a9dfbdddb57dbf,other,NA,NA,
run_006,removal,removal_1772961855,remove-irs3-member1-1772961855,remove-irs3-member1-1772961855,14,removal_submit_done,removal_voted,2026-03-08T09:24:17.654446Z,2026-03-08T09:24:20.517180876Z,/var/lib/docker/volumes,99ac8c723665556c954d288ca00335f1fae5493d384cb656ecf5a945cc9ae3b8,other,NA,NA,
run_006,removal,removal_1772961855,remove-irs3-member1-1772961855,remove-irs3-member1-1772961855,14,removal_submit_done,removal_voted,2026-03-08T09:24:17.654446Z,2026-03-08T09:24:20.517180876Z,/var/lib/docker/volumes,ab96d922f06ec7a94f1b5200e75e480c9ed7eba86fbbe33b5cb9edbe031c6ea8,other,49770,49770,0
run_006,removal,removal_1772961855,remove-irs3-member1-1772961855,remove-irs3-member1-1772961855,14,removal_submit_done,removal_voted,2026-03-08T09:24:17.654446Z,2026-03-08T09:24:20.517180876Z,/var/lib/docker/volumes,b8143ef8453ad18871b4b4e0ba6041764a2cda76bc6f516fa468de5fd6585e72,other,49770,49770,0
run_006,removal,removal_1772961855,remove-irs3-member1-1772961855,remove-irs3-member1-1772961855,14,removal_submit_done,removal_voted,2026-03-08T09:24:17.654446Z,2026-03-08T09:24:20.517180876Z,/var/lib/docker/volumes,ce313f18292c11d1170b9839e1af2e5976d1858048740f79d790d8aed673a5a4,other,NA,NA,
run_006,removal,removal_1772961855,remove-irs3-member1-1772961855,remove-irs3-member1-1772961855,14,removal_submit_done,removal_voted,2026-03-08T09:24:17.654446Z,2026-03-08T09:24:20.517180876Z,/var/lib/docker/volumes,d9b7785a06954372515977133a1213437b80c5db1517196ca5e26134d3413ccf,other,NA,NA,
run_006,removal,removal_1772961855,remove-irs3-member1-1772961855,remove-irs3-member1-1772961855,14,removal_submit_done,removal_voted,2026-03-08T09:24:17.654446Z,2026-03-08T09:24:20.517180876Z,/var/lib/docker/volumes,e0eec01c85bd157680e466dd14073f2a433b51342ff770c3a292c984a51f226b,other,NA,NA,
run_006,removal,removal_1772961855,remove-irs3-member1-1772961855,remove-irs3-member1-1772961855,14,removal_submit_done,removal_voted,2026-03-08T09:24:17.654446Z,2026-03-08T09:24:20.517180876Z,/var/lib/docker/volumes,fabric_orderer.kit.edu,orderer,131039530,131061898,22368
run_006,removal,removal_1772961855,remove-irs3-member1-1772961855,remove-irs3-member1-1772961855,14,removal_submit_done,removal_voted,2026-03-08T09:24:17.654446Z,2026-03-08T09:24:20.517180876Z,/var/lib/docker/volumes,fabric_peer0.irs1.kit.edu,other,5006,5006,0
run_006,removal,removal_1772961855,remove-irs3-member1-1772961855,remove-irs3-member1-1772961855,14,removal_submit_done,removal_voted,2026-03-08T09:24:17.654446Z,2026-03-08T09:24:20.517180876Z,/var/lib/docker/volumes,fabric_peer0.irs3.kit.edu,peer,29782880,29807598,24718
run_006,removal,removal_1772961855,remove-irs3-member1-1772961855,remove-irs3-member1-1772961855,14,removal_submit_done,removal_voted,2026-03-08T09:24:17.654446Z,2026-03-08T09:24:20.517180876Z,/var/lib/docker/volumes,fabric_peer1.irs3.kit.edu,other,29781455,29806173,24718
run_006,removal,removal_1772961855,remove-irs3-member1-1772961855,remove-irs3-member1-1772961855,14,removal_submit_done,removal_voted,2026-03-08T09:24:17.654446Z,2026-03-08T09:24:20.517180876Z,/var/lib/docker/volumes,fabric_peer2.irs3.kit.edu,other,29781452,29806170,24718
run_006,removal,removal_1772961855,remove-irs3-member1-1772961855,remove-irs3-member1-1772961855,14,removal_submit_done,removal_voted,2026-03-08T09:24:17.654446Z,2026-03-08T09:24:20.517180876Z,/var/lib/docker/volumes,fabric_peer3.irs3.kit.edu,other,29782877,29807595,24718
run_006,removal,removal_1772961855,remove-irs3-member1-1772961855,remove-irs3-member1-1772961855,14,removal_voted,removal_approved,2026-03-08T09:24:20.517180876Z,2026-03-08T09:24:22.996861477Z,/var/lib/docker/volumes,002a2c976d26a3f9c7eff06e2f9efe095908dd0ee21b2715cc202589b435aec2,other,NA,NA,
run_006,removal,removal_1772961855,remove-irs3-member1-1772961855,remove-irs3-member1-1772961855,14,removal_voted,removal_approved,2026-03-08T09:24:20.517180876Z,2026-03-08T09:24:22.996861477Z,/var/lib/docker/volumes,35a02607c21ea95db05e7150f71e6e704f4d6479a4a76375ed8ec3cbfc5ec094,other,NA,NA,
run_006,removal,removal_1772961855,remove-irs3-member1-1772961855,remove-irs3-member1-1772961855,14,removal_voted,removal_approved,2026-03-08T09:24:20.517180876Z,2026-03-08T09:24:22.996861477Z,/var/lib/docker/volumes,791e62bfc17bf044236c3dcb5d77ec82610b27aa4d5f3c78aff2e2842f98f9ee,other,NA,NA,
run_006,removal,removal_1772961855,remove-irs3-member1-1772961855,remove-irs3-member1-1772961855,14,removal_voted,removal_approved,2026-03-08T09:24:20.517180876Z,2026-03-08T09:24:22.996861477Z,/var/lib/docker/volumes,91dbb4452b1c3709e842113c225d65a63eab07cdac1110f244a9dfbdddb57dbf,other,NA,NA,
run_006,removal,removal_1772961855,remove-irs3-member1-1772961855,remove-irs3-member1-1772961855,14,removal_voted,removal_approved,2026-03-08T09:24:20.517180876Z,2026-03-08T09:24:22.996861477Z,/var/lib/docker/volumes,99ac8c723665556c954d288ca00335f1fae5493d384cb656ecf5a945cc9ae3b8,other,NA,NA,
run_006,removal,removal_1772961855,remove-irs3-member1-1772961855,remove-irs3-member1-1772961855,14,removal_voted,removal_approved,2026-03-08T09:24:20.517180876Z,2026-03-08T09:24:22.996861477Z,/var/lib/docker/volumes,ab96d922f06ec7a94f1b5200e75e480c9ed7eba86fbbe33b5cb9edbe031c6ea8,other,49770,49770,0
run_006,removal,removal_1772961855,remove-irs3-member1-1772961855,remove-irs3-member1-1772961855,14,removal_voted,removal_approved,2026-03-08T09:24:20.517180876Z,2026-03-08T09:24:22.996861477Z,/var/lib/docker/volumes,b8143ef8453ad18871b4b4e0ba6041764a2cda76bc6f516fa468de5fd6585e72,other,49770,49770,0
run_006,removal,removal_1772961855,remove-irs3-member1-1772961855,remove-irs3-member1-1772961855,14,removal_voted,removal_approved,2026-03-08T09:24:20.517180876Z,2026-03-08T09:24:22.996861477Z,/var/lib/docker/volumes,ce313f18292c11d1170b9839e1af2e5976d1858048740f79d790d8aed673a5a4,other,NA,NA,
run_006,removal,removal_1772961855,remove-irs3-member1-1772961855,remove-irs3-member1-1772961855,14,removal_voted,removal_approved,2026-03-08T09:24:20.517180876Z,2026-03-08T09:24:22.996861477Z,/var/lib/docker/volumes,d9b7785a06954372515977133a1213437b80c5db1517196ca5e26134d3413ccf,other,NA,NA,
run_006,removal,removal_1772961855,remove-irs3-member1-1772961855,remove-irs3-member1-1772961855,14,removal_voted,removal_approved,2026-03-08T09:24:20.517180876Z,2026-03-08T09:24:22.996861477Z,/var/lib/docker/volumes,e0eec01c85bd157680e466dd14073f2a433b51342ff770c3a292c984a51f226b,other,NA,NA,
run_006,removal,removal_1772961855,remove-irs3-member1-1772961855,remove-irs3-member1-1772961855,14,removal_voted,removal_approved,2026-03-08T09:24:20.517180876Z,2026-03-08T09:24:22.996861477Z,/var/lib/docker/volumes,fabric_orderer.kit.edu,orderer,131061898,131081179,19281
run_006,removal,removal_1772961855,remove-irs3-member1-1772961855,remove-irs3-member1-1772961855,14,removal_voted,removal_approved,2026-03-08T09:24:20.517180876Z,2026-03-08T09:24:22.996861477Z,/var/lib/docker/volumes,fabric_peer0.irs1.kit.edu,other,5006,5006,0
run_006,removal,removal_1772961855,remove-irs3-member1-1772961855,remove-irs3-member1-1772961855,14,removal_voted,removal_approved,2026-03-08T09:24:20.517180876Z,2026-03-08T09:24:22.996861477Z,/var/lib/docker/volumes,fabric_peer0.irs3.kit.edu,peer,29807598,29831471,23873
run_006,removal,removal_1772961855,remove-irs3-member1-1772961855,remove-irs3-member1-1772961855,14,removal_voted,removal_approved,2026-03-08T09:24:20.517180876Z,2026-03-08T09:24:22.996861477Z,/var/lib/docker/volumes,fabric_peer1.irs3.kit.edu,other,29806173,29830046,23873
run_006,removal,removal_1772961855,remove-irs3-member1-1772961855,remove-irs3-member1-1772961855,14,removal_voted,removal_approved,2026-03-08T09:24:20.517180876Z,2026-03-08T09:24:22.996861477Z,/var/lib/docker/volumes,fabric_peer2.irs3.kit.edu,other,29806170,29830043,23873
run_006,removal,removal_1772961855,remove-irs3-member1-1772961855,remove-irs3-member1-1772961855,14,removal_voted,removal_approved,2026-03-08T09:24:20.517180876Z,2026-03-08T09:24:22.996861477Z,/var/lib/docker/volumes,fabric_peer3.irs3.kit.edu,other,29807595,29831468,23873
run_006,removal,removal_1772961855,remove-irs3-member1-1772961855,remove-irs3-member1-1772961855,14,removal_approved,reshare_started,2026-03-08T09:24:22.996861477Z,2026-03-08T09:24:24.049875Z,/var/lib/docker/volumes,002a2c976d26a3f9c7eff06e2f9efe095908dd0ee21b2715cc202589b435aec2,other,NA,NA,
run_006,removal,removal_1772961855,remove-irs3-member1-1772961855,remove-irs3-member1-1772961855,14,removal_approved,reshare_started,2026-03-08T09:24:22.996861477Z,2026-03-08T09:24:24.049875Z,/var/lib/docker/volumes,35a02607c21ea95db05e7150f71e6e704f4d6479a4a76375ed8ec3cbfc5ec094,other,NA,NA,
run_006,removal,removal_1772961855,remove-irs3-member1-1772961855,remove-irs3-member1-1772961855,14,removal_approved,reshare_started,2026-03-08T09:24:22.996861477Z,2026-03-08T09:24:24.049875Z,/var/lib/docker/volumes,791e62bfc17bf044236c3dcb5d77ec82610b27aa4d5f3c78aff2e2842f98f9ee,other,NA,NA,
run_006,removal,removal_1772961855,remove-irs3-member1-1772961855,remove-irs3-member1-1772961855,14,removal_approved,reshare_started,2026-03-08T09:24:22.996861477Z,2026-03-08T09:24:24.049875Z,/var/lib/docker/volumes,91dbb4452b1c3709e842113c225d65a63eab07cdac1110f244a9dfbdddb57dbf,other,NA,NA,
run_006,removal,removal_1772961855,remove-irs3-member1-1772961855,remove-irs3-member1-1772961855,14,removal_approved,reshare_started,2026-03-08T09:24:22.996861477Z,2026-03-08T09:24:24.049875Z,/var/lib/docker/volumes,99ac8c723665556c954d288ca00335f1fae5493d384cb656ecf5a945cc9ae3b8,other,NA,NA,
run_006,removal,removal_1772961855,remove-irs3-member1-1772961855,remove-irs3-member1-1772961855,14,removal_approved,reshare_started,2026-03-08T09:24:22.996861477Z,2026-03-08T09:24:24.049875Z,/var/lib/docker/volumes,ab96d922f06ec7a94f1b5200e75e480c9ed7eba86fbbe33b5cb9edbe031c6ea8,other,49770,49770,0
run_006,removal,removal_1772961855,remove-irs3-member1-1772961855,remove-irs3-member1-1772961855,14,removal_approved,reshare_started,2026-03-08T09:24:22.996861477Z,2026-03-08T09:24:24.049875Z,/var/lib/docker/volumes,b8143ef8453ad18871b4b4e0ba6041764a2cda76bc6f516fa468de5fd6585e72,other,49770,49770,0
run_006,removal,removal_1772961855,remove-irs3-member1-1772961855,remove-irs3-member1-1772961855,14,removal_approved,reshare_started,2026-03-08T09:24:22.996861477Z,2026-03-08T09:24:24.049875Z,/var/lib/docker/volumes,ce313f18292c11d1170b9839e1af2e5976d1858048740f79d790d8aed673a5a4,other,NA,NA,
run_006,removal,removal_1772961855,remove-irs3-member1-1772961855,remove-irs3-member1-1772961855,14,removal_approved,reshare_started,2026-03-08T09:24:22.996861477Z,2026-03-08T09:24:24.049875Z,/var/lib/docker/volumes,d9b7785a06954372515977133a1213437b80c5db1517196ca5e26134d3413ccf,other,NA,NA,
run_006,removal,removal_1772961855,remove-irs3-member1-1772961855,remove-irs3-member1-1772961855,14,removal_approved,reshare_started,2026-03-08T09:24:22.996861477Z,2026-03-08T09:24:24.049875Z,/var/lib/docker/volumes,e0eec01c85bd157680e466dd14073f2a433b51342ff770c3a292c984a51f226b,other,NA,NA,
run_006,removal,removal_1772961855,remove-irs3-member1-1772961855,remove-irs3-member1-1772961855,14,removal_approved,reshare_started,2026-03-08T09:24:22.996861477Z,2026-03-08T09:24:24.049875Z,/var/lib/docker/volumes,fabric_orderer.kit.edu,orderer,131081179,131081179,0
run_006,removal,removal_1772961855,remove-irs3-member1-1772961855,remove-irs3-member1-1772961855,14,removal_approved,reshare_started,2026-03-08T09:24:22.996861477Z,2026-03-08T09:24:24.049875Z,/var/lib/docker/volumes,fabric_peer0.irs1.kit.edu,other,5006,5006,0
run_006,removal,removal_1772961855,remove-irs3-member1-1772961855,remove-irs3-member1-1772961855,14,removal_approved,reshare_started,2026-03-08T09:24:22.996861477Z,2026-03-08T09:24:24.049875Z,/var/lib/docker/volumes,fabric_peer0.irs3.kit.edu,peer,29831471,29831471,0
run_006,removal,removal_1772961855,remove-irs3-member1-1772961855,remove-irs3-member1-1772961855,14,removal_approved,reshare_started,2026-03-08T09:24:22.996861477Z,2026-03-08T09:24:24.049875Z,/var/lib/docker/volumes,fabric_peer1.irs3.kit.edu,other,29830046,29830046,0
run_006,removal,removal_1772961855,remove-irs3-member1-1772961855,remove-irs3-member1-1772961855,14,removal_approved,reshare_started,2026-03-08T09:24:22.996861477Z,2026-03-08T09:24:24.049875Z,/var/lib/docker/volumes,fabric_peer2.irs3.kit.edu,other,29830043,29830043,0
run_006,removal,removal_1772961855,remove-irs3-member1-1772961855,remove-irs3-member1-1772961855,14,removal_approved,reshare_started,2026-03-08T09:24:22.996861477Z,2026-03-08T09:24:24.049875Z,/var/lib/docker/volumes,fabric_peer3.irs3.kit.edu,other,29831468,29831468,0
run_006,removal,removal_1772961855,remove-irs3-member1-1772961855,remove-irs3-member1-1772961855,14,reshare_started,reshare_completed,2026-03-08T09:24:24.049875Z,2026-03-08T09:24:44.975990584Z,/var/lib/docker/volumes,002a2c976d26a3f9c7eff06e2f9efe095908dd0ee21b2715cc202589b435aec2,other,NA,NA,
run_006,removal,removal_1772961855,remove-irs3-member1-1772961855,remove-irs3-member1-1772961855,14,reshare_started,reshare_completed,2026-03-08T09:24:24.049875Z,2026-03-08T09:24:44.975990584Z,/var/lib/docker/volumes,35a02607c21ea95db05e7150f71e6e704f4d6479a4a76375ed8ec3cbfc5ec094,other,NA,NA,
run_006,removal,removal_1772961855,remove-irs3-member1-1772961855,remove-irs3-member1-1772961855,14,reshare_started,reshare_completed,2026-03-08T09:24:24.049875Z,2026-03-08T09:24:44.975990584Z,/var/lib/docker/volumes,791e62bfc17bf044236c3dcb5d77ec82610b27aa4d5f3c78aff2e2842f98f9ee,other,NA,NA,
run_006,removal,removal_1772961855,remove-irs3-member1-1772961855,remove-irs3-member1-1772961855,14,reshare_started,reshare_completed,2026-03-08T09:24:24.049875Z,2026-03-08T09:24:44.975990584Z,/var/lib/docker/volumes,91dbb4452b1c3709e842113c225d65a63eab07cdac1110f244a9dfbdddb57dbf,other,NA,NA,
run_006,removal,removal_1772961855,remove-irs3-member1-1772961855,remove-irs3-member1-1772961855,14,reshare_started,reshare_completed,2026-03-08T09:24:24.049875Z,2026-03-08T09:24:44.975990584Z,/var/lib/docker/volumes,99ac8c723665556c954d288ca00335f1fae5493d384cb656ecf5a945cc9ae3b8,other,NA,NA,
run_006,removal,removal_1772961855,remove-irs3-member1-1772961855,remove-irs3-member1-1772961855,14,reshare_started,reshare_completed,2026-03-08T09:24:24.049875Z,2026-03-08T09:24:44.975990584Z,/var/lib/docker/volumes,ab96d922f06ec7a94f1b5200e75e480c9ed7eba86fbbe33b5cb9edbe031c6ea8,other,49770,49770,0
run_006,removal,removal_1772961855,remove-irs3-member1-1772961855,remove-irs3-member1-1772961855,14,reshare_started,reshare_completed,2026-03-08T09:24:24.049875Z,2026-03-08T09:24:44.975990584Z,/var/lib/docker/volumes,b8143ef8453ad18871b4b4e0ba6041764a2cda76bc6f516fa468de5fd6585e72,other,49770,49770,0
run_006,removal,removal_1772961855,remove-irs3-member1-1772961855,remove-irs3-member1-1772961855,14,reshare_started,reshare_completed,2026-03-08T09:24:24.049875Z,2026-03-08T09:24:44.975990584Z,/var/lib/docker/volumes,ce313f18292c11d1170b9839e1af2e5976d1858048740f79d790d8aed673a5a4,other,NA,NA,
run_006,removal,removal_1772961855,remove-irs3-member1-1772961855,remove-irs3-member1-1772961855,14,reshare_started,reshare_completed,2026-03-08T09:24:24.049875Z,2026-03-08T09:24:44.975990584Z,/var/lib/docker/volumes,d9b7785a06954372515977133a1213437b80c5db1517196ca5e26134d3413ccf,other,NA,NA,
run_006,removal,removal_1772961855,remove-irs3-member1-1772961855,remove-irs3-member1-1772961855,14,reshare_started,reshare_completed,2026-03-08T09:24:24.049875Z,2026-03-08T09:24:44.975990584Z,/var/lib/docker/volumes,e0eec01c85bd157680e466dd14073f2a433b51342ff770c3a292c984a51f226b,other,NA,NA,
run_006,removal,removal_1772961855,remove-irs3-member1-1772961855,remove-irs3-member1-1772961855,14,reshare_started,reshare_completed,2026-03-08T09:24:24.049875Z,2026-03-08T09:24:44.975990584Z,/var/lib/docker/volumes,fabric_orderer.kit.edu,orderer,131081179,131132720,51541
run_006,removal,removal_1772961855,remove-irs3-member1-1772961855,remove-irs3-member1-1772961855,14,reshare_started,reshare_completed,2026-03-08T09:24:24.049875Z,2026-03-08T09:24:44.975990584Z,/var/lib/docker/volumes,fabric_peer0.irs1.kit.edu,other,5006,5006,0
run_006,removal,removal_1772961855,remove-irs3-member1-1772961855,remove-irs3-member1-1772961855,14,reshare_started,reshare_completed,2026-03-08T09:24:24.049875Z,2026-03-08T09:24:44.975990584Z,/var/lib/docker/volumes,fabric_peer0.irs3.kit.edu,peer,29831471,29892833,61362
run_006,removal,removal_1772961855,remove-irs3-member1-1772961855,remove-irs3-member1-1772961855,14,reshare_started,reshare_completed,2026-03-08T09:24:24.049875Z,2026-03-08T09:24:44.975990584Z,/var/lib/docker/volumes,fabric_peer1.irs3.kit.edu,other,29830046,29891408,61362
run_006,removal,removal_1772961855,remove-irs3-member1-1772961855,remove-irs3-member1-1772961855,14,reshare_started,reshare_completed,2026-03-08T09:24:24.049875Z,2026-03-08T09:24:44.975990584Z,/var/lib/docker/volumes,fabric_peer2.irs3.kit.edu,other,29830043,29891405,61362
run_006,removal,removal_1772961855,remove-irs3-member1-1772961855,remove-irs3-member1-1772961855,14,reshare_started,reshare_completed,2026-03-08T09:24:24.049875Z,2026-03-08T09:24:44.975990584Z,/var/lib/docker/volumes,fabric_peer3.irs3.kit.edu,other,29831468,29892830,61362
run_006,removal,removal_1772961855,remove-irs3-member1-1772961855,remove-irs3-member1-1772961855,14,reshare_completed,operation_end,2026-03-08T09:24:44.975990584Z,2026-03-08T09:24:46.460664Z,/var/lib/docker/volumes,002a2c976d26a3f9c7eff06e2f9efe095908dd0ee21b2715cc202589b435aec2,other,NA,NA,
run_006,removal,removal_1772961855,remove-irs3-member1-1772961855,remove-irs3-member1-1772961855,14,reshare_completed,operation_end,2026-03-08T09:24:44.975990584Z,2026-03-08T09:24:46.460664Z,/var/lib/docker/volumes,35a02607c21ea95db05e7150f71e6e704f4d6479a4a76375ed8ec3cbfc5ec094,other,NA,NA,
run_006,removal,removal_1772961855,remove-irs3-member1-1772961855,remove-irs3-member1-1772961855,14,reshare_completed,operation_end,2026-03-08T09:24:44.975990584Z,2026-03-08T09:24:46.460664Z,/var/lib/docker/volumes,791e62bfc17bf044236c3dcb5d77ec82610b27aa4d5f3c78aff2e2842f98f9ee,other,NA,NA,
run_006,removal,removal_1772961855,remove-irs3-member1-1772961855,remove-irs3-member1-1772961855,14,reshare_completed,operation_end,2026-03-08T09:24:44.975990584Z,2026-03-08T09:24:46.460664Z,/var/lib/docker/volumes,91dbb4452b1c3709e842113c225d65a63eab07cdac1110f244a9dfbdddb57dbf,other,NA,NA,
run_006,removal,removal_1772961855,remove-irs3-member1-1772961855,remove-irs3-member1-1772961855,14,reshare_completed,operation_end,2026-03-08T09:24:44.975990584Z,2026-03-08T09:24:46.460664Z,/var/lib/docker/volumes,99ac8c723665556c954d288ca00335f1fae5493d384cb656ecf5a945cc9ae3b8,other,NA,NA,
run_006,removal,removal_1772961855,remove-irs3-member1-1772961855,remove-irs3-member1-1772961855,14,reshare_completed,operation_end,2026-03-08T09:24:44.975990584Z,2026-03-08T09:24:46.460664Z,/var/lib/docker/volumes,ab96d922f06ec7a94f1b5200e75e480c9ed7eba86fbbe33b5cb9edbe031c6ea8,other,49770,49770,0
run_006,removal,removal_1772961855,remove-irs3-member1-1772961855,remove-irs3-member1-1772961855,14,reshare_completed,operation_end,2026-03-08T09:24:44.975990584Z,2026-03-08T09:24:46.460664Z,/var/lib/docker/volumes,b8143ef8453ad18871b4b4e0ba6041764a2cda76bc6f516fa468de5fd6585e72,other,49770,49770,0
run_006,removal,removal_1772961855,remove-irs3-member1-1772961855,remove-irs3-member1-1772961855,14,reshare_completed,operation_end,2026-03-08T09:24:44.975990584Z,2026-03-08T09:24:46.460664Z,/var/lib/docker/volumes,ce313f18292c11d1170b9839e1af2e5976d1858048740f79d790d8aed673a5a4,other,NA,NA,
run_006,removal,removal_1772961855,remove-irs3-member1-1772961855,remove-irs3-member1-1772961855,14,reshare_completed,operation_end,2026-03-08T09:24:44.975990584Z,2026-03-08T09:24:46.460664Z,/var/lib/docker/volumes,d9b7785a06954372515977133a1213437b80c5db1517196ca5e26134d3413ccf,other,NA,NA,
run_006,removal,removal_1772961855,remove-irs3-member1-1772961855,remove-irs3-member1-1772961855,14,reshare_completed,operation_end,2026-03-08T09:24:44.975990584Z,2026-03-08T09:24:46.460664Z,/var/lib/docker/volumes,e0eec01c85bd157680e466dd14073f2a433b51342ff770c3a292c984a51f226b,other,NA,NA,
run_006,removal,removal_1772961855,remove-irs3-member1-1772961855,remove-irs3-member1-1772961855,14,reshare_completed,operation_end,2026-03-08T09:24:44.975990584Z,2026-03-08T09:24:46.460664Z,/var/lib/docker/volumes,fabric_orderer.kit.edu,orderer,131132720,131132720,0
run_006,removal,removal_1772961855,remove-irs3-member1-1772961855,remove-irs3-member1-1772961855,14,reshare_completed,operation_end,2026-03-08T09:24:44.975990584Z,2026-03-08T09:24:46.460664Z,/var/lib/docker/volumes,fabric_peer0.irs1.kit.edu,other,5006,5006,0
run_006,removal,removal_1772961855,remove-irs3-member1-1772961855,remove-irs3-member1-1772961855,14,reshare_completed,operation_end,2026-03-08T09:24:44.975990584Z,2026-03-08T09:24:46.460664Z,/var/lib/docker/volumes,fabric_peer0.irs3.kit.edu,peer,29892833,29892833,0
run_006,removal,removal_1772961855,remove-irs3-member1-1772961855,remove-irs3-member1-1772961855,14,reshare_completed,operation_end,2026-03-08T09:24:44.975990584Z,2026-03-08T09:24:46.460664Z,/var/lib/docker/volumes,fabric_peer1.irs3.kit.edu,other,29891408,29891408,0
run_006,removal,removal_1772961855,remove-irs3-member1-1772961855,remove-irs3-member1-1772961855,14,reshare_completed,operation_end,2026-03-08T09:24:44.975990584Z,2026-03-08T09:24:46.460664Z,/var/lib/docker/volumes,fabric_peer2.irs3.kit.edu,other,29891405,29891405,0
run_006,removal,removal_1772961855,remove-irs3-member1-1772961855,remove-irs3-member1-1772961855,14,reshare_completed,operation_end,2026-03-08T09:24:44.975990584Z,2026-03-08T09:24:46.460664Z,/var/lib/docker/volumes,fabric_peer3.irs3.kit.edu,other,29892830,29892830,0
run_006,join,join_1772961904,join-irs3-1772961904,join-irs3-1772961904,15,operation_start,join_submit_done,2026-03-08T09:25:04.818469Z,2026-03-08T09:25:07.175950Z,/var/lib/docker/volumes,002a2c976d26a3f9c7eff06e2f9efe095908dd0ee21b2715cc202589b435aec2,other,NA,NA,
run_006,join,join_1772961904,join-irs3-1772961904,join-irs3-1772961904,15,operation_start,join_submit_done,2026-03-08T09:25:04.818469Z,2026-03-08T09:25:07.175950Z,/var/lib/docker/volumes,35a02607c21ea95db05e7150f71e6e704f4d6479a4a76375ed8ec3cbfc5ec094,other,NA,NA,
run_006,join,join_1772961904,join-irs3-1772961904,join-irs3-1772961904,15,operation_start,join_submit_done,2026-03-08T09:25:04.818469Z,2026-03-08T09:25:07.175950Z,/var/lib/docker/volumes,791e62bfc17bf044236c3dcb5d77ec82610b27aa4d5f3c78aff2e2842f98f9ee,other,NA,NA,
run_006,join,join_1772961904,join-irs3-1772961904,join-irs3-1772961904,15,operation_start,join_submit_done,2026-03-08T09:25:04.818469Z,2026-03-08T09:25:07.175950Z,/var/lib/docker/volumes,91dbb4452b1c3709e842113c225d65a63eab07cdac1110f244a9dfbdddb57dbf,other,NA,NA,
run_006,join,join_1772961904,join-irs3-1772961904,join-irs3-1772961904,15,operation_start,join_submit_done,2026-03-08T09:25:04.818469Z,2026-03-08T09:25:07.175950Z,/var/lib/docker/volumes,99ac8c723665556c954d288ca00335f1fae5493d384cb656ecf5a945cc9ae3b8,other,NA,NA,
run_006,join,join_1772961904,join-irs3-1772961904,join-irs3-1772961904,15,operation_start,join_submit_done,2026-03-08T09:25:04.818469Z,2026-03-08T09:25:07.175950Z,/var/lib/docker/volumes,ab96d922f06ec7a94f1b5200e75e480c9ed7eba86fbbe33b5cb9edbe031c6ea8,other,49770,49770,0
run_006,join,join_1772961904,join-irs3-1772961904,join-irs3-1772961904,15,operation_start,join_submit_done,2026-03-08T09:25:04.818469Z,2026-03-08T09:25:07.175950Z,/var/lib/docker/volumes,b8143ef8453ad18871b4b4e0ba6041764a2cda76bc6f516fa468de5fd6585e72,other,49770,49770,0
run_006,join,join_1772961904,join-irs3-1772961904,join-irs3-1772961904,15,operation_start,join_submit_done,2026-03-08T09:25:04.818469Z,2026-03-08T09:25:07.175950Z,/var/lib/docker/volumes,ce313f18292c11d1170b9839e1af2e5976d1858048740f79d790d8aed673a5a4,other,NA,NA,
run_006,join,join_1772961904,join-irs3-1772961904,join-irs3-1772961904,15,operation_start,join_submit_done,2026-03-08T09:25:04.818469Z,2026-03-08T09:25:07.175950Z,/var/lib/docker/volumes,d9b7785a06954372515977133a1213437b80c5db1517196ca5e26134d3413ccf,other,NA,NA,
run_006,join,join_1772961904,join-irs3-1772961904,join-irs3-1772961904,15,operation_start,join_submit_done,2026-03-08T09:25:04.818469Z,2026-03-08T09:25:07.175950Z,/var/lib/docker/volumes,e0eec01c85bd157680e466dd14073f2a433b51342ff770c3a292c984a51f226b,other,NA,NA,
run_006,join,join_1772961904,join-irs3-1772961904,join-irs3-1772961904,15,operation_start,join_submit_done,2026-03-08T09:25:04.818469Z,2026-03-08T09:25:07.175950Z,/var/lib/docker/volumes,fabric_orderer.kit.edu,orderer,131132720,131141330,8610
run_006,join,join_1772961904,join-irs3-1772961904,join-irs3-1772961904,15,operation_start,join_submit_done,2026-03-08T09:25:04.818469Z,2026-03-08T09:25:07.175950Z,/var/lib/docker/volumes,fabric_peer0.irs1.kit.edu,other,5006,5006,0
run_006,join,join_1772961904,join-irs3-1772961904,join-irs3-1772961904,15,operation_start,join_submit_done,2026-03-08T09:25:04.818469Z,2026-03-08T09:25:07.175950Z,/var/lib/docker/volumes,fabric_peer0.irs3.kit.edu,peer,29892833,29903332,10499
run_006,join,join_1772961904,join-irs3-1772961904,join-irs3-1772961904,15,operation_start,join_submit_done,2026-03-08T09:25:04.818469Z,2026-03-08T09:25:07.175950Z,/var/lib/docker/volumes,fabric_peer1.irs3.kit.edu,other,29891408,29901907,10499
run_006,join,join_1772961904,join-irs3-1772961904,join-irs3-1772961904,15,operation_start,join_submit_done,2026-03-08T09:25:04.818469Z,2026-03-08T09:25:07.175950Z,/var/lib/docker/volumes,fabric_peer2.irs3.kit.edu,other,29891405,29901904,10499
run_006,join,join_1772961904,join-irs3-1772961904,join-irs3-1772961904,15,operation_start,join_submit_done,2026-03-08T09:25:04.818469Z,2026-03-08T09:25:07.175950Z,/var/lib/docker/volumes,fabric_peer3.irs3.kit.edu,other,29892830,29903329,10499
run_006,join,join_1772961904,join-irs3-1772961904,join-irs3-1772961904,15,join_submit_done,join_voted,2026-03-08T09:25:07.175950Z,2026-03-08T09:25:09.535209487Z,/var/lib/docker/volumes,002a2c976d26a3f9c7eff06e2f9efe095908dd0ee21b2715cc202589b435aec2,other,NA,NA,
run_006,join,join_1772961904,join-irs3-1772961904,join-irs3-1772961904,15,join_submit_done,join_voted,2026-03-08T09:25:07.175950Z,2026-03-08T09:25:09.535209487Z,/var/lib/docker/volumes,35a02607c21ea95db05e7150f71e6e704f4d6479a4a76375ed8ec3cbfc5ec094,other,NA,NA,
run_006,join,join_1772961904,join-irs3-1772961904,join-irs3-1772961904,15,join_submit_done,join_voted,2026-03-08T09:25:07.175950Z,2026-03-08T09:25:09.535209487Z,/var/lib/docker/volumes,791e62bfc17bf044236c3dcb5d77ec82610b27aa4d5f3c78aff2e2842f98f9ee,other,NA,NA,
run_006,join,join_1772961904,join-irs3-1772961904,join-irs3-1772961904,15,join_submit_done,join_voted,2026-03-08T09:25:07.175950Z,2026-03-08T09:25:09.535209487Z,/var/lib/docker/volumes,91dbb4452b1c3709e842113c225d65a63eab07cdac1110f244a9dfbdddb57dbf,other,NA,NA,
run_006,join,join_1772961904,join-irs3-1772961904,join-irs3-1772961904,15,join_submit_done,join_voted,2026-03-08T09:25:07.175950Z,2026-03-08T09:25:09.535209487Z,/var/lib/docker/volumes,99ac8c723665556c954d288ca00335f1fae5493d384cb656ecf5a945cc9ae3b8,other,NA,NA,
run_006,join,join_1772961904,join-irs3-1772961904,join-irs3-1772961904,15,join_submit_done,join_voted,2026-03-08T09:25:07.175950Z,2026-03-08T09:25:09.535209487Z,/var/lib/docker/volumes,ab96d922f06ec7a94f1b5200e75e480c9ed7eba86fbbe33b5cb9edbe031c6ea8,other,49770,49770,0
run_006,join,join_1772961904,join-irs3-1772961904,join-irs3-1772961904,15,join_submit_done,join_voted,2026-03-08T09:25:07.175950Z,2026-03-08T09:25:09.535209487Z,/var/lib/docker/volumes,b8143ef8453ad18871b4b4e0ba6041764a2cda76bc6f516fa468de5fd6585e72,other,49770,49770,0
run_006,join,join_1772961904,join-irs3-1772961904,join-irs3-1772961904,15,join_submit_done,join_voted,2026-03-08T09:25:07.175950Z,2026-03-08T09:25:09.535209487Z,/var/lib/docker/volumes,ce313f18292c11d1170b9839e1af2e5976d1858048740f79d790d8aed673a5a4,other,NA,NA,
run_006,join,join_1772961904,join-irs3-1772961904,join-irs3-1772961904,15,join_submit_done,join_voted,2026-03-08T09:25:07.175950Z,2026-03-08T09:25:09.535209487Z,/var/lib/docker/volumes,d9b7785a06954372515977133a1213437b80c5db1517196ca5e26134d3413ccf,other,NA,NA,
run_006,join,join_1772961904,join-irs3-1772961904,join-irs3-1772961904,15,join_submit_done,join_voted,2026-03-08T09:25:07.175950Z,2026-03-08T09:25:09.535209487Z,/var/lib/docker/volumes,e0eec01c85bd157680e466dd14073f2a433b51342ff770c3a292c984a51f226b,other,NA,NA,
run_006,join,join_1772961904,join-irs3-1772961904,join-irs3-1772961904,15,join_submit_done,join_voted,2026-03-08T09:25:07.175950Z,2026-03-08T09:25:09.535209487Z,/var/lib/docker/volumes,fabric_orderer.kit.edu,orderer,131141330,131158066,16736
run_006,join,join_1772961904,join-irs3-1772961904,join-irs3-1772961904,15,join_submit_done,join_voted,2026-03-08T09:25:07.175950Z,2026-03-08T09:25:09.535209487Z,/var/lib/docker/volumes,fabric_peer0.irs1.kit.edu,other,5006,5006,0
run_006,join,join_1772961904,join-irs3-1772961904,join-irs3-1772961904,15,join_submit_done,join_voted,2026-03-08T09:25:07.175950Z,2026-03-08T09:25:09.535209487Z,/var/lib/docker/volumes,fabric_peer0.irs3.kit.edu,peer,29903332,29923045,19713
run_006,join,join_1772961904,join-irs3-1772961904,join-irs3-1772961904,15,join_submit_done,join_voted,2026-03-08T09:25:07.175950Z,2026-03-08T09:25:09.535209487Z,/var/lib/docker/volumes,fabric_peer1.irs3.kit.edu,other,29901907,29921620,19713
run_006,join,join_1772961904,join-irs3-1772961904,join-irs3-1772961904,15,join_submit_done,join_voted,2026-03-08T09:25:07.175950Z,2026-03-08T09:25:09.535209487Z,/var/lib/docker/volumes,fabric_peer2.irs3.kit.edu,other,29901904,29921617,19713
run_006,join,join_1772961904,join-irs3-1772961904,join-irs3-1772961904,15,join_submit_done,join_voted,2026-03-08T09:25:07.175950Z,2026-03-08T09:25:09.535209487Z,/var/lib/docker/volumes,fabric_peer3.irs3.kit.edu,other,29903329,29923042,19713
run_006,join,join_1772961904,join-irs3-1772961904,join-irs3-1772961904,15,join_voted,join_approved,2026-03-08T09:25:09.535209487Z,2026-03-08T09:25:11.957248647Z,/var/lib/docker/volumes,002a2c976d26a3f9c7eff06e2f9efe095908dd0ee21b2715cc202589b435aec2,other,NA,NA,
run_006,join,join_1772961904,join-irs3-1772961904,join-irs3-1772961904,15,join_voted,join_approved,2026-03-08T09:25:09.535209487Z,2026-03-08T09:25:11.957248647Z,/var/lib/docker/volumes,35a02607c21ea95db05e7150f71e6e704f4d6479a4a76375ed8ec3cbfc5ec094,other,NA,NA,
run_006,join,join_1772961904,join-irs3-1772961904,join-irs3-1772961904,15,join_voted,join_approved,2026-03-08T09:25:09.535209487Z,2026-03-08T09:25:11.957248647Z,/var/lib/docker/volumes,791e62bfc17bf044236c3dcb5d77ec82610b27aa4d5f3c78aff2e2842f98f9ee,other,NA,NA,
run_006,join,join_1772961904,join-irs3-1772961904,join-irs3-1772961904,15,join_voted,join_approved,2026-03-08T09:25:09.535209487Z,2026-03-08T09:25:11.957248647Z,/var/lib/docker/volumes,91dbb4452b1c3709e842113c225d65a63eab07cdac1110f244a9dfbdddb57dbf,other,NA,NA,
run_006,join,join_1772961904,join-irs3-1772961904,join-irs3-1772961904,15,join_voted,join_approved,2026-03-08T09:25:09.535209487Z,2026-03-08T09:25:11.957248647Z,/var/lib/docker/volumes,99ac8c723665556c954d288ca00335f1fae5493d384cb656ecf5a945cc9ae3b8,other,NA,NA,
run_006,join,join_1772961904,join-irs3-1772961904,join-irs3-1772961904,15,join_voted,join_approved,2026-03-08T09:25:09.535209487Z,2026-03-08T09:25:11.957248647Z,/var/lib/docker/volumes,ab96d922f06ec7a94f1b5200e75e480c9ed7eba86fbbe33b5cb9edbe031c6ea8,other,49770,49770,0
run_006,join,join_1772961904,join-irs3-1772961904,join-irs3-1772961904,15,join_voted,join_approved,2026-03-08T09:25:09.535209487Z,2026-03-08T09:25:11.957248647Z,/var/lib/docker/volumes,b8143ef8453ad18871b4b4e0ba6041764a2cda76bc6f516fa468de5fd6585e72,other,49770,49770,0
run_006,join,join_1772961904,join-irs3-1772961904,join-irs3-1772961904,15,join_voted,join_approved,2026-03-08T09:25:09.535209487Z,2026-03-08T09:25:11.957248647Z,/var/lib/docker/volumes,ce313f18292c11d1170b9839e1af2e5976d1858048740f79d790d8aed673a5a4,other,NA,NA,
run_006,join,join_1772961904,join-irs3-1772961904,join-irs3-1772961904,15,join_voted,join_approved,2026-03-08T09:25:09.535209487Z,2026-03-08T09:25:11.957248647Z,/var/lib/docker/volumes,d9b7785a06954372515977133a1213437b80c5db1517196ca5e26134d3413ccf,other,NA,NA,
run_006,join,join_1772961904,join-irs3-1772961904,join-irs3-1772961904,15,join_voted,join_approved,2026-03-08T09:25:09.535209487Z,2026-03-08T09:25:11.957248647Z,/var/lib/docker/volumes,e0eec01c85bd157680e466dd14073f2a433b51342ff770c3a292c984a51f226b,other,NA,NA,
run_006,join,join_1772961904,join-irs3-1772961904,join-irs3-1772961904,15,join_voted,join_approved,2026-03-08T09:25:09.535209487Z,2026-03-08T09:25:11.957248647Z,/var/lib/docker/volumes,fabric_orderer.kit.edu,orderer,131158066,131169362,11296
run_006,join,join_1772961904,join-irs3-1772961904,join-irs3-1772961904,15,join_voted,join_approved,2026-03-08T09:25:09.535209487Z,2026-03-08T09:25:11.957248647Z,/var/lib/docker/volumes,fabric_peer0.irs1.kit.edu,other,5006,5006,0
run_006,join,join_1772961904,join-irs3-1772961904,join-irs3-1772961904,15,join_voted,join_approved,2026-03-08T09:25:09.535209487Z,2026-03-08T09:25:11.957248647Z,/var/lib/docker/volumes,fabric_peer0.irs3.kit.edu,peer,29923045,29939921,16876
run_006,join,join_1772961904,join-irs3-1772961904,join-irs3-1772961904,15,join_voted,join_approved,2026-03-08T09:25:09.535209487Z,2026-03-08T09:25:11.957248647Z,/var/lib/docker/volumes,fabric_peer1.irs3.kit.edu,other,29921620,29938496,16876
run_006,join,join_1772961904,join-irs3-1772961904,join-irs3-1772961904,15,join_voted,join_approved,2026-03-08T09:25:09.535209487Z,2026-03-08T09:25:11.957248647Z,/var/lib/docker/volumes,fabric_peer2.irs3.kit.edu,other,29921617,29938493,16876
run_006,join,join_1772961904,join-irs3-1772961904,join-irs3-1772961904,15,join_voted,join_approved,2026-03-08T09:25:09.535209487Z,2026-03-08T09:25:11.957248647Z,/var/lib/docker/volumes,fabric_peer3.irs3.kit.edu,other,29923042,29939918,16876
run_006,join,join_1772961904,join-irs3-1772961904,join-irs3-1772961904,15,join_approved,reshare_started,2026-03-08T09:25:11.957248647Z,2026-03-08T09:25:13.580226Z,/var/lib/docker/volumes,002a2c976d26a3f9c7eff06e2f9efe095908dd0ee21b2715cc202589b435aec2,other,NA,NA,
run_006,join,join_1772961904,join-irs3-1772961904,join-irs3-1772961904,15,join_approved,reshare_started,2026-03-08T09:25:11.957248647Z,2026-03-08T09:25:13.580226Z,/var/lib/docker/volumes,35a02607c21ea95db05e7150f71e6e704f4d6479a4a76375ed8ec3cbfc5ec094,other,NA,NA,
run_006,join,join_1772961904,join-irs3-1772961904,join-irs3-1772961904,15,join_approved,reshare_started,2026-03-08T09:25:11.957248647Z,2026-03-08T09:25:13.580226Z,/var/lib/docker/volumes,791e62bfc17bf044236c3dcb5d77ec82610b27aa4d5f3c78aff2e2842f98f9ee,other,NA,NA,
run_006,join,join_1772961904,join-irs3-1772961904,join-irs3-1772961904,15,join_approved,reshare_started,2026-03-08T09:25:11.957248647Z,2026-03-08T09:25:13.580226Z,/var/lib/docker/volumes,91dbb4452b1c3709e842113c225d65a63eab07cdac1110f244a9dfbdddb57dbf,other,NA,NA,
run_006,join,join_1772961904,join-irs3-1772961904,join-irs3-1772961904,15,join_approved,reshare_started,2026-03-08T09:25:11.957248647Z,2026-03-08T09:25:13.580226Z,/var/lib/docker/volumes,99ac8c723665556c954d288ca00335f1fae5493d384cb656ecf5a945cc9ae3b8,other,NA,NA,
run_006,join,join_1772961904,join-irs3-1772961904,join-irs3-1772961904,15,join_approved,reshare_started,2026-03-08T09:25:11.957248647Z,2026-03-08T09:25:13.580226Z,/var/lib/docker/volumes,ab96d922f06ec7a94f1b5200e75e480c9ed7eba86fbbe33b5cb9edbe031c6ea8,other,49770,49770,0
run_006,join,join_1772961904,join-irs3-1772961904,join-irs3-1772961904,15,join_approved,reshare_started,2026-03-08T09:25:11.957248647Z,2026-03-08T09:25:13.580226Z,/var/lib/docker/volumes,b8143ef8453ad18871b4b4e0ba6041764a2cda76bc6f516fa468de5fd6585e72,other,49770,49770,0
run_006,join,join_1772961904,join-irs3-1772961904,join-irs3-1772961904,15,join_approved,reshare_started,2026-03-08T09:25:11.957248647Z,2026-03-08T09:25:13.580226Z,/var/lib/docker/volumes,ce313f18292c11d1170b9839e1af2e5976d1858048740f79d790d8aed673a5a4,other,NA,NA,
run_006,join,join_1772961904,join-irs3-1772961904,join-irs3-1772961904,15,join_approved,reshare_started,2026-03-08T09:25:11.957248647Z,2026-03-08T09:25:13.580226Z,/var/lib/docker/volumes,d9b7785a06954372515977133a1213437b80c5db1517196ca5e26134d3413ccf,other,NA,NA,
run_006,join,join_1772961904,join-irs3-1772961904,join-irs3-1772961904,15,join_approved,reshare_started,2026-03-08T09:25:11.957248647Z,2026-03-08T09:25:13.580226Z,/var/lib/docker/volumes,e0eec01c85bd157680e466dd14073f2a433b51342ff770c3a292c984a51f226b,other,NA,NA,
run_006,join,join_1772961904,join-irs3-1772961904,join-irs3-1772961904,15,join_approved,reshare_started,2026-03-08T09:25:11.957248647Z,2026-03-08T09:25:13.580226Z,/var/lib/docker/volumes,fabric_orderer.kit.edu,orderer,131169362,131169362,0
run_006,join,join_1772961904,join-irs3-1772961904,join-irs3-1772961904,15,join_approved,reshare_started,2026-03-08T09:25:11.957248647Z,2026-03-08T09:25:13.580226Z,/var/lib/docker/volumes,fabric_peer0.irs1.kit.edu,other,5006,5006,0
run_006,join,join_1772961904,join-irs3-1772961904,join-irs3-1772961904,15,join_approved,reshare_started,2026-03-08T09:25:11.957248647Z,2026-03-08T09:25:13.580226Z,/var/lib/docker/volumes,fabric_peer0.irs3.kit.edu,peer,29939921,29939921,0
run_006,join,join_1772961904,join-irs3-1772961904,join-irs3-1772961904,15,join_approved,reshare_started,2026-03-08T09:25:11.957248647Z,2026-03-08T09:25:13.580226Z,/var/lib/docker/volumes,fabric_peer1.irs3.kit.edu,other,29938496,29938496,0
run_006,join,join_1772961904,join-irs3-1772961904,join-irs3-1772961904,15,join_approved,reshare_started,2026-03-08T09:25:11.957248647Z,2026-03-08T09:25:13.580226Z,/var/lib/docker/volumes,fabric_peer2.irs3.kit.edu,other,29938493,29938493,0
run_006,join,join_1772961904,join-irs3-1772961904,join-irs3-1772961904,15,join_approved,reshare_started,2026-03-08T09:25:11.957248647Z,2026-03-08T09:25:13.580226Z,/var/lib/docker/volumes,fabric_peer3.irs3.kit.edu,other,29939918,29939918,0
run_006,join,join_1772961904,join-irs3-1772961904,join-irs3-1772961904,15,reshare_started,reshare_completed,2026-03-08T09:25:13.580226Z,2026-03-08T09:25:43.140561389Z,/var/lib/docker/volumes,002a2c976d26a3f9c7eff06e2f9efe095908dd0ee21b2715cc202589b435aec2,other,NA,NA,
run_006,join,join_1772961904,join-irs3-1772961904,join-irs3-1772961904,15,reshare_started,reshare_completed,2026-03-08T09:25:13.580226Z,2026-03-08T09:25:43.140561389Z,/var/lib/docker/volumes,35a02607c21ea95db05e7150f71e6e704f4d6479a4a76375ed8ec3cbfc5ec094,other,NA,NA,
run_006,join,join_1772961904,join-irs3-1772961904,join-irs3-1772961904,15,reshare_started,reshare_completed,2026-03-08T09:25:13.580226Z,2026-03-08T09:25:43.140561389Z,/var/lib/docker/volumes,791e62bfc17bf044236c3dcb5d77ec82610b27aa4d5f3c78aff2e2842f98f9ee,other,NA,NA,
run_006,join,join_1772961904,join-irs3-1772961904,join-irs3-1772961904,15,reshare_started,reshare_completed,2026-03-08T09:25:13.580226Z,2026-03-08T09:25:43.140561389Z,/var/lib/docker/volumes,91dbb4452b1c3709e842113c225d65a63eab07cdac1110f244a9dfbdddb57dbf,other,NA,NA,
run_006,join,join_1772961904,join-irs3-1772961904,join-irs3-1772961904,15,reshare_started,reshare_completed,2026-03-08T09:25:13.580226Z,2026-03-08T09:25:43.140561389Z,/var/lib/docker/volumes,99ac8c723665556c954d288ca00335f1fae5493d384cb656ecf5a945cc9ae3b8,other,NA,NA,
run_006,join,join_1772961904,join-irs3-1772961904,join-irs3-1772961904,15,reshare_started,reshare_completed,2026-03-08T09:25:13.580226Z,2026-03-08T09:25:43.140561389Z,/var/lib/docker/volumes,ab96d922f06ec7a94f1b5200e75e480c9ed7eba86fbbe33b5cb9edbe031c6ea8,other,49770,49770,0
run_006,join,join_1772961904,join-irs3-1772961904,join-irs3-1772961904,15,reshare_started,reshare_completed,2026-03-08T09:25:13.580226Z,2026-03-08T09:25:43.140561389Z,/var/lib/docker/volumes,b8143ef8453ad18871b4b4e0ba6041764a2cda76bc6f516fa468de5fd6585e72,other,49770,49770,0
run_006,join,join_1772961904,join-irs3-1772961904,join-irs3-1772961904,15,reshare_started,reshare_completed,2026-03-08T09:25:13.580226Z,2026-03-08T09:25:43.140561389Z,/var/lib/docker/volumes,ce313f18292c11d1170b9839e1af2e5976d1858048740f79d790d8aed673a5a4,other,NA,NA,
run_006,join,join_1772961904,join-irs3-1772961904,join-irs3-1772961904,15,reshare_started,reshare_completed,2026-03-08T09:25:13.580226Z,2026-03-08T09:25:43.140561389Z,/var/lib/docker/volumes,d9b7785a06954372515977133a1213437b80c5db1517196ca5e26134d3413ccf,other,NA,NA,
run_006,join,join_1772961904,join-irs3-1772961904,join-irs3-1772961904,15,reshare_started,reshare_completed,2026-03-08T09:25:13.580226Z,2026-03-08T09:25:43.140561389Z,/var/lib/docker/volumes,e0eec01c85bd157680e466dd14073f2a433b51342ff770c3a292c984a51f226b,other,NA,NA,
run_006,join,join_1772961904,join-irs3-1772961904,join-irs3-1772961904,15,reshare_started,reshare_completed,2026-03-08T09:25:13.580226Z,2026-03-08T09:25:43.140561389Z,/var/lib/docker/volumes,fabric_orderer.kit.edu,orderer,131169362,131209591,40229
run_006,join,join_1772961904,join-irs3-1772961904,join-irs3-1772961904,15,reshare_started,reshare_completed,2026-03-08T09:25:13.580226Z,2026-03-08T09:25:43.140561389Z,/var/lib/docker/volumes,fabric_peer0.irs1.kit.edu,other,5006,5006,0
run_006,join,join_1772961904,join-irs3-1772961904,join-irs3-1772961904,15,reshare_started,reshare_completed,2026-03-08T09:25:13.580226Z,2026-03-08T09:25:43.140561389Z,/var/lib/docker/volumes,fabric_peer0.irs3.kit.edu,peer,29939921,29987026,47105
run_006,join,join_1772961904,join-irs3-1772961904,join-irs3-1772961904,15,reshare_started,reshare_completed,2026-03-08T09:25:13.580226Z,2026-03-08T09:25:43.140561389Z,/var/lib/docker/volumes,fabric_peer1.irs3.kit.edu,other,29938496,29985601,47105
run_006,join,join_1772961904,join-irs3-1772961904,join-irs3-1772961904,15,reshare_started,reshare_completed,2026-03-08T09:25:13.580226Z,2026-03-08T09:25:43.140561389Z,/var/lib/docker/volumes,fabric_peer2.irs3.kit.edu,other,29938493,29985598,47105
run_006,join,join_1772961904,join-irs3-1772961904,join-irs3-1772961904,15,reshare_started,reshare_completed,2026-03-08T09:25:13.580226Z,2026-03-08T09:25:43.140561389Z,/var/lib/docker/volumes,fabric_peer3.irs3.kit.edu,other,29939918,29987023,47105
run_006,join,join_1772961904,join-irs3-1772961904,join-irs3-1772961904,15,reshare_completed,operation_end,2026-03-08T09:25:43.140561389Z,2026-03-08T09:25:52.235923Z,/var/lib/docker/volumes,002a2c976d26a3f9c7eff06e2f9efe095908dd0ee21b2715cc202589b435aec2,other,NA,NA,
run_006,join,join_1772961904,join-irs3-1772961904,join-irs3-1772961904,15,reshare_completed,operation_end,2026-03-08T09:25:43.140561389Z,2026-03-08T09:25:52.235923Z,/var/lib/docker/volumes,35a02607c21ea95db05e7150f71e6e704f4d6479a4a76375ed8ec3cbfc5ec094,other,NA,NA,
run_006,join,join_1772961904,join-irs3-1772961904,join-irs3-1772961904,15,reshare_completed,operation_end,2026-03-08T09:25:43.140561389Z,2026-03-08T09:25:52.235923Z,/var/lib/docker/volumes,791e62bfc17bf044236c3dcb5d77ec82610b27aa4d5f3c78aff2e2842f98f9ee,other,NA,NA,
run_006,join,join_1772961904,join-irs3-1772961904,join-irs3-1772961904,15,reshare_completed,operation_end,2026-03-08T09:25:43.140561389Z,2026-03-08T09:25:52.235923Z,/var/lib/docker/volumes,91dbb4452b1c3709e842113c225d65a63eab07cdac1110f244a9dfbdddb57dbf,other,NA,NA,
run_006,join,join_1772961904,join-irs3-1772961904,join-irs3-1772961904,15,reshare_completed,operation_end,2026-03-08T09:25:43.140561389Z,2026-03-08T09:25:52.235923Z,/var/lib/docker/volumes,99ac8c723665556c954d288ca00335f1fae5493d384cb656ecf5a945cc9ae3b8,other,NA,NA,
run_006,join,join_1772961904,join-irs3-1772961904,join-irs3-1772961904,15,reshare_completed,operation_end,2026-03-08T09:25:43.140561389Z,2026-03-08T09:25:52.235923Z,/var/lib/docker/volumes,ab96d922f06ec7a94f1b5200e75e480c9ed7eba86fbbe33b5cb9edbe031c6ea8,other,49770,49770,0
run_006,join,join_1772961904,join-irs3-1772961904,join-irs3-1772961904,15,reshare_completed,operation_end,2026-03-08T09:25:43.140561389Z,2026-03-08T09:25:52.235923Z,/var/lib/docker/volumes,b8143ef8453ad18871b4b4e0ba6041764a2cda76bc6f516fa468de5fd6585e72,other,49770,49770,0
run_006,join,join_1772961904,join-irs3-1772961904,join-irs3-1772961904,15,reshare_completed,operation_end,2026-03-08T09:25:43.140561389Z,2026-03-08T09:25:52.235923Z,/var/lib/docker/volumes,ce313f18292c11d1170b9839e1af2e5976d1858048740f79d790d8aed673a5a4,other,NA,NA,
run_006,join,join_1772961904,join-irs3-1772961904,join-irs3-1772961904,15,reshare_completed,operation_end,2026-03-08T09:25:43.140561389Z,2026-03-08T09:25:52.235923Z,/var/lib/docker/volumes,d9b7785a06954372515977133a1213437b80c5db1517196ca5e26134d3413ccf,other,NA,NA,
run_006,join,join_1772961904,join-irs3-1772961904,join-irs3-1772961904,15,reshare_completed,operation_end,2026-03-08T09:25:43.140561389Z,2026-03-08T09:25:52.235923Z,/var/lib/docker/volumes,e0eec01c85bd157680e466dd14073f2a433b51342ff770c3a292c984a51f226b,other,NA,NA,
run_006,join,join_1772961904,join-irs3-1772961904,join-irs3-1772961904,15,reshare_completed,operation_end,2026-03-08T09:25:43.140561389Z,2026-03-08T09:25:52.235923Z,/var/lib/docker/volumes,fabric_orderer.kit.edu,orderer,131209591,131288610,79019
run_006,join,join_1772961904,join-irs3-1772961904,join-irs3-1772961904,15,reshare_completed,operation_end,2026-03-08T09:25:43.140561389Z,2026-03-08T09:25:52.235923Z,/var/lib/docker/volumes,fabric_peer0.irs1.kit.edu,other,5006,5006,0
run_006,join,join_1772961904,join-irs3-1772961904,join-irs3-1772961904,15,reshare_completed,operation_end,2026-03-08T09:25:43.140561389Z,2026-03-08T09:25:52.235923Z,/var/lib/docker/volumes,fabric_peer0.irs3.kit.edu,peer,29987026,30076527,89501
run_006,join,join_1772961904,join-irs3-1772961904,join-irs3-1772961904,15,reshare_completed,operation_end,2026-03-08T09:25:43.140561389Z,2026-03-08T09:25:52.235923Z,/var/lib/docker/volumes,fabric_peer1.irs3.kit.edu,other,29985601,30075102,89501
run_006,join,join_1772961904,join-irs3-1772961904,join-irs3-1772961904,15,reshare_completed,operation_end,2026-03-08T09:25:43.140561389Z,2026-03-08T09:25:52.235923Z,/var/lib/docker/volumes,fabric_peer2.irs3.kit.edu,other,29985598,30075099,89501
run_006,join,join_1772961904,join-irs3-1772961904,join-irs3-1772961904,15,reshare_completed,operation_end,2026-03-08T09:25:43.140561389Z,2026-03-08T09:25:52.235923Z,/var/lib/docker/volumes,fabric_peer3.irs3.kit.edu,other,29987023,30076524,89501
run_007,csr,csr_1772961959,csr-irs3-1772961959,csr-irs3-1772961959,,operation_start,csr_submit_done,2026-03-08T09:25:59.146132Z,2026-03-08T09:26:01.485902Z,/var/lib/docker/volumes,002a2c976d26a3f9c7eff06e2f9efe095908dd0ee21b2715cc202589b435aec2,other,NA,NA,
run_007,csr,csr_1772961959,csr-irs3-1772961959,csr-irs3-1772961959,,operation_start,csr_submit_done,2026-03-08T09:25:59.146132Z,2026-03-08T09:26:01.485902Z,/var/lib/docker/volumes,35a02607c21ea95db05e7150f71e6e704f4d6479a4a76375ed8ec3cbfc5ec094,other,NA,NA,
run_007,csr,csr_1772961959,csr-irs3-1772961959,csr-irs3-1772961959,,operation_start,csr_submit_done,2026-03-08T09:25:59.146132Z,2026-03-08T09:26:01.485902Z,/var/lib/docker/volumes,791e62bfc17bf044236c3dcb5d77ec82610b27aa4d5f3c78aff2e2842f98f9ee,other,NA,NA,
run_007,csr,csr_1772961959,csr-irs3-1772961959,csr-irs3-1772961959,,operation_start,csr_submit_done,2026-03-08T09:25:59.146132Z,2026-03-08T09:26:01.485902Z,/var/lib/docker/volumes,91dbb4452b1c3709e842113c225d65a63eab07cdac1110f244a9dfbdddb57dbf,other,NA,NA,
run_007,csr,csr_1772961959,csr-irs3-1772961959,csr-irs3-1772961959,,operation_start,csr_submit_done,2026-03-08T09:25:59.146132Z,2026-03-08T09:26:01.485902Z,/var/lib/docker/volumes,99ac8c723665556c954d288ca00335f1fae5493d384cb656ecf5a945cc9ae3b8,other,NA,NA,
run_007,csr,csr_1772961959,csr-irs3-1772961959,csr-irs3-1772961959,,operation_start,csr_submit_done,2026-03-08T09:25:59.146132Z,2026-03-08T09:26:01.485902Z,/var/lib/docker/volumes,ab96d922f06ec7a94f1b5200e75e480c9ed7eba86fbbe33b5cb9edbe031c6ea8,other,49770,49770,0
run_007,csr,csr_1772961959,csr-irs3-1772961959,csr-irs3-1772961959,,operation_start,csr_submit_done,2026-03-08T09:25:59.146132Z,2026-03-08T09:26:01.485902Z,/var/lib/docker/volumes,b8143ef8453ad18871b4b4e0ba6041764a2cda76bc6f516fa468de5fd6585e72,other,49770,49770,0
run_007,csr,csr_1772961959,csr-irs3-1772961959,csr-irs3-1772961959,,operation_start,csr_submit_done,2026-03-08T09:25:59.146132Z,2026-03-08T09:26:01.485902Z,/var/lib/docker/volumes,ce313f18292c11d1170b9839e1af2e5976d1858048740f79d790d8aed673a5a4,other,NA,NA,
run_007,csr,csr_1772961959,csr-irs3-1772961959,csr-irs3-1772961959,,operation_start,csr_submit_done,2026-03-08T09:25:59.146132Z,2026-03-08T09:26:01.485902Z,/var/lib/docker/volumes,d9b7785a06954372515977133a1213437b80c5db1517196ca5e26134d3413ccf,other,NA,NA,
run_007,csr,csr_1772961959,csr-irs3-1772961959,csr-irs3-1772961959,,operation_start,csr_submit_done,2026-03-08T09:25:59.146132Z,2026-03-08T09:26:01.485902Z,/var/lib/docker/volumes,e0eec01c85bd157680e466dd14073f2a433b51342ff770c3a292c984a51f226b,other,NA,NA,
run_007,csr,csr_1772961959,csr-irs3-1772961959,csr-irs3-1772961959,,operation_start,csr_submit_done,2026-03-08T09:25:59.146132Z,2026-03-08T09:26:01.485902Z,/var/lib/docker/volumes,fabric_orderer.kit.edu,orderer,131288610,131297151,8541
run_007,csr,csr_1772961959,csr-irs3-1772961959,csr-irs3-1772961959,,operation_start,csr_submit_done,2026-03-08T09:25:59.146132Z,2026-03-08T09:26:01.485902Z,/var/lib/docker/volumes,fabric_peer0.irs1.kit.edu,other,5006,5006,0
run_007,csr,csr_1772961959,csr-irs3-1772961959,csr-irs3-1772961959,,operation_start,csr_submit_done,2026-03-08T09:25:59.146132Z,2026-03-08T09:26:01.485902Z,/var/lib/docker/volumes,fabric_peer0.irs3.kit.edu,peer,30076527,30087204,10677
run_007,csr,csr_1772961959,csr-irs3-1772961959,csr-irs3-1772961959,,operation_start,csr_submit_done,2026-03-08T09:25:59.146132Z,2026-03-08T09:26:01.485902Z,/var/lib/docker/volumes,fabric_peer1.irs3.kit.edu,other,30075102,30085779,10677
run_007,csr,csr_1772961959,csr-irs3-1772961959,csr-irs3-1772961959,,operation_start,csr_submit_done,2026-03-08T09:25:59.146132Z,2026-03-08T09:26:01.485902Z,/var/lib/docker/volumes,fabric_peer2.irs3.kit.edu,other,30075099,30085776,10677
run_007,csr,csr_1772961959,csr-irs3-1772961959,csr-irs3-1772961959,,operation_start,csr_submit_done,2026-03-08T09:25:59.146132Z,2026-03-08T09:26:01.485902Z,/var/lib/docker/volumes,fabric_peer3.irs3.kit.edu,other,30076524,30087201,10677
run_007,csr,csr_1772961959,csr-irs3-1772961959,csr-irs3-1772961959,,csr_submit_done,csr_voted,2026-03-08T09:26:01.485902Z,2026-03-08T09:26:05.462511466Z,/var/lib/docker/volumes,002a2c976d26a3f9c7eff06e2f9efe095908dd0ee21b2715cc202589b435aec2,other,NA,NA,
run_007,csr,csr_1772961959,csr-irs3-1772961959,csr-irs3-1772961959,,csr_submit_done,csr_voted,2026-03-08T09:26:01.485902Z,2026-03-08T09:26:05.462511466Z,/var/lib/docker/volumes,35a02607c21ea95db05e7150f71e6e704f4d6479a4a76375ed8ec3cbfc5ec094,other,NA,NA,
run_007,csr,csr_1772961959,csr-irs3-1772961959,csr-irs3-1772961959,,csr_submit_done,csr_voted,2026-03-08T09:26:01.485902Z,2026-03-08T09:26:05.462511466Z,/var/lib/docker/volumes,791e62bfc17bf044236c3dcb5d77ec82610b27aa4d5f3c78aff2e2842f98f9ee,other,NA,NA,
run_007,csr,csr_1772961959,csr-irs3-1772961959,csr-irs3-1772961959,,csr_submit_done,csr_voted,2026-03-08T09:26:01.485902Z,2026-03-08T09:26:05.462511466Z,/var/lib/docker/volumes,91dbb4452b1c3709e842113c225d65a63eab07cdac1110f244a9dfbdddb57dbf,other,NA,NA,
run_007,csr,csr_1772961959,csr-irs3-1772961959,csr-irs3-1772961959,,csr_submit_done,csr_voted,2026-03-08T09:26:01.485902Z,2026-03-08T09:26:05.462511466Z,/var/lib/docker/volumes,99ac8c723665556c954d288ca00335f1fae5493d384cb656ecf5a945cc9ae3b8,other,NA,NA,
run_007,csr,csr_1772961959,csr-irs3-1772961959,csr-irs3-1772961959,,csr_submit_done,csr_voted,2026-03-08T09:26:01.485902Z,2026-03-08T09:26:05.462511466Z,/var/lib/docker/volumes,ab96d922f06ec7a94f1b5200e75e480c9ed7eba86fbbe33b5cb9edbe031c6ea8,other,49770,49770,0
run_007,csr,csr_1772961959,csr-irs3-1772961959,csr-irs3-1772961959,,csr_submit_done,csr_voted,2026-03-08T09:26:01.485902Z,2026-03-08T09:26:05.462511466Z,/var/lib/docker/volumes,b8143ef8453ad18871b4b4e0ba6041764a2cda76bc6f516fa468de5fd6585e72,other,49770,49770,0
run_007,csr,csr_1772961959,csr-irs3-1772961959,csr-irs3-1772961959,,csr_submit_done,csr_voted,2026-03-08T09:26:01.485902Z,2026-03-08T09:26:05.462511466Z,/var/lib/docker/volumes,ce313f18292c11d1170b9839e1af2e5976d1858048740f79d790d8aed673a5a4,other,NA,NA,
run_007,csr,csr_1772961959,csr-irs3-1772961959,csr-irs3-1772961959,,csr_submit_done,csr_voted,2026-03-08T09:26:01.485902Z,2026-03-08T09:26:05.462511466Z,/var/lib/docker/volumes,d9b7785a06954372515977133a1213437b80c5db1517196ca5e26134d3413ccf,other,NA,NA,
run_007,csr,csr_1772961959,csr-irs3-1772961959,csr-irs3-1772961959,,csr_submit_done,csr_voted,2026-03-08T09:26:01.485902Z,2026-03-08T09:26:05.462511466Z,/var/lib/docker/volumes,e0eec01c85bd157680e466dd14073f2a433b51342ff770c3a292c984a51f226b,other,NA,NA,
run_007,csr,csr_1772961959,csr-irs3-1772961959,csr-irs3-1772961959,,csr_submit_done,csr_voted,2026-03-08T09:26:01.485902Z,2026-03-08T09:26:05.462511466Z,/var/lib/docker/volumes,fabric_orderer.kit.edu,orderer,131297151,131321505,24354
run_007,csr,csr_1772961959,csr-irs3-1772961959,csr-irs3-1772961959,,csr_submit_done,csr_voted,2026-03-08T09:26:01.485902Z,2026-03-08T09:26:05.462511466Z,/var/lib/docker/volumes,fabric_peer0.irs1.kit.edu,other,5006,5006,0
run_007,csr,csr_1772961959,csr-irs3-1772961959,csr-irs3-1772961959,,csr_submit_done,csr_voted,2026-03-08T09:26:01.485902Z,2026-03-08T09:26:05.462511466Z,/var/lib/docker/volumes,fabric_peer0.irs3.kit.edu,peer,30087204,30114877,27673
run_007,csr,csr_1772961959,csr-irs3-1772961959,csr-irs3-1772961959,,csr_submit_done,csr_voted,2026-03-08T09:26:01.485902Z,2026-03-08T09:26:05.462511466Z,/var/lib/docker/volumes,fabric_peer1.irs3.kit.edu,other,30085779,30113452,27673
run_007,csr,csr_1772961959,csr-irs3-1772961959,csr-irs3-1772961959,,csr_submit_done,csr_voted,2026-03-08T09:26:01.485902Z,2026-03-08T09:26:05.462511466Z,/var/lib/docker/volumes,fabric_peer2.irs3.kit.edu,other,30085776,30113449,27673
run_007,csr,csr_1772961959,csr-irs3-1772961959,csr-irs3-1772961959,,csr_submit_done,csr_voted,2026-03-08T09:26:01.485902Z,2026-03-08T09:26:05.462511466Z,/var/lib/docker/volumes,fabric_peer3.irs3.kit.edu,other,30087201,30114874,27673
run_007,csr,csr_1772961959,csr-irs3-1772961959,csr-irs3-1772961959,,csr_voted,csr_approved,2026-03-08T09:26:05.462511466Z,2026-03-08T09:26:08.437300327Z,/var/lib/docker/volumes,002a2c976d26a3f9c7eff06e2f9efe095908dd0ee21b2715cc202589b435aec2,other,NA,NA,
run_007,csr,csr_1772961959,csr-irs3-1772961959,csr-irs3-1772961959,,csr_voted,csr_approved,2026-03-08T09:26:05.462511466Z,2026-03-08T09:26:08.437300327Z,/var/lib/docker/volumes,35a02607c21ea95db05e7150f71e6e704f4d6479a4a76375ed8ec3cbfc5ec094,other,NA,NA,
run_007,csr,csr_1772961959,csr-irs3-1772961959,csr-irs3-1772961959,,csr_voted,csr_approved,2026-03-08T09:26:05.462511466Z,2026-03-08T09:26:08.437300327Z,/var/lib/docker/volumes,791e62bfc17bf044236c3dcb5d77ec82610b27aa4d5f3c78aff2e2842f98f9ee,other,NA,NA,
run_007,csr,csr_1772961959,csr-irs3-1772961959,csr-irs3-1772961959,,csr_voted,csr_approved,2026-03-08T09:26:05.462511466Z,2026-03-08T09:26:08.437300327Z,/var/lib/docker/volumes,91dbb4452b1c3709e842113c225d65a63eab07cdac1110f244a9dfbdddb57dbf,other,NA,NA,
run_007,csr,csr_1772961959,csr-irs3-1772961959,csr-irs3-1772961959,,csr_voted,csr_approved,2026-03-08T09:26:05.462511466Z,2026-03-08T09:26:08.437300327Z,/var/lib/docker/volumes,99ac8c723665556c954d288ca00335f1fae5493d384cb656ecf5a945cc9ae3b8,other,NA,NA,
run_007,csr,csr_1772961959,csr-irs3-1772961959,csr-irs3-1772961959,,csr_voted,csr_approved,2026-03-08T09:26:05.462511466Z,2026-03-08T09:26:08.437300327Z,/var/lib/docker/volumes,ab96d922f06ec7a94f1b5200e75e480c9ed7eba86fbbe33b5cb9edbe031c6ea8,other,49770,49770,0
run_007,csr,csr_1772961959,csr-irs3-1772961959,csr-irs3-1772961959,,csr_voted,csr_approved,2026-03-08T09:26:05.462511466Z,2026-03-08T09:26:08.437300327Z,/var/lib/docker/volumes,b8143ef8453ad18871b4b4e0ba6041764a2cda76bc6f516fa468de5fd6585e72,other,49770,49770,0
run_007,csr,csr_1772961959,csr-irs3-1772961959,csr-irs3-1772961959,,csr_voted,csr_approved,2026-03-08T09:26:05.462511466Z,2026-03-08T09:26:08.437300327Z,/var/lib/docker/volumes,ce313f18292c11d1170b9839e1af2e5976d1858048740f79d790d8aed673a5a4,other,NA,NA,
run_007,csr,csr_1772961959,csr-irs3-1772961959,csr-irs3-1772961959,,csr_voted,csr_approved,2026-03-08T09:26:05.462511466Z,2026-03-08T09:26:08.437300327Z,/var/lib/docker/volumes,d9b7785a06954372515977133a1213437b80c5db1517196ca5e26134d3413ccf,other,NA,NA,
run_007,csr,csr_1772961959,csr-irs3-1772961959,csr-irs3-1772961959,,csr_voted,csr_approved,2026-03-08T09:26:05.462511466Z,2026-03-08T09:26:08.437300327Z,/var/lib/docker/volumes,e0eec01c85bd157680e466dd14073f2a433b51342ff770c3a292c984a51f226b,other,NA,NA,
run_007,csr,csr_1772961959,csr-irs3-1772961959,csr-irs3-1772961959,,csr_voted,csr_approved,2026-03-08T09:26:05.462511466Z,2026-03-08T09:26:08.437300327Z,/var/lib/docker/volumes,fabric_orderer.kit.edu,orderer,131321505,131337882,16377
run_007,csr,csr_1772961959,csr-irs3-1772961959,csr-irs3-1772961959,,csr_voted,csr_approved,2026-03-08T09:26:05.462511466Z,2026-03-08T09:26:08.437300327Z,/var/lib/docker/volumes,fabric_peer0.irs1.kit.edu,other,5006,5006,0
run_007,csr,csr_1772961959,csr-irs3-1772961959,csr-irs3-1772961959,,csr_voted,csr_approved,2026-03-08T09:26:05.462511466Z,2026-03-08T09:26:08.437300327Z,/var/lib/docker/volumes,fabric_peer0.irs3.kit.edu,peer,30114877,30134947,20070
run_007,csr,csr_1772961959,csr-irs3-1772961959,csr-irs3-1772961959,,csr_voted,csr_approved,2026-03-08T09:26:05.462511466Z,2026-03-08T09:26:08.437300327Z,/var/lib/docker/volumes,fabric_peer1.irs3.kit.edu,other,30113452,30133522,20070
run_007,csr,csr_1772961959,csr-irs3-1772961959,csr-irs3-1772961959,,csr_voted,csr_approved,2026-03-08T09:26:05.462511466Z,2026-03-08T09:26:08.437300327Z,/var/lib/docker/volumes,fabric_peer2.irs3.kit.edu,other,30113449,30133519,20070
run_007,csr,csr_1772961959,csr-irs3-1772961959,csr-irs3-1772961959,,csr_voted,csr_approved,2026-03-08T09:26:05.462511466Z,2026-03-08T09:26:08.437300327Z,/var/lib/docker/volumes,fabric_peer3.irs3.kit.edu,other,30114874,30134944,20070
run_007,csr,csr_1772961959,csr-irs3-1772961959,csr-irs3-1772961959,,csr_approved,cert_registered,2026-03-08T09:26:08.437300327Z,2026-03-08T09:26:17.894730819Z,/var/lib/docker/volumes,002a2c976d26a3f9c7eff06e2f9efe095908dd0ee21b2715cc202589b435aec2,other,NA,NA,
run_007,csr,csr_1772961959,csr-irs3-1772961959,csr-irs3-1772961959,,csr_approved,cert_registered,2026-03-08T09:26:08.437300327Z,2026-03-08T09:26:17.894730819Z,/var/lib/docker/volumes,35a02607c21ea95db05e7150f71e6e704f4d6479a4a76375ed8ec3cbfc5ec094,other,NA,NA,
run_007,csr,csr_1772961959,csr-irs3-1772961959,csr-irs3-1772961959,,csr_approved,cert_registered,2026-03-08T09:26:08.437300327Z,2026-03-08T09:26:17.894730819Z,/var/lib/docker/volumes,791e62bfc17bf044236c3dcb5d77ec82610b27aa4d5f3c78aff2e2842f98f9ee,other,NA,NA,
run_007,csr,csr_1772961959,csr-irs3-1772961959,csr-irs3-1772961959,,csr_approved,cert_registered,2026-03-08T09:26:08.437300327Z,2026-03-08T09:26:17.894730819Z,/var/lib/docker/volumes,91dbb4452b1c3709e842113c225d65a63eab07cdac1110f244a9dfbdddb57dbf,other,NA,NA,
run_007,csr,csr_1772961959,csr-irs3-1772961959,csr-irs3-1772961959,,csr_approved,cert_registered,2026-03-08T09:26:08.437300327Z,2026-03-08T09:26:17.894730819Z,/var/lib/docker/volumes,99ac8c723665556c954d288ca00335f1fae5493d384cb656ecf5a945cc9ae3b8,other,NA,NA,
run_007,csr,csr_1772961959,csr-irs3-1772961959,csr-irs3-1772961959,,csr_approved,cert_registered,2026-03-08T09:26:08.437300327Z,2026-03-08T09:26:17.894730819Z,/var/lib/docker/volumes,ab96d922f06ec7a94f1b5200e75e480c9ed7eba86fbbe33b5cb9edbe031c6ea8,other,49770,49770,0
run_007,csr,csr_1772961959,csr-irs3-1772961959,csr-irs3-1772961959,,csr_approved,cert_registered,2026-03-08T09:26:08.437300327Z,2026-03-08T09:26:17.894730819Z,/var/lib/docker/volumes,b8143ef8453ad18871b4b4e0ba6041764a2cda76bc6f516fa468de5fd6585e72,other,49770,49770,0
run_007,csr,csr_1772961959,csr-irs3-1772961959,csr-irs3-1772961959,,csr_approved,cert_registered,2026-03-08T09:26:08.437300327Z,2026-03-08T09:26:17.894730819Z,/var/lib/docker/volumes,ce313f18292c11d1170b9839e1af2e5976d1858048740f79d790d8aed673a5a4,other,NA,NA,
run_007,csr,csr_1772961959,csr-irs3-1772961959,csr-irs3-1772961959,,csr_approved,cert_registered,2026-03-08T09:26:08.437300327Z,2026-03-08T09:26:17.894730819Z,/var/lib/docker/volumes,d9b7785a06954372515977133a1213437b80c5db1517196ca5e26134d3413ccf,other,NA,NA,
run_007,csr,csr_1772961959,csr-irs3-1772961959,csr-irs3-1772961959,,csr_approved,cert_registered,2026-03-08T09:26:08.437300327Z,2026-03-08T09:26:17.894730819Z,/var/lib/docker/volumes,e0eec01c85bd157680e466dd14073f2a433b51342ff770c3a292c984a51f226b,other,NA,NA,
run_007,csr,csr_1772961959,csr-irs3-1772961959,csr-irs3-1772961959,,csr_approved,cert_registered,2026-03-08T09:26:08.437300327Z,2026-03-08T09:26:17.894730819Z,/var/lib/docker/volumes,fabric_orderer.kit.edu,orderer,131337882,131378199,40317
run_007,csr,csr_1772961959,csr-irs3-1772961959,csr-irs3-1772961959,,csr_approved,cert_registered,2026-03-08T09:26:08.437300327Z,2026-03-08T09:26:17.894730819Z,/var/lib/docker/volumes,fabric_peer0.irs1.kit.edu,other,5006,5006,0
run_007,csr,csr_1772961959,csr-irs3-1772961959,csr-irs3-1772961959,,csr_approved,cert_registered,2026-03-08T09:26:08.437300327Z,2026-03-08T09:26:17.894730819Z,/var/lib/docker/volumes,fabric_peer0.irs3.kit.edu,peer,30134947,30186589,51642
run_007,csr,csr_1772961959,csr-irs3-1772961959,csr-irs3-1772961959,,csr_approved,cert_registered,2026-03-08T09:26:08.437300327Z,2026-03-08T09:26:17.894730819Z,/var/lib/docker/volumes,fabric_peer1.irs3.kit.edu,other,30133522,30185164,51642
run_007,csr,csr_1772961959,csr-irs3-1772961959,csr-irs3-1772961959,,csr_approved,cert_registered,2026-03-08T09:26:08.437300327Z,2026-03-08T09:26:17.894730819Z,/var/lib/docker/volumes,fabric_peer2.irs3.kit.edu,other,30133519,30185161,51642
run_007,csr,csr_1772961959,csr-irs3-1772961959,csr-irs3-1772961959,,csr_approved,cert_registered,2026-03-08T09:26:08.437300327Z,2026-03-08T09:26:17.894730819Z,/var/lib/docker/volumes,fabric_peer3.irs3.kit.edu,other,30134944,30186586,51642
run_007,csr,csr_1772961959,csr-irs3-1772961959,csr-irs3-1772961959,,cert_registered,operation_end,2026-03-08T09:26:17.894730819Z,2026-03-08T09:26:18.131471Z,/var/lib/docker/volumes,002a2c976d26a3f9c7eff06e2f9efe095908dd0ee21b2715cc202589b435aec2,other,NA,NA,
run_007,csr,csr_1772961959,csr-irs3-1772961959,csr-irs3-1772961959,,cert_registered,operation_end,2026-03-08T09:26:17.894730819Z,2026-03-08T09:26:18.131471Z,/var/lib/docker/volumes,35a02607c21ea95db05e7150f71e6e704f4d6479a4a76375ed8ec3cbfc5ec094,other,NA,NA,
run_007,csr,csr_1772961959,csr-irs3-1772961959,csr-irs3-1772961959,,cert_registered,operation_end,2026-03-08T09:26:17.894730819Z,2026-03-08T09:26:18.131471Z,/var/lib/docker/volumes,791e62bfc17bf044236c3dcb5d77ec82610b27aa4d5f3c78aff2e2842f98f9ee,other,NA,NA,
run_007,csr,csr_1772961959,csr-irs3-1772961959,csr-irs3-1772961959,,cert_registered,operation_end,2026-03-08T09:26:17.894730819Z,2026-03-08T09:26:18.131471Z,/var/lib/docker/volumes,91dbb4452b1c3709e842113c225d65a63eab07cdac1110f244a9dfbdddb57dbf,other,NA,NA,
run_007,csr,csr_1772961959,csr-irs3-1772961959,csr-irs3-1772961959,,cert_registered,operation_end,2026-03-08T09:26:17.894730819Z,2026-03-08T09:26:18.131471Z,/var/lib/docker/volumes,99ac8c723665556c954d288ca00335f1fae5493d384cb656ecf5a945cc9ae3b8,other,NA,NA,
run_007,csr,csr_1772961959,csr-irs3-1772961959,csr-irs3-1772961959,,cert_registered,operation_end,2026-03-08T09:26:17.894730819Z,2026-03-08T09:26:18.131471Z,/var/lib/docker/volumes,ab96d922f06ec7a94f1b5200e75e480c9ed7eba86fbbe33b5cb9edbe031c6ea8,other,49770,49770,0
run_007,csr,csr_1772961959,csr-irs3-1772961959,csr-irs3-1772961959,,cert_registered,operation_end,2026-03-08T09:26:17.894730819Z,2026-03-08T09:26:18.131471Z,/var/lib/docker/volumes,b8143ef8453ad18871b4b4e0ba6041764a2cda76bc6f516fa468de5fd6585e72,other,49770,49770,0
run_007,csr,csr_1772961959,csr-irs3-1772961959,csr-irs3-1772961959,,cert_registered,operation_end,2026-03-08T09:26:17.894730819Z,2026-03-08T09:26:18.131471Z,/var/lib/docker/volumes,ce313f18292c11d1170b9839e1af2e5976d1858048740f79d790d8aed673a5a4,other,NA,NA,
run_007,csr,csr_1772961959,csr-irs3-1772961959,csr-irs3-1772961959,,cert_registered,operation_end,2026-03-08T09:26:17.894730819Z,2026-03-08T09:26:18.131471Z,/var/lib/docker/volumes,d9b7785a06954372515977133a1213437b80c5db1517196ca5e26134d3413ccf,other,NA,NA,
run_007,csr,csr_1772961959,csr-irs3-1772961959,csr-irs3-1772961959,,cert_registered,operation_end,2026-03-08T09:26:17.894730819Z,2026-03-08T09:26:18.131471Z,/var/lib/docker/volumes,e0eec01c85bd157680e466dd14073f2a433b51342ff770c3a292c984a51f226b,other,NA,NA,
run_007,csr,csr_1772961959,csr-irs3-1772961959,csr-irs3-1772961959,,cert_registered,operation_end,2026-03-08T09:26:17.894730819Z,2026-03-08T09:26:18.131471Z,/var/lib/docker/volumes,fabric_orderer.kit.edu,orderer,131378199,131378199,0
run_007,csr,csr_1772961959,csr-irs3-1772961959,csr-irs3-1772961959,,cert_registered,operation_end,2026-03-08T09:26:17.894730819Z,2026-03-08T09:26:18.131471Z,/var/lib/docker/volumes,fabric_peer0.irs1.kit.edu,other,5006,5006,0
run_007,csr,csr_1772961959,csr-irs3-1772961959,csr-irs3-1772961959,,cert_registered,operation_end,2026-03-08T09:26:17.894730819Z,2026-03-08T09:26:18.131471Z,/var/lib/docker/volumes,fabric_peer0.irs3.kit.edu,peer,30186589,30186589,0
run_007,csr,csr_1772961959,csr-irs3-1772961959,csr-irs3-1772961959,,cert_registered,operation_end,2026-03-08T09:26:17.894730819Z,2026-03-08T09:26:18.131471Z,/var/lib/docker/volumes,fabric_peer1.irs3.kit.edu,other,30185164,30185164,0
run_007,csr,csr_1772961959,csr-irs3-1772961959,csr-irs3-1772961959,,cert_registered,operation_end,2026-03-08T09:26:17.894730819Z,2026-03-08T09:26:18.131471Z,/var/lib/docker/volumes,fabric_peer2.irs3.kit.edu,other,30185161,30185161,0
run_007,csr,csr_1772961959,csr-irs3-1772961959,csr-irs3-1772961959,,cert_registered,operation_end,2026-03-08T09:26:17.894730819Z,2026-03-08T09:26:18.131471Z,/var/lib/docker/volumes,fabric_peer3.irs3.kit.edu,other,30186586,30186586,0
run_007,revocation,revocation_1772961998,revoke-irs3-1772961998,revoke-irs3-1772961998,,operation_start,revocation_submit_done,2026-03-08T09:26:38.604230Z,2026-03-08T09:26:40.952124Z,/var/lib/docker/volumes,002a2c976d26a3f9c7eff06e2f9efe095908dd0ee21b2715cc202589b435aec2,other,NA,NA,
run_007,revocation,revocation_1772961998,revoke-irs3-1772961998,revoke-irs3-1772961998,,operation_start,revocation_submit_done,2026-03-08T09:26:38.604230Z,2026-03-08T09:26:40.952124Z,/var/lib/docker/volumes,35a02607c21ea95db05e7150f71e6e704f4d6479a4a76375ed8ec3cbfc5ec094,other,NA,NA,
run_007,revocation,revocation_1772961998,revoke-irs3-1772961998,revoke-irs3-1772961998,,operation_start,revocation_submit_done,2026-03-08T09:26:38.604230Z,2026-03-08T09:26:40.952124Z,/var/lib/docker/volumes,791e62bfc17bf044236c3dcb5d77ec82610b27aa4d5f3c78aff2e2842f98f9ee,other,NA,NA,
run_007,revocation,revocation_1772961998,revoke-irs3-1772961998,revoke-irs3-1772961998,,operation_start,revocation_submit_done,2026-03-08T09:26:38.604230Z,2026-03-08T09:26:40.952124Z,/var/lib/docker/volumes,91dbb4452b1c3709e842113c225d65a63eab07cdac1110f244a9dfbdddb57dbf,other,NA,NA,
run_007,revocation,revocation_1772961998,revoke-irs3-1772961998,revoke-irs3-1772961998,,operation_start,revocation_submit_done,2026-03-08T09:26:38.604230Z,2026-03-08T09:26:40.952124Z,/var/lib/docker/volumes,99ac8c723665556c954d288ca00335f1fae5493d384cb656ecf5a945cc9ae3b8,other,NA,NA,
run_007,revocation,revocation_1772961998,revoke-irs3-1772961998,revoke-irs3-1772961998,,operation_start,revocation_submit_done,2026-03-08T09:26:38.604230Z,2026-03-08T09:26:40.952124Z,/var/lib/docker/volumes,ab96d922f06ec7a94f1b5200e75e480c9ed7eba86fbbe33b5cb9edbe031c6ea8,other,49770,49770,0
run_007,revocation,revocation_1772961998,revoke-irs3-1772961998,revoke-irs3-1772961998,,operation_start,revocation_submit_done,2026-03-08T09:26:38.604230Z,2026-03-08T09:26:40.952124Z,/var/lib/docker/volumes,b8143ef8453ad18871b4b4e0ba6041764a2cda76bc6f516fa468de5fd6585e72,other,49770,49770,0
run_007,revocation,revocation_1772961998,revoke-irs3-1772961998,revoke-irs3-1772961998,,operation_start,revocation_submit_done,2026-03-08T09:26:38.604230Z,2026-03-08T09:26:40.952124Z,/var/lib/docker/volumes,ce313f18292c11d1170b9839e1af2e5976d1858048740f79d790d8aed673a5a4,other,NA,NA,
run_007,revocation,revocation_1772961998,revoke-irs3-1772961998,revoke-irs3-1772961998,,operation_start,revocation_submit_done,2026-03-08T09:26:38.604230Z,2026-03-08T09:26:40.952124Z,/var/lib/docker/volumes,d9b7785a06954372515977133a1213437b80c5db1517196ca5e26134d3413ccf,other,NA,NA,
run_007,revocation,revocation_1772961998,revoke-irs3-1772961998,revoke-irs3-1772961998,,operation_start,revocation_submit_done,2026-03-08T09:26:38.604230Z,2026-03-08T09:26:40.952124Z,/var/lib/docker/volumes,e0eec01c85bd157680e466dd14073f2a433b51342ff770c3a292c984a51f226b,other,NA,NA,
run_007,revocation,revocation_1772961998,revoke-irs3-1772961998,revoke-irs3-1772961998,,operation_start,revocation_submit_done,2026-03-08T09:26:38.604230Z,2026-03-08T09:26:40.952124Z,/var/lib/docker/volumes,fabric_orderer.kit.edu,orderer,131378199,131385397,7198
run_007,revocation,revocation_1772961998,revoke-irs3-1772961998,revoke-irs3-1772961998,,operation_start,revocation_submit_done,2026-03-08T09:26:38.604230Z,2026-03-08T09:26:40.952124Z,/var/lib/docker/volumes,fabric_peer0.irs1.kit.edu,other,5006,5006,0
run_007,revocation,revocation_1772961998,revoke-irs3-1772961998,revoke-irs3-1772961998,,operation_start,revocation_submit_done,2026-03-08T09:26:38.604230Z,2026-03-08T09:26:40.952124Z,/var/lib/docker/volumes,fabric_peer0.irs3.kit.edu,peer,30186589,30194823,8234
run_007,revocation,revocation_1772961998,revoke-irs3-1772961998,revoke-irs3-1772961998,,operation_start,revocation_submit_done,2026-03-08T09:26:38.604230Z,2026-03-08T09:26:40.952124Z,/var/lib/docker/volumes,fabric_peer1.irs3.kit.edu,other,30185164,30193398,8234
run_007,revocation,revocation_1772961998,revoke-irs3-1772961998,revoke-irs3-1772961998,,operation_start,revocation_submit_done,2026-03-08T09:26:38.604230Z,2026-03-08T09:26:40.952124Z,/var/lib/docker/volumes,fabric_peer2.irs3.kit.edu,other,30185161,30193395,8234
run_007,revocation,revocation_1772961998,revoke-irs3-1772961998,revoke-irs3-1772961998,,operation_start,revocation_submit_done,2026-03-08T09:26:38.604230Z,2026-03-08T09:26:40.952124Z,/var/lib/docker/volumes,fabric_peer3.irs3.kit.edu,other,30186586,30194820,8234
run_007,revocation,revocation_1772961998,revoke-irs3-1772961998,revoke-irs3-1772961998,,revocation_submit_done,revocation_voted,2026-03-08T09:26:40.952124Z,2026-03-08T09:26:44.603788077Z,/var/lib/docker/volumes,002a2c976d26a3f9c7eff06e2f9efe095908dd0ee21b2715cc202589b435aec2,other,NA,NA,
run_007,revocation,revocation_1772961998,revoke-irs3-1772961998,revoke-irs3-1772961998,,revocation_submit_done,revocation_voted,2026-03-08T09:26:40.952124Z,2026-03-08T09:26:44.603788077Z,/var/lib/docker/volumes,35a02607c21ea95db05e7150f71e6e704f4d6479a4a76375ed8ec3cbfc5ec094,other,NA,NA,
run_007,revocation,revocation_1772961998,revoke-irs3-1772961998,revoke-irs3-1772961998,,revocation_submit_done,revocation_voted,2026-03-08T09:26:40.952124Z,2026-03-08T09:26:44.603788077Z,/var/lib/docker/volumes,791e62bfc17bf044236c3dcb5d77ec82610b27aa4d5f3c78aff2e2842f98f9ee,other,NA,NA,
run_007,revocation,revocation_1772961998,revoke-irs3-1772961998,revoke-irs3-1772961998,,revocation_submit_done,revocation_voted,2026-03-08T09:26:40.952124Z,2026-03-08T09:26:44.603788077Z,/var/lib/docker/volumes,91dbb4452b1c3709e842113c225d65a63eab07cdac1110f244a9dfbdddb57dbf,other,NA,NA,
run_007,revocation,revocation_1772961998,revoke-irs3-1772961998,revoke-irs3-1772961998,,revocation_submit_done,revocation_voted,2026-03-08T09:26:40.952124Z,2026-03-08T09:26:44.603788077Z,/var/lib/docker/volumes,99ac8c723665556c954d288ca00335f1fae5493d384cb656ecf5a945cc9ae3b8,other,NA,NA,
run_007,revocation,revocation_1772961998,revoke-irs3-1772961998,revoke-irs3-1772961998,,revocation_submit_done,revocation_voted,2026-03-08T09:26:40.952124Z,2026-03-08T09:26:44.603788077Z,/var/lib/docker/volumes,ab96d922f06ec7a94f1b5200e75e480c9ed7eba86fbbe33b5cb9edbe031c6ea8,other,49770,49770,0
run_007,revocation,revocation_1772961998,revoke-irs3-1772961998,revoke-irs3-1772961998,,revocation_submit_done,revocation_voted,2026-03-08T09:26:40.952124Z,2026-03-08T09:26:44.603788077Z,/var/lib/docker/volumes,b8143ef8453ad18871b4b4e0ba6041764a2cda76bc6f516fa468de5fd6585e72,other,49770,49770,0
run_007,revocation,revocation_1772961998,revoke-irs3-1772961998,revoke-irs3-1772961998,,revocation_submit_done,revocation_voted,2026-03-08T09:26:40.952124Z,2026-03-08T09:26:44.603788077Z,/var/lib/docker/volumes,ce313f18292c11d1170b9839e1af2e5976d1858048740f79d790d8aed673a5a4,other,NA,NA,
run_007,revocation,revocation_1772961998,revoke-irs3-1772961998,revoke-irs3-1772961998,,revocation_submit_done,revocation_voted,2026-03-08T09:26:40.952124Z,2026-03-08T09:26:44.603788077Z,/var/lib/docker/volumes,d9b7785a06954372515977133a1213437b80c5db1517196ca5e26134d3413ccf,other,NA,NA,
run_007,revocation,revocation_1772961998,revoke-irs3-1772961998,revoke-irs3-1772961998,,revocation_submit_done,revocation_voted,2026-03-08T09:26:40.952124Z,2026-03-08T09:26:44.603788077Z,/var/lib/docker/volumes,e0eec01c85bd157680e466dd14073f2a433b51342ff770c3a292c984a51f226b,other,NA,NA,
run_007,revocation,revocation_1772961998,revoke-irs3-1772961998,revoke-irs3-1772961998,,revocation_submit_done,revocation_voted,2026-03-08T09:26:40.952124Z,2026-03-08T09:26:44.603788077Z,/var/lib/docker/volumes,fabric_orderer.kit.edu,orderer,131385397,131406572,21175
run_007,revocation,revocation_1772961998,revoke-irs3-1772961998,revoke-irs3-1772961998,,revocation_submit_done,revocation_voted,2026-03-08T09:26:40.952124Z,2026-03-08T09:26:44.603788077Z,/var/lib/docker/volumes,fabric_peer0.irs1.kit.edu,other,5006,5006,0
run_007,revocation,revocation_1772961998,revoke-irs3-1772961998,revoke-irs3-1772961998,,revocation_submit_done,revocation_voted,2026-03-08T09:26:40.952124Z,2026-03-08T09:26:44.603788077Z,/var/lib/docker/volumes,fabric_peer0.irs3.kit.edu,peer,30194823,30218237,23414
run_007,revocation,revocation_1772961998,revoke-irs3-1772961998,revoke-irs3-1772961998,,revocation_submit_done,revocation_voted,2026-03-08T09:26:40.952124Z,2026-03-08T09:26:44.603788077Z,/var/lib/docker/volumes,fabric_peer1.irs3.kit.edu,other,30193398,30216812,23414
run_007,revocation,revocation_1772961998,revoke-irs3-1772961998,revoke-irs3-1772961998,,revocation_submit_done,revocation_voted,2026-03-08T09:26:40.952124Z,2026-03-08T09:26:44.603788077Z,/var/lib/docker/volumes,fabric_peer2.irs3.kit.edu,other,30193395,30216809,23414
run_007,revocation,revocation_1772961998,revoke-irs3-1772961998,revoke-irs3-1772961998,,revocation_submit_done,revocation_voted,2026-03-08T09:26:40.952124Z,2026-03-08T09:26:44.603788077Z,/var/lib/docker/volumes,fabric_peer3.irs3.kit.edu,other,30194820,30218234,23414
run_007,revocation,revocation_1772961998,revoke-irs3-1772961998,revoke-irs3-1772961998,,revocation_voted,revocation_executed,2026-03-08T09:26:44.603788077Z,2026-03-08T09:26:47.069416185Z,/var/lib/docker/volumes,002a2c976d26a3f9c7eff06e2f9efe095908dd0ee21b2715cc202589b435aec2,other,NA,NA,
run_007,revocation,revocation_1772961998,revoke-irs3-1772961998,revoke-irs3-1772961998,,revocation_voted,revocation_executed,2026-03-08T09:26:44.603788077Z,2026-03-08T09:26:47.069416185Z,/var/lib/docker/volumes,35a02607c21ea95db05e7150f71e6e704f4d6479a4a76375ed8ec3cbfc5ec094,other,NA,NA,
run_007,revocation,revocation_1772961998,revoke-irs3-1772961998,revoke-irs3-1772961998,,revocation_voted,revocation_executed,2026-03-08T09:26:44.603788077Z,2026-03-08T09:26:47.069416185Z,/var/lib/docker/volumes,791e62bfc17bf044236c3dcb5d77ec82610b27aa4d5f3c78aff2e2842f98f9ee,other,NA,NA,
run_007,revocation,revocation_1772961998,revoke-irs3-1772961998,revoke-irs3-1772961998,,revocation_voted,revocation_executed,2026-03-08T09:26:44.603788077Z,2026-03-08T09:26:47.069416185Z,/var/lib/docker/volumes,91dbb4452b1c3709e842113c225d65a63eab07cdac1110f244a9dfbdddb57dbf,other,NA,NA,
run_007,revocation,revocation_1772961998,revoke-irs3-1772961998,revoke-irs3-1772961998,,revocation_voted,revocation_executed,2026-03-08T09:26:44.603788077Z,2026-03-08T09:26:47.069416185Z,/var/lib/docker/volumes,99ac8c723665556c954d288ca00335f1fae5493d384cb656ecf5a945cc9ae3b8,other,NA,NA,
run_007,revocation,revocation_1772961998,revoke-irs3-1772961998,revoke-irs3-1772961998,,revocation_voted,revocation_executed,2026-03-08T09:26:44.603788077Z,2026-03-08T09:26:47.069416185Z,/var/lib/docker/volumes,ab96d922f06ec7a94f1b5200e75e480c9ed7eba86fbbe33b5cb9edbe031c6ea8,other,49770,49770,0
run_007,revocation,revocation_1772961998,revoke-irs3-1772961998,revoke-irs3-1772961998,,revocation_voted,revocation_executed,2026-03-08T09:26:44.603788077Z,2026-03-08T09:26:47.069416185Z,/var/lib/docker/volumes,b8143ef8453ad18871b4b4e0ba6041764a2cda76bc6f516fa468de5fd6585e72,other,49770,49770,0
run_007,revocation,revocation_1772961998,revoke-irs3-1772961998,revoke-irs3-1772961998,,revocation_voted,revocation_executed,2026-03-08T09:26:44.603788077Z,2026-03-08T09:26:47.069416185Z,/var/lib/docker/volumes,ce313f18292c11d1170b9839e1af2e5976d1858048740f79d790d8aed673a5a4,other,NA,NA,
run_007,revocation,revocation_1772961998,revoke-irs3-1772961998,revoke-irs3-1772961998,,revocation_voted,revocation_executed,2026-03-08T09:26:44.603788077Z,2026-03-08T09:26:47.069416185Z,/var/lib/docker/volumes,d9b7785a06954372515977133a1213437b80c5db1517196ca5e26134d3413ccf,other,NA,NA,
run_007,revocation,revocation_1772961998,revoke-irs3-1772961998,revoke-irs3-1772961998,,revocation_voted,revocation_executed,2026-03-08T09:26:44.603788077Z,2026-03-08T09:26:47.069416185Z,/var/lib/docker/volumes,e0eec01c85bd157680e466dd14073f2a433b51342ff770c3a292c984a51f226b,other,NA,NA,
run_007,revocation,revocation_1772961998,revoke-irs3-1772961998,revoke-irs3-1772961998,,revocation_voted,revocation_executed,2026-03-08T09:26:44.603788077Z,2026-03-08T09:26:47.069416185Z,/var/lib/docker/volumes,fabric_orderer.kit.edu,orderer,131406572,131427654,21082
run_007,revocation,revocation_1772961998,revoke-irs3-1772961998,revoke-irs3-1772961998,,revocation_voted,revocation_executed,2026-03-08T09:26:44.603788077Z,2026-03-08T09:26:47.069416185Z,/var/lib/docker/volumes,fabric_peer0.irs1.kit.edu,other,5006,5006,0
run_007,revocation,revocation_1772961998,revoke-irs3-1772961998,revoke-irs3-1772961998,,revocation_voted,revocation_executed,2026-03-08T09:26:44.603788077Z,2026-03-08T09:26:47.069416185Z,/var/lib/docker/volumes,fabric_peer0.irs3.kit.edu,peer,30218237,30244999,26762
run_007,revocation,revocation_1772961998,revoke-irs3-1772961998,revoke-irs3-1772961998,,revocation_voted,revocation_executed,2026-03-08T09:26:44.603788077Z,2026-03-08T09:26:47.069416185Z,/var/lib/docker/volumes,fabric_peer1.irs3.kit.edu,other,30216812,30243574,26762
run_007,revocation,revocation_1772961998,revoke-irs3-1772961998,revoke-irs3-1772961998,,revocation_voted,revocation_executed,2026-03-08T09:26:44.603788077Z,2026-03-08T09:26:47.069416185Z,/var/lib/docker/volumes,fabric_peer2.irs3.kit.edu,other,30216809,30243571,26762
run_007,revocation,revocation_1772961998,revoke-irs3-1772961998,revoke-irs3-1772961998,,revocation_voted,revocation_executed,2026-03-08T09:26:44.603788077Z,2026-03-08T09:26:47.069416185Z,/var/lib/docker/volumes,fabric_peer3.irs3.kit.edu,other,30218234,30244996,26762
run_007,revocation,revocation_1772961998,revoke-irs3-1772961998,revoke-irs3-1772961998,,revocation_executed,operation_end,2026-03-08T09:26:47.069416185Z,2026-03-08T09:26:47.369968Z,/var/lib/docker/volumes,002a2c976d26a3f9c7eff06e2f9efe095908dd0ee21b2715cc202589b435aec2,other,NA,NA,
run_007,revocation,revocation_1772961998,revoke-irs3-1772961998,revoke-irs3-1772961998,,revocation_executed,operation_end,2026-03-08T09:26:47.069416185Z,2026-03-08T09:26:47.369968Z,/var/lib/docker/volumes,35a02607c21ea95db05e7150f71e6e704f4d6479a4a76375ed8ec3cbfc5ec094,other,NA,NA,
run_007,revocation,revocation_1772961998,revoke-irs3-1772961998,revoke-irs3-1772961998,,revocation_executed,operation_end,2026-03-08T09:26:47.069416185Z,2026-03-08T09:26:47.369968Z,/var/lib/docker/volumes,791e62bfc17bf044236c3dcb5d77ec82610b27aa4d5f3c78aff2e2842f98f9ee,other,NA,NA,
run_007,revocation,revocation_1772961998,revoke-irs3-1772961998,revoke-irs3-1772961998,,revocation_executed,operation_end,2026-03-08T09:26:47.069416185Z,2026-03-08T09:26:47.369968Z,/var/lib/docker/volumes,91dbb4452b1c3709e842113c225d65a63eab07cdac1110f244a9dfbdddb57dbf,other,NA,NA,
run_007,revocation,revocation_1772961998,revoke-irs3-1772961998,revoke-irs3-1772961998,,revocation_executed,operation_end,2026-03-08T09:26:47.069416185Z,2026-03-08T09:26:47.369968Z,/var/lib/docker/volumes,99ac8c723665556c954d288ca00335f1fae5493d384cb656ecf5a945cc9ae3b8,other,NA,NA,
run_007,revocation,revocation_1772961998,revoke-irs3-1772961998,revoke-irs3-1772961998,,revocation_executed,operation_end,2026-03-08T09:26:47.069416185Z,2026-03-08T09:26:47.369968Z,/var/lib/docker/volumes,ab96d922f06ec7a94f1b5200e75e480c9ed7eba86fbbe33b5cb9edbe031c6ea8,other,49770,49770,0
run_007,revocation,revocation_1772961998,revoke-irs3-1772961998,revoke-irs3-1772961998,,revocation_executed,operation_end,2026-03-08T09:26:47.069416185Z,2026-03-08T09:26:47.369968Z,/var/lib/docker/volumes,b8143ef8453ad18871b4b4e0ba6041764a2cda76bc6f516fa468de5fd6585e72,other,49770,49770,0
run_007,revocation,revocation_1772961998,revoke-irs3-1772961998,revoke-irs3-1772961998,,revocation_executed,operation_end,2026-03-08T09:26:47.069416185Z,2026-03-08T09:26:47.369968Z,/var/lib/docker/volumes,ce313f18292c11d1170b9839e1af2e5976d1858048740f79d790d8aed673a5a4,other,NA,NA,
run_007,revocation,revocation_1772961998,revoke-irs3-1772961998,revoke-irs3-1772961998,,revocation_executed,operation_end,2026-03-08T09:26:47.069416185Z,2026-03-08T09:26:47.369968Z,/var/lib/docker/volumes,d9b7785a06954372515977133a1213437b80c5db1517196ca5e26134d3413ccf,other,NA,NA,
run_007,revocation,revocation_1772961998,revoke-irs3-1772961998,revoke-irs3-1772961998,,revocation_executed,operation_end,2026-03-08T09:26:47.069416185Z,2026-03-08T09:26:47.369968Z,/var/lib/docker/volumes,e0eec01c85bd157680e466dd14073f2a433b51342ff770c3a292c984a51f226b,other,NA,NA,
run_007,revocation,revocation_1772961998,revoke-irs3-1772961998,revoke-irs3-1772961998,,revocation_executed,operation_end,2026-03-08T09:26:47.069416185Z,2026-03-08T09:26:47.369968Z,/var/lib/docker/volumes,fabric_orderer.kit.edu,orderer,131427654,131427654,0
run_007,revocation,revocation_1772961998,revoke-irs3-1772961998,revoke-irs3-1772961998,,revocation_executed,operation_end,2026-03-08T09:26:47.069416185Z,2026-03-08T09:26:47.369968Z,/var/lib/docker/volumes,fabric_peer0.irs1.kit.edu,other,5006,5006,0
run_007,revocation,revocation_1772961998,revoke-irs3-1772961998,revoke-irs3-1772961998,,revocation_executed,operation_end,2026-03-08T09:26:47.069416185Z,2026-03-08T09:26:47.369968Z,/var/lib/docker/volumes,fabric_peer0.irs3.kit.edu,peer,30244999,30244999,0
run_007,revocation,revocation_1772961998,revoke-irs3-1772961998,revoke-irs3-1772961998,,revocation_executed,operation_end,2026-03-08T09:26:47.069416185Z,2026-03-08T09:26:47.369968Z,/var/lib/docker/volumes,fabric_peer1.irs3.kit.edu,other,30243574,30243574,0
run_007,revocation,revocation_1772961998,revoke-irs3-1772961998,revoke-irs3-1772961998,,revocation_executed,operation_end,2026-03-08T09:26:47.069416185Z,2026-03-08T09:26:47.369968Z,/var/lib/docker/volumes,fabric_peer2.irs3.kit.edu,other,30243571,30243571,0
run_007,revocation,revocation_1772961998,revoke-irs3-1772961998,revoke-irs3-1772961998,,revocation_executed,operation_end,2026-03-08T09:26:47.069416185Z,2026-03-08T09:26:47.369968Z,/var/lib/docker/volumes,fabric_peer3.irs3.kit.edu,other,30244996,30244996,0
run_007,removal,removal_1772962025,remove-irs3-member1-1772962025,remove-irs3-member1-1772962025,16,operation_start,removal_submit_done,2026-03-08T09:27:05.608866Z,2026-03-08T09:27:07.982297Z,/var/lib/docker/volumes,002a2c976d26a3f9c7eff06e2f9efe095908dd0ee21b2715cc202589b435aec2,other,NA,NA,
run_007,removal,removal_1772962025,remove-irs3-member1-1772962025,remove-irs3-member1-1772962025,16,operation_start,removal_submit_done,2026-03-08T09:27:05.608866Z,2026-03-08T09:27:07.982297Z,/var/lib/docker/volumes,35a02607c21ea95db05e7150f71e6e704f4d6479a4a76375ed8ec3cbfc5ec094,other,NA,NA,
run_007,removal,removal_1772962025,remove-irs3-member1-1772962025,remove-irs3-member1-1772962025,16,operation_start,removal_submit_done,2026-03-08T09:27:05.608866Z,2026-03-08T09:27:07.982297Z,/var/lib/docker/volumes,791e62bfc17bf044236c3dcb5d77ec82610b27aa4d5f3c78aff2e2842f98f9ee,other,NA,NA,
run_007,removal,removal_1772962025,remove-irs3-member1-1772962025,remove-irs3-member1-1772962025,16,operation_start,removal_submit_done,2026-03-08T09:27:05.608866Z,2026-03-08T09:27:07.982297Z,/var/lib/docker/volumes,91dbb4452b1c3709e842113c225d65a63eab07cdac1110f244a9dfbdddb57dbf,other,NA,NA,
run_007,removal,removal_1772962025,remove-irs3-member1-1772962025,remove-irs3-member1-1772962025,16,operation_start,removal_submit_done,2026-03-08T09:27:05.608866Z,2026-03-08T09:27:07.982297Z,/var/lib/docker/volumes,99ac8c723665556c954d288ca00335f1fae5493d384cb656ecf5a945cc9ae3b8,other,NA,NA,
run_007,removal,removal_1772962025,remove-irs3-member1-1772962025,remove-irs3-member1-1772962025,16,operation_start,removal_submit_done,2026-03-08T09:27:05.608866Z,2026-03-08T09:27:07.982297Z,/var/lib/docker/volumes,ab96d922f06ec7a94f1b5200e75e480c9ed7eba86fbbe33b5cb9edbe031c6ea8,other,49770,49770,0
run_007,removal,removal_1772962025,remove-irs3-member1-1772962025,remove-irs3-member1-1772962025,16,operation_start,removal_submit_done,2026-03-08T09:27:05.608866Z,2026-03-08T09:27:07.982297Z,/var/lib/docker/volumes,b8143ef8453ad18871b4b4e0ba6041764a2cda76bc6f516fa468de5fd6585e72,other,49770,49770,0
run_007,removal,removal_1772962025,remove-irs3-member1-1772962025,remove-irs3-member1-1772962025,16,operation_start,removal_submit_done,2026-03-08T09:27:05.608866Z,2026-03-08T09:27:07.982297Z,/var/lib/docker/volumes,ce313f18292c11d1170b9839e1af2e5976d1858048740f79d790d8aed673a5a4,other,NA,NA,
run_007,removal,removal_1772962025,remove-irs3-member1-1772962025,remove-irs3-member1-1772962025,16,operation_start,removal_submit_done,2026-03-08T09:27:05.608866Z,2026-03-08T09:27:07.982297Z,/var/lib/docker/volumes,d9b7785a06954372515977133a1213437b80c5db1517196ca5e26134d3413ccf,other,NA,NA,
run_007,removal,removal_1772962025,remove-irs3-member1-1772962025,remove-irs3-member1-1772962025,16,operation_start,removal_submit_done,2026-03-08T09:27:05.608866Z,2026-03-08T09:27:07.982297Z,/var/lib/docker/volumes,e0eec01c85bd157680e466dd14073f2a433b51342ff770c3a292c984a51f226b,other,NA,NA,
run_007,removal,removal_1772962025,remove-irs3-member1-1772962025,remove-irs3-member1-1772962025,16,operation_start,removal_submit_done,2026-03-08T09:27:05.608866Z,2026-03-08T09:27:07.982297Z,/var/lib/docker/volumes,fabric_orderer.kit.edu,orderer,131427654,131435987,8333
run_007,removal,removal_1772962025,remove-irs3-member1-1772962025,remove-irs3-member1-1772962025,16,operation_start,removal_submit_done,2026-03-08T09:27:05.608866Z,2026-03-08T09:27:07.982297Z,/var/lib/docker/volumes,fabric_peer0.irs1.kit.edu,other,5006,5006,0
run_007,removal,removal_1772962025,remove-irs3-member1-1772962025,remove-irs3-member1-1772962025,16,operation_start,removal_submit_done,2026-03-08T09:27:05.608866Z,2026-03-08T09:27:07.982297Z,/var/lib/docker/volumes,fabric_peer0.irs3.kit.edu,peer,30244999,30254439,9440
run_007,removal,removal_1772962025,remove-irs3-member1-1772962025,remove-irs3-member1-1772962025,16,operation_start,removal_submit_done,2026-03-08T09:27:05.608866Z,2026-03-08T09:27:07.982297Z,/var/lib/docker/volumes,fabric_peer1.irs3.kit.edu,other,30243574,30253014,9440
run_007,removal,removal_1772962025,remove-irs3-member1-1772962025,remove-irs3-member1-1772962025,16,operation_start,removal_submit_done,2026-03-08T09:27:05.608866Z,2026-03-08T09:27:07.982297Z,/var/lib/docker/volumes,fabric_peer2.irs3.kit.edu,other,30243571,30253011,9440
run_007,removal,removal_1772962025,remove-irs3-member1-1772962025,remove-irs3-member1-1772962025,16,operation_start,removal_submit_done,2026-03-08T09:27:05.608866Z,2026-03-08T09:27:07.982297Z,/var/lib/docker/volumes,fabric_peer3.irs3.kit.edu,other,30244996,30254436,9440
run_007,removal,removal_1772962025,remove-irs3-member1-1772962025,remove-irs3-member1-1772962025,16,removal_submit_done,removal_voted,2026-03-08T09:27:07.982297Z,2026-03-08T09:27:11.524329669Z,/var/lib/docker/volumes,002a2c976d26a3f9c7eff06e2f9efe095908dd0ee21b2715cc202589b435aec2,other,NA,NA,
run_007,removal,removal_1772962025,remove-irs3-member1-1772962025,remove-irs3-member1-1772962025,16,removal_submit_done,removal_voted,2026-03-08T09:27:07.982297Z,2026-03-08T09:27:11.524329669Z,/var/lib/docker/volumes,35a02607c21ea95db05e7150f71e6e704f4d6479a4a76375ed8ec3cbfc5ec094,other,NA,NA,
run_007,removal,removal_1772962025,remove-irs3-member1-1772962025,remove-irs3-member1-1772962025,16,removal_submit_done,removal_voted,2026-03-08T09:27:07.982297Z,2026-03-08T09:27:11.524329669Z,/var/lib/docker/volumes,791e62bfc17bf044236c3dcb5d77ec82610b27aa4d5f3c78aff2e2842f98f9ee,other,NA,NA,
run_007,removal,removal_1772962025,remove-irs3-member1-1772962025,remove-irs3-member1-1772962025,16,removal_submit_done,removal_voted,2026-03-08T09:27:07.982297Z,2026-03-08T09:27:11.524329669Z,/var/lib/docker/volumes,91dbb4452b1c3709e842113c225d65a63eab07cdac1110f244a9dfbdddb57dbf,other,NA,NA,
run_007,removal,removal_1772962025,remove-irs3-member1-1772962025,remove-irs3-member1-1772962025,16,removal_submit_done,removal_voted,2026-03-08T09:27:07.982297Z,2026-03-08T09:27:11.524329669Z,/var/lib/docker/volumes,99ac8c723665556c954d288ca00335f1fae5493d384cb656ecf5a945cc9ae3b8,other,NA,NA,
run_007,removal,removal_1772962025,remove-irs3-member1-1772962025,remove-irs3-member1-1772962025,16,removal_submit_done,removal_voted,2026-03-08T09:27:07.982297Z,2026-03-08T09:27:11.524329669Z,/var/lib/docker/volumes,ab96d922f06ec7a94f1b5200e75e480c9ed7eba86fbbe33b5cb9edbe031c6ea8,other,49770,49770,0
run_007,removal,removal_1772962025,remove-irs3-member1-1772962025,remove-irs3-member1-1772962025,16,removal_submit_done,removal_voted,2026-03-08T09:27:07.982297Z,2026-03-08T09:27:11.524329669Z,/var/lib/docker/volumes,b8143ef8453ad18871b4b4e0ba6041764a2cda76bc6f516fa468de5fd6585e72,other,49770,49770,0
run_007,removal,removal_1772962025,remove-irs3-member1-1772962025,remove-irs3-member1-1772962025,16,removal_submit_done,removal_voted,2026-03-08T09:27:07.982297Z,2026-03-08T09:27:11.524329669Z,/var/lib/docker/volumes,ce313f18292c11d1170b9839e1af2e5976d1858048740f79d790d8aed673a5a4,other,NA,NA,
run_007,removal,removal_1772962025,remove-irs3-member1-1772962025,remove-irs3-member1-1772962025,16,removal_submit_done,removal_voted,2026-03-08T09:27:07.982297Z,2026-03-08T09:27:11.524329669Z,/var/lib/docker/volumes,d9b7785a06954372515977133a1213437b80c5db1517196ca5e26134d3413ccf,other,NA,NA,
run_007,removal,removal_1772962025,remove-irs3-member1-1772962025,remove-irs3-member1-1772962025,16,removal_submit_done,removal_voted,2026-03-08T09:27:07.982297Z,2026-03-08T09:27:11.524329669Z,/var/lib/docker/volumes,e0eec01c85bd157680e466dd14073f2a433b51342ff770c3a292c984a51f226b,other,NA,NA,
run_007,removal,removal_1772962025,remove-irs3-member1-1772962025,remove-irs3-member1-1772962025,16,removal_submit_done,removal_voted,2026-03-08T09:27:07.982297Z,2026-03-08T09:27:11.524329669Z,/var/lib/docker/volumes,fabric_orderer.kit.edu,orderer,131435987,131458470,22483
run_007,removal,removal_1772962025,remove-irs3-member1-1772962025,remove-irs3-member1-1772962025,16,removal_submit_done,removal_voted,2026-03-08T09:27:07.982297Z,2026-03-08T09:27:11.524329669Z,/var/lib/docker/volumes,fabric_peer0.irs1.kit.edu,other,5006,5006,0
run_007,removal,removal_1772962025,remove-irs3-member1-1772962025,remove-irs3-member1-1772962025,16,removal_submit_done,removal_voted,2026-03-08T09:27:07.982297Z,2026-03-08T09:27:11.524329669Z,/var/lib/docker/volumes,fabric_peer0.irs3.kit.edu,peer,30254439,30279279,24840
run_007,removal,removal_1772962025,remove-irs3-member1-1772962025,remove-irs3-member1-1772962025,16,removal_submit_done,removal_voted,2026-03-08T09:27:07.982297Z,2026-03-08T09:27:11.524329669Z,/var/lib/docker/volumes,fabric_peer1.irs3.kit.edu,other,30253014,30277854,24840
run_007,removal,removal_1772962025,remove-irs3-member1-1772962025,remove-irs3-member1-1772962025,16,removal_submit_done,removal_voted,2026-03-08T09:27:07.982297Z,2026-03-08T09:27:11.524329669Z,/var/lib/docker/volumes,fabric_peer2.irs3.kit.edu,other,30253011,30277851,24840
run_007,removal,removal_1772962025,remove-irs3-member1-1772962025,remove-irs3-member1-1772962025,16,removal_submit_done,removal_voted,2026-03-08T09:27:07.982297Z,2026-03-08T09:27:11.524329669Z,/var/lib/docker/volumes,fabric_peer3.irs3.kit.edu,other,30254436,30279276,24840
run_007,removal,removal_1772962025,remove-irs3-member1-1772962025,remove-irs3-member1-1772962025,16,removal_voted,removal_approved,2026-03-08T09:27:11.524329669Z,2026-03-08T09:27:14.011617307Z,/var/lib/docker/volumes,002a2c976d26a3f9c7eff06e2f9efe095908dd0ee21b2715cc202589b435aec2,other,NA,NA,
run_007,removal,removal_1772962025,remove-irs3-member1-1772962025,remove-irs3-member1-1772962025,16,removal_voted,removal_approved,2026-03-08T09:27:11.524329669Z,2026-03-08T09:27:14.011617307Z,/var/lib/docker/volumes,35a02607c21ea95db05e7150f71e6e704f4d6479a4a76375ed8ec3cbfc5ec094,other,NA,NA,
run_007,removal,removal_1772962025,remove-irs3-member1-1772962025,remove-irs3-member1-1772962025,16,removal_voted,removal_approved,2026-03-08T09:27:11.524329669Z,2026-03-08T09:27:14.011617307Z,/var/lib/docker/volumes,791e62bfc17bf044236c3dcb5d77ec82610b27aa4d5f3c78aff2e2842f98f9ee,other,NA,NA,
run_007,removal,removal_1772962025,remove-irs3-member1-1772962025,remove-irs3-member1-1772962025,16,removal_voted,removal_approved,2026-03-08T09:27:11.524329669Z,2026-03-08T09:27:14.011617307Z,/var/lib/docker/volumes,91dbb4452b1c3709e842113c225d65a63eab07cdac1110f244a9dfbdddb57dbf,other,NA,NA,
run_007,removal,removal_1772962025,remove-irs3-member1-1772962025,remove-irs3-member1-1772962025,16,removal_voted,removal_approved,2026-03-08T09:27:11.524329669Z,2026-03-08T09:27:14.011617307Z,/var/lib/docker/volumes,99ac8c723665556c954d288ca00335f1fae5493d384cb656ecf5a945cc9ae3b8,other,NA,NA,
run_007,removal,removal_1772962025,remove-irs3-member1-1772962025,remove-irs3-member1-1772962025,16,removal_voted,removal_approved,2026-03-08T09:27:11.524329669Z,2026-03-08T09:27:14.011617307Z,/var/lib/docker/volumes,ab96d922f06ec7a94f1b5200e75e480c9ed7eba86fbbe33b5cb9edbe031c6ea8,other,49770,49770,0
run_007,removal,removal_1772962025,remove-irs3-member1-1772962025,remove-irs3-member1-1772962025,16,removal_voted,removal_approved,2026-03-08T09:27:11.524329669Z,2026-03-08T09:27:14.011617307Z,/var/lib/docker/volumes,b8143ef8453ad18871b4b4e0ba6041764a2cda76bc6f516fa468de5fd6585e72,other,49770,49770,0
run_007,removal,removal_1772962025,remove-irs3-member1-1772962025,remove-irs3-member1-1772962025,16,removal_voted,removal_approved,2026-03-08T09:27:11.524329669Z,2026-03-08T09:27:14.011617307Z,/var/lib/docker/volumes,ce313f18292c11d1170b9839e1af2e5976d1858048740f79d790d8aed673a5a4,other,NA,NA,
run_007,removal,removal_1772962025,remove-irs3-member1-1772962025,remove-irs3-member1-1772962025,16,removal_voted,removal_approved,2026-03-08T09:27:11.524329669Z,2026-03-08T09:27:14.011617307Z,/var/lib/docker/volumes,d9b7785a06954372515977133a1213437b80c5db1517196ca5e26134d3413ccf,other,NA,NA,
run_007,removal,removal_1772962025,remove-irs3-member1-1772962025,remove-irs3-member1-1772962025,16,removal_voted,removal_approved,2026-03-08T09:27:11.524329669Z,2026-03-08T09:27:14.011617307Z,/var/lib/docker/volumes,e0eec01c85bd157680e466dd14073f2a433b51342ff770c3a292c984a51f226b,other,NA,NA,
run_007,removal,removal_1772962025,remove-irs3-member1-1772962025,remove-irs3-member1-1772962025,16,removal_voted,removal_approved,2026-03-08T09:27:11.524329669Z,2026-03-08T09:27:14.011617307Z,/var/lib/docker/volumes,fabric_orderer.kit.edu,orderer,131458470,131477831,19361
run_007,removal,removal_1772962025,remove-irs3-member1-1772962025,remove-irs3-member1-1772962025,16,removal_voted,removal_approved,2026-03-08T09:27:11.524329669Z,2026-03-08T09:27:14.011617307Z,/var/lib/docker/volumes,fabric_peer0.irs1.kit.edu,other,5006,5006,0
run_007,removal,removal_1772962025,remove-irs3-member1-1772962025,remove-irs3-member1-1772962025,16,removal_voted,removal_approved,2026-03-08T09:27:11.524329669Z,2026-03-08T09:27:14.011617307Z,/var/lib/docker/volumes,fabric_peer0.irs3.kit.edu,peer,30279279,30303232,23953
run_007,removal,removal_1772962025,remove-irs3-member1-1772962025,remove-irs3-member1-1772962025,16,removal_voted,removal_approved,2026-03-08T09:27:11.524329669Z,2026-03-08T09:27:14.011617307Z,/var/lib/docker/volumes,fabric_peer1.irs3.kit.edu,other,30277854,30301807,23953
run_007,removal,removal_1772962025,remove-irs3-member1-1772962025,remove-irs3-member1-1772962025,16,removal_voted,removal_approved,2026-03-08T09:27:11.524329669Z,2026-03-08T09:27:14.011617307Z,/var/lib/docker/volumes,fabric_peer2.irs3.kit.edu,other,30277851,30301804,23953
run_007,removal,removal_1772962025,remove-irs3-member1-1772962025,remove-irs3-member1-1772962025,16,removal_voted,removal_approved,2026-03-08T09:27:11.524329669Z,2026-03-08T09:27:14.011617307Z,/var/lib/docker/volumes,fabric_peer3.irs3.kit.edu,other,30279276,30303229,23953
run_007,removal,removal_1772962025,remove-irs3-member1-1772962025,remove-irs3-member1-1772962025,16,removal_approved,reshare_started,2026-03-08T09:27:14.011617307Z,2026-03-08T09:27:14.383168Z,/var/lib/docker/volumes,002a2c976d26a3f9c7eff06e2f9efe095908dd0ee21b2715cc202589b435aec2,other,NA,NA,
run_007,removal,removal_1772962025,remove-irs3-member1-1772962025,remove-irs3-member1-1772962025,16,removal_approved,reshare_started,2026-03-08T09:27:14.011617307Z,2026-03-08T09:27:14.383168Z,/var/lib/docker/volumes,35a02607c21ea95db05e7150f71e6e704f4d6479a4a76375ed8ec3cbfc5ec094,other,NA,NA,
run_007,removal,removal_1772962025,remove-irs3-member1-1772962025,remove-irs3-member1-1772962025,16,removal_approved,reshare_started,2026-03-08T09:27:14.011617307Z,2026-03-08T09:27:14.383168Z,/var/lib/docker/volumes,791e62bfc17bf044236c3dcb5d77ec82610b27aa4d5f3c78aff2e2842f98f9ee,other,NA,NA,
run_007,removal,removal_1772962025,remove-irs3-member1-1772962025,remove-irs3-member1-1772962025,16,removal_approved,reshare_started,2026-03-08T09:27:14.011617307Z,2026-03-08T09:27:14.383168Z,/var/lib/docker/volumes,91dbb4452b1c3709e842113c225d65a63eab07cdac1110f244a9dfbdddb57dbf,other,NA,NA,
run_007,removal,removal_1772962025,remove-irs3-member1-1772962025,remove-irs3-member1-1772962025,16,removal_approved,reshare_started,2026-03-08T09:27:14.011617307Z,2026-03-08T09:27:14.383168Z,/var/lib/docker/volumes,99ac8c723665556c954d288ca00335f1fae5493d384cb656ecf5a945cc9ae3b8,other,NA,NA,
run_007,removal,removal_1772962025,remove-irs3-member1-1772962025,remove-irs3-member1-1772962025,16,removal_approved,reshare_started,2026-03-08T09:27:14.011617307Z,2026-03-08T09:27:14.383168Z,/var/lib/docker/volumes,ab96d922f06ec7a94f1b5200e75e480c9ed7eba86fbbe33b5cb9edbe031c6ea8,other,49770,49770,0
run_007,removal,removal_1772962025,remove-irs3-member1-1772962025,remove-irs3-member1-1772962025,16,removal_approved,reshare_started,2026-03-08T09:27:14.011617307Z,2026-03-08T09:27:14.383168Z,/var/lib/docker/volumes,b8143ef8453ad18871b4b4e0ba6041764a2cda76bc6f516fa468de5fd6585e72,other,49770,49770,0
run_007,removal,removal_1772962025,remove-irs3-member1-1772962025,remove-irs3-member1-1772962025,16,removal_approved,reshare_started,2026-03-08T09:27:14.011617307Z,2026-03-08T09:27:14.383168Z,/var/lib/docker/volumes,ce313f18292c11d1170b9839e1af2e5976d1858048740f79d790d8aed673a5a4,other,NA,NA,
run_007,removal,removal_1772962025,remove-irs3-member1-1772962025,remove-irs3-member1-1772962025,16,removal_approved,reshare_started,2026-03-08T09:27:14.011617307Z,2026-03-08T09:27:14.383168Z,/var/lib/docker/volumes,d9b7785a06954372515977133a1213437b80c5db1517196ca5e26134d3413ccf,other,NA,NA,
run_007,removal,removal_1772962025,remove-irs3-member1-1772962025,remove-irs3-member1-1772962025,16,removal_approved,reshare_started,2026-03-08T09:27:14.011617307Z,2026-03-08T09:27:14.383168Z,/var/lib/docker/volumes,e0eec01c85bd157680e466dd14073f2a433b51342ff770c3a292c984a51f226b,other,NA,NA,
run_007,removal,removal_1772962025,remove-irs3-member1-1772962025,remove-irs3-member1-1772962025,16,removal_approved,reshare_started,2026-03-08T09:27:14.011617307Z,2026-03-08T09:27:14.383168Z,/var/lib/docker/volumes,fabric_orderer.kit.edu,orderer,131477831,131477831,0
run_007,removal,removal_1772962025,remove-irs3-member1-1772962025,remove-irs3-member1-1772962025,16,removal_approved,reshare_started,2026-03-08T09:27:14.011617307Z,2026-03-08T09:27:14.383168Z,/var/lib/docker/volumes,fabric_peer0.irs1.kit.edu,other,5006,5006,0
run_007,removal,removal_1772962025,remove-irs3-member1-1772962025,remove-irs3-member1-1772962025,16,removal_approved,reshare_started,2026-03-08T09:27:14.011617307Z,2026-03-08T09:27:14.383168Z,/var/lib/docker/volumes,fabric_peer0.irs3.kit.edu,peer,30303232,30303232,0
run_007,removal,removal_1772962025,remove-irs3-member1-1772962025,remove-irs3-member1-1772962025,16,removal_approved,reshare_started,2026-03-08T09:27:14.011617307Z,2026-03-08T09:27:14.383168Z,/var/lib/docker/volumes,fabric_peer1.irs3.kit.edu,other,30301807,30301807,0
run_007,removal,removal_1772962025,remove-irs3-member1-1772962025,remove-irs3-member1-1772962025,16,removal_approved,reshare_started,2026-03-08T09:27:14.011617307Z,2026-03-08T09:27:14.383168Z,/var/lib/docker/volumes,fabric_peer2.irs3.kit.edu,other,30301804,30301804,0
run_007,removal,removal_1772962025,remove-irs3-member1-1772962025,remove-irs3-member1-1772962025,16,removal_approved,reshare_started,2026-03-08T09:27:14.011617307Z,2026-03-08T09:27:14.383168Z,/var/lib/docker/volumes,fabric_peer3.irs3.kit.edu,other,30303229,30303229,0
run_007,removal,removal_1772962025,remove-irs3-member1-1772962025,remove-irs3-member1-1772962025,16,reshare_started,reshare_completed,2026-03-08T09:27:14.383168Z,2026-03-08T09:27:36.059796417Z,/var/lib/docker/volumes,002a2c976d26a3f9c7eff06e2f9efe095908dd0ee21b2715cc202589b435aec2,other,NA,NA,
run_007,removal,removal_1772962025,remove-irs3-member1-1772962025,remove-irs3-member1-1772962025,16,reshare_started,reshare_completed,2026-03-08T09:27:14.383168Z,2026-03-08T09:27:36.059796417Z,/var/lib/docker/volumes,35a02607c21ea95db05e7150f71e6e704f4d6479a4a76375ed8ec3cbfc5ec094,other,NA,NA,
run_007,removal,removal_1772962025,remove-irs3-member1-1772962025,remove-irs3-member1-1772962025,16,reshare_started,reshare_completed,2026-03-08T09:27:14.383168Z,2026-03-08T09:27:36.059796417Z,/var/lib/docker/volumes,791e62bfc17bf044236c3dcb5d77ec82610b27aa4d5f3c78aff2e2842f98f9ee,other,NA,NA,
run_007,removal,removal_1772962025,remove-irs3-member1-1772962025,remove-irs3-member1-1772962025,16,reshare_started,reshare_completed,2026-03-08T09:27:14.383168Z,2026-03-08T09:27:36.059796417Z,/var/lib/docker/volumes,91dbb4452b1c3709e842113c225d65a63eab07cdac1110f244a9dfbdddb57dbf,other,NA,NA,
run_007,removal,removal_1772962025,remove-irs3-member1-1772962025,remove-irs3-member1-1772962025,16,reshare_started,reshare_completed,2026-03-08T09:27:14.383168Z,2026-03-08T09:27:36.059796417Z,/var/lib/docker/volumes,99ac8c723665556c954d288ca00335f1fae5493d384cb656ecf5a945cc9ae3b8,other,NA,NA,
run_007,removal,removal_1772962025,remove-irs3-member1-1772962025,remove-irs3-member1-1772962025,16,reshare_started,reshare_completed,2026-03-08T09:27:14.383168Z,2026-03-08T09:27:36.059796417Z,/var/lib/docker/volumes,ab96d922f06ec7a94f1b5200e75e480c9ed7eba86fbbe33b5cb9edbe031c6ea8,other,49770,49770,0
run_007,removal,removal_1772962025,remove-irs3-member1-1772962025,remove-irs3-member1-1772962025,16,reshare_started,reshare_completed,2026-03-08T09:27:14.383168Z,2026-03-08T09:27:36.059796417Z,/var/lib/docker/volumes,b8143ef8453ad18871b4b4e0ba6041764a2cda76bc6f516fa468de5fd6585e72,other,49770,49770,0
run_007,removal,removal_1772962025,remove-irs3-member1-1772962025,remove-irs3-member1-1772962025,16,reshare_started,reshare_completed,2026-03-08T09:27:14.383168Z,2026-03-08T09:27:36.059796417Z,/var/lib/docker/volumes,ce313f18292c11d1170b9839e1af2e5976d1858048740f79d790d8aed673a5a4,other,NA,NA,
run_007,removal,removal_1772962025,remove-irs3-member1-1772962025,remove-irs3-member1-1772962025,16,reshare_started,reshare_completed,2026-03-08T09:27:14.383168Z,2026-03-08T09:27:36.059796417Z,/var/lib/docker/volumes,d9b7785a06954372515977133a1213437b80c5db1517196ca5e26134d3413ccf,other,NA,NA,
run_007,removal,removal_1772962025,remove-irs3-member1-1772962025,remove-irs3-member1-1772962025,16,reshare_started,reshare_completed,2026-03-08T09:27:14.383168Z,2026-03-08T09:27:36.059796417Z,/var/lib/docker/volumes,e0eec01c85bd157680e466dd14073f2a433b51342ff770c3a292c984a51f226b,other,NA,NA,
run_007,removal,removal_1772962025,remove-irs3-member1-1772962025,remove-irs3-member1-1772962025,16,reshare_started,reshare_completed,2026-03-08T09:27:14.383168Z,2026-03-08T09:27:36.059796417Z,/var/lib/docker/volumes,fabric_orderer.kit.edu,orderer,131477831,131529378,51547
run_007,removal,removal_1772962025,remove-irs3-member1-1772962025,remove-irs3-member1-1772962025,16,reshare_started,reshare_completed,2026-03-08T09:27:14.383168Z,2026-03-08T09:27:36.059796417Z,/var/lib/docker/volumes,fabric_peer0.irs1.kit.edu,other,5006,5006,0
run_007,removal,removal_1772962025,remove-irs3-member1-1772962025,remove-irs3-member1-1772962025,16,reshare_started,reshare_completed,2026-03-08T09:27:14.383168Z,2026-03-08T09:27:36.059796417Z,/var/lib/docker/volumes,fabric_peer0.irs3.kit.edu,peer,30303232,30364624,61392
run_007,removal,removal_1772962025,remove-irs3-member1-1772962025,remove-irs3-member1-1772962025,16,reshare_started,reshare_completed,2026-03-08T09:27:14.383168Z,2026-03-08T09:27:36.059796417Z,/var/lib/docker/volumes,fabric_peer1.irs3.kit.edu,other,30301807,30363199,61392
run_007,removal,removal_1772962025,remove-irs3-member1-1772962025,remove-irs3-member1-1772962025,16,reshare_started,reshare_completed,2026-03-08T09:27:14.383168Z,2026-03-08T09:27:36.059796417Z,/var/lib/docker/volumes,fabric_peer2.irs3.kit.edu,other,30301804,30363196,61392
run_007,removal,removal_1772962025,remove-irs3-member1-1772962025,remove-irs3-member1-1772962025,16,reshare_started,reshare_completed,2026-03-08T09:27:14.383168Z,2026-03-08T09:27:36.059796417Z,/var/lib/docker/volumes,fabric_peer3.irs3.kit.edu,other,30303229,30364621,61392
run_007,removal,removal_1772962025,remove-irs3-member1-1772962025,remove-irs3-member1-1772962025,16,reshare_completed,operation_end,2026-03-08T09:27:36.059796417Z,2026-03-08T09:27:36.795457Z,/var/lib/docker/volumes,002a2c976d26a3f9c7eff06e2f9efe095908dd0ee21b2715cc202589b435aec2,other,NA,NA,
run_007,removal,removal_1772962025,remove-irs3-member1-1772962025,remove-irs3-member1-1772962025,16,reshare_completed,operation_end,2026-03-08T09:27:36.059796417Z,2026-03-08T09:27:36.795457Z,/var/lib/docker/volumes,35a02607c21ea95db05e7150f71e6e704f4d6479a4a76375ed8ec3cbfc5ec094,other,NA,NA,
run_007,removal,removal_1772962025,remove-irs3-member1-1772962025,remove-irs3-member1-1772962025,16,reshare_completed,operation_end,2026-03-08T09:27:36.059796417Z,2026-03-08T09:27:36.795457Z,/var/lib/docker/volumes,791e62bfc17bf044236c3dcb5d77ec82610b27aa4d5f3c78aff2e2842f98f9ee,other,NA,NA,
run_007,removal,removal_1772962025,remove-irs3-member1-1772962025,remove-irs3-member1-1772962025,16,reshare_completed,operation_end,2026-03-08T09:27:36.059796417Z,2026-03-08T09:27:36.795457Z,/var/lib/docker/volumes,91dbb4452b1c3709e842113c225d65a63eab07cdac1110f244a9dfbdddb57dbf,other,NA,NA,
run_007,removal,removal_1772962025,remove-irs3-member1-1772962025,remove-irs3-member1-1772962025,16,reshare_completed,operation_end,2026-03-08T09:27:36.059796417Z,2026-03-08T09:27:36.795457Z,/var/lib/docker/volumes,99ac8c723665556c954d288ca00335f1fae5493d384cb656ecf5a945cc9ae3b8,other,NA,NA,
run_007,removal,removal_1772962025,remove-irs3-member1-1772962025,remove-irs3-member1-1772962025,16,reshare_completed,operation_end,2026-03-08T09:27:36.059796417Z,2026-03-08T09:27:36.795457Z,/var/lib/docker/volumes,ab96d922f06ec7a94f1b5200e75e480c9ed7eba86fbbe33b5cb9edbe031c6ea8,other,49770,49770,0
run_007,removal,removal_1772962025,remove-irs3-member1-1772962025,remove-irs3-member1-1772962025,16,reshare_completed,operation_end,2026-03-08T09:27:36.059796417Z,2026-03-08T09:27:36.795457Z,/var/lib/docker/volumes,b8143ef8453ad18871b4b4e0ba6041764a2cda76bc6f516fa468de5fd6585e72,other,49770,49770,0
run_007,removal,removal_1772962025,remove-irs3-member1-1772962025,remove-irs3-member1-1772962025,16,reshare_completed,operation_end,2026-03-08T09:27:36.059796417Z,2026-03-08T09:27:36.795457Z,/var/lib/docker/volumes,ce313f18292c11d1170b9839e1af2e5976d1858048740f79d790d8aed673a5a4,other,NA,NA,
run_007,removal,removal_1772962025,remove-irs3-member1-1772962025,remove-irs3-member1-1772962025,16,reshare_completed,operation_end,2026-03-08T09:27:36.059796417Z,2026-03-08T09:27:36.795457Z,/var/lib/docker/volumes,d9b7785a06954372515977133a1213437b80c5db1517196ca5e26134d3413ccf,other,NA,NA,
run_007,removal,removal_1772962025,remove-irs3-member1-1772962025,remove-irs3-member1-1772962025,16,reshare_completed,operation_end,2026-03-08T09:27:36.059796417Z,2026-03-08T09:27:36.795457Z,/var/lib/docker/volumes,e0eec01c85bd157680e466dd14073f2a433b51342ff770c3a292c984a51f226b,other,NA,NA,
run_007,removal,removal_1772962025,remove-irs3-member1-1772962025,remove-irs3-member1-1772962025,16,reshare_completed,operation_end,2026-03-08T09:27:36.059796417Z,2026-03-08T09:27:36.795457Z,/var/lib/docker/volumes,fabric_orderer.kit.edu,orderer,131529378,131529378,0
run_007,removal,removal_1772962025,remove-irs3-member1-1772962025,remove-irs3-member1-1772962025,16,reshare_completed,operation_end,2026-03-08T09:27:36.059796417Z,2026-03-08T09:27:36.795457Z,/var/lib/docker/volumes,fabric_peer0.irs1.kit.edu,other,5006,5006,0
run_007,removal,removal_1772962025,remove-irs3-member1-1772962025,remove-irs3-member1-1772962025,16,reshare_completed,operation_end,2026-03-08T09:27:36.059796417Z,2026-03-08T09:27:36.795457Z,/var/lib/docker/volumes,fabric_peer0.irs3.kit.edu,peer,30364624,30364624,0
run_007,removal,removal_1772962025,remove-irs3-member1-1772962025,remove-irs3-member1-1772962025,16,reshare_completed,operation_end,2026-03-08T09:27:36.059796417Z,2026-03-08T09:27:36.795457Z,/var/lib/docker/volumes,fabric_peer1.irs3.kit.edu,other,30363199,30363199,0
run_007,removal,removal_1772962025,remove-irs3-member1-1772962025,remove-irs3-member1-1772962025,16,reshare_completed,operation_end,2026-03-08T09:27:36.059796417Z,2026-03-08T09:27:36.795457Z,/var/lib/docker/volumes,fabric_peer2.irs3.kit.edu,other,30363196,30363196,0
run_007,removal,removal_1772962025,remove-irs3-member1-1772962025,remove-irs3-member1-1772962025,16,reshare_completed,operation_end,2026-03-08T09:27:36.059796417Z,2026-03-08T09:27:36.795457Z,/var/lib/docker/volumes,fabric_peer3.irs3.kit.edu,other,30364621,30364621,0
run_007,join,join_1772962075,join-irs3-1772962075,join-irs3-1772962075,17,operation_start,join_submit_done,2026-03-08T09:27:55.091659Z,2026-03-08T09:27:57.443812Z,/var/lib/docker/volumes,002a2c976d26a3f9c7eff06e2f9efe095908dd0ee21b2715cc202589b435aec2,other,NA,NA,
run_007,join,join_1772962075,join-irs3-1772962075,join-irs3-1772962075,17,operation_start,join_submit_done,2026-03-08T09:27:55.091659Z,2026-03-08T09:27:57.443812Z,/var/lib/docker/volumes,35a02607c21ea95db05e7150f71e6e704f4d6479a4a76375ed8ec3cbfc5ec094,other,NA,NA,
run_007,join,join_1772962075,join-irs3-1772962075,join-irs3-1772962075,17,operation_start,join_submit_done,2026-03-08T09:27:55.091659Z,2026-03-08T09:27:57.443812Z,/var/lib/docker/volumes,791e62bfc17bf044236c3dcb5d77ec82610b27aa4d5f3c78aff2e2842f98f9ee,other,NA,NA,
run_007,join,join_1772962075,join-irs3-1772962075,join-irs3-1772962075,17,operation_start,join_submit_done,2026-03-08T09:27:55.091659Z,2026-03-08T09:27:57.443812Z,/var/lib/docker/volumes,91dbb4452b1c3709e842113c225d65a63eab07cdac1110f244a9dfbdddb57dbf,other,NA,NA,
run_007,join,join_1772962075,join-irs3-1772962075,join-irs3-1772962075,17,operation_start,join_submit_done,2026-03-08T09:27:55.091659Z,2026-03-08T09:27:57.443812Z,/var/lib/docker/volumes,99ac8c723665556c954d288ca00335f1fae5493d384cb656ecf5a945cc9ae3b8,other,NA,NA,
run_007,join,join_1772962075,join-irs3-1772962075,join-irs3-1772962075,17,operation_start,join_submit_done,2026-03-08T09:27:55.091659Z,2026-03-08T09:27:57.443812Z,/var/lib/docker/volumes,ab96d922f06ec7a94f1b5200e75e480c9ed7eba86fbbe33b5cb9edbe031c6ea8,other,49770,49770,0
run_007,join,join_1772962075,join-irs3-1772962075,join-irs3-1772962075,17,operation_start,join_submit_done,2026-03-08T09:27:55.091659Z,2026-03-08T09:27:57.443812Z,/var/lib/docker/volumes,b8143ef8453ad18871b4b4e0ba6041764a2cda76bc6f516fa468de5fd6585e72,other,49770,49770,0
run_007,join,join_1772962075,join-irs3-1772962075,join-irs3-1772962075,17,operation_start,join_submit_done,2026-03-08T09:27:55.091659Z,2026-03-08T09:27:57.443812Z,/var/lib/docker/volumes,ce313f18292c11d1170b9839e1af2e5976d1858048740f79d790d8aed673a5a4,other,NA,NA,
run_007,join,join_1772962075,join-irs3-1772962075,join-irs3-1772962075,17,operation_start,join_submit_done,2026-03-08T09:27:55.091659Z,2026-03-08T09:27:57.443812Z,/var/lib/docker/volumes,d9b7785a06954372515977133a1213437b80c5db1517196ca5e26134d3413ccf,other,NA,NA,
run_007,join,join_1772962075,join-irs3-1772962075,join-irs3-1772962075,17,operation_start,join_submit_done,2026-03-08T09:27:55.091659Z,2026-03-08T09:27:57.443812Z,/var/lib/docker/volumes,e0eec01c85bd157680e466dd14073f2a433b51342ff770c3a292c984a51f226b,other,NA,NA,
run_007,join,join_1772962075,join-irs3-1772962075,join-irs3-1772962075,17,operation_start,join_submit_done,2026-03-08T09:27:55.091659Z,2026-03-08T09:27:57.443812Z,/var/lib/docker/volumes,fabric_orderer.kit.edu,orderer,131529378,131538138,8760
run_007,join,join_1772962075,join-irs3-1772962075,join-irs3-1772962075,17,operation_start,join_submit_done,2026-03-08T09:27:55.091659Z,2026-03-08T09:27:57.443812Z,/var/lib/docker/volumes,fabric_peer0.irs1.kit.edu,other,5006,5006,0
run_007,join,join_1772962075,join-irs3-1772962075,join-irs3-1772962075,17,operation_start,join_submit_done,2026-03-08T09:27:55.091659Z,2026-03-08T09:27:57.443812Z,/var/lib/docker/volumes,fabric_peer0.irs3.kit.edu,peer,30364624,30375277,10653
run_007,join,join_1772962075,join-irs3-1772962075,join-irs3-1772962075,17,operation_start,join_submit_done,2026-03-08T09:27:55.091659Z,2026-03-08T09:27:57.443812Z,/var/lib/docker/volumes,fabric_peer1.irs3.kit.edu,other,30363199,30373852,10653
run_007,join,join_1772962075,join-irs3-1772962075,join-irs3-1772962075,17,operation_start,join_submit_done,2026-03-08T09:27:55.091659Z,2026-03-08T09:27:57.443812Z,/var/lib/docker/volumes,fabric_peer2.irs3.kit.edu,other,30363196,30373849,10653
run_007,join,join_1772962075,join-irs3-1772962075,join-irs3-1772962075,17,operation_start,join_submit_done,2026-03-08T09:27:55.091659Z,2026-03-08T09:27:57.443812Z,/var/lib/docker/volumes,fabric_peer3.irs3.kit.edu,other,30364621,30375274,10653
run_007,join,join_1772962075,join-irs3-1772962075,join-irs3-1772962075,17,join_submit_done,join_voted,2026-03-08T09:27:57.443812Z,2026-03-08T09:28:00.504298019Z,/var/lib/docker/volumes,002a2c976d26a3f9c7eff06e2f9efe095908dd0ee21b2715cc202589b435aec2,other,NA,NA,
run_007,join,join_1772962075,join-irs3-1772962075,join-irs3-1772962075,17,join_submit_done,join_voted,2026-03-08T09:27:57.443812Z,2026-03-08T09:28:00.504298019Z,/var/lib/docker/volumes,35a02607c21ea95db05e7150f71e6e704f4d6479a4a76375ed8ec3cbfc5ec094,other,NA,NA,
run_007,join,join_1772962075,join-irs3-1772962075,join-irs3-1772962075,17,join_submit_done,join_voted,2026-03-08T09:27:57.443812Z,2026-03-08T09:28:00.504298019Z,/var/lib/docker/volumes,791e62bfc17bf044236c3dcb5d77ec82610b27aa4d5f3c78aff2e2842f98f9ee,other,NA,NA,
run_007,join,join_1772962075,join-irs3-1772962075,join-irs3-1772962075,17,join_submit_done,join_voted,2026-03-08T09:27:57.443812Z,2026-03-08T09:28:00.504298019Z,/var/lib/docker/volumes,91dbb4452b1c3709e842113c225d65a63eab07cdac1110f244a9dfbdddb57dbf,other,NA,NA,
run_007,join,join_1772962075,join-irs3-1772962075,join-irs3-1772962075,17,join_submit_done,join_voted,2026-03-08T09:27:57.443812Z,2026-03-08T09:28:00.504298019Z,/var/lib/docker/volumes,99ac8c723665556c954d288ca00335f1fae5493d384cb656ecf5a945cc9ae3b8,other,NA,NA,
run_007,join,join_1772962075,join-irs3-1772962075,join-irs3-1772962075,17,join_submit_done,join_voted,2026-03-08T09:27:57.443812Z,2026-03-08T09:28:00.504298019Z,/var/lib/docker/volumes,ab96d922f06ec7a94f1b5200e75e480c9ed7eba86fbbe33b5cb9edbe031c6ea8,other,49770,49770,0
run_007,join,join_1772962075,join-irs3-1772962075,join-irs3-1772962075,17,join_submit_done,join_voted,2026-03-08T09:27:57.443812Z,2026-03-08T09:28:00.504298019Z,/var/lib/docker/volumes,b8143ef8453ad18871b4b4e0ba6041764a2cda76bc6f516fa468de5fd6585e72,other,49770,49770,0
run_007,join,join_1772962075,join-irs3-1772962075,join-irs3-1772962075,17,join_submit_done,join_voted,2026-03-08T09:27:57.443812Z,2026-03-08T09:28:00.504298019Z,/var/lib/docker/volumes,ce313f18292c11d1170b9839e1af2e5976d1858048740f79d790d8aed673a5a4,other,NA,NA,
run_007,join,join_1772962075,join-irs3-1772962075,join-irs3-1772962075,17,join_submit_done,join_voted,2026-03-08T09:27:57.443812Z,2026-03-08T09:28:00.504298019Z,/var/lib/docker/volumes,d9b7785a06954372515977133a1213437b80c5db1517196ca5e26134d3413ccf,other,NA,NA,
run_007,join,join_1772962075,join-irs3-1772962075,join-irs3-1772962075,17,join_submit_done,join_voted,2026-03-08T09:27:57.443812Z,2026-03-08T09:28:00.504298019Z,/var/lib/docker/volumes,e0eec01c85bd157680e466dd14073f2a433b51342ff770c3a292c984a51f226b,other,NA,NA,
run_007,join,join_1772962075,join-irs3-1772962075,join-irs3-1772962075,17,join_submit_done,join_voted,2026-03-08T09:27:57.443812Z,2026-03-08T09:28:00.504298019Z,/var/lib/docker/volumes,fabric_orderer.kit.edu,orderer,131538138,131547062,8924
run_007,join,join_1772962075,join-irs3-1772962075,join-irs3-1772962075,17,join_submit_done,join_voted,2026-03-08T09:27:57.443812Z,2026-03-08T09:28:00.504298019Z,/var/lib/docker/volumes,fabric_peer0.irs1.kit.edu,other,5006,5006,0
run_007,join,join_1772962075,join-irs3-1772962075,join-irs3-1772962075,17,join_submit_done,join_voted,2026-03-08T09:27:57.443812Z,2026-03-08T09:28:00.504298019Z,/var/lib/docker/volumes,fabric_peer0.irs3.kit.edu,peer,30375277,30387054,11777
run_007,join,join_1772962075,join-irs3-1772962075,join-irs3-1772962075,17,join_submit_done,join_voted,2026-03-08T09:27:57.443812Z,2026-03-08T09:28:00.504298019Z,/var/lib/docker/volumes,fabric_peer1.irs3.kit.edu,other,30373852,30385629,11777
run_007,join,join_1772962075,join-irs3-1772962075,join-irs3-1772962075,17,join_submit_done,join_voted,2026-03-08T09:27:57.443812Z,2026-03-08T09:28:00.504298019Z,/var/lib/docker/volumes,fabric_peer2.irs3.kit.edu,other,30373849,30385626,11777
run_007,join,join_1772962075,join-irs3-1772962075,join-irs3-1772962075,17,join_submit_done,join_voted,2026-03-08T09:27:57.443812Z,2026-03-08T09:28:00.504298019Z,/var/lib/docker/volumes,fabric_peer3.irs3.kit.edu,other,30375274,30387051,11777
run_007,join,join_1772962075,join-irs3-1772962075,join-irs3-1772962075,17,join_voted,join_approved,2026-03-08T09:28:00.504298019Z,2026-03-08T09:28:05.007352277Z,/var/lib/docker/volumes,002a2c976d26a3f9c7eff06e2f9efe095908dd0ee21b2715cc202589b435aec2,other,NA,NA,
run_007,join,join_1772962075,join-irs3-1772962075,join-irs3-1772962075,17,join_voted,join_approved,2026-03-08T09:28:00.504298019Z,2026-03-08T09:28:05.007352277Z,/var/lib/docker/volumes,35a02607c21ea95db05e7150f71e6e704f4d6479a4a76375ed8ec3cbfc5ec094,other,NA,NA,
run_007,join,join_1772962075,join-irs3-1772962075,join-irs3-1772962075,17,join_voted,join_approved,2026-03-08T09:28:00.504298019Z,2026-03-08T09:28:05.007352277Z,/var/lib/docker/volumes,791e62bfc17bf044236c3dcb5d77ec82610b27aa4d5f3c78aff2e2842f98f9ee,other,NA,NA,
run_007,join,join_1772962075,join-irs3-1772962075,join-irs3-1772962075,17,join_voted,join_approved,2026-03-08T09:28:00.504298019Z,2026-03-08T09:28:05.007352277Z,/var/lib/docker/volumes,91dbb4452b1c3709e842113c225d65a63eab07cdac1110f244a9dfbdddb57dbf,other,NA,NA,
run_007,join,join_1772962075,join-irs3-1772962075,join-irs3-1772962075,17,join_voted,join_approved,2026-03-08T09:28:00.504298019Z,2026-03-08T09:28:05.007352277Z,/var/lib/docker/volumes,99ac8c723665556c954d288ca00335f1fae5493d384cb656ecf5a945cc9ae3b8,other,NA,NA,
run_007,join,join_1772962075,join-irs3-1772962075,join-irs3-1772962075,17,join_voted,join_approved,2026-03-08T09:28:00.504298019Z,2026-03-08T09:28:05.007352277Z,/var/lib/docker/volumes,ab96d922f06ec7a94f1b5200e75e480c9ed7eba86fbbe33b5cb9edbe031c6ea8,other,49770,49770,0
run_007,join,join_1772962075,join-irs3-1772962075,join-irs3-1772962075,17,join_voted,join_approved,2026-03-08T09:28:00.504298019Z,2026-03-08T09:28:05.007352277Z,/var/lib/docker/volumes,b8143ef8453ad18871b4b4e0ba6041764a2cda76bc6f516fa468de5fd6585e72,other,49770,49770,0
run_007,join,join_1772962075,join-irs3-1772962075,join-irs3-1772962075,17,join_voted,join_approved,2026-03-08T09:28:00.504298019Z,2026-03-08T09:28:05.007352277Z,/var/lib/docker/volumes,ce313f18292c11d1170b9839e1af2e5976d1858048740f79d790d8aed673a5a4,other,NA,NA,
run_007,join,join_1772962075,join-irs3-1772962075,join-irs3-1772962075,17,join_voted,join_approved,2026-03-08T09:28:00.504298019Z,2026-03-08T09:28:05.007352277Z,/var/lib/docker/volumes,d9b7785a06954372515977133a1213437b80c5db1517196ca5e26134d3413ccf,other,NA,NA,
run_007,join,join_1772962075,join-irs3-1772962075,join-irs3-1772962075,17,join_voted,join_approved,2026-03-08T09:28:00.504298019Z,2026-03-08T09:28:05.007352277Z,/var/lib/docker/volumes,e0eec01c85bd157680e466dd14073f2a433b51342ff770c3a292c984a51f226b,other,NA,NA,
run_007,join,join_1772962075,join-irs3-1772962075,join-irs3-1772962075,17,join_voted,join_approved,2026-03-08T09:28:00.504298019Z,2026-03-08T09:28:05.007352277Z,/var/lib/docker/volumes,fabric_orderer.kit.edu,orderer,131547062,131567312,20250
run_007,join,join_1772962075,join-irs3-1772962075,join-irs3-1772962075,17,join_voted,join_approved,2026-03-08T09:28:00.504298019Z,2026-03-08T09:28:05.007352277Z,/var/lib/docker/volumes,fabric_peer0.irs1.kit.edu,other,5006,5006,0
run_007,join,join_1772962075,join-irs3-1772962075,join-irs3-1772962075,17,join_voted,join_approved,2026-03-08T09:28:00.504298019Z,2026-03-08T09:28:05.007352277Z,/var/lib/docker/volumes,fabric_peer0.irs3.kit.edu,peer,30387054,30413219,26165
run_007,join,join_1772962075,join-irs3-1772962075,join-irs3-1772962075,17,join_voted,join_approved,2026-03-08T09:28:00.504298019Z,2026-03-08T09:28:05.007352277Z,/var/lib/docker/volumes,fabric_peer1.irs3.kit.edu,other,30385629,30411794,26165
run_007,join,join_1772962075,join-irs3-1772962075,join-irs3-1772962075,17,join_voted,join_approved,2026-03-08T09:28:00.504298019Z,2026-03-08T09:28:05.007352277Z,/var/lib/docker/volumes,fabric_peer2.irs3.kit.edu,other,30385626,30411791,26165
run_007,join,join_1772962075,join-irs3-1772962075,join-irs3-1772962075,17,join_voted,join_approved,2026-03-08T09:28:00.504298019Z,2026-03-08T09:28:05.007352277Z,/var/lib/docker/volumes,fabric_peer3.irs3.kit.edu,other,30387051,30413216,26165
run_007,join,join_1772962075,join-irs3-1772962075,join-irs3-1772962075,17,join_approved,reshare_started,2026-03-08T09:28:05.007352277Z,2026-03-08T09:28:05.858608Z,/var/lib/docker/volumes,002a2c976d26a3f9c7eff06e2f9efe095908dd0ee21b2715cc202589b435aec2,other,NA,NA,
run_007,join,join_1772962075,join-irs3-1772962075,join-irs3-1772962075,17,join_approved,reshare_started,2026-03-08T09:28:05.007352277Z,2026-03-08T09:28:05.858608Z,/var/lib/docker/volumes,35a02607c21ea95db05e7150f71e6e704f4d6479a4a76375ed8ec3cbfc5ec094,other,NA,NA,
run_007,join,join_1772962075,join-irs3-1772962075,join-irs3-1772962075,17,join_approved,reshare_started,2026-03-08T09:28:05.007352277Z,2026-03-08T09:28:05.858608Z,/var/lib/docker/volumes,791e62bfc17bf044236c3dcb5d77ec82610b27aa4d5f3c78aff2e2842f98f9ee,other,NA,NA,
run_007,join,join_1772962075,join-irs3-1772962075,join-irs3-1772962075,17,join_approved,reshare_started,2026-03-08T09:28:05.007352277Z,2026-03-08T09:28:05.858608Z,/var/lib/docker/volumes,91dbb4452b1c3709e842113c225d65a63eab07cdac1110f244a9dfbdddb57dbf,other,NA,NA,
run_007,join,join_1772962075,join-irs3-1772962075,join-irs3-1772962075,17,join_approved,reshare_started,2026-03-08T09:28:05.007352277Z,2026-03-08T09:28:05.858608Z,/var/lib/docker/volumes,99ac8c723665556c954d288ca00335f1fae5493d384cb656ecf5a945cc9ae3b8,other,NA,NA,
run_007,join,join_1772962075,join-irs3-1772962075,join-irs3-1772962075,17,join_approved,reshare_started,2026-03-08T09:28:05.007352277Z,2026-03-08T09:28:05.858608Z,/var/lib/docker/volumes,ab96d922f06ec7a94f1b5200e75e480c9ed7eba86fbbe33b5cb9edbe031c6ea8,other,49770,49770,0
run_007,join,join_1772962075,join-irs3-1772962075,join-irs3-1772962075,17,join_approved,reshare_started,2026-03-08T09:28:05.007352277Z,2026-03-08T09:28:05.858608Z,/var/lib/docker/volumes,b8143ef8453ad18871b4b4e0ba6041764a2cda76bc6f516fa468de5fd6585e72,other,49770,49770,0
run_007,join,join_1772962075,join-irs3-1772962075,join-irs3-1772962075,17,join_approved,reshare_started,2026-03-08T09:28:05.007352277Z,2026-03-08T09:28:05.858608Z,/var/lib/docker/volumes,ce313f18292c11d1170b9839e1af2e5976d1858048740f79d790d8aed673a5a4,other,NA,NA,
run_007,join,join_1772962075,join-irs3-1772962075,join-irs3-1772962075,17,join_approved,reshare_started,2026-03-08T09:28:05.007352277Z,2026-03-08T09:28:05.858608Z,/var/lib/docker/volumes,d9b7785a06954372515977133a1213437b80c5db1517196ca5e26134d3413ccf,other,NA,NA,
run_007,join,join_1772962075,join-irs3-1772962075,join-irs3-1772962075,17,join_approved,reshare_started,2026-03-08T09:28:05.007352277Z,2026-03-08T09:28:05.858608Z,/var/lib/docker/volumes,e0eec01c85bd157680e466dd14073f2a433b51342ff770c3a292c984a51f226b,other,NA,NA,
run_007,join,join_1772962075,join-irs3-1772962075,join-irs3-1772962075,17,join_approved,reshare_started,2026-03-08T09:28:05.007352277Z,2026-03-08T09:28:05.858608Z,/var/lib/docker/volumes,fabric_orderer.kit.edu,orderer,131567312,131567312,0
run_007,join,join_1772962075,join-irs3-1772962075,join-irs3-1772962075,17,join_approved,reshare_started,2026-03-08T09:28:05.007352277Z,2026-03-08T09:28:05.858608Z,/var/lib/docker/volumes,fabric_peer0.irs1.kit.edu,other,5006,5006,0
run_007,join,join_1772962075,join-irs3-1772962075,join-irs3-1772962075,17,join_approved,reshare_started,2026-03-08T09:28:05.007352277Z,2026-03-08T09:28:05.858608Z,/var/lib/docker/volumes,fabric_peer0.irs3.kit.edu,peer,30413219,30413219,0
run_007,join,join_1772962075,join-irs3-1772962075,join-irs3-1772962075,17,join_approved,reshare_started,2026-03-08T09:28:05.007352277Z,2026-03-08T09:28:05.858608Z,/var/lib/docker/volumes,fabric_peer1.irs3.kit.edu,other,30411794,30411794,0
run_007,join,join_1772962075,join-irs3-1772962075,join-irs3-1772962075,17,join_approved,reshare_started,2026-03-08T09:28:05.007352277Z,2026-03-08T09:28:05.858608Z,/var/lib/docker/volumes,fabric_peer2.irs3.kit.edu,other,30411791,30411791,0
run_007,join,join_1772962075,join-irs3-1772962075,join-irs3-1772962075,17,join_approved,reshare_started,2026-03-08T09:28:05.007352277Z,2026-03-08T09:28:05.858608Z,/var/lib/docker/volumes,fabric_peer3.irs3.kit.edu,other,30413216,30413216,0
run_007,join,join_1772962075,join-irs3-1772962075,join-irs3-1772962075,17,reshare_started,reshare_completed,2026-03-08T09:28:05.858608Z,2026-03-08T09:28:28.587724896Z,/var/lib/docker/volumes,002a2c976d26a3f9c7eff06e2f9efe095908dd0ee21b2715cc202589b435aec2,other,NA,NA,
run_007,join,join_1772962075,join-irs3-1772962075,join-irs3-1772962075,17,reshare_started,reshare_completed,2026-03-08T09:28:05.858608Z,2026-03-08T09:28:28.587724896Z,/var/lib/docker/volumes,35a02607c21ea95db05e7150f71e6e704f4d6479a4a76375ed8ec3cbfc5ec094,other,NA,NA,
run_007,join,join_1772962075,join-irs3-1772962075,join-irs3-1772962075,17,reshare_started,reshare_completed,2026-03-08T09:28:05.858608Z,2026-03-08T09:28:28.587724896Z,/var/lib/docker/volumes,791e62bfc17bf044236c3dcb5d77ec82610b27aa4d5f3c78aff2e2842f98f9ee,other,NA,NA,
run_007,join,join_1772962075,join-irs3-1772962075,join-irs3-1772962075,17,reshare_started,reshare_completed,2026-03-08T09:28:05.858608Z,2026-03-08T09:28:28.587724896Z,/var/lib/docker/volumes,91dbb4452b1c3709e842113c225d65a63eab07cdac1110f244a9dfbdddb57dbf,other,NA,NA,
run_007,join,join_1772962075,join-irs3-1772962075,join-irs3-1772962075,17,reshare_started,reshare_completed,2026-03-08T09:28:05.858608Z,2026-03-08T09:28:28.587724896Z,/var/lib/docker/volumes,99ac8c723665556c954d288ca00335f1fae5493d384cb656ecf5a945cc9ae3b8,other,NA,NA,
run_007,join,join_1772962075,join-irs3-1772962075,join-irs3-1772962075,17,reshare_started,reshare_completed,2026-03-08T09:28:05.858608Z,2026-03-08T09:28:28.587724896Z,/var/lib/docker/volumes,ab96d922f06ec7a94f1b5200e75e480c9ed7eba86fbbe33b5cb9edbe031c6ea8,other,49770,49770,0
run_007,join,join_1772962075,join-irs3-1772962075,join-irs3-1772962075,17,reshare_started,reshare_completed,2026-03-08T09:28:05.858608Z,2026-03-08T09:28:28.587724896Z,/var/lib/docker/volumes,b8143ef8453ad18871b4b4e0ba6041764a2cda76bc6f516fa468de5fd6585e72,other,49770,49770,0
run_007,join,join_1772962075,join-irs3-1772962075,join-irs3-1772962075,17,reshare_started,reshare_completed,2026-03-08T09:28:05.858608Z,2026-03-08T09:28:28.587724896Z,/var/lib/docker/volumes,ce313f18292c11d1170b9839e1af2e5976d1858048740f79d790d8aed673a5a4,other,NA,NA,
run_007,join,join_1772962075,join-irs3-1772962075,join-irs3-1772962075,17,reshare_started,reshare_completed,2026-03-08T09:28:05.858608Z,2026-03-08T09:28:28.587724896Z,/var/lib/docker/volumes,d9b7785a06954372515977133a1213437b80c5db1517196ca5e26134d3413ccf,other,NA,NA,
run_007,join,join_1772962075,join-irs3-1772962075,join-irs3-1772962075,17,reshare_started,reshare_completed,2026-03-08T09:28:05.858608Z,2026-03-08T09:28:28.587724896Z,/var/lib/docker/volumes,e0eec01c85bd157680e466dd14073f2a433b51342ff770c3a292c984a51f226b,other,NA,NA,
run_007,join,join_1772962075,join-irs3-1772962075,join-irs3-1772962075,17,reshare_started,reshare_completed,2026-03-08T09:28:05.858608Z,2026-03-08T09:28:28.587724896Z,/var/lib/docker/volumes,fabric_orderer.kit.edu,orderer,131567312,131601517,34205
run_007,join,join_1772962075,join-irs3-1772962075,join-irs3-1772962075,17,reshare_started,reshare_completed,2026-03-08T09:28:05.858608Z,2026-03-08T09:28:28.587724896Z,/var/lib/docker/volumes,fabric_peer0.irs1.kit.edu,other,5006,5006,0
run_007,join,join_1772962075,join-irs3-1772962075,join-irs3-1772962075,17,reshare_started,reshare_completed,2026-03-08T09:28:05.858608Z,2026-03-08T09:28:28.587724896Z,/var/lib/docker/volumes,fabric_peer0.irs3.kit.edu,peer,30413219,30454186,40967
run_007,join,join_1772962075,join-irs3-1772962075,join-irs3-1772962075,17,reshare_started,reshare_completed,2026-03-08T09:28:05.858608Z,2026-03-08T09:28:28.587724896Z,/var/lib/docker/volumes,fabric_peer1.irs3.kit.edu,other,30411794,30452761,40967
run_007,join,join_1772962075,join-irs3-1772962075,join-irs3-1772962075,17,reshare_started,reshare_completed,2026-03-08T09:28:05.858608Z,2026-03-08T09:28:28.587724896Z,/var/lib/docker/volumes,fabric_peer2.irs3.kit.edu,other,30411791,30452758,40967
run_007,join,join_1772962075,join-irs3-1772962075,join-irs3-1772962075,17,reshare_started,reshare_completed,2026-03-08T09:28:05.858608Z,2026-03-08T09:28:28.587724896Z,/var/lib/docker/volumes,fabric_peer3.irs3.kit.edu,other,30413216,30454183,40967
run_007,join,join_1772962075,join-irs3-1772962075,join-irs3-1772962075,17,reshare_completed,operation_end,2026-03-08T09:28:28.587724896Z,2026-03-08T09:28:36.426199Z,/var/lib/docker/volumes,002a2c976d26a3f9c7eff06e2f9efe095908dd0ee21b2715cc202589b435aec2,other,NA,NA,
run_007,join,join_1772962075,join-irs3-1772962075,join-irs3-1772962075,17,reshare_completed,operation_end,2026-03-08T09:28:28.587724896Z,2026-03-08T09:28:36.426199Z,/var/lib/docker/volumes,35a02607c21ea95db05e7150f71e6e704f4d6479a4a76375ed8ec3cbfc5ec094,other,NA,NA,
run_007,join,join_1772962075,join-irs3-1772962075,join-irs3-1772962075,17,reshare_completed,operation_end,2026-03-08T09:28:28.587724896Z,2026-03-08T09:28:36.426199Z,/var/lib/docker/volumes,791e62bfc17bf044236c3dcb5d77ec82610b27aa4d5f3c78aff2e2842f98f9ee,other,NA,NA,
run_007,join,join_1772962075,join-irs3-1772962075,join-irs3-1772962075,17,reshare_completed,operation_end,2026-03-08T09:28:28.587724896Z,2026-03-08T09:28:36.426199Z,/var/lib/docker/volumes,91dbb4452b1c3709e842113c225d65a63eab07cdac1110f244a9dfbdddb57dbf,other,NA,NA,
run_007,join,join_1772962075,join-irs3-1772962075,join-irs3-1772962075,17,reshare_completed,operation_end,2026-03-08T09:28:28.587724896Z,2026-03-08T09:28:36.426199Z,/var/lib/docker/volumes,99ac8c723665556c954d288ca00335f1fae5493d384cb656ecf5a945cc9ae3b8,other,NA,NA,
run_007,join,join_1772962075,join-irs3-1772962075,join-irs3-1772962075,17,reshare_completed,operation_end,2026-03-08T09:28:28.587724896Z,2026-03-08T09:28:36.426199Z,/var/lib/docker/volumes,ab96d922f06ec7a94f1b5200e75e480c9ed7eba86fbbe33b5cb9edbe031c6ea8,other,49770,49770,0
run_007,join,join_1772962075,join-irs3-1772962075,join-irs3-1772962075,17,reshare_completed,operation_end,2026-03-08T09:28:28.587724896Z,2026-03-08T09:28:36.426199Z,/var/lib/docker/volumes,b8143ef8453ad18871b4b4e0ba6041764a2cda76bc6f516fa468de5fd6585e72,other,49770,49770,0
run_007,join,join_1772962075,join-irs3-1772962075,join-irs3-1772962075,17,reshare_completed,operation_end,2026-03-08T09:28:28.587724896Z,2026-03-08T09:28:36.426199Z,/var/lib/docker/volumes,ce313f18292c11d1170b9839e1af2e5976d1858048740f79d790d8aed673a5a4,other,NA,NA,
run_007,join,join_1772962075,join-irs3-1772962075,join-irs3-1772962075,17,reshare_completed,operation_end,2026-03-08T09:28:28.587724896Z,2026-03-08T09:28:36.426199Z,/var/lib/docker/volumes,d9b7785a06954372515977133a1213437b80c5db1517196ca5e26134d3413ccf,other,NA,NA,
run_007,join,join_1772962075,join-irs3-1772962075,join-irs3-1772962075,17,reshare_completed,operation_end,2026-03-08T09:28:28.587724896Z,2026-03-08T09:28:36.426199Z,/var/lib/docker/volumes,e0eec01c85bd157680e466dd14073f2a433b51342ff770c3a292c984a51f226b,other,NA,NA,
run_007,join,join_1772962075,join-irs3-1772962075,join-irs3-1772962075,17,reshare_completed,operation_end,2026-03-08T09:28:28.587724896Z,2026-03-08T09:28:36.426199Z,/var/lib/docker/volumes,fabric_orderer.kit.edu,orderer,131601517,131665746,64229
run_007,join,join_1772962075,join-irs3-1772962075,join-irs3-1772962075,17,reshare_completed,operation_end,2026-03-08T09:28:28.587724896Z,2026-03-08T09:28:36.426199Z,/var/lib/docker/volumes,fabric_peer0.irs1.kit.edu,other,5006,5006,0
run_007,join,join_1772962075,join-irs3-1772962075,join-irs3-1772962075,17,reshare_completed,operation_end,2026-03-08T09:28:28.587724896Z,2026-03-08T09:28:36.426199Z,/var/lib/docker/volumes,fabric_peer0.irs3.kit.edu,peer,30454186,30528668,74482
run_007,join,join_1772962075,join-irs3-1772962075,join-irs3-1772962075,17,reshare_completed,operation_end,2026-03-08T09:28:28.587724896Z,2026-03-08T09:28:36.426199Z,/var/lib/docker/volumes,fabric_peer1.irs3.kit.edu,other,30452761,30527243,74482
run_007,join,join_1772962075,join-irs3-1772962075,join-irs3-1772962075,17,reshare_completed,operation_end,2026-03-08T09:28:28.587724896Z,2026-03-08T09:28:36.426199Z,/var/lib/docker/volumes,fabric_peer2.irs3.kit.edu,other,30452758,30527240,74482
run_007,join,join_1772962075,join-irs3-1772962075,join-irs3-1772962075,17,reshare_completed,operation_end,2026-03-08T09:28:28.587724896Z,2026-03-08T09:28:36.426199Z,/var/lib/docker/volumes,fabric_peer3.irs3.kit.edu,other,30454183,30528665,74482
run_008,csr,csr_1772962123,csr-irs3-1772962123,csr-irs3-1772962123,,operation_start,csr_submit_done,2026-03-08T09:28:43.362902Z,2026-03-08T09:28:45.744052Z,/var/lib/docker/volumes,002a2c976d26a3f9c7eff06e2f9efe095908dd0ee21b2715cc202589b435aec2,other,NA,NA,
run_008,csr,csr_1772962123,csr-irs3-1772962123,csr-irs3-1772962123,,operation_start,csr_submit_done,2026-03-08T09:28:43.362902Z,2026-03-08T09:28:45.744052Z,/var/lib/docker/volumes,35a02607c21ea95db05e7150f71e6e704f4d6479a4a76375ed8ec3cbfc5ec094,other,NA,NA,
run_008,csr,csr_1772962123,csr-irs3-1772962123,csr-irs3-1772962123,,operation_start,csr_submit_done,2026-03-08T09:28:43.362902Z,2026-03-08T09:28:45.744052Z,/var/lib/docker/volumes,791e62bfc17bf044236c3dcb5d77ec82610b27aa4d5f3c78aff2e2842f98f9ee,other,NA,NA,
run_008,csr,csr_1772962123,csr-irs3-1772962123,csr-irs3-1772962123,,operation_start,csr_submit_done,2026-03-08T09:28:43.362902Z,2026-03-08T09:28:45.744052Z,/var/lib/docker/volumes,91dbb4452b1c3709e842113c225d65a63eab07cdac1110f244a9dfbdddb57dbf,other,NA,NA,
run_008,csr,csr_1772962123,csr-irs3-1772962123,csr-irs3-1772962123,,operation_start,csr_submit_done,2026-03-08T09:28:43.362902Z,2026-03-08T09:28:45.744052Z,/var/lib/docker/volumes,99ac8c723665556c954d288ca00335f1fae5493d384cb656ecf5a945cc9ae3b8,other,NA,NA,
run_008,csr,csr_1772962123,csr-irs3-1772962123,csr-irs3-1772962123,,operation_start,csr_submit_done,2026-03-08T09:28:43.362902Z,2026-03-08T09:28:45.744052Z,/var/lib/docker/volumes,ab96d922f06ec7a94f1b5200e75e480c9ed7eba86fbbe33b5cb9edbe031c6ea8,other,49770,49770,0
run_008,csr,csr_1772962123,csr-irs3-1772962123,csr-irs3-1772962123,,operation_start,csr_submit_done,2026-03-08T09:28:43.362902Z,2026-03-08T09:28:45.744052Z,/var/lib/docker/volumes,b8143ef8453ad18871b4b4e0ba6041764a2cda76bc6f516fa468de5fd6585e72,other,49770,49770,0
run_008,csr,csr_1772962123,csr-irs3-1772962123,csr-irs3-1772962123,,operation_start,csr_submit_done,2026-03-08T09:28:43.362902Z,2026-03-08T09:28:45.744052Z,/var/lib/docker/volumes,ce313f18292c11d1170b9839e1af2e5976d1858048740f79d790d8aed673a5a4,other,NA,NA,
run_008,csr,csr_1772962123,csr-irs3-1772962123,csr-irs3-1772962123,,operation_start,csr_submit_done,2026-03-08T09:28:43.362902Z,2026-03-08T09:28:45.744052Z,/var/lib/docker/volumes,d9b7785a06954372515977133a1213437b80c5db1517196ca5e26134d3413ccf,other,NA,NA,
run_008,csr,csr_1772962123,csr-irs3-1772962123,csr-irs3-1772962123,,operation_start,csr_submit_done,2026-03-08T09:28:43.362902Z,2026-03-08T09:28:45.744052Z,/var/lib/docker/volumes,e0eec01c85bd157680e466dd14073f2a433b51342ff770c3a292c984a51f226b,other,NA,NA,
run_008,csr,csr_1772962123,csr-irs3-1772962123,csr-irs3-1772962123,,operation_start,csr_submit_done,2026-03-08T09:28:43.362902Z,2026-03-08T09:28:45.744052Z,/var/lib/docker/volumes,fabric_orderer.kit.edu,orderer,131665746,131674296,8550
run_008,csr,csr_1772962123,csr-irs3-1772962123,csr-irs3-1772962123,,operation_start,csr_submit_done,2026-03-08T09:28:43.362902Z,2026-03-08T09:28:45.744052Z,/var/lib/docker/volumes,fabric_peer0.irs1.kit.edu,other,5006,5006,0
run_008,csr,csr_1772962123,csr-irs3-1772962123,csr-irs3-1772962123,,operation_start,csr_submit_done,2026-03-08T09:28:43.362902Z,2026-03-08T09:28:45.744052Z,/var/lib/docker/volumes,fabric_peer0.irs3.kit.edu,peer,30528668,30539364,10696
run_008,csr,csr_1772962123,csr-irs3-1772962123,csr-irs3-1772962123,,operation_start,csr_submit_done,2026-03-08T09:28:43.362902Z,2026-03-08T09:28:45.744052Z,/var/lib/docker/volumes,fabric_peer1.irs3.kit.edu,other,30527243,30537939,10696
run_008,csr,csr_1772962123,csr-irs3-1772962123,csr-irs3-1772962123,,operation_start,csr_submit_done,2026-03-08T09:28:43.362902Z,2026-03-08T09:28:45.744052Z,/var/lib/docker/volumes,fabric_peer2.irs3.kit.edu,other,30527240,30537936,10696
run_008,csr,csr_1772962123,csr-irs3-1772962123,csr-irs3-1772962123,,operation_start,csr_submit_done,2026-03-08T09:28:43.362902Z,2026-03-08T09:28:45.744052Z,/var/lib/docker/volumes,fabric_peer3.irs3.kit.edu,other,30528665,30539361,10696
run_008,csr,csr_1772962123,csr-irs3-1772962123,csr-irs3-1772962123,,csr_submit_done,csr_voted,2026-03-08T09:28:45.744052Z,2026-03-08T09:28:48.480328619Z,/var/lib/docker/volumes,002a2c976d26a3f9c7eff06e2f9efe095908dd0ee21b2715cc202589b435aec2,other,NA,NA,
run_008,csr,csr_1772962123,csr-irs3-1772962123,csr-irs3-1772962123,,csr_submit_done,csr_voted,2026-03-08T09:28:45.744052Z,2026-03-08T09:28:48.480328619Z,/var/lib/docker/volumes,35a02607c21ea95db05e7150f71e6e704f4d6479a4a76375ed8ec3cbfc5ec094,other,NA,NA,
run_008,csr,csr_1772962123,csr-irs3-1772962123,csr-irs3-1772962123,,csr_submit_done,csr_voted,2026-03-08T09:28:45.744052Z,2026-03-08T09:28:48.480328619Z,/var/lib/docker/volumes,791e62bfc17bf044236c3dcb5d77ec82610b27aa4d5f3c78aff2e2842f98f9ee,other,NA,NA,
run_008,csr,csr_1772962123,csr-irs3-1772962123,csr-irs3-1772962123,,csr_submit_done,csr_voted,2026-03-08T09:28:45.744052Z,2026-03-08T09:28:48.480328619Z,/var/lib/docker/volumes,91dbb4452b1c3709e842113c225d65a63eab07cdac1110f244a9dfbdddb57dbf,other,NA,NA,
run_008,csr,csr_1772962123,csr-irs3-1772962123,csr-irs3-1772962123,,csr_submit_done,csr_voted,2026-03-08T09:28:45.744052Z,2026-03-08T09:28:48.480328619Z,/var/lib/docker/volumes,99ac8c723665556c954d288ca00335f1fae5493d384cb656ecf5a945cc9ae3b8,other,NA,NA,
run_008,csr,csr_1772962123,csr-irs3-1772962123,csr-irs3-1772962123,,csr_submit_done,csr_voted,2026-03-08T09:28:45.744052Z,2026-03-08T09:28:48.480328619Z,/var/lib/docker/volumes,ab96d922f06ec7a94f1b5200e75e480c9ed7eba86fbbe33b5cb9edbe031c6ea8,other,49770,49770,0
run_008,csr,csr_1772962123,csr-irs3-1772962123,csr-irs3-1772962123,,csr_submit_done,csr_voted,2026-03-08T09:28:45.744052Z,2026-03-08T09:28:48.480328619Z,/var/lib/docker/volumes,b8143ef8453ad18871b4b4e0ba6041764a2cda76bc6f516fa468de5fd6585e72,other,49770,49770,0
run_008,csr,csr_1772962123,csr-irs3-1772962123,csr-irs3-1772962123,,csr_submit_done,csr_voted,2026-03-08T09:28:45.744052Z,2026-03-08T09:28:48.480328619Z,/var/lib/docker/volumes,ce313f18292c11d1170b9839e1af2e5976d1858048740f79d790d8aed673a5a4,other,NA,NA,
run_008,csr,csr_1772962123,csr-irs3-1772962123,csr-irs3-1772962123,,csr_submit_done,csr_voted,2026-03-08T09:28:45.744052Z,2026-03-08T09:28:48.480328619Z,/var/lib/docker/volumes,d9b7785a06954372515977133a1213437b80c5db1517196ca5e26134d3413ccf,other,NA,NA,
run_008,csr,csr_1772962123,csr-irs3-1772962123,csr-irs3-1772962123,,csr_submit_done,csr_voted,2026-03-08T09:28:45.744052Z,2026-03-08T09:28:48.480328619Z,/var/lib/docker/volumes,e0eec01c85bd157680e466dd14073f2a433b51342ff770c3a292c984a51f226b,other,NA,NA,
run_008,csr,csr_1772962123,csr-irs3-1772962123,csr-irs3-1772962123,,csr_submit_done,csr_voted,2026-03-08T09:28:45.744052Z,2026-03-08T09:28:48.480328619Z,/var/lib/docker/volumes,fabric_orderer.kit.edu,orderer,131674296,131683118,8822
run_008,csr,csr_1772962123,csr-irs3-1772962123,csr-irs3-1772962123,,csr_submit_done,csr_voted,2026-03-08T09:28:45.744052Z,2026-03-08T09:28:48.480328619Z,/var/lib/docker/volumes,fabric_peer0.irs1.kit.edu,other,5006,5006,0
run_008,csr,csr_1772962123,csr-irs3-1772962123,csr-irs3-1772962123,,csr_submit_done,csr_voted,2026-03-08T09:28:45.744052Z,2026-03-08T09:28:48.480328619Z,/var/lib/docker/volumes,fabric_peer0.irs3.kit.edu,peer,30539364,30551258,11894
run_008,csr,csr_1772962123,csr-irs3-1772962123,csr-irs3-1772962123,,csr_submit_done,csr_voted,2026-03-08T09:28:45.744052Z,2026-03-08T09:28:48.480328619Z,/var/lib/docker/volumes,fabric_peer1.irs3.kit.edu,other,30537939,30549833,11894
run_008,csr,csr_1772962123,csr-irs3-1772962123,csr-irs3-1772962123,,csr_submit_done,csr_voted,2026-03-08T09:28:45.744052Z,2026-03-08T09:28:48.480328619Z,/var/lib/docker/volumes,fabric_peer2.irs3.kit.edu,other,30537936,30549830,11894
run_008,csr,csr_1772962123,csr-irs3-1772962123,csr-irs3-1772962123,,csr_submit_done,csr_voted,2026-03-08T09:28:45.744052Z,2026-03-08T09:28:48.480328619Z,/var/lib/docker/volumes,fabric_peer3.irs3.kit.edu,other,30539361,30551255,11894
run_008,csr,csr_1772962123,csr-irs3-1772962123,csr-irs3-1772962123,,csr_voted,csr_approved,2026-03-08T09:28:48.480328619Z,2026-03-08T09:28:50.577795346Z,/var/lib/docker/volumes,002a2c976d26a3f9c7eff06e2f9efe095908dd0ee21b2715cc202589b435aec2,other,NA,NA,
run_008,csr,csr_1772962123,csr-irs3-1772962123,csr-irs3-1772962123,,csr_voted,csr_approved,2026-03-08T09:28:48.480328619Z,2026-03-08T09:28:50.577795346Z,/var/lib/docker/volumes,35a02607c21ea95db05e7150f71e6e704f4d6479a4a76375ed8ec3cbfc5ec094,other,NA,NA,
run_008,csr,csr_1772962123,csr-irs3-1772962123,csr-irs3-1772962123,,csr_voted,csr_approved,2026-03-08T09:28:48.480328619Z,2026-03-08T09:28:50.577795346Z,/var/lib/docker/volumes,791e62bfc17bf044236c3dcb5d77ec82610b27aa4d5f3c78aff2e2842f98f9ee,other,NA,NA,
run_008,csr,csr_1772962123,csr-irs3-1772962123,csr-irs3-1772962123,,csr_voted,csr_approved,2026-03-08T09:28:48.480328619Z,2026-03-08T09:28:50.577795346Z,/var/lib/docker/volumes,91dbb4452b1c3709e842113c225d65a63eab07cdac1110f244a9dfbdddb57dbf,other,NA,NA,
run_008,csr,csr_1772962123,csr-irs3-1772962123,csr-irs3-1772962123,,csr_voted,csr_approved,2026-03-08T09:28:48.480328619Z,2026-03-08T09:28:50.577795346Z,/var/lib/docker/volumes,99ac8c723665556c954d288ca00335f1fae5493d384cb656ecf5a945cc9ae3b8,other,NA,NA,
run_008,csr,csr_1772962123,csr-irs3-1772962123,csr-irs3-1772962123,,csr_voted,csr_approved,2026-03-08T09:28:48.480328619Z,2026-03-08T09:28:50.577795346Z,/var/lib/docker/volumes,ab96d922f06ec7a94f1b5200e75e480c9ed7eba86fbbe33b5cb9edbe031c6ea8,other,49770,49770,0
run_008,csr,csr_1772962123,csr-irs3-1772962123,csr-irs3-1772962123,,csr_voted,csr_approved,2026-03-08T09:28:48.480328619Z,2026-03-08T09:28:50.577795346Z,/var/lib/docker/volumes,b8143ef8453ad18871b4b4e0ba6041764a2cda76bc6f516fa468de5fd6585e72,other,49770,49770,0
run_008,csr,csr_1772962123,csr-irs3-1772962123,csr-irs3-1772962123,,csr_voted,csr_approved,2026-03-08T09:28:48.480328619Z,2026-03-08T09:28:50.577795346Z,/var/lib/docker/volumes,ce313f18292c11d1170b9839e1af2e5976d1858048740f79d790d8aed673a5a4,other,NA,NA,
run_008,csr,csr_1772962123,csr-irs3-1772962123,csr-irs3-1772962123,,csr_voted,csr_approved,2026-03-08T09:28:48.480328619Z,2026-03-08T09:28:50.577795346Z,/var/lib/docker/volumes,d9b7785a06954372515977133a1213437b80c5db1517196ca5e26134d3413ccf,other,NA,NA,
run_008,csr,csr_1772962123,csr-irs3-1772962123,csr-irs3-1772962123,,csr_voted,csr_approved,2026-03-08T09:28:48.480328619Z,2026-03-08T09:28:50.577795346Z,/var/lib/docker/volumes,e0eec01c85bd157680e466dd14073f2a433b51342ff770c3a292c984a51f226b,other,NA,NA,
run_008,csr,csr_1772962123,csr-irs3-1772962123,csr-irs3-1772962123,,csr_voted,csr_approved,2026-03-08T09:28:48.480328619Z,2026-03-08T09:28:50.577795346Z,/var/lib/docker/volumes,fabric_orderer.kit.edu,orderer,131683118,131699610,16492
run_008,csr,csr_1772962123,csr-irs3-1772962123,csr-irs3-1772962123,,csr_voted,csr_approved,2026-03-08T09:28:48.480328619Z,2026-03-08T09:28:50.577795346Z,/var/lib/docker/volumes,fabric_peer0.irs1.kit.edu,other,5006,5006,0
run_008,csr,csr_1772962123,csr-irs3-1772962123,csr-irs3-1772962123,,csr_voted,csr_approved,2026-03-08T09:28:48.480328619Z,2026-03-08T09:28:50.577795346Z,/var/lib/docker/volumes,fabric_peer0.irs3.kit.edu,peer,30551258,30571468,20210
run_008,csr,csr_1772962123,csr-irs3-1772962123,csr-irs3-1772962123,,csr_voted,csr_approved,2026-03-08T09:28:48.480328619Z,2026-03-08T09:28:50.577795346Z,/var/lib/docker/volumes,fabric_peer1.irs3.kit.edu,other,30549833,30570043,20210
run_008,csr,csr_1772962123,csr-irs3-1772962123,csr-irs3-1772962123,,csr_voted,csr_approved,2026-03-08T09:28:48.480328619Z,2026-03-08T09:28:50.577795346Z,/var/lib/docker/volumes,fabric_peer2.irs3.kit.edu,other,30549830,30570040,20210
run_008,csr,csr_1772962123,csr-irs3-1772962123,csr-irs3-1772962123,,csr_voted,csr_approved,2026-03-08T09:28:48.480328619Z,2026-03-08T09:28:50.577795346Z,/var/lib/docker/volumes,fabric_peer3.irs3.kit.edu,other,30551255,30571465,20210
run_008,csr,csr_1772962123,csr-irs3-1772962123,csr-irs3-1772962123,,csr_approved,cert_registered,2026-03-08T09:28:50.577795346Z,2026-03-08T09:29:00.21228589Z,/var/lib/docker/volumes,002a2c976d26a3f9c7eff06e2f9efe095908dd0ee21b2715cc202589b435aec2,other,NA,NA,
run_008,csr,csr_1772962123,csr-irs3-1772962123,csr-irs3-1772962123,,csr_approved,cert_registered,2026-03-08T09:28:50.577795346Z,2026-03-08T09:29:00.21228589Z,/var/lib/docker/volumes,35a02607c21ea95db05e7150f71e6e704f4d6479a4a76375ed8ec3cbfc5ec094,other,NA,NA,
run_008,csr,csr_1772962123,csr-irs3-1772962123,csr-irs3-1772962123,,csr_approved,cert_registered,2026-03-08T09:28:50.577795346Z,2026-03-08T09:29:00.21228589Z,/var/lib/docker/volumes,791e62bfc17bf044236c3dcb5d77ec82610b27aa4d5f3c78aff2e2842f98f9ee,other,NA,NA,
run_008,csr,csr_1772962123,csr-irs3-1772962123,csr-irs3-1772962123,,csr_approved,cert_registered,2026-03-08T09:28:50.577795346Z,2026-03-08T09:29:00.21228589Z,/var/lib/docker/volumes,91dbb4452b1c3709e842113c225d65a63eab07cdac1110f244a9dfbdddb57dbf,other,NA,NA,
run_008,csr,csr_1772962123,csr-irs3-1772962123,csr-irs3-1772962123,,csr_approved,cert_registered,2026-03-08T09:28:50.577795346Z,2026-03-08T09:29:00.21228589Z,/var/lib/docker/volumes,99ac8c723665556c954d288ca00335f1fae5493d384cb656ecf5a945cc9ae3b8,other,NA,NA,
run_008,csr,csr_1772962123,csr-irs3-1772962123,csr-irs3-1772962123,,csr_approved,cert_registered,2026-03-08T09:28:50.577795346Z,2026-03-08T09:29:00.21228589Z,/var/lib/docker/volumes,ab96d922f06ec7a94f1b5200e75e480c9ed7eba86fbbe33b5cb9edbe031c6ea8,other,49770,49770,0
run_008,csr,csr_1772962123,csr-irs3-1772962123,csr-irs3-1772962123,,csr_approved,cert_registered,2026-03-08T09:28:50.577795346Z,2026-03-08T09:29:00.21228589Z,/var/lib/docker/volumes,b8143ef8453ad18871b4b4e0ba6041764a2cda76bc6f516fa468de5fd6585e72,other,49770,49770,0
run_008,csr,csr_1772962123,csr-irs3-1772962123,csr-irs3-1772962123,,csr_approved,cert_registered,2026-03-08T09:28:50.577795346Z,2026-03-08T09:29:00.21228589Z,/var/lib/docker/volumes,ce313f18292c11d1170b9839e1af2e5976d1858048740f79d790d8aed673a5a4,other,NA,NA,
run_008,csr,csr_1772962123,csr-irs3-1772962123,csr-irs3-1772962123,,csr_approved,cert_registered,2026-03-08T09:28:50.577795346Z,2026-03-08T09:29:00.21228589Z,/var/lib/docker/volumes,d9b7785a06954372515977133a1213437b80c5db1517196ca5e26134d3413ccf,other,NA,NA,
run_008,csr,csr_1772962123,csr-irs3-1772962123,csr-irs3-1772962123,,csr_approved,cert_registered,2026-03-08T09:28:50.577795346Z,2026-03-08T09:29:00.21228589Z,/var/lib/docker/volumes,e0eec01c85bd157680e466dd14073f2a433b51342ff770c3a292c984a51f226b,other,NA,NA,
run_008,csr,csr_1772962123,csr-irs3-1772962123,csr-irs3-1772962123,,csr_approved,cert_registered,2026-03-08T09:28:50.577795346Z,2026-03-08T09:29:00.21228589Z,/var/lib/docker/volumes,fabric_orderer.kit.edu,orderer,131699610,131739930,40320
run_008,csr,csr_1772962123,csr-irs3-1772962123,csr-irs3-1772962123,,csr_approved,cert_registered,2026-03-08T09:28:50.577795346Z,2026-03-08T09:29:00.21228589Z,/var/lib/docker/volumes,fabric_peer0.irs1.kit.edu,other,5006,5006,0
run_008,csr,csr_1772962123,csr-irs3-1772962123,csr-irs3-1772962123,,csr_approved,cert_registered,2026-03-08T09:28:50.577795346Z,2026-03-08T09:29:00.21228589Z,/var/lib/docker/volumes,fabric_peer0.irs3.kit.edu,peer,30571468,30623146,51678
run_008,csr,csr_1772962123,csr-irs3-1772962123,csr-irs3-1772962123,,csr_approved,cert_registered,2026-03-08T09:28:50.577795346Z,2026-03-08T09:29:00.21228589Z,/var/lib/docker/volumes,fabric_peer1.irs3.kit.edu,other,30570043,30621721,51678
run_008,csr,csr_1772962123,csr-irs3-1772962123,csr-irs3-1772962123,,csr_approved,cert_registered,2026-03-08T09:28:50.577795346Z,2026-03-08T09:29:00.21228589Z,/var/lib/docker/volumes,fabric_peer2.irs3.kit.edu,other,30570040,30621718,51678
run_008,csr,csr_1772962123,csr-irs3-1772962123,csr-irs3-1772962123,,csr_approved,cert_registered,2026-03-08T09:28:50.577795346Z,2026-03-08T09:29:00.21228589Z,/var/lib/docker/volumes,fabric_peer3.irs3.kit.edu,other,30571465,30623143,51678
run_008,csr,csr_1772962123,csr-irs3-1772962123,csr-irs3-1772962123,,cert_registered,operation_end,2026-03-08T09:29:00.21228589Z,2026-03-08T09:29:00.382637Z,/var/lib/docker/volumes,002a2c976d26a3f9c7eff06e2f9efe095908dd0ee21b2715cc202589b435aec2,other,NA,NA,
run_008,csr,csr_1772962123,csr-irs3-1772962123,csr-irs3-1772962123,,cert_registered,operation_end,2026-03-08T09:29:00.21228589Z,2026-03-08T09:29:00.382637Z,/var/lib/docker/volumes,35a02607c21ea95db05e7150f71e6e704f4d6479a4a76375ed8ec3cbfc5ec094,other,NA,NA,
run_008,csr,csr_1772962123,csr-irs3-1772962123,csr-irs3-1772962123,,cert_registered,operation_end,2026-03-08T09:29:00.21228589Z,2026-03-08T09:29:00.382637Z,/var/lib/docker/volumes,791e62bfc17bf044236c3dcb5d77ec82610b27aa4d5f3c78aff2e2842f98f9ee,other,NA,NA,
run_008,csr,csr_1772962123,csr-irs3-1772962123,csr-irs3-1772962123,,cert_registered,operation_end,2026-03-08T09:29:00.21228589Z,2026-03-08T09:29:00.382637Z,/var/lib/docker/volumes,91dbb4452b1c3709e842113c225d65a63eab07cdac1110f244a9dfbdddb57dbf,other,NA,NA,
run_008,csr,csr_1772962123,csr-irs3-1772962123,csr-irs3-1772962123,,cert_registered,operation_end,2026-03-08T09:29:00.21228589Z,2026-03-08T09:29:00.382637Z,/var/lib/docker/volumes,99ac8c723665556c954d288ca00335f1fae5493d384cb656ecf5a945cc9ae3b8,other,NA,NA,
run_008,csr,csr_1772962123,csr-irs3-1772962123,csr-irs3-1772962123,,cert_registered,operation_end,2026-03-08T09:29:00.21228589Z,2026-03-08T09:29:00.382637Z,/var/lib/docker/volumes,ab96d922f06ec7a94f1b5200e75e480c9ed7eba86fbbe33b5cb9edbe031c6ea8,other,49770,49770,0
run_008,csr,csr_1772962123,csr-irs3-1772962123,csr-irs3-1772962123,,cert_registered,operation_end,2026-03-08T09:29:00.21228589Z,2026-03-08T09:29:00.382637Z,/var/lib/docker/volumes,b8143ef8453ad18871b4b4e0ba6041764a2cda76bc6f516fa468de5fd6585e72,other,49770,49770,0
run_008,csr,csr_1772962123,csr-irs3-1772962123,csr-irs3-1772962123,,cert_registered,operation_end,2026-03-08T09:29:00.21228589Z,2026-03-08T09:29:00.382637Z,/var/lib/docker/volumes,ce313f18292c11d1170b9839e1af2e5976d1858048740f79d790d8aed673a5a4,other,NA,NA,
run_008,csr,csr_1772962123,csr-irs3-1772962123,csr-irs3-1772962123,,cert_registered,operation_end,2026-03-08T09:29:00.21228589Z,2026-03-08T09:29:00.382637Z,/var/lib/docker/volumes,d9b7785a06954372515977133a1213437b80c5db1517196ca5e26134d3413ccf,other,NA,NA,
run_008,csr,csr_1772962123,csr-irs3-1772962123,csr-irs3-1772962123,,cert_registered,operation_end,2026-03-08T09:29:00.21228589Z,2026-03-08T09:29:00.382637Z,/var/lib/docker/volumes,e0eec01c85bd157680e466dd14073f2a433b51342ff770c3a292c984a51f226b,other,NA,NA,
run_008,csr,csr_1772962123,csr-irs3-1772962123,csr-irs3-1772962123,,cert_registered,operation_end,2026-03-08T09:29:00.21228589Z,2026-03-08T09:29:00.382637Z,/var/lib/docker/volumes,fabric_orderer.kit.edu,orderer,131739930,131739930,0
run_008,csr,csr_1772962123,csr-irs3-1772962123,csr-irs3-1772962123,,cert_registered,operation_end,2026-03-08T09:29:00.21228589Z,2026-03-08T09:29:00.382637Z,/var/lib/docker/volumes,fabric_peer0.irs1.kit.edu,other,5006,5006,0
run_008,csr,csr_1772962123,csr-irs3-1772962123,csr-irs3-1772962123,,cert_registered,operation_end,2026-03-08T09:29:00.21228589Z,2026-03-08T09:29:00.382637Z,/var/lib/docker/volumes,fabric_peer0.irs3.kit.edu,peer,30623146,30623146,0
run_008,csr,csr_1772962123,csr-irs3-1772962123,csr-irs3-1772962123,,cert_registered,operation_end,2026-03-08T09:29:00.21228589Z,2026-03-08T09:29:00.382637Z,/var/lib/docker/volumes,fabric_peer1.irs3.kit.edu,other,30621721,30621721,0
run_008,csr,csr_1772962123,csr-irs3-1772962123,csr-irs3-1772962123,,cert_registered,operation_end,2026-03-08T09:29:00.21228589Z,2026-03-08T09:29:00.382637Z,/var/lib/docker/volumes,fabric_peer2.irs3.kit.edu,other,30621718,30621718,0
run_008,csr,csr_1772962123,csr-irs3-1772962123,csr-irs3-1772962123,,cert_registered,operation_end,2026-03-08T09:29:00.21228589Z,2026-03-08T09:29:00.382637Z,/var/lib/docker/volumes,fabric_peer3.irs3.kit.edu,other,30623143,30623143,0
run_008,revocation,revocation_1772962160,revoke-irs3-1772962160,revoke-irs3-1772962160,,operation_start,revocation_submit_done,2026-03-08T09:29:20.752779Z,2026-03-08T09:29:23.094314Z,/var/lib/docker/volumes,002a2c976d26a3f9c7eff06e2f9efe095908dd0ee21b2715cc202589b435aec2,other,NA,NA,
run_008,revocation,revocation_1772962160,revoke-irs3-1772962160,revoke-irs3-1772962160,,operation_start,revocation_submit_done,2026-03-08T09:29:20.752779Z,2026-03-08T09:29:23.094314Z,/var/lib/docker/volumes,35a02607c21ea95db05e7150f71e6e704f4d6479a4a76375ed8ec3cbfc5ec094,other,NA,NA,
run_008,revocation,revocation_1772962160,revoke-irs3-1772962160,revoke-irs3-1772962160,,operation_start,revocation_submit_done,2026-03-08T09:29:20.752779Z,2026-03-08T09:29:23.094314Z,/var/lib/docker/volumes,791e62bfc17bf044236c3dcb5d77ec82610b27aa4d5f3c78aff2e2842f98f9ee,other,NA,NA,
run_008,revocation,revocation_1772962160,revoke-irs3-1772962160,revoke-irs3-1772962160,,operation_start,revocation_submit_done,2026-03-08T09:29:20.752779Z,2026-03-08T09:29:23.094314Z,/var/lib/docker/volumes,91dbb4452b1c3709e842113c225d65a63eab07cdac1110f244a9dfbdddb57dbf,other,NA,NA,
run_008,revocation,revocation_1772962160,revoke-irs3-1772962160,revoke-irs3-1772962160,,operation_start,revocation_submit_done,2026-03-08T09:29:20.752779Z,2026-03-08T09:29:23.094314Z,/var/lib/docker/volumes,99ac8c723665556c954d288ca00335f1fae5493d384cb656ecf5a945cc9ae3b8,other,NA,NA,
run_008,revocation,revocation_1772962160,revoke-irs3-1772962160,revoke-irs3-1772962160,,operation_start,revocation_submit_done,2026-03-08T09:29:20.752779Z,2026-03-08T09:29:23.094314Z,/var/lib/docker/volumes,ab96d922f06ec7a94f1b5200e75e480c9ed7eba86fbbe33b5cb9edbe031c6ea8,other,49770,49770,0
run_008,revocation,revocation_1772962160,revoke-irs3-1772962160,revoke-irs3-1772962160,,operation_start,revocation_submit_done,2026-03-08T09:29:20.752779Z,2026-03-08T09:29:23.094314Z,/var/lib/docker/volumes,b8143ef8453ad18871b4b4e0ba6041764a2cda76bc6f516fa468de5fd6585e72,other,49770,49770,0
run_008,revocation,revocation_1772962160,revoke-irs3-1772962160,revoke-irs3-1772962160,,operation_start,revocation_submit_done,2026-03-08T09:29:20.752779Z,2026-03-08T09:29:23.094314Z,/var/lib/docker/volumes,ce313f18292c11d1170b9839e1af2e5976d1858048740f79d790d8aed673a5a4,other,NA,NA,
run_008,revocation,revocation_1772962160,revoke-irs3-1772962160,revoke-irs3-1772962160,,operation_start,revocation_submit_done,2026-03-08T09:29:20.752779Z,2026-03-08T09:29:23.094314Z,/var/lib/docker/volumes,d9b7785a06954372515977133a1213437b80c5db1517196ca5e26134d3413ccf,other,NA,NA,
run_008,revocation,revocation_1772962160,revoke-irs3-1772962160,revoke-irs3-1772962160,,operation_start,revocation_submit_done,2026-03-08T09:29:20.752779Z,2026-03-08T09:29:23.094314Z,/var/lib/docker/volumes,e0eec01c85bd157680e466dd14073f2a433b51342ff770c3a292c984a51f226b,other,NA,NA,
run_008,revocation,revocation_1772962160,revoke-irs3-1772962160,revoke-irs3-1772962160,,operation_start,revocation_submit_done,2026-03-08T09:29:20.752779Z,2026-03-08T09:29:23.094314Z,/var/lib/docker/volumes,fabric_orderer.kit.edu,orderer,131739930,131747124,7194
run_008,revocation,revocation_1772962160,revoke-irs3-1772962160,revoke-irs3-1772962160,,operation_start,revocation_submit_done,2026-03-08T09:29:20.752779Z,2026-03-08T09:29:23.094314Z,/var/lib/docker/volumes,fabric_peer0.irs1.kit.edu,other,5006,5006,0
run_008,revocation,revocation_1772962160,revoke-irs3-1772962160,revoke-irs3-1772962160,,operation_start,revocation_submit_done,2026-03-08T09:29:20.752779Z,2026-03-08T09:29:23.094314Z,/var/lib/docker/volumes,fabric_peer0.irs3.kit.edu,peer,30623146,30631382,8236
run_008,revocation,revocation_1772962160,revoke-irs3-1772962160,revoke-irs3-1772962160,,operation_start,revocation_submit_done,2026-03-08T09:29:20.752779Z,2026-03-08T09:29:23.094314Z,/var/lib/docker/volumes,fabric_peer1.irs3.kit.edu,other,30621721,30629957,8236
run_008,revocation,revocation_1772962160,revoke-irs3-1772962160,revoke-irs3-1772962160,,operation_start,revocation_submit_done,2026-03-08T09:29:20.752779Z,2026-03-08T09:29:23.094314Z,/var/lib/docker/volumes,fabric_peer2.irs3.kit.edu,other,30621718,30629954,8236
run_008,revocation,revocation_1772962160,revoke-irs3-1772962160,revoke-irs3-1772962160,,operation_start,revocation_submit_done,2026-03-08T09:29:20.752779Z,2026-03-08T09:29:23.094314Z,/var/lib/docker/volumes,fabric_peer3.irs3.kit.edu,other,30623143,30631379,8236
run_008,revocation,revocation_1772962160,revoke-irs3-1772962160,revoke-irs3-1772962160,,revocation_submit_done,revocation_voted,2026-03-08T09:29:23.094314Z,2026-03-08T09:29:26.604861802Z,/var/lib/docker/volumes,002a2c976d26a3f9c7eff06e2f9efe095908dd0ee21b2715cc202589b435aec2,other,NA,NA,
run_008,revocation,revocation_1772962160,revoke-irs3-1772962160,revoke-irs3-1772962160,,revocation_submit_done,revocation_voted,2026-03-08T09:29:23.094314Z,2026-03-08T09:29:26.604861802Z,/var/lib/docker/volumes,35a02607c21ea95db05e7150f71e6e704f4d6479a4a76375ed8ec3cbfc5ec094,other,NA,NA,
run_008,revocation,revocation_1772962160,revoke-irs3-1772962160,revoke-irs3-1772962160,,revocation_submit_done,revocation_voted,2026-03-08T09:29:23.094314Z,2026-03-08T09:29:26.604861802Z,/var/lib/docker/volumes,791e62bfc17bf044236c3dcb5d77ec82610b27aa4d5f3c78aff2e2842f98f9ee,other,NA,NA,
run_008,revocation,revocation_1772962160,revoke-irs3-1772962160,revoke-irs3-1772962160,,revocation_submit_done,revocation_voted,2026-03-08T09:29:23.094314Z,2026-03-08T09:29:26.604861802Z,/var/lib/docker/volumes,91dbb4452b1c3709e842113c225d65a63eab07cdac1110f244a9dfbdddb57dbf,other,NA,NA,
run_008,revocation,revocation_1772962160,revoke-irs3-1772962160,revoke-irs3-1772962160,,revocation_submit_done,revocation_voted,2026-03-08T09:29:23.094314Z,2026-03-08T09:29:26.604861802Z,/var/lib/docker/volumes,99ac8c723665556c954d288ca00335f1fae5493d384cb656ecf5a945cc9ae3b8,other,NA,NA,
run_008,revocation,revocation_1772962160,revoke-irs3-1772962160,revoke-irs3-1772962160,,revocation_submit_done,revocation_voted,2026-03-08T09:29:23.094314Z,2026-03-08T09:29:26.604861802Z,/var/lib/docker/volumes,ab96d922f06ec7a94f1b5200e75e480c9ed7eba86fbbe33b5cb9edbe031c6ea8,other,49770,49770,0
run_008,revocation,revocation_1772962160,revoke-irs3-1772962160,revoke-irs3-1772962160,,revocation_submit_done,revocation_voted,2026-03-08T09:29:23.094314Z,2026-03-08T09:29:26.604861802Z,/var/lib/docker/volumes,b8143ef8453ad18871b4b4e0ba6041764a2cda76bc6f516fa468de5fd6585e72,other,49770,49770,0
run_008,revocation,revocation_1772962160,revoke-irs3-1772962160,revoke-irs3-1772962160,,revocation_submit_done,revocation_voted,2026-03-08T09:29:23.094314Z,2026-03-08T09:29:26.604861802Z,/var/lib/docker/volumes,ce313f18292c11d1170b9839e1af2e5976d1858048740f79d790d8aed673a5a4,other,NA,NA,
run_008,revocation,revocation_1772962160,revoke-irs3-1772962160,revoke-irs3-1772962160,,revocation_submit_done,revocation_voted,2026-03-08T09:29:23.094314Z,2026-03-08T09:29:26.604861802Z,/var/lib/docker/volumes,d9b7785a06954372515977133a1213437b80c5db1517196ca5e26134d3413ccf,other,NA,NA,
run_008,revocation,revocation_1772962160,revoke-irs3-1772962160,revoke-irs3-1772962160,,revocation_submit_done,revocation_voted,2026-03-08T09:29:23.094314Z,2026-03-08T09:29:26.604861802Z,/var/lib/docker/volumes,e0eec01c85bd157680e466dd14073f2a433b51342ff770c3a292c984a51f226b,other,NA,NA,
run_008,revocation,revocation_1772962160,revoke-irs3-1772962160,revoke-irs3-1772962160,,revocation_submit_done,revocation_voted,2026-03-08T09:29:23.094314Z,2026-03-08T09:29:26.604861802Z,/var/lib/docker/volumes,fabric_orderer.kit.edu,orderer,131747124,131768311,21187
run_008,revocation,revocation_1772962160,revoke-irs3-1772962160,revoke-irs3-1772962160,,revocation_submit_done,revocation_voted,2026-03-08T09:29:23.094314Z,2026-03-08T09:29:26.604861802Z,/var/lib/docker/volumes,fabric_peer0.irs1.kit.edu,other,5006,5006,0
run_008,revocation,revocation_1772962160,revoke-irs3-1772962160,revoke-irs3-1772962160,,revocation_submit_done,revocation_voted,2026-03-08T09:29:23.094314Z,2026-03-08T09:29:26.604861802Z,/var/lib/docker/volumes,fabric_peer0.irs3.kit.edu,peer,30631382,30654819,23437
run_008,revocation,revocation_1772962160,revoke-irs3-1772962160,revoke-irs3-1772962160,,revocation_submit_done,revocation_voted,2026-03-08T09:29:23.094314Z,2026-03-08T09:29:26.604861802Z,/var/lib/docker/volumes,fabric_peer1.irs3.kit.edu,other,30629957,30653394,23437
run_008,revocation,revocation_1772962160,revoke-irs3-1772962160,revoke-irs3-1772962160,,revocation_submit_done,revocation_voted,2026-03-08T09:29:23.094314Z,2026-03-08T09:29:26.604861802Z,/var/lib/docker/volumes,fabric_peer2.irs3.kit.edu,other,30629954,30653391,23437
run_008,revocation,revocation_1772962160,revoke-irs3-1772962160,revoke-irs3-1772962160,,revocation_submit_done,revocation_voted,2026-03-08T09:29:23.094314Z,2026-03-08T09:29:26.604861802Z,/var/lib/docker/volumes,fabric_peer3.irs3.kit.edu,other,30631379,30654816,23437
run_008,revocation,revocation_1772962160,revoke-irs3-1772962160,revoke-irs3-1772962160,,revocation_voted,revocation_executed,2026-03-08T09:29:26.604861802Z,2026-03-08T09:29:29.063815687Z,/var/lib/docker/volumes,002a2c976d26a3f9c7eff06e2f9efe095908dd0ee21b2715cc202589b435aec2,other,NA,NA,
run_008,revocation,revocation_1772962160,revoke-irs3-1772962160,revoke-irs3-1772962160,,revocation_voted,revocation_executed,2026-03-08T09:29:26.604861802Z,2026-03-08T09:29:29.063815687Z,/var/lib/docker/volumes,35a02607c21ea95db05e7150f71e6e704f4d6479a4a76375ed8ec3cbfc5ec094,other,NA,NA,
run_008,revocation,revocation_1772962160,revoke-irs3-1772962160,revoke-irs3-1772962160,,revocation_voted,revocation_executed,2026-03-08T09:29:26.604861802Z,2026-03-08T09:29:29.063815687Z,/var/lib/docker/volumes,791e62bfc17bf044236c3dcb5d77ec82610b27aa4d5f3c78aff2e2842f98f9ee,other,NA,NA,
run_008,revocation,revocation_1772962160,revoke-irs3-1772962160,revoke-irs3-1772962160,,revocation_voted,revocation_executed,2026-03-08T09:29:26.604861802Z,2026-03-08T09:29:29.063815687Z,/var/lib/docker/volumes,91dbb4452b1c3709e842113c225d65a63eab07cdac1110f244a9dfbdddb57dbf,other,NA,NA,
run_008,revocation,revocation_1772962160,revoke-irs3-1772962160,revoke-irs3-1772962160,,revocation_voted,revocation_executed,2026-03-08T09:29:26.604861802Z,2026-03-08T09:29:29.063815687Z,/var/lib/docker/volumes,99ac8c723665556c954d288ca00335f1fae5493d384cb656ecf5a945cc9ae3b8,other,NA,NA,
run_008,revocation,revocation_1772962160,revoke-irs3-1772962160,revoke-irs3-1772962160,,revocation_voted,revocation_executed,2026-03-08T09:29:26.604861802Z,2026-03-08T09:29:29.063815687Z,/var/lib/docker/volumes,ab96d922f06ec7a94f1b5200e75e480c9ed7eba86fbbe33b5cb9edbe031c6ea8,other,49770,49770,0
run_008,revocation,revocation_1772962160,revoke-irs3-1772962160,revoke-irs3-1772962160,,revocation_voted,revocation_executed,2026-03-08T09:29:26.604861802Z,2026-03-08T09:29:29.063815687Z,/var/lib/docker/volumes,b8143ef8453ad18871b4b4e0ba6041764a2cda76bc6f516fa468de5fd6585e72,other,49770,49770,0
run_008,revocation,revocation_1772962160,revoke-irs3-1772962160,revoke-irs3-1772962160,,revocation_voted,revocation_executed,2026-03-08T09:29:26.604861802Z,2026-03-08T09:29:29.063815687Z,/var/lib/docker/volumes,ce313f18292c11d1170b9839e1af2e5976d1858048740f79d790d8aed673a5a4,other,NA,NA,
run_008,revocation,revocation_1772962160,revoke-irs3-1772962160,revoke-irs3-1772962160,,revocation_voted,revocation_executed,2026-03-08T09:29:26.604861802Z,2026-03-08T09:29:29.063815687Z,/var/lib/docker/volumes,d9b7785a06954372515977133a1213437b80c5db1517196ca5e26134d3413ccf,other,NA,NA,
run_008,revocation,revocation_1772962160,revoke-irs3-1772962160,revoke-irs3-1772962160,,revocation_voted,revocation_executed,2026-03-08T09:29:26.604861802Z,2026-03-08T09:29:29.063815687Z,/var/lib/docker/volumes,e0eec01c85bd157680e466dd14073f2a433b51342ff770c3a292c984a51f226b,other,NA,NA,
run_008,revocation,revocation_1772962160,revoke-irs3-1772962160,revoke-irs3-1772962160,,revocation_voted,revocation_executed,2026-03-08T09:29:26.604861802Z,2026-03-08T09:29:29.063815687Z,/var/lib/docker/volumes,fabric_orderer.kit.edu,orderer,131768311,131789378,21067
run_008,revocation,revocation_1772962160,revoke-irs3-1772962160,revoke-irs3-1772962160,,revocation_voted,revocation_executed,2026-03-08T09:29:26.604861802Z,2026-03-08T09:29:29.063815687Z,/var/lib/docker/volumes,fabric_peer0.irs1.kit.edu,other,5006,5006,0
run_008,revocation,revocation_1772962160,revoke-irs3-1772962160,revoke-irs3-1772962160,,revocation_voted,revocation_executed,2026-03-08T09:29:26.604861802Z,2026-03-08T09:29:29.063815687Z,/var/lib/docker/volumes,fabric_peer0.irs3.kit.edu,peer,30654819,30681568,26749
run_008,revocation,revocation_1772962160,revoke-irs3-1772962160,revoke-irs3-1772962160,,revocation_voted,revocation_executed,2026-03-08T09:29:26.604861802Z,2026-03-08T09:29:29.063815687Z,/var/lib/docker/volumes,fabric_peer1.irs3.kit.edu,other,30653394,30680143,26749
run_008,revocation,revocation_1772962160,revoke-irs3-1772962160,revoke-irs3-1772962160,,revocation_voted,revocation_executed,2026-03-08T09:29:26.604861802Z,2026-03-08T09:29:29.063815687Z,/var/lib/docker/volumes,fabric_peer2.irs3.kit.edu,other,30653391,30680140,26749
run_008,revocation,revocation_1772962160,revoke-irs3-1772962160,revoke-irs3-1772962160,,revocation_voted,revocation_executed,2026-03-08T09:29:26.604861802Z,2026-03-08T09:29:29.063815687Z,/var/lib/docker/volumes,fabric_peer3.irs3.kit.edu,other,30654816,30681565,26749
run_008,revocation,revocation_1772962160,revoke-irs3-1772962160,revoke-irs3-1772962160,,revocation_executed,operation_end,2026-03-08T09:29:29.063815687Z,2026-03-08T09:29:29.534627Z,/var/lib/docker/volumes,002a2c976d26a3f9c7eff06e2f9efe095908dd0ee21b2715cc202589b435aec2,other,NA,NA,
run_008,revocation,revocation_1772962160,revoke-irs3-1772962160,revoke-irs3-1772962160,,revocation_executed,operation_end,2026-03-08T09:29:29.063815687Z,2026-03-08T09:29:29.534627Z,/var/lib/docker/volumes,35a02607c21ea95db05e7150f71e6e704f4d6479a4a76375ed8ec3cbfc5ec094,other,NA,NA,
run_008,revocation,revocation_1772962160,revoke-irs3-1772962160,revoke-irs3-1772962160,,revocation_executed,operation_end,2026-03-08T09:29:29.063815687Z,2026-03-08T09:29:29.534627Z,/var/lib/docker/volumes,791e62bfc17bf044236c3dcb5d77ec82610b27aa4d5f3c78aff2e2842f98f9ee,other,NA,NA,
run_008,revocation,revocation_1772962160,revoke-irs3-1772962160,revoke-irs3-1772962160,,revocation_executed,operation_end,2026-03-08T09:29:29.063815687Z,2026-03-08T09:29:29.534627Z,/var/lib/docker/volumes,91dbb4452b1c3709e842113c225d65a63eab07cdac1110f244a9dfbdddb57dbf,other,NA,NA,
run_008,revocation,revocation_1772962160,revoke-irs3-1772962160,revoke-irs3-1772962160,,revocation_executed,operation_end,2026-03-08T09:29:29.063815687Z,2026-03-08T09:29:29.534627Z,/var/lib/docker/volumes,99ac8c723665556c954d288ca00335f1fae5493d384cb656ecf5a945cc9ae3b8,other,NA,NA,
run_008,revocation,revocation_1772962160,revoke-irs3-1772962160,revoke-irs3-1772962160,,revocation_executed,operation_end,2026-03-08T09:29:29.063815687Z,2026-03-08T09:29:29.534627Z,/var/lib/docker/volumes,ab96d922f06ec7a94f1b5200e75e480c9ed7eba86fbbe33b5cb9edbe031c6ea8,other,49770,49770,0
run_008,revocation,revocation_1772962160,revoke-irs3-1772962160,revoke-irs3-1772962160,,revocation_executed,operation_end,2026-03-08T09:29:29.063815687Z,2026-03-08T09:29:29.534627Z,/var/lib/docker/volumes,b8143ef8453ad18871b4b4e0ba6041764a2cda76bc6f516fa468de5fd6585e72,other,49770,49770,0
run_008,revocation,revocation_1772962160,revoke-irs3-1772962160,revoke-irs3-1772962160,,revocation_executed,operation_end,2026-03-08T09:29:29.063815687Z,2026-03-08T09:29:29.534627Z,/var/lib/docker/volumes,ce313f18292c11d1170b9839e1af2e5976d1858048740f79d790d8aed673a5a4,other,NA,NA,
run_008,revocation,revocation_1772962160,revoke-irs3-1772962160,revoke-irs3-1772962160,,revocation_executed,operation_end,2026-03-08T09:29:29.063815687Z,2026-03-08T09:29:29.534627Z,/var/lib/docker/volumes,d9b7785a06954372515977133a1213437b80c5db1517196ca5e26134d3413ccf,other,NA,NA,
run_008,revocation,revocation_1772962160,revoke-irs3-1772962160,revoke-irs3-1772962160,,revocation_executed,operation_end,2026-03-08T09:29:29.063815687Z,2026-03-08T09:29:29.534627Z,/var/lib/docker/volumes,e0eec01c85bd157680e466dd14073f2a433b51342ff770c3a292c984a51f226b,other,NA,NA,
run_008,revocation,revocation_1772962160,revoke-irs3-1772962160,revoke-irs3-1772962160,,revocation_executed,operation_end,2026-03-08T09:29:29.063815687Z,2026-03-08T09:29:29.534627Z,/var/lib/docker/volumes,fabric_orderer.kit.edu,orderer,131789378,131789378,0
run_008,revocation,revocation_1772962160,revoke-irs3-1772962160,revoke-irs3-1772962160,,revocation_executed,operation_end,2026-03-08T09:29:29.063815687Z,2026-03-08T09:29:29.534627Z,/var/lib/docker/volumes,fabric_peer0.irs1.kit.edu,other,5006,5006,0
run_008,revocation,revocation_1772962160,revoke-irs3-1772962160,revoke-irs3-1772962160,,revocation_executed,operation_end,2026-03-08T09:29:29.063815687Z,2026-03-08T09:29:29.534627Z,/var/lib/docker/volumes,fabric_peer0.irs3.kit.edu,peer,30681568,30681568,0
run_008,revocation,revocation_1772962160,revoke-irs3-1772962160,revoke-irs3-1772962160,,revocation_executed,operation_end,2026-03-08T09:29:29.063815687Z,2026-03-08T09:29:29.534627Z,/var/lib/docker/volumes,fabric_peer1.irs3.kit.edu,other,30680143,30680143,0
run_008,revocation,revocation_1772962160,revoke-irs3-1772962160,revoke-irs3-1772962160,,revocation_executed,operation_end,2026-03-08T09:29:29.063815687Z,2026-03-08T09:29:29.534627Z,/var/lib/docker/volumes,fabric_peer2.irs3.kit.edu,other,30680140,30680140,0
run_008,revocation,revocation_1772962160,revoke-irs3-1772962160,revoke-irs3-1772962160,,revocation_executed,operation_end,2026-03-08T09:29:29.063815687Z,2026-03-08T09:29:29.534627Z,/var/lib/docker/volumes,fabric_peer3.irs3.kit.edu,other,30681565,30681565,0
run_008,removal,removal_1772962187,remove-irs3-member1-1772962188,remove-irs3-member1-1772962188,18,operation_start,removal_submit_done,2026-03-08T09:29:47.855312Z,2026-03-08T09:29:50.219177Z,/var/lib/docker/volumes,002a2c976d26a3f9c7eff06e2f9efe095908dd0ee21b2715cc202589b435aec2,other,NA,NA,
run_008,removal,removal_1772962187,remove-irs3-member1-1772962188,remove-irs3-member1-1772962188,18,operation_start,removal_submit_done,2026-03-08T09:29:47.855312Z,2026-03-08T09:29:50.219177Z,/var/lib/docker/volumes,35a02607c21ea95db05e7150f71e6e704f4d6479a4a76375ed8ec3cbfc5ec094,other,NA,NA,
run_008,removal,removal_1772962187,remove-irs3-member1-1772962188,remove-irs3-member1-1772962188,18,operation_start,removal_submit_done,2026-03-08T09:29:47.855312Z,2026-03-08T09:29:50.219177Z,/var/lib/docker/volumes,791e62bfc17bf044236c3dcb5d77ec82610b27aa4d5f3c78aff2e2842f98f9ee,other,NA,NA,
run_008,removal,removal_1772962187,remove-irs3-member1-1772962188,remove-irs3-member1-1772962188,18,operation_start,removal_submit_done,2026-03-08T09:29:47.855312Z,2026-03-08T09:29:50.219177Z,/var/lib/docker/volumes,91dbb4452b1c3709e842113c225d65a63eab07cdac1110f244a9dfbdddb57dbf,other,NA,NA,
run_008,removal,removal_1772962187,remove-irs3-member1-1772962188,remove-irs3-member1-1772962188,18,operation_start,removal_submit_done,2026-03-08T09:29:47.855312Z,2026-03-08T09:29:50.219177Z,/var/lib/docker/volumes,99ac8c723665556c954d288ca00335f1fae5493d384cb656ecf5a945cc9ae3b8,other,NA,NA,
run_008,removal,removal_1772962187,remove-irs3-member1-1772962188,remove-irs3-member1-1772962188,18,operation_start,removal_submit_done,2026-03-08T09:29:47.855312Z,2026-03-08T09:29:50.219177Z,/var/lib/docker/volumes,ab96d922f06ec7a94f1b5200e75e480c9ed7eba86fbbe33b5cb9edbe031c6ea8,other,49770,49770,0
run_008,removal,removal_1772962187,remove-irs3-member1-1772962188,remove-irs3-member1-1772962188,18,operation_start,removal_submit_done,2026-03-08T09:29:47.855312Z,2026-03-08T09:29:50.219177Z,/var/lib/docker/volumes,b8143ef8453ad18871b4b4e0ba6041764a2cda76bc6f516fa468de5fd6585e72,other,49770,49770,0
run_008,removal,removal_1772962187,remove-irs3-member1-1772962188,remove-irs3-member1-1772962188,18,operation_start,removal_submit_done,2026-03-08T09:29:47.855312Z,2026-03-08T09:29:50.219177Z,/var/lib/docker/volumes,ce313f18292c11d1170b9839e1af2e5976d1858048740f79d790d8aed673a5a4,other,NA,NA,
run_008,removal,removal_1772962187,remove-irs3-member1-1772962188,remove-irs3-member1-1772962188,18,operation_start,removal_submit_done,2026-03-08T09:29:47.855312Z,2026-03-08T09:29:50.219177Z,/var/lib/docker/volumes,d9b7785a06954372515977133a1213437b80c5db1517196ca5e26134d3413ccf,other,NA,NA,
run_008,removal,removal_1772962187,remove-irs3-member1-1772962188,remove-irs3-member1-1772962188,18,operation_start,removal_submit_done,2026-03-08T09:29:47.855312Z,2026-03-08T09:29:50.219177Z,/var/lib/docker/volumes,e0eec01c85bd157680e466dd14073f2a433b51342ff770c3a292c984a51f226b,other,NA,NA,
run_008,removal,removal_1772962187,remove-irs3-member1-1772962188,remove-irs3-member1-1772962188,18,operation_start,removal_submit_done,2026-03-08T09:29:47.855312Z,2026-03-08T09:29:50.219177Z,/var/lib/docker/volumes,fabric_orderer.kit.edu,orderer,131789378,131797850,8472
run_008,removal,removal_1772962187,remove-irs3-member1-1772962188,remove-irs3-member1-1772962188,18,operation_start,removal_submit_done,2026-03-08T09:29:47.855312Z,2026-03-08T09:29:50.219177Z,/var/lib/docker/volumes,fabric_peer0.irs1.kit.edu,other,5006,5006,0
run_008,removal,removal_1772962187,remove-irs3-member1-1772962188,remove-irs3-member1-1772962188,18,operation_start,removal_submit_done,2026-03-08T09:29:47.855312Z,2026-03-08T09:29:50.219177Z,/var/lib/docker/volumes,fabric_peer0.irs3.kit.edu,peer,30681568,30691153,9585
run_008,removal,removal_1772962187,remove-irs3-member1-1772962188,remove-irs3-member1-1772962188,18,operation_start,removal_submit_done,2026-03-08T09:29:47.855312Z,2026-03-08T09:29:50.219177Z,/var/lib/docker/volumes,fabric_peer1.irs3.kit.edu,other,30680143,30689728,9585
run_008,removal,removal_1772962187,remove-irs3-member1-1772962188,remove-irs3-member1-1772962188,18,operation_start,removal_submit_done,2026-03-08T09:29:47.855312Z,2026-03-08T09:29:50.219177Z,/var/lib/docker/volumes,fabric_peer2.irs3.kit.edu,other,30680140,30689725,9585
run_008,removal,removal_1772962187,remove-irs3-member1-1772962188,remove-irs3-member1-1772962188,18,operation_start,removal_submit_done,2026-03-08T09:29:47.855312Z,2026-03-08T09:29:50.219177Z,/var/lib/docker/volumes,fabric_peer3.irs3.kit.edu,other,30681565,30691150,9585
run_008,removal,removal_1772962187,remove-irs3-member1-1772962188,remove-irs3-member1-1772962188,18,removal_submit_done,removal_voted,2026-03-08T09:29:50.219177Z,2026-03-08T09:29:53.560657702Z,/var/lib/docker/volumes,002a2c976d26a3f9c7eff06e2f9efe095908dd0ee21b2715cc202589b435aec2,other,NA,NA,
run_008,removal,removal_1772962187,remove-irs3-member1-1772962188,remove-irs3-member1-1772962188,18,removal_submit_done,removal_voted,2026-03-08T09:29:50.219177Z,2026-03-08T09:29:53.560657702Z,/var/lib/docker/volumes,35a02607c21ea95db05e7150f71e6e704f4d6479a4a76375ed8ec3cbfc5ec094,other,NA,NA,
run_008,removal,removal_1772962187,remove-irs3-member1-1772962188,remove-irs3-member1-1772962188,18,removal_submit_done,removal_voted,2026-03-08T09:29:50.219177Z,2026-03-08T09:29:53.560657702Z,/var/lib/docker/volumes,791e62bfc17bf044236c3dcb5d77ec82610b27aa4d5f3c78aff2e2842f98f9ee,other,NA,NA,
run_008,removal,removal_1772962187,remove-irs3-member1-1772962188,remove-irs3-member1-1772962188,18,removal_submit_done,removal_voted,2026-03-08T09:29:50.219177Z,2026-03-08T09:29:53.560657702Z,/var/lib/docker/volumes,91dbb4452b1c3709e842113c225d65a63eab07cdac1110f244a9dfbdddb57dbf,other,NA,NA,
run_008,removal,removal_1772962187,remove-irs3-member1-1772962188,remove-irs3-member1-1772962188,18,removal_submit_done,removal_voted,2026-03-08T09:29:50.219177Z,2026-03-08T09:29:53.560657702Z,/var/lib/docker/volumes,99ac8c723665556c954d288ca00335f1fae5493d384cb656ecf5a945cc9ae3b8,other,NA,NA,
run_008,removal,removal_1772962187,remove-irs3-member1-1772962188,remove-irs3-member1-1772962188,18,removal_submit_done,removal_voted,2026-03-08T09:29:50.219177Z,2026-03-08T09:29:53.560657702Z,/var/lib/docker/volumes,ab96d922f06ec7a94f1b5200e75e480c9ed7eba86fbbe33b5cb9edbe031c6ea8,other,49770,49770,0
run_008,removal,removal_1772962187,remove-irs3-member1-1772962188,remove-irs3-member1-1772962188,18,removal_submit_done,removal_voted,2026-03-08T09:29:50.219177Z,2026-03-08T09:29:53.560657702Z,/var/lib/docker/volumes,b8143ef8453ad18871b4b4e0ba6041764a2cda76bc6f516fa468de5fd6585e72,other,49770,49770,0
run_008,removal,removal_1772962187,remove-irs3-member1-1772962188,remove-irs3-member1-1772962188,18,removal_submit_done,removal_voted,2026-03-08T09:29:50.219177Z,2026-03-08T09:29:53.560657702Z,/var/lib/docker/volumes,ce313f18292c11d1170b9839e1af2e5976d1858048740f79d790d8aed673a5a4,other,NA,NA,
run_008,removal,removal_1772962187,remove-irs3-member1-1772962188,remove-irs3-member1-1772962188,18,removal_submit_done,removal_voted,2026-03-08T09:29:50.219177Z,2026-03-08T09:29:53.560657702Z,/var/lib/docker/volumes,d9b7785a06954372515977133a1213437b80c5db1517196ca5e26134d3413ccf,other,NA,NA,
run_008,removal,removal_1772962187,remove-irs3-member1-1772962188,remove-irs3-member1-1772962188,18,removal_submit_done,removal_voted,2026-03-08T09:29:50.219177Z,2026-03-08T09:29:53.560657702Z,/var/lib/docker/volumes,e0eec01c85bd157680e466dd14073f2a433b51342ff770c3a292c984a51f226b,other,NA,NA,
run_008,removal,removal_1772962187,remove-irs3-member1-1772962188,remove-irs3-member1-1772962188,18,removal_submit_done,removal_voted,2026-03-08T09:29:50.219177Z,2026-03-08T09:29:53.560657702Z,/var/lib/docker/volumes,fabric_orderer.kit.edu,orderer,131797850,131820449,22599
run_008,removal,removal_1772962187,remove-irs3-member1-1772962188,remove-irs3-member1-1772962188,18,removal_submit_done,removal_voted,2026-03-08T09:29:50.219177Z,2026-03-08T09:29:53.560657702Z,/var/lib/docker/volumes,fabric_peer0.irs1.kit.edu,other,5006,5006,0
run_008,removal,removal_1772962187,remove-irs3-member1-1772962188,remove-irs3-member1-1772962188,18,removal_submit_done,removal_voted,2026-03-08T09:29:50.219177Z,2026-03-08T09:29:53.560657702Z,/var/lib/docker/volumes,fabric_peer0.irs3.kit.edu,peer,30691153,30716121,24968
run_008,removal,removal_1772962187,remove-irs3-member1-1772962188,remove-irs3-member1-1772962188,18,removal_submit_done,removal_voted,2026-03-08T09:29:50.219177Z,2026-03-08T09:29:53.560657702Z,/var/lib/docker/volumes,fabric_peer1.irs3.kit.edu,other,30689728,30714696,24968
run_008,removal,removal_1772962187,remove-irs3-member1-1772962188,remove-irs3-member1-1772962188,18,removal_submit_done,removal_voted,2026-03-08T09:29:50.219177Z,2026-03-08T09:29:53.560657702Z,/var/lib/docker/volumes,fabric_peer2.irs3.kit.edu,other,30689725,30714693,24968
run_008,removal,removal_1772962187,remove-irs3-member1-1772962188,remove-irs3-member1-1772962188,18,removal_submit_done,removal_voted,2026-03-08T09:29:50.219177Z,2026-03-08T09:29:53.560657702Z,/var/lib/docker/volumes,fabric_peer3.irs3.kit.edu,other,30691150,30716118,24968
run_008,removal,removal_1772962187,remove-irs3-member1-1772962188,remove-irs3-member1-1772962188,18,removal_voted,removal_approved,2026-03-08T09:29:53.560657702Z,2026-03-08T09:29:55.985116029Z,/var/lib/docker/volumes,002a2c976d26a3f9c7eff06e2f9efe095908dd0ee21b2715cc202589b435aec2,other,NA,NA,
run_008,removal,removal_1772962187,remove-irs3-member1-1772962188,remove-irs3-member1-1772962188,18,removal_voted,removal_approved,2026-03-08T09:29:53.560657702Z,2026-03-08T09:29:55.985116029Z,/var/lib/docker/volumes,35a02607c21ea95db05e7150f71e6e704f4d6479a4a76375ed8ec3cbfc5ec094,other,NA,NA,
run_008,removal,removal_1772962187,remove-irs3-member1-1772962188,remove-irs3-member1-1772962188,18,removal_voted,removal_approved,2026-03-08T09:29:53.560657702Z,2026-03-08T09:29:55.985116029Z,/var/lib/docker/volumes,791e62bfc17bf044236c3dcb5d77ec82610b27aa4d5f3c78aff2e2842f98f9ee,other,NA,NA,
run_008,removal,removal_1772962187,remove-irs3-member1-1772962188,remove-irs3-member1-1772962188,18,removal_voted,removal_approved,2026-03-08T09:29:53.560657702Z,2026-03-08T09:29:55.985116029Z,/var/lib/docker/volumes,91dbb4452b1c3709e842113c225d65a63eab07cdac1110f244a9dfbdddb57dbf,other,NA,NA,
run_008,removal,removal_1772962187,remove-irs3-member1-1772962188,remove-irs3-member1-1772962188,18,removal_voted,removal_approved,2026-03-08T09:29:53.560657702Z,2026-03-08T09:29:55.985116029Z,/var/lib/docker/volumes,99ac8c723665556c954d288ca00335f1fae5493d384cb656ecf5a945cc9ae3b8,other,NA,NA,
run_008,removal,removal_1772962187,remove-irs3-member1-1772962188,remove-irs3-member1-1772962188,18,removal_voted,removal_approved,2026-03-08T09:29:53.560657702Z,2026-03-08T09:29:55.985116029Z,/var/lib/docker/volumes,ab96d922f06ec7a94f1b5200e75e480c9ed7eba86fbbe33b5cb9edbe031c6ea8,other,49770,49770,0
run_008,removal,removal_1772962187,remove-irs3-member1-1772962188,remove-irs3-member1-1772962188,18,removal_voted,removal_approved,2026-03-08T09:29:53.560657702Z,2026-03-08T09:29:55.985116029Z,/var/lib/docker/volumes,b8143ef8453ad18871b4b4e0ba6041764a2cda76bc6f516fa468de5fd6585e72,other,49770,49770,0
run_008,removal,removal_1772962187,remove-irs3-member1-1772962188,remove-irs3-member1-1772962188,18,removal_voted,removal_approved,2026-03-08T09:29:53.560657702Z,2026-03-08T09:29:55.985116029Z,/var/lib/docker/volumes,ce313f18292c11d1170b9839e1af2e5976d1858048740f79d790d8aed673a5a4,other,NA,NA,
run_008,removal,removal_1772962187,remove-irs3-member1-1772962188,remove-irs3-member1-1772962188,18,removal_voted,removal_approved,2026-03-08T09:29:53.560657702Z,2026-03-08T09:29:55.985116029Z,/var/lib/docker/volumes,d9b7785a06954372515977133a1213437b80c5db1517196ca5e26134d3413ccf,other,NA,NA,
run_008,removal,removal_1772962187,remove-irs3-member1-1772962188,remove-irs3-member1-1772962188,18,removal_voted,removal_approved,2026-03-08T09:29:53.560657702Z,2026-03-08T09:29:55.985116029Z,/var/lib/docker/volumes,e0eec01c85bd157680e466dd14073f2a433b51342ff770c3a292c984a51f226b,other,NA,NA,
run_008,removal,removal_1772962187,remove-irs3-member1-1772962188,remove-irs3-member1-1772962188,18,removal_voted,removal_approved,2026-03-08T09:29:53.560657702Z,2026-03-08T09:29:55.985116029Z,/var/lib/docker/volumes,fabric_orderer.kit.edu,orderer,131820449,131839887,19438
run_008,removal,removal_1772962187,remove-irs3-member1-1772962188,remove-irs3-member1-1772962188,18,removal_voted,removal_approved,2026-03-08T09:29:53.560657702Z,2026-03-08T09:29:55.985116029Z,/var/lib/docker/volumes,fabric_peer0.irs1.kit.edu,other,5006,5006,0
run_008,removal,removal_1772962187,remove-irs3-member1-1772962188,remove-irs3-member1-1772962188,18,removal_voted,removal_approved,2026-03-08T09:29:53.560657702Z,2026-03-08T09:29:55.985116029Z,/var/lib/docker/volumes,fabric_peer0.irs3.kit.edu,peer,30716121,30740163,24042
run_008,removal,removal_1772962187,remove-irs3-member1-1772962188,remove-irs3-member1-1772962188,18,removal_voted,removal_approved,2026-03-08T09:29:53.560657702Z,2026-03-08T09:29:55.985116029Z,/var/lib/docker/volumes,fabric_peer1.irs3.kit.edu,other,30714696,30738738,24042
run_008,removal,removal_1772962187,remove-irs3-member1-1772962188,remove-irs3-member1-1772962188,18,removal_voted,removal_approved,2026-03-08T09:29:53.560657702Z,2026-03-08T09:29:55.985116029Z,/var/lib/docker/volumes,fabric_peer2.irs3.kit.edu,other,30714693,30738735,24042
run_008,removal,removal_1772962187,remove-irs3-member1-1772962188,remove-irs3-member1-1772962188,18,removal_voted,removal_approved,2026-03-08T09:29:53.560657702Z,2026-03-08T09:29:55.985116029Z,/var/lib/docker/volumes,fabric_peer3.irs3.kit.edu,other,30716118,30740160,24042
run_008,removal,removal_1772962187,remove-irs3-member1-1772962188,remove-irs3-member1-1772962188,18,removal_approved,reshare_started,2026-03-08T09:29:55.985116029Z,2026-03-08T09:29:56.603838Z,/var/lib/docker/volumes,002a2c976d26a3f9c7eff06e2f9efe095908dd0ee21b2715cc202589b435aec2,other,NA,NA,
run_008,removal,removal_1772962187,remove-irs3-member1-1772962188,remove-irs3-member1-1772962188,18,removal_approved,reshare_started,2026-03-08T09:29:55.985116029Z,2026-03-08T09:29:56.603838Z,/var/lib/docker/volumes,35a02607c21ea95db05e7150f71e6e704f4d6479a4a76375ed8ec3cbfc5ec094,other,NA,NA,
run_008,removal,removal_1772962187,remove-irs3-member1-1772962188,remove-irs3-member1-1772962188,18,removal_approved,reshare_started,2026-03-08T09:29:55.985116029Z,2026-03-08T09:29:56.603838Z,/var/lib/docker/volumes,791e62bfc17bf044236c3dcb5d77ec82610b27aa4d5f3c78aff2e2842f98f9ee,other,NA,NA,
run_008,removal,removal_1772962187,remove-irs3-member1-1772962188,remove-irs3-member1-1772962188,18,removal_approved,reshare_started,2026-03-08T09:29:55.985116029Z,2026-03-08T09:29:56.603838Z,/var/lib/docker/volumes,91dbb4452b1c3709e842113c225d65a63eab07cdac1110f244a9dfbdddb57dbf,other,NA,NA,
run_008,removal,removal_1772962187,remove-irs3-member1-1772962188,remove-irs3-member1-1772962188,18,removal_approved,reshare_started,2026-03-08T09:29:55.985116029Z,2026-03-08T09:29:56.603838Z,/var/lib/docker/volumes,99ac8c723665556c954d288ca00335f1fae5493d384cb656ecf5a945cc9ae3b8,other,NA,NA,
run_008,removal,removal_1772962187,remove-irs3-member1-1772962188,remove-irs3-member1-1772962188,18,removal_approved,reshare_started,2026-03-08T09:29:55.985116029Z,2026-03-08T09:29:56.603838Z,/var/lib/docker/volumes,ab96d922f06ec7a94f1b5200e75e480c9ed7eba86fbbe33b5cb9edbe031c6ea8,other,49770,49770,0
run_008,removal,removal_1772962187,remove-irs3-member1-1772962188,remove-irs3-member1-1772962188,18,removal_approved,reshare_started,2026-03-08T09:29:55.985116029Z,2026-03-08T09:29:56.603838Z,/var/lib/docker/volumes,b8143ef8453ad18871b4b4e0ba6041764a2cda76bc6f516fa468de5fd6585e72,other,49770,49770,0
run_008,removal,removal_1772962187,remove-irs3-member1-1772962188,remove-irs3-member1-1772962188,18,removal_approved,reshare_started,2026-03-08T09:29:55.985116029Z,2026-03-08T09:29:56.603838Z,/var/lib/docker/volumes,ce313f18292c11d1170b9839e1af2e5976d1858048740f79d790d8aed673a5a4,other,NA,NA,
run_008,removal,removal_1772962187,remove-irs3-member1-1772962188,remove-irs3-member1-1772962188,18,removal_approved,reshare_started,2026-03-08T09:29:55.985116029Z,2026-03-08T09:29:56.603838Z,/var/lib/docker/volumes,d9b7785a06954372515977133a1213437b80c5db1517196ca5e26134d3413ccf,other,NA,NA,
run_008,removal,removal_1772962187,remove-irs3-member1-1772962188,remove-irs3-member1-1772962188,18,removal_approved,reshare_started,2026-03-08T09:29:55.985116029Z,2026-03-08T09:29:56.603838Z,/var/lib/docker/volumes,e0eec01c85bd157680e466dd14073f2a433b51342ff770c3a292c984a51f226b,other,NA,NA,
run_008,removal,removal_1772962187,remove-irs3-member1-1772962188,remove-irs3-member1-1772962188,18,removal_approved,reshare_started,2026-03-08T09:29:55.985116029Z,2026-03-08T09:29:56.603838Z,/var/lib/docker/volumes,fabric_orderer.kit.edu,orderer,131839887,131839887,0
run_008,removal,removal_1772962187,remove-irs3-member1-1772962188,remove-irs3-member1-1772962188,18,removal_approved,reshare_started,2026-03-08T09:29:55.985116029Z,2026-03-08T09:29:56.603838Z,/var/lib/docker/volumes,fabric_peer0.irs1.kit.edu,other,5006,5006,0
run_008,removal,removal_1772962187,remove-irs3-member1-1772962188,remove-irs3-member1-1772962188,18,removal_approved,reshare_started,2026-03-08T09:29:55.985116029Z,2026-03-08T09:29:56.603838Z,/var/lib/docker/volumes,fabric_peer0.irs3.kit.edu,peer,30740163,30740163,0
run_008,removal,removal_1772962187,remove-irs3-member1-1772962188,remove-irs3-member1-1772962188,18,removal_approved,reshare_started,2026-03-08T09:29:55.985116029Z,2026-03-08T09:29:56.603838Z,/var/lib/docker/volumes,fabric_peer1.irs3.kit.edu,other,30738738,30738738,0
run_008,removal,removal_1772962187,remove-irs3-member1-1772962188,remove-irs3-member1-1772962188,18,removal_approved,reshare_started,2026-03-08T09:29:55.985116029Z,2026-03-08T09:29:56.603838Z,/var/lib/docker/volumes,fabric_peer2.irs3.kit.edu,other,30738735,30738735,0
run_008,removal,removal_1772962187,remove-irs3-member1-1772962188,remove-irs3-member1-1772962188,18,removal_approved,reshare_started,2026-03-08T09:29:55.985116029Z,2026-03-08T09:29:56.603838Z,/var/lib/docker/volumes,fabric_peer3.irs3.kit.edu,other,30740160,30740160,0
run_008,removal,removal_1772962187,remove-irs3-member1-1772962188,remove-irs3-member1-1772962188,18,reshare_started,reshare_completed,2026-03-08T09:29:56.603838Z,2026-03-08T09:30:18.099853934Z,/var/lib/docker/volumes,002a2c976d26a3f9c7eff06e2f9efe095908dd0ee21b2715cc202589b435aec2,other,NA,NA,
run_008,removal,removal_1772962187,remove-irs3-member1-1772962188,remove-irs3-member1-1772962188,18,reshare_started,reshare_completed,2026-03-08T09:29:56.603838Z,2026-03-08T09:30:18.099853934Z,/var/lib/docker/volumes,35a02607c21ea95db05e7150f71e6e704f4d6479a4a76375ed8ec3cbfc5ec094,other,NA,NA,
run_008,removal,removal_1772962187,remove-irs3-member1-1772962188,remove-irs3-member1-1772962188,18,reshare_started,reshare_completed,2026-03-08T09:29:56.603838Z,2026-03-08T09:30:18.099853934Z,/var/lib/docker/volumes,791e62bfc17bf044236c3dcb5d77ec82610b27aa4d5f3c78aff2e2842f98f9ee,other,NA,NA,
run_008,removal,removal_1772962187,remove-irs3-member1-1772962188,remove-irs3-member1-1772962188,18,reshare_started,reshare_completed,2026-03-08T09:29:56.603838Z,2026-03-08T09:30:18.099853934Z,/var/lib/docker/volumes,91dbb4452b1c3709e842113c225d65a63eab07cdac1110f244a9dfbdddb57dbf,other,NA,NA,
run_008,removal,removal_1772962187,remove-irs3-member1-1772962188,remove-irs3-member1-1772962188,18,reshare_started,reshare_completed,2026-03-08T09:29:56.603838Z,2026-03-08T09:30:18.099853934Z,/var/lib/docker/volumes,99ac8c723665556c954d288ca00335f1fae5493d384cb656ecf5a945cc9ae3b8,other,NA,NA,
run_008,removal,removal_1772962187,remove-irs3-member1-1772962188,remove-irs3-member1-1772962188,18,reshare_started,reshare_completed,2026-03-08T09:29:56.603838Z,2026-03-08T09:30:18.099853934Z,/var/lib/docker/volumes,ab96d922f06ec7a94f1b5200e75e480c9ed7eba86fbbe33b5cb9edbe031c6ea8,other,49770,49770,0
run_008,removal,removal_1772962187,remove-irs3-member1-1772962188,remove-irs3-member1-1772962188,18,reshare_started,reshare_completed,2026-03-08T09:29:56.603838Z,2026-03-08T09:30:18.099853934Z,/var/lib/docker/volumes,b8143ef8453ad18871b4b4e0ba6041764a2cda76bc6f516fa468de5fd6585e72,other,49770,49770,0
run_008,removal,removal_1772962187,remove-irs3-member1-1772962188,remove-irs3-member1-1772962188,18,reshare_started,reshare_completed,2026-03-08T09:29:56.603838Z,2026-03-08T09:30:18.099853934Z,/var/lib/docker/volumes,ce313f18292c11d1170b9839e1af2e5976d1858048740f79d790d8aed673a5a4,other,NA,NA,
run_008,removal,removal_1772962187,remove-irs3-member1-1772962188,remove-irs3-member1-1772962188,18,reshare_started,reshare_completed,2026-03-08T09:29:56.603838Z,2026-03-08T09:30:18.099853934Z,/var/lib/docker/volumes,d9b7785a06954372515977133a1213437b80c5db1517196ca5e26134d3413ccf,other,NA,NA,
run_008,removal,removal_1772962187,remove-irs3-member1-1772962188,remove-irs3-member1-1772962188,18,reshare_started,reshare_completed,2026-03-08T09:29:56.603838Z,2026-03-08T09:30:18.099853934Z,/var/lib/docker/volumes,e0eec01c85bd157680e466dd14073f2a433b51342ff770c3a292c984a51f226b,other,NA,NA,
run_008,removal,removal_1772962187,remove-irs3-member1-1772962188,remove-irs3-member1-1772962188,18,reshare_started,reshare_completed,2026-03-08T09:29:56.603838Z,2026-03-08T09:30:18.099853934Z,/var/lib/docker/volumes,fabric_orderer.kit.edu,orderer,131839887,131883556,43669
run_008,removal,removal_1772962187,remove-irs3-member1-1772962188,remove-irs3-member1-1772962188,18,reshare_started,reshare_completed,2026-03-08T09:29:56.603838Z,2026-03-08T09:30:18.099853934Z,/var/lib/docker/volumes,fabric_peer0.irs1.kit.edu,other,5006,5006,0
run_008,removal,removal_1772962187,remove-irs3-member1-1772962188,remove-irs3-member1-1772962188,18,reshare_started,reshare_completed,2026-03-08T09:29:56.603838Z,2026-03-08T09:30:18.099853934Z,/var/lib/docker/volumes,fabric_peer0.irs3.kit.edu,peer,30740163,30793549,53386
run_008,removal,removal_1772962187,remove-irs3-member1-1772962188,remove-irs3-member1-1772962188,18,reshare_started,reshare_completed,2026-03-08T09:29:56.603838Z,2026-03-08T09:30:18.099853934Z,/var/lib/docker/volumes,fabric_peer1.irs3.kit.edu,other,30738738,30792124,53386
run_008,removal,removal_1772962187,remove-irs3-member1-1772962188,remove-irs3-member1-1772962188,18,reshare_started,reshare_completed,2026-03-08T09:29:56.603838Z,2026-03-08T09:30:18.099853934Z,/var/lib/docker/volumes,fabric_peer2.irs3.kit.edu,other,30738735,30792121,53386
run_008,removal,removal_1772962187,remove-irs3-member1-1772962188,remove-irs3-member1-1772962188,18,reshare_started,reshare_completed,2026-03-08T09:29:56.603838Z,2026-03-08T09:30:18.099853934Z,/var/lib/docker/volumes,fabric_peer3.irs3.kit.edu,other,30740160,30793546,53386
run_008,removal,removal_1772962187,remove-irs3-member1-1772962188,remove-irs3-member1-1772962188,18,reshare_completed,operation_end,2026-03-08T09:30:18.099853934Z,2026-03-08T09:30:19.056918Z,/var/lib/docker/volumes,002a2c976d26a3f9c7eff06e2f9efe095908dd0ee21b2715cc202589b435aec2,other,NA,NA,
run_008,removal,removal_1772962187,remove-irs3-member1-1772962188,remove-irs3-member1-1772962188,18,reshare_completed,operation_end,2026-03-08T09:30:18.099853934Z,2026-03-08T09:30:19.056918Z,/var/lib/docker/volumes,35a02607c21ea95db05e7150f71e6e704f4d6479a4a76375ed8ec3cbfc5ec094,other,NA,NA,
run_008,removal,removal_1772962187,remove-irs3-member1-1772962188,remove-irs3-member1-1772962188,18,reshare_completed,operation_end,2026-03-08T09:30:18.099853934Z,2026-03-08T09:30:19.056918Z,/var/lib/docker/volumes,791e62bfc17bf044236c3dcb5d77ec82610b27aa4d5f3c78aff2e2842f98f9ee,other,NA,NA,
run_008,removal,removal_1772962187,remove-irs3-member1-1772962188,remove-irs3-member1-1772962188,18,reshare_completed,operation_end,2026-03-08T09:30:18.099853934Z,2026-03-08T09:30:19.056918Z,/var/lib/docker/volumes,91dbb4452b1c3709e842113c225d65a63eab07cdac1110f244a9dfbdddb57dbf,other,NA,NA,
run_008,removal,removal_1772962187,remove-irs3-member1-1772962188,remove-irs3-member1-1772962188,18,reshare_completed,operation_end,2026-03-08T09:30:18.099853934Z,2026-03-08T09:30:19.056918Z,/var/lib/docker/volumes,99ac8c723665556c954d288ca00335f1fae5493d384cb656ecf5a945cc9ae3b8,other,NA,NA,
run_008,removal,removal_1772962187,remove-irs3-member1-1772962188,remove-irs3-member1-1772962188,18,reshare_completed,operation_end,2026-03-08T09:30:18.099853934Z,2026-03-08T09:30:19.056918Z,/var/lib/docker/volumes,ab96d922f06ec7a94f1b5200e75e480c9ed7eba86fbbe33b5cb9edbe031c6ea8,other,49770,49770,0
run_008,removal,removal_1772962187,remove-irs3-member1-1772962188,remove-irs3-member1-1772962188,18,reshare_completed,operation_end,2026-03-08T09:30:18.099853934Z,2026-03-08T09:30:19.056918Z,/var/lib/docker/volumes,b8143ef8453ad18871b4b4e0ba6041764a2cda76bc6f516fa468de5fd6585e72,other,49770,49770,0
run_008,removal,removal_1772962187,remove-irs3-member1-1772962188,remove-irs3-member1-1772962188,18,reshare_completed,operation_end,2026-03-08T09:30:18.099853934Z,2026-03-08T09:30:19.056918Z,/var/lib/docker/volumes,ce313f18292c11d1170b9839e1af2e5976d1858048740f79d790d8aed673a5a4,other,NA,NA,
run_008,removal,removal_1772962187,remove-irs3-member1-1772962188,remove-irs3-member1-1772962188,18,reshare_completed,operation_end,2026-03-08T09:30:18.099853934Z,2026-03-08T09:30:19.056918Z,/var/lib/docker/volumes,d9b7785a06954372515977133a1213437b80c5db1517196ca5e26134d3413ccf,other,NA,NA,
run_008,removal,removal_1772962187,remove-irs3-member1-1772962188,remove-irs3-member1-1772962188,18,reshare_completed,operation_end,2026-03-08T09:30:18.099853934Z,2026-03-08T09:30:19.056918Z,/var/lib/docker/volumes,e0eec01c85bd157680e466dd14073f2a433b51342ff770c3a292c984a51f226b,other,NA,NA,
run_008,removal,removal_1772962187,remove-irs3-member1-1772962188,remove-irs3-member1-1772962188,18,reshare_completed,operation_end,2026-03-08T09:30:18.099853934Z,2026-03-08T09:30:19.056918Z,/var/lib/docker/volumes,fabric_orderer.kit.edu,orderer,131883556,131883556,0
run_008,removal,removal_1772962187,remove-irs3-member1-1772962188,remove-irs3-member1-1772962188,18,reshare_completed,operation_end,2026-03-08T09:30:18.099853934Z,2026-03-08T09:30:19.056918Z,/var/lib/docker/volumes,fabric_peer0.irs1.kit.edu,other,5006,5006,0
run_008,removal,removal_1772962187,remove-irs3-member1-1772962188,remove-irs3-member1-1772962188,18,reshare_completed,operation_end,2026-03-08T09:30:18.099853934Z,2026-03-08T09:30:19.056918Z,/var/lib/docker/volumes,fabric_peer0.irs3.kit.edu,peer,30793549,30793549,0
run_008,removal,removal_1772962187,remove-irs3-member1-1772962188,remove-irs3-member1-1772962188,18,reshare_completed,operation_end,2026-03-08T09:30:18.099853934Z,2026-03-08T09:30:19.056918Z,/var/lib/docker/volumes,fabric_peer1.irs3.kit.edu,other,30792124,30792124,0
run_008,removal,removal_1772962187,remove-irs3-member1-1772962188,remove-irs3-member1-1772962188,18,reshare_completed,operation_end,2026-03-08T09:30:18.099853934Z,2026-03-08T09:30:19.056918Z,/var/lib/docker/volumes,fabric_peer2.irs3.kit.edu,other,30792121,30792121,0
run_008,removal,removal_1772962187,remove-irs3-member1-1772962188,remove-irs3-member1-1772962188,18,reshare_completed,operation_end,2026-03-08T09:30:18.099853934Z,2026-03-08T09:30:19.056918Z,/var/lib/docker/volumes,fabric_peer3.irs3.kit.edu,other,30793546,30793546,0
run_008,join,join_1772962237,join-irs3-1772962237,join-irs3-1772962237,19,operation_start,join_submit_done,2026-03-08T09:30:37.389851Z,2026-03-08T09:30:39.766619Z,/var/lib/docker/volumes,002a2c976d26a3f9c7eff06e2f9efe095908dd0ee21b2715cc202589b435aec2,other,NA,NA,
run_008,join,join_1772962237,join-irs3-1772962237,join-irs3-1772962237,19,operation_start,join_submit_done,2026-03-08T09:30:37.389851Z,2026-03-08T09:30:39.766619Z,/var/lib/docker/volumes,35a02607c21ea95db05e7150f71e6e704f4d6479a4a76375ed8ec3cbfc5ec094,other,NA,NA,
run_008,join,join_1772962237,join-irs3-1772962237,join-irs3-1772962237,19,operation_start,join_submit_done,2026-03-08T09:30:37.389851Z,2026-03-08T09:30:39.766619Z,/var/lib/docker/volumes,791e62bfc17bf044236c3dcb5d77ec82610b27aa4d5f3c78aff2e2842f98f9ee,other,NA,NA,
run_008,join,join_1772962237,join-irs3-1772962237,join-irs3-1772962237,19,operation_start,join_submit_done,2026-03-08T09:30:37.389851Z,2026-03-08T09:30:39.766619Z,/var/lib/docker/volumes,91dbb4452b1c3709e842113c225d65a63eab07cdac1110f244a9dfbdddb57dbf,other,NA,NA,
run_008,join,join_1772962237,join-irs3-1772962237,join-irs3-1772962237,19,operation_start,join_submit_done,2026-03-08T09:30:37.389851Z,2026-03-08T09:30:39.766619Z,/var/lib/docker/volumes,99ac8c723665556c954d288ca00335f1fae5493d384cb656ecf5a945cc9ae3b8,other,NA,NA,
run_008,join,join_1772962237,join-irs3-1772962237,join-irs3-1772962237,19,operation_start,join_submit_done,2026-03-08T09:30:37.389851Z,2026-03-08T09:30:39.766619Z,/var/lib/docker/volumes,ab96d922f06ec7a94f1b5200e75e480c9ed7eba86fbbe33b5cb9edbe031c6ea8,other,49770,49770,0
run_008,join,join_1772962237,join-irs3-1772962237,join-irs3-1772962237,19,operation_start,join_submit_done,2026-03-08T09:30:37.389851Z,2026-03-08T09:30:39.766619Z,/var/lib/docker/volumes,b8143ef8453ad18871b4b4e0ba6041764a2cda76bc6f516fa468de5fd6585e72,other,49770,49770,0
run_008,join,join_1772962237,join-irs3-1772962237,join-irs3-1772962237,19,operation_start,join_submit_done,2026-03-08T09:30:37.389851Z,2026-03-08T09:30:39.766619Z,/var/lib/docker/volumes,ce313f18292c11d1170b9839e1af2e5976d1858048740f79d790d8aed673a5a4,other,NA,NA,
run_008,join,join_1772962237,join-irs3-1772962237,join-irs3-1772962237,19,operation_start,join_submit_done,2026-03-08T09:30:37.389851Z,2026-03-08T09:30:39.766619Z,/var/lib/docker/volumes,d9b7785a06954372515977133a1213437b80c5db1517196ca5e26134d3413ccf,other,NA,NA,
run_008,join,join_1772962237,join-irs3-1772962237,join-irs3-1772962237,19,operation_start,join_submit_done,2026-03-08T09:30:37.389851Z,2026-03-08T09:30:39.766619Z,/var/lib/docker/volumes,e0eec01c85bd157680e466dd14073f2a433b51342ff770c3a292c984a51f226b,other,NA,NA,
run_008,join,join_1772962237,join-irs3-1772962237,join-irs3-1772962237,19,operation_start,join_submit_done,2026-03-08T09:30:37.389851Z,2026-03-08T09:30:39.766619Z,/var/lib/docker/volumes,fabric_orderer.kit.edu,orderer,131883556,131892455,8899
run_008,join,join_1772962237,join-irs3-1772962237,join-irs3-1772962237,19,operation_start,join_submit_done,2026-03-08T09:30:37.389851Z,2026-03-08T09:30:39.766619Z,/var/lib/docker/volumes,fabric_peer0.irs1.kit.edu,other,5006,5006,0
run_008,join,join_1772962237,join-irs3-1772962237,join-irs3-1772962237,19,operation_start,join_submit_done,2026-03-08T09:30:37.389851Z,2026-03-08T09:30:39.766619Z,/var/lib/docker/volumes,fabric_peer0.irs3.kit.edu,peer,30793549,30804343,10794
run_008,join,join_1772962237,join-irs3-1772962237,join-irs3-1772962237,19,operation_start,join_submit_done,2026-03-08T09:30:37.389851Z,2026-03-08T09:30:39.766619Z,/var/lib/docker/volumes,fabric_peer1.irs3.kit.edu,other,30792124,30802918,10794
run_008,join,join_1772962237,join-irs3-1772962237,join-irs3-1772962237,19,operation_start,join_submit_done,2026-03-08T09:30:37.389851Z,2026-03-08T09:30:39.766619Z,/var/lib/docker/volumes,fabric_peer2.irs3.kit.edu,other,30792121,30802915,10794
run_008,join,join_1772962237,join-irs3-1772962237,join-irs3-1772962237,19,operation_start,join_submit_done,2026-03-08T09:30:37.389851Z,2026-03-08T09:30:39.766619Z,/var/lib/docker/volumes,fabric_peer3.irs3.kit.edu,other,30793546,30804340,10794
run_008,join,join_1772962237,join-irs3-1772962237,join-irs3-1772962237,19,join_submit_done,join_voted,2026-03-08T09:30:39.766619Z,2026-03-08T09:30:42.507888839Z,/var/lib/docker/volumes,002a2c976d26a3f9c7eff06e2f9efe095908dd0ee21b2715cc202589b435aec2,other,NA,NA,
run_008,join,join_1772962237,join-irs3-1772962237,join-irs3-1772962237,19,join_submit_done,join_voted,2026-03-08T09:30:39.766619Z,2026-03-08T09:30:42.507888839Z,/var/lib/docker/volumes,35a02607c21ea95db05e7150f71e6e704f4d6479a4a76375ed8ec3cbfc5ec094,other,NA,NA,
run_008,join,join_1772962237,join-irs3-1772962237,join-irs3-1772962237,19,join_submit_done,join_voted,2026-03-08T09:30:39.766619Z,2026-03-08T09:30:42.507888839Z,/var/lib/docker/volumes,791e62bfc17bf044236c3dcb5d77ec82610b27aa4d5f3c78aff2e2842f98f9ee,other,NA,NA,
run_008,join,join_1772962237,join-irs3-1772962237,join-irs3-1772962237,19,join_submit_done,join_voted,2026-03-08T09:30:39.766619Z,2026-03-08T09:30:42.507888839Z,/var/lib/docker/volumes,91dbb4452b1c3709e842113c225d65a63eab07cdac1110f244a9dfbdddb57dbf,other,NA,NA,
run_008,join,join_1772962237,join-irs3-1772962237,join-irs3-1772962237,19,join_submit_done,join_voted,2026-03-08T09:30:39.766619Z,2026-03-08T09:30:42.507888839Z,/var/lib/docker/volumes,99ac8c723665556c954d288ca00335f1fae5493d384cb656ecf5a945cc9ae3b8,other,NA,NA,
run_008,join,join_1772962237,join-irs3-1772962237,join-irs3-1772962237,19,join_submit_done,join_voted,2026-03-08T09:30:39.766619Z,2026-03-08T09:30:42.507888839Z,/var/lib/docker/volumes,ab96d922f06ec7a94f1b5200e75e480c9ed7eba86fbbe33b5cb9edbe031c6ea8,other,49770,49770,0
run_008,join,join_1772962237,join-irs3-1772962237,join-irs3-1772962237,19,join_submit_done,join_voted,2026-03-08T09:30:39.766619Z,2026-03-08T09:30:42.507888839Z,/var/lib/docker/volumes,b8143ef8453ad18871b4b4e0ba6041764a2cda76bc6f516fa468de5fd6585e72,other,49770,49770,0
run_008,join,join_1772962237,join-irs3-1772962237,join-irs3-1772962237,19,join_submit_done,join_voted,2026-03-08T09:30:39.766619Z,2026-03-08T09:30:42.507888839Z,/var/lib/docker/volumes,ce313f18292c11d1170b9839e1af2e5976d1858048740f79d790d8aed673a5a4,other,NA,NA,
run_008,join,join_1772962237,join-irs3-1772962237,join-irs3-1772962237,19,join_submit_done,join_voted,2026-03-08T09:30:39.766619Z,2026-03-08T09:30:42.507888839Z,/var/lib/docker/volumes,d9b7785a06954372515977133a1213437b80c5db1517196ca5e26134d3413ccf,other,NA,NA,
run_008,join,join_1772962237,join-irs3-1772962237,join-irs3-1772962237,19,join_submit_done,join_voted,2026-03-08T09:30:39.766619Z,2026-03-08T09:30:42.507888839Z,/var/lib/docker/volumes,e0eec01c85bd157680e466dd14073f2a433b51342ff770c3a292c984a51f226b,other,NA,NA,
run_008,join,join_1772962237,join-irs3-1772962237,join-irs3-1772962237,19,join_submit_done,join_voted,2026-03-08T09:30:39.766619Z,2026-03-08T09:30:42.507888839Z,/var/lib/docker/volumes,fabric_orderer.kit.edu,orderer,131892455,131909335,16880
run_008,join,join_1772962237,join-irs3-1772962237,join-irs3-1772962237,19,join_submit_done,join_voted,2026-03-08T09:30:39.766619Z,2026-03-08T09:30:42.507888839Z,/var/lib/docker/volumes,fabric_peer0.irs1.kit.edu,other,5006,5006,0
run_008,join,join_1772962237,join-irs3-1772962237,join-irs3-1772962237,19,join_submit_done,join_voted,2026-03-08T09:30:39.766619Z,2026-03-08T09:30:42.507888839Z,/var/lib/docker/volumes,fabric_peer0.irs3.kit.edu,peer,30804343,30824209,19866
run_008,join,join_1772962237,join-irs3-1772962237,join-irs3-1772962237,19,join_submit_done,join_voted,2026-03-08T09:30:39.766619Z,2026-03-08T09:30:42.507888839Z,/var/lib/docker/volumes,fabric_peer1.irs3.kit.edu,other,30802918,30822784,19866
run_008,join,join_1772962237,join-irs3-1772962237,join-irs3-1772962237,19,join_submit_done,join_voted,2026-03-08T09:30:39.766619Z,2026-03-08T09:30:42.507888839Z,/var/lib/docker/volumes,fabric_peer2.irs3.kit.edu,other,30802915,30822781,19866
run_008,join,join_1772962237,join-irs3-1772962237,join-irs3-1772962237,19,join_submit_done,join_voted,2026-03-08T09:30:39.766619Z,2026-03-08T09:30:42.507888839Z,/var/lib/docker/volumes,fabric_peer3.irs3.kit.edu,other,30804340,30824206,19866
run_008,join,join_1772962237,join-irs3-1772962237,join-irs3-1772962237,19,join_voted,join_approved,2026-03-08T09:30:42.507888839Z,2026-03-08T09:30:45.018603611Z,/var/lib/docker/volumes,002a2c976d26a3f9c7eff06e2f9efe095908dd0ee21b2715cc202589b435aec2,other,NA,NA,
run_008,join,join_1772962237,join-irs3-1772962237,join-irs3-1772962237,19,join_voted,join_approved,2026-03-08T09:30:42.507888839Z,2026-03-08T09:30:45.018603611Z,/var/lib/docker/volumes,35a02607c21ea95db05e7150f71e6e704f4d6479a4a76375ed8ec3cbfc5ec094,other,NA,NA,
run_008,join,join_1772962237,join-irs3-1772962237,join-irs3-1772962237,19,join_voted,join_approved,2026-03-08T09:30:42.507888839Z,2026-03-08T09:30:45.018603611Z,/var/lib/docker/volumes,791e62bfc17bf044236c3dcb5d77ec82610b27aa4d5f3c78aff2e2842f98f9ee,other,NA,NA,
run_008,join,join_1772962237,join-irs3-1772962237,join-irs3-1772962237,19,join_voted,join_approved,2026-03-08T09:30:42.507888839Z,2026-03-08T09:30:45.018603611Z,/var/lib/docker/volumes,91dbb4452b1c3709e842113c225d65a63eab07cdac1110f244a9dfbdddb57dbf,other,NA,NA,
run_008,join,join_1772962237,join-irs3-1772962237,join-irs3-1772962237,19,join_voted,join_approved,2026-03-08T09:30:42.507888839Z,2026-03-08T09:30:45.018603611Z,/var/lib/docker/volumes,99ac8c723665556c954d288ca00335f1fae5493d384cb656ecf5a945cc9ae3b8,other,NA,NA,
run_008,join,join_1772962237,join-irs3-1772962237,join-irs3-1772962237,19,join_voted,join_approved,2026-03-08T09:30:42.507888839Z,2026-03-08T09:30:45.018603611Z,/var/lib/docker/volumes,ab96d922f06ec7a94f1b5200e75e480c9ed7eba86fbbe33b5cb9edbe031c6ea8,other,49770,49770,0
run_008,join,join_1772962237,join-irs3-1772962237,join-irs3-1772962237,19,join_voted,join_approved,2026-03-08T09:30:42.507888839Z,2026-03-08T09:30:45.018603611Z,/var/lib/docker/volumes,b8143ef8453ad18871b4b4e0ba6041764a2cda76bc6f516fa468de5fd6585e72,other,49770,49770,0
run_008,join,join_1772962237,join-irs3-1772962237,join-irs3-1772962237,19,join_voted,join_approved,2026-03-08T09:30:42.507888839Z,2026-03-08T09:30:45.018603611Z,/var/lib/docker/volumes,ce313f18292c11d1170b9839e1af2e5976d1858048740f79d790d8aed673a5a4,other,NA,NA,
run_008,join,join_1772962237,join-irs3-1772962237,join-irs3-1772962237,19,join_voted,join_approved,2026-03-08T09:30:42.507888839Z,2026-03-08T09:30:45.018603611Z,/var/lib/docker/volumes,d9b7785a06954372515977133a1213437b80c5db1517196ca5e26134d3413ccf,other,NA,NA,
run_008,join,join_1772962237,join-irs3-1772962237,join-irs3-1772962237,19,join_voted,join_approved,2026-03-08T09:30:42.507888839Z,2026-03-08T09:30:45.018603611Z,/var/lib/docker/volumes,e0eec01c85bd157680e466dd14073f2a433b51342ff770c3a292c984a51f226b,other,NA,NA,
run_008,join,join_1772962237,join-irs3-1772962237,join-irs3-1772962237,19,join_voted,join_approved,2026-03-08T09:30:42.507888839Z,2026-03-08T09:30:45.018603611Z,/var/lib/docker/volumes,fabric_orderer.kit.edu,orderer,131909335,131920703,11368
run_008,join,join_1772962237,join-irs3-1772962237,join-irs3-1772962237,19,join_voted,join_approved,2026-03-08T09:30:42.507888839Z,2026-03-08T09:30:45.018603611Z,/var/lib/docker/volumes,fabric_peer0.irs1.kit.edu,other,5006,5006,0
run_008,join,join_1772962237,join-irs3-1772962237,join-irs3-1772962237,19,join_voted,join_approved,2026-03-08T09:30:42.507888839Z,2026-03-08T09:30:45.018603611Z,/var/lib/docker/volumes,fabric_peer0.irs3.kit.edu,peer,30824209,30841167,16958
run_008,join,join_1772962237,join-irs3-1772962237,join-irs3-1772962237,19,join_voted,join_approved,2026-03-08T09:30:42.507888839Z,2026-03-08T09:30:45.018603611Z,/var/lib/docker/volumes,fabric_peer1.irs3.kit.edu,other,30822784,30839742,16958
run_008,join,join_1772962237,join-irs3-1772962237,join-irs3-1772962237,19,join_voted,join_approved,2026-03-08T09:30:42.507888839Z,2026-03-08T09:30:45.018603611Z,/var/lib/docker/volumes,fabric_peer2.irs3.kit.edu,other,30822781,30839739,16958
run_008,join,join_1772962237,join-irs3-1772962237,join-irs3-1772962237,19,join_voted,join_approved,2026-03-08T09:30:42.507888839Z,2026-03-08T09:30:45.018603611Z,/var/lib/docker/volumes,fabric_peer3.irs3.kit.edu,other,30824206,30841164,16958
run_008,join,join_1772962237,join-irs3-1772962237,join-irs3-1772962237,19,join_approved,reshare_started,2026-03-08T09:30:45.018603611Z,2026-03-08T09:30:46.159649Z,/var/lib/docker/volumes,002a2c976d26a3f9c7eff06e2f9efe095908dd0ee21b2715cc202589b435aec2,other,NA,NA,
run_008,join,join_1772962237,join-irs3-1772962237,join-irs3-1772962237,19,join_approved,reshare_started,2026-03-08T09:30:45.018603611Z,2026-03-08T09:30:46.159649Z,/var/lib/docker/volumes,35a02607c21ea95db05e7150f71e6e704f4d6479a4a76375ed8ec3cbfc5ec094,other,NA,NA,
run_008,join,join_1772962237,join-irs3-1772962237,join-irs3-1772962237,19,join_approved,reshare_started,2026-03-08T09:30:45.018603611Z,2026-03-08T09:30:46.159649Z,/var/lib/docker/volumes,791e62bfc17bf044236c3dcb5d77ec82610b27aa4d5f3c78aff2e2842f98f9ee,other,NA,NA,
run_008,join,join_1772962237,join-irs3-1772962237,join-irs3-1772962237,19,join_approved,reshare_started,2026-03-08T09:30:45.018603611Z,2026-03-08T09:30:46.159649Z,/var/lib/docker/volumes,91dbb4452b1c3709e842113c225d65a63eab07cdac1110f244a9dfbdddb57dbf,other,NA,NA,
run_008,join,join_1772962237,join-irs3-1772962237,join-irs3-1772962237,19,join_approved,reshare_started,2026-03-08T09:30:45.018603611Z,2026-03-08T09:30:46.159649Z,/var/lib/docker/volumes,99ac8c723665556c954d288ca00335f1fae5493d384cb656ecf5a945cc9ae3b8,other,NA,NA,
run_008,join,join_1772962237,join-irs3-1772962237,join-irs3-1772962237,19,join_approved,reshare_started,2026-03-08T09:30:45.018603611Z,2026-03-08T09:30:46.159649Z,/var/lib/docker/volumes,ab96d922f06ec7a94f1b5200e75e480c9ed7eba86fbbe33b5cb9edbe031c6ea8,other,49770,49770,0
run_008,join,join_1772962237,join-irs3-1772962237,join-irs3-1772962237,19,join_approved,reshare_started,2026-03-08T09:30:45.018603611Z,2026-03-08T09:30:46.159649Z,/var/lib/docker/volumes,b8143ef8453ad18871b4b4e0ba6041764a2cda76bc6f516fa468de5fd6585e72,other,49770,49770,0
run_008,join,join_1772962237,join-irs3-1772962237,join-irs3-1772962237,19,join_approved,reshare_started,2026-03-08T09:30:45.018603611Z,2026-03-08T09:30:46.159649Z,/var/lib/docker/volumes,ce313f18292c11d1170b9839e1af2e5976d1858048740f79d790d8aed673a5a4,other,NA,NA,
run_008,join,join_1772962237,join-irs3-1772962237,join-irs3-1772962237,19,join_approved,reshare_started,2026-03-08T09:30:45.018603611Z,2026-03-08T09:30:46.159649Z,/var/lib/docker/volumes,d9b7785a06954372515977133a1213437b80c5db1517196ca5e26134d3413ccf,other,NA,NA,
run_008,join,join_1772962237,join-irs3-1772962237,join-irs3-1772962237,19,join_approved,reshare_started,2026-03-08T09:30:45.018603611Z,2026-03-08T09:30:46.159649Z,/var/lib/docker/volumes,e0eec01c85bd157680e466dd14073f2a433b51342ff770c3a292c984a51f226b,other,NA,NA,
run_008,join,join_1772962237,join-irs3-1772962237,join-irs3-1772962237,19,join_approved,reshare_started,2026-03-08T09:30:45.018603611Z,2026-03-08T09:30:46.159649Z,/var/lib/docker/volumes,fabric_orderer.kit.edu,orderer,131920703,131920703,0
run_008,join,join_1772962237,join-irs3-1772962237,join-irs3-1772962237,19,join_approved,reshare_started,2026-03-08T09:30:45.018603611Z,2026-03-08T09:30:46.159649Z,/var/lib/docker/volumes,fabric_peer0.irs1.kit.edu,other,5006,5006,0
run_008,join,join_1772962237,join-irs3-1772962237,join-irs3-1772962237,19,join_approved,reshare_started,2026-03-08T09:30:45.018603611Z,2026-03-08T09:30:46.159649Z,/var/lib/docker/volumes,fabric_peer0.irs3.kit.edu,peer,30841167,30841167,0
run_008,join,join_1772962237,join-irs3-1772962237,join-irs3-1772962237,19,join_approved,reshare_started,2026-03-08T09:30:45.018603611Z,2026-03-08T09:30:46.159649Z,/var/lib/docker/volumes,fabric_peer1.irs3.kit.edu,other,30839742,30839742,0
run_008,join,join_1772962237,join-irs3-1772962237,join-irs3-1772962237,19,join_approved,reshare_started,2026-03-08T09:30:45.018603611Z,2026-03-08T09:30:46.159649Z,/var/lib/docker/volumes,fabric_peer2.irs3.kit.edu,other,30839739,30839739,0
run_008,join,join_1772962237,join-irs3-1772962237,join-irs3-1772962237,19,join_approved,reshare_started,2026-03-08T09:30:45.018603611Z,2026-03-08T09:30:46.159649Z,/var/lib/docker/volumes,fabric_peer3.irs3.kit.edu,other,30841164,30841164,0
run_008,join,join_1772962237,join-irs3-1772962237,join-irs3-1772962237,19,reshare_started,reshare_completed,2026-03-08T09:30:46.159649Z,2026-03-08T09:31:09.635882021Z,/var/lib/docker/volumes,002a2c976d26a3f9c7eff06e2f9efe095908dd0ee21b2715cc202589b435aec2,other,NA,NA,
run_008,join,join_1772962237,join-irs3-1772962237,join-irs3-1772962237,19,reshare_started,reshare_completed,2026-03-08T09:30:46.159649Z,2026-03-08T09:31:09.635882021Z,/var/lib/docker/volumes,35a02607c21ea95db05e7150f71e6e704f4d6479a4a76375ed8ec3cbfc5ec094,other,NA,NA,
run_008,join,join_1772962237,join-irs3-1772962237,join-irs3-1772962237,19,reshare_started,reshare_completed,2026-03-08T09:30:46.159649Z,2026-03-08T09:31:09.635882021Z,/var/lib/docker/volumes,791e62bfc17bf044236c3dcb5d77ec82610b27aa4d5f3c78aff2e2842f98f9ee,other,NA,NA,
run_008,join,join_1772962237,join-irs3-1772962237,join-irs3-1772962237,19,reshare_started,reshare_completed,2026-03-08T09:30:46.159649Z,2026-03-08T09:31:09.635882021Z,/var/lib/docker/volumes,91dbb4452b1c3709e842113c225d65a63eab07cdac1110f244a9dfbdddb57dbf,other,NA,NA,
run_008,join,join_1772962237,join-irs3-1772962237,join-irs3-1772962237,19,reshare_started,reshare_completed,2026-03-08T09:30:46.159649Z,2026-03-08T09:31:09.635882021Z,/var/lib/docker/volumes,99ac8c723665556c954d288ca00335f1fae5493d384cb656ecf5a945cc9ae3b8,other,NA,NA,
run_008,join,join_1772962237,join-irs3-1772962237,join-irs3-1772962237,19,reshare_started,reshare_completed,2026-03-08T09:30:46.159649Z,2026-03-08T09:31:09.635882021Z,/var/lib/docker/volumes,ab96d922f06ec7a94f1b5200e75e480c9ed7eba86fbbe33b5cb9edbe031c6ea8,other,49770,49770,0
run_008,join,join_1772962237,join-irs3-1772962237,join-irs3-1772962237,19,reshare_started,reshare_completed,2026-03-08T09:30:46.159649Z,2026-03-08T09:31:09.635882021Z,/var/lib/docker/volumes,b8143ef8453ad18871b4b4e0ba6041764a2cda76bc6f516fa468de5fd6585e72,other,49770,49770,0
run_008,join,join_1772962237,join-irs3-1772962237,join-irs3-1772962237,19,reshare_started,reshare_completed,2026-03-08T09:30:46.159649Z,2026-03-08T09:31:09.635882021Z,/var/lib/docker/volumes,ce313f18292c11d1170b9839e1af2e5976d1858048740f79d790d8aed673a5a4,other,NA,NA,
run_008,join,join_1772962237,join-irs3-1772962237,join-irs3-1772962237,19,reshare_started,reshare_completed,2026-03-08T09:30:46.159649Z,2026-03-08T09:31:09.635882021Z,/var/lib/docker/volumes,d9b7785a06954372515977133a1213437b80c5db1517196ca5e26134d3413ccf,other,NA,NA,
run_008,join,join_1772962237,join-irs3-1772962237,join-irs3-1772962237,19,reshare_started,reshare_completed,2026-03-08T09:30:46.159649Z,2026-03-08T09:31:09.635882021Z,/var/lib/docker/volumes,e0eec01c85bd157680e466dd14073f2a433b51342ff770c3a292c984a51f226b,other,NA,NA,
run_008,join,join_1772962237,join-irs3-1772962237,join-irs3-1772962237,19,reshare_started,reshare_completed,2026-03-08T09:30:46.159649Z,2026-03-08T09:31:09.635882021Z,/var/lib/docker/volumes,fabric_orderer.kit.edu,orderer,131920703,131960932,40229
run_008,join,join_1772962237,join-irs3-1772962237,join-irs3-1772962237,19,reshare_started,reshare_completed,2026-03-08T09:30:46.159649Z,2026-03-08T09:31:09.635882021Z,/var/lib/docker/volumes,fabric_peer0.irs1.kit.edu,other,5006,5006,0
run_008,join,join_1772962237,join-irs3-1772962237,join-irs3-1772962237,19,reshare_started,reshare_completed,2026-03-08T09:30:46.159649Z,2026-03-08T09:31:09.635882021Z,/var/lib/docker/volumes,fabric_peer0.irs3.kit.edu,peer,30841167,30888286,47119
run_008,join,join_1772962237,join-irs3-1772962237,join-irs3-1772962237,19,reshare_started,reshare_completed,2026-03-08T09:30:46.159649Z,2026-03-08T09:31:09.635882021Z,/var/lib/docker/volumes,fabric_peer1.irs3.kit.edu,other,30839742,30886861,47119
run_008,join,join_1772962237,join-irs3-1772962237,join-irs3-1772962237,19,reshare_started,reshare_completed,2026-03-08T09:30:46.159649Z,2026-03-08T09:31:09.635882021Z,/var/lib/docker/volumes,fabric_peer2.irs3.kit.edu,other,30839739,30886858,47119
run_008,join,join_1772962237,join-irs3-1772962237,join-irs3-1772962237,19,reshare_started,reshare_completed,2026-03-08T09:30:46.159649Z,2026-03-08T09:31:09.635882021Z,/var/lib/docker/volumes,fabric_peer3.irs3.kit.edu,other,30841164,30888283,47119
run_008,join,join_1772962237,join-irs3-1772962237,join-irs3-1772962237,19,reshare_completed,operation_end,2026-03-08T09:31:09.635882021Z,2026-03-08T09:31:16.677786Z,/var/lib/docker/volumes,002a2c976d26a3f9c7eff06e2f9efe095908dd0ee21b2715cc202589b435aec2,other,NA,NA,
run_008,join,join_1772962237,join-irs3-1772962237,join-irs3-1772962237,19,reshare_completed,operation_end,2026-03-08T09:31:09.635882021Z,2026-03-08T09:31:16.677786Z,/var/lib/docker/volumes,35a02607c21ea95db05e7150f71e6e704f4d6479a4a76375ed8ec3cbfc5ec094,other,NA,NA,
run_008,join,join_1772962237,join-irs3-1772962237,join-irs3-1772962237,19,reshare_completed,operation_end,2026-03-08T09:31:09.635882021Z,2026-03-08T09:31:16.677786Z,/var/lib/docker/volumes,791e62bfc17bf044236c3dcb5d77ec82610b27aa4d5f3c78aff2e2842f98f9ee,other,NA,NA,
run_008,join,join_1772962237,join-irs3-1772962237,join-irs3-1772962237,19,reshare_completed,operation_end,2026-03-08T09:31:09.635882021Z,2026-03-08T09:31:16.677786Z,/var/lib/docker/volumes,91dbb4452b1c3709e842113c225d65a63eab07cdac1110f244a9dfbdddb57dbf,other,NA,NA,
run_008,join,join_1772962237,join-irs3-1772962237,join-irs3-1772962237,19,reshare_completed,operation_end,2026-03-08T09:31:09.635882021Z,2026-03-08T09:31:16.677786Z,/var/lib/docker/volumes,99ac8c723665556c954d288ca00335f1fae5493d384cb656ecf5a945cc9ae3b8,other,NA,NA,
run_008,join,join_1772962237,join-irs3-1772962237,join-irs3-1772962237,19,reshare_completed,operation_end,2026-03-08T09:31:09.635882021Z,2026-03-08T09:31:16.677786Z,/var/lib/docker/volumes,ab96d922f06ec7a94f1b5200e75e480c9ed7eba86fbbe33b5cb9edbe031c6ea8,other,49770,49770,0
run_008,join,join_1772962237,join-irs3-1772962237,join-irs3-1772962237,19,reshare_completed,operation_end,2026-03-08T09:31:09.635882021Z,2026-03-08T09:31:16.677786Z,/var/lib/docker/volumes,b8143ef8453ad18871b4b4e0ba6041764a2cda76bc6f516fa468de5fd6585e72,other,49770,49770,0
run_008,join,join_1772962237,join-irs3-1772962237,join-irs3-1772962237,19,reshare_completed,operation_end,2026-03-08T09:31:09.635882021Z,2026-03-08T09:31:16.677786Z,/var/lib/docker/volumes,ce313f18292c11d1170b9839e1af2e5976d1858048740f79d790d8aed673a5a4,other,NA,NA,
run_008,join,join_1772962237,join-irs3-1772962237,join-irs3-1772962237,19,reshare_completed,operation_end,2026-03-08T09:31:09.635882021Z,2026-03-08T09:31:16.677786Z,/var/lib/docker/volumes,d9b7785a06954372515977133a1213437b80c5db1517196ca5e26134d3413ccf,other,NA,NA,
run_008,join,join_1772962237,join-irs3-1772962237,join-irs3-1772962237,19,reshare_completed,operation_end,2026-03-08T09:31:09.635882021Z,2026-03-08T09:31:16.677786Z,/var/lib/docker/volumes,e0eec01c85bd157680e466dd14073f2a433b51342ff770c3a292c984a51f226b,other,NA,NA,
run_008,join,join_1772962237,join-irs3-1772962237,join-irs3-1772962237,19,reshare_completed,operation_end,2026-03-08T09:31:09.635882021Z,2026-03-08T09:31:16.677786Z,/var/lib/docker/volumes,fabric_orderer.kit.edu,orderer,131960932,132039951,79019
run_008,join,join_1772962237,join-irs3-1772962237,join-irs3-1772962237,19,reshare_completed,operation_end,2026-03-08T09:31:09.635882021Z,2026-03-08T09:31:16.677786Z,/var/lib/docker/volumes,fabric_peer0.irs1.kit.edu,other,5006,5006,0
run_008,join,join_1772962237,join-irs3-1772962237,join-irs3-1772962237,19,reshare_completed,operation_end,2026-03-08T09:31:09.635882021Z,2026-03-08T09:31:16.677786Z,/var/lib/docker/volumes,fabric_peer0.irs3.kit.edu,peer,30888286,30977825,89539
run_008,join,join_1772962237,join-irs3-1772962237,join-irs3-1772962237,19,reshare_completed,operation_end,2026-03-08T09:31:09.635882021Z,2026-03-08T09:31:16.677786Z,/var/lib/docker/volumes,fabric_peer1.irs3.kit.edu,other,30886861,30976400,89539
run_008,join,join_1772962237,join-irs3-1772962237,join-irs3-1772962237,19,reshare_completed,operation_end,2026-03-08T09:31:09.635882021Z,2026-03-08T09:31:16.677786Z,/var/lib/docker/volumes,fabric_peer2.irs3.kit.edu,other,30886858,30976397,89539
run_008,join,join_1772962237,join-irs3-1772962237,join-irs3-1772962237,19,reshare_completed,operation_end,2026-03-08T09:31:09.635882021Z,2026-03-08T09:31:16.677786Z,/var/lib/docker/volumes,fabric_peer3.irs3.kit.edu,other,30888283,30977822,89539
run_009,csr,csr_1772962283,csr-irs3-1772962283,csr-irs3-1772962283,,operation_start,csr_submit_done,2026-03-08T09:31:23.665320Z,2026-03-08T09:31:26.009480Z,/var/lib/docker/volumes,002a2c976d26a3f9c7eff06e2f9efe095908dd0ee21b2715cc202589b435aec2,other,NA,NA,
run_009,csr,csr_1772962283,csr-irs3-1772962283,csr-irs3-1772962283,,operation_start,csr_submit_done,2026-03-08T09:31:23.665320Z,2026-03-08T09:31:26.009480Z,/var/lib/docker/volumes,35a02607c21ea95db05e7150f71e6e704f4d6479a4a76375ed8ec3cbfc5ec094,other,NA,NA,
run_009,csr,csr_1772962283,csr-irs3-1772962283,csr-irs3-1772962283,,operation_start,csr_submit_done,2026-03-08T09:31:23.665320Z,2026-03-08T09:31:26.009480Z,/var/lib/docker/volumes,791e62bfc17bf044236c3dcb5d77ec82610b27aa4d5f3c78aff2e2842f98f9ee,other,NA,NA,
run_009,csr,csr_1772962283,csr-irs3-1772962283,csr-irs3-1772962283,,operation_start,csr_submit_done,2026-03-08T09:31:23.665320Z,2026-03-08T09:31:26.009480Z,/var/lib/docker/volumes,91dbb4452b1c3709e842113c225d65a63eab07cdac1110f244a9dfbdddb57dbf,other,NA,NA,
run_009,csr,csr_1772962283,csr-irs3-1772962283,csr-irs3-1772962283,,operation_start,csr_submit_done,2026-03-08T09:31:23.665320Z,2026-03-08T09:31:26.009480Z,/var/lib/docker/volumes,99ac8c723665556c954d288ca00335f1fae5493d384cb656ecf5a945cc9ae3b8,other,NA,NA,
run_009,csr,csr_1772962283,csr-irs3-1772962283,csr-irs3-1772962283,,operation_start,csr_submit_done,2026-03-08T09:31:23.665320Z,2026-03-08T09:31:26.009480Z,/var/lib/docker/volumes,ab96d922f06ec7a94f1b5200e75e480c9ed7eba86fbbe33b5cb9edbe031c6ea8,other,49770,49770,0
run_009,csr,csr_1772962283,csr-irs3-1772962283,csr-irs3-1772962283,,operation_start,csr_submit_done,2026-03-08T09:31:23.665320Z,2026-03-08T09:31:26.009480Z,/var/lib/docker/volumes,b8143ef8453ad18871b4b4e0ba6041764a2cda76bc6f516fa468de5fd6585e72,other,49770,49770,0
run_009,csr,csr_1772962283,csr-irs3-1772962283,csr-irs3-1772962283,,operation_start,csr_submit_done,2026-03-08T09:31:23.665320Z,2026-03-08T09:31:26.009480Z,/var/lib/docker/volumes,ce313f18292c11d1170b9839e1af2e5976d1858048740f79d790d8aed673a5a4,other,NA,NA,
run_009,csr,csr_1772962283,csr-irs3-1772962283,csr-irs3-1772962283,,operation_start,csr_submit_done,2026-03-08T09:31:23.665320Z,2026-03-08T09:31:26.009480Z,/var/lib/docker/volumes,d9b7785a06954372515977133a1213437b80c5db1517196ca5e26134d3413ccf,other,NA,NA,
run_009,csr,csr_1772962283,csr-irs3-1772962283,csr-irs3-1772962283,,operation_start,csr_submit_done,2026-03-08T09:31:23.665320Z,2026-03-08T09:31:26.009480Z,/var/lib/docker/volumes,e0eec01c85bd157680e466dd14073f2a433b51342ff770c3a292c984a51f226b,other,NA,NA,
run_009,csr,csr_1772962283,csr-irs3-1772962283,csr-irs3-1772962283,,operation_start,csr_submit_done,2026-03-08T09:31:23.665320Z,2026-03-08T09:31:26.009480Z,/var/lib/docker/volumes,fabric_orderer.kit.edu,orderer,132039951,132048504,8553
run_009,csr,csr_1772962283,csr-irs3-1772962283,csr-irs3-1772962283,,operation_start,csr_submit_done,2026-03-08T09:31:23.665320Z,2026-03-08T09:31:26.009480Z,/var/lib/docker/volumes,fabric_peer0.irs1.kit.edu,other,5006,5006,0
run_009,csr,csr_1772962283,csr-irs3-1772962283,csr-irs3-1772962283,,operation_start,csr_submit_done,2026-03-08T09:31:23.665320Z,2026-03-08T09:31:26.009480Z,/var/lib/docker/volumes,fabric_peer0.irs3.kit.edu,peer,30977825,30988524,10699
run_009,csr,csr_1772962283,csr-irs3-1772962283,csr-irs3-1772962283,,operation_start,csr_submit_done,2026-03-08T09:31:23.665320Z,2026-03-08T09:31:26.009480Z,/var/lib/docker/volumes,fabric_peer1.irs3.kit.edu,other,30976400,30987099,10699
run_009,csr,csr_1772962283,csr-irs3-1772962283,csr-irs3-1772962283,,operation_start,csr_submit_done,2026-03-08T09:31:23.665320Z,2026-03-08T09:31:26.009480Z,/var/lib/docker/volumes,fabric_peer2.irs3.kit.edu,other,30976397,30987096,10699
run_009,csr,csr_1772962283,csr-irs3-1772962283,csr-irs3-1772962283,,operation_start,csr_submit_done,2026-03-08T09:31:23.665320Z,2026-03-08T09:31:26.009480Z,/var/lib/docker/volumes,fabric_peer3.irs3.kit.edu,other,30977822,30988521,10699
run_009,csr,csr_1772962283,csr-irs3-1772962283,csr-irs3-1772962283,,csr_submit_done,csr_voted,2026-03-08T09:31:26.009480Z,2026-03-08T09:31:29.573253644Z,/var/lib/docker/volumes,002a2c976d26a3f9c7eff06e2f9efe095908dd0ee21b2715cc202589b435aec2,other,NA,NA,
run_009,csr,csr_1772962283,csr-irs3-1772962283,csr-irs3-1772962283,,csr_submit_done,csr_voted,2026-03-08T09:31:26.009480Z,2026-03-08T09:31:29.573253644Z,/var/lib/docker/volumes,35a02607c21ea95db05e7150f71e6e704f4d6479a4a76375ed8ec3cbfc5ec094,other,NA,NA,
run_009,csr,csr_1772962283,csr-irs3-1772962283,csr-irs3-1772962283,,csr_submit_done,csr_voted,2026-03-08T09:31:26.009480Z,2026-03-08T09:31:29.573253644Z,/var/lib/docker/volumes,791e62bfc17bf044236c3dcb5d77ec82610b27aa4d5f3c78aff2e2842f98f9ee,other,NA,NA,
run_009,csr,csr_1772962283,csr-irs3-1772962283,csr-irs3-1772962283,,csr_submit_done,csr_voted,2026-03-08T09:31:26.009480Z,2026-03-08T09:31:29.573253644Z,/var/lib/docker/volumes,91dbb4452b1c3709e842113c225d65a63eab07cdac1110f244a9dfbdddb57dbf,other,NA,NA,
run_009,csr,csr_1772962283,csr-irs3-1772962283,csr-irs3-1772962283,,csr_submit_done,csr_voted,2026-03-08T09:31:26.009480Z,2026-03-08T09:31:29.573253644Z,/var/lib/docker/volumes,99ac8c723665556c954d288ca00335f1fae5493d384cb656ecf5a945cc9ae3b8,other,NA,NA,
run_009,csr,csr_1772962283,csr-irs3-1772962283,csr-irs3-1772962283,,csr_submit_done,csr_voted,2026-03-08T09:31:26.009480Z,2026-03-08T09:31:29.573253644Z,/var/lib/docker/volumes,ab96d922f06ec7a94f1b5200e75e480c9ed7eba86fbbe33b5cb9edbe031c6ea8,other,49770,49770,0
run_009,csr,csr_1772962283,csr-irs3-1772962283,csr-irs3-1772962283,,csr_submit_done,csr_voted,2026-03-08T09:31:26.009480Z,2026-03-08T09:31:29.573253644Z,/var/lib/docker/volumes,b8143ef8453ad18871b4b4e0ba6041764a2cda76bc6f516fa468de5fd6585e72,other,49770,49770,0
run_009,csr,csr_1772962283,csr-irs3-1772962283,csr-irs3-1772962283,,csr_submit_done,csr_voted,2026-03-08T09:31:26.009480Z,2026-03-08T09:31:29.573253644Z,/var/lib/docker/volumes,ce313f18292c11d1170b9839e1af2e5976d1858048740f79d790d8aed673a5a4,other,NA,NA,
run_009,csr,csr_1772962283,csr-irs3-1772962283,csr-irs3-1772962283,,csr_submit_done,csr_voted,2026-03-08T09:31:26.009480Z,2026-03-08T09:31:29.573253644Z,/var/lib/docker/volumes,d9b7785a06954372515977133a1213437b80c5db1517196ca5e26134d3413ccf,other,NA,NA,
run_009,csr,csr_1772962283,csr-irs3-1772962283,csr-irs3-1772962283,,csr_submit_done,csr_voted,2026-03-08T09:31:26.009480Z,2026-03-08T09:31:29.573253644Z,/var/lib/docker/volumes,e0eec01c85bd157680e466dd14073f2a433b51342ff770c3a292c984a51f226b,other,NA,NA,
run_009,csr,csr_1772962283,csr-irs3-1772962283,csr-irs3-1772962283,,csr_submit_done,csr_voted,2026-03-08T09:31:26.009480Z,2026-03-08T09:31:29.573253644Z,/var/lib/docker/volumes,fabric_orderer.kit.edu,orderer,132048504,132072873,24369
run_009,csr,csr_1772962283,csr-irs3-1772962283,csr-irs3-1772962283,,csr_submit_done,csr_voted,2026-03-08T09:31:26.009480Z,2026-03-08T09:31:29.573253644Z,/var/lib/docker/volumes,fabric_peer0.irs1.kit.edu,other,5006,5006,0
run_009,csr,csr_1772962283,csr-irs3-1772962283,csr-irs3-1772962283,,csr_submit_done,csr_voted,2026-03-08T09:31:26.009480Z,2026-03-08T09:31:29.573253644Z,/var/lib/docker/volumes,fabric_peer0.irs3.kit.edu,peer,30988524,31016228,27704
run_009,csr,csr_1772962283,csr-irs3-1772962283,csr-irs3-1772962283,,csr_submit_done,csr_voted,2026-03-08T09:31:26.009480Z,2026-03-08T09:31:29.573253644Z,/var/lib/docker/volumes,fabric_peer1.irs3.kit.edu,other,30987099,31014803,27704
run_009,csr,csr_1772962283,csr-irs3-1772962283,csr-irs3-1772962283,,csr_submit_done,csr_voted,2026-03-08T09:31:26.009480Z,2026-03-08T09:31:29.573253644Z,/var/lib/docker/volumes,fabric_peer2.irs3.kit.edu,other,30987096,31014800,27704
run_009,csr,csr_1772962283,csr-irs3-1772962283,csr-irs3-1772962283,,csr_submit_done,csr_voted,2026-03-08T09:31:26.009480Z,2026-03-08T09:31:29.573253644Z,/var/lib/docker/volumes,fabric_peer3.irs3.kit.edu,other,30988521,31016225,27704
run_009,csr,csr_1772962283,csr-irs3-1772962283,csr-irs3-1772962283,,csr_voted,csr_approved,2026-03-08T09:31:29.573253644Z,2026-03-08T09:31:33.803038135Z,/var/lib/docker/volumes,002a2c976d26a3f9c7eff06e2f9efe095908dd0ee21b2715cc202589b435aec2,other,NA,NA,
run_009,csr,csr_1772962283,csr-irs3-1772962283,csr-irs3-1772962283,,csr_voted,csr_approved,2026-03-08T09:31:29.573253644Z,2026-03-08T09:31:33.803038135Z,/var/lib/docker/volumes,35a02607c21ea95db05e7150f71e6e704f4d6479a4a76375ed8ec3cbfc5ec094,other,NA,NA,
run_009,csr,csr_1772962283,csr-irs3-1772962283,csr-irs3-1772962283,,csr_voted,csr_approved,2026-03-08T09:31:29.573253644Z,2026-03-08T09:31:33.803038135Z,/var/lib/docker/volumes,791e62bfc17bf044236c3dcb5d77ec82610b27aa4d5f3c78aff2e2842f98f9ee,other,NA,NA,
run_009,csr,csr_1772962283,csr-irs3-1772962283,csr-irs3-1772962283,,csr_voted,csr_approved,2026-03-08T09:31:29.573253644Z,2026-03-08T09:31:33.803038135Z,/var/lib/docker/volumes,91dbb4452b1c3709e842113c225d65a63eab07cdac1110f244a9dfbdddb57dbf,other,NA,NA,
run_009,csr,csr_1772962283,csr-irs3-1772962283,csr-irs3-1772962283,,csr_voted,csr_approved,2026-03-08T09:31:29.573253644Z,2026-03-08T09:31:33.803038135Z,/var/lib/docker/volumes,99ac8c723665556c954d288ca00335f1fae5493d384cb656ecf5a945cc9ae3b8,other,NA,NA,
run_009,csr,csr_1772962283,csr-irs3-1772962283,csr-irs3-1772962283,,csr_voted,csr_approved,2026-03-08T09:31:29.573253644Z,2026-03-08T09:31:33.803038135Z,/var/lib/docker/volumes,ab96d922f06ec7a94f1b5200e75e480c9ed7eba86fbbe33b5cb9edbe031c6ea8,other,49770,49770,0
run_009,csr,csr_1772962283,csr-irs3-1772962283,csr-irs3-1772962283,,csr_voted,csr_approved,2026-03-08T09:31:29.573253644Z,2026-03-08T09:31:33.803038135Z,/var/lib/docker/volumes,b8143ef8453ad18871b4b4e0ba6041764a2cda76bc6f516fa468de5fd6585e72,other,49770,49770,0
run_009,csr,csr_1772962283,csr-irs3-1772962283,csr-irs3-1772962283,,csr_voted,csr_approved,2026-03-08T09:31:29.573253644Z,2026-03-08T09:31:33.803038135Z,/var/lib/docker/volumes,ce313f18292c11d1170b9839e1af2e5976d1858048740f79d790d8aed673a5a4,other,NA,NA,
run_009,csr,csr_1772962283,csr-irs3-1772962283,csr-irs3-1772962283,,csr_voted,csr_approved,2026-03-08T09:31:29.573253644Z,2026-03-08T09:31:33.803038135Z,/var/lib/docker/volumes,d9b7785a06954372515977133a1213437b80c5db1517196ca5e26134d3413ccf,other,NA,NA,
run_009,csr,csr_1772962283,csr-irs3-1772962283,csr-irs3-1772962283,,csr_voted,csr_approved,2026-03-08T09:31:29.573253644Z,2026-03-08T09:31:33.803038135Z,/var/lib/docker/volumes,e0eec01c85bd157680e466dd14073f2a433b51342ff770c3a292c984a51f226b,other,NA,NA,
run_009,csr,csr_1772962283,csr-irs3-1772962283,csr-irs3-1772962283,,csr_voted,csr_approved,2026-03-08T09:31:29.573253644Z,2026-03-08T09:31:33.803038135Z,/var/lib/docker/volumes,fabric_orderer.kit.edu,orderer,132072873,132089260,16387
run_009,csr,csr_1772962283,csr-irs3-1772962283,csr-irs3-1772962283,,csr_voted,csr_approved,2026-03-08T09:31:29.573253644Z,2026-03-08T09:31:33.803038135Z,/var/lib/docker/volumes,fabric_peer0.irs1.kit.edu,other,5006,5006,0
run_009,csr,csr_1772962283,csr-irs3-1772962283,csr-irs3-1772962283,,csr_voted,csr_approved,2026-03-08T09:31:29.573253644Z,2026-03-08T09:31:33.803038135Z,/var/lib/docker/volumes,fabric_peer0.irs3.kit.edu,peer,31016228,31036326,20098
run_009,csr,csr_1772962283,csr-irs3-1772962283,csr-irs3-1772962283,,csr_voted,csr_approved,2026-03-08T09:31:29.573253644Z,2026-03-08T09:31:33.803038135Z,/var/lib/docker/volumes,fabric_peer1.irs3.kit.edu,other,31014803,31034901,20098
run_009,csr,csr_1772962283,csr-irs3-1772962283,csr-irs3-1772962283,,csr_voted,csr_approved,2026-03-08T09:31:29.573253644Z,2026-03-08T09:31:33.803038135Z,/var/lib/docker/volumes,fabric_peer2.irs3.kit.edu,other,31014800,31034898,20098
run_009,csr,csr_1772962283,csr-irs3-1772962283,csr-irs3-1772962283,,csr_voted,csr_approved,2026-03-08T09:31:29.573253644Z,2026-03-08T09:31:33.803038135Z,/var/lib/docker/volumes,fabric_peer3.irs3.kit.edu,other,31016225,31036323,20098
run_009,csr,csr_1772962283,csr-irs3-1772962283,csr-irs3-1772962283,,csr_approved,cert_registered,2026-03-08T09:31:33.803038135Z,2026-03-08T09:31:44.007749936Z,/var/lib/docker/volumes,002a2c976d26a3f9c7eff06e2f9efe095908dd0ee21b2715cc202589b435aec2,other,NA,NA,
run_009,csr,csr_1772962283,csr-irs3-1772962283,csr-irs3-1772962283,,csr_approved,cert_registered,2026-03-08T09:31:33.803038135Z,2026-03-08T09:31:44.007749936Z,/var/lib/docker/volumes,35a02607c21ea95db05e7150f71e6e704f4d6479a4a76375ed8ec3cbfc5ec094,other,NA,NA,
run_009,csr,csr_1772962283,csr-irs3-1772962283,csr-irs3-1772962283,,csr_approved,cert_registered,2026-03-08T09:31:33.803038135Z,2026-03-08T09:31:44.007749936Z,/var/lib/docker/volumes,791e62bfc17bf044236c3dcb5d77ec82610b27aa4d5f3c78aff2e2842f98f9ee,other,NA,NA,
run_009,csr,csr_1772962283,csr-irs3-1772962283,csr-irs3-1772962283,,csr_approved,cert_registered,2026-03-08T09:31:33.803038135Z,2026-03-08T09:31:44.007749936Z,/var/lib/docker/volumes,91dbb4452b1c3709e842113c225d65a63eab07cdac1110f244a9dfbdddb57dbf,other,NA,NA,
run_009,csr,csr_1772962283,csr-irs3-1772962283,csr-irs3-1772962283,,csr_approved,cert_registered,2026-03-08T09:31:33.803038135Z,2026-03-08T09:31:44.007749936Z,/var/lib/docker/volumes,99ac8c723665556c954d288ca00335f1fae5493d384cb656ecf5a945cc9ae3b8,other,NA,NA,
run_009,csr,csr_1772962283,csr-irs3-1772962283,csr-irs3-1772962283,,csr_approved,cert_registered,2026-03-08T09:31:33.803038135Z,2026-03-08T09:31:44.007749936Z,/var/lib/docker/volumes,ab96d922f06ec7a94f1b5200e75e480c9ed7eba86fbbe33b5cb9edbe031c6ea8,other,49770,49770,0
run_009,csr,csr_1772962283,csr-irs3-1772962283,csr-irs3-1772962283,,csr_approved,cert_registered,2026-03-08T09:31:33.803038135Z,2026-03-08T09:31:44.007749936Z,/var/lib/docker/volumes,b8143ef8453ad18871b4b4e0ba6041764a2cda76bc6f516fa468de5fd6585e72,other,49770,49770,0
run_009,csr,csr_1772962283,csr-irs3-1772962283,csr-irs3-1772962283,,csr_approved,cert_registered,2026-03-08T09:31:33.803038135Z,2026-03-08T09:31:44.007749936Z,/var/lib/docker/volumes,ce313f18292c11d1170b9839e1af2e5976d1858048740f79d790d8aed673a5a4,other,NA,NA,
run_009,csr,csr_1772962283,csr-irs3-1772962283,csr-irs3-1772962283,,csr_approved,cert_registered,2026-03-08T09:31:33.803038135Z,2026-03-08T09:31:44.007749936Z,/var/lib/docker/volumes,d9b7785a06954372515977133a1213437b80c5db1517196ca5e26134d3413ccf,other,NA,NA,
run_009,csr,csr_1772962283,csr-irs3-1772962283,csr-irs3-1772962283,,csr_approved,cert_registered,2026-03-08T09:31:33.803038135Z,2026-03-08T09:31:44.007749936Z,/var/lib/docker/volumes,e0eec01c85bd157680e466dd14073f2a433b51342ff770c3a292c984a51f226b,other,NA,NA,
run_009,csr,csr_1772962283,csr-irs3-1772962283,csr-irs3-1772962283,,csr_approved,cert_registered,2026-03-08T09:31:33.803038135Z,2026-03-08T09:31:44.007749936Z,/var/lib/docker/volumes,fabric_orderer.kit.edu,orderer,132089260,132129575,40315
run_009,csr,csr_1772962283,csr-irs3-1772962283,csr-irs3-1772962283,,csr_approved,cert_registered,2026-03-08T09:31:33.803038135Z,2026-03-08T09:31:44.007749936Z,/var/lib/docker/volumes,fabric_peer0.irs1.kit.edu,other,5006,5006,0
run_009,csr,csr_1772962283,csr-irs3-1772962283,csr-irs3-1772962283,,csr_approved,cert_registered,2026-03-08T09:31:33.803038135Z,2026-03-08T09:31:44.007749936Z,/var/lib/docker/volumes,fabric_peer0.irs3.kit.edu,peer,31036326,31088002,51676
run_009,csr,csr_1772962283,csr-irs3-1772962283,csr-irs3-1772962283,,csr_approved,cert_registered,2026-03-08T09:31:33.803038135Z,2026-03-08T09:31:44.007749936Z,/var/lib/docker/volumes,fabric_peer1.irs3.kit.edu,other,31034901,31086577,51676
run_009,csr,csr_1772962283,csr-irs3-1772962283,csr-irs3-1772962283,,csr_approved,cert_registered,2026-03-08T09:31:33.803038135Z,2026-03-08T09:31:44.007749936Z,/var/lib/docker/volumes,fabric_peer2.irs3.kit.edu,other,31034898,31086574,51676
run_009,csr,csr_1772962283,csr-irs3-1772962283,csr-irs3-1772962283,,csr_approved,cert_registered,2026-03-08T09:31:33.803038135Z,2026-03-08T09:31:44.007749936Z,/var/lib/docker/volumes,fabric_peer3.irs3.kit.edu,other,31036323,31087999,51676
run_009,csr,csr_1772962283,csr-irs3-1772962283,csr-irs3-1772962283,,cert_registered,operation_end,2026-03-08T09:31:44.007749936Z,2026-03-08T09:31:44.763644Z,/var/lib/docker/volumes,002a2c976d26a3f9c7eff06e2f9efe095908dd0ee21b2715cc202589b435aec2,other,NA,NA,
run_009,csr,csr_1772962283,csr-irs3-1772962283,csr-irs3-1772962283,,cert_registered,operation_end,2026-03-08T09:31:44.007749936Z,2026-03-08T09:31:44.763644Z,/var/lib/docker/volumes,35a02607c21ea95db05e7150f71e6e704f4d6479a4a76375ed8ec3cbfc5ec094,other,NA,NA,
run_009,csr,csr_1772962283,csr-irs3-1772962283,csr-irs3-1772962283,,cert_registered,operation_end,2026-03-08T09:31:44.007749936Z,2026-03-08T09:31:44.763644Z,/var/lib/docker/volumes,791e62bfc17bf044236c3dcb5d77ec82610b27aa4d5f3c78aff2e2842f98f9ee,other,NA,NA,
run_009,csr,csr_1772962283,csr-irs3-1772962283,csr-irs3-1772962283,,cert_registered,operation_end,2026-03-08T09:31:44.007749936Z,2026-03-08T09:31:44.763644Z,/var/lib/docker/volumes,91dbb4452b1c3709e842113c225d65a63eab07cdac1110f244a9dfbdddb57dbf,other,NA,NA,
run_009,csr,csr_1772962283,csr-irs3-1772962283,csr-irs3-1772962283,,cert_registered,operation_end,2026-03-08T09:31:44.007749936Z,2026-03-08T09:31:44.763644Z,/var/lib/docker/volumes,99ac8c723665556c954d288ca00335f1fae5493d384cb656ecf5a945cc9ae3b8,other,NA,NA,
run_009,csr,csr_1772962283,csr-irs3-1772962283,csr-irs3-1772962283,,cert_registered,operation_end,2026-03-08T09:31:44.007749936Z,2026-03-08T09:31:44.763644Z,/var/lib/docker/volumes,ab96d922f06ec7a94f1b5200e75e480c9ed7eba86fbbe33b5cb9edbe031c6ea8,other,49770,49770,0
run_009,csr,csr_1772962283,csr-irs3-1772962283,csr-irs3-1772962283,,cert_registered,operation_end,2026-03-08T09:31:44.007749936Z,2026-03-08T09:31:44.763644Z,/var/lib/docker/volumes,b8143ef8453ad18871b4b4e0ba6041764a2cda76bc6f516fa468de5fd6585e72,other,49770,49770,0
run_009,csr,csr_1772962283,csr-irs3-1772962283,csr-irs3-1772962283,,cert_registered,operation_end,2026-03-08T09:31:44.007749936Z,2026-03-08T09:31:44.763644Z,/var/lib/docker/volumes,ce313f18292c11d1170b9839e1af2e5976d1858048740f79d790d8aed673a5a4,other,NA,NA,
run_009,csr,csr_1772962283,csr-irs3-1772962283,csr-irs3-1772962283,,cert_registered,operation_end,2026-03-08T09:31:44.007749936Z,2026-03-08T09:31:44.763644Z,/var/lib/docker/volumes,d9b7785a06954372515977133a1213437b80c5db1517196ca5e26134d3413ccf,other,NA,NA,
run_009,csr,csr_1772962283,csr-irs3-1772962283,csr-irs3-1772962283,,cert_registered,operation_end,2026-03-08T09:31:44.007749936Z,2026-03-08T09:31:44.763644Z,/var/lib/docker/volumes,e0eec01c85bd157680e466dd14073f2a433b51342ff770c3a292c984a51f226b,other,NA,NA,
run_009,csr,csr_1772962283,csr-irs3-1772962283,csr-irs3-1772962283,,cert_registered,operation_end,2026-03-08T09:31:44.007749936Z,2026-03-08T09:31:44.763644Z,/var/lib/docker/volumes,fabric_orderer.kit.edu,orderer,132129575,132129575,0
run_009,csr,csr_1772962283,csr-irs3-1772962283,csr-irs3-1772962283,,cert_registered,operation_end,2026-03-08T09:31:44.007749936Z,2026-03-08T09:31:44.763644Z,/var/lib/docker/volumes,fabric_peer0.irs1.kit.edu,other,5006,5006,0
run_009,csr,csr_1772962283,csr-irs3-1772962283,csr-irs3-1772962283,,cert_registered,operation_end,2026-03-08T09:31:44.007749936Z,2026-03-08T09:31:44.763644Z,/var/lib/docker/volumes,fabric_peer0.irs3.kit.edu,peer,31088002,31088002,0
run_009,csr,csr_1772962283,csr-irs3-1772962283,csr-irs3-1772962283,,cert_registered,operation_end,2026-03-08T09:31:44.007749936Z,2026-03-08T09:31:44.763644Z,/var/lib/docker/volumes,fabric_peer1.irs3.kit.edu,other,31086577,31086577,0
run_009,csr,csr_1772962283,csr-irs3-1772962283,csr-irs3-1772962283,,cert_registered,operation_end,2026-03-08T09:31:44.007749936Z,2026-03-08T09:31:44.763644Z,/var/lib/docker/volumes,fabric_peer2.irs3.kit.edu,other,31086574,31086574,0
run_009,csr,csr_1772962283,csr-irs3-1772962283,csr-irs3-1772962283,,cert_registered,operation_end,2026-03-08T09:31:44.007749936Z,2026-03-08T09:31:44.763644Z,/var/lib/docker/volumes,fabric_peer3.irs3.kit.edu,other,31087999,31087999,0
run_009,revocation,revocation_1772962325,revoke-irs3-1772962325,revoke-irs3-1772962325,,operation_start,revocation_submit_done,2026-03-08T09:32:05.185830Z,2026-03-08T09:32:07.493826Z,/var/lib/docker/volumes,002a2c976d26a3f9c7eff06e2f9efe095908dd0ee21b2715cc202589b435aec2,other,NA,NA,
run_009,revocation,revocation_1772962325,revoke-irs3-1772962325,revoke-irs3-1772962325,,operation_start,revocation_submit_done,2026-03-08T09:32:05.185830Z,2026-03-08T09:32:07.493826Z,/var/lib/docker/volumes,35a02607c21ea95db05e7150f71e6e704f4d6479a4a76375ed8ec3cbfc5ec094,other,NA,NA,
run_009,revocation,revocation_1772962325,revoke-irs3-1772962325,revoke-irs3-1772962325,,operation_start,revocation_submit_done,2026-03-08T09:32:05.185830Z,2026-03-08T09:32:07.493826Z,/var/lib/docker/volumes,791e62bfc17bf044236c3dcb5d77ec82610b27aa4d5f3c78aff2e2842f98f9ee,other,NA,NA,
run_009,revocation,revocation_1772962325,revoke-irs3-1772962325,revoke-irs3-1772962325,,operation_start,revocation_submit_done,2026-03-08T09:32:05.185830Z,2026-03-08T09:32:07.493826Z,/var/lib/docker/volumes,91dbb4452b1c3709e842113c225d65a63eab07cdac1110f244a9dfbdddb57dbf,other,NA,NA,
run_009,revocation,revocation_1772962325,revoke-irs3-1772962325,revoke-irs3-1772962325,,operation_start,revocation_submit_done,2026-03-08T09:32:05.185830Z,2026-03-08T09:32:07.493826Z,/var/lib/docker/volumes,99ac8c723665556c954d288ca00335f1fae5493d384cb656ecf5a945cc9ae3b8,other,NA,NA,
run_009,revocation,revocation_1772962325,revoke-irs3-1772962325,revoke-irs3-1772962325,,operation_start,revocation_submit_done,2026-03-08T09:32:05.185830Z,2026-03-08T09:32:07.493826Z,/var/lib/docker/volumes,ab96d922f06ec7a94f1b5200e75e480c9ed7eba86fbbe33b5cb9edbe031c6ea8,other,49770,49770,0
run_009,revocation,revocation_1772962325,revoke-irs3-1772962325,revoke-irs3-1772962325,,operation_start,revocation_submit_done,2026-03-08T09:32:05.185830Z,2026-03-08T09:32:07.493826Z,/var/lib/docker/volumes,b8143ef8453ad18871b4b4e0ba6041764a2cda76bc6f516fa468de5fd6585e72,other,49770,49770,0
run_009,revocation,revocation_1772962325,revoke-irs3-1772962325,revoke-irs3-1772962325,,operation_start,revocation_submit_done,2026-03-08T09:32:05.185830Z,2026-03-08T09:32:07.493826Z,/var/lib/docker/volumes,ce313f18292c11d1170b9839e1af2e5976d1858048740f79d790d8aed673a5a4,other,NA,NA,
run_009,revocation,revocation_1772962325,revoke-irs3-1772962325,revoke-irs3-1772962325,,operation_start,revocation_submit_done,2026-03-08T09:32:05.185830Z,2026-03-08T09:32:07.493826Z,/var/lib/docker/volumes,d9b7785a06954372515977133a1213437b80c5db1517196ca5e26134d3413ccf,other,NA,NA,
run_009,revocation,revocation_1772962325,revoke-irs3-1772962325,revoke-irs3-1772962325,,operation_start,revocation_submit_done,2026-03-08T09:32:05.185830Z,2026-03-08T09:32:07.493826Z,/var/lib/docker/volumes,e0eec01c85bd157680e466dd14073f2a433b51342ff770c3a292c984a51f226b,other,NA,NA,
run_009,revocation,revocation_1772962325,revoke-irs3-1772962325,revoke-irs3-1772962325,,operation_start,revocation_submit_done,2026-03-08T09:32:05.185830Z,2026-03-08T09:32:07.493826Z,/var/lib/docker/volumes,fabric_orderer.kit.edu,orderer,132129575,132136774,7199
run_009,revocation,revocation_1772962325,revoke-irs3-1772962325,revoke-irs3-1772962325,,operation_start,revocation_submit_done,2026-03-08T09:32:05.185830Z,2026-03-08T09:32:07.493826Z,/var/lib/docker/volumes,fabric_peer0.irs1.kit.edu,other,5006,5006,0
run_009,revocation,revocation_1772962325,revoke-irs3-1772962325,revoke-irs3-1772962325,,operation_start,revocation_submit_done,2026-03-08T09:32:05.185830Z,2026-03-08T09:32:07.493826Z,/var/lib/docker/volumes,fabric_peer0.irs3.kit.edu,peer,31088002,31096243,8241
run_009,revocation,revocation_1772962325,revoke-irs3-1772962325,revoke-irs3-1772962325,,operation_start,revocation_submit_done,2026-03-08T09:32:05.185830Z,2026-03-08T09:32:07.493826Z,/var/lib/docker/volumes,fabric_peer1.irs3.kit.edu,other,31086577,31094818,8241
run_009,revocation,revocation_1772962325,revoke-irs3-1772962325,revoke-irs3-1772962325,,operation_start,revocation_submit_done,2026-03-08T09:32:05.185830Z,2026-03-08T09:32:07.493826Z,/var/lib/docker/volumes,fabric_peer2.irs3.kit.edu,other,31086574,31094815,8241
run_009,revocation,revocation_1772962325,revoke-irs3-1772962325,revoke-irs3-1772962325,,operation_start,revocation_submit_done,2026-03-08T09:32:05.185830Z,2026-03-08T09:32:07.493826Z,/var/lib/docker/volumes,fabric_peer3.irs3.kit.edu,other,31087999,31096240,8241
run_009,revocation,revocation_1772962325,revoke-irs3-1772962325,revoke-irs3-1772962325,,revocation_submit_done,revocation_voted,2026-03-08T09:32:07.493826Z,2026-03-08T09:32:11.589776232Z,/var/lib/docker/volumes,002a2c976d26a3f9c7eff06e2f9efe095908dd0ee21b2715cc202589b435aec2,other,NA,NA,
run_009,revocation,revocation_1772962325,revoke-irs3-1772962325,revoke-irs3-1772962325,,revocation_submit_done,revocation_voted,2026-03-08T09:32:07.493826Z,2026-03-08T09:32:11.589776232Z,/var/lib/docker/volumes,35a02607c21ea95db05e7150f71e6e704f4d6479a4a76375ed8ec3cbfc5ec094,other,NA,NA,
run_009,revocation,revocation_1772962325,revoke-irs3-1772962325,revoke-irs3-1772962325,,revocation_submit_done,revocation_voted,2026-03-08T09:32:07.493826Z,2026-03-08T09:32:11.589776232Z,/var/lib/docker/volumes,791e62bfc17bf044236c3dcb5d77ec82610b27aa4d5f3c78aff2e2842f98f9ee,other,NA,NA,
run_009,revocation,revocation_1772962325,revoke-irs3-1772962325,revoke-irs3-1772962325,,revocation_submit_done,revocation_voted,2026-03-08T09:32:07.493826Z,2026-03-08T09:32:11.589776232Z,/var/lib/docker/volumes,91dbb4452b1c3709e842113c225d65a63eab07cdac1110f244a9dfbdddb57dbf,other,NA,NA,
run_009,revocation,revocation_1772962325,revoke-irs3-1772962325,revoke-irs3-1772962325,,revocation_submit_done,revocation_voted,2026-03-08T09:32:07.493826Z,2026-03-08T09:32:11.589776232Z,/var/lib/docker/volumes,99ac8c723665556c954d288ca00335f1fae5493d384cb656ecf5a945cc9ae3b8,other,NA,NA,
run_009,revocation,revocation_1772962325,revoke-irs3-1772962325,revoke-irs3-1772962325,,revocation_submit_done,revocation_voted,2026-03-08T09:32:07.493826Z,2026-03-08T09:32:11.589776232Z,/var/lib/docker/volumes,ab96d922f06ec7a94f1b5200e75e480c9ed7eba86fbbe33b5cb9edbe031c6ea8,other,49770,49770,0
run_009,revocation,revocation_1772962325,revoke-irs3-1772962325,revoke-irs3-1772962325,,revocation_submit_done,revocation_voted,2026-03-08T09:32:07.493826Z,2026-03-08T09:32:11.589776232Z,/var/lib/docker/volumes,b8143ef8453ad18871b4b4e0ba6041764a2cda76bc6f516fa468de5fd6585e72,other,49770,49770,0
run_009,revocation,revocation_1772962325,revoke-irs3-1772962325,revoke-irs3-1772962325,,revocation_submit_done,revocation_voted,2026-03-08T09:32:07.493826Z,2026-03-08T09:32:11.589776232Z,/var/lib/docker/volumes,ce313f18292c11d1170b9839e1af2e5976d1858048740f79d790d8aed673a5a4,other,NA,NA,
run_009,revocation,revocation_1772962325,revoke-irs3-1772962325,revoke-irs3-1772962325,,revocation_submit_done,revocation_voted,2026-03-08T09:32:07.493826Z,2026-03-08T09:32:11.589776232Z,/var/lib/docker/volumes,d9b7785a06954372515977133a1213437b80c5db1517196ca5e26134d3413ccf,other,NA,NA,
run_009,revocation,revocation_1772962325,revoke-irs3-1772962325,revoke-irs3-1772962325,,revocation_submit_done,revocation_voted,2026-03-08T09:32:07.493826Z,2026-03-08T09:32:11.589776232Z,/var/lib/docker/volumes,e0eec01c85bd157680e466dd14073f2a433b51342ff770c3a292c984a51f226b,other,NA,NA,
run_009,revocation,revocation_1772962325,revoke-irs3-1772962325,revoke-irs3-1772962325,,revocation_submit_done,revocation_voted,2026-03-08T09:32:07.493826Z,2026-03-08T09:32:11.589776232Z,/var/lib/docker/volumes,fabric_orderer.kit.edu,orderer,132136774,132157955,21181
run_009,revocation,revocation_1772962325,revoke-irs3-1772962325,revoke-irs3-1772962325,,revocation_submit_done,revocation_voted,2026-03-08T09:32:07.493826Z,2026-03-08T09:32:11.589776232Z,/var/lib/docker/volumes,fabric_peer0.irs1.kit.edu,other,5006,5006,0
run_009,revocation,revocation_1772962325,revoke-irs3-1772962325,revoke-irs3-1772962325,,revocation_submit_done,revocation_voted,2026-03-08T09:32:07.493826Z,2026-03-08T09:32:11.589776232Z,/var/lib/docker/volumes,fabric_peer0.irs3.kit.edu,peer,31096243,31119675,23432
run_009,revocation,revocation_1772962325,revoke-irs3-1772962325,revoke-irs3-1772962325,,revocation_submit_done,revocation_voted,2026-03-08T09:32:07.493826Z,2026-03-08T09:32:11.589776232Z,/var/lib/docker/volumes,fabric_peer1.irs3.kit.edu,other,31094818,31118250,23432
run_009,revocation,revocation_1772962325,revoke-irs3-1772962325,revoke-irs3-1772962325,,revocation_submit_done,revocation_voted,2026-03-08T09:32:07.493826Z,2026-03-08T09:32:11.589776232Z,/var/lib/docker/volumes,fabric_peer2.irs3.kit.edu,other,31094815,31118247,23432
run_009,revocation,revocation_1772962325,revoke-irs3-1772962325,revoke-irs3-1772962325,,revocation_submit_done,revocation_voted,2026-03-08T09:32:07.493826Z,2026-03-08T09:32:11.589776232Z,/var/lib/docker/volumes,fabric_peer3.irs3.kit.edu,other,31096240,31119672,23432
run_009,revocation,revocation_1772962325,revoke-irs3-1772962325,revoke-irs3-1772962325,,revocation_voted,revocation_executed,2026-03-08T09:32:11.589776232Z,2026-03-08T09:32:14.033193053Z,/var/lib/docker/volumes,002a2c976d26a3f9c7eff06e2f9efe095908dd0ee21b2715cc202589b435aec2,other,NA,NA,
run_009,revocation,revocation_1772962325,revoke-irs3-1772962325,revoke-irs3-1772962325,,revocation_voted,revocation_executed,2026-03-08T09:32:11.589776232Z,2026-03-08T09:32:14.033193053Z,/var/lib/docker/volumes,35a02607c21ea95db05e7150f71e6e704f4d6479a4a76375ed8ec3cbfc5ec094,other,NA,NA,
run_009,revocation,revocation_1772962325,revoke-irs3-1772962325,revoke-irs3-1772962325,,revocation_voted,revocation_executed,2026-03-08T09:32:11.589776232Z,2026-03-08T09:32:14.033193053Z,/var/lib/docker/volumes,791e62bfc17bf044236c3dcb5d77ec82610b27aa4d5f3c78aff2e2842f98f9ee,other,NA,NA,
run_009,revocation,revocation_1772962325,revoke-irs3-1772962325,revoke-irs3-1772962325,,revocation_voted,revocation_executed,2026-03-08T09:32:11.589776232Z,2026-03-08T09:32:14.033193053Z,/var/lib/docker/volumes,91dbb4452b1c3709e842113c225d65a63eab07cdac1110f244a9dfbdddb57dbf,other,NA,NA,
run_009,revocation,revocation_1772962325,revoke-irs3-1772962325,revoke-irs3-1772962325,,revocation_voted,revocation_executed,2026-03-08T09:32:11.589776232Z,2026-03-08T09:32:14.033193053Z,/var/lib/docker/volumes,99ac8c723665556c954d288ca00335f1fae5493d384cb656ecf5a945cc9ae3b8,other,NA,NA,
run_009,revocation,revocation_1772962325,revoke-irs3-1772962325,revoke-irs3-1772962325,,revocation_voted,revocation_executed,2026-03-08T09:32:11.589776232Z,2026-03-08T09:32:14.033193053Z,/var/lib/docker/volumes,ab96d922f06ec7a94f1b5200e75e480c9ed7eba86fbbe33b5cb9edbe031c6ea8,other,49770,49770,0
run_009,revocation,revocation_1772962325,revoke-irs3-1772962325,revoke-irs3-1772962325,,revocation_voted,revocation_executed,2026-03-08T09:32:11.589776232Z,2026-03-08T09:32:14.033193053Z,/var/lib/docker/volumes,b8143ef8453ad18871b4b4e0ba6041764a2cda76bc6f516fa468de5fd6585e72,other,49770,49770,0
run_009,revocation,revocation_1772962325,revoke-irs3-1772962325,revoke-irs3-1772962325,,revocation_voted,revocation_executed,2026-03-08T09:32:11.589776232Z,2026-03-08T09:32:14.033193053Z,/var/lib/docker/volumes,ce313f18292c11d1170b9839e1af2e5976d1858048740f79d790d8aed673a5a4,other,NA,NA,
run_009,revocation,revocation_1772962325,revoke-irs3-1772962325,revoke-irs3-1772962325,,revocation_voted,revocation_executed,2026-03-08T09:32:11.589776232Z,2026-03-08T09:32:14.033193053Z,/var/lib/docker/volumes,d9b7785a06954372515977133a1213437b80c5db1517196ca5e26134d3413ccf,other,NA,NA,
run_009,revocation,revocation_1772962325,revoke-irs3-1772962325,revoke-irs3-1772962325,,revocation_voted,revocation_executed,2026-03-08T09:32:11.589776232Z,2026-03-08T09:32:14.033193053Z,/var/lib/docker/volumes,e0eec01c85bd157680e466dd14073f2a433b51342ff770c3a292c984a51f226b,other,NA,NA,
run_009,revocation,revocation_1772962325,revoke-irs3-1772962325,revoke-irs3-1772962325,,revocation_voted,revocation_executed,2026-03-08T09:32:11.589776232Z,2026-03-08T09:32:14.033193053Z,/var/lib/docker/volumes,fabric_orderer.kit.edu,orderer,132157955,132179031,21076
run_009,revocation,revocation_1772962325,revoke-irs3-1772962325,revoke-irs3-1772962325,,revocation_voted,revocation_executed,2026-03-08T09:32:11.589776232Z,2026-03-08T09:32:14.033193053Z,/var/lib/docker/volumes,fabric_peer0.irs1.kit.edu,other,5006,5006,0
run_009,revocation,revocation_1772962325,revoke-irs3-1772962325,revoke-irs3-1772962325,,revocation_voted,revocation_executed,2026-03-08T09:32:11.589776232Z,2026-03-08T09:32:14.033193053Z,/var/lib/docker/volumes,fabric_peer0.irs3.kit.edu,peer,31119675,31146435,26760
run_009,revocation,revocation_1772962325,revoke-irs3-1772962325,revoke-irs3-1772962325,,revocation_voted,revocation_executed,2026-03-08T09:32:11.589776232Z,2026-03-08T09:32:14.033193053Z,/var/lib/docker/volumes,fabric_peer1.irs3.kit.edu,other,31118250,31145010,26760
run_009,revocation,revocation_1772962325,revoke-irs3-1772962325,revoke-irs3-1772962325,,revocation_voted,revocation_executed,2026-03-08T09:32:11.589776232Z,2026-03-08T09:32:14.033193053Z,/var/lib/docker/volumes,fabric_peer2.irs3.kit.edu,other,31118247,31145007,26760
run_009,revocation,revocation_1772962325,revoke-irs3-1772962325,revoke-irs3-1772962325,,revocation_voted,revocation_executed,2026-03-08T09:32:11.589776232Z,2026-03-08T09:32:14.033193053Z,/var/lib/docker/volumes,fabric_peer3.irs3.kit.edu,other,31119672,31146432,26760
run_009,revocation,revocation_1772962325,revoke-irs3-1772962325,revoke-irs3-1772962325,,revocation_executed,operation_end,2026-03-08T09:32:14.033193053Z,2026-03-08T09:32:15.949656Z,/var/lib/docker/volumes,002a2c976d26a3f9c7eff06e2f9efe095908dd0ee21b2715cc202589b435aec2,other,NA,NA,
run_009,revocation,revocation_1772962325,revoke-irs3-1772962325,revoke-irs3-1772962325,,revocation_executed,operation_end,2026-03-08T09:32:14.033193053Z,2026-03-08T09:32:15.949656Z,/var/lib/docker/volumes,35a02607c21ea95db05e7150f71e6e704f4d6479a4a76375ed8ec3cbfc5ec094,other,NA,NA,
run_009,revocation,revocation_1772962325,revoke-irs3-1772962325,revoke-irs3-1772962325,,revocation_executed,operation_end,2026-03-08T09:32:14.033193053Z,2026-03-08T09:32:15.949656Z,/var/lib/docker/volumes,791e62bfc17bf044236c3dcb5d77ec82610b27aa4d5f3c78aff2e2842f98f9ee,other,NA,NA,
run_009,revocation,revocation_1772962325,revoke-irs3-1772962325,revoke-irs3-1772962325,,revocation_executed,operation_end,2026-03-08T09:32:14.033193053Z,2026-03-08T09:32:15.949656Z,/var/lib/docker/volumes,91dbb4452b1c3709e842113c225d65a63eab07cdac1110f244a9dfbdddb57dbf,other,NA,NA,
run_009,revocation,revocation_1772962325,revoke-irs3-1772962325,revoke-irs3-1772962325,,revocation_executed,operation_end,2026-03-08T09:32:14.033193053Z,2026-03-08T09:32:15.949656Z,/var/lib/docker/volumes,99ac8c723665556c954d288ca00335f1fae5493d384cb656ecf5a945cc9ae3b8,other,NA,NA,
run_009,revocation,revocation_1772962325,revoke-irs3-1772962325,revoke-irs3-1772962325,,revocation_executed,operation_end,2026-03-08T09:32:14.033193053Z,2026-03-08T09:32:15.949656Z,/var/lib/docker/volumes,ab96d922f06ec7a94f1b5200e75e480c9ed7eba86fbbe33b5cb9edbe031c6ea8,other,49770,49770,0
run_009,revocation,revocation_1772962325,revoke-irs3-1772962325,revoke-irs3-1772962325,,revocation_executed,operation_end,2026-03-08T09:32:14.033193053Z,2026-03-08T09:32:15.949656Z,/var/lib/docker/volumes,b8143ef8453ad18871b4b4e0ba6041764a2cda76bc6f516fa468de5fd6585e72,other,49770,49770,0
run_009,revocation,revocation_1772962325,revoke-irs3-1772962325,revoke-irs3-1772962325,,revocation_executed,operation_end,2026-03-08T09:32:14.033193053Z,2026-03-08T09:32:15.949656Z,/var/lib/docker/volumes,ce313f18292c11d1170b9839e1af2e5976d1858048740f79d790d8aed673a5a4,other,NA,NA,
run_009,revocation,revocation_1772962325,revoke-irs3-1772962325,revoke-irs3-1772962325,,revocation_executed,operation_end,2026-03-08T09:32:14.033193053Z,2026-03-08T09:32:15.949656Z,/var/lib/docker/volumes,d9b7785a06954372515977133a1213437b80c5db1517196ca5e26134d3413ccf,other,NA,NA,
run_009,revocation,revocation_1772962325,revoke-irs3-1772962325,revoke-irs3-1772962325,,revocation_executed,operation_end,2026-03-08T09:32:14.033193053Z,2026-03-08T09:32:15.949656Z,/var/lib/docker/volumes,e0eec01c85bd157680e466dd14073f2a433b51342ff770c3a292c984a51f226b,other,NA,NA,
run_009,revocation,revocation_1772962325,revoke-irs3-1772962325,revoke-irs3-1772962325,,revocation_executed,operation_end,2026-03-08T09:32:14.033193053Z,2026-03-08T09:32:15.949656Z,/var/lib/docker/volumes,fabric_orderer.kit.edu,orderer,132179031,132179031,0
run_009,revocation,revocation_1772962325,revoke-irs3-1772962325,revoke-irs3-1772962325,,revocation_executed,operation_end,2026-03-08T09:32:14.033193053Z,2026-03-08T09:32:15.949656Z,/var/lib/docker/volumes,fabric_peer0.irs1.kit.edu,other,5006,5006,0
run_009,revocation,revocation_1772962325,revoke-irs3-1772962325,revoke-irs3-1772962325,,revocation_executed,operation_end,2026-03-08T09:32:14.033193053Z,2026-03-08T09:32:15.949656Z,/var/lib/docker/volumes,fabric_peer0.irs3.kit.edu,peer,31146435,31146435,0
run_009,revocation,revocation_1772962325,revoke-irs3-1772962325,revoke-irs3-1772962325,,revocation_executed,operation_end,2026-03-08T09:32:14.033193053Z,2026-03-08T09:32:15.949656Z,/var/lib/docker/volumes,fabric_peer1.irs3.kit.edu,other,31145010,31145010,0
run_009,revocation,revocation_1772962325,revoke-irs3-1772962325,revoke-irs3-1772962325,,revocation_executed,operation_end,2026-03-08T09:32:14.033193053Z,2026-03-08T09:32:15.949656Z,/var/lib/docker/volumes,fabric_peer2.irs3.kit.edu,other,31145007,31145007,0
run_009,revocation,revocation_1772962325,revoke-irs3-1772962325,revoke-irs3-1772962325,,revocation_executed,operation_end,2026-03-08T09:32:14.033193053Z,2026-03-08T09:32:15.949656Z,/var/lib/docker/volumes,fabric_peer3.irs3.kit.edu,other,31146432,31146432,0
run_009,removal,removal_1772962354,remove-irs3-member1-1772962354,remove-irs3-member1-1772962354,20,operation_start,removal_submit_done,2026-03-08T09:32:34.244574Z,2026-03-08T09:32:36.595489Z,/var/lib/docker/volumes,002a2c976d26a3f9c7eff06e2f9efe095908dd0ee21b2715cc202589b435aec2,other,NA,NA,
run_009,removal,removal_1772962354,remove-irs3-member1-1772962354,remove-irs3-member1-1772962354,20,operation_start,removal_submit_done,2026-03-08T09:32:34.244574Z,2026-03-08T09:32:36.595489Z,/var/lib/docker/volumes,35a02607c21ea95db05e7150f71e6e704f4d6479a4a76375ed8ec3cbfc5ec094,other,NA,NA,
run_009,removal,removal_1772962354,remove-irs3-member1-1772962354,remove-irs3-member1-1772962354,20,operation_start,removal_submit_done,2026-03-08T09:32:34.244574Z,2026-03-08T09:32:36.595489Z,/var/lib/docker/volumes,791e62bfc17bf044236c3dcb5d77ec82610b27aa4d5f3c78aff2e2842f98f9ee,other,NA,NA,
run_009,removal,removal_1772962354,remove-irs3-member1-1772962354,remove-irs3-member1-1772962354,20,operation_start,removal_submit_done,2026-03-08T09:32:34.244574Z,2026-03-08T09:32:36.595489Z,/var/lib/docker/volumes,91dbb4452b1c3709e842113c225d65a63eab07cdac1110f244a9dfbdddb57dbf,other,NA,NA,
run_009,removal,removal_1772962354,remove-irs3-member1-1772962354,remove-irs3-member1-1772962354,20,operation_start,removal_submit_done,2026-03-08T09:32:34.244574Z,2026-03-08T09:32:36.595489Z,/var/lib/docker/volumes,99ac8c723665556c954d288ca00335f1fae5493d384cb656ecf5a945cc9ae3b8,other,NA,NA,
run_009,removal,removal_1772962354,remove-irs3-member1-1772962354,remove-irs3-member1-1772962354,20,operation_start,removal_submit_done,2026-03-08T09:32:34.244574Z,2026-03-08T09:32:36.595489Z,/var/lib/docker/volumes,ab96d922f06ec7a94f1b5200e75e480c9ed7eba86fbbe33b5cb9edbe031c6ea8,other,49770,49770,0
run_009,removal,removal_1772962354,remove-irs3-member1-1772962354,remove-irs3-member1-1772962354,20,operation_start,removal_submit_done,2026-03-08T09:32:34.244574Z,2026-03-08T09:32:36.595489Z,/var/lib/docker/volumes,b8143ef8453ad18871b4b4e0ba6041764a2cda76bc6f516fa468de5fd6585e72,other,49770,49770,0
run_009,removal,removal_1772962354,remove-irs3-member1-1772962354,remove-irs3-member1-1772962354,20,operation_start,removal_submit_done,2026-03-08T09:32:34.244574Z,2026-03-08T09:32:36.595489Z,/var/lib/docker/volumes,ce313f18292c11d1170b9839e1af2e5976d1858048740f79d790d8aed673a5a4,other,NA,NA,
run_009,removal,removal_1772962354,remove-irs3-member1-1772962354,remove-irs3-member1-1772962354,20,operation_start,removal_submit_done,2026-03-08T09:32:34.244574Z,2026-03-08T09:32:36.595489Z,/var/lib/docker/volumes,d9b7785a06954372515977133a1213437b80c5db1517196ca5e26134d3413ccf,other,NA,NA,
run_009,removal,removal_1772962354,remove-irs3-member1-1772962354,remove-irs3-member1-1772962354,20,operation_start,removal_submit_done,2026-03-08T09:32:34.244574Z,2026-03-08T09:32:36.595489Z,/var/lib/docker/volumes,e0eec01c85bd157680e466dd14073f2a433b51342ff770c3a292c984a51f226b,other,NA,NA,
run_009,removal,removal_1772962354,remove-irs3-member1-1772962354,remove-irs3-member1-1772962354,20,operation_start,removal_submit_done,2026-03-08T09:32:34.244574Z,2026-03-08T09:32:36.595489Z,/var/lib/docker/volumes,fabric_orderer.kit.edu,orderer,132179031,132187650,8619
run_009,removal,removal_1772962354,remove-irs3-member1-1772962354,remove-irs3-member1-1772962354,20,operation_start,removal_submit_done,2026-03-08T09:32:34.244574Z,2026-03-08T09:32:36.595489Z,/var/lib/docker/volumes,fabric_peer0.irs1.kit.edu,other,5006,5006,0
run_009,removal,removal_1772962354,remove-irs3-member1-1772962354,remove-irs3-member1-1772962354,20,operation_start,removal_submit_done,2026-03-08T09:32:34.244574Z,2026-03-08T09:32:36.595489Z,/var/lib/docker/volumes,fabric_peer0.irs3.kit.edu,peer,31146435,31156167,9732
run_009,removal,removal_1772962354,remove-irs3-member1-1772962354,remove-irs3-member1-1772962354,20,operation_start,removal_submit_done,2026-03-08T09:32:34.244574Z,2026-03-08T09:32:36.595489Z,/var/lib/docker/volumes,fabric_peer1.irs3.kit.edu,other,31145010,31154742,9732
run_009,removal,removal_1772962354,remove-irs3-member1-1772962354,remove-irs3-member1-1772962354,20,operation_start,removal_submit_done,2026-03-08T09:32:34.244574Z,2026-03-08T09:32:36.595489Z,/var/lib/docker/volumes,fabric_peer2.irs3.kit.edu,other,31145007,31154739,9732
run_009,removal,removal_1772962354,remove-irs3-member1-1772962354,remove-irs3-member1-1772962354,20,operation_start,removal_submit_done,2026-03-08T09:32:34.244574Z,2026-03-08T09:32:36.595489Z,/var/lib/docker/volumes,fabric_peer3.irs3.kit.edu,other,31146432,31156164,9732
run_009,removal,removal_1772962354,remove-irs3-member1-1772962354,remove-irs3-member1-1772962354,20,removal_submit_done,removal_voted,2026-03-08T09:32:36.595489Z,2026-03-08T09:32:39.579276625Z,/var/lib/docker/volumes,002a2c976d26a3f9c7eff06e2f9efe095908dd0ee21b2715cc202589b435aec2,other,NA,NA,
run_009,removal,removal_1772962354,remove-irs3-member1-1772962354,remove-irs3-member1-1772962354,20,removal_submit_done,removal_voted,2026-03-08T09:32:36.595489Z,2026-03-08T09:32:39.579276625Z,/var/lib/docker/volumes,35a02607c21ea95db05e7150f71e6e704f4d6479a4a76375ed8ec3cbfc5ec094,other,NA,NA,
run_009,removal,removal_1772962354,remove-irs3-member1-1772962354,remove-irs3-member1-1772962354,20,removal_submit_done,removal_voted,2026-03-08T09:32:36.595489Z,2026-03-08T09:32:39.579276625Z,/var/lib/docker/volumes,791e62bfc17bf044236c3dcb5d77ec82610b27aa4d5f3c78aff2e2842f98f9ee,other,NA,NA,
run_009,removal,removal_1772962354,remove-irs3-member1-1772962354,remove-irs3-member1-1772962354,20,removal_submit_done,removal_voted,2026-03-08T09:32:36.595489Z,2026-03-08T09:32:39.579276625Z,/var/lib/docker/volumes,91dbb4452b1c3709e842113c225d65a63eab07cdac1110f244a9dfbdddb57dbf,other,NA,NA,
run_009,removal,removal_1772962354,remove-irs3-member1-1772962354,remove-irs3-member1-1772962354,20,removal_submit_done,removal_voted,2026-03-08T09:32:36.595489Z,2026-03-08T09:32:39.579276625Z,/var/lib/docker/volumes,99ac8c723665556c954d288ca00335f1fae5493d384cb656ecf5a945cc9ae3b8,other,NA,NA,
run_009,removal,removal_1772962354,remove-irs3-member1-1772962354,remove-irs3-member1-1772962354,20,removal_submit_done,removal_voted,2026-03-08T09:32:36.595489Z,2026-03-08T09:32:39.579276625Z,/var/lib/docker/volumes,ab96d922f06ec7a94f1b5200e75e480c9ed7eba86fbbe33b5cb9edbe031c6ea8,other,49770,49770,0
run_009,removal,removal_1772962354,remove-irs3-member1-1772962354,remove-irs3-member1-1772962354,20,removal_submit_done,removal_voted,2026-03-08T09:32:36.595489Z,2026-03-08T09:32:39.579276625Z,/var/lib/docker/volumes,b8143ef8453ad18871b4b4e0ba6041764a2cda76bc6f516fa468de5fd6585e72,other,49770,49770,0
run_009,removal,removal_1772962354,remove-irs3-member1-1772962354,remove-irs3-member1-1772962354,20,removal_submit_done,removal_voted,2026-03-08T09:32:36.595489Z,2026-03-08T09:32:39.579276625Z,/var/lib/docker/volumes,ce313f18292c11d1170b9839e1af2e5976d1858048740f79d790d8aed673a5a4,other,NA,NA,
run_009,removal,removal_1772962354,remove-irs3-member1-1772962354,remove-irs3-member1-1772962354,20,removal_submit_done,removal_voted,2026-03-08T09:32:36.595489Z,2026-03-08T09:32:39.579276625Z,/var/lib/docker/volumes,d9b7785a06954372515977133a1213437b80c5db1517196ca5e26134d3413ccf,other,NA,NA,
run_009,removal,removal_1772962354,remove-irs3-member1-1772962354,remove-irs3-member1-1772962354,20,removal_submit_done,removal_voted,2026-03-08T09:32:36.595489Z,2026-03-08T09:32:39.579276625Z,/var/lib/docker/volumes,e0eec01c85bd157680e466dd14073f2a433b51342ff770c3a292c984a51f226b,other,NA,NA,
run_009,removal,removal_1772962354,remove-irs3-member1-1772962354,remove-irs3-member1-1772962354,20,removal_submit_done,removal_voted,2026-03-08T09:32:36.595489Z,2026-03-08T09:32:39.579276625Z,/var/lib/docker/volumes,fabric_orderer.kit.edu,orderer,132187650,132203142,15492
run_009,removal,removal_1772962354,remove-irs3-member1-1772962354,remove-irs3-member1-1772962354,20,removal_submit_done,removal_voted,2026-03-08T09:32:36.595489Z,2026-03-08T09:32:39.579276625Z,/var/lib/docker/volumes,fabric_peer0.irs1.kit.edu,other,5006,5006,0
run_009,removal,removal_1772962354,remove-irs3-member1-1772962354,remove-irs3-member1-1772962354,20,removal_submit_done,removal_voted,2026-03-08T09:32:36.595489Z,2026-03-08T09:32:39.579276625Z,/var/lib/docker/volumes,fabric_peer0.irs3.kit.edu,peer,31156167,31173890,17723
run_009,removal,removal_1772962354,remove-irs3-member1-1772962354,remove-irs3-member1-1772962354,20,removal_submit_done,removal_voted,2026-03-08T09:32:36.595489Z,2026-03-08T09:32:39.579276625Z,/var/lib/docker/volumes,fabric_peer1.irs3.kit.edu,other,31154742,31172465,17723
run_009,removal,removal_1772962354,remove-irs3-member1-1772962354,remove-irs3-member1-1772962354,20,removal_submit_done,removal_voted,2026-03-08T09:32:36.595489Z,2026-03-08T09:32:39.579276625Z,/var/lib/docker/volumes,fabric_peer2.irs3.kit.edu,other,31154739,31172462,17723
run_009,removal,removal_1772962354,remove-irs3-member1-1772962354,remove-irs3-member1-1772962354,20,removal_submit_done,removal_voted,2026-03-08T09:32:36.595489Z,2026-03-08T09:32:39.579276625Z,/var/lib/docker/volumes,fabric_peer3.irs3.kit.edu,other,31156164,31173887,17723
run_009,removal,removal_1772962354,remove-irs3-member1-1772962354,remove-irs3-member1-1772962354,20,removal_voted,removal_approved,2026-03-08T09:32:39.579276625Z,2026-03-08T09:32:41.674963354Z,/var/lib/docker/volumes,002a2c976d26a3f9c7eff06e2f9efe095908dd0ee21b2715cc202589b435aec2,other,NA,NA,
run_009,removal,removal_1772962354,remove-irs3-member1-1772962354,remove-irs3-member1-1772962354,20,removal_voted,removal_approved,2026-03-08T09:32:39.579276625Z,2026-03-08T09:32:41.674963354Z,/var/lib/docker/volumes,35a02607c21ea95db05e7150f71e6e704f4d6479a4a76375ed8ec3cbfc5ec094,other,NA,NA,
run_009,removal,removal_1772962354,remove-irs3-member1-1772962354,remove-irs3-member1-1772962354,20,removal_voted,removal_approved,2026-03-08T09:32:39.579276625Z,2026-03-08T09:32:41.674963354Z,/var/lib/docker/volumes,791e62bfc17bf044236c3dcb5d77ec82610b27aa4d5f3c78aff2e2842f98f9ee,other,NA,NA,
run_009,removal,removal_1772962354,remove-irs3-member1-1772962354,remove-irs3-member1-1772962354,20,removal_voted,removal_approved,2026-03-08T09:32:39.579276625Z,2026-03-08T09:32:41.674963354Z,/var/lib/docker/volumes,91dbb4452b1c3709e842113c225d65a63eab07cdac1110f244a9dfbdddb57dbf,other,NA,NA,
run_009,removal,removal_1772962354,remove-irs3-member1-1772962354,remove-irs3-member1-1772962354,20,removal_voted,removal_approved,2026-03-08T09:32:39.579276625Z,2026-03-08T09:32:41.674963354Z,/var/lib/docker/volumes,99ac8c723665556c954d288ca00335f1fae5493d384cb656ecf5a945cc9ae3b8,other,NA,NA,
run_009,removal,removal_1772962354,remove-irs3-member1-1772962354,remove-irs3-member1-1772962354,20,removal_voted,removal_approved,2026-03-08T09:32:39.579276625Z,2026-03-08T09:32:41.674963354Z,/var/lib/docker/volumes,ab96d922f06ec7a94f1b5200e75e480c9ed7eba86fbbe33b5cb9edbe031c6ea8,other,49770,49770,0
run_009,removal,removal_1772962354,remove-irs3-member1-1772962354,remove-irs3-member1-1772962354,20,removal_voted,removal_approved,2026-03-08T09:32:39.579276625Z,2026-03-08T09:32:41.674963354Z,/var/lib/docker/volumes,b8143ef8453ad18871b4b4e0ba6041764a2cda76bc6f516fa468de5fd6585e72,other,49770,49770,0
run_009,removal,removal_1772962354,remove-irs3-member1-1772962354,remove-irs3-member1-1772962354,20,removal_voted,removal_approved,2026-03-08T09:32:39.579276625Z,2026-03-08T09:32:41.674963354Z,/var/lib/docker/volumes,ce313f18292c11d1170b9839e1af2e5976d1858048740f79d790d8aed673a5a4,other,NA,NA,
run_009,removal,removal_1772962354,remove-irs3-member1-1772962354,remove-irs3-member1-1772962354,20,removal_voted,removal_approved,2026-03-08T09:32:39.579276625Z,2026-03-08T09:32:41.674963354Z,/var/lib/docker/volumes,d9b7785a06954372515977133a1213437b80c5db1517196ca5e26134d3413ccf,other,NA,NA,
run_009,removal,removal_1772962354,remove-irs3-member1-1772962354,remove-irs3-member1-1772962354,20,removal_voted,removal_approved,2026-03-08T09:32:39.579276625Z,2026-03-08T09:32:41.674963354Z,/var/lib/docker/volumes,e0eec01c85bd157680e466dd14073f2a433b51342ff770c3a292c984a51f226b,other,NA,NA,
run_009,removal,removal_1772962354,remove-irs3-member1-1772962354,remove-irs3-member1-1772962354,20,removal_voted,removal_approved,2026-03-08T09:32:39.579276625Z,2026-03-08T09:32:41.674963354Z,/var/lib/docker/volumes,fabric_orderer.kit.edu,orderer,132203142,132220639,17497
run_009,removal,removal_1772962354,remove-irs3-member1-1772962354,remove-irs3-member1-1772962354,20,removal_voted,removal_approved,2026-03-08T09:32:39.579276625Z,2026-03-08T09:32:41.674963354Z,/var/lib/docker/volumes,fabric_peer0.irs1.kit.edu,other,5006,5006,0
run_009,removal,removal_1772962354,remove-irs3-member1-1772962354,remove-irs3-member1-1772962354,20,removal_voted,removal_approved,2026-03-08T09:32:39.579276625Z,2026-03-08T09:32:41.674963354Z,/var/lib/docker/volumes,fabric_peer0.irs3.kit.edu,peer,31173890,31196001,22111
run_009,removal,removal_1772962354,remove-irs3-member1-1772962354,remove-irs3-member1-1772962354,20,removal_voted,removal_approved,2026-03-08T09:32:39.579276625Z,2026-03-08T09:32:41.674963354Z,/var/lib/docker/volumes,fabric_peer1.irs3.kit.edu,other,31172465,31194576,22111
run_009,removal,removal_1772962354,remove-irs3-member1-1772962354,remove-irs3-member1-1772962354,20,removal_voted,removal_approved,2026-03-08T09:32:39.579276625Z,2026-03-08T09:32:41.674963354Z,/var/lib/docker/volumes,fabric_peer2.irs3.kit.edu,other,31172462,31194573,22111
run_009,removal,removal_1772962354,remove-irs3-member1-1772962354,remove-irs3-member1-1772962354,20,removal_voted,removal_approved,2026-03-08T09:32:39.579276625Z,2026-03-08T09:32:41.674963354Z,/var/lib/docker/volumes,fabric_peer3.irs3.kit.edu,other,31173887,31195998,22111
run_009,removal,removal_1772962354,remove-irs3-member1-1772962354,remove-irs3-member1-1772962354,20,removal_approved,reshare_started,2026-03-08T09:32:41.674963354Z,2026-03-08T09:32:42.973446Z,/var/lib/docker/volumes,002a2c976d26a3f9c7eff06e2f9efe095908dd0ee21b2715cc202589b435aec2,other,NA,NA,
run_009,removal,removal_1772962354,remove-irs3-member1-1772962354,remove-irs3-member1-1772962354,20,removal_approved,reshare_started,2026-03-08T09:32:41.674963354Z,2026-03-08T09:32:42.973446Z,/var/lib/docker/volumes,35a02607c21ea95db05e7150f71e6e704f4d6479a4a76375ed8ec3cbfc5ec094,other,NA,NA,
run_009,removal,removal_1772962354,remove-irs3-member1-1772962354,remove-irs3-member1-1772962354,20,removal_approved,reshare_started,2026-03-08T09:32:41.674963354Z,2026-03-08T09:32:42.973446Z,/var/lib/docker/volumes,791e62bfc17bf044236c3dcb5d77ec82610b27aa4d5f3c78aff2e2842f98f9ee,other,NA,NA,
run_009,removal,removal_1772962354,remove-irs3-member1-1772962354,remove-irs3-member1-1772962354,20,removal_approved,reshare_started,2026-03-08T09:32:41.674963354Z,2026-03-08T09:32:42.973446Z,/var/lib/docker/volumes,91dbb4452b1c3709e842113c225d65a63eab07cdac1110f244a9dfbdddb57dbf,other,NA,NA,
run_009,removal,removal_1772962354,remove-irs3-member1-1772962354,remove-irs3-member1-1772962354,20,removal_approved,reshare_started,2026-03-08T09:32:41.674963354Z,2026-03-08T09:32:42.973446Z,/var/lib/docker/volumes,99ac8c723665556c954d288ca00335f1fae5493d384cb656ecf5a945cc9ae3b8,other,NA,NA,
run_009,removal,removal_1772962354,remove-irs3-member1-1772962354,remove-irs3-member1-1772962354,20,removal_approved,reshare_started,2026-03-08T09:32:41.674963354Z,2026-03-08T09:32:42.973446Z,/var/lib/docker/volumes,ab96d922f06ec7a94f1b5200e75e480c9ed7eba86fbbe33b5cb9edbe031c6ea8,other,49770,49770,0
run_009,removal,removal_1772962354,remove-irs3-member1-1772962354,remove-irs3-member1-1772962354,20,removal_approved,reshare_started,2026-03-08T09:32:41.674963354Z,2026-03-08T09:32:42.973446Z,/var/lib/docker/volumes,b8143ef8453ad18871b4b4e0ba6041764a2cda76bc6f516fa468de5fd6585e72,other,49770,49770,0
run_009,removal,removal_1772962354,remove-irs3-member1-1772962354,remove-irs3-member1-1772962354,20,removal_approved,reshare_started,2026-03-08T09:32:41.674963354Z,2026-03-08T09:32:42.973446Z,/var/lib/docker/volumes,ce313f18292c11d1170b9839e1af2e5976d1858048740f79d790d8aed673a5a4,other,NA,NA,
run_009,removal,removal_1772962354,remove-irs3-member1-1772962354,remove-irs3-member1-1772962354,20,removal_approved,reshare_started,2026-03-08T09:32:41.674963354Z,2026-03-08T09:32:42.973446Z,/var/lib/docker/volumes,d9b7785a06954372515977133a1213437b80c5db1517196ca5e26134d3413ccf,other,NA,NA,
run_009,removal,removal_1772962354,remove-irs3-member1-1772962354,remove-irs3-member1-1772962354,20,removal_approved,reshare_started,2026-03-08T09:32:41.674963354Z,2026-03-08T09:32:42.973446Z,/var/lib/docker/volumes,e0eec01c85bd157680e466dd14073f2a433b51342ff770c3a292c984a51f226b,other,NA,NA,
run_009,removal,removal_1772962354,remove-irs3-member1-1772962354,remove-irs3-member1-1772962354,20,removal_approved,reshare_started,2026-03-08T09:32:41.674963354Z,2026-03-08T09:32:42.973446Z,/var/lib/docker/volumes,fabric_orderer.kit.edu,orderer,132220639,132220639,0
run_009,removal,removal_1772962354,remove-irs3-member1-1772962354,remove-irs3-member1-1772962354,20,removal_approved,reshare_started,2026-03-08T09:32:41.674963354Z,2026-03-08T09:32:42.973446Z,/var/lib/docker/volumes,fabric_peer0.irs1.kit.edu,other,5006,5006,0
run_009,removal,removal_1772962354,remove-irs3-member1-1772962354,remove-irs3-member1-1772962354,20,removal_approved,reshare_started,2026-03-08T09:32:41.674963354Z,2026-03-08T09:32:42.973446Z,/var/lib/docker/volumes,fabric_peer0.irs3.kit.edu,peer,31196001,31196001,0
run_009,removal,removal_1772962354,remove-irs3-member1-1772962354,remove-irs3-member1-1772962354,20,removal_approved,reshare_started,2026-03-08T09:32:41.674963354Z,2026-03-08T09:32:42.973446Z,/var/lib/docker/volumes,fabric_peer1.irs3.kit.edu,other,31194576,31194576,0
run_009,removal,removal_1772962354,remove-irs3-member1-1772962354,remove-irs3-member1-1772962354,20,removal_approved,reshare_started,2026-03-08T09:32:41.674963354Z,2026-03-08T09:32:42.973446Z,/var/lib/docker/volumes,fabric_peer2.irs3.kit.edu,other,31194573,31194573,0
run_009,removal,removal_1772962354,remove-irs3-member1-1772962354,remove-irs3-member1-1772962354,20,removal_approved,reshare_started,2026-03-08T09:32:41.674963354Z,2026-03-08T09:32:42.973446Z,/var/lib/docker/volumes,fabric_peer3.irs3.kit.edu,other,31195998,31195998,0
run_009,removal,removal_1772962354,remove-irs3-member1-1772962354,remove-irs3-member1-1772962354,20,reshare_started,reshare_completed,2026-03-08T09:32:42.973446Z,2026-03-08T09:33:04.95781992Z,/var/lib/docker/volumes,002a2c976d26a3f9c7eff06e2f9efe095908dd0ee21b2715cc202589b435aec2,other,NA,NA,
run_009,removal,removal_1772962354,remove-irs3-member1-1772962354,remove-irs3-member1-1772962354,20,reshare_started,reshare_completed,2026-03-08T09:32:42.973446Z,2026-03-08T09:33:04.95781992Z,/var/lib/docker/volumes,35a02607c21ea95db05e7150f71e6e704f4d6479a4a76375ed8ec3cbfc5ec094,other,NA,NA,
run_009,removal,removal_1772962354,remove-irs3-member1-1772962354,remove-irs3-member1-1772962354,20,reshare_started,reshare_completed,2026-03-08T09:32:42.973446Z,2026-03-08T09:33:04.95781992Z,/var/lib/docker/volumes,791e62bfc17bf044236c3dcb5d77ec82610b27aa4d5f3c78aff2e2842f98f9ee,other,NA,NA,
run_009,removal,removal_1772962354,remove-irs3-member1-1772962354,remove-irs3-member1-1772962354,20,reshare_started,reshare_completed,2026-03-08T09:32:42.973446Z,2026-03-08T09:33:04.95781992Z,/var/lib/docker/volumes,91dbb4452b1c3709e842113c225d65a63eab07cdac1110f244a9dfbdddb57dbf,other,NA,NA,
run_009,removal,removal_1772962354,remove-irs3-member1-1772962354,remove-irs3-member1-1772962354,20,reshare_started,reshare_completed,2026-03-08T09:32:42.973446Z,2026-03-08T09:33:04.95781992Z,/var/lib/docker/volumes,99ac8c723665556c954d288ca00335f1fae5493d384cb656ecf5a945cc9ae3b8,other,NA,NA,
run_009,removal,removal_1772962354,remove-irs3-member1-1772962354,remove-irs3-member1-1772962354,20,reshare_started,reshare_completed,2026-03-08T09:32:42.973446Z,2026-03-08T09:33:04.95781992Z,/var/lib/docker/volumes,ab96d922f06ec7a94f1b5200e75e480c9ed7eba86fbbe33b5cb9edbe031c6ea8,other,49770,49770,0
run_009,removal,removal_1772962354,remove-irs3-member1-1772962354,remove-irs3-member1-1772962354,20,reshare_started,reshare_completed,2026-03-08T09:32:42.973446Z,2026-03-08T09:33:04.95781992Z,/var/lib/docker/volumes,b8143ef8453ad18871b4b4e0ba6041764a2cda76bc6f516fa468de5fd6585e72,other,49770,49770,0
run_009,removal,removal_1772962354,remove-irs3-member1-1772962354,remove-irs3-member1-1772962354,20,reshare_started,reshare_completed,2026-03-08T09:32:42.973446Z,2026-03-08T09:33:04.95781992Z,/var/lib/docker/volumes,ce313f18292c11d1170b9839e1af2e5976d1858048740f79d790d8aed673a5a4,other,NA,NA,
run_009,removal,removal_1772962354,remove-irs3-member1-1772962354,remove-irs3-member1-1772962354,20,reshare_started,reshare_completed,2026-03-08T09:32:42.973446Z,2026-03-08T09:33:04.95781992Z,/var/lib/docker/volumes,d9b7785a06954372515977133a1213437b80c5db1517196ca5e26134d3413ccf,other,NA,NA,
run_009,removal,removal_1772962354,remove-irs3-member1-1772962354,remove-irs3-member1-1772962354,20,reshare_started,reshare_completed,2026-03-08T09:32:42.973446Z,2026-03-08T09:33:04.95781992Z,/var/lib/docker/volumes,e0eec01c85bd157680e466dd14073f2a433b51342ff770c3a292c984a51f226b,other,NA,NA,
run_009,removal,removal_1772962354,remove-irs3-member1-1772962354,remove-irs3-member1-1772962354,20,reshare_started,reshare_completed,2026-03-08T09:32:42.973446Z,2026-03-08T09:33:04.95781992Z,/var/lib/docker/volumes,fabric_orderer.kit.edu,orderer,132220639,132272181,51542
run_009,removal,removal_1772962354,remove-irs3-member1-1772962354,remove-irs3-member1-1772962354,20,reshare_started,reshare_completed,2026-03-08T09:32:42.973446Z,2026-03-08T09:33:04.95781992Z,/var/lib/docker/volumes,fabric_peer0.irs1.kit.edu,other,5006,5006,0
run_009,removal,removal_1772962354,remove-irs3-member1-1772962354,remove-irs3-member1-1772962354,20,reshare_started,reshare_completed,2026-03-08T09:32:42.973446Z,2026-03-08T09:33:04.95781992Z,/var/lib/docker/volumes,fabric_peer0.irs3.kit.edu,peer,31196001,31257410,61409
run_009,removal,removal_1772962354,remove-irs3-member1-1772962354,remove-irs3-member1-1772962354,20,reshare_started,reshare_completed,2026-03-08T09:32:42.973446Z,2026-03-08T09:33:04.95781992Z,/var/lib/docker/volumes,fabric_peer1.irs3.kit.edu,other,31194576,31255985,61409
run_009,removal,removal_1772962354,remove-irs3-member1-1772962354,remove-irs3-member1-1772962354,20,reshare_started,reshare_completed,2026-03-08T09:32:42.973446Z,2026-03-08T09:33:04.95781992Z,/var/lib/docker/volumes,fabric_peer2.irs3.kit.edu,other,31194573,31255982,61409
run_009,removal,removal_1772962354,remove-irs3-member1-1772962354,remove-irs3-member1-1772962354,20,reshare_started,reshare_completed,2026-03-08T09:32:42.973446Z,2026-03-08T09:33:04.95781992Z,/var/lib/docker/volumes,fabric_peer3.irs3.kit.edu,other,31195998,31257407,61409
run_009,removal,removal_1772962354,remove-irs3-member1-1772962354,remove-irs3-member1-1772962354,20,reshare_completed,operation_end,2026-03-08T09:33:04.95781992Z,2026-03-08T09:33:05.380213Z,/var/lib/docker/volumes,002a2c976d26a3f9c7eff06e2f9efe095908dd0ee21b2715cc202589b435aec2,other,NA,NA,
run_009,removal,removal_1772962354,remove-irs3-member1-1772962354,remove-irs3-member1-1772962354,20,reshare_completed,operation_end,2026-03-08T09:33:04.95781992Z,2026-03-08T09:33:05.380213Z,/var/lib/docker/volumes,35a02607c21ea95db05e7150f71e6e704f4d6479a4a76375ed8ec3cbfc5ec094,other,NA,NA,
run_009,removal,removal_1772962354,remove-irs3-member1-1772962354,remove-irs3-member1-1772962354,20,reshare_completed,operation_end,2026-03-08T09:33:04.95781992Z,2026-03-08T09:33:05.380213Z,/var/lib/docker/volumes,791e62bfc17bf044236c3dcb5d77ec82610b27aa4d5f3c78aff2e2842f98f9ee,other,NA,NA,
run_009,removal,removal_1772962354,remove-irs3-member1-1772962354,remove-irs3-member1-1772962354,20,reshare_completed,operation_end,2026-03-08T09:33:04.95781992Z,2026-03-08T09:33:05.380213Z,/var/lib/docker/volumes,91dbb4452b1c3709e842113c225d65a63eab07cdac1110f244a9dfbdddb57dbf,other,NA,NA,
run_009,removal,removal_1772962354,remove-irs3-member1-1772962354,remove-irs3-member1-1772962354,20,reshare_completed,operation_end,2026-03-08T09:33:04.95781992Z,2026-03-08T09:33:05.380213Z,/var/lib/docker/volumes,99ac8c723665556c954d288ca00335f1fae5493d384cb656ecf5a945cc9ae3b8,other,NA,NA,
run_009,removal,removal_1772962354,remove-irs3-member1-1772962354,remove-irs3-member1-1772962354,20,reshare_completed,operation_end,2026-03-08T09:33:04.95781992Z,2026-03-08T09:33:05.380213Z,/var/lib/docker/volumes,ab96d922f06ec7a94f1b5200e75e480c9ed7eba86fbbe33b5cb9edbe031c6ea8,other,49770,49770,0
run_009,removal,removal_1772962354,remove-irs3-member1-1772962354,remove-irs3-member1-1772962354,20,reshare_completed,operation_end,2026-03-08T09:33:04.95781992Z,2026-03-08T09:33:05.380213Z,/var/lib/docker/volumes,b8143ef8453ad18871b4b4e0ba6041764a2cda76bc6f516fa468de5fd6585e72,other,49770,49770,0
run_009,removal,removal_1772962354,remove-irs3-member1-1772962354,remove-irs3-member1-1772962354,20,reshare_completed,operation_end,2026-03-08T09:33:04.95781992Z,2026-03-08T09:33:05.380213Z,/var/lib/docker/volumes,ce313f18292c11d1170b9839e1af2e5976d1858048740f79d790d8aed673a5a4,other,NA,NA,
run_009,removal,removal_1772962354,remove-irs3-member1-1772962354,remove-irs3-member1-1772962354,20,reshare_completed,operation_end,2026-03-08T09:33:04.95781992Z,2026-03-08T09:33:05.380213Z,/var/lib/docker/volumes,d9b7785a06954372515977133a1213437b80c5db1517196ca5e26134d3413ccf,other,NA,NA,
run_009,removal,removal_1772962354,remove-irs3-member1-1772962354,remove-irs3-member1-1772962354,20,reshare_completed,operation_end,2026-03-08T09:33:04.95781992Z,2026-03-08T09:33:05.380213Z,/var/lib/docker/volumes,e0eec01c85bd157680e466dd14073f2a433b51342ff770c3a292c984a51f226b,other,NA,NA,
run_009,removal,removal_1772962354,remove-irs3-member1-1772962354,remove-irs3-member1-1772962354,20,reshare_completed,operation_end,2026-03-08T09:33:04.95781992Z,2026-03-08T09:33:05.380213Z,/var/lib/docker/volumes,fabric_orderer.kit.edu,orderer,132272181,132272181,0
run_009,removal,removal_1772962354,remove-irs3-member1-1772962354,remove-irs3-member1-1772962354,20,reshare_completed,operation_end,2026-03-08T09:33:04.95781992Z,2026-03-08T09:33:05.380213Z,/var/lib/docker/volumes,fabric_peer0.irs1.kit.edu,other,5006,5006,0
run_009,removal,removal_1772962354,remove-irs3-member1-1772962354,remove-irs3-member1-1772962354,20,reshare_completed,operation_end,2026-03-08T09:33:04.95781992Z,2026-03-08T09:33:05.380213Z,/var/lib/docker/volumes,fabric_peer0.irs3.kit.edu,peer,31257410,31257410,0
run_009,removal,removal_1772962354,remove-irs3-member1-1772962354,remove-irs3-member1-1772962354,20,reshare_completed,operation_end,2026-03-08T09:33:04.95781992Z,2026-03-08T09:33:05.380213Z,/var/lib/docker/volumes,fabric_peer1.irs3.kit.edu,other,31255985,31255985,0
run_009,removal,removal_1772962354,remove-irs3-member1-1772962354,remove-irs3-member1-1772962354,20,reshare_completed,operation_end,2026-03-08T09:33:04.95781992Z,2026-03-08T09:33:05.380213Z,/var/lib/docker/volumes,fabric_peer2.irs3.kit.edu,other,31255982,31255982,0
run_009,removal,removal_1772962354,remove-irs3-member1-1772962354,remove-irs3-member1-1772962354,20,reshare_completed,operation_end,2026-03-08T09:33:04.95781992Z,2026-03-08T09:33:05.380213Z,/var/lib/docker/volumes,fabric_peer3.irs3.kit.edu,other,31257407,31257407,0
run_009,join,join_1772962403,join-irs3-1772962403,join-irs3-1772962403,21,operation_start,join_submit_done,2026-03-08T09:33:23.697818Z,2026-03-08T09:33:26.069548Z,/var/lib/docker/volumes,002a2c976d26a3f9c7eff06e2f9efe095908dd0ee21b2715cc202589b435aec2,other,NA,NA,
run_009,join,join_1772962403,join-irs3-1772962403,join-irs3-1772962403,21,operation_start,join_submit_done,2026-03-08T09:33:23.697818Z,2026-03-08T09:33:26.069548Z,/var/lib/docker/volumes,35a02607c21ea95db05e7150f71e6e704f4d6479a4a76375ed8ec3cbfc5ec094,other,NA,NA,
run_009,join,join_1772962403,join-irs3-1772962403,join-irs3-1772962403,21,operation_start,join_submit_done,2026-03-08T09:33:23.697818Z,2026-03-08T09:33:26.069548Z,/var/lib/docker/volumes,791e62bfc17bf044236c3dcb5d77ec82610b27aa4d5f3c78aff2e2842f98f9ee,other,NA,NA,
run_009,join,join_1772962403,join-irs3-1772962403,join-irs3-1772962403,21,operation_start,join_submit_done,2026-03-08T09:33:23.697818Z,2026-03-08T09:33:26.069548Z,/var/lib/docker/volumes,91dbb4452b1c3709e842113c225d65a63eab07cdac1110f244a9dfbdddb57dbf,other,NA,NA,
run_009,join,join_1772962403,join-irs3-1772962403,join-irs3-1772962403,21,operation_start,join_submit_done,2026-03-08T09:33:23.697818Z,2026-03-08T09:33:26.069548Z,/var/lib/docker/volumes,99ac8c723665556c954d288ca00335f1fae5493d384cb656ecf5a945cc9ae3b8,other,NA,NA,
run_009,join,join_1772962403,join-irs3-1772962403,join-irs3-1772962403,21,operation_start,join_submit_done,2026-03-08T09:33:23.697818Z,2026-03-08T09:33:26.069548Z,/var/lib/docker/volumes,ab96d922f06ec7a94f1b5200e75e480c9ed7eba86fbbe33b5cb9edbe031c6ea8,other,49770,49770,0
run_009,join,join_1772962403,join-irs3-1772962403,join-irs3-1772962403,21,operation_start,join_submit_done,2026-03-08T09:33:23.697818Z,2026-03-08T09:33:26.069548Z,/var/lib/docker/volumes,b8143ef8453ad18871b4b4e0ba6041764a2cda76bc6f516fa468de5fd6585e72,other,49770,49770,0
run_009,join,join_1772962403,join-irs3-1772962403,join-irs3-1772962403,21,operation_start,join_submit_done,2026-03-08T09:33:23.697818Z,2026-03-08T09:33:26.069548Z,/var/lib/docker/volumes,ce313f18292c11d1170b9839e1af2e5976d1858048740f79d790d8aed673a5a4,other,NA,NA,
run_009,join,join_1772962403,join-irs3-1772962403,join-irs3-1772962403,21,operation_start,join_submit_done,2026-03-08T09:33:23.697818Z,2026-03-08T09:33:26.069548Z,/var/lib/docker/volumes,d9b7785a06954372515977133a1213437b80c5db1517196ca5e26134d3413ccf,other,NA,NA,
run_009,join,join_1772962403,join-irs3-1772962403,join-irs3-1772962403,21,operation_start,join_submit_done,2026-03-08T09:33:23.697818Z,2026-03-08T09:33:26.069548Z,/var/lib/docker/volumes,e0eec01c85bd157680e466dd14073f2a433b51342ff770c3a292c984a51f226b,other,NA,NA,
run_009,join,join_1772962403,join-irs3-1772962403,join-irs3-1772962403,21,operation_start,join_submit_done,2026-03-08T09:33:23.697818Z,2026-03-08T09:33:26.069548Z,/var/lib/docker/volumes,fabric_orderer.kit.edu,orderer,132272181,132281223,9042
run_009,join,join_1772962403,join-irs3-1772962403,join-irs3-1772962403,21,operation_start,join_submit_done,2026-03-08T09:33:23.697818Z,2026-03-08T09:33:26.069548Z,/var/lib/docker/volumes,fabric_peer0.irs1.kit.edu,other,5006,5006,0
run_009,join,join_1772962403,join-irs3-1772962403,join-irs3-1772962403,21,operation_start,join_submit_done,2026-03-08T09:33:23.697818Z,2026-03-08T09:33:26.069548Z,/var/lib/docker/volumes,fabric_peer0.irs3.kit.edu,peer,31257410,31268343,10933
run_009,join,join_1772962403,join-irs3-1772962403,join-irs3-1772962403,21,operation_start,join_submit_done,2026-03-08T09:33:23.697818Z,2026-03-08T09:33:26.069548Z,/var/lib/docker/volumes,fabric_peer1.irs3.kit.edu,other,31255985,31266918,10933
run_009,join,join_1772962403,join-irs3-1772962403,join-irs3-1772962403,21,operation_start,join_submit_done,2026-03-08T09:33:23.697818Z,2026-03-08T09:33:26.069548Z,/var/lib/docker/volumes,fabric_peer2.irs3.kit.edu,other,31255982,31266915,10933
run_009,join,join_1772962403,join-irs3-1772962403,join-irs3-1772962403,21,operation_start,join_submit_done,2026-03-08T09:33:23.697818Z,2026-03-08T09:33:26.069548Z,/var/lib/docker/volumes,fabric_peer3.irs3.kit.edu,other,31257407,31268340,10933
run_009,join,join_1772962403,join-irs3-1772962403,join-irs3-1772962403,21,join_submit_done,join_voted,2026-03-08T09:33:26.069548Z,2026-03-08T09:33:29.563244536Z,/var/lib/docker/volumes,002a2c976d26a3f9c7eff06e2f9efe095908dd0ee21b2715cc202589b435aec2,other,NA,NA,
run_009,join,join_1772962403,join-irs3-1772962403,join-irs3-1772962403,21,join_submit_done,join_voted,2026-03-08T09:33:26.069548Z,2026-03-08T09:33:29.563244536Z,/var/lib/docker/volumes,35a02607c21ea95db05e7150f71e6e704f4d6479a4a76375ed8ec3cbfc5ec094,other,NA,NA,
run_009,join,join_1772962403,join-irs3-1772962403,join-irs3-1772962403,21,join_submit_done,join_voted,2026-03-08T09:33:26.069548Z,2026-03-08T09:33:29.563244536Z,/var/lib/docker/volumes,791e62bfc17bf044236c3dcb5d77ec82610b27aa4d5f3c78aff2e2842f98f9ee,other,NA,NA,
run_009,join,join_1772962403,join-irs3-1772962403,join-irs3-1772962403,21,join_submit_done,join_voted,2026-03-08T09:33:26.069548Z,2026-03-08T09:33:29.563244536Z,/var/lib/docker/volumes,91dbb4452b1c3709e842113c225d65a63eab07cdac1110f244a9dfbdddb57dbf,other,NA,NA,
run_009,join,join_1772962403,join-irs3-1772962403,join-irs3-1772962403,21,join_submit_done,join_voted,2026-03-08T09:33:26.069548Z,2026-03-08T09:33:29.563244536Z,/var/lib/docker/volumes,99ac8c723665556c954d288ca00335f1fae5493d384cb656ecf5a945cc9ae3b8,other,NA,NA,
run_009,join,join_1772962403,join-irs3-1772962403,join-irs3-1772962403,21,join_submit_done,join_voted,2026-03-08T09:33:26.069548Z,2026-03-08T09:33:29.563244536Z,/var/lib/docker/volumes,ab96d922f06ec7a94f1b5200e75e480c9ed7eba86fbbe33b5cb9edbe031c6ea8,other,49770,49770,0
run_009,join,join_1772962403,join-irs3-1772962403,join-irs3-1772962403,21,join_submit_done,join_voted,2026-03-08T09:33:26.069548Z,2026-03-08T09:33:29.563244536Z,/var/lib/docker/volumes,b8143ef8453ad18871b4b4e0ba6041764a2cda76bc6f516fa468de5fd6585e72,other,49770,49770,0
run_009,join,join_1772962403,join-irs3-1772962403,join-irs3-1772962403,21,join_submit_done,join_voted,2026-03-08T09:33:26.069548Z,2026-03-08T09:33:29.563244536Z,/var/lib/docker/volumes,ce313f18292c11d1170b9839e1af2e5976d1858048740f79d790d8aed673a5a4,other,NA,NA,
run_009,join,join_1772962403,join-irs3-1772962403,join-irs3-1772962403,21,join_submit_done,join_voted,2026-03-08T09:33:26.069548Z,2026-03-08T09:33:29.563244536Z,/var/lib/docker/volumes,d9b7785a06954372515977133a1213437b80c5db1517196ca5e26134d3413ccf,other,NA,NA,
run_009,join,join_1772962403,join-irs3-1772962403,join-irs3-1772962403,21,join_submit_done,join_voted,2026-03-08T09:33:26.069548Z,2026-03-08T09:33:29.563244536Z,/var/lib/docker/volumes,e0eec01c85bd157680e466dd14073f2a433b51342ff770c3a292c984a51f226b,other,NA,NA,
run_009,join,join_1772962403,join-irs3-1772962403,join-irs3-1772962403,21,join_submit_done,join_voted,2026-03-08T09:33:26.069548Z,2026-03-08T09:33:29.563244536Z,/var/lib/docker/volumes,fabric_orderer.kit.edu,orderer,132281223,132298178,16955
run_009,join,join_1772962403,join-irs3-1772962403,join-irs3-1772962403,21,join_submit_done,join_voted,2026-03-08T09:33:26.069548Z,2026-03-08T09:33:29.563244536Z,/var/lib/docker/volumes,fabric_peer0.irs1.kit.edu,other,5006,5006,0
run_009,join,join_1772962403,join-irs3-1772962403,join-irs3-1772962403,21,join_submit_done,join_voted,2026-03-08T09:33:26.069548Z,2026-03-08T09:33:29.563244536Z,/var/lib/docker/volumes,fabric_peer0.irs3.kit.edu,peer,31268343,31288280,19937
run_009,join,join_1772962403,join-irs3-1772962403,join-irs3-1772962403,21,join_submit_done,join_voted,2026-03-08T09:33:26.069548Z,2026-03-08T09:33:29.563244536Z,/var/lib/docker/volumes,fabric_peer1.irs3.kit.edu,other,31266918,31286855,19937
run_009,join,join_1772962403,join-irs3-1772962403,join-irs3-1772962403,21,join_submit_done,join_voted,2026-03-08T09:33:26.069548Z,2026-03-08T09:33:29.563244536Z,/var/lib/docker/volumes,fabric_peer2.irs3.kit.edu,other,31266915,31286852,19937
run_009,join,join_1772962403,join-irs3-1772962403,join-irs3-1772962403,21,join_submit_done,join_voted,2026-03-08T09:33:26.069548Z,2026-03-08T09:33:29.563244536Z,/var/lib/docker/volumes,fabric_peer3.irs3.kit.edu,other,31268340,31288277,19937
run_009,join,join_1772962403,join-irs3-1772962403,join-irs3-1772962403,21,join_voted,join_approved,2026-03-08T09:33:29.563244536Z,2026-03-08T09:33:32.041685659Z,/var/lib/docker/volumes,002a2c976d26a3f9c7eff06e2f9efe095908dd0ee21b2715cc202589b435aec2,other,NA,NA,
run_009,join,join_1772962403,join-irs3-1772962403,join-irs3-1772962403,21,join_voted,join_approved,2026-03-08T09:33:29.563244536Z,2026-03-08T09:33:32.041685659Z,/var/lib/docker/volumes,35a02607c21ea95db05e7150f71e6e704f4d6479a4a76375ed8ec3cbfc5ec094,other,NA,NA,
run_009,join,join_1772962403,join-irs3-1772962403,join-irs3-1772962403,21,join_voted,join_approved,2026-03-08T09:33:29.563244536Z,2026-03-08T09:33:32.041685659Z,/var/lib/docker/volumes,791e62bfc17bf044236c3dcb5d77ec82610b27aa4d5f3c78aff2e2842f98f9ee,other,NA,NA,
run_009,join,join_1772962403,join-irs3-1772962403,join-irs3-1772962403,21,join_voted,join_approved,2026-03-08T09:33:29.563244536Z,2026-03-08T09:33:32.041685659Z,/var/lib/docker/volumes,91dbb4452b1c3709e842113c225d65a63eab07cdac1110f244a9dfbdddb57dbf,other,NA,NA,
run_009,join,join_1772962403,join-irs3-1772962403,join-irs3-1772962403,21,join_voted,join_approved,2026-03-08T09:33:29.563244536Z,2026-03-08T09:33:32.041685659Z,/var/lib/docker/volumes,99ac8c723665556c954d288ca00335f1fae5493d384cb656ecf5a945cc9ae3b8,other,NA,NA,
run_009,join,join_1772962403,join-irs3-1772962403,join-irs3-1772962403,21,join_voted,join_approved,2026-03-08T09:33:29.563244536Z,2026-03-08T09:33:32.041685659Z,/var/lib/docker/volumes,ab96d922f06ec7a94f1b5200e75e480c9ed7eba86fbbe33b5cb9edbe031c6ea8,other,49770,49770,0
run_009,join,join_1772962403,join-irs3-1772962403,join-irs3-1772962403,21,join_voted,join_approved,2026-03-08T09:33:29.563244536Z,2026-03-08T09:33:32.041685659Z,/var/lib/docker/volumes,b8143ef8453ad18871b4b4e0ba6041764a2cda76bc6f516fa468de5fd6585e72,other,49770,49770,0
run_009,join,join_1772962403,join-irs3-1772962403,join-irs3-1772962403,21,join_voted,join_approved,2026-03-08T09:33:29.563244536Z,2026-03-08T09:33:32.041685659Z,/var/lib/docker/volumes,ce313f18292c11d1170b9839e1af2e5976d1858048740f79d790d8aed673a5a4,other,NA,NA,
run_009,join,join_1772962403,join-irs3-1772962403,join-irs3-1772962403,21,join_voted,join_approved,2026-03-08T09:33:29.563244536Z,2026-03-08T09:33:32.041685659Z,/var/lib/docker/volumes,d9b7785a06954372515977133a1213437b80c5db1517196ca5e26134d3413ccf,other,NA,NA,
run_009,join,join_1772962403,join-irs3-1772962403,join-irs3-1772962403,21,join_voted,join_approved,2026-03-08T09:33:29.563244536Z,2026-03-08T09:33:32.041685659Z,/var/lib/docker/volumes,e0eec01c85bd157680e466dd14073f2a433b51342ff770c3a292c984a51f226b,other,NA,NA,
run_009,join,join_1772962403,join-irs3-1772962403,join-irs3-1772962403,21,join_voted,join_approved,2026-03-08T09:33:29.563244536Z,2026-03-08T09:33:32.041685659Z,/var/lib/docker/volumes,fabric_orderer.kit.edu,orderer,132298178,132309582,11404
run_009,join,join_1772962403,join-irs3-1772962403,join-irs3-1772962403,21,join_voted,join_approved,2026-03-08T09:33:29.563244536Z,2026-03-08T09:33:32.041685659Z,/var/lib/docker/volumes,fabric_peer0.irs1.kit.edu,other,5006,5006,0
run_009,join,join_1772962403,join-irs3-1772962403,join-irs3-1772962403,21,join_voted,join_approved,2026-03-08T09:33:29.563244536Z,2026-03-08T09:33:32.041685659Z,/var/lib/docker/volumes,fabric_peer0.irs3.kit.edu,peer,31288280,31305272,16992
run_009,join,join_1772962403,join-irs3-1772962403,join-irs3-1772962403,21,join_voted,join_approved,2026-03-08T09:33:29.563244536Z,2026-03-08T09:33:32.041685659Z,/var/lib/docker/volumes,fabric_peer1.irs3.kit.edu,other,31286855,31303847,16992
run_009,join,join_1772962403,join-irs3-1772962403,join-irs3-1772962403,21,join_voted,join_approved,2026-03-08T09:33:29.563244536Z,2026-03-08T09:33:32.041685659Z,/var/lib/docker/volumes,fabric_peer2.irs3.kit.edu,other,31286852,31303844,16992
run_009,join,join_1772962403,join-irs3-1772962403,join-irs3-1772962403,21,join_voted,join_approved,2026-03-08T09:33:29.563244536Z,2026-03-08T09:33:32.041685659Z,/var/lib/docker/volumes,fabric_peer3.irs3.kit.edu,other,31288277,31305269,16992
run_009,join,join_1772962403,join-irs3-1772962403,join-irs3-1772962403,21,join_approved,reshare_started,2026-03-08T09:33:32.041685659Z,2026-03-08T09:33:32.473256Z,/var/lib/docker/volumes,002a2c976d26a3f9c7eff06e2f9efe095908dd0ee21b2715cc202589b435aec2,other,NA,NA,
run_009,join,join_1772962403,join-irs3-1772962403,join-irs3-1772962403,21,join_approved,reshare_started,2026-03-08T09:33:32.041685659Z,2026-03-08T09:33:32.473256Z,/var/lib/docker/volumes,35a02607c21ea95db05e7150f71e6e704f4d6479a4a76375ed8ec3cbfc5ec094,other,NA,NA,
run_009,join,join_1772962403,join-irs3-1772962403,join-irs3-1772962403,21,join_approved,reshare_started,2026-03-08T09:33:32.041685659Z,2026-03-08T09:33:32.473256Z,/var/lib/docker/volumes,791e62bfc17bf044236c3dcb5d77ec82610b27aa4d5f3c78aff2e2842f98f9ee,other,NA,NA,
run_009,join,join_1772962403,join-irs3-1772962403,join-irs3-1772962403,21,join_approved,reshare_started,2026-03-08T09:33:32.041685659Z,2026-03-08T09:33:32.473256Z,/var/lib/docker/volumes,91dbb4452b1c3709e842113c225d65a63eab07cdac1110f244a9dfbdddb57dbf,other,NA,NA,
run_009,join,join_1772962403,join-irs3-1772962403,join-irs3-1772962403,21,join_approved,reshare_started,2026-03-08T09:33:32.041685659Z,2026-03-08T09:33:32.473256Z,/var/lib/docker/volumes,99ac8c723665556c954d288ca00335f1fae5493d384cb656ecf5a945cc9ae3b8,other,NA,NA,
run_009,join,join_1772962403,join-irs3-1772962403,join-irs3-1772962403,21,join_approved,reshare_started,2026-03-08T09:33:32.041685659Z,2026-03-08T09:33:32.473256Z,/var/lib/docker/volumes,ab96d922f06ec7a94f1b5200e75e480c9ed7eba86fbbe33b5cb9edbe031c6ea8,other,49770,49770,0
run_009,join,join_1772962403,join-irs3-1772962403,join-irs3-1772962403,21,join_approved,reshare_started,2026-03-08T09:33:32.041685659Z,2026-03-08T09:33:32.473256Z,/var/lib/docker/volumes,b8143ef8453ad18871b4b4e0ba6041764a2cda76bc6f516fa468de5fd6585e72,other,49770,49770,0
run_009,join,join_1772962403,join-irs3-1772962403,join-irs3-1772962403,21,join_approved,reshare_started,2026-03-08T09:33:32.041685659Z,2026-03-08T09:33:32.473256Z,/var/lib/docker/volumes,ce313f18292c11d1170b9839e1af2e5976d1858048740f79d790d8aed673a5a4,other,NA,NA,
run_009,join,join_1772962403,join-irs3-1772962403,join-irs3-1772962403,21,join_approved,reshare_started,2026-03-08T09:33:32.041685659Z,2026-03-08T09:33:32.473256Z,/var/lib/docker/volumes,d9b7785a06954372515977133a1213437b80c5db1517196ca5e26134d3413ccf,other,NA,NA,
run_009,join,join_1772962403,join-irs3-1772962403,join-irs3-1772962403,21,join_approved,reshare_started,2026-03-08T09:33:32.041685659Z,2026-03-08T09:33:32.473256Z,/var/lib/docker/volumes,e0eec01c85bd157680e466dd14073f2a433b51342ff770c3a292c984a51f226b,other,NA,NA,
run_009,join,join_1772962403,join-irs3-1772962403,join-irs3-1772962403,21,join_approved,reshare_started,2026-03-08T09:33:32.041685659Z,2026-03-08T09:33:32.473256Z,/var/lib/docker/volumes,fabric_orderer.kit.edu,orderer,132309582,132309582,0
run_009,join,join_1772962403,join-irs3-1772962403,join-irs3-1772962403,21,join_approved,reshare_started,2026-03-08T09:33:32.041685659Z,2026-03-08T09:33:32.473256Z,/var/lib/docker/volumes,fabric_peer0.irs1.kit.edu,other,5006,5006,0
run_009,join,join_1772962403,join-irs3-1772962403,join-irs3-1772962403,21,join_approved,reshare_started,2026-03-08T09:33:32.041685659Z,2026-03-08T09:33:32.473256Z,/var/lib/docker/volumes,fabric_peer0.irs3.kit.edu,peer,31305272,31305272,0
run_009,join,join_1772962403,join-irs3-1772962403,join-irs3-1772962403,21,join_approved,reshare_started,2026-03-08T09:33:32.041685659Z,2026-03-08T09:33:32.473256Z,/var/lib/docker/volumes,fabric_peer1.irs3.kit.edu,other,31303847,31303847,0
run_009,join,join_1772962403,join-irs3-1772962403,join-irs3-1772962403,21,join_approved,reshare_started,2026-03-08T09:33:32.041685659Z,2026-03-08T09:33:32.473256Z,/var/lib/docker/volumes,fabric_peer2.irs3.kit.edu,other,31303844,31303844,0
run_009,join,join_1772962403,join-irs3-1772962403,join-irs3-1772962403,21,join_approved,reshare_started,2026-03-08T09:33:32.041685659Z,2026-03-08T09:33:32.473256Z,/var/lib/docker/volumes,fabric_peer3.irs3.kit.edu,other,31305269,31305269,0
run_009,join,join_1772962403,join-irs3-1772962403,join-irs3-1772962403,21,reshare_started,reshare_completed,2026-03-08T09:33:32.473256Z,2026-03-08T09:33:55.609688088Z,/var/lib/docker/volumes,002a2c976d26a3f9c7eff06e2f9efe095908dd0ee21b2715cc202589b435aec2,other,NA,NA,
run_009,join,join_1772962403,join-irs3-1772962403,join-irs3-1772962403,21,reshare_started,reshare_completed,2026-03-08T09:33:32.473256Z,2026-03-08T09:33:55.609688088Z,/var/lib/docker/volumes,35a02607c21ea95db05e7150f71e6e704f4d6479a4a76375ed8ec3cbfc5ec094,other,NA,NA,
run_009,join,join_1772962403,join-irs3-1772962403,join-irs3-1772962403,21,reshare_started,reshare_completed,2026-03-08T09:33:32.473256Z,2026-03-08T09:33:55.609688088Z,/var/lib/docker/volumes,791e62bfc17bf044236c3dcb5d77ec82610b27aa4d5f3c78aff2e2842f98f9ee,other,NA,NA,
run_009,join,join_1772962403,join-irs3-1772962403,join-irs3-1772962403,21,reshare_started,reshare_completed,2026-03-08T09:33:32.473256Z,2026-03-08T09:33:55.609688088Z,/var/lib/docker/volumes,91dbb4452b1c3709e842113c225d65a63eab07cdac1110f244a9dfbdddb57dbf,other,NA,NA,
run_009,join,join_1772962403,join-irs3-1772962403,join-irs3-1772962403,21,reshare_started,reshare_completed,2026-03-08T09:33:32.473256Z,2026-03-08T09:33:55.609688088Z,/var/lib/docker/volumes,99ac8c723665556c954d288ca00335f1fae5493d384cb656ecf5a945cc9ae3b8,other,NA,NA,
run_009,join,join_1772962403,join-irs3-1772962403,join-irs3-1772962403,21,reshare_started,reshare_completed,2026-03-08T09:33:32.473256Z,2026-03-08T09:33:55.609688088Z,/var/lib/docker/volumes,ab96d922f06ec7a94f1b5200e75e480c9ed7eba86fbbe33b5cb9edbe031c6ea8,other,49770,49770,0
run_009,join,join_1772962403,join-irs3-1772962403,join-irs3-1772962403,21,reshare_started,reshare_completed,2026-03-08T09:33:32.473256Z,2026-03-08T09:33:55.609688088Z,/var/lib/docker/volumes,b8143ef8453ad18871b4b4e0ba6041764a2cda76bc6f516fa468de5fd6585e72,other,49770,49770,0
run_009,join,join_1772962403,join-irs3-1772962403,join-irs3-1772962403,21,reshare_started,reshare_completed,2026-03-08T09:33:32.473256Z,2026-03-08T09:33:55.609688088Z,/var/lib/docker/volumes,ce313f18292c11d1170b9839e1af2e5976d1858048740f79d790d8aed673a5a4,other,NA,NA,
run_009,join,join_1772962403,join-irs3-1772962403,join-irs3-1772962403,21,reshare_started,reshare_completed,2026-03-08T09:33:32.473256Z,2026-03-08T09:33:55.609688088Z,/var/lib/docker/volumes,d9b7785a06954372515977133a1213437b80c5db1517196ca5e26134d3413ccf,other,NA,NA,
run_009,join,join_1772962403,join-irs3-1772962403,join-irs3-1772962403,21,reshare_started,reshare_completed,2026-03-08T09:33:32.473256Z,2026-03-08T09:33:55.609688088Z,/var/lib/docker/volumes,e0eec01c85bd157680e466dd14073f2a433b51342ff770c3a292c984a51f226b,other,NA,NA,
run_009,join,join_1772962403,join-irs3-1772962403,join-irs3-1772962403,21,reshare_started,reshare_completed,2026-03-08T09:33:32.473256Z,2026-03-08T09:33:55.609688088Z,/var/lib/docker/volumes,fabric_orderer.kit.edu,orderer,132309582,132349825,40243
run_009,join,join_1772962403,join-irs3-1772962403,join-irs3-1772962403,21,reshare_started,reshare_completed,2026-03-08T09:33:32.473256Z,2026-03-08T09:33:55.609688088Z,/var/lib/docker/volumes,fabric_peer0.irs1.kit.edu,other,5006,5006,0
run_009,join,join_1772962403,join-irs3-1772962403,join-irs3-1772962403,21,reshare_started,reshare_completed,2026-03-08T09:33:32.473256Z,2026-03-08T09:33:55.609688088Z,/var/lib/docker/volumes,fabric_peer0.irs3.kit.edu,peer,31305272,31352408,47136
run_009,join,join_1772962403,join-irs3-1772962403,join-irs3-1772962403,21,reshare_started,reshare_completed,2026-03-08T09:33:32.473256Z,2026-03-08T09:33:55.609688088Z,/var/lib/docker/volumes,fabric_peer1.irs3.kit.edu,other,31303847,31350983,47136
run_009,join,join_1772962403,join-irs3-1772962403,join-irs3-1772962403,21,reshare_started,reshare_completed,2026-03-08T09:33:32.473256Z,2026-03-08T09:33:55.609688088Z,/var/lib/docker/volumes,fabric_peer2.irs3.kit.edu,other,31303844,31350980,47136
run_009,join,join_1772962403,join-irs3-1772962403,join-irs3-1772962403,21,reshare_started,reshare_completed,2026-03-08T09:33:32.473256Z,2026-03-08T09:33:55.609688088Z,/var/lib/docker/volumes,fabric_peer3.irs3.kit.edu,other,31305269,31352405,47136
run_009,join,join_1772962403,join-irs3-1772962403,join-irs3-1772962403,21,reshare_completed,operation_end,2026-03-08T09:33:55.609688088Z,2026-03-08T09:34:07.000466Z,/var/lib/docker/volumes,002a2c976d26a3f9c7eff06e2f9efe095908dd0ee21b2715cc202589b435aec2,other,NA,NA,
run_009,join,join_1772962403,join-irs3-1772962403,join-irs3-1772962403,21,reshare_completed,operation_end,2026-03-08T09:33:55.609688088Z,2026-03-08T09:34:07.000466Z,/var/lib/docker/volumes,35a02607c21ea95db05e7150f71e6e704f4d6479a4a76375ed8ec3cbfc5ec094,other,NA,NA,
run_009,join,join_1772962403,join-irs3-1772962403,join-irs3-1772962403,21,reshare_completed,operation_end,2026-03-08T09:33:55.609688088Z,2026-03-08T09:34:07.000466Z,/var/lib/docker/volumes,791e62bfc17bf044236c3dcb5d77ec82610b27aa4d5f3c78aff2e2842f98f9ee,other,NA,NA,
run_009,join,join_1772962403,join-irs3-1772962403,join-irs3-1772962403,21,reshare_completed,operation_end,2026-03-08T09:33:55.609688088Z,2026-03-08T09:34:07.000466Z,/var/lib/docker/volumes,91dbb4452b1c3709e842113c225d65a63eab07cdac1110f244a9dfbdddb57dbf,other,NA,NA,
run_009,join,join_1772962403,join-irs3-1772962403,join-irs3-1772962403,21,reshare_completed,operation_end,2026-03-08T09:33:55.609688088Z,2026-03-08T09:34:07.000466Z,/var/lib/docker/volumes,99ac8c723665556c954d288ca00335f1fae5493d384cb656ecf5a945cc9ae3b8,other,NA,NA,
run_009,join,join_1772962403,join-irs3-1772962403,join-irs3-1772962403,21,reshare_completed,operation_end,2026-03-08T09:33:55.609688088Z,2026-03-08T09:34:07.000466Z,/var/lib/docker/volumes,ab96d922f06ec7a94f1b5200e75e480c9ed7eba86fbbe33b5cb9edbe031c6ea8,other,49770,49770,0
run_009,join,join_1772962403,join-irs3-1772962403,join-irs3-1772962403,21,reshare_completed,operation_end,2026-03-08T09:33:55.609688088Z,2026-03-08T09:34:07.000466Z,/var/lib/docker/volumes,b8143ef8453ad18871b4b4e0ba6041764a2cda76bc6f516fa468de5fd6585e72,other,49770,49770,0
run_009,join,join_1772962403,join-irs3-1772962403,join-irs3-1772962403,21,reshare_completed,operation_end,2026-03-08T09:33:55.609688088Z,2026-03-08T09:34:07.000466Z,/var/lib/docker/volumes,ce313f18292c11d1170b9839e1af2e5976d1858048740f79d790d8aed673a5a4,other,NA,NA,
run_009,join,join_1772962403,join-irs3-1772962403,join-irs3-1772962403,21,reshare_completed,operation_end,2026-03-08T09:33:55.609688088Z,2026-03-08T09:34:07.000466Z,/var/lib/docker/volumes,d9b7785a06954372515977133a1213437b80c5db1517196ca5e26134d3413ccf,other,NA,NA,
run_009,join,join_1772962403,join-irs3-1772962403,join-irs3-1772962403,21,reshare_completed,operation_end,2026-03-08T09:33:55.609688088Z,2026-03-08T09:34:07.000466Z,/var/lib/docker/volumes,e0eec01c85bd157680e466dd14073f2a433b51342ff770c3a292c984a51f226b,other,NA,NA,
run_009,join,join_1772962403,join-irs3-1772962403,join-irs3-1772962403,21,reshare_completed,operation_end,2026-03-08T09:33:55.609688088Z,2026-03-08T09:34:07.000466Z,/var/lib/docker/volumes,fabric_orderer.kit.edu,orderer,132349825,132439672,89847
run_009,join,join_1772962403,join-irs3-1772962403,join-irs3-1772962403,21,reshare_completed,operation_end,2026-03-08T09:33:55.609688088Z,2026-03-08T09:34:07.000466Z,/var/lib/docker/volumes,fabric_peer0.irs1.kit.edu,other,5006,5006,0
run_009,join,join_1772962403,join-irs3-1772962403,join-irs3-1772962403,21,reshare_completed,operation_end,2026-03-08T09:33:55.609688088Z,2026-03-08T09:34:07.000466Z,/var/lib/docker/volumes,fabric_peer0.irs3.kit.edu,peer,31352408,31455609,103201
run_009,join,join_1772962403,join-irs3-1772962403,join-irs3-1772962403,21,reshare_completed,operation_end,2026-03-08T09:33:55.609688088Z,2026-03-08T09:34:07.000466Z,/var/lib/docker/volumes,fabric_peer1.irs3.kit.edu,other,31350983,31454184,103201
run_009,join,join_1772962403,join-irs3-1772962403,join-irs3-1772962403,21,reshare_completed,operation_end,2026-03-08T09:33:55.609688088Z,2026-03-08T09:34:07.000466Z,/var/lib/docker/volumes,fabric_peer2.irs3.kit.edu,other,31350980,31454181,103201
run_009,join,join_1772962403,join-irs3-1772962403,join-irs3-1772962403,21,reshare_completed,operation_end,2026-03-08T09:33:55.609688088Z,2026-03-08T09:34:07.000466Z,/var/lib/docker/volumes,fabric_peer3.irs3.kit.edu,other,31352405,31455606,103201
run_010,csr,csr_1772962453,csr-irs3-1772962454,csr-irs3-1772962454,,operation_start,csr_submit_done,2026-03-08T09:34:13.991109Z,2026-03-08T09:34:16.321838Z,/var/lib/docker/volumes,002a2c976d26a3f9c7eff06e2f9efe095908dd0ee21b2715cc202589b435aec2,other,NA,NA,
run_010,csr,csr_1772962453,csr-irs3-1772962454,csr-irs3-1772962454,,operation_start,csr_submit_done,2026-03-08T09:34:13.991109Z,2026-03-08T09:34:16.321838Z,/var/lib/docker/volumes,35a02607c21ea95db05e7150f71e6e704f4d6479a4a76375ed8ec3cbfc5ec094,other,NA,NA,
run_010,csr,csr_1772962453,csr-irs3-1772962454,csr-irs3-1772962454,,operation_start,csr_submit_done,2026-03-08T09:34:13.991109Z,2026-03-08T09:34:16.321838Z,/var/lib/docker/volumes,791e62bfc17bf044236c3dcb5d77ec82610b27aa4d5f3c78aff2e2842f98f9ee,other,NA,NA,
run_010,csr,csr_1772962453,csr-irs3-1772962454,csr-irs3-1772962454,,operation_start,csr_submit_done,2026-03-08T09:34:13.991109Z,2026-03-08T09:34:16.321838Z,/var/lib/docker/volumes,91dbb4452b1c3709e842113c225d65a63eab07cdac1110f244a9dfbdddb57dbf,other,NA,NA,
run_010,csr,csr_1772962453,csr-irs3-1772962454,csr-irs3-1772962454,,operation_start,csr_submit_done,2026-03-08T09:34:13.991109Z,2026-03-08T09:34:16.321838Z,/var/lib/docker/volumes,99ac8c723665556c954d288ca00335f1fae5493d384cb656ecf5a945cc9ae3b8,other,NA,NA,
run_010,csr,csr_1772962453,csr-irs3-1772962454,csr-irs3-1772962454,,operation_start,csr_submit_done,2026-03-08T09:34:13.991109Z,2026-03-08T09:34:16.321838Z,/var/lib/docker/volumes,ab96d922f06ec7a94f1b5200e75e480c9ed7eba86fbbe33b5cb9edbe031c6ea8,other,49770,49770,0
run_010,csr,csr_1772962453,csr-irs3-1772962454,csr-irs3-1772962454,,operation_start,csr_submit_done,2026-03-08T09:34:13.991109Z,2026-03-08T09:34:16.321838Z,/var/lib/docker/volumes,b8143ef8453ad18871b4b4e0ba6041764a2cda76bc6f516fa468de5fd6585e72,other,49770,49770,0
run_010,csr,csr_1772962453,csr-irs3-1772962454,csr-irs3-1772962454,,operation_start,csr_submit_done,2026-03-08T09:34:13.991109Z,2026-03-08T09:34:16.321838Z,/var/lib/docker/volumes,ce313f18292c11d1170b9839e1af2e5976d1858048740f79d790d8aed673a5a4,other,NA,NA,
run_010,csr,csr_1772962453,csr-irs3-1772962454,csr-irs3-1772962454,,operation_start,csr_submit_done,2026-03-08T09:34:13.991109Z,2026-03-08T09:34:16.321838Z,/var/lib/docker/volumes,d9b7785a06954372515977133a1213437b80c5db1517196ca5e26134d3413ccf,other,NA,NA,
run_010,csr,csr_1772962453,csr-irs3-1772962454,csr-irs3-1772962454,,operation_start,csr_submit_done,2026-03-08T09:34:13.991109Z,2026-03-08T09:34:16.321838Z,/var/lib/docker/volumes,e0eec01c85bd157680e466dd14073f2a433b51342ff770c3a292c984a51f226b,other,NA,NA,
run_010,csr,csr_1772962453,csr-irs3-1772962454,csr-irs3-1772962454,,operation_start,csr_submit_done,2026-03-08T09:34:13.991109Z,2026-03-08T09:34:16.321838Z,/var/lib/docker/volumes,fabric_orderer.kit.edu,orderer,132439672,132448225,8553
run_010,csr,csr_1772962453,csr-irs3-1772962454,csr-irs3-1772962454,,operation_start,csr_submit_done,2026-03-08T09:34:13.991109Z,2026-03-08T09:34:16.321838Z,/var/lib/docker/volumes,fabric_peer0.irs1.kit.edu,other,5006,5006,0
run_010,csr,csr_1772962453,csr-irs3-1772962454,csr-irs3-1772962454,,operation_start,csr_submit_done,2026-03-08T09:34:13.991109Z,2026-03-08T09:34:16.321838Z,/var/lib/docker/volumes,fabric_peer0.irs3.kit.edu,peer,31455609,31466308,10699
run_010,csr,csr_1772962453,csr-irs3-1772962454,csr-irs3-1772962454,,operation_start,csr_submit_done,2026-03-08T09:34:13.991109Z,2026-03-08T09:34:16.321838Z,/var/lib/docker/volumes,fabric_peer1.irs3.kit.edu,other,31454184,31464883,10699
run_010,csr,csr_1772962453,csr-irs3-1772962454,csr-irs3-1772962454,,operation_start,csr_submit_done,2026-03-08T09:34:13.991109Z,2026-03-08T09:34:16.321838Z,/var/lib/docker/volumes,fabric_peer2.irs3.kit.edu,other,31454181,31464880,10699
run_010,csr,csr_1772962453,csr-irs3-1772962454,csr-irs3-1772962454,,operation_start,csr_submit_done,2026-03-08T09:34:13.991109Z,2026-03-08T09:34:16.321838Z,/var/lib/docker/volumes,fabric_peer3.irs3.kit.edu,other,31455606,31466305,10699
run_010,csr,csr_1772962453,csr-irs3-1772962454,csr-irs3-1772962454,,csr_submit_done,csr_voted,2026-03-08T09:34:16.321838Z,2026-03-08T09:34:18.612360032Z,/var/lib/docker/volumes,002a2c976d26a3f9c7eff06e2f9efe095908dd0ee21b2715cc202589b435aec2,other,NA,NA,
run_010,csr,csr_1772962453,csr-irs3-1772962454,csr-irs3-1772962454,,csr_submit_done,csr_voted,2026-03-08T09:34:16.321838Z,2026-03-08T09:34:18.612360032Z,/var/lib/docker/volumes,35a02607c21ea95db05e7150f71e6e704f4d6479a4a76375ed8ec3cbfc5ec094,other,NA,NA,
run_010,csr,csr_1772962453,csr-irs3-1772962454,csr-irs3-1772962454,,csr_submit_done,csr_voted,2026-03-08T09:34:16.321838Z,2026-03-08T09:34:18.612360032Z,/var/lib/docker/volumes,791e62bfc17bf044236c3dcb5d77ec82610b27aa4d5f3c78aff2e2842f98f9ee,other,NA,NA,
run_010,csr,csr_1772962453,csr-irs3-1772962454,csr-irs3-1772962454,,csr_submit_done,csr_voted,2026-03-08T09:34:16.321838Z,2026-03-08T09:34:18.612360032Z,/var/lib/docker/volumes,91dbb4452b1c3709e842113c225d65a63eab07cdac1110f244a9dfbdddb57dbf,other,NA,NA,
run_010,csr,csr_1772962453,csr-irs3-1772962454,csr-irs3-1772962454,,csr_submit_done,csr_voted,2026-03-08T09:34:16.321838Z,2026-03-08T09:34:18.612360032Z,/var/lib/docker/volumes,99ac8c723665556c954d288ca00335f1fae5493d384cb656ecf5a945cc9ae3b8,other,NA,NA,
run_010,csr,csr_1772962453,csr-irs3-1772962454,csr-irs3-1772962454,,csr_submit_done,csr_voted,2026-03-08T09:34:16.321838Z,2026-03-08T09:34:18.612360032Z,/var/lib/docker/volumes,ab96d922f06ec7a94f1b5200e75e480c9ed7eba86fbbe33b5cb9edbe031c6ea8,other,49770,49770,0
run_010,csr,csr_1772962453,csr-irs3-1772962454,csr-irs3-1772962454,,csr_submit_done,csr_voted,2026-03-08T09:34:16.321838Z,2026-03-08T09:34:18.612360032Z,/var/lib/docker/volumes,b8143ef8453ad18871b4b4e0ba6041764a2cda76bc6f516fa468de5fd6585e72,other,49770,49770,0
run_010,csr,csr_1772962453,csr-irs3-1772962454,csr-irs3-1772962454,,csr_submit_done,csr_voted,2026-03-08T09:34:16.321838Z,2026-03-08T09:34:18.612360032Z,/var/lib/docker/volumes,ce313f18292c11d1170b9839e1af2e5976d1858048740f79d790d8aed673a5a4,other,NA,NA,
run_010,csr,csr_1772962453,csr-irs3-1772962454,csr-irs3-1772962454,,csr_submit_done,csr_voted,2026-03-08T09:34:16.321838Z,2026-03-08T09:34:18.612360032Z,/var/lib/docker/volumes,d9b7785a06954372515977133a1213437b80c5db1517196ca5e26134d3413ccf,other,NA,NA,
run_010,csr,csr_1772962453,csr-irs3-1772962454,csr-irs3-1772962454,,csr_submit_done,csr_voted,2026-03-08T09:34:16.321838Z,2026-03-08T09:34:18.612360032Z,/var/lib/docker/volumes,e0eec01c85bd157680e466dd14073f2a433b51342ff770c3a292c984a51f226b,other,NA,NA,
run_010,csr,csr_1772962453,csr-irs3-1772962454,csr-irs3-1772962454,,csr_submit_done,csr_voted,2026-03-08T09:34:16.321838Z,2026-03-08T09:34:18.612360032Z,/var/lib/docker/volumes,fabric_orderer.kit.edu,orderer,132448225,132464816,16591
run_010,csr,csr_1772962453,csr-irs3-1772962454,csr-irs3-1772962454,,csr_submit_done,csr_voted,2026-03-08T09:34:16.321838Z,2026-03-08T09:34:18.612360032Z,/var/lib/docker/volumes,fabric_peer0.irs1.kit.edu,other,5006,5006,0
run_010,csr,csr_1772962453,csr-irs3-1772962454,csr-irs3-1772962454,,csr_submit_done,csr_voted,2026-03-08T09:34:16.321838Z,2026-03-08T09:34:18.612360032Z,/var/lib/docker/volumes,fabric_peer0.irs3.kit.edu,peer,31466308,31486103,19795
run_010,csr,csr_1772962453,csr-irs3-1772962454,csr-irs3-1772962454,,csr_submit_done,csr_voted,2026-03-08T09:34:16.321838Z,2026-03-08T09:34:18.612360032Z,/var/lib/docker/volumes,fabric_peer1.irs3.kit.edu,other,31464883,31484678,19795
run_010,csr,csr_1772962453,csr-irs3-1772962454,csr-irs3-1772962454,,csr_submit_done,csr_voted,2026-03-08T09:34:16.321838Z,2026-03-08T09:34:18.612360032Z,/var/lib/docker/volumes,fabric_peer2.irs3.kit.edu,other,31464880,31484675,19795
run_010,csr,csr_1772962453,csr-irs3-1772962454,csr-irs3-1772962454,,csr_submit_done,csr_voted,2026-03-08T09:34:16.321838Z,2026-03-08T09:34:18.612360032Z,/var/lib/docker/volumes,fabric_peer3.irs3.kit.edu,other,31466305,31486100,19795
run_010,csr,csr_1772962453,csr-irs3-1772962454,csr-irs3-1772962454,,csr_voted,csr_approved,2026-03-08T09:34:18.612360032Z,2026-03-08T09:34:21.990626935Z,/var/lib/docker/volumes,002a2c976d26a3f9c7eff06e2f9efe095908dd0ee21b2715cc202589b435aec2,other,NA,NA,
run_010,csr,csr_1772962453,csr-irs3-1772962454,csr-irs3-1772962454,,csr_voted,csr_approved,2026-03-08T09:34:18.612360032Z,2026-03-08T09:34:21.990626935Z,/var/lib/docker/volumes,35a02607c21ea95db05e7150f71e6e704f4d6479a4a76375ed8ec3cbfc5ec094,other,NA,NA,
run_010,csr,csr_1772962453,csr-irs3-1772962454,csr-irs3-1772962454,,csr_voted,csr_approved,2026-03-08T09:34:18.612360032Z,2026-03-08T09:34:21.990626935Z,/var/lib/docker/volumes,791e62bfc17bf044236c3dcb5d77ec82610b27aa4d5f3c78aff2e2842f98f9ee,other,NA,NA,
run_010,csr,csr_1772962453,csr-irs3-1772962454,csr-irs3-1772962454,,csr_voted,csr_approved,2026-03-08T09:34:18.612360032Z,2026-03-08T09:34:21.990626935Z,/var/lib/docker/volumes,91dbb4452b1c3709e842113c225d65a63eab07cdac1110f244a9dfbdddb57dbf,other,NA,NA,
run_010,csr,csr_1772962453,csr-irs3-1772962454,csr-irs3-1772962454,,csr_voted,csr_approved,2026-03-08T09:34:18.612360032Z,2026-03-08T09:34:21.990626935Z,/var/lib/docker/volumes,99ac8c723665556c954d288ca00335f1fae5493d384cb656ecf5a945cc9ae3b8,other,NA,NA,
run_010,csr,csr_1772962453,csr-irs3-1772962454,csr-irs3-1772962454,,csr_voted,csr_approved,2026-03-08T09:34:18.612360032Z,2026-03-08T09:34:21.990626935Z,/var/lib/docker/volumes,ab96d922f06ec7a94f1b5200e75e480c9ed7eba86fbbe33b5cb9edbe031c6ea8,other,49770,49770,0
run_010,csr,csr_1772962453,csr-irs3-1772962454,csr-irs3-1772962454,,csr_voted,csr_approved,2026-03-08T09:34:18.612360032Z,2026-03-08T09:34:21.990626935Z,/var/lib/docker/volumes,b8143ef8453ad18871b4b4e0ba6041764a2cda76bc6f516fa468de5fd6585e72,other,49770,49770,0
run_010,csr,csr_1772962453,csr-irs3-1772962454,csr-irs3-1772962454,,csr_voted,csr_approved,2026-03-08T09:34:18.612360032Z,2026-03-08T09:34:21.990626935Z,/var/lib/docker/volumes,ce313f18292c11d1170b9839e1af2e5976d1858048740f79d790d8aed673a5a4,other,NA,NA,
run_010,csr,csr_1772962453,csr-irs3-1772962454,csr-irs3-1772962454,,csr_voted,csr_approved,2026-03-08T09:34:18.612360032Z,2026-03-08T09:34:21.990626935Z,/var/lib/docker/volumes,d9b7785a06954372515977133a1213437b80c5db1517196ca5e26134d3413ccf,other,NA,NA,
run_010,csr,csr_1772962453,csr-irs3-1772962454,csr-irs3-1772962454,,csr_voted,csr_approved,2026-03-08T09:34:18.612360032Z,2026-03-08T09:34:21.990626935Z,/var/lib/docker/volumes,e0eec01c85bd157680e466dd14073f2a433b51342ff770c3a292c984a51f226b,other,NA,NA,
run_010,csr,csr_1772962453,csr-irs3-1772962454,csr-irs3-1772962454,,csr_voted,csr_approved,2026-03-08T09:34:18.612360032Z,2026-03-08T09:34:21.990626935Z,/var/lib/docker/volumes,fabric_orderer.kit.edu,orderer,132464816,132481201,16385
run_010,csr,csr_1772962453,csr-irs3-1772962454,csr-irs3-1772962454,,csr_voted,csr_approved,2026-03-08T09:34:18.612360032Z,2026-03-08T09:34:21.990626935Z,/var/lib/docker/volumes,fabric_peer0.irs1.kit.edu,other,5006,5006,0
run_010,csr,csr_1772962453,csr-irs3-1772962454,csr-irs3-1772962454,,csr_voted,csr_approved,2026-03-08T09:34:18.612360032Z,2026-03-08T09:34:21.990626935Z,/var/lib/docker/volumes,fabric_peer0.irs3.kit.edu,peer,31486103,31506199,20096
run_010,csr,csr_1772962453,csr-irs3-1772962454,csr-irs3-1772962454,,csr_voted,csr_approved,2026-03-08T09:34:18.612360032Z,2026-03-08T09:34:21.990626935Z,/var/lib/docker/volumes,fabric_peer1.irs3.kit.edu,other,31484678,31504774,20096
run_010,csr,csr_1772962453,csr-irs3-1772962454,csr-irs3-1772962454,,csr_voted,csr_approved,2026-03-08T09:34:18.612360032Z,2026-03-08T09:34:21.990626935Z,/var/lib/docker/volumes,fabric_peer2.irs3.kit.edu,other,31484675,31504771,20096
run_010,csr,csr_1772962453,csr-irs3-1772962454,csr-irs3-1772962454,,csr_voted,csr_approved,2026-03-08T09:34:18.612360032Z,2026-03-08T09:34:21.990626935Z,/var/lib/docker/volumes,fabric_peer3.irs3.kit.edu,other,31486100,31506196,20096
run_010,csr,csr_1772962453,csr-irs3-1772962454,csr-irs3-1772962454,,csr_approved,cert_registered,2026-03-08T09:34:21.990626935Z,2026-03-08T09:34:31.79881179Z,/var/lib/docker/volumes,002a2c976d26a3f9c7eff06e2f9efe095908dd0ee21b2715cc202589b435aec2,other,NA,NA,
run_010,csr,csr_1772962453,csr-irs3-1772962454,csr-irs3-1772962454,,csr_approved,cert_registered,2026-03-08T09:34:21.990626935Z,2026-03-08T09:34:31.79881179Z,/var/lib/docker/volumes,35a02607c21ea95db05e7150f71e6e704f4d6479a4a76375ed8ec3cbfc5ec094,other,NA,NA,
run_010,csr,csr_1772962453,csr-irs3-1772962454,csr-irs3-1772962454,,csr_approved,cert_registered,2026-03-08T09:34:21.990626935Z,2026-03-08T09:34:31.79881179Z,/var/lib/docker/volumes,791e62bfc17bf044236c3dcb5d77ec82610b27aa4d5f3c78aff2e2842f98f9ee,other,NA,NA,
run_010,csr,csr_1772962453,csr-irs3-1772962454,csr-irs3-1772962454,,csr_approved,cert_registered,2026-03-08T09:34:21.990626935Z,2026-03-08T09:34:31.79881179Z,/var/lib/docker/volumes,91dbb4452b1c3709e842113c225d65a63eab07cdac1110f244a9dfbdddb57dbf,other,NA,NA,
run_010,csr,csr_1772962453,csr-irs3-1772962454,csr-irs3-1772962454,,csr_approved,cert_registered,2026-03-08T09:34:21.990626935Z,2026-03-08T09:34:31.79881179Z,/var/lib/docker/volumes,99ac8c723665556c954d288ca00335f1fae5493d384cb656ecf5a945cc9ae3b8,other,NA,NA,
run_010,csr,csr_1772962453,csr-irs3-1772962454,csr-irs3-1772962454,,csr_approved,cert_registered,2026-03-08T09:34:21.990626935Z,2026-03-08T09:34:31.79881179Z,/var/lib/docker/volumes,ab96d922f06ec7a94f1b5200e75e480c9ed7eba86fbbe33b5cb9edbe031c6ea8,other,49770,49770,0
run_010,csr,csr_1772962453,csr-irs3-1772962454,csr-irs3-1772962454,,csr_approved,cert_registered,2026-03-08T09:34:21.990626935Z,2026-03-08T09:34:31.79881179Z,/var/lib/docker/volumes,b8143ef8453ad18871b4b4e0ba6041764a2cda76bc6f516fa468de5fd6585e72,other,49770,49770,0
run_010,csr,csr_1772962453,csr-irs3-1772962454,csr-irs3-1772962454,,csr_approved,cert_registered,2026-03-08T09:34:21.990626935Z,2026-03-08T09:34:31.79881179Z,/var/lib/docker/volumes,ce313f18292c11d1170b9839e1af2e5976d1858048740f79d790d8aed673a5a4,other,NA,NA,
run_010,csr,csr_1772962453,csr-irs3-1772962454,csr-irs3-1772962454,,csr_approved,cert_registered,2026-03-08T09:34:21.990626935Z,2026-03-08T09:34:31.79881179Z,/var/lib/docker/volumes,d9b7785a06954372515977133a1213437b80c5db1517196ca5e26134d3413ccf,other,NA,NA,
run_010,csr,csr_1772962453,csr-irs3-1772962454,csr-irs3-1772962454,,csr_approved,cert_registered,2026-03-08T09:34:21.990626935Z,2026-03-08T09:34:31.79881179Z,/var/lib/docker/volumes,e0eec01c85bd157680e466dd14073f2a433b51342ff770c3a292c984a51f226b,other,NA,NA,
run_010,csr,csr_1772962453,csr-irs3-1772962454,csr-irs3-1772962454,,csr_approved,cert_registered,2026-03-08T09:34:21.990626935Z,2026-03-08T09:34:31.79881179Z,/var/lib/docker/volumes,fabric_orderer.kit.edu,orderer,132481201,132521510,40309
run_010,csr,csr_1772962453,csr-irs3-1772962454,csr-irs3-1772962454,,csr_approved,cert_registered,2026-03-08T09:34:21.990626935Z,2026-03-08T09:34:31.79881179Z,/var/lib/docker/volumes,fabric_peer0.irs1.kit.edu,other,5006,5006,0
run_010,csr,csr_1772962453,csr-irs3-1772962454,csr-irs3-1772962454,,csr_approved,cert_registered,2026-03-08T09:34:21.990626935Z,2026-03-08T09:34:31.79881179Z,/var/lib/docker/volumes,fabric_peer0.irs3.kit.edu,peer,31506199,31557868,51669
run_010,csr,csr_1772962453,csr-irs3-1772962454,csr-irs3-1772962454,,csr_approved,cert_registered,2026-03-08T09:34:21.990626935Z,2026-03-08T09:34:31.79881179Z,/var/lib/docker/volumes,fabric_peer1.irs3.kit.edu,other,31504774,31556443,51669
run_010,csr,csr_1772962453,csr-irs3-1772962454,csr-irs3-1772962454,,csr_approved,cert_registered,2026-03-08T09:34:21.990626935Z,2026-03-08T09:34:31.79881179Z,/var/lib/docker/volumes,fabric_peer2.irs3.kit.edu,other,31504771,31556440,51669
run_010,csr,csr_1772962453,csr-irs3-1772962454,csr-irs3-1772962454,,csr_approved,cert_registered,2026-03-08T09:34:21.990626935Z,2026-03-08T09:34:31.79881179Z,/var/lib/docker/volumes,fabric_peer3.irs3.kit.edu,other,31506196,31557865,51669
run_010,csr,csr_1772962453,csr-irs3-1772962454,csr-irs3-1772962454,,cert_registered,operation_end,2026-03-08T09:34:31.79881179Z,2026-03-08T09:34:32.988481Z,/var/lib/docker/volumes,002a2c976d26a3f9c7eff06e2f9efe095908dd0ee21b2715cc202589b435aec2,other,NA,NA,
run_010,csr,csr_1772962453,csr-irs3-1772962454,csr-irs3-1772962454,,cert_registered,operation_end,2026-03-08T09:34:31.79881179Z,2026-03-08T09:34:32.988481Z,/var/lib/docker/volumes,35a02607c21ea95db05e7150f71e6e704f4d6479a4a76375ed8ec3cbfc5ec094,other,NA,NA,
run_010,csr,csr_1772962453,csr-irs3-1772962454,csr-irs3-1772962454,,cert_registered,operation_end,2026-03-08T09:34:31.79881179Z,2026-03-08T09:34:32.988481Z,/var/lib/docker/volumes,791e62bfc17bf044236c3dcb5d77ec82610b27aa4d5f3c78aff2e2842f98f9ee,other,NA,NA,
run_010,csr,csr_1772962453,csr-irs3-1772962454,csr-irs3-1772962454,,cert_registered,operation_end,2026-03-08T09:34:31.79881179Z,2026-03-08T09:34:32.988481Z,/var/lib/docker/volumes,91dbb4452b1c3709e842113c225d65a63eab07cdac1110f244a9dfbdddb57dbf,other,NA,NA,
run_010,csr,csr_1772962453,csr-irs3-1772962454,csr-irs3-1772962454,,cert_registered,operation_end,2026-03-08T09:34:31.79881179Z,2026-03-08T09:34:32.988481Z,/var/lib/docker/volumes,99ac8c723665556c954d288ca00335f1fae5493d384cb656ecf5a945cc9ae3b8,other,NA,NA,
run_010,csr,csr_1772962453,csr-irs3-1772962454,csr-irs3-1772962454,,cert_registered,operation_end,2026-03-08T09:34:31.79881179Z,2026-03-08T09:34:32.988481Z,/var/lib/docker/volumes,ab96d922f06ec7a94f1b5200e75e480c9ed7eba86fbbe33b5cb9edbe031c6ea8,other,49770,49770,0
run_010,csr,csr_1772962453,csr-irs3-1772962454,csr-irs3-1772962454,,cert_registered,operation_end,2026-03-08T09:34:31.79881179Z,2026-03-08T09:34:32.988481Z,/var/lib/docker/volumes,b8143ef8453ad18871b4b4e0ba6041764a2cda76bc6f516fa468de5fd6585e72,other,49770,49770,0
run_010,csr,csr_1772962453,csr-irs3-1772962454,csr-irs3-1772962454,,cert_registered,operation_end,2026-03-08T09:34:31.79881179Z,2026-03-08T09:34:32.988481Z,/var/lib/docker/volumes,ce313f18292c11d1170b9839e1af2e5976d1858048740f79d790d8aed673a5a4,other,NA,NA,
run_010,csr,csr_1772962453,csr-irs3-1772962454,csr-irs3-1772962454,,cert_registered,operation_end,2026-03-08T09:34:31.79881179Z,2026-03-08T09:34:32.988481Z,/var/lib/docker/volumes,d9b7785a06954372515977133a1213437b80c5db1517196ca5e26134d3413ccf,other,NA,NA,
run_010,csr,csr_1772962453,csr-irs3-1772962454,csr-irs3-1772962454,,cert_registered,operation_end,2026-03-08T09:34:31.79881179Z,2026-03-08T09:34:32.988481Z,/var/lib/docker/volumes,e0eec01c85bd157680e466dd14073f2a433b51342ff770c3a292c984a51f226b,other,NA,NA,
run_010,csr,csr_1772962453,csr-irs3-1772962454,csr-irs3-1772962454,,cert_registered,operation_end,2026-03-08T09:34:31.79881179Z,2026-03-08T09:34:32.988481Z,/var/lib/docker/volumes,fabric_orderer.kit.edu,orderer,132521510,132521510,0
run_010,csr,csr_1772962453,csr-irs3-1772962454,csr-irs3-1772962454,,cert_registered,operation_end,2026-03-08T09:34:31.79881179Z,2026-03-08T09:34:32.988481Z,/var/lib/docker/volumes,fabric_peer0.irs1.kit.edu,other,5006,5006,0
run_010,csr,csr_1772962453,csr-irs3-1772962454,csr-irs3-1772962454,,cert_registered,operation_end,2026-03-08T09:34:31.79881179Z,2026-03-08T09:34:32.988481Z,/var/lib/docker/volumes,fabric_peer0.irs3.kit.edu,peer,31557868,31557868,0
run_010,csr,csr_1772962453,csr-irs3-1772962454,csr-irs3-1772962454,,cert_registered,operation_end,2026-03-08T09:34:31.79881179Z,2026-03-08T09:34:32.988481Z,/var/lib/docker/volumes,fabric_peer1.irs3.kit.edu,other,31556443,31556443,0
run_010,csr,csr_1772962453,csr-irs3-1772962454,csr-irs3-1772962454,,cert_registered,operation_end,2026-03-08T09:34:31.79881179Z,2026-03-08T09:34:32.988481Z,/var/lib/docker/volumes,fabric_peer2.irs3.kit.edu,other,31556440,31556440,0
run_010,csr,csr_1772962453,csr-irs3-1772962454,csr-irs3-1772962454,,cert_registered,operation_end,2026-03-08T09:34:31.79881179Z,2026-03-08T09:34:32.988481Z,/var/lib/docker/volumes,fabric_peer3.irs3.kit.edu,other,31557865,31557865,0
run_010,revocation,revocation_1772962493,revoke-irs3-1772962493,revoke-irs3-1772962493,,operation_start,revocation_submit_done,2026-03-08T09:34:53.322006Z,2026-03-08T09:34:55.685757Z,/var/lib/docker/volumes,002a2c976d26a3f9c7eff06e2f9efe095908dd0ee21b2715cc202589b435aec2,other,NA,NA,
run_010,revocation,revocation_1772962493,revoke-irs3-1772962493,revoke-irs3-1772962493,,operation_start,revocation_submit_done,2026-03-08T09:34:53.322006Z,2026-03-08T09:34:55.685757Z,/var/lib/docker/volumes,35a02607c21ea95db05e7150f71e6e704f4d6479a4a76375ed8ec3cbfc5ec094,other,NA,NA,
run_010,revocation,revocation_1772962493,revoke-irs3-1772962493,revoke-irs3-1772962493,,operation_start,revocation_submit_done,2026-03-08T09:34:53.322006Z,2026-03-08T09:34:55.685757Z,/var/lib/docker/volumes,791e62bfc17bf044236c3dcb5d77ec82610b27aa4d5f3c78aff2e2842f98f9ee,other,NA,NA,
run_010,revocation,revocation_1772962493,revoke-irs3-1772962493,revoke-irs3-1772962493,,operation_start,revocation_submit_done,2026-03-08T09:34:53.322006Z,2026-03-08T09:34:55.685757Z,/var/lib/docker/volumes,91dbb4452b1c3709e842113c225d65a63eab07cdac1110f244a9dfbdddb57dbf,other,NA,NA,
run_010,revocation,revocation_1772962493,revoke-irs3-1772962493,revoke-irs3-1772962493,,operation_start,revocation_submit_done,2026-03-08T09:34:53.322006Z,2026-03-08T09:34:55.685757Z,/var/lib/docker/volumes,99ac8c723665556c954d288ca00335f1fae5493d384cb656ecf5a945cc9ae3b8,other,NA,NA,
run_010,revocation,revocation_1772962493,revoke-irs3-1772962493,revoke-irs3-1772962493,,operation_start,revocation_submit_done,2026-03-08T09:34:53.322006Z,2026-03-08T09:34:55.685757Z,/var/lib/docker/volumes,ab96d922f06ec7a94f1b5200e75e480c9ed7eba86fbbe33b5cb9edbe031c6ea8,other,49770,49770,0
run_010,revocation,revocation_1772962493,revoke-irs3-1772962493,revoke-irs3-1772962493,,operation_start,revocation_submit_done,2026-03-08T09:34:53.322006Z,2026-03-08T09:34:55.685757Z,/var/lib/docker/volumes,b8143ef8453ad18871b4b4e0ba6041764a2cda76bc6f516fa468de5fd6585e72,other,49770,49770,0
run_010,revocation,revocation_1772962493,revoke-irs3-1772962493,revoke-irs3-1772962493,,operation_start,revocation_submit_done,2026-03-08T09:34:53.322006Z,2026-03-08T09:34:55.685757Z,/var/lib/docker/volumes,ce313f18292c11d1170b9839e1af2e5976d1858048740f79d790d8aed673a5a4,other,NA,NA,
run_010,revocation,revocation_1772962493,revoke-irs3-1772962493,revoke-irs3-1772962493,,operation_start,revocation_submit_done,2026-03-08T09:34:53.322006Z,2026-03-08T09:34:55.685757Z,/var/lib/docker/volumes,d9b7785a06954372515977133a1213437b80c5db1517196ca5e26134d3413ccf,other,NA,NA,
run_010,revocation,revocation_1772962493,revoke-irs3-1772962493,revoke-irs3-1772962493,,operation_start,revocation_submit_done,2026-03-08T09:34:53.322006Z,2026-03-08T09:34:55.685757Z,/var/lib/docker/volumes,e0eec01c85bd157680e466dd14073f2a433b51342ff770c3a292c984a51f226b,other,NA,NA,
run_010,revocation,revocation_1772962493,revoke-irs3-1772962493,revoke-irs3-1772962493,,operation_start,revocation_submit_done,2026-03-08T09:34:53.322006Z,2026-03-08T09:34:55.685757Z,/var/lib/docker/volumes,fabric_orderer.kit.edu,orderer,132521510,132528705,7195
run_010,revocation,revocation_1772962493,revoke-irs3-1772962493,revoke-irs3-1772962493,,operation_start,revocation_submit_done,2026-03-08T09:34:53.322006Z,2026-03-08T09:34:55.685757Z,/var/lib/docker/volumes,fabric_peer0.irs1.kit.edu,other,5006,5006,0
run_010,revocation,revocation_1772962493,revoke-irs3-1772962493,revoke-irs3-1772962493,,operation_start,revocation_submit_done,2026-03-08T09:34:53.322006Z,2026-03-08T09:34:55.685757Z,/var/lib/docker/volumes,fabric_peer0.irs3.kit.edu,peer,31557868,31566105,8237
run_010,revocation,revocation_1772962493,revoke-irs3-1772962493,revoke-irs3-1772962493,,operation_start,revocation_submit_done,2026-03-08T09:34:53.322006Z,2026-03-08T09:34:55.685757Z,/var/lib/docker/volumes,fabric_peer1.irs3.kit.edu,other,31556443,31564680,8237
run_010,revocation,revocation_1772962493,revoke-irs3-1772962493,revoke-irs3-1772962493,,operation_start,revocation_submit_done,2026-03-08T09:34:53.322006Z,2026-03-08T09:34:55.685757Z,/var/lib/docker/volumes,fabric_peer2.irs3.kit.edu,other,31556440,31564677,8237
run_010,revocation,revocation_1772962493,revoke-irs3-1772962493,revoke-irs3-1772962493,,operation_start,revocation_submit_done,2026-03-08T09:34:53.322006Z,2026-03-08T09:34:55.685757Z,/var/lib/docker/volumes,fabric_peer3.irs3.kit.edu,other,31557865,31566102,8237
run_010,revocation,revocation_1772962493,revoke-irs3-1772962493,revoke-irs3-1772962493,,revocation_submit_done,revocation_voted,2026-03-08T09:34:55.685757Z,2026-03-08T09:34:59.576847726Z,/var/lib/docker/volumes,002a2c976d26a3f9c7eff06e2f9efe095908dd0ee21b2715cc202589b435aec2,other,NA,NA,
run_010,revocation,revocation_1772962493,revoke-irs3-1772962493,revoke-irs3-1772962493,,revocation_submit_done,revocation_voted,2026-03-08T09:34:55.685757Z,2026-03-08T09:34:59.576847726Z,/var/lib/docker/volumes,35a02607c21ea95db05e7150f71e6e704f4d6479a4a76375ed8ec3cbfc5ec094,other,NA,NA,
run_010,revocation,revocation_1772962493,revoke-irs3-1772962493,revoke-irs3-1772962493,,revocation_submit_done,revocation_voted,2026-03-08T09:34:55.685757Z,2026-03-08T09:34:59.576847726Z,/var/lib/docker/volumes,791e62bfc17bf044236c3dcb5d77ec82610b27aa4d5f3c78aff2e2842f98f9ee,other,NA,NA,
run_010,revocation,revocation_1772962493,revoke-irs3-1772962493,revoke-irs3-1772962493,,revocation_submit_done,revocation_voted,2026-03-08T09:34:55.685757Z,2026-03-08T09:34:59.576847726Z,/var/lib/docker/volumes,91dbb4452b1c3709e842113c225d65a63eab07cdac1110f244a9dfbdddb57dbf,other,NA,NA,
run_010,revocation,revocation_1772962493,revoke-irs3-1772962493,revoke-irs3-1772962493,,revocation_submit_done,revocation_voted,2026-03-08T09:34:55.685757Z,2026-03-08T09:34:59.576847726Z,/var/lib/docker/volumes,99ac8c723665556c954d288ca00335f1fae5493d384cb656ecf5a945cc9ae3b8,other,NA,NA,
run_010,revocation,revocation_1772962493,revoke-irs3-1772962493,revoke-irs3-1772962493,,revocation_submit_done,revocation_voted,2026-03-08T09:34:55.685757Z,2026-03-08T09:34:59.576847726Z,/var/lib/docker/volumes,ab96d922f06ec7a94f1b5200e75e480c9ed7eba86fbbe33b5cb9edbe031c6ea8,other,49770,49770,0
run_010,revocation,revocation_1772962493,revoke-irs3-1772962493,revoke-irs3-1772962493,,revocation_submit_done,revocation_voted,2026-03-08T09:34:55.685757Z,2026-03-08T09:34:59.576847726Z,/var/lib/docker/volumes,b8143ef8453ad18871b4b4e0ba6041764a2cda76bc6f516fa468de5fd6585e72,other,49770,49770,0
run_010,revocation,revocation_1772962493,revoke-irs3-1772962493,revoke-irs3-1772962493,,revocation_submit_done,revocation_voted,2026-03-08T09:34:55.685757Z,2026-03-08T09:34:59.576847726Z,/var/lib/docker/volumes,ce313f18292c11d1170b9839e1af2e5976d1858048740f79d790d8aed673a5a4,other,NA,NA,
run_010,revocation,revocation_1772962493,revoke-irs3-1772962493,revoke-irs3-1772962493,,revocation_submit_done,revocation_voted,2026-03-08T09:34:55.685757Z,2026-03-08T09:34:59.576847726Z,/var/lib/docker/volumes,d9b7785a06954372515977133a1213437b80c5db1517196ca5e26134d3413ccf,other,NA,NA,
run_010,revocation,revocation_1772962493,revoke-irs3-1772962493,revoke-irs3-1772962493,,revocation_submit_done,revocation_voted,2026-03-08T09:34:55.685757Z,2026-03-08T09:34:59.576847726Z,/var/lib/docker/volumes,e0eec01c85bd157680e466dd14073f2a433b51342ff770c3a292c984a51f226b,other,NA,NA,
run_010,revocation,revocation_1772962493,revoke-irs3-1772962493,revoke-irs3-1772962493,,revocation_submit_done,revocation_voted,2026-03-08T09:34:55.685757Z,2026-03-08T09:34:59.576847726Z,/var/lib/docker/volumes,fabric_orderer.kit.edu,orderer,132528705,132549890,21185
run_010,revocation,revocation_1772962493,revoke-irs3-1772962493,revoke-irs3-1772962493,,revocation_submit_done,revocation_voted,2026-03-08T09:34:55.685757Z,2026-03-08T09:34:59.576847726Z,/var/lib/docker/volumes,fabric_peer0.irs1.kit.edu,other,5006,5006,0
run_010,revocation,revocation_1772962493,revoke-irs3-1772962493,revoke-irs3-1772962493,,revocation_submit_done,revocation_voted,2026-03-08T09:34:55.685757Z,2026-03-08T09:34:59.576847726Z,/var/lib/docker/volumes,fabric_peer0.irs3.kit.edu,peer,31566105,31589541,23436
run_010,revocation,revocation_1772962493,revoke-irs3-1772962493,revoke-irs3-1772962493,,revocation_submit_done,revocation_voted,2026-03-08T09:34:55.685757Z,2026-03-08T09:34:59.576847726Z,/var/lib/docker/volumes,fabric_peer1.irs3.kit.edu,other,31564680,31588116,23436
run_010,revocation,revocation_1772962493,revoke-irs3-1772962493,revoke-irs3-1772962493,,revocation_submit_done,revocation_voted,2026-03-08T09:34:55.685757Z,2026-03-08T09:34:59.576847726Z,/var/lib/docker/volumes,fabric_peer2.irs3.kit.edu,other,31564677,31588113,23436
run_010,revocation,revocation_1772962493,revoke-irs3-1772962493,revoke-irs3-1772962493,,revocation_submit_done,revocation_voted,2026-03-08T09:34:55.685757Z,2026-03-08T09:34:59.576847726Z,/var/lib/docker/volumes,fabric_peer3.irs3.kit.edu,other,31566102,31589538,23436
run_010,revocation,revocation_1772962493,revoke-irs3-1772962493,revoke-irs3-1772962493,,revocation_voted,revocation_executed,2026-03-08T09:34:59.576847726Z,2026-03-08T09:35:02.033398Z,/var/lib/docker/volumes,002a2c976d26a3f9c7eff06e2f9efe095908dd0ee21b2715cc202589b435aec2,other,NA,NA,
run_010,revocation,revocation_1772962493,revoke-irs3-1772962493,revoke-irs3-1772962493,,revocation_voted,revocation_executed,2026-03-08T09:34:59.576847726Z,2026-03-08T09:35:02.033398Z,/var/lib/docker/volumes,35a02607c21ea95db05e7150f71e6e704f4d6479a4a76375ed8ec3cbfc5ec094,other,NA,NA,
run_010,revocation,revocation_1772962493,revoke-irs3-1772962493,revoke-irs3-1772962493,,revocation_voted,revocation_executed,2026-03-08T09:34:59.576847726Z,2026-03-08T09:35:02.033398Z,/var/lib/docker/volumes,791e62bfc17bf044236c3dcb5d77ec82610b27aa4d5f3c78aff2e2842f98f9ee,other,NA,NA,
run_010,revocation,revocation_1772962493,revoke-irs3-1772962493,revoke-irs3-1772962493,,revocation_voted,revocation_executed,2026-03-08T09:34:59.576847726Z,2026-03-08T09:35:02.033398Z,/var/lib/docker/volumes,91dbb4452b1c3709e842113c225d65a63eab07cdac1110f244a9dfbdddb57dbf,other,NA,NA,
run_010,revocation,revocation_1772962493,revoke-irs3-1772962493,revoke-irs3-1772962493,,revocation_voted,revocation_executed,2026-03-08T09:34:59.576847726Z,2026-03-08T09:35:02.033398Z,/var/lib/docker/volumes,99ac8c723665556c954d288ca00335f1fae5493d384cb656ecf5a945cc9ae3b8,other,NA,NA,
run_010,revocation,revocation_1772962493,revoke-irs3-1772962493,revoke-irs3-1772962493,,revocation_voted,revocation_executed,2026-03-08T09:34:59.576847726Z,2026-03-08T09:35:02.033398Z,/var/lib/docker/volumes,ab96d922f06ec7a94f1b5200e75e480c9ed7eba86fbbe33b5cb9edbe031c6ea8,other,49770,49770,0
run_010,revocation,revocation_1772962493,revoke-irs3-1772962493,revoke-irs3-1772962493,,revocation_voted,revocation_executed,2026-03-08T09:34:59.576847726Z,2026-03-08T09:35:02.033398Z,/var/lib/docker/volumes,b8143ef8453ad18871b4b4e0ba6041764a2cda76bc6f516fa468de5fd6585e72,other,49770,49770,0
run_010,revocation,revocation_1772962493,revoke-irs3-1772962493,revoke-irs3-1772962493,,revocation_voted,revocation_executed,2026-03-08T09:34:59.576847726Z,2026-03-08T09:35:02.033398Z,/var/lib/docker/volumes,ce313f18292c11d1170b9839e1af2e5976d1858048740f79d790d8aed673a5a4,other,NA,NA,
run_010,revocation,revocation_1772962493,revoke-irs3-1772962493,revoke-irs3-1772962493,,revocation_voted,revocation_executed,2026-03-08T09:34:59.576847726Z,2026-03-08T09:35:02.033398Z,/var/lib/docker/volumes,d9b7785a06954372515977133a1213437b80c5db1517196ca5e26134d3413ccf,other,NA,NA,
run_010,revocation,revocation_1772962493,revoke-irs3-1772962493,revoke-irs3-1772962493,,revocation_voted,revocation_executed,2026-03-08T09:34:59.576847726Z,2026-03-08T09:35:02.033398Z,/var/lib/docker/volumes,e0eec01c85bd157680e466dd14073f2a433b51342ff770c3a292c984a51f226b,other,NA,NA,
run_010,revocation,revocation_1772962493,revoke-irs3-1772962493,revoke-irs3-1772962493,,revocation_voted,revocation_executed,2026-03-08T09:34:59.576847726Z,2026-03-08T09:35:02.033398Z,/var/lib/docker/volumes,fabric_orderer.kit.edu,orderer,132549890,132570965,21075
run_010,revocation,revocation_1772962493,revoke-irs3-1772962493,revoke-irs3-1772962493,,revocation_voted,revocation_executed,2026-03-08T09:34:59.576847726Z,2026-03-08T09:35:02.033398Z,/var/lib/docker/volumes,fabric_peer0.irs1.kit.edu,other,5006,5006,0
run_010,revocation,revocation_1772962493,revoke-irs3-1772962493,revoke-irs3-1772962493,,revocation_voted,revocation_executed,2026-03-08T09:34:59.576847726Z,2026-03-08T09:35:02.033398Z,/var/lib/docker/volumes,fabric_peer0.irs3.kit.edu,peer,31589541,31616299,26758
run_010,revocation,revocation_1772962493,revoke-irs3-1772962493,revoke-irs3-1772962493,,revocation_voted,revocation_executed,2026-03-08T09:34:59.576847726Z,2026-03-08T09:35:02.033398Z,/var/lib/docker/volumes,fabric_peer1.irs3.kit.edu,other,31588116,31614874,26758
run_010,revocation,revocation_1772962493,revoke-irs3-1772962493,revoke-irs3-1772962493,,revocation_voted,revocation_executed,2026-03-08T09:34:59.576847726Z,2026-03-08T09:35:02.033398Z,/var/lib/docker/volumes,fabric_peer2.irs3.kit.edu,other,31588113,31614871,26758
run_010,revocation,revocation_1772962493,revoke-irs3-1772962493,revoke-irs3-1772962493,,revocation_voted,revocation_executed,2026-03-08T09:34:59.576847726Z,2026-03-08T09:35:02.033398Z,/var/lib/docker/volumes,fabric_peer3.irs3.kit.edu,other,31589538,31616296,26758
run_010,revocation,revocation_1772962493,revoke-irs3-1772962493,revoke-irs3-1772962493,,revocation_executed,operation_end,2026-03-08T09:35:02.033398Z,2026-03-08T09:35:02.145998Z,/var/lib/docker/volumes,002a2c976d26a3f9c7eff06e2f9efe095908dd0ee21b2715cc202589b435aec2,other,NA,NA,
run_010,revocation,revocation_1772962493,revoke-irs3-1772962493,revoke-irs3-1772962493,,revocation_executed,operation_end,2026-03-08T09:35:02.033398Z,2026-03-08T09:35:02.145998Z,/var/lib/docker/volumes,35a02607c21ea95db05e7150f71e6e704f4d6479a4a76375ed8ec3cbfc5ec094,other,NA,NA,
run_010,revocation,revocation_1772962493,revoke-irs3-1772962493,revoke-irs3-1772962493,,revocation_executed,operation_end,2026-03-08T09:35:02.033398Z,2026-03-08T09:35:02.145998Z,/var/lib/docker/volumes,791e62bfc17bf044236c3dcb5d77ec82610b27aa4d5f3c78aff2e2842f98f9ee,other,NA,NA,
run_010,revocation,revocation_1772962493,revoke-irs3-1772962493,revoke-irs3-1772962493,,revocation_executed,operation_end,2026-03-08T09:35:02.033398Z,2026-03-08T09:35:02.145998Z,/var/lib/docker/volumes,91dbb4452b1c3709e842113c225d65a63eab07cdac1110f244a9dfbdddb57dbf,other,NA,NA,
run_010,revocation,revocation_1772962493,revoke-irs3-1772962493,revoke-irs3-1772962493,,revocation_executed,operation_end,2026-03-08T09:35:02.033398Z,2026-03-08T09:35:02.145998Z,/var/lib/docker/volumes,99ac8c723665556c954d288ca00335f1fae5493d384cb656ecf5a945cc9ae3b8,other,NA,NA,
run_010,revocation,revocation_1772962493,revoke-irs3-1772962493,revoke-irs3-1772962493,,revocation_executed,operation_end,2026-03-08T09:35:02.033398Z,2026-03-08T09:35:02.145998Z,/var/lib/docker/volumes,ab96d922f06ec7a94f1b5200e75e480c9ed7eba86fbbe33b5cb9edbe031c6ea8,other,49770,49770,0
run_010,revocation,revocation_1772962493,revoke-irs3-1772962493,revoke-irs3-1772962493,,revocation_executed,operation_end,2026-03-08T09:35:02.033398Z,2026-03-08T09:35:02.145998Z,/var/lib/docker/volumes,b8143ef8453ad18871b4b4e0ba6041764a2cda76bc6f516fa468de5fd6585e72,other,49770,49770,0
run_010,revocation,revocation_1772962493,revoke-irs3-1772962493,revoke-irs3-1772962493,,revocation_executed,operation_end,2026-03-08T09:35:02.033398Z,2026-03-08T09:35:02.145998Z,/var/lib/docker/volumes,ce313f18292c11d1170b9839e1af2e5976d1858048740f79d790d8aed673a5a4,other,NA,NA,
run_010,revocation,revocation_1772962493,revoke-irs3-1772962493,revoke-irs3-1772962493,,revocation_executed,operation_end,2026-03-08T09:35:02.033398Z,2026-03-08T09:35:02.145998Z,/var/lib/docker/volumes,d9b7785a06954372515977133a1213437b80c5db1517196ca5e26134d3413ccf,other,NA,NA,
run_010,revocation,revocation_1772962493,revoke-irs3-1772962493,revoke-irs3-1772962493,,revocation_executed,operation_end,2026-03-08T09:35:02.033398Z,2026-03-08T09:35:02.145998Z,/var/lib/docker/volumes,e0eec01c85bd157680e466dd14073f2a433b51342ff770c3a292c984a51f226b,other,NA,NA,
run_010,revocation,revocation_1772962493,revoke-irs3-1772962493,revoke-irs3-1772962493,,revocation_executed,operation_end,2026-03-08T09:35:02.033398Z,2026-03-08T09:35:02.145998Z,/var/lib/docker/volumes,fabric_orderer.kit.edu,orderer,132570965,132570965,0
run_010,revocation,revocation_1772962493,revoke-irs3-1772962493,revoke-irs3-1772962493,,revocation_executed,operation_end,2026-03-08T09:35:02.033398Z,2026-03-08T09:35:02.145998Z,/var/lib/docker/volumes,fabric_peer0.irs1.kit.edu,other,5006,5006,0
run_010,revocation,revocation_1772962493,revoke-irs3-1772962493,revoke-irs3-1772962493,,revocation_executed,operation_end,2026-03-08T09:35:02.033398Z,2026-03-08T09:35:02.145998Z,/var/lib/docker/volumes,fabric_peer0.irs3.kit.edu,peer,31616299,31616299,0
run_010,revocation,revocation_1772962493,revoke-irs3-1772962493,revoke-irs3-1772962493,,revocation_executed,operation_end,2026-03-08T09:35:02.033398Z,2026-03-08T09:35:02.145998Z,/var/lib/docker/volumes,fabric_peer1.irs3.kit.edu,other,31614874,31614874,0
run_010,revocation,revocation_1772962493,revoke-irs3-1772962493,revoke-irs3-1772962493,,revocation_executed,operation_end,2026-03-08T09:35:02.033398Z,2026-03-08T09:35:02.145998Z,/var/lib/docker/volumes,fabric_peer2.irs3.kit.edu,other,31614871,31614871,0
run_010,revocation,revocation_1772962493,revoke-irs3-1772962493,revoke-irs3-1772962493,,revocation_executed,operation_end,2026-03-08T09:35:02.033398Z,2026-03-08T09:35:02.145998Z,/var/lib/docker/volumes,fabric_peer3.irs3.kit.edu,other,31616296,31616296,0
run_010,removal,removal_1772962520,remove-irs3-member1-1772962520,remove-irs3-member1-1772962520,22,operation_start,removal_submit_done,2026-03-08T09:35:20.468807Z,2026-03-08T09:35:22.858720Z,/var/lib/docker/volumes,002a2c976d26a3f9c7eff06e2f9efe095908dd0ee21b2715cc202589b435aec2,other,NA,NA,
run_010,removal,removal_1772962520,remove-irs3-member1-1772962520,remove-irs3-member1-1772962520,22,operation_start,removal_submit_done,2026-03-08T09:35:20.468807Z,2026-03-08T09:35:22.858720Z,/var/lib/docker/volumes,35a02607c21ea95db05e7150f71e6e704f4d6479a4a76375ed8ec3cbfc5ec094,other,NA,NA,
run_010,removal,removal_1772962520,remove-irs3-member1-1772962520,remove-irs3-member1-1772962520,22,operation_start,removal_submit_done,2026-03-08T09:35:20.468807Z,2026-03-08T09:35:22.858720Z,/var/lib/docker/volumes,791e62bfc17bf044236c3dcb5d77ec82610b27aa4d5f3c78aff2e2842f98f9ee,other,NA,NA,
run_010,removal,removal_1772962520,remove-irs3-member1-1772962520,remove-irs3-member1-1772962520,22,operation_start,removal_submit_done,2026-03-08T09:35:20.468807Z,2026-03-08T09:35:22.858720Z,/var/lib/docker/volumes,91dbb4452b1c3709e842113c225d65a63eab07cdac1110f244a9dfbdddb57dbf,other,NA,NA,
run_010,removal,removal_1772962520,remove-irs3-member1-1772962520,remove-irs3-member1-1772962520,22,operation_start,removal_submit_done,2026-03-08T09:35:20.468807Z,2026-03-08T09:35:22.858720Z,/var/lib/docker/volumes,99ac8c723665556c954d288ca00335f1fae5493d384cb656ecf5a945cc9ae3b8,other,NA,NA,
run_010,removal,removal_1772962520,remove-irs3-member1-1772962520,remove-irs3-member1-1772962520,22,operation_start,removal_submit_done,2026-03-08T09:35:20.468807Z,2026-03-08T09:35:22.858720Z,/var/lib/docker/volumes,ab96d922f06ec7a94f1b5200e75e480c9ed7eba86fbbe33b5cb9edbe031c6ea8,other,49770,49770,0
run_010,removal,removal_1772962520,remove-irs3-member1-1772962520,remove-irs3-member1-1772962520,22,operation_start,removal_submit_done,2026-03-08T09:35:20.468807Z,2026-03-08T09:35:22.858720Z,/var/lib/docker/volumes,b8143ef8453ad18871b4b4e0ba6041764a2cda76bc6f516fa468de5fd6585e72,other,49770,49770,0
run_010,removal,removal_1772962520,remove-irs3-member1-1772962520,remove-irs3-member1-1772962520,22,operation_start,removal_submit_done,2026-03-08T09:35:20.468807Z,2026-03-08T09:35:22.858720Z,/var/lib/docker/volumes,ce313f18292c11d1170b9839e1af2e5976d1858048740f79d790d8aed673a5a4,other,NA,NA,
run_010,removal,removal_1772962520,remove-irs3-member1-1772962520,remove-irs3-member1-1772962520,22,operation_start,removal_submit_done,2026-03-08T09:35:20.468807Z,2026-03-08T09:35:22.858720Z,/var/lib/docker/volumes,d9b7785a06954372515977133a1213437b80c5db1517196ca5e26134d3413ccf,other,NA,NA,
run_010,removal,removal_1772962520,remove-irs3-member1-1772962520,remove-irs3-member1-1772962520,22,operation_start,removal_submit_done,2026-03-08T09:35:20.468807Z,2026-03-08T09:35:22.858720Z,/var/lib/docker/volumes,e0eec01c85bd157680e466dd14073f2a433b51342ff770c3a292c984a51f226b,other,NA,NA,
run_010,removal,removal_1772962520,remove-irs3-member1-1772962520,remove-irs3-member1-1772962520,22,operation_start,removal_submit_done,2026-03-08T09:35:20.468807Z,2026-03-08T09:35:22.858720Z,/var/lib/docker/volumes,fabric_orderer.kit.edu,orderer,132570965,132579726,8761
run_010,removal,removal_1772962520,remove-irs3-member1-1772962520,remove-irs3-member1-1772962520,22,operation_start,removal_submit_done,2026-03-08T09:35:20.468807Z,2026-03-08T09:35:22.858720Z,/var/lib/docker/volumes,fabric_peer0.irs1.kit.edu,other,5006,5006,0
run_010,removal,removal_1772962520,remove-irs3-member1-1772962520,remove-irs3-member1-1772962520,22,operation_start,removal_submit_done,2026-03-08T09:35:20.468807Z,2026-03-08T09:35:22.858720Z,/var/lib/docker/volumes,fabric_peer0.irs3.kit.edu,peer,31616299,31626171,9872
run_010,removal,removal_1772962520,remove-irs3-member1-1772962520,remove-irs3-member1-1772962520,22,operation_start,removal_submit_done,2026-03-08T09:35:20.468807Z,2026-03-08T09:35:22.858720Z,/var/lib/docker/volumes,fabric_peer1.irs3.kit.edu,other,31614874,31624746,9872
run_010,removal,removal_1772962520,remove-irs3-member1-1772962520,remove-irs3-member1-1772962520,22,operation_start,removal_submit_done,2026-03-08T09:35:20.468807Z,2026-03-08T09:35:22.858720Z,/var/lib/docker/volumes,fabric_peer2.irs3.kit.edu,other,31614871,31624743,9872
run_010,removal,removal_1772962520,remove-irs3-member1-1772962520,remove-irs3-member1-1772962520,22,operation_start,removal_submit_done,2026-03-08T09:35:20.468807Z,2026-03-08T09:35:22.858720Z,/var/lib/docker/volumes,fabric_peer3.irs3.kit.edu,other,31616296,31626168,9872
run_010,removal,removal_1772962520,remove-irs3-member1-1772962520,remove-irs3-member1-1772962520,22,removal_submit_done,removal_voted,2026-03-08T09:35:22.858720Z,2026-03-08T09:35:26.576358433Z,/var/lib/docker/volumes,002a2c976d26a3f9c7eff06e2f9efe095908dd0ee21b2715cc202589b435aec2,other,NA,NA,
run_010,removal,removal_1772962520,remove-irs3-member1-1772962520,remove-irs3-member1-1772962520,22,removal_submit_done,removal_voted,2026-03-08T09:35:22.858720Z,2026-03-08T09:35:26.576358433Z,/var/lib/docker/volumes,35a02607c21ea95db05e7150f71e6e704f4d6479a4a76375ed8ec3cbfc5ec094,other,NA,NA,
run_010,removal,removal_1772962520,remove-irs3-member1-1772962520,remove-irs3-member1-1772962520,22,removal_submit_done,removal_voted,2026-03-08T09:35:22.858720Z,2026-03-08T09:35:26.576358433Z,/var/lib/docker/volumes,791e62bfc17bf044236c3dcb5d77ec82610b27aa4d5f3c78aff2e2842f98f9ee,other,NA,NA,
run_010,removal,removal_1772962520,remove-irs3-member1-1772962520,remove-irs3-member1-1772962520,22,removal_submit_done,removal_voted,2026-03-08T09:35:22.858720Z,2026-03-08T09:35:26.576358433Z,/var/lib/docker/volumes,91dbb4452b1c3709e842113c225d65a63eab07cdac1110f244a9dfbdddb57dbf,other,NA,NA,
run_010,removal,removal_1772962520,remove-irs3-member1-1772962520,remove-irs3-member1-1772962520,22,removal_submit_done,removal_voted,2026-03-08T09:35:22.858720Z,2026-03-08T09:35:26.576358433Z,/var/lib/docker/volumes,99ac8c723665556c954d288ca00335f1fae5493d384cb656ecf5a945cc9ae3b8,other,NA,NA,
run_010,removal,removal_1772962520,remove-irs3-member1-1772962520,remove-irs3-member1-1772962520,22,removal_submit_done,removal_voted,2026-03-08T09:35:22.858720Z,2026-03-08T09:35:26.576358433Z,/var/lib/docker/volumes,ab96d922f06ec7a94f1b5200e75e480c9ed7eba86fbbe33b5cb9edbe031c6ea8,other,49770,49770,0
run_010,removal,removal_1772962520,remove-irs3-member1-1772962520,remove-irs3-member1-1772962520,22,removal_submit_done,removal_voted,2026-03-08T09:35:22.858720Z,2026-03-08T09:35:26.576358433Z,/var/lib/docker/volumes,b8143ef8453ad18871b4b4e0ba6041764a2cda76bc6f516fa468de5fd6585e72,other,49770,49770,0
run_010,removal,removal_1772962520,remove-irs3-member1-1772962520,remove-irs3-member1-1772962520,22,removal_submit_done,removal_voted,2026-03-08T09:35:22.858720Z,2026-03-08T09:35:26.576358433Z,/var/lib/docker/volumes,ce313f18292c11d1170b9839e1af2e5976d1858048740f79d790d8aed673a5a4,other,NA,NA,
run_010,removal,removal_1772962520,remove-irs3-member1-1772962520,remove-irs3-member1-1772962520,22,removal_submit_done,removal_voted,2026-03-08T09:35:22.858720Z,2026-03-08T09:35:26.576358433Z,/var/lib/docker/volumes,d9b7785a06954372515977133a1213437b80c5db1517196ca5e26134d3413ccf,other,NA,NA,
run_010,removal,removal_1772962520,remove-irs3-member1-1772962520,remove-irs3-member1-1772962520,22,removal_submit_done,removal_voted,2026-03-08T09:35:22.858720Z,2026-03-08T09:35:26.576358433Z,/var/lib/docker/volumes,e0eec01c85bd157680e466dd14073f2a433b51342ff770c3a292c984a51f226b,other,NA,NA,
run_010,removal,removal_1772962520,remove-irs3-member1-1772962520,remove-irs3-member1-1772962520,22,removal_submit_done,removal_voted,2026-03-08T09:35:22.858720Z,2026-03-08T09:35:26.576358433Z,/var/lib/docker/volumes,fabric_orderer.kit.edu,orderer,132579726,132602551,22825
run_010,removal,removal_1772962520,remove-irs3-member1-1772962520,remove-irs3-member1-1772962520,22,removal_submit_done,removal_voted,2026-03-08T09:35:22.858720Z,2026-03-08T09:35:26.576358433Z,/var/lib/docker/volumes,fabric_peer0.irs1.kit.edu,other,5006,5006,0
run_010,removal,removal_1772962520,remove-irs3-member1-1772962520,remove-irs3-member1-1772962520,22,removal_submit_done,removal_voted,2026-03-08T09:35:22.858720Z,2026-03-08T09:35:26.576358433Z,/var/lib/docker/volumes,fabric_peer0.irs3.kit.edu,peer,31626171,31651356,25185
run_010,removal,removal_1772962520,remove-irs3-member1-1772962520,remove-irs3-member1-1772962520,22,removal_submit_done,removal_voted,2026-03-08T09:35:22.858720Z,2026-03-08T09:35:26.576358433Z,/var/lib/docker/volumes,fabric_peer1.irs3.kit.edu,other,31624746,31649931,25185
run_010,removal,removal_1772962520,remove-irs3-member1-1772962520,remove-irs3-member1-1772962520,22,removal_submit_done,removal_voted,2026-03-08T09:35:22.858720Z,2026-03-08T09:35:26.576358433Z,/var/lib/docker/volumes,fabric_peer2.irs3.kit.edu,other,31624743,31649928,25185
run_010,removal,removal_1772962520,remove-irs3-member1-1772962520,remove-irs3-member1-1772962520,22,removal_submit_done,removal_voted,2026-03-08T09:35:22.858720Z,2026-03-08T09:35:26.576358433Z,/var/lib/docker/volumes,fabric_peer3.irs3.kit.edu,other,31626168,31651353,25185
run_010,removal,removal_1772962520,remove-irs3-member1-1772962520,remove-irs3-member1-1772962520,22,removal_voted,removal_approved,2026-03-08T09:35:26.576358433Z,2026-03-08T09:35:29.018532663Z,/var/lib/docker/volumes,002a2c976d26a3f9c7eff06e2f9efe095908dd0ee21b2715cc202589b435aec2,other,NA,NA,
run_010,removal,removal_1772962520,remove-irs3-member1-1772962520,remove-irs3-member1-1772962520,22,removal_voted,removal_approved,2026-03-08T09:35:26.576358433Z,2026-03-08T09:35:29.018532663Z,/var/lib/docker/volumes,35a02607c21ea95db05e7150f71e6e704f4d6479a4a76375ed8ec3cbfc5ec094,other,NA,NA,
run_010,removal,removal_1772962520,remove-irs3-member1-1772962520,remove-irs3-member1-1772962520,22,removal_voted,removal_approved,2026-03-08T09:35:26.576358433Z,2026-03-08T09:35:29.018532663Z,/var/lib/docker/volumes,791e62bfc17bf044236c3dcb5d77ec82610b27aa4d5f3c78aff2e2842f98f9ee,other,NA,NA,
run_010,removal,removal_1772962520,remove-irs3-member1-1772962520,remove-irs3-member1-1772962520,22,removal_voted,removal_approved,2026-03-08T09:35:26.576358433Z,2026-03-08T09:35:29.018532663Z,/var/lib/docker/volumes,91dbb4452b1c3709e842113c225d65a63eab07cdac1110f244a9dfbdddb57dbf,other,NA,NA,
run_010,removal,removal_1772962520,remove-irs3-member1-1772962520,remove-irs3-member1-1772962520,22,removal_voted,removal_approved,2026-03-08T09:35:26.576358433Z,2026-03-08T09:35:29.018532663Z,/var/lib/docker/volumes,99ac8c723665556c954d288ca00335f1fae5493d384cb656ecf5a945cc9ae3b8,other,NA,NA,
run_010,removal,removal_1772962520,remove-irs3-member1-1772962520,remove-irs3-member1-1772962520,22,removal_voted,removal_approved,2026-03-08T09:35:26.576358433Z,2026-03-08T09:35:29.018532663Z,/var/lib/docker/volumes,ab96d922f06ec7a94f1b5200e75e480c9ed7eba86fbbe33b5cb9edbe031c6ea8,other,49770,49770,0
run_010,removal,removal_1772962520,remove-irs3-member1-1772962520,remove-irs3-member1-1772962520,22,removal_voted,removal_approved,2026-03-08T09:35:26.576358433Z,2026-03-08T09:35:29.018532663Z,/var/lib/docker/volumes,b8143ef8453ad18871b4b4e0ba6041764a2cda76bc6f516fa468de5fd6585e72,other,49770,49770,0
run_010,removal,removal_1772962520,remove-irs3-member1-1772962520,remove-irs3-member1-1772962520,22,removal_voted,removal_approved,2026-03-08T09:35:26.576358433Z,2026-03-08T09:35:29.018532663Z,/var/lib/docker/volumes,ce313f18292c11d1170b9839e1af2e5976d1858048740f79d790d8aed673a5a4,other,NA,NA,
run_010,removal,removal_1772962520,remove-irs3-member1-1772962520,remove-irs3-member1-1772962520,22,removal_voted,removal_approved,2026-03-08T09:35:26.576358433Z,2026-03-08T09:35:29.018532663Z,/var/lib/docker/volumes,d9b7785a06954372515977133a1213437b80c5db1517196ca5e26134d3413ccf,other,NA,NA,
run_010,removal,removal_1772962520,remove-irs3-member1-1772962520,remove-irs3-member1-1772962520,22,removal_voted,removal_approved,2026-03-08T09:35:26.576358433Z,2026-03-08T09:35:29.018532663Z,/var/lib/docker/volumes,e0eec01c85bd157680e466dd14073f2a433b51342ff770c3a292c984a51f226b,other,NA,NA,
run_010,removal,removal_1772962520,remove-irs3-member1-1772962520,remove-irs3-member1-1772962520,22,removal_voted,removal_approved,2026-03-08T09:35:26.576358433Z,2026-03-08T09:35:29.018532663Z,/var/lib/docker/volumes,fabric_orderer.kit.edu,orderer,132602551,132622135,19584
run_010,removal,removal_1772962520,remove-irs3-member1-1772962520,remove-irs3-member1-1772962520,22,removal_voted,removal_approved,2026-03-08T09:35:26.576358433Z,2026-03-08T09:35:29.018532663Z,/var/lib/docker/volumes,fabric_peer0.irs1.kit.edu,other,5006,5006,0
run_010,removal,removal_1772962520,remove-irs3-member1-1772962520,remove-irs3-member1-1772962520,22,removal_voted,removal_approved,2026-03-08T09:35:26.576358433Z,2026-03-08T09:35:29.018532663Z,/var/lib/docker/volumes,fabric_peer0.irs3.kit.edu,peer,31651356,31675544,24188
run_010,removal,removal_1772962520,remove-irs3-member1-1772962520,remove-irs3-member1-1772962520,22,removal_voted,removal_approved,2026-03-08T09:35:26.576358433Z,2026-03-08T09:35:29.018532663Z,/var/lib/docker/volumes,fabric_peer1.irs3.kit.edu,other,31649931,31674119,24188
run_010,removal,removal_1772962520,remove-irs3-member1-1772962520,remove-irs3-member1-1772962520,22,removal_voted,removal_approved,2026-03-08T09:35:26.576358433Z,2026-03-08T09:35:29.018532663Z,/var/lib/docker/volumes,fabric_peer2.irs3.kit.edu,other,31649928,31674116,24188
run_010,removal,removal_1772962520,remove-irs3-member1-1772962520,remove-irs3-member1-1772962520,22,removal_voted,removal_approved,2026-03-08T09:35:26.576358433Z,2026-03-08T09:35:29.018532663Z,/var/lib/docker/volumes,fabric_peer3.irs3.kit.edu,other,31651353,31675541,24188
run_010,removal,removal_1772962520,remove-irs3-member1-1772962520,remove-irs3-member1-1772962520,22,removal_approved,reshare_started,2026-03-08T09:35:29.018532663Z,2026-03-08T09:35:29.248097Z,/var/lib/docker/volumes,002a2c976d26a3f9c7eff06e2f9efe095908dd0ee21b2715cc202589b435aec2,other,NA,NA,
run_010,removal,removal_1772962520,remove-irs3-member1-1772962520,remove-irs3-member1-1772962520,22,removal_approved,reshare_started,2026-03-08T09:35:29.018532663Z,2026-03-08T09:35:29.248097Z,/var/lib/docker/volumes,35a02607c21ea95db05e7150f71e6e704f4d6479a4a76375ed8ec3cbfc5ec094,other,NA,NA,
run_010,removal,removal_1772962520,remove-irs3-member1-1772962520,remove-irs3-member1-1772962520,22,removal_approved,reshare_started,2026-03-08T09:35:29.018532663Z,2026-03-08T09:35:29.248097Z,/var/lib/docker/volumes,791e62bfc17bf044236c3dcb5d77ec82610b27aa4d5f3c78aff2e2842f98f9ee,other,NA,NA,
run_010,removal,removal_1772962520,remove-irs3-member1-1772962520,remove-irs3-member1-1772962520,22,removal_approved,reshare_started,2026-03-08T09:35:29.018532663Z,2026-03-08T09:35:29.248097Z,/var/lib/docker/volumes,91dbb4452b1c3709e842113c225d65a63eab07cdac1110f244a9dfbdddb57dbf,other,NA,NA,
run_010,removal,removal_1772962520,remove-irs3-member1-1772962520,remove-irs3-member1-1772962520,22,removal_approved,reshare_started,2026-03-08T09:35:29.018532663Z,2026-03-08T09:35:29.248097Z,/var/lib/docker/volumes,99ac8c723665556c954d288ca00335f1fae5493d384cb656ecf5a945cc9ae3b8,other,NA,NA,
run_010,removal,removal_1772962520,remove-irs3-member1-1772962520,remove-irs3-member1-1772962520,22,removal_approved,reshare_started,2026-03-08T09:35:29.018532663Z,2026-03-08T09:35:29.248097Z,/var/lib/docker/volumes,ab96d922f06ec7a94f1b5200e75e480c9ed7eba86fbbe33b5cb9edbe031c6ea8,other,49770,49770,0
run_010,removal,removal_1772962520,remove-irs3-member1-1772962520,remove-irs3-member1-1772962520,22,removal_approved,reshare_started,2026-03-08T09:35:29.018532663Z,2026-03-08T09:35:29.248097Z,/var/lib/docker/volumes,b8143ef8453ad18871b4b4e0ba6041764a2cda76bc6f516fa468de5fd6585e72,other,49770,49770,0
run_010,removal,removal_1772962520,remove-irs3-member1-1772962520,remove-irs3-member1-1772962520,22,removal_approved,reshare_started,2026-03-08T09:35:29.018532663Z,2026-03-08T09:35:29.248097Z,/var/lib/docker/volumes,ce313f18292c11d1170b9839e1af2e5976d1858048740f79d790d8aed673a5a4,other,NA,NA,
run_010,removal,removal_1772962520,remove-irs3-member1-1772962520,remove-irs3-member1-1772962520,22,removal_approved,reshare_started,2026-03-08T09:35:29.018532663Z,2026-03-08T09:35:29.248097Z,/var/lib/docker/volumes,d9b7785a06954372515977133a1213437b80c5db1517196ca5e26134d3413ccf,other,NA,NA,
run_010,removal,removal_1772962520,remove-irs3-member1-1772962520,remove-irs3-member1-1772962520,22,removal_approved,reshare_started,2026-03-08T09:35:29.018532663Z,2026-03-08T09:35:29.248097Z,/var/lib/docker/volumes,e0eec01c85bd157680e466dd14073f2a433b51342ff770c3a292c984a51f226b,other,NA,NA,
run_010,removal,removal_1772962520,remove-irs3-member1-1772962520,remove-irs3-member1-1772962520,22,removal_approved,reshare_started,2026-03-08T09:35:29.018532663Z,2026-03-08T09:35:29.248097Z,/var/lib/docker/volumes,fabric_orderer.kit.edu,orderer,132622135,132622135,0
run_010,removal,removal_1772962520,remove-irs3-member1-1772962520,remove-irs3-member1-1772962520,22,removal_approved,reshare_started,2026-03-08T09:35:29.018532663Z,2026-03-08T09:35:29.248097Z,/var/lib/docker/volumes,fabric_peer0.irs1.kit.edu,other,5006,5006,0
run_010,removal,removal_1772962520,remove-irs3-member1-1772962520,remove-irs3-member1-1772962520,22,removal_approved,reshare_started,2026-03-08T09:35:29.018532663Z,2026-03-08T09:35:29.248097Z,/var/lib/docker/volumes,fabric_peer0.irs3.kit.edu,peer,31675544,31675544,0
run_010,removal,removal_1772962520,remove-irs3-member1-1772962520,remove-irs3-member1-1772962520,22,removal_approved,reshare_started,2026-03-08T09:35:29.018532663Z,2026-03-08T09:35:29.248097Z,/var/lib/docker/volumes,fabric_peer1.irs3.kit.edu,other,31674119,31674119,0
run_010,removal,removal_1772962520,remove-irs3-member1-1772962520,remove-irs3-member1-1772962520,22,removal_approved,reshare_started,2026-03-08T09:35:29.018532663Z,2026-03-08T09:35:29.248097Z,/var/lib/docker/volumes,fabric_peer2.irs3.kit.edu,other,31674116,31674116,0
run_010,removal,removal_1772962520,remove-irs3-member1-1772962520,remove-irs3-member1-1772962520,22,removal_approved,reshare_started,2026-03-08T09:35:29.018532663Z,2026-03-08T09:35:29.248097Z,/var/lib/docker/volumes,fabric_peer3.irs3.kit.edu,other,31675541,31675541,0
run_010,removal,removal_1772962520,remove-irs3-member1-1772962520,remove-irs3-member1-1772962520,22,reshare_started,reshare_completed,2026-03-08T09:35:29.248097Z,2026-03-08T09:35:51.053205914Z,/var/lib/docker/volumes,002a2c976d26a3f9c7eff06e2f9efe095908dd0ee21b2715cc202589b435aec2,other,NA,NA,
run_010,removal,removal_1772962520,remove-irs3-member1-1772962520,remove-irs3-member1-1772962520,22,reshare_started,reshare_completed,2026-03-08T09:35:29.248097Z,2026-03-08T09:35:51.053205914Z,/var/lib/docker/volumes,35a02607c21ea95db05e7150f71e6e704f4d6479a4a76375ed8ec3cbfc5ec094,other,NA,NA,
run_010,removal,removal_1772962520,remove-irs3-member1-1772962520,remove-irs3-member1-1772962520,22,reshare_started,reshare_completed,2026-03-08T09:35:29.248097Z,2026-03-08T09:35:51.053205914Z,/var/lib/docker/volumes,791e62bfc17bf044236c3dcb5d77ec82610b27aa4d5f3c78aff2e2842f98f9ee,other,NA,NA,
run_010,removal,removal_1772962520,remove-irs3-member1-1772962520,remove-irs3-member1-1772962520,22,reshare_started,reshare_completed,2026-03-08T09:35:29.248097Z,2026-03-08T09:35:51.053205914Z,/var/lib/docker/volumes,91dbb4452b1c3709e842113c225d65a63eab07cdac1110f244a9dfbdddb57dbf,other,NA,NA,
run_010,removal,removal_1772962520,remove-irs3-member1-1772962520,remove-irs3-member1-1772962520,22,reshare_started,reshare_completed,2026-03-08T09:35:29.248097Z,2026-03-08T09:35:51.053205914Z,/var/lib/docker/volumes,99ac8c723665556c954d288ca00335f1fae5493d384cb656ecf5a945cc9ae3b8,other,NA,NA,
run_010,removal,removal_1772962520,remove-irs3-member1-1772962520,remove-irs3-member1-1772962520,22,reshare_started,reshare_completed,2026-03-08T09:35:29.248097Z,2026-03-08T09:35:51.053205914Z,/var/lib/docker/volumes,ab96d922f06ec7a94f1b5200e75e480c9ed7eba86fbbe33b5cb9edbe031c6ea8,other,49770,49770,0
run_010,removal,removal_1772962520,remove-irs3-member1-1772962520,remove-irs3-member1-1772962520,22,reshare_started,reshare_completed,2026-03-08T09:35:29.248097Z,2026-03-08T09:35:51.053205914Z,/var/lib/docker/volumes,b8143ef8453ad18871b4b4e0ba6041764a2cda76bc6f516fa468de5fd6585e72,other,49770,49770,0
run_010,removal,removal_1772962520,remove-irs3-member1-1772962520,remove-irs3-member1-1772962520,22,reshare_started,reshare_completed,2026-03-08T09:35:29.248097Z,2026-03-08T09:35:51.053205914Z,/var/lib/docker/volumes,ce313f18292c11d1170b9839e1af2e5976d1858048740f79d790d8aed673a5a4,other,NA,NA,
run_010,removal,removal_1772962520,remove-irs3-member1-1772962520,remove-irs3-member1-1772962520,22,reshare_started,reshare_completed,2026-03-08T09:35:29.248097Z,2026-03-08T09:35:51.053205914Z,/var/lib/docker/volumes,d9b7785a06954372515977133a1213437b80c5db1517196ca5e26134d3413ccf,other,NA,NA,
run_010,removal,removal_1772962520,remove-irs3-member1-1772962520,remove-irs3-member1-1772962520,22,reshare_started,reshare_completed,2026-03-08T09:35:29.248097Z,2026-03-08T09:35:51.053205914Z,/var/lib/docker/volumes,e0eec01c85bd157680e466dd14073f2a433b51342ff770c3a292c984a51f226b,other,NA,NA,
run_010,removal,removal_1772962520,remove-irs3-member1-1772962520,remove-irs3-member1-1772962520,22,reshare_started,reshare_completed,2026-03-08T09:35:29.248097Z,2026-03-08T09:35:51.053205914Z,/var/lib/docker/volumes,fabric_orderer.kit.edu,orderer,132622135,132673670,51535
run_010,removal,removal_1772962520,remove-irs3-member1-1772962520,remove-irs3-member1-1772962520,22,reshare_started,reshare_completed,2026-03-08T09:35:29.248097Z,2026-03-08T09:35:51.053205914Z,/var/lib/docker/volumes,fabric_peer0.irs1.kit.edu,other,5006,5006,0
run_010,removal,removal_1772962520,remove-irs3-member1-1772962520,remove-irs3-member1-1772962520,22,reshare_started,reshare_completed,2026-03-08T09:35:29.248097Z,2026-03-08T09:35:51.053205914Z,/var/lib/docker/volumes,fabric_peer0.irs3.kit.edu,peer,31675544,31736946,61402
run_010,removal,removal_1772962520,remove-irs3-member1-1772962520,remove-irs3-member1-1772962520,22,reshare_started,reshare_completed,2026-03-08T09:35:29.248097Z,2026-03-08T09:35:51.053205914Z,/var/lib/docker/volumes,fabric_peer1.irs3.kit.edu,other,31674119,31735521,61402
run_010,removal,removal_1772962520,remove-irs3-member1-1772962520,remove-irs3-member1-1772962520,22,reshare_started,reshare_completed,2026-03-08T09:35:29.248097Z,2026-03-08T09:35:51.053205914Z,/var/lib/docker/volumes,fabric_peer2.irs3.kit.edu,other,31674116,31735518,61402
run_010,removal,removal_1772962520,remove-irs3-member1-1772962520,remove-irs3-member1-1772962520,22,reshare_started,reshare_completed,2026-03-08T09:35:29.248097Z,2026-03-08T09:35:51.053205914Z,/var/lib/docker/volumes,fabric_peer3.irs3.kit.edu,other,31675541,31736943,61402
run_010,removal,removal_1772962520,remove-irs3-member1-1772962520,remove-irs3-member1-1772962520,22,reshare_completed,operation_end,2026-03-08T09:35:51.053205914Z,2026-03-08T09:35:51.662770Z,/var/lib/docker/volumes,002a2c976d26a3f9c7eff06e2f9efe095908dd0ee21b2715cc202589b435aec2,other,NA,NA,
run_010,removal,removal_1772962520,remove-irs3-member1-1772962520,remove-irs3-member1-1772962520,22,reshare_completed,operation_end,2026-03-08T09:35:51.053205914Z,2026-03-08T09:35:51.662770Z,/var/lib/docker/volumes,35a02607c21ea95db05e7150f71e6e704f4d6479a4a76375ed8ec3cbfc5ec094,other,NA,NA,
run_010,removal,removal_1772962520,remove-irs3-member1-1772962520,remove-irs3-member1-1772962520,22,reshare_completed,operation_end,2026-03-08T09:35:51.053205914Z,2026-03-08T09:35:51.662770Z,/var/lib/docker/volumes,791e62bfc17bf044236c3dcb5d77ec82610b27aa4d5f3c78aff2e2842f98f9ee,other,NA,NA,
run_010,removal,removal_1772962520,remove-irs3-member1-1772962520,remove-irs3-member1-1772962520,22,reshare_completed,operation_end,2026-03-08T09:35:51.053205914Z,2026-03-08T09:35:51.662770Z,/var/lib/docker/volumes,91dbb4452b1c3709e842113c225d65a63eab07cdac1110f244a9dfbdddb57dbf,other,NA,NA,
run_010,removal,removal_1772962520,remove-irs3-member1-1772962520,remove-irs3-member1-1772962520,22,reshare_completed,operation_end,2026-03-08T09:35:51.053205914Z,2026-03-08T09:35:51.662770Z,/var/lib/docker/volumes,99ac8c723665556c954d288ca00335f1fae5493d384cb656ecf5a945cc9ae3b8,other,NA,NA,
run_010,removal,removal_1772962520,remove-irs3-member1-1772962520,remove-irs3-member1-1772962520,22,reshare_completed,operation_end,2026-03-08T09:35:51.053205914Z,2026-03-08T09:35:51.662770Z,/var/lib/docker/volumes,ab96d922f06ec7a94f1b5200e75e480c9ed7eba86fbbe33b5cb9edbe031c6ea8,other,49770,49770,0
run_010,removal,removal_1772962520,remove-irs3-member1-1772962520,remove-irs3-member1-1772962520,22,reshare_completed,operation_end,2026-03-08T09:35:51.053205914Z,2026-03-08T09:35:51.662770Z,/var/lib/docker/volumes,b8143ef8453ad18871b4b4e0ba6041764a2cda76bc6f516fa468de5fd6585e72,other,49770,49770,0
run_010,removal,removal_1772962520,remove-irs3-member1-1772962520,remove-irs3-member1-1772962520,22,reshare_completed,operation_end,2026-03-08T09:35:51.053205914Z,2026-03-08T09:35:51.662770Z,/var/lib/docker/volumes,ce313f18292c11d1170b9839e1af2e5976d1858048740f79d790d8aed673a5a4,other,NA,NA,
run_010,removal,removal_1772962520,remove-irs3-member1-1772962520,remove-irs3-member1-1772962520,22,reshare_completed,operation_end,2026-03-08T09:35:51.053205914Z,2026-03-08T09:35:51.662770Z,/var/lib/docker/volumes,d9b7785a06954372515977133a1213437b80c5db1517196ca5e26134d3413ccf,other,NA,NA,
run_010,removal,removal_1772962520,remove-irs3-member1-1772962520,remove-irs3-member1-1772962520,22,reshare_completed,operation_end,2026-03-08T09:35:51.053205914Z,2026-03-08T09:35:51.662770Z,/var/lib/docker/volumes,e0eec01c85bd157680e466dd14073f2a433b51342ff770c3a292c984a51f226b,other,NA,NA,
run_010,removal,removal_1772962520,remove-irs3-member1-1772962520,remove-irs3-member1-1772962520,22,reshare_completed,operation_end,2026-03-08T09:35:51.053205914Z,2026-03-08T09:35:51.662770Z,/var/lib/docker/volumes,fabric_orderer.kit.edu,orderer,132673670,132673670,0
run_010,removal,removal_1772962520,remove-irs3-member1-1772962520,remove-irs3-member1-1772962520,22,reshare_completed,operation_end,2026-03-08T09:35:51.053205914Z,2026-03-08T09:35:51.662770Z,/var/lib/docker/volumes,fabric_peer0.irs1.kit.edu,other,5006,5006,0
run_010,removal,removal_1772962520,remove-irs3-member1-1772962520,remove-irs3-member1-1772962520,22,reshare_completed,operation_end,2026-03-08T09:35:51.053205914Z,2026-03-08T09:35:51.662770Z,/var/lib/docker/volumes,fabric_peer0.irs3.kit.edu,peer,31736946,31736946,0
run_010,removal,removal_1772962520,remove-irs3-member1-1772962520,remove-irs3-member1-1772962520,22,reshare_completed,operation_end,2026-03-08T09:35:51.053205914Z,2026-03-08T09:35:51.662770Z,/var/lib/docker/volumes,fabric_peer1.irs3.kit.edu,other,31735521,31735521,0
run_010,removal,removal_1772962520,remove-irs3-member1-1772962520,remove-irs3-member1-1772962520,22,reshare_completed,operation_end,2026-03-08T09:35:51.053205914Z,2026-03-08T09:35:51.662770Z,/var/lib/docker/volumes,fabric_peer2.irs3.kit.edu,other,31735518,31735518,0
run_010,removal,removal_1772962520,remove-irs3-member1-1772962520,remove-irs3-member1-1772962520,22,reshare_completed,operation_end,2026-03-08T09:35:51.053205914Z,2026-03-08T09:35:51.662770Z,/var/lib/docker/volumes,fabric_peer3.irs3.kit.edu,other,31736943,31736943,0
run_010,join,join_1772962570,join-irs3-1772962570,join-irs3-1772962570,23,operation_start,join_submit_done,2026-03-08T09:36:10.058824Z,2026-03-08T09:36:12.433567Z,/var/lib/docker/volumes,002a2c976d26a3f9c7eff06e2f9efe095908dd0ee21b2715cc202589b435aec2,other,NA,NA,
run_010,join,join_1772962570,join-irs3-1772962570,join-irs3-1772962570,23,operation_start,join_submit_done,2026-03-08T09:36:10.058824Z,2026-03-08T09:36:12.433567Z,/var/lib/docker/volumes,35a02607c21ea95db05e7150f71e6e704f4d6479a4a76375ed8ec3cbfc5ec094,other,NA,NA,
run_010,join,join_1772962570,join-irs3-1772962570,join-irs3-1772962570,23,operation_start,join_submit_done,2026-03-08T09:36:10.058824Z,2026-03-08T09:36:12.433567Z,/var/lib/docker/volumes,791e62bfc17bf044236c3dcb5d77ec82610b27aa4d5f3c78aff2e2842f98f9ee,other,NA,NA,
run_010,join,join_1772962570,join-irs3-1772962570,join-irs3-1772962570,23,operation_start,join_submit_done,2026-03-08T09:36:10.058824Z,2026-03-08T09:36:12.433567Z,/var/lib/docker/volumes,91dbb4452b1c3709e842113c225d65a63eab07cdac1110f244a9dfbdddb57dbf,other,NA,NA,
run_010,join,join_1772962570,join-irs3-1772962570,join-irs3-1772962570,23,operation_start,join_submit_done,2026-03-08T09:36:10.058824Z,2026-03-08T09:36:12.433567Z,/var/lib/docker/volumes,99ac8c723665556c954d288ca00335f1fae5493d384cb656ecf5a945cc9ae3b8,other,NA,NA,
run_010,join,join_1772962570,join-irs3-1772962570,join-irs3-1772962570,23,operation_start,join_submit_done,2026-03-08T09:36:10.058824Z,2026-03-08T09:36:12.433567Z,/var/lib/docker/volumes,ab96d922f06ec7a94f1b5200e75e480c9ed7eba86fbbe33b5cb9edbe031c6ea8,other,49770,49770,0
run_010,join,join_1772962570,join-irs3-1772962570,join-irs3-1772962570,23,operation_start,join_submit_done,2026-03-08T09:36:10.058824Z,2026-03-08T09:36:12.433567Z,/var/lib/docker/volumes,b8143ef8453ad18871b4b4e0ba6041764a2cda76bc6f516fa468de5fd6585e72,other,49770,49770,0
run_010,join,join_1772962570,join-irs3-1772962570,join-irs3-1772962570,23,operation_start,join_submit_done,2026-03-08T09:36:10.058824Z,2026-03-08T09:36:12.433567Z,/var/lib/docker/volumes,ce313f18292c11d1170b9839e1af2e5976d1858048740f79d790d8aed673a5a4,other,NA,NA,
run_010,join,join_1772962570,join-irs3-1772962570,join-irs3-1772962570,23,operation_start,join_submit_done,2026-03-08T09:36:10.058824Z,2026-03-08T09:36:12.433567Z,/var/lib/docker/volumes,d9b7785a06954372515977133a1213437b80c5db1517196ca5e26134d3413ccf,other,NA,NA,
run_010,join,join_1772962570,join-irs3-1772962570,join-irs3-1772962570,23,operation_start,join_submit_done,2026-03-08T09:36:10.058824Z,2026-03-08T09:36:12.433567Z,/var/lib/docker/volumes,e0eec01c85bd157680e466dd14073f2a433b51342ff770c3a292c984a51f226b,other,NA,NA,
run_010,join,join_1772962570,join-irs3-1772962570,join-irs3-1772962570,23,operation_start,join_submit_done,2026-03-08T09:36:10.058824Z,2026-03-08T09:36:12.433567Z,/var/lib/docker/volumes,fabric_orderer.kit.edu,orderer,132673670,132682868,9198
run_010,join,join_1772962570,join-irs3-1772962570,join-irs3-1772962570,23,operation_start,join_submit_done,2026-03-08T09:36:10.058824Z,2026-03-08T09:36:12.433567Z,/var/lib/docker/volumes,fabric_peer0.irs1.kit.edu,other,5006,5006,0
run_010,join,join_1772962570,join-irs3-1772962570,join-irs3-1772962570,23,operation_start,join_submit_done,2026-03-08T09:36:10.058824Z,2026-03-08T09:36:12.433567Z,/var/lib/docker/volumes,fabric_peer0.irs3.kit.edu,peer,31736946,31748039,11093
run_010,join,join_1772962570,join-irs3-1772962570,join-irs3-1772962570,23,operation_start,join_submit_done,2026-03-08T09:36:10.058824Z,2026-03-08T09:36:12.433567Z,/var/lib/docker/volumes,fabric_peer1.irs3.kit.edu,other,31735521,31746614,11093
run_010,join,join_1772962570,join-irs3-1772962570,join-irs3-1772962570,23,operation_start,join_submit_done,2026-03-08T09:36:10.058824Z,2026-03-08T09:36:12.433567Z,/var/lib/docker/volumes,fabric_peer2.irs3.kit.edu,other,31735518,31746611,11093
run_010,join,join_1772962570,join-irs3-1772962570,join-irs3-1772962570,23,operation_start,join_submit_done,2026-03-08T09:36:10.058824Z,2026-03-08T09:36:12.433567Z,/var/lib/docker/volumes,fabric_peer3.irs3.kit.edu,other,31736943,31748036,11093
run_010,join,join_1772962570,join-irs3-1772962570,join-irs3-1772962570,23,join_submit_done,join_voted,2026-03-08T09:36:12.433567Z,2026-03-08T09:36:15.48900219Z,/var/lib/docker/volumes,002a2c976d26a3f9c7eff06e2f9efe095908dd0ee21b2715cc202589b435aec2,other,NA,NA,
run_010,join,join_1772962570,join-irs3-1772962570,join-irs3-1772962570,23,join_submit_done,join_voted,2026-03-08T09:36:12.433567Z,2026-03-08T09:36:15.48900219Z,/var/lib/docker/volumes,35a02607c21ea95db05e7150f71e6e704f4d6479a4a76375ed8ec3cbfc5ec094,other,NA,NA,
run_010,join,join_1772962570,join-irs3-1772962570,join-irs3-1772962570,23,join_submit_done,join_voted,2026-03-08T09:36:12.433567Z,2026-03-08T09:36:15.48900219Z,/var/lib/docker/volumes,791e62bfc17bf044236c3dcb5d77ec82610b27aa4d5f3c78aff2e2842f98f9ee,other,NA,NA,
run_010,join,join_1772962570,join-irs3-1772962570,join-irs3-1772962570,23,join_submit_done,join_voted,2026-03-08T09:36:12.433567Z,2026-03-08T09:36:15.48900219Z,/var/lib/docker/volumes,91dbb4452b1c3709e842113c225d65a63eab07cdac1110f244a9dfbdddb57dbf,other,NA,NA,
run_010,join,join_1772962570,join-irs3-1772962570,join-irs3-1772962570,23,join_submit_done,join_voted,2026-03-08T09:36:12.433567Z,2026-03-08T09:36:15.48900219Z,/var/lib/docker/volumes,99ac8c723665556c954d288ca00335f1fae5493d384cb656ecf5a945cc9ae3b8,other,NA,NA,
run_010,join,join_1772962570,join-irs3-1772962570,join-irs3-1772962570,23,join_submit_done,join_voted,2026-03-08T09:36:12.433567Z,2026-03-08T09:36:15.48900219Z,/var/lib/docker/volumes,ab96d922f06ec7a94f1b5200e75e480c9ed7eba86fbbe33b5cb9edbe031c6ea8,other,49770,49770,0
run_010,join,join_1772962570,join-irs3-1772962570,join-irs3-1772962570,23,join_submit_done,join_voted,2026-03-08T09:36:12.433567Z,2026-03-08T09:36:15.48900219Z,/var/lib/docker/volumes,b8143ef8453ad18871b4b4e0ba6041764a2cda76bc6f516fa468de5fd6585e72,other,49770,49770,0
run_010,join,join_1772962570,join-irs3-1772962570,join-irs3-1772962570,23,join_submit_done,join_voted,2026-03-08T09:36:12.433567Z,2026-03-08T09:36:15.48900219Z,/var/lib/docker/volumes,ce313f18292c11d1170b9839e1af2e5976d1858048740f79d790d8aed673a5a4,other,NA,NA,
run_010,join,join_1772962570,join-irs3-1772962570,join-irs3-1772962570,23,join_submit_done,join_voted,2026-03-08T09:36:12.433567Z,2026-03-08T09:36:15.48900219Z,/var/lib/docker/volumes,d9b7785a06954372515977133a1213437b80c5db1517196ca5e26134d3413ccf,other,NA,NA,
run_010,join,join_1772962570,join-irs3-1772962570,join-irs3-1772962570,23,join_submit_done,join_voted,2026-03-08T09:36:12.433567Z,2026-03-08T09:36:15.48900219Z,/var/lib/docker/volumes,e0eec01c85bd157680e466dd14073f2a433b51342ff770c3a292c984a51f226b,other,NA,NA,
run_010,join,join_1772962570,join-irs3-1772962570,join-irs3-1772962570,23,join_submit_done,join_voted,2026-03-08T09:36:12.433567Z,2026-03-08T09:36:15.48900219Z,/var/lib/docker/volumes,fabric_orderer.kit.edu,orderer,132682868,132691902,9034
run_010,join,join_1772962570,join-irs3-1772962570,join-irs3-1772962570,23,join_submit_done,join_voted,2026-03-08T09:36:12.433567Z,2026-03-08T09:36:15.48900219Z,/var/lib/docker/volumes,fabric_peer0.irs1.kit.edu,other,5006,5006,0
run_010,join,join_1772962570,join-irs3-1772962570,join-irs3-1772962570,23,join_submit_done,join_voted,2026-03-08T09:36:12.433567Z,2026-03-08T09:36:15.48900219Z,/var/lib/docker/volumes,fabric_peer0.irs3.kit.edu,peer,31748039,31759928,11889
run_010,join,join_1772962570,join-irs3-1772962570,join-irs3-1772962570,23,join_submit_done,join_voted,2026-03-08T09:36:12.433567Z,2026-03-08T09:36:15.48900219Z,/var/lib/docker/volumes,fabric_peer1.irs3.kit.edu,other,31746614,31758503,11889
run_010,join,join_1772962570,join-irs3-1772962570,join-irs3-1772962570,23,join_submit_done,join_voted,2026-03-08T09:36:12.433567Z,2026-03-08T09:36:15.48900219Z,/var/lib/docker/volumes,fabric_peer2.irs3.kit.edu,other,31746611,31758500,11889
run_010,join,join_1772962570,join-irs3-1772962570,join-irs3-1772962570,23,join_submit_done,join_voted,2026-03-08T09:36:12.433567Z,2026-03-08T09:36:15.48900219Z,/var/lib/docker/volumes,fabric_peer3.irs3.kit.edu,other,31748036,31759925,11889
run_010,join,join_1772962570,join-irs3-1772962570,join-irs3-1772962570,23,join_voted,join_approved,2026-03-08T09:36:15.48900219Z,2026-03-08T09:36:20.025046766Z,/var/lib/docker/volumes,002a2c976d26a3f9c7eff06e2f9efe095908dd0ee21b2715cc202589b435aec2,other,NA,NA,
run_010,join,join_1772962570,join-irs3-1772962570,join-irs3-1772962570,23,join_voted,join_approved,2026-03-08T09:36:15.48900219Z,2026-03-08T09:36:20.025046766Z,/var/lib/docker/volumes,35a02607c21ea95db05e7150f71e6e704f4d6479a4a76375ed8ec3cbfc5ec094,other,NA,NA,
run_010,join,join_1772962570,join-irs3-1772962570,join-irs3-1772962570,23,join_voted,join_approved,2026-03-08T09:36:15.48900219Z,2026-03-08T09:36:20.025046766Z,/var/lib/docker/volumes,791e62bfc17bf044236c3dcb5d77ec82610b27aa4d5f3c78aff2e2842f98f9ee,other,NA,NA,
run_010,join,join_1772962570,join-irs3-1772962570,join-irs3-1772962570,23,join_voted,join_approved,2026-03-08T09:36:15.48900219Z,2026-03-08T09:36:20.025046766Z,/var/lib/docker/volumes,91dbb4452b1c3709e842113c225d65a63eab07cdac1110f244a9dfbdddb57dbf,other,NA,NA,
run_010,join,join_1772962570,join-irs3-1772962570,join-irs3-1772962570,23,join_voted,join_approved,2026-03-08T09:36:15.48900219Z,2026-03-08T09:36:20.025046766Z,/var/lib/docker/volumes,99ac8c723665556c954d288ca00335f1fae5493d384cb656ecf5a945cc9ae3b8,other,NA,NA,
run_010,join,join_1772962570,join-irs3-1772962570,join-irs3-1772962570,23,join_voted,join_approved,2026-03-08T09:36:15.48900219Z,2026-03-08T09:36:20.025046766Z,/var/lib/docker/volumes,ab96d922f06ec7a94f1b5200e75e480c9ed7eba86fbbe33b5cb9edbe031c6ea8,other,49770,49770,0
run_010,join,join_1772962570,join-irs3-1772962570,join-irs3-1772962570,23,join_voted,join_approved,2026-03-08T09:36:15.48900219Z,2026-03-08T09:36:20.025046766Z,/var/lib/docker/volumes,b8143ef8453ad18871b4b4e0ba6041764a2cda76bc6f516fa468de5fd6585e72,other,49770,49770,0
run_010,join,join_1772962570,join-irs3-1772962570,join-irs3-1772962570,23,join_voted,join_approved,2026-03-08T09:36:15.48900219Z,2026-03-08T09:36:20.025046766Z,/var/lib/docker/volumes,ce313f18292c11d1170b9839e1af2e5976d1858048740f79d790d8aed673a5a4,other,NA,NA,
run_010,join,join_1772962570,join-irs3-1772962570,join-irs3-1772962570,23,join_voted,join_approved,2026-03-08T09:36:15.48900219Z,2026-03-08T09:36:20.025046766Z,/var/lib/docker/volumes,d9b7785a06954372515977133a1213437b80c5db1517196ca5e26134d3413ccf,other,NA,NA,
run_010,join,join_1772962570,join-irs3-1772962570,join-irs3-1772962570,23,join_voted,join_approved,2026-03-08T09:36:15.48900219Z,2026-03-08T09:36:20.025046766Z,/var/lib/docker/volumes,e0eec01c85bd157680e466dd14073f2a433b51342ff770c3a292c984a51f226b,other,NA,NA,
run_010,join,join_1772962570,join-irs3-1772962570,join-irs3-1772962570,23,join_voted,join_approved,2026-03-08T09:36:15.48900219Z,2026-03-08T09:36:20.025046766Z,/var/lib/docker/volumes,fabric_orderer.kit.edu,orderer,132691902,132712390,20488
run_010,join,join_1772962570,join-irs3-1772962570,join-irs3-1772962570,23,join_voted,join_approved,2026-03-08T09:36:15.48900219Z,2026-03-08T09:36:20.025046766Z,/var/lib/docker/volumes,fabric_peer0.irs1.kit.edu,other,5006,5006,0
run_010,join,join_1772962570,join-irs3-1772962570,join-irs3-1772962570,23,join_voted,join_approved,2026-03-08T09:36:15.48900219Z,2026-03-08T09:36:20.025046766Z,/var/lib/docker/volumes,fabric_peer0.irs3.kit.edu,peer,31759928,31786333,26405
run_010,join,join_1772962570,join-irs3-1772962570,join-irs3-1772962570,23,join_voted,join_approved,2026-03-08T09:36:15.48900219Z,2026-03-08T09:36:20.025046766Z,/var/lib/docker/volumes,fabric_peer1.irs3.kit.edu,other,31758503,31784908,26405
run_010,join,join_1772962570,join-irs3-1772962570,join-irs3-1772962570,23,join_voted,join_approved,2026-03-08T09:36:15.48900219Z,2026-03-08T09:36:20.025046766Z,/var/lib/docker/volumes,fabric_peer2.irs3.kit.edu,other,31758500,31784905,26405
run_010,join,join_1772962570,join-irs3-1772962570,join-irs3-1772962570,23,join_voted,join_approved,2026-03-08T09:36:15.48900219Z,2026-03-08T09:36:20.025046766Z,/var/lib/docker/volumes,fabric_peer3.irs3.kit.edu,other,31759925,31786330,26405
run_010,join,join_1772962570,join-irs3-1772962570,join-irs3-1772962570,23,join_approved,reshare_started,2026-03-08T09:36:20.025046766Z,2026-03-08T09:36:20.866128Z,/var/lib/docker/volumes,002a2c976d26a3f9c7eff06e2f9efe095908dd0ee21b2715cc202589b435aec2,other,NA,NA,
run_010,join,join_1772962570,join-irs3-1772962570,join-irs3-1772962570,23,join_approved,reshare_started,2026-03-08T09:36:20.025046766Z,2026-03-08T09:36:20.866128Z,/var/lib/docker/volumes,35a02607c21ea95db05e7150f71e6e704f4d6479a4a76375ed8ec3cbfc5ec094,other,NA,NA,
run_010,join,join_1772962570,join-irs3-1772962570,join-irs3-1772962570,23,join_approved,reshare_started,2026-03-08T09:36:20.025046766Z,2026-03-08T09:36:20.866128Z,/var/lib/docker/volumes,791e62bfc17bf044236c3dcb5d77ec82610b27aa4d5f3c78aff2e2842f98f9ee,other,NA,NA,
run_010,join,join_1772962570,join-irs3-1772962570,join-irs3-1772962570,23,join_approved,reshare_started,2026-03-08T09:36:20.025046766Z,2026-03-08T09:36:20.866128Z,/var/lib/docker/volumes,91dbb4452b1c3709e842113c225d65a63eab07cdac1110f244a9dfbdddb57dbf,other,NA,NA,
run_010,join,join_1772962570,join-irs3-1772962570,join-irs3-1772962570,23,join_approved,reshare_started,2026-03-08T09:36:20.025046766Z,2026-03-08T09:36:20.866128Z,/var/lib/docker/volumes,99ac8c723665556c954d288ca00335f1fae5493d384cb656ecf5a945cc9ae3b8,other,NA,NA,
run_010,join,join_1772962570,join-irs3-1772962570,join-irs3-1772962570,23,join_approved,reshare_started,2026-03-08T09:36:20.025046766Z,2026-03-08T09:36:20.866128Z,/var/lib/docker/volumes,ab96d922f06ec7a94f1b5200e75e480c9ed7eba86fbbe33b5cb9edbe031c6ea8,other,49770,49770,0
run_010,join,join_1772962570,join-irs3-1772962570,join-irs3-1772962570,23,join_approved,reshare_started,2026-03-08T09:36:20.025046766Z,2026-03-08T09:36:20.866128Z,/var/lib/docker/volumes,b8143ef8453ad18871b4b4e0ba6041764a2cda76bc6f516fa468de5fd6585e72,other,49770,49770,0
run_010,join,join_1772962570,join-irs3-1772962570,join-irs3-1772962570,23,join_approved,reshare_started,2026-03-08T09:36:20.025046766Z,2026-03-08T09:36:20.866128Z,/var/lib/docker/volumes,ce313f18292c11d1170b9839e1af2e5976d1858048740f79d790d8aed673a5a4,other,NA,NA,
run_010,join,join_1772962570,join-irs3-1772962570,join-irs3-1772962570,23,join_approved,reshare_started,2026-03-08T09:36:20.025046766Z,2026-03-08T09:36:20.866128Z,/var/lib/docker/volumes,d9b7785a06954372515977133a1213437b80c5db1517196ca5e26134d3413ccf,other,NA,NA,
run_010,join,join_1772962570,join-irs3-1772962570,join-irs3-1772962570,23,join_approved,reshare_started,2026-03-08T09:36:20.025046766Z,2026-03-08T09:36:20.866128Z,/var/lib/docker/volumes,e0eec01c85bd157680e466dd14073f2a433b51342ff770c3a292c984a51f226b,other,NA,NA,
run_010,join,join_1772962570,join-irs3-1772962570,join-irs3-1772962570,23,join_approved,reshare_started,2026-03-08T09:36:20.025046766Z,2026-03-08T09:36:20.866128Z,/var/lib/docker/volumes,fabric_orderer.kit.edu,orderer,132712390,132712390,0
run_010,join,join_1772962570,join-irs3-1772962570,join-irs3-1772962570,23,join_approved,reshare_started,2026-03-08T09:36:20.025046766Z,2026-03-08T09:36:20.866128Z,/var/lib/docker/volumes,fabric_peer0.irs1.kit.edu,other,5006,5006,0
run_010,join,join_1772962570,join-irs3-1772962570,join-irs3-1772962570,23,join_approved,reshare_started,2026-03-08T09:36:20.025046766Z,2026-03-08T09:36:20.866128Z,/var/lib/docker/volumes,fabric_peer0.irs3.kit.edu,peer,31786333,31786333,0
run_010,join,join_1772962570,join-irs3-1772962570,join-irs3-1772962570,23,join_approved,reshare_started,2026-03-08T09:36:20.025046766Z,2026-03-08T09:36:20.866128Z,/var/lib/docker/volumes,fabric_peer1.irs3.kit.edu,other,31784908,31784908,0
run_010,join,join_1772962570,join-irs3-1772962570,join-irs3-1772962570,23,join_approved,reshare_started,2026-03-08T09:36:20.025046766Z,2026-03-08T09:36:20.866128Z,/var/lib/docker/volumes,fabric_peer2.irs3.kit.edu,other,31784905,31784905,0
run_010,join,join_1772962570,join-irs3-1772962570,join-irs3-1772962570,23,join_approved,reshare_started,2026-03-08T09:36:20.025046766Z,2026-03-08T09:36:20.866128Z,/var/lib/docker/volumes,fabric_peer3.irs3.kit.edu,other,31786330,31786330,0
run_010,join,join_1772962570,join-irs3-1772962570,join-irs3-1772962570,23,reshare_started,reshare_completed,2026-03-08T09:36:20.866128Z,2026-03-08T09:36:43.765277667Z,/var/lib/docker/volumes,002a2c976d26a3f9c7eff06e2f9efe095908dd0ee21b2715cc202589b435aec2,other,NA,NA,
run_010,join,join_1772962570,join-irs3-1772962570,join-irs3-1772962570,23,reshare_started,reshare_completed,2026-03-08T09:36:20.866128Z,2026-03-08T09:36:43.765277667Z,/var/lib/docker/volumes,35a02607c21ea95db05e7150f71e6e704f4d6479a4a76375ed8ec3cbfc5ec094,other,NA,NA,
run_010,join,join_1772962570,join-irs3-1772962570,join-irs3-1772962570,23,reshare_started,reshare_completed,2026-03-08T09:36:20.866128Z,2026-03-08T09:36:43.765277667Z,/var/lib/docker/volumes,791e62bfc17bf044236c3dcb5d77ec82610b27aa4d5f3c78aff2e2842f98f9ee,other,NA,NA,
run_010,join,join_1772962570,join-irs3-1772962570,join-irs3-1772962570,23,reshare_started,reshare_completed,2026-03-08T09:36:20.866128Z,2026-03-08T09:36:43.765277667Z,/var/lib/docker/volumes,91dbb4452b1c3709e842113c225d65a63eab07cdac1110f244a9dfbdddb57dbf,other,NA,NA,
run_010,join,join_1772962570,join-irs3-1772962570,join-irs3-1772962570,23,reshare_started,reshare_completed,2026-03-08T09:36:20.866128Z,2026-03-08T09:36:43.765277667Z,/var/lib/docker/volumes,99ac8c723665556c954d288ca00335f1fae5493d384cb656ecf5a945cc9ae3b8,other,NA,NA,
run_010,join,join_1772962570,join-irs3-1772962570,join-irs3-1772962570,23,reshare_started,reshare_completed,2026-03-08T09:36:20.866128Z,2026-03-08T09:36:43.765277667Z,/var/lib/docker/volumes,ab96d922f06ec7a94f1b5200e75e480c9ed7eba86fbbe33b5cb9edbe031c6ea8,other,49770,49770,0
run_010,join,join_1772962570,join-irs3-1772962570,join-irs3-1772962570,23,reshare_started,reshare_completed,2026-03-08T09:36:20.866128Z,2026-03-08T09:36:43.765277667Z,/var/lib/docker/volumes,b8143ef8453ad18871b4b4e0ba6041764a2cda76bc6f516fa468de5fd6585e72,other,49770,49770,0
run_010,join,join_1772962570,join-irs3-1772962570,join-irs3-1772962570,23,reshare_started,reshare_completed,2026-03-08T09:36:20.866128Z,2026-03-08T09:36:43.765277667Z,/var/lib/docker/volumes,ce313f18292c11d1170b9839e1af2e5976d1858048740f79d790d8aed673a5a4,other,NA,NA,
run_010,join,join_1772962570,join-irs3-1772962570,join-irs3-1772962570,23,reshare_started,reshare_completed,2026-03-08T09:36:20.866128Z,2026-03-08T09:36:43.765277667Z,/var/lib/docker/volumes,d9b7785a06954372515977133a1213437b80c5db1517196ca5e26134d3413ccf,other,NA,NA,
run_010,join,join_1772962570,join-irs3-1772962570,join-irs3-1772962570,23,reshare_started,reshare_completed,2026-03-08T09:36:20.866128Z,2026-03-08T09:36:43.765277667Z,/var/lib/docker/volumes,e0eec01c85bd157680e466dd14073f2a433b51342ff770c3a292c984a51f226b,other,NA,NA,
run_010,join,join_1772962570,join-irs3-1772962570,join-irs3-1772962570,23,reshare_started,reshare_completed,2026-03-08T09:36:20.866128Z,2026-03-08T09:36:43.765277667Z,/var/lib/docker/volumes,fabric_orderer.kit.edu,orderer,132712390,132746594,34204
run_010,join,join_1772962570,join-irs3-1772962570,join-irs3-1772962570,23,reshare_started,reshare_completed,2026-03-08T09:36:20.866128Z,2026-03-08T09:36:43.765277667Z,/var/lib/docker/volumes,fabric_peer0.irs1.kit.edu,other,5006,5006,0
run_010,join,join_1772962570,join-irs3-1772962570,join-irs3-1772962570,23,reshare_started,reshare_completed,2026-03-08T09:36:20.866128Z,2026-03-08T09:36:43.765277667Z,/var/lib/docker/volumes,fabric_peer0.irs3.kit.edu,peer,31786333,31827299,40966
run_010,join,join_1772962570,join-irs3-1772962570,join-irs3-1772962570,23,reshare_started,reshare_completed,2026-03-08T09:36:20.866128Z,2026-03-08T09:36:43.765277667Z,/var/lib/docker/volumes,fabric_peer1.irs3.kit.edu,other,31784908,31825874,40966
run_010,join,join_1772962570,join-irs3-1772962570,join-irs3-1772962570,23,reshare_started,reshare_completed,2026-03-08T09:36:20.866128Z,2026-03-08T09:36:43.765277667Z,/var/lib/docker/volumes,fabric_peer2.irs3.kit.edu,other,31784905,31825871,40966
run_010,join,join_1772962570,join-irs3-1772962570,join-irs3-1772962570,23,reshare_started,reshare_completed,2026-03-08T09:36:20.866128Z,2026-03-08T09:36:43.765277667Z,/var/lib/docker/volumes,fabric_peer3.irs3.kit.edu,other,31786330,31827296,40966
run_010,join,join_1772962570,join-irs3-1772962570,join-irs3-1772962570,23,reshare_completed,operation_end,2026-03-08T09:36:43.765277667Z,2026-03-08T09:36:51.346917Z,/var/lib/docker/volumes,002a2c976d26a3f9c7eff06e2f9efe095908dd0ee21b2715cc202589b435aec2,other,NA,NA,
run_010,join,join_1772962570,join-irs3-1772962570,join-irs3-1772962570,23,reshare_completed,operation_end,2026-03-08T09:36:43.765277667Z,2026-03-08T09:36:51.346917Z,/var/lib/docker/volumes,35a02607c21ea95db05e7150f71e6e704f4d6479a4a76375ed8ec3cbfc5ec094,other,NA,NA,
run_010,join,join_1772962570,join-irs3-1772962570,join-irs3-1772962570,23,reshare_completed,operation_end,2026-03-08T09:36:43.765277667Z,2026-03-08T09:36:51.346917Z,/var/lib/docker/volumes,791e62bfc17bf044236c3dcb5d77ec82610b27aa4d5f3c78aff2e2842f98f9ee,other,NA,NA,
run_010,join,join_1772962570,join-irs3-1772962570,join-irs3-1772962570,23,reshare_completed,operation_end,2026-03-08T09:36:43.765277667Z,2026-03-08T09:36:51.346917Z,/var/lib/docker/volumes,91dbb4452b1c3709e842113c225d65a63eab07cdac1110f244a9dfbdddb57dbf,other,NA,NA,
run_010,join,join_1772962570,join-irs3-1772962570,join-irs3-1772962570,23,reshare_completed,operation_end,2026-03-08T09:36:43.765277667Z,2026-03-08T09:36:51.346917Z,/var/lib/docker/volumes,99ac8c723665556c954d288ca00335f1fae5493d384cb656ecf5a945cc9ae3b8,other,NA,NA,
run_010,join,join_1772962570,join-irs3-1772962570,join-irs3-1772962570,23,reshare_completed,operation_end,2026-03-08T09:36:43.765277667Z,2026-03-08T09:36:51.346917Z,/var/lib/docker/volumes,ab96d922f06ec7a94f1b5200e75e480c9ed7eba86fbbe33b5cb9edbe031c6ea8,other,49770,49770,0
run_010,join,join_1772962570,join-irs3-1772962570,join-irs3-1772962570,23,reshare_completed,operation_end,2026-03-08T09:36:43.765277667Z,2026-03-08T09:36:51.346917Z,/var/lib/docker/volumes,b8143ef8453ad18871b4b4e0ba6041764a2cda76bc6f516fa468de5fd6585e72,other,49770,49770,0
run_010,join,join_1772962570,join-irs3-1772962570,join-irs3-1772962570,23,reshare_completed,operation_end,2026-03-08T09:36:43.765277667Z,2026-03-08T09:36:51.346917Z,/var/lib/docker/volumes,ce313f18292c11d1170b9839e1af2e5976d1858048740f79d790d8aed673a5a4,other,NA,NA,
run_010,join,join_1772962570,join-irs3-1772962570,join-irs3-1772962570,23,reshare_completed,operation_end,2026-03-08T09:36:43.765277667Z,2026-03-08T09:36:51.346917Z,/var/lib/docker/volumes,d9b7785a06954372515977133a1213437b80c5db1517196ca5e26134d3413ccf,other,NA,NA,
run_010,join,join_1772962570,join-irs3-1772962570,join-irs3-1772962570,23,reshare_completed,operation_end,2026-03-08T09:36:43.765277667Z,2026-03-08T09:36:51.346917Z,/var/lib/docker/volumes,e0eec01c85bd157680e466dd14073f2a433b51342ff770c3a292c984a51f226b,other,NA,NA,
run_010,join,join_1772962570,join-irs3-1772962570,join-irs3-1772962570,23,reshare_completed,operation_end,2026-03-08T09:36:43.765277667Z,2026-03-08T09:36:51.346917Z,/var/lib/docker/volumes,fabric_orderer.kit.edu,orderer,132746594,132810796,64202
run_010,join,join_1772962570,join-irs3-1772962570,join-irs3-1772962570,23,reshare_completed,operation_end,2026-03-08T09:36:43.765277667Z,2026-03-08T09:36:51.346917Z,/var/lib/docker/volumes,fabric_peer0.irs1.kit.edu,other,5006,5006,0
run_010,join,join_1772962570,join-irs3-1772962570,join-irs3-1772962570,23,reshare_completed,operation_end,2026-03-08T09:36:43.765277667Z,2026-03-08T09:36:51.346917Z,/var/lib/docker/volumes,fabric_peer0.irs3.kit.edu,peer,31827299,31901755,74456
run_010,join,join_1772962570,join-irs3-1772962570,join-irs3-1772962570,23,reshare_completed,operation_end,2026-03-08T09:36:43.765277667Z,2026-03-08T09:36:51.346917Z,/var/lib/docker/volumes,fabric_peer1.irs3.kit.edu,other,31825874,31900330,74456
run_010,join,join_1772962570,join-irs3-1772962570,join-irs3-1772962570,23,reshare_completed,operation_end,2026-03-08T09:36:43.765277667Z,2026-03-08T09:36:51.346917Z,/var/lib/docker/volumes,fabric_peer2.irs3.kit.edu,other,31825871,31900327,74456
run_010,join,join_1772962570,join-irs3-1772962570,join-irs3-1772962570,23,reshare_completed,operation_end,2026-03-08T09:36:43.765277667Z,2026-03-08T09:36:51.346917Z,/var/lib/docker/volumes,fabric_peer3.irs3.kit.edu,other,31827296,31901752,74456
