run_id,workflow,workflow_tag,operation_id,proposal_id,epoch,stage_start,stage_end,ts_start,ts_end,path,rank,volume_name,component,delta_bytes,share_pct
run_001,csr,csr_1772960970,csr-irs3-1772960970,csr-irs3-1772960970,,operation_start,csr_submit_done,2026-03-08T09:09:30.812911Z,2026-03-08T09:09:33.208796Z,/var/lib/docker/volumes,1,fabric_peer0.irs3.kit.edu,peer,10680,20.83292694821028
run_001,csr,csr_1772960970,csr-irs3-1772960970,csr-irs3-1772960970,,operation_start,csr_submit_done,2026-03-08T09:09:30.812911Z,2026-03-08T09:09:33.208796Z,/var/lib/docker/volumes,2,fabric_peer1.irs3.kit.edu,other,10680,20.83292694821028
run_001,csr,csr_1772960970,csr-irs3-1772960970,csr-irs3-1772960970,,operation_start,csr_submit_done,2026-03-08T09:09:30.812911Z,2026-03-08T09:09:33.208796Z,/var/lib/docker/volumes,3,fabric_peer2.irs3.kit.edu,other,10680,20.83292694821028
run_001,csr,csr_1772960970,csr-irs3-1772960970,csr-irs3-1772960970,,operation_start,csr_submit_done,2026-03-08T09:09:30.812911Z,2026-03-08T09:09:33.208796Z,/var/lib/docker/volumes,4,fabric_peer3.irs3.kit.edu,other,10680,20.83292694821028
run_001,csr,csr_1772960970,csr-irs3-1772960970,csr-irs3-1772960970,,operation_start,csr_submit_done,2026-03-08T09:09:30.812911Z,2026-03-08T09:09:33.208796Z,/var/lib/docker/volumes,5,fabric_orderer.kit.edu,orderer,8545,16.66829220715888
run_001,csr,csr_1772960970,csr-irs3-1772960970,csr-irs3-1772960970,,csr_submit_done,csr_voted,2026-03-08T09:09:33.208796Z,2026-03-08T09:09:35.549506602Z,/var/lib/docker/volumes,1,fabric_peer0.irs3.kit.edu,peer,27683,20.491354296204182
run_001,csr,csr_1772960970,csr-irs3-1772960970,csr-irs3-1772960970,,csr_submit_done,csr_voted,2026-03-08T09:09:33.208796Z,2026-03-08T09:09:35.549506602Z,/var/lib/docker/volumes,2,fabric_peer1.irs3.kit.edu,other,27683,20.491354296204182
run_001,csr,csr_1772960970,csr-irs3-1772960970,csr-irs3-1772960970,,csr_submit_done,csr_voted,2026-03-08T09:09:33.208796Z,2026-03-08T09:09:35.549506602Z,/var/lib/docker/volumes,3,fabric_peer2.irs3.kit.edu,other,27683,20.491354296204182
run_001,csr,csr_1772960970,csr-irs3-1772960970,csr-irs3-1772960970,,csr_submit_done,csr_voted,2026-03-08T09:09:33.208796Z,2026-03-08T09:09:35.549506602Z,/var/lib/docker/volumes,4,fabric_peer3.irs3.kit.edu,other,27683,20.491354296204182
run_001,csr,csr_1772960970,csr-irs3-1772960970,csr-irs3-1772960970,,csr_submit_done,csr_voted,2026-03-08T09:09:33.208796Z,2026-03-08T09:09:35.549506602Z,/var/lib/docker/volumes,5,fabric_orderer.kit.edu,orderer,24364,18.034582815183278
run_001,csr,csr_1772960970,csr-irs3-1772960970,csr-irs3-1772960970,,csr_voted,csr_approved,2026-03-08T09:09:35.549506602Z,2026-03-08T09:09:38.005536563Z,/var/lib/docker/volumes,1,fabric_peer0.irs3.kit.edu,peer,20073,20.763597244346983
run_001,csr,csr_1772960970,csr-irs3-1772960970,csr-irs3-1772960970,,csr_voted,csr_approved,2026-03-08T09:09:35.549506602Z,2026-03-08T09:09:38.005536563Z,/var/lib/docker/volumes,2,fabric_peer1.irs3.kit.edu,other,20073,20.763597244346983
run_001,csr,csr_1772960970,csr-irs3-1772960970,csr-irs3-1772960970,,csr_voted,csr_approved,2026-03-08T09:09:35.549506602Z,2026-03-08T09:09:38.005536563Z,/var/lib/docker/volumes,3,fabric_peer2.irs3.kit.edu,other,20073,20.763597244346983
run_001,csr,csr_1772960970,csr-irs3-1772960970,csr-irs3-1772960970,,csr_voted,csr_approved,2026-03-08T09:09:35.549506602Z,2026-03-08T09:09:38.005536563Z,/var/lib/docker/volumes,4,fabric_peer3.irs3.kit.edu,other,20073,20.763597244346983
run_001,csr,csr_1772960970,csr-irs3-1772960970,csr-irs3-1772960970,,csr_voted,csr_approved,2026-03-08T09:09:35.549506602Z,2026-03-08T09:09:38.005536563Z,/var/lib/docker/volumes,5,fabric_orderer.kit.edu,orderer,16382,16.945611022612077
run_001,csr,csr_1772960970,csr-irs3-1772960970,csr-irs3-1772960970,,csr_approved,cert_registered,2026-03-08T09:09:38.005536563Z,2026-03-08T09:09:48.092811544Z,/var/lib/docker/volumes,1,fabric_peer0.irs3.kit.edu,peer,51585,20.916964698440506
run_001,csr,csr_1772960970,csr-irs3-1772960970,csr-irs3-1772960970,,csr_approved,cert_registered,2026-03-08T09:09:38.005536563Z,2026-03-08T09:09:48.092811544Z,/var/lib/docker/volumes,2,fabric_peer1.irs3.kit.edu,other,51585,20.916964698440506
run_001,csr,csr_1772960970,csr-irs3-1772960970,csr-irs3-1772960970,,csr_approved,cert_registered,2026-03-08T09:09:38.005536563Z,2026-03-08T09:09:48.092811544Z,/var/lib/docker/volumes,3,fabric_peer2.irs3.kit.edu,other,51585,20.916964698440506
run_001,csr,csr_1772960970,csr-irs3-1772960970,csr-irs3-1772960970,,csr_approved,cert_registered,2026-03-08T09:09:38.005536563Z,2026-03-08T09:09:48.092811544Z,/var/lib/docker/volumes,4,fabric_peer3.irs3.kit.edu,other,51585,20.916964698440506
run_001,csr,csr_1772960970,csr-irs3-1772960970,csr-irs3-1772960970,,csr_approved,cert_registered,2026-03-08T09:09:38.005536563Z,2026-03-08T09:09:48.092811544Z,/var/lib/docker/volumes,5,fabric_orderer.kit.edu,orderer,40278,16.33214120623799
run_001,csr,csr_1772960970,csr-irs3-1772960970,csr-irs3-1772960970,,cert_registered,operation_end,2026-03-08T09:09:48.092811544Z,2026-03-08T09:09:49.926949Z,/var/lib/docker/volumes,1,ab96d922f06ec7a94f1b5200e75e480c9ed7eba86fbbe33b5cb9edbe031c6ea8,other,0,0.0
run_001,csr,csr_1772960970,csr-irs3-1772960970,csr-irs3-1772960970,,cert_registered,operation_end,2026-03-08T09:09:48.092811544Z,2026-03-08T09:09:49.926949Z,/var/lib/docker/volumes,2,b8143ef8453ad18871b4b4e0ba6041764a2cda76bc6f516fa468de5fd6585e72,other,0,0.0
run_001,csr,csr_1772960970,csr-irs3-1772960970,csr-irs3-1772960970,,cert_registered,operation_end,2026-03-08T09:09:48.092811544Z,2026-03-08T09:09:49.926949Z,/var/lib/docker/volumes,3,fabric_orderer.kit.edu,orderer,0,0.0
run_001,csr,csr_1772960970,csr-irs3-1772960970,csr-irs3-1772960970,,cert_registered,operation_end,2026-03-08T09:09:48.092811544Z,2026-03-08T09:09:49.926949Z,/var/lib/docker/volumes,4,fabric_peer0.irs1.kit.edu,other,0,0.0
run_001,csr,csr_1772960970,csr-irs3-1772960970,csr-irs3-1772960970,,cert_registered,operation_end,2026-03-08T09:09:48.092811544Z,2026-03-08T09:09:49.926949Z,/var/lib/docker/volumes,5,fabric_peer0.irs3.kit.edu,peer,0,0.0
run_001,revocation,revocation_1772961010,revoke-irs3-1772961010,revoke-irs3-1772961010,,operation_start,revocation_submit_done,2026-03-08T09:10:10.206260Z,2026-03-08T09:10:12.570962Z,/var/lib/docker/volumes,1,fabric_peer0.irs3.kit.edu,peer,8218,20.51474075738286
run_001,revocation,revocation_1772961010,revoke-irs3-1772961010,revoke-irs3-1772961010,,operation_start,revocation_submit_done,2026-03-08T09:10:10.206260Z,2026-03-08T09:10:12.570962Z,/var/lib/docker/volumes,2,fabric_peer1.irs3.kit.edu,other,8218,20.51474075738286
run_001,revocation,revocation_1772961010,revoke-irs3-1772961010,revoke-irs3-1772961010,,operation_start,revocation_submit_done,2026-03-08T09:10:10.206260Z,2026-03-08T09:10:12.570962Z,/var/lib/docker/volumes,3,fabric_peer2.irs3.kit.edu,other,8218,20.51474075738286
run_001,revocation,revocation_1772961010,revoke-irs3-1772961010,revoke-irs3-1772961010,,operation_start,revocation_submit_done,2026-03-08T09:10:10.206260Z,2026-03-08T09:10:12.570962Z,/var/lib/docker/volumes,4,fabric_peer3.irs3.kit.edu,other,8218,20.51474075738286
run_001,revocation,revocation_1772961010,revoke-irs3-1772961010,revoke-irs3-1772961010,,operation_start,revocation_submit_done,2026-03-08T09:10:10.206260Z,2026-03-08T09:10:12.570962Z,/var/lib/docker/volumes,5,fabric_orderer.kit.edu,orderer,7187,17.94103697046856
run_001,revocation,revocation_1772961010,revoke-irs3-1772961010,revoke-irs3-1772961010,,revocation_submit_done,revocation_voted,2026-03-08T09:10:12.570962Z,2026-03-08T09:10:15.596693247Z,/var/lib/docker/volumes,1,fabric_peer0.irs3.kit.edu,peer,16561,20.520922394458694
run_001,revocation,revocation_1772961010,revoke-irs3-1772961010,revoke-irs3-1772961010,,revocation_submit_done,revocation_voted,2026-03-08T09:10:12.570962Z,2026-03-08T09:10:15.596693247Z,/var/lib/docker/volumes,2,fabric_peer1.irs3.kit.edu,other,16561,20.520922394458694
run_001,revocation,revocation_1772961010,revoke-irs3-1772961010,revoke-irs3-1772961010,,revocation_submit_done,revocation_voted,2026-03-08T09:10:12.570962Z,2026-03-08T09:10:15.596693247Z,/var/lib/docker/volumes,3,fabric_peer2.irs3.kit.edu,other,16561,20.520922394458694
run_001,revocation,revocation_1772961010,revoke-irs3-1772961010,revoke-irs3-1772961010,,revocation_submit_done,revocation_voted,2026-03-08T09:10:12.570962Z,2026-03-08T09:10:15.596693247Z,/var/lib/docker/volumes,4,fabric_peer3.irs3.kit.edu,other,16561,20.520922394458694
run_001,revocation,revocation_1772961010,revoke-irs3-1772961010,revoke-irs3-1772961010,,revocation_submit_done,revocation_voted,2026-03-08T09:10:12.570962Z,2026-03-08T09:10:15.596693247Z,/var/lib/docker/volumes,5,fabric_orderer.kit.edu,orderer,14459,17.916310422165225
run_001,revocation,revocation_1772961010,revoke-irs3-1772961010,revoke-irs3-1772961010,,revocation_voted,revocation_executed,2026-03-08T09:10:15.596693247Z,2026-03-08T09:10:17.786616211Z,/var/lib/docker/volumes,1,fabric_peer0.irs3.kit.edu,peer,26722,20.88586323597227
run_001,revocation,revocation_1772961010,revoke-irs3-1772961010,revoke-irs3-1772961010,,revocation_voted,revocation_executed,2026-03-08T09:10:15.596693247Z,2026-03-08T09:10:17.786616211Z,/var/lib/docker/volumes,2,fabric_peer1.irs3.kit.edu,other,26722,20.88586323597227
run_001,revocation,revocation_1772961010,revoke-irs3-1772961010,revoke-irs3-1772961010,,revocation_voted,revocation_executed,2026-03-08T09:10:15.596693247Z,2026-03-08T09:10:17.786616211Z,/var/lib/docker/volumes,3,fabric_peer2.irs3.kit.edu,other,26722,20.88586323597227
run_001,revocation,revocation_1772961010,revoke-irs3-1772961010,revoke-irs3-1772961010,,revocation_voted,revocation_executed,2026-03-08T09:10:15.596693247Z,2026-03-08T09:10:17.786616211Z,/var/lib/docker/volumes,4,fabric_peer3.irs3.kit.edu,other,26722,20.88586323597227
run_001,revocation,revocation_1772961010,revoke-irs3-1772961010,revoke-irs3-1772961010,,revocation_voted,revocation_executed,2026-03-08T09:10:15.596693247Z,2026-03-08T09:10:17.786616211Z,/var/lib/docker/volumes,5,fabric_orderer.kit.edu,orderer,21055,16.456547056110924
run_001,revocation,revocation_1772961010,revoke-irs3-1772961010,revoke-irs3-1772961010,,revocation_executed,operation_end,2026-03-08T09:10:17.786616211Z,2026-03-08T09:10:18.959942Z,/var/lib/docker/volumes,1,ab96d922f06ec7a94f1b5200e75e480c9ed7eba86fbbe33b5cb9edbe031c6ea8,other,0,0.0
run_001,revocation,revocation_1772961010,revoke-irs3-1772961010,revoke-irs3-1772961010,,revocation_executed,operation_end,2026-03-08T09:10:17.786616211Z,2026-03-08T09:10:18.959942Z,/var/lib/docker/volumes,2,b8143ef8453ad18871b4b4e0ba6041764a2cda76bc6f516fa468de5fd6585e72,other,0,0.0
run_001,revocation,revocation_1772961010,revoke-irs3-1772961010,revoke-irs3-1772961010,,revocation_executed,operation_end,2026-03-08T09:10:17.786616211Z,2026-03-08T09:10:18.959942Z,/var/lib/docker/volumes,3,fabric_orderer.kit.edu,orderer,0,0.0
run_001,revocation,revocation_1772961010,revoke-irs3-1772961010,revoke-irs3-1772961010,,revocation_executed,operation_end,2026-03-08T09:10:17.786616211Z,2026-03-08T09:10:18.959942Z,/var/lib/docker/volumes,4,fabric_peer0.irs1.kit.edu,other,0,0.0
run_001,revocation,revocation_1772961010,revoke-irs3-1772961010,revoke-irs3-1772961010,,revocation_executed,operation_end,2026-03-08T09:10:17.786616211Z,2026-03-08T09:10:18.959942Z,/var/lib/docker/volumes,5,fabric_peer0.irs3.kit.edu,peer,0,0.0
run_001,removal,removal_1772961037,remove-irs3-member1-1772961037,remove-irs3-member1-1772961037,4,operation_start,removal_submit_done,2026-03-08T09:10:37.178368Z,2026-03-08T09:10:39.532870Z,/var/lib/docker/volumes,1,fabric_peer0.irs3.kit.edu,peer,8547,20.528401585204755
run_001,removal,removal_1772961037,remove-irs3-member1-1772961037,remove-irs3-member1-1772961037,4,operation_start,removal_submit_done,2026-03-08T09:10:37.178368Z,2026-03-08T09:10:39.532870Z,/var/lib/docker/volumes,2,fabric_peer1.irs3.kit.edu,other,8547,20.528401585204755
run_001,removal,removal_1772961037,remove-irs3-member1-1772961037,remove-irs3-member1-1772961037,4,operation_start,removal_submit_done,2026-03-08T09:10:37.178368Z,2026-03-08T09:10:39.532870Z,/var/lib/docker/volumes,3,fabric_peer2.irs3.kit.edu,other,8547,20.528401585204755
run_001,removal,removal_1772961037,remove-irs3-member1-1772961037,remove-irs3-member1-1772961037,4,operation_start,removal_submit_done,2026-03-08T09:10:37.178368Z,2026-03-08T09:10:39.532870Z,/var/lib/docker/volumes,4,fabric_peer3.irs3.kit.edu,other,8547,20.528401585204755
run_001,removal,removal_1772961037,remove-irs3-member1-1772961037,remove-irs3-member1-1772961037,4,operation_start,removal_submit_done,2026-03-08T09:10:37.178368Z,2026-03-08T09:10:39.532870Z,/var/lib/docker/volumes,5,fabric_orderer.kit.edu,orderer,7447,17.88639365918098
run_001,removal,removal_1772961037,remove-irs3-member1-1772961037,remove-irs3-member1-1772961037,4,removal_submit_done,removal_voted,2026-03-08T09:10:39.532870Z,2026-03-08T09:10:42.593183651Z,/var/lib/docker/volumes,1,fabric_peer0.irs3.kit.edu,peer,17082,20.53125
run_001,removal,removal_1772961037,remove-irs3-member1-1772961037,remove-irs3-member1-1772961037,4,removal_submit_done,removal_voted,2026-03-08T09:10:39.532870Z,2026-03-08T09:10:42.593183651Z,/var/lib/docker/volumes,2,fabric_peer1.irs3.kit.edu,other,17082,20.53125
run_001,removal,removal_1772961037,remove-irs3-member1-1772961037,remove-irs3-member1-1772961037,4,removal_submit_done,removal_voted,2026-03-08T09:10:39.532870Z,2026-03-08T09:10:42.593183651Z,/var/lib/docker/volumes,3,fabric_peer2.irs3.kit.edu,other,17082,20.53125
run_001,removal,removal_1772961037,remove-irs3-member1-1772961037,remove-irs3-member1-1772961037,4,removal_submit_done,removal_voted,2026-03-08T09:10:39.532870Z,2026-03-08T09:10:42.593183651Z,/var/lib/docker/volumes,4,fabric_peer3.irs3.kit.edu,other,17082,20.53125
run_001,removal,removal_1772961037,remove-irs3-member1-1772961037,remove-irs3-member1-1772961037,4,removal_submit_done,removal_voted,2026-03-08T09:10:39.532870Z,2026-03-08T09:10:42.593183651Z,/var/lib/docker/volumes,5,fabric_orderer.kit.edu,orderer,14872,17.875
run_001,removal,removal_1772961037,remove-irs3-member1-1772961037,remove-irs3-member1-1772961037,4,removal_voted,removal_approved,2026-03-08T09:10:42.593183651Z,2026-03-08T09:10:44.820229648Z,/var/lib/docker/volumes,1,fabric_peer0.irs3.kit.edu,peer,23465,20.812083691805547
run_001,removal,removal_1772961037,remove-irs3-member1-1772961037,remove-irs3-member1-1772961037,4,removal_voted,removal_approved,2026-03-08T09:10:42.593183651Z,2026-03-08T09:10:44.820229648Z,/var/lib/docker/volumes,2,fabric_peer1.irs3.kit.edu,other,23465,20.812083691805547
run_001,removal,removal_1772961037,remove-irs3-member1-1772961037,remove-irs3-member1-1772961037,4,removal_voted,removal_approved,2026-03-08T09:10:42.593183651Z,2026-03-08T09:10:44.820229648Z,/var/lib/docker/volumes,3,fabric_peer2.irs3.kit.edu,other,23465,20.812083691805547
run_001,removal,removal_1772961037,remove-irs3-member1-1772961037,remove-irs3-member1-1772961037,4,removal_voted,removal_approved,2026-03-08T09:10:42.593183651Z,2026-03-08T09:10:44.820229648Z,/var/lib/docker/volumes,4,fabric_peer3.irs3.kit.edu,other,23465,20.812083691805547
run_001,removal,removal_1772961037,remove-irs3-member1-1772961037,remove-irs3-member1-1772961037,4,removal_voted,removal_approved,2026-03-08T09:10:42.593183651Z,2026-03-08T09:10:44.820229648Z,/var/lib/docker/volumes,5,fabric_orderer.kit.edu,orderer,18887,16.751665232777814
run_001,removal,removal_1772961037,remove-irs3-member1-1772961037,remove-irs3-member1-1772961037,4,removal_approved,reshare_started,2026-03-08T09:10:44.820229648Z,2026-03-08T09:10:45.929071Z,/var/lib/docker/volumes,1,ab96d922f06ec7a94f1b5200e75e480c9ed7eba86fbbe33b5cb9edbe031c6ea8,other,0,0.0
run_001,removal,removal_1772961037,remove-irs3-member1-1772961037,remove-irs3-member1-1772961037,4,removal_approved,reshare_started,2026-03-08T09:10:44.820229648Z,2026-03-08T09:10:45.929071Z,/var/lib/docker/volumes,2,b8143ef8453ad18871b4b4e0ba6041764a2cda76bc6f516fa468de5fd6585e72,other,0,0.0
run_001,removal,removal_1772961037,remove-irs3-member1-1772961037,remove-irs3-member1-1772961037,4,removal_approved,reshare_started,2026-03-08T09:10:44.820229648Z,2026-03-08T09:10:45.929071Z,/var/lib/docker/volumes,3,fabric_orderer.kit.edu,orderer,0,0.0
run_001,removal,removal_1772961037,remove-irs3-member1-1772961037,remove-irs3-member1-1772961037,4,removal_approved,reshare_started,2026-03-08T09:10:44.820229648Z,2026-03-08T09:10:45.929071Z,/var/lib/docker/volumes,4,fabric_peer0.irs1.kit.edu,other,0,0.0
run_001,removal,removal_1772961037,remove-irs3-member1-1772961037,remove-irs3-member1-1772961037,4,removal_approved,reshare_started,2026-03-08T09:10:44.820229648Z,2026-03-08T09:10:45.929071Z,/var/lib/docker/volumes,5,fabric_peer0.irs3.kit.edu,peer,0,0.0
run_001,removal,removal_1772961037,remove-irs3-member1-1772961037,remove-irs3-member1-1772961037,4,reshare_started,reshare_completed,2026-03-08T09:10:45.929071Z,2026-03-08T09:11:08.083850891Z,/var/lib/docker/volumes,1,fabric_peer0.irs3.kit.edu,peer,61240,20.659735107380694
run_001,removal,removal_1772961037,remove-irs3-member1-1772961037,remove-irs3-member1-1772961037,4,reshare_started,reshare_completed,2026-03-08T09:10:45.929071Z,2026-03-08T09:11:08.083850891Z,/var/lib/docker/volumes,2,fabric_peer1.irs3.kit.edu,other,61240,20.659735107380694
run_001,removal,removal_1772961037,remove-irs3-member1-1772961037,remove-irs3-member1-1772961037,4,reshare_started,reshare_completed,2026-03-08T09:10:45.929071Z,2026-03-08T09:11:08.083850891Z,/var/lib/docker/volumes,3,fabric_peer2.irs3.kit.edu,other,61240,20.659735107380694
run_001,removal,removal_1772961037,remove-irs3-member1-1772961037,remove-irs3-member1-1772961037,4,reshare_started,reshare_completed,2026-03-08T09:10:45.929071Z,2026-03-08T09:11:08.083850891Z,/var/lib/docker/volumes,4,fabric_peer3.irs3.kit.edu,other,61240,20.659735107380694
run_001,removal,removal_1772961037,remove-irs3-member1-1772961037,remove-irs3-member1-1772961037,4,reshare_started,reshare_completed,2026-03-08T09:10:45.929071Z,2026-03-08T09:11:08.083850891Z,/var/lib/docker/volumes,5,fabric_orderer.kit.edu,orderer,51462,17.361059570477224
run_001,removal,removal_1772961037,remove-irs3-member1-1772961037,remove-irs3-member1-1772961037,4,reshare_completed,operation_end,2026-03-08T09:11:08.083850891Z,2026-03-08T09:11:08.350053Z,/var/lib/docker/volumes,1,ab96d922f06ec7a94f1b5200e75e480c9ed7eba86fbbe33b5cb9edbe031c6ea8,other,0,0.0
run_001,removal,removal_1772961037,remove-irs3-member1-1772961037,remove-irs3-member1-1772961037,4,reshare_completed,operation_end,2026-03-08T09:11:08.083850891Z,2026-03-08T09:11:08.350053Z,/var/lib/docker/volumes,2,b8143ef8453ad18871b4b4e0ba6041764a2cda76bc6f516fa468de5fd6585e72,other,0,0.0
run_001,removal,removal_1772961037,remove-irs3-member1-1772961037,remove-irs3-member1-1772961037,4,reshare_completed,operation_end,2026-03-08T09:11:08.083850891Z,2026-03-08T09:11:08.350053Z,/var/lib/docker/volumes,3,fabric_orderer.kit.edu,orderer,0,0.0
run_001,removal,removal_1772961037,remove-irs3-member1-1772961037,remove-irs3-member1-1772961037,4,reshare_completed,operation_end,2026-03-08T09:11:08.083850891Z,2026-03-08T09:11:08.350053Z,/var/lib/docker/volumes,4,fabric_peer0.irs1.kit.edu,other,0,0.0
run_001,removal,removal_1772961037,remove-irs3-member1-1772961037,remove-irs3-member1-1772961037,4,reshare_completed,operation_end,2026-03-08T09:11:08.083850891Z,2026-03-08T09:11:08.350053Z,/var/lib/docker/volumes,5,fabric_peer0.irs3.kit.edu,peer,0,0.0
run_001,join,join_1772961086,join-irs3-1772961086,join-irs3-1772961086,5,operation_start,join_submit_done,2026-03-08T09:11:26.640137Z,2026-03-08T09:11:29.038864Z,/var/lib/docker/volumes,1,fabric_peer0.irs3.kit.edu,peer,9751,20.803020928892966
run_001,join,join_1772961086,join-irs3-1772961086,join-irs3-1772961086,5,operation_start,join_submit_done,2026-03-08T09:11:26.640137Z,2026-03-08T09:11:29.038864Z,/var/lib/docker/volumes,2,fabric_peer1.irs3.kit.edu,other,9751,20.803020928892966
run_001,join,join_1772961086,join-irs3-1772961086,join-irs3-1772961086,5,operation_start,join_submit_done,2026-03-08T09:11:26.640137Z,2026-03-08T09:11:29.038864Z,/var/lib/docker/volumes,3,fabric_peer2.irs3.kit.edu,other,9751,20.803020928892966
run_001,join,join_1772961086,join-irs3-1772961086,join-irs3-1772961086,5,operation_start,join_submit_done,2026-03-08T09:11:26.640137Z,2026-03-08T09:11:29.038864Z,/var/lib/docker/volumes,4,fabric_peer3.irs3.kit.edu,other,9751,20.803020928892966
run_001,join,join_1772961086,join-irs3-1772961086,join-irs3-1772961086,5,operation_start,join_submit_done,2026-03-08T09:11:26.640137Z,2026-03-08T09:11:29.038864Z,/var/lib/docker/volumes,5,fabric_orderer.kit.edu,orderer,7869,16.787916284428135
run_001,join,join_1772961086,join-irs3-1772961086,join-irs3-1772961086,5,join_submit_done,join_voted,2026-03-08T09:11:29.038864Z,2026-03-08T09:11:32.531012564Z,/var/lib/docker/volumes,1,fabric_peer0.irs3.kit.edu,peer,19299,20.63446240697973
run_001,join,join_1772961086,join-irs3-1772961086,join-irs3-1772961086,5,join_submit_done,join_voted,2026-03-08T09:11:29.038864Z,2026-03-08T09:11:32.531012564Z,/var/lib/docker/volumes,2,fabric_peer1.irs3.kit.edu,other,19299,20.63446240697973
run_001,join,join_1772961086,join-irs3-1772961086,join-irs3-1772961086,5,join_submit_done,join_voted,2026-03-08T09:11:29.038864Z,2026-03-08T09:11:32.531012564Z,/var/lib/docker/volumes,3,fabric_peer2.irs3.kit.edu,other,19299,20.63446240697973
run_001,join,join_1772961086,join-irs3-1772961086,join-irs3-1772961086,5,join_submit_done,join_voted,2026-03-08T09:11:29.038864Z,2026-03-08T09:11:32.531012564Z,/var/lib/docker/volumes,4,fabric_peer3.irs3.kit.edu,other,19299,20.63446240697973
run_001,join,join_1772961086,join-irs3-1772961086,join-irs3-1772961086,5,join_submit_done,join_voted,2026-03-08T09:11:29.038864Z,2026-03-08T09:11:32.531012564Z,/var/lib/docker/volumes,5,fabric_orderer.kit.edu,orderer,16332,17.462150372081087
run_001,join,join_1772961086,join-irs3-1772961086,join-irs3-1772961086,5,join_voted,join_approved,2026-03-08T09:11:32.531012564Z,2026-03-08T09:11:35.027959992Z,/var/lib/docker/volumes,1,fabric_peer0.irs3.kit.edu,peer,16662,21.432706036711647
run_001,join,join_1772961086,join-irs3-1772961086,join-irs3-1772961086,5,join_voted,join_approved,2026-03-08T09:11:32.531012564Z,2026-03-08T09:11:35.027959992Z,/var/lib/docker/volumes,2,fabric_peer1.irs3.kit.edu,other,16662,21.432706036711647
run_001,join,join_1772961086,join-irs3-1772961086,join-irs3-1772961086,5,join_voted,join_approved,2026-03-08T09:11:32.531012564Z,2026-03-08T09:11:35.027959992Z,/var/lib/docker/volumes,3,fabric_peer2.irs3.kit.edu,other,16662,21.432706036711647
run_001,join,join_1772961086,join-irs3-1772961086,join-irs3-1772961086,5,join_voted,join_approved,2026-03-08T09:11:32.531012564Z,2026-03-08T09:11:35.027959992Z,/var/lib/docker/volumes,4,fabric_peer3.irs3.kit.edu,other,16662,21.432706036711647
run_001,join,join_1772961086,join-irs3-1772961086,join-irs3-1772961086,5,join_voted,join_approved,2026-03-08T09:11:32.531012564Z,2026-03-08T09:11:35.027959992Z,/var/lib/docker/volumes,5,fabric_orderer.kit.edu,orderer,11093,14.26917585315342
run_001,join,join_1772961086,join-irs3-1772961086,join-irs3-1772961086,5,join_approved,reshare_started,2026-03-08T09:11:35.027959992Z,2026-03-08T09:11:35.442638Z,/var/lib/docker/volumes,1,ab96d922f06ec7a94f1b5200e75e480c9ed7eba86fbbe33b5cb9edbe031c6ea8,other,0,0.0
run_001,join,join_1772961086,join-irs3-1772961086,join-irs3-1772961086,5,join_approved,reshare_started,2026-03-08T09:11:35.027959992Z,2026-03-08T09:11:35.442638Z,/var/lib/docker/volumes,2,b8143ef8453ad18871b4b4e0ba6041764a2cda76bc6f516fa468de5fd6585e72,other,0,0.0
run_001,join,join_1772961086,join-irs3-1772961086,join-irs3-1772961086,5,join_approved,reshare_started,2026-03-08T09:11:35.027959992Z,2026-03-08T09:11:35.442638Z,/var/lib/docker/volumes,3,fabric_orderer.kit.edu,orderer,0,0.0
run_001,join,join_1772961086,join-irs3-1772961086,join-irs3-1772961086,5,join_approved,reshare_started,2026-03-08T09:11:35.027959992Z,2026-03-08T09:11:35.442638Z,/var/lib/docker/volumes,4,fabric_peer0.irs1.kit.edu,other,0,0.0
run_001,join,join_1772961086,join-irs3-1772961086,join-irs3-1772961086,5,join_approved,reshare_started,2026-03-08T09:11:35.027959992Z,2026-03-08T09:11:35.442638Z,/var/lib/docker/volumes,5,fabric_peer0.irs3.kit.edu,peer,0,0.0
run_001,join,join_1772961086,join-irs3-1772961086,join-irs3-1772961086,5,reshare_started,reshare_completed,2026-03-08T09:11:35.442638Z,2026-03-08T09:11:58.668908137Z,/var/lib/docker/volumes,1,fabric_peer0.irs3.kit.edu,peer,47034,20.5987719743884
run_001,join,join_1772961086,join-irs3-1772961086,join-irs3-1772961086,5,reshare_started,reshare_completed,2026-03-08T09:11:35.442638Z,2026-03-08T09:11:58.668908137Z,/var/lib/docker/volumes,2,fabric_peer1.irs3.kit.edu,other,47034,20.5987719743884
run_001,join,join_1772961086,join-irs3-1772961086,join-irs3-1772961086,5,reshare_started,reshare_completed,2026-03-08T09:11:35.442638Z,2026-03-08T09:11:58.668908137Z,/var/lib/docker/volumes,3,fabric_peer2.irs3.kit.edu,other,47034,20.5987719743884
run_001,join,join_1772961086,join-irs3-1772961086,join-irs3-1772961086,5,reshare_started,reshare_completed,2026-03-08T09:11:35.442638Z,2026-03-08T09:11:58.668908137Z,/var/lib/docker/volumes,4,fabric_peer3.irs3.kit.edu,other,47034,20.5987719743884
run_001,join,join_1772961086,join-irs3-1772961086,join-irs3-1772961086,5,reshare_started,reshare_completed,2026-03-08T09:11:35.442638Z,2026-03-08T09:11:58.668908137Z,/var/lib/docker/volumes,5,fabric_orderer.kit.edu,orderer,40198,17.604912102446416
run_001,join,join_1772961086,join-irs3-1772961086,join-irs3-1772961086,5,reshare_completed,operation_end,2026-03-08T09:11:58.668908137Z,2026-03-08T09:12:05.959680Z,/var/lib/docker/volumes,1,fabric_peer0.irs3.kit.edu,peer,74331,20.56387358077153
run_001,join,join_1772961086,join-irs3-1772961086,join-irs3-1772961086,5,reshare_completed,operation_end,2026-03-08T09:11:58.668908137Z,2026-03-08T09:12:05.959680Z,/var/lib/docker/volumes,2,fabric_peer1.irs3.kit.edu,other,74331,20.56387358077153
run_001,join,join_1772961086,join-irs3-1772961086,join-irs3-1772961086,5,reshare_completed,operation_end,2026-03-08T09:11:58.668908137Z,2026-03-08T09:12:05.959680Z,/var/lib/docker/volumes,3,fabric_peer2.irs3.kit.edu,other,74331,20.56387358077153
run_001,join,join_1772961086,join-irs3-1772961086,join-irs3-1772961086,5,reshare_completed,operation_end,2026-03-08T09:11:58.668908137Z,2026-03-08T09:12:05.959680Z,/var/lib/docker/volumes,4,fabric_peer3.irs3.kit.edu,other,74331,20.56387358077153
run_001,join,join_1772961086,join-irs3-1772961086,join-irs3-1772961086,5,reshare_completed,operation_end,2026-03-08T09:11:58.668908137Z,2026-03-08T09:12:05.959680Z,/var/lib/docker/volumes,5,fabric_orderer.kit.edu,orderer,64140,17.74450567691388
run_002,csr,csr_1772961132,csr-irs3-1772961133,csr-irs3-1772961133,,operation_start,csr_submit_done,2026-03-08T09:12:12.831467Z,2026-03-08T09:12:15.162294Z,/var/lib/docker/volumes,1,fabric_peer0.irs3.kit.edu,peer,10678,20.833089454687347
run_002,csr,csr_1772961132,csr-irs3-1772961133,csr-irs3-1772961133,,operation_start,csr_submit_done,2026-03-08T09:12:12.831467Z,2026-03-08T09:12:15.162294Z,/var/lib/docker/volumes,2,fabric_peer1.irs3.kit.edu,other,10678,20.833089454687347
run_002,csr,csr_1772961132,csr-irs3-1772961133,csr-irs3-1772961133,,operation_start,csr_submit_done,2026-03-08T09:12:12.831467Z,2026-03-08T09:12:15.162294Z,/var/lib/docker/volumes,3,fabric_peer2.irs3.kit.edu,other,10678,20.833089454687347
run_002,csr,csr_1772961132,csr-irs3-1772961133,csr-irs3-1772961133,,operation_start,csr_submit_done,2026-03-08T09:12:12.831467Z,2026-03-08T09:12:15.162294Z,/var/lib/docker/volumes,4,fabric_peer3.irs3.kit.edu,other,10678,20.833089454687347
run_002,csr,csr_1772961132,csr-irs3-1772961133,csr-irs3-1772961133,,operation_start,csr_submit_done,2026-03-08T09:12:12.831467Z,2026-03-08T09:12:15.162294Z,/var/lib/docker/volumes,5,fabric_orderer.kit.edu,orderer,8543,16.66764218125061
run_002,csr,csr_1772961132,csr-irs3-1772961133,csr-irs3-1772961133,,csr_submit_done,csr_voted,2026-03-08T09:12:15.162294Z,2026-03-08T09:12:17.505568508Z,/var/lib/docker/volumes,1,fabric_peer0.irs3.kit.edu,peer,27672,20.49049226941532
run_002,csr,csr_1772961132,csr-irs3-1772961133,csr-irs3-1772961133,,csr_submit_done,csr_voted,2026-03-08T09:12:15.162294Z,2026-03-08T09:12:17.505568508Z,/var/lib/docker/volumes,2,fabric_peer1.irs3.kit.edu,other,27672,20.49049226941532
run_002,csr,csr_1772961132,csr-irs3-1772961133,csr-irs3-1772961133,,csr_submit_done,csr_voted,2026-03-08T09:12:15.162294Z,2026-03-08T09:12:17.505568508Z,/var/lib/docker/volumes,3,fabric_peer2.irs3.kit.edu,other,27672,20.49049226941532
run_002,csr,csr_1772961132,csr-irs3-1772961133,csr-irs3-1772961133,,csr_submit_done,csr_voted,2026-03-08T09:12:15.162294Z,2026-03-08T09:12:17.505568508Z,/var/lib/docker/volumes,4,fabric_peer3.irs3.kit.edu,other,27672,20.49049226941532
run_002,csr,csr_1772961132,csr-irs3-1772961133,csr-irs3-1772961133,,csr_submit_done,csr_voted,2026-03-08T09:12:15.162294Z,2026-03-08T09:12:17.505568508Z,/var/lib/docker/volumes,5,fabric_orderer.kit.edu,orderer,24360,18.038030922338724
run_002,csr,csr_1772961132,csr-irs3-1772961133,csr-irs3-1772961133,,csr_voted,csr_approved,2026-03-08T09:12:17.505568508Z,2026-03-08T09:12:20.025028565Z,/var/lib/docker/volumes,1,fabric_peer0.irs3.kit.edu,peer,20073,20.763597244346983
run_002,csr,csr_1772961132,csr-irs3-1772961133,csr-irs3-1772961133,,csr_voted,csr_approved,2026-03-08T09:12:17.505568508Z,2026-03-08T09:12:20.025028565Z,/var/lib/docker/volumes,2,fabric_peer1.irs3.kit.edu,other,20073,20.763597244346983
run_002,csr,csr_1772961132,csr-irs3-1772961133,csr-irs3-1772961133,,csr_voted,csr_approved,2026-03-08T09:12:17.505568508Z,2026-03-08T09:12:20.025028565Z,/var/lib/docker/volumes,3,fabric_peer2.irs3.kit.edu,other,20073,20.763597244346983
run_002,csr,csr_1772961132,csr-irs3-1772961133,csr-irs3-1772961133,,csr_voted,csr_approved,2026-03-08T09:12:17.505568508Z,2026-03-08T09:12:20.025028565Z,/var/lib/docker/volumes,4,fabric_peer3.irs3.kit.edu,other,20073,20.763597244346983
run_002,csr,csr_1772961132,csr-irs3-1772961133,csr-irs3-1772961133,,csr_voted,csr_approved,2026-03-08T09:12:17.505568508Z,2026-03-08T09:12:20.025028565Z,/var/lib/docker/volumes,5,fabric_orderer.kit.edu,orderer,16382,16.945611022612077
run_002,csr,csr_1772961132,csr-irs3-1772961133,csr-irs3-1772961133,,csr_approved,cert_registered,2026-03-08T09:12:20.025028565Z,2026-03-08T09:12:31.049869583Z,/var/lib/docker/volumes,1,fabric_peer0.irs3.kit.edu,peer,51587,20.916842707062024
run_002,csr,csr_1772961132,csr-irs3-1772961133,csr-irs3-1772961133,,csr_approved,cert_registered,2026-03-08T09:12:20.025028565Z,2026-03-08T09:12:31.049869583Z,/var/lib/docker/volumes,2,fabric_peer1.irs3.kit.edu,other,51587,20.916842707062024
run_002,csr,csr_1772961132,csr-irs3-1772961133,csr-irs3-1772961133,,csr_approved,cert_registered,2026-03-08T09:12:20.025028565Z,2026-03-08T09:12:31.049869583Z,/var/lib/docker/volumes,3,fabric_peer2.irs3.kit.edu,other,51587,20.916842707062024
run_002,csr,csr_1772961132,csr-irs3-1772961133,csr-irs3-1772961133,,csr_approved,cert_registered,2026-03-08T09:12:20.025028565Z,2026-03-08T09:12:31.049869583Z,/var/lib/docker/volumes,4,fabric_peer3.irs3.kit.edu,other,51587,20.916842707062024
run_002,csr,csr_1772961132,csr-irs3-1772961133,csr-irs3-1772961133,,csr_approved,cert_registered,2026-03-08T09:12:20.025028565Z,2026-03-08T09:12:31.049869583Z,/var/lib/docker/volumes,5,fabric_orderer.kit.edu,orderer,40281,16.332629171751904
run_002,csr,csr_1772961132,csr-irs3-1772961133,csr-irs3-1772961133,,cert_registered,operation_end,2026-03-08T09:12:31.049869583Z,2026-03-08T09:12:31.803531Z,/var/lib/docker/volumes,1,ab96d922f06ec7a94f1b5200e75e480c9ed7eba86fbbe33b5cb9edbe031c6ea8,other,0,0.0
run_002,csr,csr_1772961132,csr-irs3-1772961133,csr-irs3-1772961133,,cert_registered,operation_end,2026-03-08T09:12:31.049869583Z,2026-03-08T09:12:31.803531Z,/var/lib/docker/volumes,2,b8143ef8453ad18871b4b4e0ba6041764a2cda76bc6f516fa468de5fd6585e72,other,0,0.0
run_002,csr,csr_1772961132,csr-irs3-1772961133,csr-irs3-1772961133,,cert_registered,operation_end,2026-03-08T09:12:31.049869583Z,2026-03-08T09:12:31.803531Z,/var/lib/docker/volumes,3,fabric_orderer.kit.edu,orderer,0,0.0
run_002,csr,csr_1772961132,csr-irs3-1772961133,csr-irs3-1772961133,,cert_registered,operation_end,2026-03-08T09:12:31.049869583Z,2026-03-08T09:12:31.803531Z,/var/lib/docker/volumes,4,fabric_peer0.irs1.kit.edu,other,0,0.0
run_002,csr,csr_1772961132,csr-irs3-1772961133,csr-irs3-1772961133,,cert_registered,operation_end,2026-03-08T09:12:31.049869583Z,2026-03-08T09:12:31.803531Z,/var/lib/docker/volumes,5,fabric_peer0.irs3.kit.edu,peer,0,0.0
run_002,revocation,revocation_1772961172,revoke-irs3-1772961172,revoke-irs3-1772961172,,operation_start,revocation_submit_done,2026-03-08T09:12:52.115445Z,2026-03-08T09:12:54.456312Z,/var/lib/docker/volumes,1,fabric_peer0.irs3.kit.edu,peer,8213,20.515062197132437
run_002,revocation,revocation_1772961172,revoke-irs3-1772961172,revoke-irs3-1772961172,,operation_start,revocation_submit_done,2026-03-08T09:12:52.115445Z,2026-03-08T09:12:54.456312Z,/var/lib/docker/volumes,2,fabric_peer1.irs3.kit.edu,other,8213,20.515062197132437
run_002,revocation,revocation_1772961172,revoke-irs3-1772961172,revoke-irs3-1772961172,,operation_start,revocation_submit_done,2026-03-08T09:12:52.115445Z,2026-03-08T09:12:54.456312Z,/var/lib/docker/volumes,3,fabric_peer2.irs3.kit.edu,other,8213,20.515062197132437
run_002,revocation,revocation_1772961172,revoke-irs3-1772961172,revoke-irs3-1772961172,,operation_start,revocation_submit_done,2026-03-08T09:12:52.115445Z,2026-03-08T09:12:54.456312Z,/var/lib/docker/volumes,4,fabric_peer3.irs3.kit.edu,other,8213,20.515062197132437
run_002,revocation,revocation_1772961172,revoke-irs3-1772961172,revoke-irs3-1772961172,,operation_start,revocation_submit_done,2026-03-08T09:12:52.115445Z,2026-03-08T09:12:54.456312Z,/var/lib/docker/volumes,5,fabric_orderer.kit.edu,orderer,7182,17.939751211470252
run_002,revocation,revocation_1772961172,revoke-irs3-1772961172,revoke-irs3-1772961172,,revocation_submit_done,revocation_voted,2026-03-08T09:12:54.456312Z,2026-03-08T09:12:56.772854336Z,/var/lib/docker/volumes,1,fabric_peer0.irs3.kit.edu,peer,16560,20.52095467049989
run_002,revocation,revocation_1772961172,revoke-irs3-1772961172,revoke-irs3-1772961172,,revocation_submit_done,revocation_voted,2026-03-08T09:12:54.456312Z,2026-03-08T09:12:56.772854336Z,/var/lib/docker/volumes,2,fabric_peer1.irs3.kit.edu,other,16560,20.52095467049989
run_002,revocation,revocation_1772961172,revoke-irs3-1772961172,revoke-irs3-1772961172,,revocation_submit_done,revocation_voted,2026-03-08T09:12:54.456312Z,2026-03-08T09:12:56.772854336Z,/var/lib/docker/volumes,3,fabric_peer2.irs3.kit.edu,other,16560,20.52095467049989
run_002,revocation,revocation_1772961172,revoke-irs3-1772961172,revoke-irs3-1772961172,,revocation_submit_done,revocation_voted,2026-03-08T09:12:54.456312Z,2026-03-08T09:12:56.772854336Z,/var/lib/docker/volumes,4,fabric_peer3.irs3.kit.edu,other,16560,20.52095467049989
run_002,revocation,revocation_1772961172,revoke-irs3-1772961172,revoke-irs3-1772961172,,revocation_submit_done,revocation_voted,2026-03-08T09:12:54.456312Z,2026-03-08T09:12:56.772854336Z,/var/lib/docker/volumes,5,fabric_orderer.kit.edu,orderer,14458,17.916181318000447
run_002,revocation,revocation_1772961172,revoke-irs3-1772961172,revoke-irs3-1772961172,,revocation_voted,revocation_executed,2026-03-08T09:12:56.772854336Z,2026-03-08T09:12:59.217942944Z,/var/lib/docker/volumes,1,fabric_peer0.irs3.kit.edu,peer,26715,20.884799399605992
run_002,revocation,revocation_1772961172,revoke-irs3-1772961172,revoke-irs3-1772961172,,revocation_voted,revocation_executed,2026-03-08T09:12:56.772854336Z,2026-03-08T09:12:59.217942944Z,/var/lib/docker/volumes,2,fabric_peer1.irs3.kit.edu,other,26715,20.884799399605992
run_002,revocation,revocation_1772961172,revoke-irs3-1772961172,revoke-irs3-1772961172,,revocation_voted,revocation_executed,2026-03-08T09:12:56.772854336Z,2026-03-08T09:12:59.217942944Z,/var/lib/docker/volumes,3,fabric_peer2.irs3.kit.edu,other,26715,20.884799399605992
run_002,revocation,revocation_1772961172,revoke-irs3-1772961172,revoke-irs3-1772961172,,revocation_voted,revocation_executed,2026-03-08T09:12:56.772854336Z,2026-03-08T09:12:59.217942944Z,/var/lib/docker/volumes,4,fabric_peer3.irs3.kit.edu,other,26715,20.884799399605992
run_002,revocation,revocation_1772961172,revoke-irs3-1772961172,revoke-irs3-1772961172,,revocation_voted,revocation_executed,2026-03-08T09:12:56.772854336Z,2026-03-08T09:12:59.217942944Z,/var/lib/docker/volumes,5,fabric_orderer.kit.edu,orderer,21056,16.460802401576032
run_002,revocation,revocation_1772961172,revoke-irs3-1772961172,revoke-irs3-1772961172,,revocation_executed,operation_end,2026-03-08T09:12:59.217942944Z,2026-03-08T09:13:00.882181Z,/var/lib/docker/volumes,1,ab96d922f06ec7a94f1b5200e75e480c9ed7eba86fbbe33b5cb9edbe031c6ea8,other,0,0.0
run_002,revocation,revocation_1772961172,revoke-irs3-1772961172,revoke-irs3-1772961172,,revocation_executed,operation_end,2026-03-08T09:12:59.217942944Z,2026-03-08T09:13:00.882181Z,/var/lib/docker/volumes,2,b8143ef8453ad18871b4b4e0ba6041764a2cda76bc6f516fa468de5fd6585e72,other,0,0.0
run_002,revocation,revocation_1772961172,revoke-irs3-1772961172,revoke-irs3-1772961172,,revocation_executed,operation_end,2026-03-08T09:12:59.217942944Z,2026-03-08T09:13:00.882181Z,/var/lib/docker/volumes,3,fabric_orderer.kit.edu,orderer,0,0.0
run_002,revocation,revocation_1772961172,revoke-irs3-1772961172,revoke-irs3-1772961172,,revocation_executed,operation_end,2026-03-08T09:12:59.217942944Z,2026-03-08T09:13:00.882181Z,/var/lib/docker/volumes,4,fabric_peer0.irs1.kit.edu,other,0,0.0
run_002,revocation,revocation_1772961172,revoke-irs3-1772961172,revoke-irs3-1772961172,,revocation_executed,operation_end,2026-03-08T09:12:59.217942944Z,2026-03-08T09:13:00.882181Z,/var/lib/docker/volumes,5,fabric_peer0.irs3.kit.edu,peer,0,0.0
run_002,removal,removal_1772961199,remove-irs3-member1-1772961199,remove-irs3-member1-1772961199,6,operation_start,removal_submit_done,2026-03-08T09:13:19.202072Z,2026-03-08T09:13:21.556099Z,/var/lib/docker/volumes,1,fabric_peer0.irs3.kit.edu,peer,8697,20.52001981926716
run_002,removal,removal_1772961199,remove-irs3-member1-1772961199,remove-irs3-member1-1772961199,6,operation_start,removal_submit_done,2026-03-08T09:13:19.202072Z,2026-03-08T09:13:21.556099Z,/var/lib/docker/volumes,2,fabric_peer1.irs3.kit.edu,other,8697,20.52001981926716
run_002,removal,removal_1772961199,remove-irs3-member1-1772961199,remove-irs3-member1-1772961199,6,operation_start,removal_submit_done,2026-03-08T09:13:19.202072Z,2026-03-08T09:13:21.556099Z,/var/lib/docker/volumes,3,fabric_peer2.irs3.kit.edu,other,8697,20.52001981926716
run_002,removal,removal_1772961199,remove-irs3-member1-1772961199,remove-irs3-member1-1772961199,6,operation_start,removal_submit_done,2026-03-08T09:13:19.202072Z,2026-03-08T09:13:21.556099Z,/var/lib/docker/volumes,4,fabric_peer3.irs3.kit.edu,other,8697,20.52001981926716
run_002,removal,removal_1772961199,remove-irs3-member1-1772961199,remove-irs3-member1-1772961199,6,operation_start,removal_submit_done,2026-03-08T09:13:19.202072Z,2026-03-08T09:13:21.556099Z,/var/lib/docker/volumes,5,fabric_orderer.kit.edu,orderer,7595,17.919920722931366
run_002,removal,removal_1772961199,remove-irs3-member1-1772961199,remove-irs3-member1-1772961199,6,removal_submit_done,removal_voted,2026-03-08T09:13:21.556099Z,2026-03-08T09:13:24.542250942Z,/var/lib/docker/volumes,1,fabric_peer0.irs3.kit.edu,peer,10078,20.86412852203797
run_002,removal,removal_1772961199,remove-irs3-member1-1772961199,remove-irs3-member1-1772961199,6,removal_submit_done,removal_voted,2026-03-08T09:13:21.556099Z,2026-03-08T09:13:24.542250942Z,/var/lib/docker/volumes,2,fabric_peer1.irs3.kit.edu,other,10078,20.86412852203797
run_002,removal,removal_1772961199,remove-irs3-member1-1772961199,remove-irs3-member1-1772961199,6,removal_submit_done,removal_voted,2026-03-08T09:13:21.556099Z,2026-03-08T09:13:24.542250942Z,/var/lib/docker/volumes,3,fabric_peer2.irs3.kit.edu,other,10078,20.86412852203797
run_002,removal,removal_1772961199,remove-irs3-member1-1772961199,remove-irs3-member1-1772961199,6,removal_submit_done,removal_voted,2026-03-08T09:13:21.556099Z,2026-03-08T09:13:24.542250942Z,/var/lib/docker/volumes,4,fabric_peer3.irs3.kit.edu,other,10078,20.86412852203797
run_002,removal,removal_1772961199,remove-irs3-member1-1772961199,remove-irs3-member1-1772961199,6,removal_submit_done,removal_voted,2026-03-08T09:13:21.556099Z,2026-03-08T09:13:24.542250942Z,/var/lib/docker/volumes,5,fabric_orderer.kit.edu,orderer,7991,16.543485911848123
run_002,removal,removal_1772961199,remove-irs3-member1-1772961199,remove-irs3-member1-1772961199,6,removal_voted,removal_approved,2026-03-08T09:13:24.542250942Z,2026-03-08T09:13:26.600173087Z,/var/lib/docker/volumes,1,fabric_peer0.irs3.kit.edu,peer,21552,20.891008491334187
run_002,removal,removal_1772961199,remove-irs3-member1-1772961199,remove-irs3-member1-1772961199,6,removal_voted,removal_approved,2026-03-08T09:13:24.542250942Z,2026-03-08T09:13:26.600173087Z,/var/lib/docker/volumes,2,fabric_peer1.irs3.kit.edu,other,21552,20.891008491334187
run_002,removal,removal_1772961199,remove-irs3-member1-1772961199,remove-irs3-member1-1772961199,6,removal_voted,removal_approved,2026-03-08T09:13:24.542250942Z,2026-03-08T09:13:26.600173087Z,/var/lib/docker/volumes,3,fabric_peer2.irs3.kit.edu,other,21552,20.891008491334187
run_002,removal,removal_1772961199,remove-irs3-member1-1772961199,remove-irs3-member1-1772961199,6,removal_voted,removal_approved,2026-03-08T09:13:24.542250942Z,2026-03-08T09:13:26.600173087Z,/var/lib/docker/volumes,4,fabric_peer3.irs3.kit.edu,other,21552,20.891008491334187
run_002,removal,removal_1772961199,remove-irs3-member1-1772961199,remove-irs3-member1-1772961199,6,removal_voted,removal_approved,2026-03-08T09:13:24.542250942Z,2026-03-08T09:13:26.600173087Z,/var/lib/docker/volumes,5,fabric_orderer.kit.edu,orderer,16956,16.435966034663256
run_002,removal,removal_1772961199,remove-irs3-member1-1772961199,remove-irs3-member1-1772961199,6,removal_approved,reshare_started,2026-03-08T09:13:26.600173087Z,2026-03-08T09:13:27.956128Z,/var/lib/docker/volumes,1,ab96d922f06ec7a94f1b5200e75e480c9ed7eba86fbbe33b5cb9edbe031c6ea8,other,0,0.0
run_002,removal,removal_1772961199,remove-irs3-member1-1772961199,remove-irs3-member1-1772961199,6,removal_approved,reshare_started,2026-03-08T09:13:26.600173087Z,2026-03-08T09:13:27.956128Z,/var/lib/docker/volumes,2,b8143ef8453ad18871b4b4e0ba6041764a2cda76bc6f516fa468de5fd6585e72,other,0,0.0
run_002,removal,removal_1772961199,remove-irs3-member1-1772961199,remove-irs3-member1-1772961199,6,removal_approved,reshare_started,2026-03-08T09:13:26.600173087Z,2026-03-08T09:13:27.956128Z,/var/lib/docker/volumes,3,fabric_orderer.kit.edu,orderer,0,0.0
run_002,removal,removal_1772961199,remove-irs3-member1-1772961199,remove-irs3-member1-1772961199,6,removal_approved,reshare_started,2026-03-08T09:13:26.600173087Z,2026-03-08T09:13:27.956128Z,/var/lib/docker/volumes,4,fabric_peer0.irs1.kit.edu,other,0,0.0
run_002,removal,removal_1772961199,remove-irs3-member1-1772961199,remove-irs3-member1-1772961199,6,removal_approved,reshare_started,2026-03-08T09:13:26.600173087Z,2026-03-08T09:13:27.956128Z,/var/lib/docker/volumes,5,fabric_peer0.irs3.kit.edu,peer,0,0.0
run_002,removal,removal_1772961199,remove-irs3-member1-1772961199,remove-irs3-member1-1772961199,6,reshare_started,reshare_completed,2026-03-08T09:13:27.956128Z,2026-03-08T09:13:50.00491179Z,/var/lib/docker/volumes,1,fabric_peer0.irs3.kit.edu,peer,61278,20.659660763232154
run_002,removal,removal_1772961199,remove-irs3-member1-1772961199,remove-irs3-member1-1772961199,6,reshare_started,reshare_completed,2026-03-08T09:13:27.956128Z,2026-03-08T09:13:50.00491179Z,/var/lib/docker/volumes,2,fabric_peer1.irs3.kit.edu,other,61278,20.659660763232154
run_002,removal,removal_1772961199,remove-irs3-member1-1772961199,remove-irs3-member1-1772961199,6,reshare_started,reshare_completed,2026-03-08T09:13:27.956128Z,2026-03-08T09:13:50.00491179Z,/var/lib/docker/volumes,3,fabric_peer2.irs3.kit.edu,other,61278,20.659660763232154
run_002,removal,removal_1772961199,remove-irs3-member1-1772961199,remove-irs3-member1-1772961199,6,reshare_started,reshare_completed,2026-03-08T09:13:27.956128Z,2026-03-08T09:13:50.00491179Z,/var/lib/docker/volumes,4,fabric_peer3.irs3.kit.edu,other,61278,20.659660763232154
run_002,removal,removal_1772961199,remove-irs3-member1-1772961199,remove-irs3-member1-1772961199,6,reshare_started,reshare_completed,2026-03-08T09:13:27.956128Z,2026-03-08T09:13:50.00491179Z,/var/lib/docker/volumes,5,fabric_orderer.kit.edu,orderer,51495,17.36135694707138
run_002,removal,removal_1772961199,remove-irs3-member1-1772961199,remove-irs3-member1-1772961199,6,reshare_completed,operation_end,2026-03-08T09:13:50.00491179Z,2026-03-08T09:13:50.366971Z,/var/lib/docker/volumes,1,ab96d922f06ec7a94f1b5200e75e480c9ed7eba86fbbe33b5cb9edbe031c6ea8,other,0,0.0
run_002,removal,removal_1772961199,remove-irs3-member1-1772961199,remove-irs3-member1-1772961199,6,reshare_completed,operation_end,2026-03-08T09:13:50.00491179Z,2026-03-08T09:13:50.366971Z,/var/lib/docker/volumes,2,b8143ef8453ad18871b4b4e0ba6041764a2cda76bc6f516fa468de5fd6585e72,other,0,0.0
run_002,removal,removal_1772961199,remove-irs3-member1-1772961199,remove-irs3-member1-1772961199,6,reshare_completed,operation_end,2026-03-08T09:13:50.00491179Z,2026-03-08T09:13:50.366971Z,/var/lib/docker/volumes,3,fabric_orderer.kit.edu,orderer,0,0.0
run_002,removal,removal_1772961199,remove-irs3-member1-1772961199,remove-irs3-member1-1772961199,6,reshare_completed,operation_end,2026-03-08T09:13:50.00491179Z,2026-03-08T09:13:50.366971Z,/var/lib/docker/volumes,4,fabric_peer0.irs1.kit.edu,other,0,0.0
run_002,removal,removal_1772961199,remove-irs3-member1-1772961199,remove-irs3-member1-1772961199,6,reshare_completed,operation_end,2026-03-08T09:13:50.00491179Z,2026-03-08T09:13:50.366971Z,/var/lib/docker/volumes,5,fabric_peer0.irs3.kit.edu,peer,0,0.0
run_002,join,join_1772961248,join-irs3-1772961248,join-irs3-1772961248,7,operation_start,join_submit_done,2026-03-08T09:14:08.604681Z,2026-03-08T09:14:10.954578Z,/var/lib/docker/volumes,1,fabric_peer0.irs3.kit.edu,peer,9911,20.790853786448498
run_002,join,join_1772961248,join-irs3-1772961248,join-irs3-1772961248,7,operation_start,join_submit_done,2026-03-08T09:14:08.604681Z,2026-03-08T09:14:10.954578Z,/var/lib/docker/volumes,2,fabric_peer1.irs3.kit.edu,other,9911,20.790853786448498
run_002,join,join_1772961248,join-irs3-1772961248,join-irs3-1772961248,7,operation_start,join_submit_done,2026-03-08T09:14:08.604681Z,2026-03-08T09:14:10.954578Z,/var/lib/docker/volumes,3,fabric_peer2.irs3.kit.edu,other,9911,20.790853786448498
run_002,join,join_1772961248,join-irs3-1772961248,join-irs3-1772961248,7,operation_start,join_submit_done,2026-03-08T09:14:08.604681Z,2026-03-08T09:14:10.954578Z,/var/lib/docker/volumes,4,fabric_peer3.irs3.kit.edu,other,9911,20.790853786448498
run_002,join,join_1772961248,join-irs3-1772961248,join-irs3-1772961248,7,operation_start,join_submit_done,2026-03-08T09:14:08.604681Z,2026-03-08T09:14:10.954578Z,/var/lib/docker/volumes,5,fabric_orderer.kit.edu,orderer,8026,16.836584854206
run_002,join,join_1772961248,join-irs3-1772961248,join-irs3-1772961248,7,join_submit_done,join_voted,2026-03-08T09:14:10.954578Z,2026-03-08T09:14:14.536405285Z,/var/lib/docker/volumes,1,fabric_peer0.irs3.kit.edu,peer,19387,20.632150268717076
run_002,join,join_1772961248,join-irs3-1772961248,join-irs3-1772961248,7,join_submit_done,join_voted,2026-03-08T09:14:10.954578Z,2026-03-08T09:14:14.536405285Z,/var/lib/docker/volumes,2,fabric_peer1.irs3.kit.edu,other,19387,20.632150268717076
run_002,join,join_1772961248,join-irs3-1772961248,join-irs3-1772961248,7,join_submit_done,join_voted,2026-03-08T09:14:10.954578Z,2026-03-08T09:14:14.536405285Z,/var/lib/docker/volumes,3,fabric_peer2.irs3.kit.edu,other,19387,20.632150268717076
run_002,join,join_1772961248,join-irs3-1772961248,join-irs3-1772961248,7,join_submit_done,join_voted,2026-03-08T09:14:10.954578Z,2026-03-08T09:14:14.536405285Z,/var/lib/docker/volumes,4,fabric_peer3.irs3.kit.edu,other,19387,20.632150268717076
run_002,join,join_1772961248,join-irs3-1772961248,join-irs3-1772961248,7,join_submit_done,join_voted,2026-03-08T09:14:10.954578Z,2026-03-08T09:14:14.536405285Z,/var/lib/docker/volumes,5,fabric_orderer.kit.edu,orderer,16417,17.471398925131698
run_002,join,join_1772961248,join-irs3-1772961248,join-irs3-1772961248,7,join_voted,join_approved,2026-03-08T09:14:14.536405285Z,2026-03-08T09:14:16.954474137Z,/var/lib/docker/volumes,1,fabric_peer0.irs3.kit.edu,peer,16704,21.429671062759788
run_002,join,join_1772961248,join-irs3-1772961248,join-irs3-1772961248,7,join_voted,join_approved,2026-03-08T09:14:14.536405285Z,2026-03-08T09:14:16.954474137Z,/var/lib/docker/volumes,2,fabric_peer1.irs3.kit.edu,other,16704,21.429671062759788
run_002,join,join_1772961248,join-irs3-1772961248,join-irs3-1772961248,7,join_voted,join_approved,2026-03-08T09:14:14.536405285Z,2026-03-08T09:14:16.954474137Z,/var/lib/docker/volumes,3,fabric_peer2.irs3.kit.edu,other,16704,21.429671062759788
run_002,join,join_1772961248,join-irs3-1772961248,join-irs3-1772961248,7,join_voted,join_approved,2026-03-08T09:14:14.536405285Z,2026-03-08T09:14:16.954474137Z,/var/lib/docker/volumes,4,fabric_peer3.irs3.kit.edu,other,16704,21.429671062759788
run_002,join,join_1772961248,join-irs3-1772961248,join-irs3-1772961248,7,join_voted,join_approved,2026-03-08T09:14:14.536405285Z,2026-03-08T09:14:16.954474137Z,/var/lib/docker/volumes,5,fabric_orderer.kit.edu,orderer,11132,14.281315748960846
run_002,join,join_1772961248,join-irs3-1772961248,join-irs3-1772961248,7,join_approved,reshare_started,2026-03-08T09:14:16.954474137Z,2026-03-08T09:14:17.345287Z,/var/lib/docker/volumes,1,ab96d922f06ec7a94f1b5200e75e480c9ed7eba86fbbe33b5cb9edbe031c6ea8,other,0,0.0
run_002,join,join_1772961248,join-irs3-1772961248,join-irs3-1772961248,7,join_approved,reshare_started,2026-03-08T09:14:16.954474137Z,2026-03-08T09:14:17.345287Z,/var/lib/docker/volumes,2,b8143ef8453ad18871b4b4e0ba6041764a2cda76bc6f516fa468de5fd6585e72,other,0,0.0
run_002,join,join_1772961248,join-irs3-1772961248,join-irs3-1772961248,7,join_approved,reshare_started,2026-03-08T09:14:16.954474137Z,2026-03-08T09:14:17.345287Z,/var/lib/docker/volumes,3,fabric_orderer.kit.edu,orderer,0,0.0
run_002,join,join_1772961248,join-irs3-1772961248,join-irs3-1772961248,7,join_approved,reshare_started,2026-03-08T09:14:16.954474137Z,2026-03-08T09:14:17.345287Z,/var/lib/docker/volumes,4,fabric_peer0.irs1.kit.edu,other,0,0.0
run_002,join,join_1772961248,join-irs3-1772961248,join-irs3-1772961248,7,join_approved,reshare_started,2026-03-08T09:14:16.954474137Z,2026-03-08T09:14:17.345287Z,/var/lib/docker/volumes,5,fabric_peer0.irs3.kit.edu,peer,0,0.0
run_002,join,join_1772961248,join-irs3-1772961248,join-irs3-1772961248,7,reshare_started,reshare_completed,2026-03-08T09:14:17.345287Z,2026-03-08T09:14:47.160898476Z,/var/lib/docker/volumes,1,fabric_peer0.irs3.kit.edu,peer,47051,20.598819697394227
run_002,join,join_1772961248,join-irs3-1772961248,join-irs3-1772961248,7,reshare_started,reshare_completed,2026-03-08T09:14:17.345287Z,2026-03-08T09:14:47.160898476Z,/var/lib/docker/volumes,2,fabric_peer1.irs3.kit.edu,other,47051,20.598819697394227
run_002,join,join_1772961248,join-irs3-1772961248,join-irs3-1772961248,7,reshare_started,reshare_completed,2026-03-08T09:14:17.345287Z,2026-03-08T09:14:47.160898476Z,/var/lib/docker/volumes,3,fabric_peer2.irs3.kit.edu,other,47051,20.598819697394227
run_002,join,join_1772961248,join-irs3-1772961248,join-irs3-1772961248,7,reshare_started,reshare_completed,2026-03-08T09:14:17.345287Z,2026-03-08T09:14:47.160898476Z,/var/lib/docker/volumes,4,fabric_peer3.irs3.kit.edu,other,47051,20.598819697394227
run_002,join,join_1772961248,join-irs3-1772961248,join-irs3-1772961248,7,reshare_started,reshare_completed,2026-03-08T09:14:17.345287Z,2026-03-08T09:14:47.160898476Z,/var/lib/docker/volumes,5,fabric_orderer.kit.edu,orderer,40212,17.604721210423087
run_002,join,join_1772961248,join-irs3-1772961248,join-irs3-1772961248,7,reshare_completed,operation_end,2026-03-08T09:14:47.160898476Z,2026-03-08T09:14:53.931193Z,/var/lib/docker/volumes,1,fabric_peer0.irs3.kit.edu,peer,80715,20.525059058972513
run_002,join,join_1772961248,join-irs3-1772961248,join-irs3-1772961248,7,reshare_completed,operation_end,2026-03-08T09:14:47.160898476Z,2026-03-08T09:14:53.931193Z,/var/lib/docker/volumes,2,fabric_peer1.irs3.kit.edu,other,80715,20.525059058972513
run_002,join,join_1772961248,join-irs3-1772961248,join-irs3-1772961248,7,reshare_completed,operation_end,2026-03-08T09:14:47.160898476Z,2026-03-08T09:14:53.931193Z,/var/lib/docker/volumes,3,fabric_peer2.irs3.kit.edu,other,80715,20.525059058972513
run_002,join,join_1772961248,join-irs3-1772961248,join-irs3-1772961248,7,reshare_completed,operation_end,2026-03-08T09:14:47.160898476Z,2026-03-08T09:14:53.931193Z,/var/lib/docker/volumes,4,fabric_peer3.irs3.kit.edu,other,80715,20.525059058972513
run_002,join,join_1772961248,join-irs3-1772961248,join-irs3-1772961248,7,reshare_completed,operation_end,2026-03-08T09:14:47.160898476Z,2026-03-08T09:14:53.931193Z,/var/lib/docker/volumes,5,fabric_orderer.kit.edu,orderer,70391,17.899763764109945
run_003,csr,csr_1772961300,csr-irs3-1772961300,csr-irs3-1772961300,,operation_start,csr_submit_done,2026-03-08T09:15:00.793801Z,2026-03-08T09:15:03.141933Z,/var/lib/docker/volumes,1,fabric_peer0.irs3.kit.edu,peer,10688,20.832683611414314
run_003,csr,csr_1772961300,csr-irs3-1772961300,csr-irs3-1772961300,,operation_start,csr_submit_done,2026-03-08T09:15:00.793801Z,2026-03-08T09:15:03.141933Z,/var/lib/docker/volumes,2,fabric_peer1.irs3.kit.edu,other,10688,20.832683611414314
run_003,csr,csr_1772961300,csr-irs3-1772961300,csr-irs3-1772961300,,operation_start,csr_submit_done,2026-03-08T09:15:00.793801Z,2026-03-08T09:15:03.141933Z,/var/lib/docker/volumes,3,fabric_peer2.irs3.kit.edu,other,10688,20.832683611414314
run_003,csr,csr_1772961300,csr-irs3-1772961300,csr-irs3-1772961300,,operation_start,csr_submit_done,2026-03-08T09:15:00.793801Z,2026-03-08T09:15:03.141933Z,/var/lib/docker/volumes,4,fabric_peer3.irs3.kit.edu,other,10688,20.832683611414314
run_003,csr,csr_1772961300,csr-irs3-1772961300,csr-irs3-1772961300,,operation_start,csr_submit_done,2026-03-08T09:15:00.793801Z,2026-03-08T09:15:03.141933Z,/var/lib/docker/volumes,5,fabric_orderer.kit.edu,orderer,8552,16.66926555434274
run_003,csr,csr_1772961300,csr-irs3-1772961300,csr-irs3-1772961300,,csr_submit_done,csr_voted,2026-03-08T09:15:03.141933Z,2026-03-08T09:15:05.54950473Z,/var/lib/docker/volumes,1,fabric_peer0.irs3.kit.edu,peer,27688,20.49035351928186
run_003,csr,csr_1772961300,csr-irs3-1772961300,csr-irs3-1772961300,,csr_submit_done,csr_voted,2026-03-08T09:15:03.141933Z,2026-03-08T09:15:05.54950473Z,/var/lib/docker/volumes,2,fabric_peer1.irs3.kit.edu,other,27688,20.49035351928186
run_003,csr,csr_1772961300,csr-irs3-1772961300,csr-irs3-1772961300,,csr_submit_done,csr_voted,2026-03-08T09:15:03.141933Z,2026-03-08T09:15:05.54950473Z,/var/lib/docker/volumes,3,fabric_peer2.irs3.kit.edu,other,27688,20.49035351928186
run_003,csr,csr_1772961300,csr-irs3-1772961300,csr-irs3-1772961300,,csr_submit_done,csr_voted,2026-03-08T09:15:03.141933Z,2026-03-08T09:15:05.54950473Z,/var/lib/docker/volumes,4,fabric_peer3.irs3.kit.edu,other,27688,20.49035351928186
run_003,csr,csr_1772961300,csr-irs3-1772961300,csr-irs3-1772961300,,csr_submit_done,csr_voted,2026-03-08T09:15:03.141933Z,2026-03-08T09:15:05.54950473Z,/var/lib/docker/volumes,5,fabric_orderer.kit.edu,orderer,24375,18.038585922872556
run_003,csr,csr_1772961300,csr-irs3-1772961300,csr-irs3-1772961300,,csr_voted,csr_approved,2026-03-08T09:15:05.54950473Z,2026-03-08T09:15:08.011803068Z,/var/lib/docker/volumes,1,fabric_peer0.irs3.kit.edu,peer,20081,20.76349611737822
run_003,csr,csr_1772961300,csr-irs3-1772961300,csr-irs3-1772961300,,csr_voted,csr_approved,2026-03-08T09:15:05.54950473Z,2026-03-08T09:15:08.011803068Z,/var/lib/docker/volumes,2,fabric_peer1.irs3.kit.edu,other,20081,20.76349611737822
run_003,csr,csr_1772961300,csr-irs3-1772961300,csr-irs3-1772961300,,csr_voted,csr_approved,2026-03-08T09:15:05.54950473Z,2026-03-08T09:15:08.011803068Z,/var/lib/docker/volumes,3,fabric_peer2.irs3.kit.edu,other,20081,20.76349611737822
run_003,csr,csr_1772961300,csr-irs3-1772961300,csr-irs3-1772961300,,csr_voted,csr_approved,2026-03-08T09:15:05.54950473Z,2026-03-08T09:15:08.011803068Z,/var/lib/docker/volumes,4,fabric_peer3.irs3.kit.edu,other,20081,20.76349611737822
run_003,csr,csr_1772961300,csr-irs3-1772961300,csr-irs3-1772961300,,csr_voted,csr_approved,2026-03-08T09:15:05.54950473Z,2026-03-08T09:15:08.011803068Z,/var/lib/docker/volumes,5,fabric_orderer.kit.edu,orderer,16389,16.94601553048711
run_003,csr,csr_1772961300,csr-irs3-1772961300,csr-irs3-1772961300,,csr_approved,cert_registered,2026-03-08T09:15:08.011803068Z,2026-03-08T09:15:18.095446288Z,/var/lib/docker/volumes,1,fabric_peer0.irs3.kit.edu,peer,51627,20.916438772409602
run_003,csr,csr_1772961300,csr-irs3-1772961300,csr-irs3-1772961300,,csr_approved,cert_registered,2026-03-08T09:15:08.011803068Z,2026-03-08T09:15:18.095446288Z,/var/lib/docker/volumes,2,fabric_peer1.irs3.kit.edu,other,51627,20.916438772409602
run_003,csr,csr_1772961300,csr-irs3-1772961300,csr-irs3-1772961300,,csr_approved,cert_registered,2026-03-08T09:15:08.011803068Z,2026-03-08T09:15:18.095446288Z,/var/lib/docker/volumes,3,fabric_peer2.irs3.kit.edu,other,51627,20.916438772409602
run_003,csr,csr_1772961300,csr-irs3-1772961300,csr-irs3-1772961300,,csr_approved,cert_registered,2026-03-08T09:15:08.011803068Z,2026-03-08T09:15:18.095446288Z,/var/lib/docker/volumes,4,fabric_peer3.irs3.kit.edu,other,51627,20.916438772409602
run_003,csr,csr_1772961300,csr-irs3-1772961300,csr-irs3-1772961300,,csr_approved,cert_registered,2026-03-08T09:15:08.011803068Z,2026-03-08T09:15:18.095446288Z,/var/lib/docker/volumes,5,fabric_orderer.kit.edu,orderer,40317,16.33424491036159
run_003,csr,csr_1772961300,csr-irs3-1772961300,csr-irs3-1772961300,,cert_registered,operation_end,2026-03-08T09:15:18.095446288Z,2026-03-08T09:15:19.791885Z,/var/lib/docker/volumes,1,ab96d922f06ec7a94f1b5200e75e480c9ed7eba86fbbe33b5cb9edbe031c6ea8,other,0,0.0
run_003,csr,csr_1772961300,csr-irs3-1772961300,csr-irs3-1772961300,,cert_registered,operation_end,2026-03-08T09:15:18.095446288Z,2026-03-08T09:15:19.791885Z,/var/lib/docker/volumes,2,b8143ef8453ad18871b4b4e0ba6041764a2cda76bc6f516fa468de5fd6585e72,other,0,0.0
run_003,csr,csr_1772961300,csr-irs3-1772961300,csr-irs3-1772961300,,cert_registered,operation_end,2026-03-08T09:15:18.095446288Z,2026-03-08T09:15:19.791885Z,/var/lib/docker/volumes,3,fabric_orderer.kit.edu,orderer,0,0.0
run_003,csr,csr_1772961300,csr-irs3-1772961300,csr-irs3-1772961300,,cert_registered,operation_end,2026-03-08T09:15:18.095446288Z,2026-03-08T09:15:19.791885Z,/var/lib/docker/volumes,4,fabric_peer0.irs1.kit.edu,other,0,0.0
run_003,csr,csr_1772961300,csr-irs3-1772961300,csr-irs3-1772961300,,cert_registered,operation_end,2026-03-08T09:15:18.095446288Z,2026-03-08T09:15:19.791885Z,/var/lib/docker/volumes,5,fabric_peer0.irs3.kit.edu,peer,0,0.0
run_003,revocation,revocation_1772961340,revoke-irs3-1772961340,revoke-irs3-1772961340,,operation_start,revocation_submit_done,2026-03-08T09:15:40.196419Z,2026-03-08T09:15:42.519397Z,/var/lib/docker/volumes,1,fabric_peer0.irs3.kit.edu,peer,8228,20.51461055151092
run_003,revocation,revocation_1772961340,revoke-irs3-1772961340,revoke-irs3-1772961340,,operation_start,revocation_submit_done,2026-03-08T09:15:40.196419Z,2026-03-08T09:15:42.519397Z,/var/lib/docker/volumes,2,fabric_peer1.irs3.kit.edu,other,8228,20.51461055151092
run_003,revocation,revocation_1772961340,revoke-irs3-1772961340,revoke-irs3-1772961340,,operation_start,revocation_submit_done,2026-03-08T09:15:40.196419Z,2026-03-08T09:15:42.519397Z,/var/lib/docker/volumes,3,fabric_peer2.irs3.kit.edu,other,8228,20.51461055151092
run_003,revocation,revocation_1772961340,revoke-irs3-1772961340,revoke-irs3-1772961340,,operation_start,revocation_submit_done,2026-03-08T09:15:40.196419Z,2026-03-08T09:15:42.519397Z,/var/lib/docker/volumes,4,fabric_peer3.irs3.kit.edu,other,8228,20.51461055151092
run_003,revocation,revocation_1772961340,revoke-irs3-1772961340,revoke-irs3-1772961340,,operation_start,revocation_submit_done,2026-03-08T09:15:40.196419Z,2026-03-08T09:15:42.519397Z,/var/lib/docker/volumes,5,fabric_orderer.kit.edu,orderer,7196,17.941557793956317
run_003,revocation,revocation_1772961340,revoke-irs3-1772961340,revoke-irs3-1772961340,,revocation_submit_done,revocation_voted,2026-03-08T09:15:42.519397Z,2026-03-08T09:15:44.819268911Z,/var/lib/docker/volumes,1,fabric_peer0.irs3.kit.edu,peer,16567,20.520983005499676
run_003,revocation,revocation_1772961340,revoke-irs3-1772961340,revoke-irs3-1772961340,,revocation_submit_done,revocation_voted,2026-03-08T09:15:42.519397Z,2026-03-08T09:15:44.819268911Z,/var/lib/docker/volumes,2,fabric_peer1.irs3.kit.edu,other,16567,20.520983005499676
run_003,revocation,revocation_1772961340,revoke-irs3-1772961340,revoke-irs3-1772961340,,revocation_submit_done,revocation_voted,2026-03-08T09:15:42.519397Z,2026-03-08T09:15:44.819268911Z,/var/lib/docker/volumes,3,fabric_peer2.irs3.kit.edu,other,16567,20.520983005499676
run_003,revocation,revocation_1772961340,revoke-irs3-1772961340,revoke-irs3-1772961340,,revocation_submit_done,revocation_voted,2026-03-08T09:15:42.519397Z,2026-03-08T09:15:44.819268911Z,/var/lib/docker/volumes,4,fabric_peer3.irs3.kit.edu,other,16567,20.520983005499676
run_003,revocation,revocation_1772961340,revoke-irs3-1772961340,revoke-irs3-1772961340,,revocation_submit_done,revocation_voted,2026-03-08T09:15:42.519397Z,2026-03-08T09:15:44.819268911Z,/var/lib/docker/volumes,5,fabric_orderer.kit.edu,orderer,14464,17.916067978001287
run_003,revocation,revocation_1772961340,revoke-irs3-1772961340,revoke-irs3-1772961340,,revocation_voted,revocation_executed,2026-03-08T09:15:44.819268911Z,2026-03-08T09:15:47.265803037Z,/var/lib/docker/volumes,1,fabric_peer0.irs3.kit.edu,peer,26740,20.885403649087728
run_003,revocation,revocation_1772961340,revoke-irs3-1772961340,revoke-irs3-1772961340,,revocation_voted,revocation_executed,2026-03-08T09:15:44.819268911Z,2026-03-08T09:15:47.265803037Z,/var/lib/docker/volumes,2,fabric_peer1.irs3.kit.edu,other,26740,20.885403649087728
run_003,revocation,revocation_1772961340,revoke-irs3-1772961340,revoke-irs3-1772961340,,revocation_voted,revocation_executed,2026-03-08T09:15:44.819268911Z,2026-03-08T09:15:47.265803037Z,/var/lib/docker/volumes,3,fabric_peer2.irs3.kit.edu,other,26740,20.885403649087728
run_003,revocation,revocation_1772961340,revoke-irs3-1772961340,revoke-irs3-1772961340,,revocation_voted,revocation_executed,2026-03-08T09:15:44.819268911Z,2026-03-08T09:15:47.265803037Z,/var/lib/docker/volumes,4,fabric_peer3.irs3.kit.edu,other,26740,20.885403649087728
run_003,revocation,revocation_1772961340,revoke-irs3-1772961340,revoke-irs3-1772961340,,revocation_voted,revocation_executed,2026-03-08T09:15:44.819268911Z,2026-03-08T09:15:47.265803037Z,/var/lib/docker/volumes,5,fabric_orderer.kit.edu,orderer,21072,16.458385403649086
run_003,revocation,revocation_1772961340,revoke-irs3-1772961340,revoke-irs3-1772961340,,revocation_executed,operation_end,2026-03-08T09:15:47.265803037Z,2026-03-08T09:15:48.922820Z,/var/lib/docker/volumes,1,ab96d922f06ec7a94f1b5200e75e480c9ed7eba86fbbe33b5cb9edbe031c6ea8,other,0,0.0
run_003,revocation,revocation_1772961340,revoke-irs3-1772961340,revoke-irs3-1772961340,,revocation_executed,operation_end,2026-03-08T09:15:47.265803037Z,2026-03-08T09:15:48.922820Z,/var/lib/docker/volumes,2,b8143ef8453ad18871b4b4e0ba6041764a2cda76bc6f516fa468de5fd6585e72,other,0,0.0
run_003,revocation,revocation_1772961340,revoke-irs3-1772961340,revoke-irs3-1772961340,,revocation_executed,operation_end,2026-03-08T09:15:47.265803037Z,2026-03-08T09:15:48.922820Z,/var/lib/docker/volumes,3,fabric_orderer.kit.edu,orderer,0,0.0
run_003,revocation,revocation_1772961340,revoke-irs3-1772961340,revoke-irs3-1772961340,,revocation_executed,operation_end,2026-03-08T09:15:47.265803037Z,2026-03-08T09:15:48.922820Z,/var/lib/docker/volumes,4,fabric_peer0.irs1.kit.edu,other,0,0.0
run_003,revocation,revocation_1772961340,revoke-irs3-1772961340,revoke-irs3-1772961340,,revocation_executed,operation_end,2026-03-08T09:15:47.265803037Z,2026-03-08T09:15:48.922820Z,/var/lib/docker/volumes,5,fabric_peer0.irs3.kit.edu,peer,0,0.0
run_003,removal,removal_1772961367,remove-irs3-member1-1772961367,remove-irs3-member1-1772961367,8,operation_start,removal_submit_done,2026-03-08T09:16:07.240914Z,2026-03-08T09:16:09.590107Z,/var/lib/docker/volumes,1,fabric_peer0.irs3.kit.edu,peer,8852,20.51115693861946
run_003,removal,removal_1772961367,remove-irs3-member1-1772961367,remove-irs3-member1-1772961367,8,operation_start,removal_submit_done,2026-03-08T09:16:07.240914Z,2026-03-08T09:16:09.590107Z,/var/lib/docker/volumes,2,fabric_peer1.irs3.kit.edu,other,8852,20.51115693861946
run_003,removal,removal_1772961367,remove-irs3-member1-1772961367,remove-irs3-member1-1772961367,8,operation_start,removal_submit_done,2026-03-08T09:16:07.240914Z,2026-03-08T09:16:09.590107Z,/var/lib/docker/volumes,3,fabric_peer2.irs3.kit.edu,other,8852,20.51115693861946
run_003,removal,removal_1772961367,remove-irs3-member1-1772961367,remove-irs3-member1-1772961367,8,operation_start,removal_submit_done,2026-03-08T09:16:07.240914Z,2026-03-08T09:16:09.590107Z,/var/lib/docker/volumes,4,fabric_peer3.irs3.kit.edu,other,8852,20.51115693861946
run_003,removal,removal_1772961367,remove-irs3-member1-1772961367,remove-irs3-member1-1772961367,8,operation_start,removal_submit_done,2026-03-08T09:16:07.240914Z,2026-03-08T09:16:09.590107Z,/var/lib/docker/volumes,5,fabric_orderer.kit.edu,orderer,7749,17.955372245522163
run_003,removal,removal_1772961367,remove-irs3-member1-1772961367,remove-irs3-member1-1772961367,8,removal_submit_done,removal_voted,2026-03-08T09:16:09.590107Z,2026-03-08T09:16:12.558572251Z,/var/lib/docker/volumes,1,fabric_peer0.irs3.kit.edu,peer,17250,20.526917035556192
run_003,removal,removal_1772961367,remove-irs3-member1-1772961367,remove-irs3-member1-1772961367,8,removal_submit_done,removal_voted,2026-03-08T09:16:09.590107Z,2026-03-08T09:16:12.558572251Z,/var/lib/docker/volumes,2,fabric_peer1.irs3.kit.edu,other,17250,20.526917035556192
run_003,removal,removal_1772961367,remove-irs3-member1-1772961367,remove-irs3-member1-1772961367,8,removal_submit_done,removal_voted,2026-03-08T09:16:09.590107Z,2026-03-08T09:16:12.558572251Z,/var/lib/docker/volumes,3,fabric_peer2.irs3.kit.edu,other,17250,20.526917035556192
run_003,removal,removal_1772961367,remove-irs3-member1-1772961367,remove-irs3-member1-1772961367,8,removal_submit_done,removal_voted,2026-03-08T09:16:09.590107Z,2026-03-08T09:16:12.558572251Z,/var/lib/docker/volumes,4,fabric_peer3.irs3.kit.edu,other,17250,20.526917035556192
run_003,removal,removal_1772961367,remove-irs3-member1-1772961367,remove-irs3-member1-1772961367,8,removal_submit_done,removal_voted,2026-03-08T09:16:09.590107Z,2026-03-08T09:16:12.558572251Z,/var/lib/docker/volumes,5,fabric_orderer.kit.edu,orderer,15036,17.89233185777524
run_003,removal,removal_1772961367,remove-irs3-member1-1772961367,remove-irs3-member1-1772961367,8,removal_voted,removal_approved,2026-03-08T09:16:12.558572251Z,2026-03-08T09:16:14.756761607Z,/var/lib/docker/volumes,1,fabric_peer0.irs3.kit.edu,peer,23629,20.806769750977423
run_003,removal,removal_1772961367,remove-irs3-member1-1772961367,remove-irs3-member1-1772961367,8,removal_voted,removal_approved,2026-03-08T09:16:12.558572251Z,2026-03-08T09:16:14.756761607Z,/var/lib/docker/volumes,2,fabric_peer1.irs3.kit.edu,other,23629,20.806769750977423
run_003,removal,removal_1772961367,remove-irs3-member1-1772961367,remove-irs3-member1-1772961367,8,removal_voted,removal_approved,2026-03-08T09:16:12.558572251Z,2026-03-08T09:16:14.756761607Z,/var/lib/docker/volumes,3,fabric_peer2.irs3.kit.edu,other,23629,20.806769750977423
run_003,removal,removal_1772961367,remove-irs3-member1-1772961367,remove-irs3-member1-1772961367,8,removal_voted,removal_approved,2026-03-08T09:16:12.558572251Z,2026-03-08T09:16:14.756761607Z,/var/lib/docker/volumes,4,fabric_peer3.irs3.kit.edu,other,23629,20.806769750977423
run_003,removal,removal_1772961367,remove-irs3-member1-1772961367,remove-irs3-member1-1772961367,8,removal_voted,removal_approved,2026-03-08T09:16:12.558572251Z,2026-03-08T09:16:14.756761607Z,/var/lib/docker/volumes,5,fabric_orderer.kit.edu,orderer,19048,16.77292099609031
run_003,removal,removal_1772961367,remove-irs3-member1-1772961367,remove-irs3-member1-1772961367,8,removal_approved,reshare_started,2026-03-08T09:16:14.756761607Z,2026-03-08T09:16:15.980171Z,/var/lib/docker/volumes,1,ab96d922f06ec7a94f1b5200e75e480c9ed7eba86fbbe33b5cb9edbe031c6ea8,other,0,0.0
run_003,removal,removal_1772961367,remove-irs3-member1-1772961367,remove-irs3-member1-1772961367,8,removal_approved,reshare_started,2026-03-08T09:16:14.756761607Z,2026-03-08T09:16:15.980171Z,/var/lib/docker/volumes,2,b8143ef8453ad18871b4b4e0ba6041764a2cda76bc6f516fa468de5fd6585e72,other,0,0.0
run_003,removal,removal_1772961367,remove-irs3-member1-1772961367,remove-irs3-member1-1772961367,8,removal_approved,reshare_started,2026-03-08T09:16:14.756761607Z,2026-03-08T09:16:15.980171Z,/var/lib/docker/volumes,3,fabric_orderer.kit.edu,orderer,0,0.0
run_003,removal,removal_1772961367,remove-irs3-member1-1772961367,remove-irs3-member1-1772961367,8,removal_approved,reshare_started,2026-03-08T09:16:14.756761607Z,2026-03-08T09:16:15.980171Z,/var/lib/docker/volumes,4,fabric_peer0.irs1.kit.edu,other,0,0.0
run_003,removal,removal_1772961367,remove-irs3-member1-1772961367,remove-irs3-member1-1772961367,8,removal_approved,reshare_started,2026-03-08T09:16:14.756761607Z,2026-03-08T09:16:15.980171Z,/var/lib/docker/volumes,5,fabric_peer0.irs3.kit.edu,peer,0,0.0
run_003,removal,removal_1772961367,remove-irs3-member1-1772961367,remove-irs3-member1-1772961367,8,reshare_started,reshare_completed,2026-03-08T09:16:15.980171Z,2026-03-08T09:16:38.08698087Z,/var/lib/docker/volumes,1,fabric_peer0.irs3.kit.edu,peer,61282,20.66003418503747
run_003,removal,removal_1772961367,remove-irs3-member1-1772961367,remove-irs3-member1-1772961367,8,reshare_started,reshare_completed,2026-03-08T09:16:15.980171Z,2026-03-08T09:16:38.08698087Z,/var/lib/docker/volumes,2,fabric_peer1.irs3.kit.edu,other,61282,20.66003418503747
run_003,removal,removal_1772961367,remove-irs3-member1-1772961367,remove-irs3-member1-1772961367,8,reshare_started,reshare_completed,2026-03-08T09:16:15.980171Z,2026-03-08T09:16:38.08698087Z,/var/lib/docker/volumes,3,fabric_peer2.irs3.kit.edu,other,61282,20.66003418503747
run_003,removal,removal_1772961367,remove-irs3-member1-1772961367,remove-irs3-member1-1772961367,8,reshare_started,reshare_completed,2026-03-08T09:16:15.980171Z,2026-03-08T09:16:38.08698087Z,/var/lib/docker/volumes,4,fabric_peer3.irs3.kit.edu,other,61282,20.66003418503747
run_003,removal,removal_1772961367,remove-irs3-member1-1772961367,remove-irs3-member1-1772961367,8,reshare_started,reshare_completed,2026-03-08T09:16:15.980171Z,2026-03-08T09:16:38.08698087Z,/var/lib/docker/volumes,5,fabric_orderer.kit.edu,orderer,51493,17.359863259850112
run_003,removal,removal_1772961367,remove-irs3-member1-1772961367,remove-irs3-member1-1772961367,8,reshare_completed,operation_end,2026-03-08T09:16:38.08698087Z,2026-03-08T09:16:38.406241Z,/var/lib/docker/volumes,1,ab96d922f06ec7a94f1b5200e75e480c9ed7eba86fbbe33b5cb9edbe031c6ea8,other,0,0.0
run_003,removal,removal_1772961367,remove-irs3-member1-1772961367,remove-irs3-member1-1772961367,8,reshare_completed,operation_end,2026-03-08T09:16:38.08698087Z,2026-03-08T09:16:38.406241Z,/var/lib/docker/volumes,2,b8143ef8453ad18871b4b4e0ba6041764a2cda76bc6f516fa468de5fd6585e72,other,0,0.0
run_003,removal,removal_1772961367,remove-irs3-member1-1772961367,remove-irs3-member1-1772961367,8,reshare_completed,operation_end,2026-03-08T09:16:38.08698087Z,2026-03-08T09:16:38.406241Z,/var/lib/docker/volumes,3,fabric_orderer.kit.edu,orderer,0,0.0
run_003,removal,removal_1772961367,remove-irs3-member1-1772961367,remove-irs3-member1-1772961367,8,reshare_completed,operation_end,2026-03-08T09:16:38.08698087Z,2026-03-08T09:16:38.406241Z,/var/lib/docker/volumes,4,fabric_peer0.irs1.kit.edu,other,0,0.0
run_003,removal,removal_1772961367,remove-irs3-member1-1772961367,remove-irs3-member1-1772961367,8,reshare_completed,operation_end,2026-03-08T09:16:38.08698087Z,2026-03-08T09:16:38.406241Z,/var/lib/docker/volumes,5,fabric_peer0.irs3.kit.edu,peer,0,0.0
run_003,join,join_1772961416,join-irs3-1772961416,join-irs3-1772961416,9,operation_start,join_submit_done,2026-03-08T09:16:56.710040Z,2026-03-08T09:16:59.069435Z,/var/lib/docker/volumes,1,fabric_peer0.irs3.kit.edu,peer,10058,20.778845160623902
run_003,join,join_1772961416,join-irs3-1772961416,join-irs3-1772961416,9,operation_start,join_submit_done,2026-03-08T09:16:56.710040Z,2026-03-08T09:16:59.069435Z,/var/lib/docker/volumes,2,fabric_peer1.irs3.kit.edu,other,10058,20.778845160623902
run_003,join,join_1772961416,join-irs3-1772961416,join-irs3-1772961416,9,operation_start,join_submit_done,2026-03-08T09:16:56.710040Z,2026-03-08T09:16:59.069435Z,/var/lib/docker/volumes,3,fabric_peer2.irs3.kit.edu,other,10058,20.778845160623902
run_003,join,join_1772961416,join-irs3-1772961416,join-irs3-1772961416,9,operation_start,join_submit_done,2026-03-08T09:16:56.710040Z,2026-03-08T09:16:59.069435Z,/var/lib/docker/volumes,4,fabric_peer3.irs3.kit.edu,other,10058,20.778845160623902
run_003,join,join_1772961416,join-irs3-1772961416,join-irs3-1772961416,9,operation_start,join_submit_done,2026-03-08T09:16:56.710040Z,2026-03-08T09:16:59.069435Z,/var/lib/docker/volumes,5,fabric_orderer.kit.edu,orderer,8173,16.88461935750439
run_003,join,join_1772961416,join-irs3-1772961416,join-irs3-1772961416,9,join_submit_done,join_voted,2026-03-08T09:16:59.069435Z,2026-03-08T09:17:02.500020454Z,/var/lib/docker/volumes,1,fabric_peer0.irs3.kit.edu,peer,19468,20.62965592514491
run_003,join,join_1772961416,join-irs3-1772961416,join-irs3-1772961416,9,join_submit_done,join_voted,2026-03-08T09:16:59.069435Z,2026-03-08T09:17:02.500020454Z,/var/lib/docker/volumes,2,fabric_peer1.irs3.kit.edu,other,19468,20.62965592514491
run_003,join,join_1772961416,join-irs3-1772961416,join-irs3-1772961416,9,join_submit_done,join_voted,2026-03-08T09:16:59.069435Z,2026-03-08T09:17:02.500020454Z,/var/lib/docker/volumes,3,fabric_peer2.irs3.kit.edu,other,19468,20.62965592514491
run_003,join,join_1772961416,join-irs3-1772961416,join-irs3-1772961416,9,join_submit_done,join_voted,2026-03-08T09:16:59.069435Z,2026-03-08T09:17:02.500020454Z,/var/lib/docker/volumes,4,fabric_peer3.irs3.kit.edu,other,19468,20.62965592514491
run_003,join,join_1772961416,join-irs3-1772961416,join-irs3-1772961416,9,join_submit_done,join_voted,2026-03-08T09:16:59.069435Z,2026-03-08T09:17:02.500020454Z,/var/lib/docker/volumes,5,fabric_orderer.kit.edu,orderer,16497,17.481376299420358
run_003,join,join_1772961416,join-irs3-1772961416,join-irs3-1772961416,9,join_voted,join_approved,2026-03-08T09:17:02.500020454Z,2026-03-08T09:17:04.986803531Z,/var/lib/docker/volumes,1,fabric_peer0.irs3.kit.edu,peer,16742,21.426194681205047
run_003,join,join_1772961416,join-irs3-1772961416,join-irs3-1772961416,9,join_voted,join_approved,2026-03-08T09:17:02.500020454Z,2026-03-08T09:17:04.986803531Z,/var/lib/docker/volumes,2,fabric_peer1.irs3.kit.edu,other,16742,21.426194681205047
run_003,join,join_1772961416,join-irs3-1772961416,join-irs3-1772961416,9,join_voted,join_approved,2026-03-08T09:17:02.500020454Z,2026-03-08T09:17:04.986803531Z,/var/lib/docker/volumes,3,fabric_peer2.irs3.kit.edu,other,16742,21.426194681205047
run_003,join,join_1772961416,join-irs3-1772961416,join-irs3-1772961416,9,join_voted,join_approved,2026-03-08T09:17:02.500020454Z,2026-03-08T09:17:04.986803531Z,/var/lib/docker/volumes,4,fabric_peer3.irs3.kit.edu,other,16742,21.426194681205047
run_003,join,join_1772961416,join-irs3-1772961416,join-irs3-1772961416,9,join_voted,join_approved,2026-03-08T09:17:02.500020454Z,2026-03-08T09:17:04.986803531Z,/var/lib/docker/volumes,5,fabric_orderer.kit.edu,orderer,11170,14.29522127517981
run_003,join,join_1772961416,join-irs3-1772961416,join-irs3-1772961416,9,join_approved,reshare_started,2026-03-08T09:17:04.986803531Z,2026-03-08T09:17:05.464411Z,/var/lib/docker/volumes,1,ab96d922f06ec7a94f1b5200e75e480c9ed7eba86fbbe33b5cb9edbe031c6ea8,other,0,0.0
run_003,join,join_1772961416,join-irs3-1772961416,join-irs3-1772961416,9,join_approved,reshare_started,2026-03-08T09:17:04.986803531Z,2026-03-08T09:17:05.464411Z,/var/lib/docker/volumes,2,b8143ef8453ad18871b4b4e0ba6041764a2cda76bc6f516fa468de5fd6585e72,other,0,0.0
run_003,join,join_1772961416,join-irs3-1772961416,join-irs3-1772961416,9,join_approved,reshare_started,2026-03-08T09:17:04.986803531Z,2026-03-08T09:17:05.464411Z,/var/lib/docker/volumes,3,fabric_orderer.kit.edu,orderer,0,0.0
run_003,join,join_1772961416,join-irs3-1772961416,join-irs3-1772961416,9,join_approved,reshare_started,2026-03-08T09:17:04.986803531Z,2026-03-08T09:17:05.464411Z,/var/lib/docker/volumes,4,fabric_peer0.irs1.kit.edu,other,0,0.0
run_003,join,join_1772961416,join-irs3-1772961416,join-irs3-1772961416,9,join_approved,reshare_started,2026-03-08T09:17:04.986803531Z,2026-03-08T09:17:05.464411Z,/var/lib/docker/volumes,5,fabric_peer0.irs3.kit.edu,peer,0,0.0
run_003,join,join_1772961416,join-irs3-1772961416,join-irs3-1772961416,9,reshare_started,reshare_completed,2026-03-08T09:17:05.464411Z,2026-03-08T09:17:28.584645942Z,/var/lib/docker/volumes,1,fabric_peer0.irs3.kit.edu,peer,47044,20.598911468116874
run_003,join,join_1772961416,join-irs3-1772961416,join-irs3-1772961416,9,reshare_started,reshare_completed,2026-03-08T09:17:05.464411Z,2026-03-08T09:17:28.584645942Z,/var/lib/docker/volumes,2,fabric_peer1.irs3.kit.edu,other,47044,20.598911468116874
run_003,join,join_1772961416,join-irs3-1772961416,join-irs3-1772961416,9,reshare_started,reshare_completed,2026-03-08T09:17:05.464411Z,2026-03-08T09:17:28.584645942Z,/var/lib/docker/volumes,3,fabric_peer2.irs3.kit.edu,other,47044,20.598911468116874
run_003,join,join_1772961416,join-irs3-1772961416,join-irs3-1772961416,9,reshare_started,reshare_completed,2026-03-08T09:17:05.464411Z,2026-03-08T09:17:28.584645942Z,/var/lib/docker/volumes,4,fabric_peer3.irs3.kit.edu,other,47044,20.598911468116874
run_003,join,join_1772961416,join-irs3-1772961416,join-irs3-1772961416,9,reshare_started,reshare_completed,2026-03-08T09:17:05.464411Z,2026-03-08T09:17:28.584645942Z,/var/lib/docker/volumes,5,fabric_orderer.kit.edu,orderer,40205,17.604354127532503
run_003,join,join_1772961416,join-irs3-1772961416,join-irs3-1772961416,9,reshare_completed,operation_end,2026-03-08T09:17:28.584645942Z,2026-03-08T09:17:35.984033Z,/var/lib/docker/volumes,1,fabric_peer0.irs3.kit.edu,peer,74362,20.5637456203663
run_003,join,join_1772961416,join-irs3-1772961416,join-irs3-1772961416,9,reshare_completed,operation_end,2026-03-08T09:17:28.584645942Z,2026-03-08T09:17:35.984033Z,/var/lib/docker/volumes,2,fabric_peer1.irs3.kit.edu,other,74362,20.5637456203663
run_003,join,join_1772961416,join-irs3-1772961416,join-irs3-1772961416,9,reshare_completed,operation_end,2026-03-08T09:17:28.584645942Z,2026-03-08T09:17:35.984033Z,/var/lib/docker/volumes,3,fabric_peer2.irs3.kit.edu,other,74362,20.5637456203663
run_003,join,join_1772961416,join-irs3-1772961416,join-irs3-1772961416,9,reshare_completed,operation_end,2026-03-08T09:17:28.584645942Z,2026-03-08T09:17:35.984033Z,/var/lib/docker/volumes,4,fabric_peer3.irs3.kit.edu,other,74362,20.5637456203663
run_003,join,join_1772961416,join-irs3-1772961416,join-irs3-1772961416,9,reshare_completed,operation_end,2026-03-08T09:17:28.584645942Z,2026-03-08T09:17:35.984033Z,/var/lib/docker/volumes,5,fabric_orderer.kit.edu,orderer,64169,17.7450175185348
run_004,csr,csr_1772961462,csr-irs3-1772961463,csr-irs3-1772961463,,operation_start,csr_submit_done,2026-03-08T09:17:42.887243Z,2026-03-08T09:17:45.223840Z,/var/lib/docker/volumes,1,fabric_peer0.irs3.kit.edu,peer,10691,20.83406411380688
run_004,csr,csr_1772961462,csr-irs3-1772961463,csr-irs3-1772961463,,operation_start,csr_submit_done,2026-03-08T09:17:42.887243Z,2026-03-08T09:17:45.223840Z,/var/lib/docker/volumes,2,fabric_peer1.irs3.kit.edu,other,10691,20.83406411380688
run_004,csr,csr_1772961462,csr-irs3-1772961463,csr-irs3-1772961463,,operation_start,csr_submit_done,2026-03-08T09:17:42.887243Z,2026-03-08T09:17:45.223840Z,/var/lib/docker/volumes,3,fabric_peer2.irs3.kit.edu,other,10691,20.83406411380688
run_004,csr,csr_1772961462,csr-irs3-1772961463,csr-irs3-1772961463,,operation_start,csr_submit_done,2026-03-08T09:17:42.887243Z,2026-03-08T09:17:45.223840Z,/var/lib/docker/volumes,4,fabric_peer3.irs3.kit.edu,other,10691,20.83406411380688
run_004,csr,csr_1772961462,csr-irs3-1772961463,csr-irs3-1772961463,,operation_start,csr_submit_done,2026-03-08T09:17:42.887243Z,2026-03-08T09:17:45.223840Z,/var/lib/docker/volumes,5,fabric_orderer.kit.edu,orderer,8551,16.663743544772483
run_004,csr,csr_1772961462,csr-irs3-1772961463,csr-irs3-1772961463,,csr_submit_done,csr_voted,2026-03-08T09:17:45.223840Z,2026-03-08T09:17:47.56255721Z,/var/lib/docker/volumes,1,fabric_peer0.irs3.kit.edu,peer,27700,20.491651686307584
run_004,csr,csr_1772961462,csr-irs3-1772961463,csr-irs3-1772961463,,csr_submit_done,csr_voted,2026-03-08T09:17:45.223840Z,2026-03-08T09:17:47.56255721Z,/var/lib/docker/volumes,2,fabric_peer1.irs3.kit.edu,other,27700,20.491651686307584
run_004,csr,csr_1772961462,csr-irs3-1772961463,csr-irs3-1772961463,,csr_submit_done,csr_voted,2026-03-08T09:17:45.223840Z,2026-03-08T09:17:47.56255721Z,/var/lib/docker/volumes,3,fabric_peer2.irs3.kit.edu,other,27700,20.491651686307584
run_004,csr,csr_1772961462,csr-irs3-1772961463,csr-irs3-1772961463,,csr_submit_done,csr_voted,2026-03-08T09:17:45.223840Z,2026-03-08T09:17:47.56255721Z,/var/lib/docker/volumes,4,fabric_peer3.irs3.kit.edu,other,27700,20.491651686307584
run_004,csr,csr_1772961462,csr-irs3-1772961463,csr-irs3-1772961463,,csr_submit_done,csr_voted,2026-03-08T09:17:45.223840Z,2026-03-08T09:17:47.56255721Z,/var/lib/docker/volumes,5,fabric_orderer.kit.edu,orderer,24377,18.033393254769674
run_004,csr,csr_1772961462,csr-irs3-1772961463,csr-irs3-1772961463,,csr_voted,csr_approved,2026-03-08T09:17:47.56255721Z,2026-03-08T09:17:50.031546253Z,/var/lib/docker/volumes,1,fabric_peer0.irs3.kit.edu,peer,20092,20.766066519213677
run_004,csr,csr_1772961462,csr-irs3-1772961463,csr-irs3-1772961463,,csr_voted,csr_approved,2026-03-08T09:17:47.56255721Z,2026-03-08T09:17:50.031546253Z,/var/lib/docker/volumes,2,fabric_peer1.irs3.kit.edu,other,20092,20.766066519213677
run_004,csr,csr_1772961462,csr-irs3-1772961463,csr-irs3-1772961463,,csr_voted,csr_approved,2026-03-08T09:17:47.56255721Z,2026-03-08T09:17:50.031546253Z,/var/lib/docker/volumes,3,fabric_peer2.irs3.kit.edu,other,20092,20.766066519213677
run_004,csr,csr_1772961462,csr-irs3-1772961463,csr-irs3-1772961463,,csr_voted,csr_approved,2026-03-08T09:17:47.56255721Z,2026-03-08T09:17:50.031546253Z,/var/lib/docker/volumes,4,fabric_peer3.irs3.kit.edu,other,20092,20.766066519213677
run_004,csr,csr_1772961462,csr-irs3-1772961463,csr-irs3-1772961463,,csr_voted,csr_approved,2026-03-08T09:17:47.56255721Z,2026-03-08T09:17:50.031546253Z,/var/lib/docker/volumes,5,fabric_orderer.kit.edu,orderer,16386,16.935733923145296
run_004,csr,csr_1772961462,csr-irs3-1772961463,csr-irs3-1772961463,,csr_approved,cert_registered,2026-03-08T09:17:50.031546253Z,2026-03-08T09:17:59.621666123Z,/var/lib/docker/volumes,1,fabric_peer0.irs3.kit.edu,peer,51631,20.917889858078738
run_004,csr,csr_1772961462,csr-irs3-1772961463,csr-irs3-1772961463,,csr_approved,cert_registered,2026-03-08T09:17:50.031546253Z,2026-03-08T09:17:59.621666123Z,/var/lib/docker/volumes,2,fabric_peer1.irs3.kit.edu,other,51631,20.917889858078738
run_004,csr,csr_1772961462,csr-irs3-1772961463,csr-irs3-1772961463,,csr_approved,cert_registered,2026-03-08T09:17:50.031546253Z,2026-03-08T09:17:59.621666123Z,/var/lib/docker/volumes,3,fabric_peer2.irs3.kit.edu,other,51631,20.917889858078738
run_004,csr,csr_1772961462,csr-irs3-1772961463,csr-irs3-1772961463,,csr_approved,cert_registered,2026-03-08T09:17:50.031546253Z,2026-03-08T09:17:59.621666123Z,/var/lib/docker/volumes,4,fabric_peer3.irs3.kit.edu,other,51631,20.917889858078738
run_004,csr,csr_1772961462,csr-irs3-1772961463,csr-irs3-1772961463,,csr_approved,cert_registered,2026-03-08T09:17:50.031546253Z,2026-03-08T09:17:59.621666123Z,/var/lib/docker/volumes,5,fabric_orderer.kit.edu,orderer,40303,16.32844056768506
run_004,csr,csr_1772961462,csr-irs3-1772961463,csr-irs3-1772961463,,cert_registered,operation_end,2026-03-08T09:17:59.621666123Z,2026-03-08T09:17:59.962661Z,/var/lib/docker/volumes,1,ab96d922f06ec7a94f1b5200e75e480c9ed7eba86fbbe33b5cb9edbe031c6ea8,other,0,0.0
run_004,csr,csr_1772961462,csr-irs3-1772961463,csr-irs3-1772961463,,cert_registered,operation_end,2026-03-08T09:17:59.621666123Z,2026-03-08T09:17:59.962661Z,/var/lib/docker/volumes,2,b8143ef8453ad18871b4b4e0ba6041764a2cda76bc6f516fa468de5fd6585e72,other,0,0.0
run_004,csr,csr_1772961462,csr-irs3-1772961463,csr-irs3-1772961463,,cert_registered,operation_end,2026-03-08T09:17:59.621666123Z,2026-03-08T09:17:59.962661Z,/var/lib/docker/volumes,3,fabric_orderer.kit.edu,orderer,0,0.0
run_004,csr,csr_1772961462,csr-irs3-1772961463,csr-irs3-1772961463,,cert_registered,operation_end,2026-03-08T09:17:59.621666123Z,2026-03-08T09:17:59.962661Z,/var/lib/docker/volumes,4,fabric_peer0.irs1.kit.edu,other,0,0.0
run_004,csr,csr_1772961462,csr-irs3-1772961463,csr-irs3-1772961463,,cert_registered,operation_end,2026-03-08T09:17:59.621666123Z,2026-03-08T09:17:59.962661Z,/var/lib/docker/volumes,5,fabric_peer0.irs3.kit.edu,peer,0,0.0
run_004,revocation,revocation_1772961500,revoke-irs3-1772961500,revoke-irs3-1772961500,,operation_start,revocation_submit_done,2026-03-08T09:18:20.275259Z,2026-03-08T09:18:22.602626Z,/var/lib/docker/volumes,1,fabric_peer0.irs3.kit.edu,peer,8233,20.51633482020484
run_004,revocation,revocation_1772961500,revoke-irs3-1772961500,revoke-irs3-1772961500,,operation_start,revocation_submit_done,2026-03-08T09:18:20.275259Z,2026-03-08T09:18:22.602626Z,/var/lib/docker/volumes,2,fabric_peer1.irs3.kit.edu,other,8233,20.51633482020484
run_004,revocation,revocation_1772961500,revoke-irs3-1772961500,revoke-irs3-1772961500,,operation_start,revocation_submit_done,2026-03-08T09:18:20.275259Z,2026-03-08T09:18:22.602626Z,/var/lib/docker/volumes,3,fabric_peer2.irs3.kit.edu,other,8233,20.51633482020484
run_004,revocation,revocation_1772961500,revoke-irs3-1772961500,revoke-irs3-1772961500,,operation_start,revocation_submit_done,2026-03-08T09:18:20.275259Z,2026-03-08T09:18:22.602626Z,/var/lib/docker/volumes,4,fabric_peer3.irs3.kit.edu,other,8233,20.51633482020484
run_004,revocation,revocation_1772961500,revoke-irs3-1772961500,revoke-irs3-1772961500,,operation_start,revocation_submit_done,2026-03-08T09:18:20.275259Z,2026-03-08T09:18:22.602626Z,/var/lib/docker/volumes,5,fabric_orderer.kit.edu,orderer,7197,17.93466071918064
run_004,revocation,revocation_1772961500,revoke-irs3-1772961500,revoke-irs3-1772961500,,revocation_submit_done,revocation_voted,2026-03-08T09:18:22.602626Z,2026-03-08T09:18:26.550630072Z,/var/lib/docker/volumes,1,fabric_peer0.irs3.kit.edu,peer,23424,20.391037136340685
run_004,revocation,revocation_1772961500,revoke-irs3-1772961500,revoke-irs3-1772961500,,revocation_submit_done,revocation_voted,2026-03-08T09:18:22.602626Z,2026-03-08T09:18:26.550630072Z,/var/lib/docker/volumes,2,fabric_peer1.irs3.kit.edu,other,23424,20.391037136340685
run_004,revocation,revocation_1772961500,revoke-irs3-1772961500,revoke-irs3-1772961500,,revocation_submit_done,revocation_voted,2026-03-08T09:18:22.602626Z,2026-03-08T09:18:26.550630072Z,/var/lib/docker/volumes,3,fabric_peer2.irs3.kit.edu,other,23424,20.391037136340685
run_004,revocation,revocation_1772961500,revoke-irs3-1772961500,revoke-irs3-1772961500,,revocation_submit_done,revocation_voted,2026-03-08T09:18:22.602626Z,2026-03-08T09:18:26.550630072Z,/var/lib/docker/volumes,4,fabric_peer3.irs3.kit.edu,other,23424,20.391037136340685
run_004,revocation,revocation_1772961500,revoke-irs3-1772961500,revoke-irs3-1772961500,,revocation_submit_done,revocation_voted,2026-03-08T09:18:22.602626Z,2026-03-08T09:18:26.550630072Z,/var/lib/docker/volumes,5,fabric_orderer.kit.edu,orderer,21178,18.435851454637255
run_004,revocation,revocation_1772961500,revoke-irs3-1772961500,revoke-irs3-1772961500,,revocation_voted,revocation_executed,2026-03-08T09:18:26.550630072Z,2026-03-08T09:18:28.981812Z,/var/lib/docker/volumes,1,fabric_peer0.irs3.kit.edu,peer,26733,20.88515625
run_004,revocation,revocation_1772961500,revoke-irs3-1772961500,revoke-irs3-1772961500,,revocation_voted,revocation_executed,2026-03-08T09:18:26.550630072Z,2026-03-08T09:18:28.981812Z,/var/lib/docker/volumes,2,fabric_peer1.irs3.kit.edu,other,26733,20.88515625
run_004,revocation,revocation_1772961500,revoke-irs3-1772961500,revoke-irs3-1772961500,,revocation_voted,revocation_executed,2026-03-08T09:18:26.550630072Z,2026-03-08T09:18:28.981812Z,/var/lib/docker/volumes,3,fabric_peer2.irs3.kit.edu,other,26733,20.88515625
run_004,revocation,revocation_1772961500,revoke-irs3-1772961500,revoke-irs3-1772961500,,revocation_voted,revocation_executed,2026-03-08T09:18:26.550630072Z,2026-03-08T09:18:28.981812Z,/var/lib/docker/volumes,4,fabric_peer3.irs3.kit.edu,other,26733,20.88515625
run_004,revocation,revocation_1772961500,revoke-irs3-1772961500,revoke-irs3-1772961500,,revocation_voted,revocation_executed,2026-03-08T09:18:26.550630072Z,2026-03-08T09:18:28.981812Z,/var/lib/docker/volumes,5,fabric_orderer.kit.edu,orderer,21068,16.459375
run_004,revocation,revocation_1772961500,revoke-irs3-1772961500,revoke-irs3-1772961500,,revocation_executed,operation_end,2026-03-08T09:18:28.981812Z,2026-03-08T09:18:29.103427Z,/var/lib/docker/volumes,1,ab96d922f06ec7a94f1b5200e75e480c9ed7eba86fbbe33b5cb9edbe031c6ea8,other,0,0.0
run_004,revocation,revocation_1772961500,revoke-irs3-1772961500,revoke-irs3-1772961500,,revocation_executed,operation_end,2026-03-08T09:18:28.981812Z,2026-03-08T09:18:29.103427Z,/var/lib/docker/volumes,2,b8143ef8453ad18871b4b4e0ba6041764a2cda76bc6f516fa468de5fd6585e72,other,0,0.0
run_004,revocation,revocation_1772961500,revoke-irs3-1772961500,revoke-irs3-1772961500,,revocation_executed,operation_end,2026-03-08T09:18:28.981812Z,2026-03-08T09:18:29.103427Z,/var/lib/docker/volumes,3,fabric_orderer.kit.edu,orderer,0,0.0
run_004,revocation,revocation_1772961500,revoke-irs3-1772961500,revoke-irs3-1772961500,,revocation_executed,operation_end,2026-03-08T09:18:28.981812Z,2026-03-08T09:18:29.103427Z,/var/lib/docker/volumes,4,fabric_peer0.irs1.kit.edu,other,0,0.0
run_004,revocation,revocation_1772961500,revoke-irs3-1772961500,revoke-irs3-1772961500,,revocation_executed,operation_end,2026-03-08T09:18:28.981812Z,2026-03-08T09:18:29.103427Z,/var/lib/docker/volumes,5,fabric_peer0.irs3.kit.edu,peer,0,0.0
run_004,removal,removal_1772961527,remove-irs3-member1-1772961527,remove-irs3-member1-1772961527,10,operation_start,removal_submit_done,2026-03-08T09:18:47.448885Z,2026-03-08T09:18:49.808654Z,/var/lib/docker/volumes,1,fabric_peer0.irs3.kit.edu,peer,9002,20.504293556249003
run_004,removal,removal_1772961527,remove-irs3-member1-1772961527,remove-irs3-member1-1772961527,10,operation_start,removal_submit_done,2026-03-08T09:18:47.448885Z,2026-03-08T09:18:49.808654Z,/var/lib/docker/volumes,2,fabric_peer1.irs3.kit.edu,other,9002,20.504293556249003
run_004,removal,removal_1772961527,remove-irs3-member1-1772961527,remove-irs3-member1-1772961527,10,operation_start,removal_submit_done,2026-03-08T09:18:47.448885Z,2026-03-08T09:18:49.808654Z,/var/lib/docker/volumes,3,fabric_peer2.irs3.kit.edu,other,9002,20.504293556249003
run_004,removal,removal_1772961527,remove-irs3-member1-1772961527,remove-irs3-member1-1772961527,10,operation_start,removal_submit_done,2026-03-08T09:18:47.448885Z,2026-03-08T09:18:49.808654Z,/var/lib/docker/volumes,4,fabric_peer3.irs3.kit.edu,other,9002,20.504293556249003
run_004,removal,removal_1772961527,remove-irs3-member1-1772961527,remove-irs3-member1-1772961527,10,operation_start,removal_submit_done,2026-03-08T09:18:47.448885Z,2026-03-08T09:18:49.808654Z,/var/lib/docker/volumes,5,fabric_orderer.kit.edu,orderer,7895,17.982825775003985
run_004,removal,removal_1772961527,remove-irs3-member1-1772961527,remove-irs3-member1-1772961527,10,removal_submit_done,removal_voted,2026-03-08T09:18:49.808654Z,2026-03-08T09:18:53.54600384Z,/var/lib/docker/volumes,1,fabric_peer0.irs3.kit.edu,peer,24477,20.391552463864706
run_004,removal,removal_1772961527,remove-irs3-member1-1772961527,remove-irs3-member1-1772961527,10,removal_submit_done,removal_voted,2026-03-08T09:18:49.808654Z,2026-03-08T09:18:53.54600384Z,/var/lib/docker/volumes,2,fabric_peer1.irs3.kit.edu,other,24477,20.391552463864706
run_004,removal,removal_1772961527,remove-irs3-member1-1772961527,remove-irs3-member1-1772961527,10,removal_submit_done,removal_voted,2026-03-08T09:18:49.808654Z,2026-03-08T09:18:53.54600384Z,/var/lib/docker/volumes,3,fabric_peer2.irs3.kit.edu,other,24477,20.391552463864706
run_004,removal,removal_1772961527,remove-irs3-member1-1772961527,remove-irs3-member1-1772961527,10,removal_submit_done,removal_voted,2026-03-08T09:18:49.808654Z,2026-03-08T09:18:53.54600384Z,/var/lib/docker/volumes,4,fabric_peer3.irs3.kit.edu,other,24477,20.391552463864706
run_004,removal,removal_1772961527,remove-irs3-member1-1772961527,remove-irs3-member1-1772961527,10,removal_submit_done,removal_voted,2026-03-08T09:18:49.808654Z,2026-03-08T09:18:53.54600384Z,/var/lib/docker/volumes,5,fabric_orderer.kit.edu,orderer,22127,18.433790144541177
run_004,removal,removal_1772961527,remove-irs3-member1-1772961527,remove-irs3-member1-1772961527,10,removal_voted,removal_approved,2026-03-08T09:18:53.54600384Z,2026-03-08T09:18:55.983592828Z,/var/lib/docker/volumes,1,fabric_peer0.irs3.kit.edu,peer,23723,20.805451531708517
run_004,removal,removal_1772961527,remove-irs3-member1-1772961527,remove-irs3-member1-1772961527,10,removal_voted,removal_approved,2026-03-08T09:18:53.54600384Z,2026-03-08T09:18:55.983592828Z,/var/lib/docker/volumes,2,fabric_peer1.irs3.kit.edu,other,23723,20.805451531708517
run_004,removal,removal_1772961527,remove-irs3-member1-1772961527,remove-irs3-member1-1772961527,10,removal_voted,removal_approved,2026-03-08T09:18:53.54600384Z,2026-03-08T09:18:55.983592828Z,/var/lib/docker/volumes,3,fabric_peer2.irs3.kit.edu,other,23723,20.805451531708517
run_004,removal,removal_1772961527,remove-irs3-member1-1772961527,remove-irs3-member1-1772961527,10,removal_voted,removal_approved,2026-03-08T09:18:53.54600384Z,2026-03-08T09:18:55.983592828Z,/var/lib/docker/volumes,4,fabric_peer3.irs3.kit.edu,other,23723,20.805451531708517
run_004,removal,removal_1772961527,remove-irs3-member1-1772961527,remove-irs3-member1-1772961527,10,removal_voted,removal_approved,2026-03-08T09:18:53.54600384Z,2026-03-08T09:18:55.983592828Z,/var/lib/docker/volumes,5,fabric_orderer.kit.edu,orderer,19131,16.77819387316594
run_004,removal,removal_1772961527,remove-irs3-member1-1772961527,remove-irs3-member1-1772961527,10,removal_approved,reshare_started,2026-03-08T09:18:55.983592828Z,2026-03-08T09:18:56.207463Z,/var/lib/docker/volumes,1,ab96d922f06ec7a94f1b5200e75e480c9ed7eba86fbbe33b5cb9edbe031c6ea8,other,0,0.0
run_004,removal,removal_1772961527,remove-irs3-member1-1772961527,remove-irs3-member1-1772961527,10,removal_approved,reshare_started,2026-03-08T09:18:55.983592828Z,2026-03-08T09:18:56.207463Z,/var/lib/docker/volumes,2,b8143ef8453ad18871b4b4e0ba6041764a2cda76bc6f516fa468de5fd6585e72,other,0,0.0
run_004,removal,removal_1772961527,remove-irs3-member1-1772961527,remove-irs3-member1-1772961527,10,removal_approved,reshare_started,2026-03-08T09:18:55.983592828Z,2026-03-08T09:18:56.207463Z,/var/lib/docker/volumes,3,fabric_orderer.kit.edu,orderer,0,0.0
run_004,removal,removal_1772961527,remove-irs3-member1-1772961527,remove-irs3-member1-1772961527,10,removal_approved,reshare_started,2026-03-08T09:18:55.983592828Z,2026-03-08T09:18:56.207463Z,/var/lib/docker/volumes,4,fabric_peer0.irs1.kit.edu,other,0,0.0
run_004,removal,removal_1772961527,remove-irs3-member1-1772961527,remove-irs3-member1-1772961527,10,removal_approved,reshare_started,2026-03-08T09:18:55.983592828Z,2026-03-08T09:18:56.207463Z,/var/lib/docker/volumes,5,fabric_peer0.irs3.kit.edu,peer,0,0.0
run_004,removal,removal_1772961527,remove-irs3-member1-1772961527,remove-irs3-member1-1772961527,10,reshare_started,reshare_completed,2026-03-08T09:18:56.207463Z,2026-03-08T09:19:17.992968312Z,/var/lib/docker/volumes,1,fabric_peer0.irs3.kit.edu,peer,53358,20.753873021676476
run_004,removal,removal_1772961527,remove-irs3-member1-1772961527,remove-irs3-member1-1772961527,10,reshare_started,reshare_completed,2026-03-08T09:18:56.207463Z,2026-03-08T09:19:17.992968312Z,/var/lib/docker/volumes,2,fabric_peer1.irs3.kit.edu,other,53358,20.753873021676476
run_004,removal,removal_1772961527,remove-irs3-member1-1772961527,remove-irs3-member1-1772961527,10,reshare_started,reshare_completed,2026-03-08T09:18:56.207463Z,2026-03-08T09:19:17.992968312Z,/var/lib/docker/volumes,3,fabric_peer2.irs3.kit.edu,other,53358,20.753873021676476
run_004,removal,removal_1772961527,remove-irs3-member1-1772961527,remove-irs3-member1-1772961527,10,reshare_started,reshare_completed,2026-03-08T09:18:56.207463Z,2026-03-08T09:19:17.992968312Z,/var/lib/docker/volumes,4,fabric_peer3.irs3.kit.edu,other,53358,20.753873021676476
run_004,removal,removal_1772961527,remove-irs3-member1-1772961527,remove-irs3-member1-1772961527,10,reshare_started,reshare_completed,2026-03-08T09:18:56.207463Z,2026-03-08T09:19:17.992968312Z,/var/lib/docker/volumes,5,fabric_orderer.kit.edu,orderer,43667,16.9845079132941
run_004,removal,removal_1772961527,remove-irs3-member1-1772961527,remove-irs3-member1-1772961527,10,reshare_completed,operation_end,2026-03-08T09:19:17.992968312Z,2026-03-08T09:19:18.624093Z,/var/lib/docker/volumes,1,ab96d922f06ec7a94f1b5200e75e480c9ed7eba86fbbe33b5cb9edbe031c6ea8,other,0,0.0
run_004,removal,removal_1772961527,remove-irs3-member1-1772961527,remove-irs3-member1-1772961527,10,reshare_completed,operation_end,2026-03-08T09:19:17.992968312Z,2026-03-08T09:19:18.624093Z,/var/lib/docker/volumes,2,b8143ef8453ad18871b4b4e0ba6041764a2cda76bc6f516fa468de5fd6585e72,other,0,0.0
run_004,removal,removal_1772961527,remove-irs3-member1-1772961527,remove-irs3-member1-1772961527,10,reshare_completed,operation_end,2026-03-08T09:19:17.992968312Z,2026-03-08T09:19:18.624093Z,/var/lib/docker/volumes,3,fabric_orderer.kit.edu,orderer,0,0.0
run_004,removal,removal_1772961527,remove-irs3-member1-1772961527,remove-irs3-member1-1772961527,10,reshare_completed,operation_end,2026-03-08T09:19:17.992968312Z,2026-03-08T09:19:18.624093Z,/var/lib/docker/volumes,4,fabric_peer0.irs1.kit.edu,other,0,0.0
run_004,removal,removal_1772961527,remove-irs3-member1-1772961527,remove-irs3-member1-1772961527,10,reshare_completed,operation_end,2026-03-08T09:19:17.992968312Z,2026-03-08T09:19:18.624093Z,/var/lib/docker/volumes,5,fabric_peer0.irs3.kit.edu,peer,0,0.0
run_004,join,join_1772961576,join-irs3-1772961577,join-irs3-1772961577,11,operation_start,join_submit_done,2026-03-08T09:19:36.826832Z,2026-03-08T09:19:39.213588Z,/var/lib/docker/volumes,1,fabric_peer0.irs3.kit.edu,peer,10214,20.770294452578494
run_004,join,join_1772961576,join-irs3-1772961577,join-irs3-1772961577,11,operation_start,join_submit_done,2026-03-08T09:19:36.826832Z,2026-03-08T09:19:39.213588Z,/var/lib/docker/volumes,2,fabric_peer1.irs3.kit.edu,other,10214,20.770294452578494
run_004,join,join_1772961576,join-irs3-1772961577,join-irs3-1772961577,11,operation_start,join_submit_done,2026-03-08T09:19:36.826832Z,2026-03-08T09:19:39.213588Z,/var/lib/docker/volumes,3,fabric_peer2.irs3.kit.edu,other,10214,20.770294452578494
run_004,join,join_1772961576,join-irs3-1772961577,join-irs3-1772961577,11,operation_start,join_submit_done,2026-03-08T09:19:36.826832Z,2026-03-08T09:19:39.213588Z,/var/lib/docker/volumes,4,fabric_peer3.irs3.kit.edu,other,10214,20.770294452578494
run_004,join,join_1772961576,join-irs3-1772961577,join-irs3-1772961577,11,operation_start,join_submit_done,2026-03-08T09:19:36.826832Z,2026-03-08T09:19:39.213588Z,/var/lib/docker/volumes,5,fabric_orderer.kit.edu,orderer,8320,16.918822189686026
run_004,join,join_1772961576,join-irs3-1772961577,join-irs3-1772961577,11,join_submit_done,join_voted,2026-03-08T09:19:39.213588Z,2026-03-08T09:19:41.531216236Z,/var/lib/docker/volumes,1,fabric_peer0.irs3.kit.edu,peer,19552,20.627736456190327
run_004,join,join_1772961576,join-irs3-1772961577,join-irs3-1772961577,11,join_submit_done,join_voted,2026-03-08T09:19:39.213588Z,2026-03-08T09:19:41.531216236Z,/var/lib/docker/volumes,2,fabric_peer1.irs3.kit.edu,other,19552,20.627736456190327
run_004,join,join_1772961576,join-irs3-1772961577,join-irs3-1772961577,11,join_submit_done,join_voted,2026-03-08T09:19:39.213588Z,2026-03-08T09:19:41.531216236Z,/var/lib/docker/volumes,3,fabric_peer2.irs3.kit.edu,other,19552,20.627736456190327
run_004,join,join_1772961576,join-irs3-1772961577,join-irs3-1772961577,11,join_submit_done,join_voted,2026-03-08T09:19:39.213588Z,2026-03-08T09:19:41.531216236Z,/var/lib/docker/volumes,4,fabric_peer3.irs3.kit.edu,other,19552,20.627736456190327
run_004,join,join_1772961576,join-irs3-1772961577,join-irs3-1772961577,11,join_submit_done,join_voted,2026-03-08T09:19:39.213588Z,2026-03-08T09:19:41.531216236Z,/var/lib/docker/volumes,5,fabric_orderer.kit.edu,orderer,16577,17.489054175238696
run_004,join,join_1772961576,join-irs3-1772961577,join-irs3-1772961577,11,join_voted,join_approved,2026-03-08T09:19:41.531216236Z,2026-03-08T09:19:44.002388144Z,/var/lib/docker/volumes,1,fabric_peer0.irs3.kit.edu,peer,16796,21.42292288462029
run_004,join,join_1772961576,join-irs3-1772961577,join-irs3-1772961577,11,join_voted,join_approved,2026-03-08T09:19:41.531216236Z,2026-03-08T09:19:44.002388144Z,/var/lib/docker/volumes,2,fabric_peer1.irs3.kit.edu,other,16796,21.42292288462029
run_004,join,join_1772961576,join-irs3-1772961577,join-irs3-1772961577,11,join_voted,join_approved,2026-03-08T09:19:41.531216236Z,2026-03-08T09:19:44.002388144Z,/var/lib/docker/volumes,3,fabric_peer2.irs3.kit.edu,other,16796,21.42292288462029
run_004,join,join_1772961576,join-irs3-1772961577,join-irs3-1772961577,11,join_voted,join_approved,2026-03-08T09:19:41.531216236Z,2026-03-08T09:19:44.002388144Z,/var/lib/docker/volumes,4,fabric_peer3.irs3.kit.edu,other,16796,21.42292288462029
run_004,join,join_1772961576,join-irs3-1772961577,join-irs3-1772961577,11,join_voted,join_approved,2026-03-08T09:19:41.531216236Z,2026-03-08T09:19:44.002388144Z,/var/lib/docker/volumes,5,fabric_orderer.kit.edu,orderer,11218,14.30830846151884
run_004,join,join_1772961576,join-irs3-1772961577,join-irs3-1772961577,11,join_approved,reshare_started,2026-03-08T09:19:44.002388144Z,2026-03-08T09:19:45.628453Z,/var/lib/docker/volumes,1,ab96d922f06ec7a94f1b5200e75e480c9ed7eba86fbbe33b5cb9edbe031c6ea8,other,0,0.0
run_004,join,join_1772961576,join-irs3-1772961577,join-irs3-1772961577,11,join_approved,reshare_started,2026-03-08T09:19:44.002388144Z,2026-03-08T09:19:45.628453Z,/var/lib/docker/volumes,2,b8143ef8453ad18871b4b4e0ba6041764a2cda76bc6f516fa468de5fd6585e72,other,0,0.0
run_004,join,join_1772961576,join-irs3-1772961577,join-irs3-1772961577,11,join_approved,reshare_started,2026-03-08T09:19:44.002388144Z,2026-03-08T09:19:45.628453Z,/var/lib/docker/volumes,3,fabric_orderer.kit.edu,orderer,0,0.0
run_004,join,join_1772961576,join-irs3-1772961577,join-irs3-1772961577,11,join_approved,reshare_started,2026-03-08T09:19:44.002388144Z,2026-03-08T09:19:45.628453Z,/var/lib/docker/volumes,4,fabric_peer0.irs1.kit.edu,other,0,0.0
run_004,join,join_1772961576,join-irs3-1772961577,join-irs3-1772961577,11,join_approved,reshare_started,2026-03-08T09:19:44.002388144Z,2026-03-08T09:19:45.628453Z,/var/lib/docker/volumes,5,fabric_peer0.irs3.kit.edu,peer,0,0.0
run_004,join,join_1772961576,join-irs3-1772961577,join-irs3-1772961577,11,reshare_started,reshare_completed,2026-03-08T09:19:45.628453Z,2026-03-08T09:20:07.822837106Z,/var/lib/docker/volumes,1,fabric_peer0.irs3.kit.edu,peer,47104,20.60082833663531
run_004,join,join_1772961576,join-irs3-1772961577,join-irs3-1772961577,11,reshare_started,reshare_completed,2026-03-08T09:19:45.628453Z,2026-03-08T09:20:07.822837106Z,/var/lib/docker/volumes,2,fabric_peer1.irs3.kit.edu,other,47104,20.60082833663531
run_004,join,join_1772961576,join-irs3-1772961577,join-irs3-1772961577,11,reshare_started,reshare_completed,2026-03-08T09:19:45.628453Z,2026-03-08T09:20:07.822837106Z,/var/lib/docker/volumes,3,fabric_peer2.irs3.kit.edu,other,47104,20.60082833663531
run_004,join,join_1772961576,join-irs3-1772961577,join-irs3-1772961577,11,reshare_started,reshare_completed,2026-03-08T09:19:45.628453Z,2026-03-08T09:20:07.822837106Z,/var/lib/docker/volumes,4,fabric_peer3.irs3.kit.edu,other,47104,20.60082833663531
run_004,join,join_1772961576,join-irs3-1772961577,join-irs3-1772961577,11,reshare_started,reshare_completed,2026-03-08T09:19:45.628453Z,2026-03-08T09:20:07.822837106Z,/var/lib/docker/volumes,5,fabric_orderer.kit.edu,orderer,40235,17.596686653458764
run_004,join,join_1772961576,join-irs3-1772961577,join-irs3-1772961577,11,reshare_completed,operation_end,2026-03-08T09:20:07.822837106Z,2026-03-08T09:20:18.158945Z,/var/lib/docker/volumes,1,fabric_peer0.irs3.kit.edu,peer,89506,20.47967271329465
run_004,join,join_1772961576,join-irs3-1772961577,join-irs3-1772961577,11,reshare_completed,operation_end,2026-03-08T09:20:07.822837106Z,2026-03-08T09:20:18.158945Z,/var/lib/docker/volumes,2,fabric_peer1.irs3.kit.edu,other,89506,20.47967271329465
run_004,join,join_1772961576,join-irs3-1772961577,join-irs3-1772961577,11,reshare_completed,operation_end,2026-03-08T09:20:07.822837106Z,2026-03-08T09:20:18.158945Z,/var/lib/docker/volumes,3,fabric_peer2.irs3.kit.edu,other,89506,20.47967271329465
run_004,join,join_1772961576,join-irs3-1772961577,join-irs3-1772961577,11,reshare_completed,operation_end,2026-03-08T09:20:07.822837106Z,2026-03-08T09:20:18.158945Z,/var/lib/docker/volumes,4,fabric_peer3.irs3.kit.edu,other,89506,20.47967271329465
run_004,join,join_1772961576,join-irs3-1772961577,join-irs3-1772961577,11,reshare_completed,operation_end,2026-03-08T09:20:07.822837106Z,2026-03-08T09:20:18.158945Z,/var/lib/docker/volumes,5,fabric_orderer.kit.edu,orderer,79024,18.0813091468214
run_005,csr,csr_1772961625,csr-irs3-1772961625,csr-irs3-1772961625,,operation_start,csr_submit_done,2026-03-08T09:20:25.042386Z,2026-03-08T09:20:27.369348Z,/var/lib/docker/volumes,1,fabric_peer0.irs3.kit.edu,peer,10676,20.832845490379736
run_005,csr,csr_1772961625,csr-irs3-1772961625,csr-irs3-1772961625,,operation_start,csr_submit_done,2026-03-08T09:20:25.042386Z,2026-03-08T09:20:27.369348Z,/var/lib/docker/volumes,2,fabric_peer1.irs3.kit.edu,other,10676,20.832845490379736
run_005,csr,csr_1772961625,csr-irs3-1772961625,csr-irs3-1772961625,,operation_start,csr_submit_done,2026-03-08T09:20:25.042386Z,2026-03-08T09:20:27.369348Z,/var/lib/docker/volumes,3,fabric_peer2.irs3.kit.edu,other,10676,20.832845490379736
run_005,csr,csr_1772961625,csr-irs3-1772961625,csr-irs3-1772961625,,operation_start,csr_submit_done,2026-03-08T09:20:25.042386Z,2026-03-08T09:20:27.369348Z,/var/lib/docker/volumes,4,fabric_peer3.irs3.kit.edu,other,10676,20.832845490379736
run_005,csr,csr_1772961625,csr-irs3-1772961625,csr-irs3-1772961625,,operation_start,csr_submit_done,2026-03-08T09:20:25.042386Z,2026-03-08T09:20:27.369348Z,/var/lib/docker/volumes,5,fabric_orderer.kit.edu,orderer,8542,16.668618038481053
run_005,csr,csr_1772961625,csr-irs3-1772961625,csr-irs3-1772961625,,csr_submit_done,csr_voted,2026-03-08T09:20:27.369348Z,2026-03-08T09:20:29.643096871Z,/var/lib/docker/volumes,1,fabric_peer0.irs3.kit.edu,peer,19771,20.666478514012145
run_005,csr,csr_1772961625,csr-irs3-1772961625,csr-irs3-1772961625,,csr_submit_done,csr_voted,2026-03-08T09:20:27.369348Z,2026-03-08T09:20:29.643096871Z,/var/lib/docker/volumes,2,fabric_peer1.irs3.kit.edu,other,19771,20.666478514012145
run_005,csr,csr_1772961625,csr-irs3-1772961625,csr-irs3-1772961625,,csr_submit_done,csr_voted,2026-03-08T09:20:27.369348Z,2026-03-08T09:20:29.643096871Z,/var/lib/docker/volumes,3,fabric_peer2.irs3.kit.edu,other,19771,20.666478514012145
run_005,csr,csr_1772961625,csr-irs3-1772961625,csr-irs3-1772961625,,csr_submit_done,csr_voted,2026-03-08T09:20:27.369348Z,2026-03-08T09:20:29.643096871Z,/var/lib/docker/volumes,4,fabric_peer3.irs3.kit.edu,other,19771,20.666478514012145
run_005,csr,csr_1772961625,csr-irs3-1772961625,csr-irs3-1772961625,,csr_submit_done,csr_voted,2026-03-08T09:20:27.369348Z,2026-03-08T09:20:29.643096871Z,/var/lib/docker/volumes,5,fabric_orderer.kit.edu,orderer,16583,17.334085943951415
run_005,csr,csr_1772961625,csr-irs3-1772961625,csr-irs3-1772961625,,csr_voted,csr_approved,2026-03-08T09:20:29.643096871Z,2026-03-08T09:20:32.932931915Z,/var/lib/docker/volumes,1,fabric_peer0.irs3.kit.edu,peer,20070,20.764145380055247
run_005,csr,csr_1772961625,csr-irs3-1772961625,csr-irs3-1772961625,,csr_voted,csr_approved,2026-03-08T09:20:29.643096871Z,2026-03-08T09:20:32.932931915Z,/var/lib/docker/volumes,2,fabric_peer1.irs3.kit.edu,other,20070,20.764145380055247
run_005,csr,csr_1772961625,csr-irs3-1772961625,csr-irs3-1772961625,,csr_voted,csr_approved,2026-03-08T09:20:29.643096871Z,2026-03-08T09:20:32.932931915Z,/var/lib/docker/volumes,3,fabric_peer2.irs3.kit.edu,other,20070,20.764145380055247
run_005,csr,csr_1772961625,csr-irs3-1772961625,csr-irs3-1772961625,,csr_voted,csr_approved,2026-03-08T09:20:29.643096871Z,2026-03-08T09:20:32.932931915Z,/var/lib/docker/volumes,4,fabric_peer3.irs3.kit.edu,other,20070,20.764145380055247
run_005,csr,csr_1772961625,csr-irs3-1772961625,csr-irs3-1772961625,,csr_voted,csr_approved,2026-03-08T09:20:29.643096871Z,2026-03-08T09:20:32.932931915Z,/var/lib/docker/volumes,5,fabric_orderer.kit.edu,orderer,16377,16.943418479779012
run_005,csr,csr_1772961625,csr-irs3-1772961625,csr-irs3-1772961625,,csr_approved,cert_registered,2026-03-08T09:20:32.932931915Z,2026-03-08T09:20:42.19699236Z,/var/lib/docker/volumes,1,fabric_peer0.irs3.kit.edu,peer,51643,20.917666786829603
run_005,csr,csr_1772961625,csr-irs3-1772961625,csr-irs3-1772961625,,csr_approved,cert_registered,2026-03-08T09:20:32.932931915Z,2026-03-08T09:20:42.19699236Z,/var/lib/docker/volumes,2,fabric_peer1.irs3.kit.edu,other,51643,20.917666786829603
run_005,csr,csr_1772961625,csr-irs3-1772961625,csr-irs3-1772961625,,csr_approved,cert_registered,2026-03-08T09:20:32.932931915Z,2026-03-08T09:20:42.19699236Z,/var/lib/docker/volumes,3,fabric_peer2.irs3.kit.edu,other,51643,20.917666786829603
run_005,csr,csr_1772961625,csr-irs3-1772961625,csr-irs3-1772961625,,csr_approved,cert_registered,2026-03-08T09:20:32.932931915Z,2026-03-08T09:20:42.19699236Z,/var/lib/docker/volumes,4,fabric_peer3.irs3.kit.edu,other,51643,20.917666786829603
run_005,csr,csr_1772961625,csr-irs3-1772961625,csr-irs3-1772961625,,csr_approved,cert_registered,2026-03-08T09:20:32.932931915Z,2026-03-08T09:20:42.19699236Z,/var/lib/docker/volumes,5,fabric_orderer.kit.edu,orderer,40315,16.329332852681592
run_005,csr,csr_1772961625,csr-irs3-1772961625,csr-irs3-1772961625,,cert_registered,operation_end,2026-03-08T09:20:42.19699236Z,2026-03-08T09:20:44.175560Z,/var/lib/docker/volumes,1,ab96d922f06ec7a94f1b5200e75e480c9ed7eba86fbbe33b5cb9edbe031c6ea8,other,0,0.0
run_005,csr,csr_1772961625,csr-irs3-1772961625,csr-irs3-1772961625,,cert_registered,operation_end,2026-03-08T09:20:42.19699236Z,2026-03-08T09:20:44.175560Z,/var/lib/docker/volumes,2,b8143ef8453ad18871b4b4e0ba6041764a2cda76bc6f516fa468de5fd6585e72,other,0,0.0
run_005,csr,csr_1772961625,csr-irs3-1772961625,csr-irs3-1772961625,,cert_registered,operation_end,2026-03-08T09:20:42.19699236Z,2026-03-08T09:20:44.175560Z,/var/lib/docker/volumes,3,fabric_orderer.kit.edu,orderer,0,0.0
run_005,csr,csr_1772961625,csr-irs3-1772961625,csr-irs3-1772961625,,cert_registered,operation_end,2026-03-08T09:20:42.19699236Z,2026-03-08T09:20:44.175560Z,/var/lib/docker/volumes,4,fabric_peer0.irs1.kit.edu,other,0,0.0
run_005,csr,csr_1772961625,csr-irs3-1772961625,csr-irs3-1772961625,,cert_registered,operation_end,2026-03-08T09:20:42.19699236Z,2026-03-08T09:20:44.175560Z,/var/lib/docker/volumes,5,fabric_peer0.irs3.kit.edu,peer,0,0.0
run_005,revocation,revocation_1772961664,revoke-irs3-1772961664,revoke-irs3-1772961664,,operation_start,revocation_submit_done,2026-03-08T09:21:04.492712Z,2026-03-08T09:21:06.821546Z,/var/lib/docker/volumes,1,fabric_peer0.irs3.kit.edu,peer,8235,20.516206183512296
run_005,revocation,revocation_1772961664,revoke-irs3-1772961664,revoke-irs3-1772961664,,operation_start,revocation_submit_done,2026-03-08T09:21:04.492712Z,2026-03-08T09:21:06.821546Z,/var/lib/docker/volumes,2,fabric_peer1.irs3.kit.edu,other,8235,20.516206183512296
run_005,revocation,revocation_1772961664,revoke-irs3-1772961664,revoke-irs3-1772961664,,operation_start,revocation_submit_done,2026-03-08T09:21:04.492712Z,2026-03-08T09:21:06.821546Z,/var/lib/docker/volumes,3,fabric_peer2.irs3.kit.edu,other,8235,20.516206183512296
run_005,revocation,revocation_1772961664,revoke-irs3-1772961664,revoke-irs3-1772961664,,operation_start,revocation_submit_done,2026-03-08T09:21:04.492712Z,2026-03-08T09:21:06.821546Z,/var/lib/docker/volumes,4,fabric_peer3.irs3.kit.edu,other,8235,20.516206183512296
run_005,revocation,revocation_1772961664,revoke-irs3-1772961664,revoke-irs3-1772961664,,operation_start,revocation_submit_done,2026-03-08T09:21:04.492712Z,2026-03-08T09:21:06.821546Z,/var/lib/docker/volumes,5,fabric_orderer.kit.edu,orderer,7199,17.93517526595082
run_005,revocation,revocation_1772961664,revoke-irs3-1772961664,revoke-irs3-1772961664,,revocation_submit_done,revocation_voted,2026-03-08T09:21:06.821546Z,2026-03-08T09:21:09.589406659Z,/var/lib/docker/volumes,1,fabric_peer0.irs3.kit.edu,peer,16578,20.522406536271355
run_005,revocation,revocation_1772961664,revoke-irs3-1772961664,revoke-irs3-1772961664,,revocation_submit_done,revocation_voted,2026-03-08T09:21:06.821546Z,2026-03-08T09:21:09.589406659Z,/var/lib/docker/volumes,2,fabric_peer1.irs3.kit.edu,other,16578,20.522406536271355
run_005,revocation,revocation_1772961664,revoke-irs3-1772961664,revoke-irs3-1772961664,,revocation_submit_done,revocation_voted,2026-03-08T09:21:06.821546Z,2026-03-08T09:21:09.589406659Z,/var/lib/docker/volumes,3,fabric_peer2.irs3.kit.edu,other,16578,20.522406536271355
run_005,revocation,revocation_1772961664,revoke-irs3-1772961664,revoke-irs3-1772961664,,revocation_submit_done,revocation_voted,2026-03-08T09:21:06.821546Z,2026-03-08T09:21:09.589406659Z,/var/lib/docker/volumes,4,fabric_peer3.irs3.kit.edu,other,16578,20.522406536271355
run_005,revocation,revocation_1772961664,revoke-irs3-1772961664,revoke-irs3-1772961664,,revocation_submit_done,revocation_voted,2026-03-08T09:21:06.821546Z,2026-03-08T09:21:09.589406659Z,/var/lib/docker/volumes,5,fabric_orderer.kit.edu,orderer,14468,17.91037385491458
run_005,revocation,revocation_1772961664,revoke-irs3-1772961664,revoke-irs3-1772961664,,revocation_voted,revocation_executed,2026-03-08T09:21:09.589406659Z,2026-03-08T09:21:11.836950041Z,/var/lib/docker/volumes,1,fabric_peer0.irs3.kit.edu,peer,26755,20.8852113500644
run_005,revocation,revocation_1772961664,revoke-irs3-1772961664,revoke-irs3-1772961664,,revocation_voted,revocation_executed,2026-03-08T09:21:09.589406659Z,2026-03-08T09:21:11.836950041Z,/var/lib/docker/volumes,2,fabric_peer1.irs3.kit.edu,other,26755,20.8852113500644
run_005,revocation,revocation_1772961664,revoke-irs3-1772961664,revoke-irs3-1772961664,,revocation_voted,revocation_executed,2026-03-08T09:21:09.589406659Z,2026-03-08T09:21:11.836950041Z,/var/lib/docker/volumes,3,fabric_peer2.irs3.kit.edu,other,26755,20.8852113500644
run_005,revocation,revocation_1772961664,revoke-irs3-1772961664,revoke-irs3-1772961664,,revocation_voted,revocation_executed,2026-03-08T09:21:09.589406659Z,2026-03-08T09:21:11.836950041Z,/var/lib/docker/volumes,4,fabric_peer3.irs3.kit.edu,other,26755,20.8852113500644
run_005,revocation,revocation_1772961664,revoke-irs3-1772961664,revoke-irs3-1772961664,,revocation_voted,revocation_executed,2026-03-08T09:21:09.589406659Z,2026-03-08T09:21:11.836950041Z,/var/lib/docker/volumes,5,fabric_orderer.kit.edu,orderer,21085,16.459154599742398
run_005,revocation,revocation_1772961664,revoke-irs3-1772961664,revoke-irs3-1772961664,,revocation_executed,operation_end,2026-03-08T09:21:11.836950041Z,2026-03-08T09:21:13.217355Z,/var/lib/docker/volumes,1,ab96d922f06ec7a94f1b5200e75e480c9ed7eba86fbbe33b5cb9edbe031c6ea8,other,0,0.0
run_005,revocation,revocation_1772961664,revoke-irs3-1772961664,revoke-irs3-1772961664,,revocation_executed,operation_end,2026-03-08T09:21:11.836950041Z,2026-03-08T09:21:13.217355Z,/var/lib/docker/volumes,2,b8143ef8453ad18871b4b4e0ba6041764a2cda76bc6f516fa468de5fd6585e72,other,0,0.0
run_005,revocation,revocation_1772961664,revoke-irs3-1772961664,revoke-irs3-1772961664,,revocation_executed,operation_end,2026-03-08T09:21:11.836950041Z,2026-03-08T09:21:13.217355Z,/var/lib/docker/volumes,3,fabric_orderer.kit.edu,orderer,0,0.0
run_005,revocation,revocation_1772961664,revoke-irs3-1772961664,revoke-irs3-1772961664,,revocation_executed,operation_end,2026-03-08T09:21:11.836950041Z,2026-03-08T09:21:13.217355Z,/var/lib/docker/volumes,4,fabric_peer0.irs1.kit.edu,other,0,0.0
run_005,revocation,revocation_1772961664,revoke-irs3-1772961664,revoke-irs3-1772961664,,revocation_executed,operation_end,2026-03-08T09:21:11.836950041Z,2026-03-08T09:21:13.217355Z,/var/lib/docker/volumes,5,fabric_peer0.irs3.kit.edu,peer,0,0.0
run_005,removal,removal_1772961691,remove-irs3-member1-1772961691,remove-irs3-member1-1772961691,12,operation_start,removal_submit_done,2026-03-08T09:21:31.491013Z,2026-03-08T09:21:33.858195Z,/var/lib/docker/volumes,1,fabric_peer0.irs3.kit.edu,peer,9149,20.495989963708052
run_005,removal,removal_1772961691,remove-irs3-member1-1772961691,remove-irs3-member1-1772961691,12,operation_start,removal_submit_done,2026-03-08T09:21:31.491013Z,2026-03-08T09:21:33.858195Z,/var/lib/docker/volumes,2,fabric_peer1.irs3.kit.edu,other,9149,20.495989963708052
run_005,removal,removal_1772961691,remove-irs3-member1-1772961691,remove-irs3-member1-1772961691,12,operation_start,removal_submit_done,2026-03-08T09:21:31.491013Z,2026-03-08T09:21:33.858195Z,/var/lib/docker/volumes,3,fabric_peer2.irs3.kit.edu,other,9149,20.495989963708052
run_005,removal,removal_1772961691,remove-irs3-member1-1772961691,remove-irs3-member1-1772961691,12,operation_start,removal_submit_done,2026-03-08T09:21:31.491013Z,2026-03-08T09:21:33.858195Z,/var/lib/docker/volumes,4,fabric_peer3.irs3.kit.edu,other,9149,20.495989963708052
run_005,removal,removal_1772961691,remove-irs3-member1-1772961691,remove-irs3-member1-1772961691,12,operation_start,removal_submit_done,2026-03-08T09:21:31.491013Z,2026-03-08T09:21:33.858195Z,/var/lib/docker/volumes,5,fabric_orderer.kit.edu,orderer,8042,18.016040145167793
run_005,removal,removal_1772961691,remove-irs3-member1-1772961691,remove-irs3-member1-1772961691,12,removal_submit_done,removal_voted,2026-03-08T09:21:33.858195Z,2026-03-08T09:21:36.552899625Z,/var/lib/docker/volumes,1,fabric_peer0.irs3.kit.edu,peer,17406,20.52376516643281
run_005,removal,removal_1772961691,remove-irs3-member1-1772961691,remove-irs3-member1-1772961691,12,removal_submit_done,removal_voted,2026-03-08T09:21:33.858195Z,2026-03-08T09:21:36.552899625Z,/var/lib/docker/volumes,2,fabric_peer1.irs3.kit.edu,other,17406,20.52376516643281
run_005,removal,removal_1772961691,remove-irs3-member1-1772961691,remove-irs3-member1-1772961691,12,removal_submit_done,removal_voted,2026-03-08T09:21:33.858195Z,2026-03-08T09:21:36.552899625Z,/var/lib/docker/volumes,3,fabric_peer2.irs3.kit.edu,other,17406,20.52376516643281
run_005,removal,removal_1772961691,remove-irs3-member1-1772961691,remove-irs3-member1-1772961691,12,removal_submit_done,removal_voted,2026-03-08T09:21:33.858195Z,2026-03-08T09:21:36.552899625Z,/var/lib/docker/volumes,4,fabric_peer3.irs3.kit.edu,other,17406,20.52376516643281
run_005,removal,removal_1772961691,remove-irs3-member1-1772961691,remove-irs3-member1-1772961691,12,removal_submit_done,removal_voted,2026-03-08T09:21:33.858195Z,2026-03-08T09:21:36.552899625Z,/var/lib/docker/volumes,5,fabric_orderer.kit.edu,orderer,15185,17.904939334268768
run_005,removal,removal_1772961691,remove-irs3-member1-1772961691,remove-irs3-member1-1772961691,12,removal_voted,removal_approved,2026-03-08T09:21:36.552899625Z,2026-03-08T09:21:38.971989022Z,/var/lib/docker/volumes,1,fabric_peer0.irs3.kit.edu,peer,23797,20.80284632800958
run_005,removal,removal_1772961691,remove-irs3-member1-1772961691,remove-irs3-member1-1772961691,12,removal_voted,removal_approved,2026-03-08T09:21:36.552899625Z,2026-03-08T09:21:38.971989022Z,/var/lib/docker/volumes,2,fabric_peer1.irs3.kit.edu,other,23797,20.80284632800958
run_005,removal,removal_1772961691,remove-irs3-member1-1772961691,remove-irs3-member1-1772961691,12,removal_voted,removal_approved,2026-03-08T09:21:36.552899625Z,2026-03-08T09:21:38.971989022Z,/var/lib/docker/volumes,3,fabric_peer2.irs3.kit.edu,other,23797,20.80284632800958
run_005,removal,removal_1772961691,remove-irs3-member1-1772961691,remove-irs3-member1-1772961691,12,removal_voted,removal_approved,2026-03-08T09:21:36.552899625Z,2026-03-08T09:21:38.971989022Z,/var/lib/docker/volumes,4,fabric_peer3.irs3.kit.edu,other,23797,20.80284632800958
run_005,removal,removal_1772961691,remove-irs3-member1-1772961691,remove-irs3-member1-1772961691,12,removal_voted,removal_approved,2026-03-08T09:21:36.552899625Z,2026-03-08T09:21:38.971989022Z,/var/lib/docker/volumes,5,fabric_orderer.kit.edu,orderer,19205,16.788614687961676
run_005,removal,removal_1772961691,remove-irs3-member1-1772961691,remove-irs3-member1-1772961691,12,removal_approved,reshare_started,2026-03-08T09:21:38.971989022Z,2026-03-08T09:21:40.241884Z,/var/lib/docker/volumes,1,ab96d922f06ec7a94f1b5200e75e480c9ed7eba86fbbe33b5cb9edbe031c6ea8,other,0,0.0
run_005,removal,removal_1772961691,remove-irs3-member1-1772961691,remove-irs3-member1-1772961691,12,removal_approved,reshare_started,2026-03-08T09:21:38.971989022Z,2026-03-08T09:21:40.241884Z,/var/lib/docker/volumes,2,b8143ef8453ad18871b4b4e0ba6041764a2cda76bc6f516fa468de5fd6585e72,other,0,0.0
run_005,removal,removal_1772961691,remove-irs3-member1-1772961691,remove-irs3-member1-1772961691,12,removal_approved,reshare_started,2026-03-08T09:21:38.971989022Z,2026-03-08T09:21:40.241884Z,/var/lib/docker/volumes,3,fabric_orderer.kit.edu,orderer,0,0.0
run_005,removal,removal_1772961691,remove-irs3-member1-1772961691,remove-irs3-member1-1772961691,12,removal_approved,reshare_started,2026-03-08T09:21:38.971989022Z,2026-03-08T09:21:40.241884Z,/var/lib/docker/volumes,4,fabric_peer0.irs1.kit.edu,other,0,0.0
run_005,removal,removal_1772961691,remove-irs3-member1-1772961691,remove-irs3-member1-1772961691,12,removal_approved,reshare_started,2026-03-08T09:21:38.971989022Z,2026-03-08T09:21:40.241884Z,/var/lib/docker/volumes,5,fabric_peer0.irs3.kit.edu,peer,0,0.0
run_005,removal,removal_1772961691,remove-irs3-member1-1772961691,remove-irs3-member1-1772961691,12,reshare_started,reshare_completed,2026-03-08T09:21:40.241884Z,2026-03-08T09:22:02.297052477Z,/var/lib/docker/volumes,1,fabric_peer0.irs3.kit.edu,peer,61338,20.661638635222943
run_005,removal,removal_1772961691,remove-irs3-member1-1772961691,remove-irs3-member1-1772961691,12,reshare_started,reshare_completed,2026-03-08T09:21:40.241884Z,2026-03-08T09:22:02.297052477Z,/var/lib/docker/volumes,2,fabric_peer1.irs3.kit.edu,other,61338,20.661638635222943
run_005,removal,removal_1772961691,remove-irs3-member1-1772961691,remove-irs3-member1-1772961691,12,reshare_started,reshare_completed,2026-03-08T09:21:40.241884Z,2026-03-08T09:22:02.297052477Z,/var/lib/docker/volumes,3,fabric_peer2.irs3.kit.edu,other,61338,20.661638635222943
run_005,removal,removal_1772961691,remove-irs3-member1-1772961691,remove-irs3-member1-1772961691,12,reshare_started,reshare_completed,2026-03-08T09:21:40.241884Z,2026-03-08T09:22:02.297052477Z,/var/lib/docker/volumes,4,fabric_peer3.irs3.kit.edu,other,61338,20.661638635222943
run_005,removal,removal_1772961691,remove-irs3-member1-1772961691,remove-irs3-member1-1772961691,12,reshare_started,reshare_completed,2026-03-08T09:21:40.241884Z,2026-03-08T09:22:02.297052477Z,/var/lib/docker/volumes,5,fabric_orderer.kit.edu,orderer,51517,17.353445459108226
run_005,removal,removal_1772961691,remove-irs3-member1-1772961691,remove-irs3-member1-1772961691,12,reshare_completed,operation_end,2026-03-08T09:22:02.297052477Z,2026-03-08T09:22:02.654919Z,/var/lib/docker/volumes,1,ab96d922f06ec7a94f1b5200e75e480c9ed7eba86fbbe33b5cb9edbe031c6ea8,other,0,0.0
run_005,removal,removal_1772961691,remove-irs3-member1-1772961691,remove-irs3-member1-1772961691,12,reshare_completed,operation_end,2026-03-08T09:22:02.297052477Z,2026-03-08T09:22:02.654919Z,/var/lib/docker/volumes,2,b8143ef8453ad18871b4b4e0ba6041764a2cda76bc6f516fa468de5fd6585e72,other,0,0.0
run_005,removal,removal_1772961691,remove-irs3-member1-1772961691,remove-irs3-member1-1772961691,12,reshare_completed,operation_end,2026-03-08T09:22:02.297052477Z,2026-03-08T09:22:02.654919Z,/var/lib/docker/volumes,3,fabric_orderer.kit.edu,orderer,0,0.0
run_005,removal,removal_1772961691,remove-irs3-member1-1772961691,remove-irs3-member1-1772961691,12,reshare_completed,operation_end,2026-03-08T09:22:02.297052477Z,2026-03-08T09:22:02.654919Z,/var/lib/docker/volumes,4,fabric_peer0.irs1.kit.edu,other,0,0.0
run_005,removal,removal_1772961691,remove-irs3-member1-1772961691,remove-irs3-member1-1772961691,12,reshare_completed,operation_end,2026-03-08T09:22:02.297052477Z,2026-03-08T09:22:02.654919Z,/var/lib/docker/volumes,5,fabric_peer0.irs3.kit.edu,peer,0,0.0
run_005,join,join_1772961740,join-irs3-1772961741,join-irs3-1772961741,13,operation_start,join_submit_done,2026-03-08T09:22:20.893973Z,2026-03-08T09:22:23.243381Z,/var/lib/docker/volumes,1,fabric_peer0.irs3.kit.edu,peer,10355,20.757326704887145
run_005,join,join_1772961740,join-irs3-1772961741,join-irs3-1772961741,13,operation_start,join_submit_done,2026-03-08T09:22:20.893973Z,2026-03-08T09:22:23.243381Z,/var/lib/docker/volumes,2,fabric_peer1.irs3.kit.edu,other,10355,20.757326704887145
run_005,join,join_1772961740,join-irs3-1772961741,join-irs3-1772961741,13,operation_start,join_submit_done,2026-03-08T09:22:20.893973Z,2026-03-08T09:22:23.243381Z,/var/lib/docker/volumes,3,fabric_peer2.irs3.kit.edu,other,10355,20.757326704887145
run_005,join,join_1772961740,join-irs3-1772961741,join-irs3-1772961741,13,operation_start,join_submit_done,2026-03-08T09:22:20.893973Z,2026-03-08T09:22:23.243381Z,/var/lib/docker/volumes,4,fabric_peer3.irs3.kit.edu,other,10355,20.757326704887145
run_005,join,join_1772961740,join-irs3-1772961741,join-irs3-1772961741,13,operation_start,join_submit_done,2026-03-08T09:22:20.893973Z,2026-03-08T09:22:23.243381Z,/var/lib/docker/volumes,5,fabric_orderer.kit.edu,orderer,8466,16.97069318045143
run_005,join,join_1772961740,join-irs3-1772961741,join-irs3-1772961741,13,join_submit_done,join_voted,2026-03-08T09:22:23.243381Z,2026-03-08T09:22:26.553371593Z,/var/lib/docker/volumes,1,fabric_peer0.irs3.kit.edu,peer,19633,20.625499012480564
run_005,join,join_1772961740,join-irs3-1772961741,join-irs3-1772961741,13,join_submit_done,join_voted,2026-03-08T09:22:23.243381Z,2026-03-08T09:22:26.553371593Z,/var/lib/docker/volumes,2,fabric_peer1.irs3.kit.edu,other,19633,20.625499012480564
run_005,join,join_1772961740,join-irs3-1772961741,join-irs3-1772961741,13,join_submit_done,join_voted,2026-03-08T09:22:23.243381Z,2026-03-08T09:22:26.553371593Z,/var/lib/docker/volumes,3,fabric_peer2.irs3.kit.edu,other,19633,20.625499012480564
run_005,join,join_1772961740,join-irs3-1772961741,join-irs3-1772961741,13,join_submit_done,join_voted,2026-03-08T09:22:23.243381Z,2026-03-08T09:22:26.553371593Z,/var/lib/docker/volumes,4,fabric_peer3.irs3.kit.edu,other,19633,20.625499012480564
run_005,join,join_1772961740,join-irs3-1772961741,join-irs3-1772961741,13,join_submit_done,join_voted,2026-03-08T09:22:23.243381Z,2026-03-08T09:22:26.553371593Z,/var/lib/docker/volumes,5,fabric_orderer.kit.edu,orderer,16656,17.498003950077738
run_005,join,join_1772961740,join-irs3-1772961741,join-irs3-1772961741,13,join_voted,join_approved,2026-03-08T09:22:26.553371593Z,2026-03-08T09:22:29.068918095Z,/var/lib/docker/volumes,1,fabric_peer0.irs3.kit.edu,peer,16841,21.42130300948892
run_005,join,join_1772961740,join-irs3-1772961741,join-irs3-1772961741,13,join_voted,join_approved,2026-03-08T09:22:26.553371593Z,2026-03-08T09:22:29.068918095Z,/var/lib/docker/volumes,2,fabric_peer1.irs3.kit.edu,other,16841,21.42130300948892
run_005,join,join_1772961740,join-irs3-1772961741,join-irs3-1772961741,13,join_voted,join_approved,2026-03-08T09:22:26.553371593Z,2026-03-08T09:22:29.068918095Z,/var/lib/docker/volumes,3,fabric_peer2.irs3.kit.edu,other,16841,21.42130300948892
run_005,join,join_1772961740,join-irs3-1772961741,join-irs3-1772961741,13,join_voted,join_approved,2026-03-08T09:22:26.553371593Z,2026-03-08T09:22:29.068918095Z,/var/lib/docker/volumes,4,fabric_peer3.irs3.kit.edu,other,16841,21.42130300948892
run_005,join,join_1772961740,join-irs3-1772961741,join-irs3-1772961741,13,join_voted,join_approved,2026-03-08T09:22:26.553371593Z,2026-03-08T09:22:29.068918095Z,/var/lib/docker/volumes,5,fabric_orderer.kit.edu,orderer,11254,14.314787962044315
run_005,join,join_1772961740,join-irs3-1772961741,join-irs3-1772961741,13,join_approved,reshare_started,2026-03-08T09:22:29.068918095Z,2026-03-08T09:22:29.627471Z,/var/lib/docker/volumes,1,ab96d922f06ec7a94f1b5200e75e480c9ed7eba86fbbe33b5cb9edbe031c6ea8,other,0,0.0
run_005,join,join_1772961740,join-irs3-1772961741,join-irs3-1772961741,13,join_approved,reshare_started,2026-03-08T09:22:29.068918095Z,2026-03-08T09:22:29.627471Z,/var/lib/docker/volumes,2,b8143ef8453ad18871b4b4e0ba6041764a2cda76bc6f516fa468de5fd6585e72,other,0,0.0
run_005,join,join_1772961740,join-irs3-1772961741,join-irs3-1772961741,13,join_approved,reshare_started,2026-03-08T09:22:29.068918095Z,2026-03-08T09:22:29.627471Z,/var/lib/docker/volumes,3,fabric_orderer.kit.edu,orderer,0,0.0
run_005,join,join_1772961740,join-irs3-1772961741,join-irs3-1772961741,13,join_approved,reshare_started,2026-03-08T09:22:29.068918095Z,2026-03-08T09:22:29.627471Z,/var/lib/docker/volumes,4,fabric_peer0.irs1.kit.edu,other,0,0.0
run_005,join,join_1772961740,join-irs3-1772961741,join-irs3-1772961741,13,join_approved,reshare_started,2026-03-08T09:22:29.068918095Z,2026-03-08T09:22:29.627471Z,/var/lib/docker/volumes,5,fabric_peer0.irs3.kit.edu,peer,0,0.0
run_005,join,join_1772961740,join-irs3-1772961741,join-irs3-1772961741,13,reshare_started,reshare_completed,2026-03-08T09:22:29.627471Z,2026-03-08T09:22:52.64197825Z,/var/lib/docker/volumes,1,fabric_peer0.irs3.kit.edu,peer,47109,20.60076265108713
run_005,join,join_1772961740,join-irs3-1772961741,join-irs3-1772961741,13,reshare_started,reshare_completed,2026-03-08T09:22:29.627471Z,2026-03-08T09:22:52.64197825Z,/var/lib/docker/volumes,2,fabric_peer1.irs3.kit.edu,other,47109,20.60076265108713
run_005,join,join_1772961740,join-irs3-1772961741,join-irs3-1772961741,13,reshare_started,reshare_completed,2026-03-08T09:22:29.627471Z,2026-03-08T09:22:52.64197825Z,/var/lib/docker/volumes,3,fabric_peer2.irs3.kit.edu,other,47109,20.60076265108713
run_005,join,join_1772961740,join-irs3-1772961741,join-irs3-1772961741,13,reshare_started,reshare_completed,2026-03-08T09:22:29.627471Z,2026-03-08T09:22:52.64197825Z,/var/lib/docker/volumes,4,fabric_peer3.irs3.kit.edu,other,47109,20.60076265108713
run_005,join,join_1772961740,join-irs3-1772961741,join-irs3-1772961741,13,reshare_started,reshare_completed,2026-03-08T09:22:29.627471Z,2026-03-08T09:22:52.64197825Z,/var/lib/docker/volumes,5,fabric_orderer.kit.edu,orderer,40240,17.59694939565149
run_005,join,join_1772961740,join-irs3-1772961741,join-irs3-1772961741,13,reshare_completed,operation_end,2026-03-08T09:22:52.64197825Z,2026-03-08T09:23:02.091539Z,/var/lib/docker/volumes,1,fabric_peer0.irs3.kit.edu,peer,81991,20.518165574746874
run_005,join,join_1772961740,join-irs3-1772961741,join-irs3-1772961741,13,reshare_completed,operation_end,2026-03-08T09:22:52.64197825Z,2026-03-08T09:23:02.091539Z,/var/lib/docker/volumes,2,fabric_peer1.irs3.kit.edu,other,81991,20.518165574746874
run_005,join,join_1772961740,join-irs3-1772961741,join-irs3-1772961741,13,reshare_completed,operation_end,2026-03-08T09:22:52.64197825Z,2026-03-08T09:23:02.091539Z,/var/lib/docker/volumes,3,fabric_peer2.irs3.kit.edu,other,81991,20.518165574746874
run_005,join,join_1772961740,join-irs3-1772961741,join-irs3-1772961741,13,reshare_completed,operation_end,2026-03-08T09:22:52.64197825Z,2026-03-08T09:23:02.091539Z,/var/lib/docker/volumes,4,fabric_peer3.irs3.kit.edu,other,81991,20.518165574746874
run_005,join,join_1772961740,join-irs3-1772961741,join-irs3-1772961741,13,reshare_completed,operation_end,2026-03-08T09:22:52.64197825Z,2026-03-08T09:23:02.091539Z,/var/lib/docker/volumes,5,fabric_orderer.kit.edu,orderer,71638,17.927337701012508
run_006,csr,csr_1772961788,csr-irs3-1772961789,csr-irs3-1772961789,,operation_start,csr_submit_done,2026-03-08T09:23:08.951972Z,2026-03-08T09:23:11.271002Z,/var/lib/docker/volumes,1,fabric_peer0.irs3.kit.edu,peer,10690,20.834145390762036
run_006,csr,csr_1772961788,csr-irs3-1772961789,csr-irs3-1772961789,,operation_start,csr_submit_done,2026-03-08T09:23:08.951972Z,2026-03-08T09:23:11.271002Z,/var/lib/docker/volumes,2,fabric_peer1.irs3.kit.edu,other,10690,20.834145390762036
run_006,csr,csr_1772961788,csr-irs3-1772961789,csr-irs3-1772961789,,operation_start,csr_submit_done,2026-03-08T09:23:08.951972Z,2026-03-08T09:23:11.271002Z,/var/lib/docker/volumes,3,fabric_peer2.irs3.kit.edu,other,10690,20.834145390762036
run_006,csr,csr_1772961788,csr-irs3-1772961789,csr-irs3-1772961789,,operation_start,csr_submit_done,2026-03-08T09:23:08.951972Z,2026-03-08T09:23:11.271002Z,/var/lib/docker/volumes,4,fabric_peer3.irs3.kit.edu,other,10690,20.834145390762036
run_006,csr,csr_1772961788,csr-irs3-1772961789,csr-irs3-1772961789,,operation_start,csr_submit_done,2026-03-08T09:23:08.951972Z,2026-03-08T09:23:11.271002Z,/var/lib/docker/volumes,5,fabric_orderer.kit.edu,orderer,8550,16.66341843695186
run_006,csr,csr_1772961788,csr-irs3-1772961789,csr-irs3-1772961789,,csr_submit_done,csr_voted,2026-03-08T09:23:11.271002Z,2026-03-08T09:23:14.524239825Z,/var/lib/docker/volumes,1,fabric_peer0.irs3.kit.edu,peer,27699,20.491669872458793
run_006,csr,csr_1772961788,csr-irs3-1772961789,csr-irs3-1772961789,,csr_submit_done,csr_voted,2026-03-08T09:23:11.271002Z,2026-03-08T09:23:14.524239825Z,/var/lib/docker/volumes,2,fabric_peer1.irs3.kit.edu,other,27699,20.491669872458793
run_006,csr,csr_1772961788,csr-irs3-1772961789,csr-irs3-1772961789,,csr_submit_done,csr_voted,2026-03-08T09:23:11.271002Z,2026-03-08T09:23:14.524239825Z,/var/lib/docker/volumes,3,fabric_peer2.irs3.kit.edu,other,27699,20.491669872458793
run_006,csr,csr_1772961788,csr-irs3-1772961789,csr-irs3-1772961789,,csr_submit_done,csr_voted,2026-03-08T09:23:11.271002Z,2026-03-08T09:23:14.524239825Z,/var/lib/docker/volumes,4,fabric_peer3.irs3.kit.edu,other,27699,20.491669872458793
run_006,csr,csr_1772961788,csr-irs3-1772961789,csr-irs3-1772961789,,csr_submit_done,csr_voted,2026-03-08T09:23:11.271002Z,2026-03-08T09:23:14.524239825Z,/var/lib/docker/volumes,5,fabric_orderer.kit.edu,orderer,24376,18.033320510164828
run_006,csr,csr_1772961788,csr-irs3-1772961789,csr-irs3-1772961789,,csr_voted,csr_approved,2026-03-08T09:23:14.524239825Z,2026-03-08T09:23:17.098758358Z,/var/lib/docker/volumes,1,fabric_peer0.irs3.kit.edu,peer,20082,20.76495951856562
run_006,csr,csr_1772961788,csr-irs3-1772961789,csr-irs3-1772961789,,csr_voted,csr_approved,2026-03-08T09:23:14.524239825Z,2026-03-08T09:23:17.098758358Z,/var/lib/docker/volumes,2,fabric_peer1.irs3.kit.edu,other,20082,20.76495951856562
run_006,csr,csr_1772961788,csr-irs3-1772961789,csr-irs3-1772961789,,csr_voted,csr_approved,2026-03-08T09:23:14.524239825Z,2026-03-08T09:23:17.098758358Z,/var/lib/docker/volumes,3,fabric_peer2.irs3.kit.edu,other,20082,20.76495951856562
run_006,csr,csr_1772961788,csr-irs3-1772961789,csr-irs3-1772961789,,csr_voted,csr_approved,2026-03-08T09:23:14.524239825Z,2026-03-08T09:23:17.098758358Z,/var/lib/docker/volumes,4,fabric_peer3.irs3.kit.edu,other,20082,20.76495951856562
run_006,csr,csr_1772961788,csr-irs3-1772961789,csr-irs3-1772961789,,csr_voted,csr_approved,2026-03-08T09:23:14.524239825Z,2026-03-08T09:23:17.098758358Z,/var/lib/docker/volumes,5,fabric_orderer.kit.edu,orderer,16383,16.940161925737506
run_006,csr,csr_1772961788,csr-irs3-1772961789,csr-irs3-1772961789,,csr_approved,cert_registered,2026-03-08T09:23:17.098758358Z,2026-03-08T09:23:26.673292316Z,/var/lib/docker/volumes,1,fabric_peer0.irs3.kit.edu,peer,51648,20.918166906299994
run_006,csr,csr_1772961788,csr-irs3-1772961789,csr-irs3-1772961789,,csr_approved,cert_registered,2026-03-08T09:23:17.098758358Z,2026-03-08T09:23:26.673292316Z,/var/lib/docker/volumes,2,fabric_peer1.irs3.kit.edu,other,51648,20.918166906299994
run_006,csr,csr_1772961788,csr-irs3-1772961789,csr-irs3-1772961789,,csr_approved,cert_registered,2026-03-08T09:23:17.098758358Z,2026-03-08T09:23:26.673292316Z,/var/lib/docker/volumes,3,fabric_peer2.irs3.kit.edu,other,51648,20.918166906299994
run_006,csr,csr_1772961788,csr-irs3-1772961789,csr-irs3-1772961789,,csr_approved,cert_registered,2026-03-08T09:23:17.098758358Z,2026-03-08T09:23:26.673292316Z,/var/lib/docker/volumes,4,fabric_peer3.irs3.kit.edu,other,51648,20.918166906299994
run_006,csr,csr_1772961788,csr-irs3-1772961789,csr-irs3-1772961789,,csr_approved,cert_registered,2026-03-08T09:23:17.098758358Z,2026-03-08T09:23:26.673292316Z,/var/lib/docker/volumes,5,fabric_orderer.kit.edu,orderer,40313,16.327332374800026
run_006,csr,csr_1772961788,csr-irs3-1772961789,csr-irs3-1772961789,,cert_registered,operation_end,2026-03-08T09:23:26.673292316Z,2026-03-08T09:23:27.979648Z,/var/lib/docker/volumes,1,ab96d922f06ec7a94f1b5200e75e480c9ed7eba86fbbe33b5cb9edbe031c6ea8,other,0,0.0
run_006,csr,csr_1772961788,csr-irs3-1772961789,csr-irs3-1772961789,,cert_registered,operation_end,2026-03-08T09:23:26.673292316Z,2026-03-08T09:23:27.979648Z,/var/lib/docker/volumes,2,b8143ef8453ad18871b4b4e0ba6041764a2cda76bc6f516fa468de5fd6585e72,other,0,0.0
run_006,csr,csr_1772961788,csr-irs3-1772961789,csr-irs3-1772961789,,cert_registered,operation_end,2026-03-08T09:23:26.673292316Z,2026-03-08T09:23:27.979648Z,/var/lib/docker/volumes,3,fabric_orderer.kit.edu,orderer,0,0.0
run_006,csr,csr_1772961788,csr-irs3-1772961789,csr-irs3-1772961789,,cert_registered,operation_end,2026-03-08T09:23:26.673292316Z,2026-03-08T09:23:27.979648Z,/var/lib/docker/volumes,4,fabric_peer0.irs1.kit.edu,other,0,0.0
run_006,csr,csr_1772961788,csr-irs3-1772961789,csr-irs3-1772961789,,cert_registered,operation_end,2026-03-08T09:23:26.673292316Z,2026-03-08T09:23:27.979648Z,/var/lib/docker/volumes,5,fabric_peer0.irs3.kit.edu,peer,0,0.0
run_006,revocation,revocation_1772961828,revoke-irs3-1772961828,revoke-irs3-1772961828,,operation_start,revocation_submit_done,2026-03-08T09:23:48.231079Z,2026-03-08T09:23:50.601695Z,/var/lib/docker/volumes,1,fabric_peer0.irs3.kit.edu,peer,8231,20.51646352102495
run_006,revocation,revocation_1772961828,revoke-irs3-1772961828,revoke-irs3-1772961828,,operation_start,revocation_submit_done,2026-03-08T09:23:48.231079Z,2026-03-08T09:23:50.601695Z,/var/lib/docker/volumes,2,fabric_peer1.irs3.kit.edu,other,8231,20.51646352102495
run_006,revocation,revocation_1772961828,revoke-irs3-1772961828,revoke-irs3-1772961828,,operation_start,revocation_submit_done,2026-03-08T09:23:48.231079Z,2026-03-08T09:23:50.601695Z,/var/lib/docker/volumes,3,fabric_peer2.irs3.kit.edu,other,8231,20.51646352102495
run_006,revocation,revocation_1772961828,revoke-irs3-1772961828,revoke-irs3-1772961828,,operation_start,revocation_submit_done,2026-03-08T09:23:48.231079Z,2026-03-08T09:23:50.601695Z,/var/lib/docker/volumes,4,fabric_peer3.irs3.kit.edu,other,8231,20.51646352102495
run_006,revocation,revocation_1772961828,revoke-irs3-1772961828,revoke-irs3-1772961828,,operation_start,revocation_submit_done,2026-03-08T09:23:48.231079Z,2026-03-08T09:23:50.601695Z,/var/lib/docker/volumes,5,fabric_orderer.kit.edu,orderer,7195,17.934145915900196
run_006,revocation,revocation_1772961828,revoke-irs3-1772961828,revoke-irs3-1772961828,,revocation_submit_done,revocation_voted,2026-03-08T09:23:50.601695Z,2026-03-08T09:23:53.57387228Z,/var/lib/docker/volumes,1,fabric_peer0.irs3.kit.edu,peer,23415,20.38976984769717
run_006,revocation,revocation_1772961828,revoke-irs3-1772961828,revoke-irs3-1772961828,,revocation_submit_done,revocation_voted,2026-03-08T09:23:50.601695Z,2026-03-08T09:23:53.57387228Z,/var/lib/docker/volumes,2,fabric_peer1.irs3.kit.edu,other,23415,20.38976984769717
run_006,revocation,revocation_1772961828,revoke-irs3-1772961828,revoke-irs3-1772961828,,revocation_submit_done,revocation_voted,2026-03-08T09:23:50.601695Z,2026-03-08T09:23:53.57387228Z,/var/lib/docker/volumes,3,fabric_peer2.irs3.kit.edu,other,23415,20.38976984769717
run_006,revocation,revocation_1772961828,revoke-irs3-1772961828,revoke-irs3-1772961828,,revocation_submit_done,revocation_voted,2026-03-08T09:23:50.601695Z,2026-03-08T09:23:53.57387228Z,/var/lib/docker/volumes,4,fabric_peer3.irs3.kit.edu,other,23415,20.38976984769717
run_006,revocation,revocation_1772961828,revoke-irs3-1772961828,revoke-irs3-1772961828,,revocation_submit_done,revocation_voted,2026-03-08T09:23:50.601695Z,2026-03-08T09:23:53.57387228Z,/var/lib/docker/volumes,5,fabric_orderer.kit.edu,orderer,21177,18.440920609211318
run_006,revocation,revocation_1772961828,revoke-irs3-1772961828,revoke-irs3-1772961828,,revocation_voted,revocation_executed,2026-03-08T09:23:53.57387228Z,2026-03-08T09:23:55.990963575Z,/var/lib/docker/volumes,1,fabric_peer0.irs3.kit.edu,peer,26744,20.885265360947113
run_006,revocation,revocation_1772961828,revoke-irs3-1772961828,revoke-irs3-1772961828,,revocation_voted,revocation_executed,2026-03-08T09:23:53.57387228Z,2026-03-08T09:23:55.990963575Z,/var/lib/docker/volumes,2,fabric_peer1.irs3.kit.edu,other,26744,20.885265360947113
run_006,revocation,revocation_1772961828,revoke-irs3-1772961828,revoke-irs3-1772961828,,revocation_voted,revocation_executed,2026-03-08T09:23:53.57387228Z,2026-03-08T09:23:55.990963575Z,/var/lib/docker/volumes,3,fabric_peer2.irs3.kit.edu,other,26744,20.885265360947113
run_006,revocation,revocation_1772961828,revoke-irs3-1772961828,revoke-irs3-1772961828,,revocation_voted,revocation_executed,2026-03-08T09:23:53.57387228Z,2026-03-08T09:23:55.990963575Z,/var/lib/docker/volumes,4,fabric_peer3.irs3.kit.edu,other,26744,20.885265360947113
run_006,revocation,revocation_1772961828,revoke-irs3-1772961828,revoke-irs3-1772961828,,revocation_voted,revocation_executed,2026-03-08T09:23:53.57387228Z,2026-03-08T09:23:55.990963575Z,/var/lib/docker/volumes,5,fabric_orderer.kit.edu,orderer,21076,16.45893855621154
run_006,revocation,revocation_1772961828,revoke-irs3-1772961828,revoke-irs3-1772961828,,revocation_executed,operation_end,2026-03-08T09:23:55.990963575Z,2026-03-08T09:23:57.004339Z,/var/lib/docker/volumes,1,ab96d922f06ec7a94f1b5200e75e480c9ed7eba86fbbe33b5cb9edbe031c6ea8,other,0,0.0
run_006,revocation,revocation_1772961828,revoke-irs3-1772961828,revoke-irs3-1772961828,,revocation_executed,operation_end,2026-03-08T09:23:55.990963575Z,2026-03-08T09:23:57.004339Z,/var/lib/docker/volumes,2,b8143ef8453ad18871b4b4e0ba6041764a2cda76bc6f516fa468de5fd6585e72,other,0,0.0
run_006,revocation,revocation_1772961828,revoke-irs3-1772961828,revoke-irs3-1772961828,,revocation_executed,operation_end,2026-03-08T09:23:55.990963575Z,2026-03-08T09:23:57.004339Z,/var/lib/docker/volumes,3,fabric_orderer.kit.edu,orderer,0,0.0
run_006,revocation,revocation_1772961828,revoke-irs3-1772961828,revoke-irs3-1772961828,,revocation_executed,operation_end,2026-03-08T09:23:55.990963575Z,2026-03-08T09:23:57.004339Z,/var/lib/docker/volumes,4,fabric_peer0.irs1.kit.edu,other,0,0.0
run_006,revocation,revocation_1772961828,revoke-irs3-1772961828,revoke-irs3-1772961828,,revocation_executed,operation_end,2026-03-08T09:23:55.990963575Z,2026-03-08T09:23:57.004339Z,/var/lib/docker/volumes,5,fabric_peer0.irs3.kit.edu,peer,0,0.0
run_006,removal,removal_1772961855,remove-irs3-member1-1772961855,remove-irs3-member1-1772961855,14,operation_start,removal_submit_done,2026-03-08T09:24:15.257988Z,2026-03-08T09:24:17.654446Z,/var/lib/docker/volumes,1,fabric_peer0.irs3.kit.edu,peer,9293,20.48811675999824
run_006,removal,removal_1772961855,remove-irs3-member1-1772961855,remove-irs3-member1-1772961855,14,operation_start,removal_submit_done,2026-03-08T09:24:15.257988Z,2026-03-08T09:24:17.654446Z,/var/lib/docker/volumes,2,fabric_peer1.irs3.kit.edu,other,9293,20.48811675999824
run_006,removal,removal_1772961855,remove-irs3-member1-1772961855,remove-irs3-member1-1772961855,14,operation_start,removal_submit_done,2026-03-08T09:24:15.257988Z,2026-03-08T09:24:17.654446Z,/var/lib/docker/volumes,3,fabric_peer2.irs3.kit.edu,other,9293,20.48811675999824
run_006,removal,removal_1772961855,remove-irs3-member1-1772961855,remove-irs3-member1-1772961855,14,operation_start,removal_submit_done,2026-03-08T09:24:15.257988Z,2026-03-08T09:24:17.654446Z,/var/lib/docker/volumes,4,fabric_peer3.irs3.kit.edu,other,9293,20.48811675999824
run_006,removal,removal_1772961855,remove-irs3-member1-1772961855,remove-irs3-member1-1772961855,14,operation_start,removal_submit_done,2026-03-08T09:24:15.257988Z,2026-03-08T09:24:17.654446Z,/var/lib/docker/volumes,5,fabric_orderer.kit.edu,orderer,8186,18.047532960007054
run_006,removal,removal_1772961855,remove-irs3-member1-1772961855,remove-irs3-member1-1772961855,14,removal_submit_done,removal_voted,2026-03-08T09:24:17.654446Z,2026-03-08T09:24:20.517180876Z,/var/lib/docker/volumes,1,fabric_peer0.irs3.kit.edu,peer,24718,20.387660838007257
run_006,removal,removal_1772961855,remove-irs3-member1-1772961855,remove-irs3-member1-1772961855,14,removal_submit_done,removal_voted,2026-03-08T09:24:17.654446Z,2026-03-08T09:24:20.517180876Z,/var/lib/docker/volumes,2,fabric_peer1.irs3.kit.edu,other,24718,20.387660838007257
run_006,removal,removal_1772961855,remove-irs3-member1-1772961855,remove-irs3-member1-1772961855,14,removal_submit_done,removal_voted,2026-03-08T09:24:17.654446Z,2026-03-08T09:24:20.517180876Z,/var/lib/docker/volumes,3,fabric_peer2.irs3.kit.edu,other,24718,20.387660838007257
run_006,removal,removal_1772961855,remove-irs3-member1-1772961855,remove-irs3-member1-1772961855,14,removal_submit_done,removal_voted,2026-03-08T09:24:17.654446Z,2026-03-08T09:24:20.517180876Z,/var/lib/docker/volumes,4,fabric_peer3.irs3.kit.edu,other,24718,20.387660838007257
run_006,removal,removal_1772961855,remove-irs3-member1-1772961855,remove-irs3-member1-1772961855,14,removal_submit_done,removal_voted,2026-03-08T09:24:17.654446Z,2026-03-08T09:24:20.517180876Z,/var/lib/docker/volumes,5,fabric_orderer.kit.edu,orderer,22368,18.449356647970966
run_006,removal,removal_1772961855,remove-irs3-member1-1772961855,remove-irs3-member1-1772961855,14,removal_voted,removal_approved,2026-03-08T09:24:20.517180876Z,2026-03-08T09:24:22.996861477Z,/var/lib/docker/volumes,1,fabric_peer0.irs3.kit.edu,peer,23873,20.8001881975726
run_006,removal,removal_1772961855,remove-irs3-member1-1772961855,remove-irs3-member1-1772961855,14,removal_voted,removal_approved,2026-03-08T09:24:20.517180876Z,2026-03-08T09:24:22.996861477Z,/var/lib/docker/volumes,2,fabric_peer1.irs3.kit.edu,other,23873,20.8001881975726
run_006,removal,removal_1772961855,remove-irs3-member1-1772961855,remove-irs3-member1-1772961855,14,removal_voted,removal_approved,2026-03-08T09:24:20.517180876Z,2026-03-08T09:24:22.996861477Z,/var/lib/docker/volumes,3,fabric_peer2.irs3.kit.edu,other,23873,20.8001881975726
run_006,removal,removal_1772961855,remove-irs3-member1-1772961855,remove-irs3-member1-1772961855,14,removal_voted,removal_approved,2026-03-08T09:24:20.517180876Z,2026-03-08T09:24:22.996861477Z,/var/lib/docker/volumes,4,fabric_peer3.irs3.kit.edu,other,23873,20.8001881975726
run_006,removal,removal_1772961855,remove-irs3-member1-1772961855,remove-irs3-member1-1772961855,14,removal_voted,removal_approved,2026-03-08T09:24:20.517180876Z,2026-03-08T09:24:22.996861477Z,/var/lib/docker/volumes,5,fabric_orderer.kit.edu,orderer,19281,16.7992472097096
run_006,removal,removal_1772961855,remove-irs3-member1-1772961855,remove-irs3-member1-1772961855,14,removal_approved,reshare_started,2026-03-08T09:24:22.996861477Z,2026-03-08T09:24:24.049875Z,/var/lib/docker/volumes,1,ab96d922f06ec7a94f1b5200e75e480c9ed7eba86fbbe33b5cb9edbe031c6ea8,other,0,0.0
run_006,removal,removal_1772961855,remove-irs3-member1-1772961855,remove-irs3-member1-1772961855,14,removal_approved,reshare_started,2026-03-08T09:24:22.996861477Z,2026-03-08T09:24:24.049875Z,/var/lib/docker/volumes,2,b8143ef8453ad18871b4b4e0ba6041764a2cda76bc6f516fa468de5fd6585e72,other,0,0.0
run_006,removal,removal_1772961855,remove-irs3-member1-1772961855,remove-irs3-member1-1772961855,14,removal_approved,reshare_started,2026-03-08T09:24:22.996861477Z,2026-03-08T09:24:24.049875Z,/var/lib/docker/volumes,3,fabric_orderer.kit.edu,orderer,0,0.0
run_006,removal,removal_1772961855,remove-irs3-member1-1772961855,remove-irs3-member1-1772961855,14,removal_approved,reshare_started,2026-03-08T09:24:22.996861477Z,2026-03-08T09:24:24.049875Z,/var/lib/docker/volumes,4,fabric_peer0.irs1.kit.edu,other,0,0.0
run_006,removal,removal_1772961855,remove-irs3-member1-1772961855,remove-irs3-member1-1772961855,14,removal_approved,reshare_started,2026-03-08T09:24:22.996861477Z,2026-03-08T09:24:24.049875Z,/var/lib/docker/volumes,5,fabric_peer0.irs3.kit.edu,peer,0,0.0
run_006,removal,removal_1772961855,remove-irs3-member1-1772961855,remove-irs3-member1-1772961855,14,reshare_started,reshare_completed,2026-03-08T09:24:24.049875Z,2026-03-08T09:24:44.975990584Z,/var/lib/docker/volumes,1,fabric_peer0.irs3.kit.edu,peer,61362,20.661371296580008
run_006,removal,removal_1772961855,remove-irs3-member1-1772961855,remove-irs3-member1-1772961855,14,reshare_started,reshare_completed,2026-03-08T09:24:24.049875Z,2026-03-08T09:24:44.975990584Z,/var/lib/docker/volumes,2,fabric_peer1.irs3.kit.edu,other,61362,20.661371296580008
run_006,removal,removal_1772961855,remove-irs3-member1-1772961855,remove-irs3-member1-1772961855,14,reshare_started,reshare_completed,2026-03-08T09:24:24.049875Z,2026-03-08T09:24:44.975990584Z,/var/lib/docker/volumes,3,fabric_peer2.irs3.kit.edu,other,61362,20.661371296580008
run_006,removal,removal_1772961855,remove-irs3-member1-1772961855,remove-irs3-member1-1772961855,14,reshare_started,reshare_completed,2026-03-08T09:24:24.049875Z,2026-03-08T09:24:44.975990584Z,/var/lib/docker/volumes,4,fabric_peer3.irs3.kit.edu,other,61362,20.661371296580008
run_006,removal,removal_1772961855,remove-irs3-member1-1772961855,remove-irs3-member1-1772961855,14,reshare_started,reshare_completed,2026-03-08T09:24:24.049875Z,2026-03-08T09:24:44.975990584Z,/var/lib/docker/volumes,5,fabric_orderer.kit.edu,orderer,51541,17.35451481367997
run_006,removal,removal_1772961855,remove-irs3-member1-1772961855,remove-irs3-member1-1772961855,14,reshare_completed,operation_end,2026-03-08T09:24:44.975990584Z,2026-03-08T09:24:46.460664Z,/var/lib/docker/volumes,1,ab96d922f06ec7a94f1b5200e75e480c9ed7eba86fbbe33b5cb9edbe031c6ea8,other,0,0.0
run_006,removal,removal_1772961855,remove-irs3-member1-1772961855,remove-irs3-member1-1772961855,14,reshare_completed,operation_end,2026-03-08T09:24:44.975990584Z,2026-03-08T09:24:46.460664Z,/var/lib/docker/volumes,2,b8143ef8453ad18871b4b4e0ba6041764a2cda76bc6f516fa468de5fd6585e72,other,0,0.0
run_006,removal,removal_1772961855,remove-irs3-member1-1772961855,remove-irs3-member1-1772961855,14,reshare_completed,operation_end,2026-03-08T09:24:44.975990584Z,2026-03-08T09:24:46.460664Z,/var/lib/docker/volumes,3,fabric_orderer.kit.edu,orderer,0,0.0
run_006,removal,removal_1772961855,remove-irs3-member1-1772961855,remove-irs3-member1-1772961855,14,reshare_completed,operation_end,2026-03-08T09:24:44.975990584Z,2026-03-08T09:24:46.460664Z,/var/lib/docker/volumes,4,fabric_peer0.irs1.kit.edu,other,0,0.0
run_006,removal,removal_1772961855,remove-irs3-member1-1772961855,remove-irs3-member1-1772961855,14,reshare_completed,operation_end,2026-03-08T09:24:44.975990584Z,2026-03-08T09:24:46.460664Z,/var/lib/docker/volumes,5,fabric_peer0.irs3.kit.edu,peer,0,0.0
run_006,join,join_1772961904,join-irs3-1772961904,join-irs3-1772961904,15,operation_start,join_submit_done,2026-03-08T09:25:04.818469Z,2026-03-08T09:25:07.175950Z,/var/lib/docker/volumes,1,fabric_peer0.irs3.kit.edu,peer,10499,20.746551792277597
run_006,join,join_1772961904,join-irs3-1772961904,join-irs3-1772961904,15,operation_start,join_submit_done,2026-03-08T09:25:04.818469Z,2026-03-08T09:25:07.175950Z,/var/lib/docker/volumes,2,fabric_peer1.irs3.kit.edu,other,10499,20.746551792277597
run_006,join,join_1772961904,join-irs3-1772961904,join-irs3-1772961904,15,operation_start,join_submit_done,2026-03-08T09:25:04.818469Z,2026-03-08T09:25:07.175950Z,/var/lib/docker/volumes,3,fabric_peer2.irs3.kit.edu,other,10499,20.746551792277597
run_006,join,join_1772961904,join-irs3-1772961904,join-irs3-1772961904,15,operation_start,join_submit_done,2026-03-08T09:25:04.818469Z,2026-03-08T09:25:07.175950Z,/var/lib/docker/volumes,4,fabric_peer3.irs3.kit.edu,other,10499,20.746551792277597
run_006,join,join_1772961904,join-irs3-1772961904,join-irs3-1772961904,15,operation_start,join_submit_done,2026-03-08T09:25:04.818469Z,2026-03-08T09:25:07.175950Z,/var/lib/docker/volumes,5,fabric_orderer.kit.edu,orderer,8610,17.013792830889617
run_006,join,join_1772961904,join-irs3-1772961904,join-irs3-1772961904,15,join_submit_done,join_voted,2026-03-08T09:25:07.175950Z,2026-03-08T09:25:09.535209487Z,/var/lib/docker/volumes,1,fabric_peer0.irs3.kit.edu,peer,19713,20.62288153324685
run_006,join,join_1772961904,join-irs3-1772961904,join-irs3-1772961904,15,join_submit_done,join_voted,2026-03-08T09:25:07.175950Z,2026-03-08T09:25:09.535209487Z,/var/lib/docker/volumes,2,fabric_peer1.irs3.kit.edu,other,19713,20.62288153324685
run_006,join,join_1772961904,join-irs3-1772961904,join-irs3-1772961904,15,join_submit_done,join_voted,2026-03-08T09:25:07.175950Z,2026-03-08T09:25:09.535209487Z,/var/lib/docker/volumes,3,fabric_peer2.irs3.kit.edu,other,19713,20.62288153324685
run_006,join,join_1772961904,join-irs3-1772961904,join-irs3-1772961904,15,join_submit_done,join_voted,2026-03-08T09:25:07.175950Z,2026-03-08T09:25:09.535209487Z,/var/lib/docker/volumes,4,fabric_peer3.irs3.kit.edu,other,19713,20.62288153324685
run_006,join,join_1772961904,join-irs3-1772961904,join-irs3-1772961904,15,join_submit_done,join_voted,2026-03-08T09:25:07.175950Z,2026-03-08T09:25:09.535209487Z,/var/lib/docker/volumes,5,fabric_orderer.kit.edu,orderer,16736,17.508473867012594
run_006,join,join_1772961904,join-irs3-1772961904,join-irs3-1772961904,15,join_voted,join_approved,2026-03-08T09:25:09.535209487Z,2026-03-08T09:25:11.957248647Z,/var/lib/docker/volumes,1,fabric_peer0.irs3.kit.edu,peer,16876,21.416243654822335
run_006,join,join_1772961904,join-irs3-1772961904,join-irs3-1772961904,15,join_voted,join_approved,2026-03-08T09:25:09.535209487Z,2026-03-08T09:25:11.957248647Z,/var/lib/docker/volumes,2,fabric_peer1.irs3.kit.edu,other,16876,21.416243654822335
run_006,join,join_1772961904,join-irs3-1772961904,join-irs3-1772961904,15,join_voted,join_approved,2026-03-08T09:25:09.535209487Z,2026-03-08T09:25:11.957248647Z,/var/lib/docker/volumes,3,fabric_peer2.irs3.kit.edu,other,16876,21.416243654822335
run_006,join,join_1772961904,join-irs3-1772961904,join-irs3-1772961904,15,join_voted,join_approved,2026-03-08T09:25:09.535209487Z,2026-03-08T09:25:11.957248647Z,/var/lib/docker/volumes,4,fabric_peer3.irs3.kit.edu,other,16876,21.416243654822335
run_006,join,join_1772961904,join-irs3-1772961904,join-irs3-1772961904,15,join_voted,join_approved,2026-03-08T09:25:09.535209487Z,2026-03-08T09:25:11.957248647Z,/var/lib/docker/volumes,5,fabric_orderer.kit.edu,orderer,11296,14.33502538071066
run_006,join,join_1772961904,join-irs3-1772961904,join-irs3-1772961904,15,join_approved,reshare_started,2026-03-08T09:25:11.957248647Z,2026-03-08T09:25:13.580226Z,/var/lib/docker/volumes,1,ab96d922f06ec7a94f1b5200e75e480c9ed7eba86fbbe33b5cb9edbe031c6ea8,other,0,0.0
run_006,join,join_1772961904,join-irs3-1772961904,join-irs3-1772961904,15,join_approved,reshare_started,2026-03-08T09:25:11.957248647Z,2026-03-08T09:25:13.580226Z,/var/lib/docker/volumes,2,b8143ef8453ad18871b4b4e0ba6041764a2cda76bc6f516fa468de5fd6585e72,other,0,0.0
run_006,join,join_1772961904,join-irs3-1772961904,join-irs3-1772961904,15,join_approved,reshare_started,2026-03-08T09:25:11.957248647Z,2026-03-08T09:25:13.580226Z,/var/lib/docker/volumes,3,fabric_orderer.kit.edu,orderer,0,0.0
run_006,join,join_1772961904,join-irs3-1772961904,join-irs3-1772961904,15,join_approved,reshare_started,2026-03-08T09:25:11.957248647Z,2026-03-08T09:25:13.580226Z,/var/lib/docker/volumes,4,fabric_peer0.irs1.kit.edu,other,0,0.0
run_006,join,join_1772961904,join-irs3-1772961904,join-irs3-1772961904,15,join_approved,reshare_started,2026-03-08T09:25:11.957248647Z,2026-03-08T09:25:13.580226Z,/var/lib/docker/volumes,5,fabric_peer0.irs3.kit.edu,peer,0,0.0
run_006,join,join_1772961904,join-irs3-1772961904,join-irs3-1772961904,15,reshare_started,reshare_completed,2026-03-08T09:25:13.580226Z,2026-03-08T09:25:43.140561389Z,/var/lib/docker/volumes,1,fabric_peer0.irs3.kit.edu,peer,47105,20.601445884303015
run_006,join,join_1772961904,join-irs3-1772961904,join-irs3-1772961904,15,reshare_started,reshare_completed,2026-03-08T09:25:13.580226Z,2026-03-08T09:25:43.140561389Z,/var/lib/docker/volumes,2,fabric_peer1.irs3.kit.edu,other,47105,20.601445884303015
run_006,join,join_1772961904,join-irs3-1772961904,join-irs3-1772961904,15,reshare_started,reshare_completed,2026-03-08T09:25:13.580226Z,2026-03-08T09:25:43.140561389Z,/var/lib/docker/volumes,3,fabric_peer2.irs3.kit.edu,other,47105,20.601445884303015
run_006,join,join_1772961904,join-irs3-1772961904,join-irs3-1772961904,15,reshare_started,reshare_completed,2026-03-08T09:25:13.580226Z,2026-03-08T09:25:43.140561389Z,/var/lib/docker/volumes,4,fabric_peer3.irs3.kit.edu,other,47105,20.601445884303015
run_006,join,join_1772961904,join-irs3-1772961904,join-irs3-1772961904,15,reshare_started,reshare_completed,2026-03-08T09:25:13.580226Z,2026-03-08T09:25:43.140561389Z,/var/lib/docker/volumes,5,fabric_orderer.kit.edu,orderer,40229,17.594216462787944
run_006,join,join_1772961904,join-irs3-1772961904,join-irs3-1772961904,15,reshare_completed,operation_end,2026-03-08T09:25:43.140561389Z,2026-03-08T09:25:52.235923Z,/var/lib/docker/volumes,1,fabric_peer0.irs3.kit.edu,peer,89501,20.479700153081186
run_006,join,join_1772961904,join-irs3-1772961904,join-irs3-1772961904,15,reshare_completed,operation_end,2026-03-08T09:25:43.140561389Z,2026-03-08T09:25:52.235923Z,/var/lib/docker/volumes,2,fabric_peer1.irs3.kit.edu,other,89501,20.479700153081186
run_006,join,join_1772961904,join-irs3-1772961904,join-irs3-1772961904,15,reshare_completed,operation_end,2026-03-08T09:25:43.140561389Z,2026-03-08T09:25:52.235923Z,/var/lib/docker/volumes,3,fabric_peer2.irs3.kit.edu,other,89501,20.479700153081186
run_006,join,join_1772961904,join-irs3-1772961904,join-irs3-1772961904,15,reshare_completed,operation_end,2026-03-08T09:25:43.140561389Z,2026-03-08T09:25:52.235923Z,/var/lib/docker/volumes,4,fabric_peer3.irs3.kit.edu,other,89501,20.479700153081186
run_006,join,join_1772961904,join-irs3-1772961904,join-irs3-1772961904,15,reshare_completed,operation_end,2026-03-08T09:25:43.140561389Z,2026-03-08T09:25:52.235923Z,/var/lib/docker/volumes,5,fabric_orderer.kit.edu,orderer,79019,18.081199387675248
run_007,csr,csr_1772961959,csr-irs3-1772961959,csr-irs3-1772961959,,operation_start,csr_submit_done,2026-03-08T09:25:59.146132Z,2026-03-08T09:26:01.485902Z,/var/lib/docker/volumes,1,fabric_peer0.irs3.kit.edu,peer,10677,20.833577240531522
run_007,csr,csr_1772961959,csr-irs3-1772961959,csr-irs3-1772961959,,operation_start,csr_submit_done,2026-03-08T09:25:59.146132Z,2026-03-08T09:26:01.485902Z,/var/lib/docker/volumes,2,fabric_peer1.irs3.kit.edu,other,10677,20.833577240531522
run_007,csr,csr_1772961959,csr-irs3-1772961959,csr-irs3-1772961959,,operation_start,csr_submit_done,2026-03-08T09:25:59.146132Z,2026-03-08T09:26:01.485902Z,/var/lib/docker/volumes,3,fabric_peer2.irs3.kit.edu,other,10677,20.833577240531522
run_007,csr,csr_1772961959,csr-irs3-1772961959,csr-irs3-1772961959,,operation_start,csr_submit_done,2026-03-08T09:25:59.146132Z,2026-03-08T09:26:01.485902Z,/var/lib/docker/volumes,4,fabric_peer3.irs3.kit.edu,other,10677,20.833577240531522
run_007,csr,csr_1772961959,csr-irs3-1772961959,csr-irs3-1772961959,,operation_start,csr_submit_done,2026-03-08T09:25:59.146132Z,2026-03-08T09:26:01.485902Z,/var/lib/docker/volumes,5,fabric_orderer.kit.edu,orderer,8541,16.66569103787391
run_007,csr,csr_1772961959,csr-irs3-1772961959,csr-irs3-1772961959,,csr_submit_done,csr_voted,2026-03-08T09:26:01.485902Z,2026-03-08T09:26:05.462511466Z,/var/lib/docker/volumes,1,fabric_peer0.irs3.kit.edu,peer,27673,20.491536217288925
run_007,csr,csr_1772961959,csr-irs3-1772961959,csr-irs3-1772961959,,csr_submit_done,csr_voted,2026-03-08T09:26:01.485902Z,2026-03-08T09:26:05.462511466Z,/var/lib/docker/volumes,2,fabric_peer1.irs3.kit.edu,other,27673,20.491536217288925
run_007,csr,csr_1772961959,csr-irs3-1772961959,csr-irs3-1772961959,,csr_submit_done,csr_voted,2026-03-08T09:26:01.485902Z,2026-03-08T09:26:05.462511466Z,/var/lib/docker/volumes,3,fabric_peer2.irs3.kit.edu,other,27673,20.491536217288925
run_007,csr,csr_1772961959,csr-irs3-1772961959,csr-irs3-1772961959,,csr_submit_done,csr_voted,2026-03-08T09:26:01.485902Z,2026-03-08T09:26:05.462511466Z,/var/lib/docker/volumes,4,fabric_peer3.irs3.kit.edu,other,27673,20.491536217288925
run_007,csr,csr_1772961959,csr-irs3-1772961959,csr-irs3-1772961959,,csr_submit_done,csr_voted,2026-03-08T09:26:01.485902Z,2026-03-08T09:26:05.462511466Z,/var/lib/docker/volumes,5,fabric_orderer.kit.edu,orderer,24354,18.033855130844305
run_007,csr,csr_1772961959,csr-irs3-1772961959,csr-irs3-1772961959,,csr_voted,csr_approved,2026-03-08T09:26:05.462511466Z,2026-03-08T09:26:08.437300327Z,/var/lib/docker/volumes,1,fabric_peer0.irs3.kit.edu,peer,20070,20.764145380055247
run_007,csr,csr_1772961959,csr-irs3-1772961959,csr-irs3-1772961959,,csr_voted,csr_approved,2026-03-08T09:26:05.462511466Z,2026-03-08T09:26:08.437300327Z,/var/lib/docker/volumes,2,fabric_peer1.irs3.kit.edu,other,20070,20.764145380055247
run_007,csr,csr_1772961959,csr-irs3-1772961959,csr-irs3-1772961959,,csr_voted,csr_approved,2026-03-08T09:26:05.462511466Z,2026-03-08T09:26:08.437300327Z,/var/lib/docker/volumes,3,fabric_peer2.irs3.kit.edu,other,20070,20.764145380055247
run_007,csr,csr_1772961959,csr-irs3-1772961959,csr-irs3-1772961959,,csr_voted,csr_approved,2026-03-08T09:26:05.462511466Z,2026-03-08T09:26:08.437300327Z,/var/lib/docker/volumes,4,fabric_peer3.irs3.kit.edu,other,20070,20.764145380055247
run_007,csr,csr_1772961959,csr-irs3-1772961959,csr-irs3-1772961959,,csr_voted,csr_approved,2026-03-08T09:26:05.462511466Z,2026-03-08T09:26:08.437300327Z,/var/lib/docker/volumes,5,fabric_orderer.kit.edu,orderer,16377,16.943418479779012
run_007,csr,csr_1772961959,csr-irs3-1772961959,csr-irs3-1772961959,,csr_approved,cert_registered,2026-03-08T09:26:08.437300327Z,2026-03-08T09:26:17.894730819Z,/var/lib/docker/volumes,1,fabric_peer0.irs3.kit.edu,peer,51642,20.91743119266055
run_007,csr,csr_1772961959,csr-irs3-1772961959,csr-irs3-1772961959,,csr_approved,cert_registered,2026-03-08T09:26:08.437300327Z,2026-03-08T09:26:17.894730819Z,/var/lib/docker/volumes,2,fabric_peer1.irs3.kit.edu,other,51642,20.91743119266055
run_007,csr,csr_1772961959,csr-irs3-1772961959,csr-irs3-1772961959,,csr_approved,cert_registered,2026-03-08T09:26:08.437300327Z,2026-03-08T09:26:17.894730819Z,/var/lib/docker/volumes,3,fabric_peer2.irs3.kit.edu,other,51642,20.91743119266055
run_007,csr,csr_1772961959,csr-irs3-1772961959,csr-irs3-1772961959,,csr_approved,cert_registered,2026-03-08T09:26:08.437300327Z,2026-03-08T09:26:17.894730819Z,/var/lib/docker/volumes,4,fabric_peer3.irs3.kit.edu,other,51642,20.91743119266055
run_007,csr,csr_1772961959,csr-irs3-1772961959,csr-irs3-1772961959,,csr_approved,cert_registered,2026-03-08T09:26:08.437300327Z,2026-03-08T09:26:17.894730819Z,/var/lib/docker/volumes,5,fabric_orderer.kit.edu,orderer,40317,16.3302752293578
run_007,csr,csr_1772961959,csr-irs3-1772961959,csr-irs3-1772961959,,cert_registered,operation_end,2026-03-08T09:26:17.894730819Z,2026-03-08T09:26:18.131471Z,/var/lib/docker/volumes,1,ab96d922f06ec7a94f1b5200e75e480c9ed7eba86fbbe33b5cb9edbe031c6ea8,other,0,0.0
run_007,csr,csr_1772961959,csr-irs3-1772961959,csr-irs3-1772961959,,cert_registered,operation_end,2026-03-08T09:26:17.894730819Z,2026-03-08T09:26:18.131471Z,/var/lib/docker/volumes,2,b8143ef8453ad18871b4b4e0ba6041764a2cda76bc6f516fa468de5fd6585e72,other,0,0.0
run_007,csr,csr_1772961959,csr-irs3-1772961959,csr-irs3-1772961959,,cert_registered,operation_end,2026-03-08T09:26:17.894730819Z,2026-03-08T09:26:18.131471Z,/var/lib/docker/volumes,3,fabric_orderer.kit.edu,orderer,0,0.0
run_007,csr,csr_1772961959,csr-irs3-1772961959,csr-irs3-1772961959,,cert_registered,operation_end,2026-03-08T09:26:17.894730819Z,2026-03-08T09:26:18.131471Z,/var/lib/docker/volumes,4,fabric_peer0.irs1.kit.edu,other,0,0.0
run_007,csr,csr_1772961959,csr-irs3-1772961959,csr-irs3-1772961959,,cert_registered,operation_end,2026-03-08T09:26:17.894730819Z,2026-03-08T09:26:18.131471Z,/var/lib/docker/volumes,5,fabric_peer0.irs3.kit.edu,peer,0,0.0
run_007,revocation,revocation_1772961998,revoke-irs3-1772961998,revoke-irs3-1772961998,,operation_start,revocation_submit_done,2026-03-08T09:26:38.604230Z,2026-03-08T09:26:40.952124Z,/var/lib/docker/volumes,1,fabric_peer0.irs3.kit.edu,peer,8234,20.516270493845617
run_007,revocation,revocation_1772961998,revoke-irs3-1772961998,revoke-irs3-1772961998,,operation_start,revocation_submit_done,2026-03-08T09:26:38.604230Z,2026-03-08T09:26:40.952124Z,/var/lib/docker/volumes,2,fabric_peer1.irs3.kit.edu,other,8234,20.516270493845617
run_007,revocation,revocation_1772961998,revoke-irs3-1772961998,revoke-irs3-1772961998,,operation_start,revocation_submit_done,2026-03-08T09:26:38.604230Z,2026-03-08T09:26:40.952124Z,/var/lib/docker/volumes,3,fabric_peer2.irs3.kit.edu,other,8234,20.516270493845617
run_007,revocation,revocation_1772961998,revoke-irs3-1772961998,revoke-irs3-1772961998,,operation_start,revocation_submit_done,2026-03-08T09:26:38.604230Z,2026-03-08T09:26:40.952124Z,/var/lib/docker/volumes,4,fabric_peer3.irs3.kit.edu,other,8234,20.516270493845617
run_007,revocation,revocation_1772961998,revoke-irs3-1772961998,revoke-irs3-1772961998,,operation_start,revocation_submit_done,2026-03-08T09:26:38.604230Z,2026-03-08T09:26:40.952124Z,/var/lib/docker/volumes,5,fabric_orderer.kit.edu,orderer,7198,17.93491802461753
run_007,revocation,revocation_1772961998,revoke-irs3-1772961998,revoke-irs3-1772961998,,revocation_submit_done,revocation_voted,2026-03-08T09:26:40.952124Z,2026-03-08T09:26:44.603788077Z,/var/lib/docker/volumes,1,fabric_peer0.irs3.kit.edu,peer,23414,20.389964382440283
run_007,revocation,revocation_1772961998,revoke-irs3-1772961998,revoke-irs3-1772961998,,revocation_submit_done,revocation_voted,2026-03-08T09:26:40.952124Z,2026-03-08T09:26:44.603788077Z,/var/lib/docker/volumes,2,fabric_peer1.irs3.kit.edu,other,23414,20.389964382440283
run_007,revocation,revocation_1772961998,revoke-irs3-1772961998,revoke-irs3-1772961998,,revocation_submit_done,revocation_voted,2026-03-08T09:26:40.952124Z,2026-03-08T09:26:44.603788077Z,/var/lib/docker/volumes,3,fabric_peer2.irs3.kit.edu,other,23414,20.389964382440283
run_007,revocation,revocation_1772961998,revoke-irs3-1772961998,revoke-irs3-1772961998,,revocation_submit_done,revocation_voted,2026-03-08T09:26:40.952124Z,2026-03-08T09:26:44.603788077Z,/var/lib/docker/volumes,4,fabric_peer3.irs3.kit.edu,other,23414,20.389964382440283
run_007,revocation,revocation_1772961998,revoke-irs3-1772961998,revoke-irs3-1772961998,,revocation_submit_done,revocation_voted,2026-03-08T09:26:40.952124Z,2026-03-08T09:26:44.603788077Z,/var/lib/docker/volumes,5,fabric_orderer.kit.edu,orderer,21175,18.440142470238875
run_007,revocation,revocation_1772961998,revoke-irs3-1772961998,revoke-irs3-1772961998,,revocation_voted,revocation_executed,2026-03-08T09:26:44.603788077Z,2026-03-08T09:26:47.069416185Z,/var/lib/docker/volumes,1,fabric_peer0.irs3.kit.edu,peer,26762,20.88659954733474
run_007,revocation,revocation_1772961998,revoke-irs3-1772961998,revoke-irs3-1772961998,,revocation_voted,revocation_executed,2026-03-08T09:26:44.603788077Z,2026-03-08T09:26:47.069416185Z,/var/lib/docker/volumes,2,fabric_peer1.irs3.kit.edu,other,26762,20.88659954733474
run_007,revocation,revocation_1772961998,revoke-irs3-1772961998,revoke-irs3-1772961998,,revocation_voted,revocation_executed,2026-03-08T09:26:44.603788077Z,2026-03-08T09:26:47.069416185Z,/var/lib/docker/volumes,3,fabric_peer2.irs3.kit.edu,other,26762,20.88659954733474
run_007,revocation,revocation_1772961998,revoke-irs3-1772961998,revoke-irs3-1772961998,,revocation_voted,revocation_executed,2026-03-08T09:26:44.603788077Z,2026-03-08T09:26:47.069416185Z,/var/lib/docker/volumes,4,fabric_peer3.irs3.kit.edu,other,26762,20.88659954733474
run_007,revocation,revocation_1772961998,revoke-irs3-1772961998,revoke-irs3-1772961998,,revocation_voted,revocation_executed,2026-03-08T09:26:44.603788077Z,2026-03-08T09:26:47.069416185Z,/var/lib/docker/volumes,5,fabric_orderer.kit.edu,orderer,21082,16.45360181066105
run_007,revocation,revocation_1772961998,revoke-irs3-1772961998,revoke-irs3-1772961998,,revocation_executed,operation_end,2026-03-08T09:26:47.069416185Z,2026-03-08T09:26:47.369968Z,/var/lib/docker/volumes,1,ab96d922f06ec7a94f1b5200e75e480c9ed7eba86fbbe33b5cb9edbe031c6ea8,other,0,0.0
run_007,revocation,revocation_1772961998,revoke-irs3-1772961998,revoke-irs3-1772961998,,revocation_executed,operation_end,2026-03-08T09:26:47.069416185Z,2026-03-08T09:26:47.369968Z,/var/lib/docker/volumes,2,b8143ef8453ad18871b4b4e0ba6041764a2cda76bc6f516fa468de5fd6585e72,other,0,0.0
run_007,revocation,revocation_1772961998,revoke-irs3-1772961998,revoke-irs3-1772961998,,revocation_executed,operation_end,2026-03-08T09:26:47.069416185Z,2026-03-08T09:26:47.369968Z,/var/lib/docker/volumes,3,fabric_orderer.kit.edu,orderer,0,0.0
run_007,revocation,revocation_1772961998,revoke-irs3-1772961998,revoke-irs3-1772961998,,revocation_executed,operation_end,2026-03-08T09:26:47.069416185Z,2026-03-08T09:26:47.369968Z,/var/lib/docker/volumes,4,fabric_peer0.irs1.kit.edu,other,0,0.0
run_007,revocation,revocation_1772961998,revoke-irs3-1772961998,revoke-irs3-1772961998,,revocation_executed,operation_end,2026-03-08T09:26:47.069416185Z,2026-03-08T09:26:47.369968Z,/var/lib/docker/volumes,5,fabric_peer0.irs3.kit.edu,peer,0,0.0
run_007,removal,removal_1772962025,remove-irs3-member1-1772962025,remove-irs3-member1-1772962025,16,operation_start,removal_submit_done,2026-03-08T09:27:05.608866Z,2026-03-08T09:27:07.982297Z,/var/lib/docker/volumes,1,fabric_peer0.irs3.kit.edu,peer,9440,20.4803332393205
run_007,removal,removal_1772962025,remove-irs3-member1-1772962025,remove-irs3-member1-1772962025,16,operation_start,removal_submit_done,2026-03-08T09:27:05.608866Z,2026-03-08T09:27:07.982297Z,/var/lib/docker/volumes,2,fabric_peer1.irs3.kit.edu,other,9440,20.4803332393205
run_007,removal,removal_1772962025,remove-irs3-member1-1772962025,remove-irs3-member1-1772962025,16,operation_start,removal_submit_done,2026-03-08T09:27:05.608866Z,2026-03-08T09:27:07.982297Z,/var/lib/docker/volumes,3,fabric_peer2.irs3.kit.edu,other,9440,20.4803332393205
run_007,removal,removal_1772962025,remove-irs3-member1-1772962025,remove-irs3-member1-1772962025,16,operation_start,removal_submit_done,2026-03-08T09:27:05.608866Z,2026-03-08T09:27:07.982297Z,/var/lib/docker/volumes,4,fabric_peer3.irs3.kit.edu,other,9440,20.4803332393205
run_007,removal,removal_1772962025,remove-irs3-member1-1772962025,remove-irs3-member1-1772962025,16,operation_start,removal_submit_done,2026-03-08T09:27:05.608866Z,2026-03-08T09:27:07.982297Z,/var/lib/docker/volumes,5,fabric_orderer.kit.edu,orderer,8333,18.07866704271798
run_007,removal,removal_1772962025,remove-irs3-member1-1772962025,remove-irs3-member1-1772962025,16,removal_submit_done,removal_voted,2026-03-08T09:27:07.982297Z,2026-03-08T09:27:11.524329669Z,/var/lib/docker/volumes,1,fabric_peer0.irs3.kit.edu,peer,24840,20.386891327363905
run_007,removal,removal_1772962025,remove-irs3-member1-1772962025,remove-irs3-member1-1772962025,16,removal_submit_done,removal_voted,2026-03-08T09:27:07.982297Z,2026-03-08T09:27:11.524329669Z,/var/lib/docker/volumes,2,fabric_peer1.irs3.kit.edu,other,24840,20.386891327363905
run_007,removal,removal_1772962025,remove-irs3-member1-1772962025,remove-irs3-member1-1772962025,16,removal_submit_done,removal_voted,2026-03-08T09:27:07.982297Z,2026-03-08T09:27:11.524329669Z,/var/lib/docker/volumes,3,fabric_peer2.irs3.kit.edu,other,24840,20.386891327363905
run_007,removal,removal_1772962025,remove-irs3-member1-1772962025,remove-irs3-member1-1772962025,16,removal_submit_done,removal_voted,2026-03-08T09:27:07.982297Z,2026-03-08T09:27:11.524329669Z,/var/lib/docker/volumes,4,fabric_peer3.irs3.kit.edu,other,24840,20.386891327363905
run_007,removal,removal_1772962025,remove-irs3-member1-1772962025,remove-irs3-member1-1772962025,16,removal_submit_done,removal_voted,2026-03-08T09:27:07.982297Z,2026-03-08T09:27:11.524329669Z,/var/lib/docker/volumes,5,fabric_orderer.kit.edu,orderer,22483,18.45243469054439
run_007,removal,removal_1772962025,remove-irs3-member1-1772962025,remove-irs3-member1-1772962025,16,removal_voted,removal_approved,2026-03-08T09:27:11.524329669Z,2026-03-08T09:27:14.011617307Z,/var/lib/docker/volumes,1,fabric_peer0.irs3.kit.edu,peer,23953,20.797409114983548
run_007,removal,removal_1772962025,remove-irs3-member1-1772962025,remove-irs3-member1-1772962025,16,removal_voted,removal_approved,2026-03-08T09:27:11.524329669Z,2026-03-08T09:27:14.011617307Z,/var/lib/docker/volumes,2,fabric_peer1.irs3.kit.edu,other,23953,20.797409114983548
run_007,removal,removal_1772962025,remove-irs3-member1-1772962025,remove-irs3-member1-1772962025,16,removal_voted,removal_approved,2026-03-08T09:27:11.524329669Z,2026-03-08T09:27:14.011617307Z,/var/lib/docker/volumes,3,fabric_peer2.irs3.kit.edu,other,23953,20.797409114983548
run_007,removal,removal_1772962025,remove-irs3-member1-1772962025,remove-irs3-member1-1772962025,16,removal_voted,removal_approved,2026-03-08T09:27:11.524329669Z,2026-03-08T09:27:14.011617307Z,/var/lib/docker/volumes,4,fabric_peer3.irs3.kit.edu,other,23953,20.797409114983548
run_007,removal,removal_1772962025,remove-irs3-member1-1772962025,remove-irs3-member1-1772962025,16,removal_voted,removal_approved,2026-03-08T09:27:11.524329669Z,2026-03-08T09:27:14.011617307Z,/var/lib/docker/volumes,5,fabric_orderer.kit.edu,orderer,19361,16.810363540065815
run_007,removal,removal_1772962025,remove-irs3-member1-1772962025,remove-irs3-member1-1772962025,16,removal_approved,reshare_started,2026-03-08T09:27:14.011617307Z,2026-03-08T09:27:14.383168Z,/var/lib/docker/volumes,1,ab96d922f06ec7a94f1b5200e75e480c9ed7eba86fbbe33b5cb9edbe031c6ea8,other,0,0.0
run_007,removal,removal_1772962025,remove-irs3-member1-1772962025,remove-irs3-member1-1772962025,16,removal_approved,reshare_started,2026-03-08T09:27:14.011617307Z,2026-03-08T09:27:14.383168Z,/var/lib/docker/volumes,2,b8143ef8453ad18871b4b4e0ba6041764a2cda76bc6f516fa468de5fd6585e72,other,0,0.0
run_007,removal,removal_1772962025,remove-irs3-member1-1772962025,remove-irs3-member1-1772962025,16,removal_approved,reshare_started,2026-03-08T09:27:14.011617307Z,2026-03-08T09:27:14.383168Z,/var/lib/docker/volumes,3,fabric_orderer.kit.edu,orderer,0,0.0
run_007,removal,removal_1772962025,remove-irs3-member1-1772962025,remove-irs3-member1-1772962025,16,removal_approved,reshare_started,2026-03-08T09:27:14.011617307Z,2026-03-08T09:27:14.383168Z,/var/lib/docker/volumes,4,fabric_peer0.irs1.kit.edu,other,0,0.0
run_007,removal,removal_1772962025,remove-irs3-member1-1772962025,remove-irs3-member1-1772962025,16,removal_approved,reshare_started,2026-03-08T09:27:14.011617307Z,2026-03-08T09:27:14.383168Z,/var/lib/docker/volumes,5,fabric_peer0.irs3.kit.edu,peer,0,0.0
run_007,removal,removal_1772962025,remove-irs3-member1-1772962025,remove-irs3-member1-1772962025,16,reshare_started,reshare_completed,2026-03-08T09:27:14.383168Z,2026-03-08T09:27:36.059796417Z,/var/lib/docker/volumes,1,fabric_peer0.irs3.kit.edu,peer,61392,20.662706359490432
run_007,removal,removal_1772962025,remove-irs3-member1-1772962025,remove-irs3-member1-1772962025,16,reshare_started,reshare_completed,2026-03-08T09:27:14.383168Z,2026-03-08T09:27:36.059796417Z,/var/lib/docker/volumes,2,fabric_peer1.irs3.kit.edu,other,61392,20.662706359490432
run_007,removal,removal_1772962025,remove-irs3-member1-1772962025,remove-irs3-member1-1772962025,16,reshare_started,reshare_completed,2026-03-08T09:27:14.383168Z,2026-03-08T09:27:36.059796417Z,/var/lib/docker/volumes,3,fabric_peer2.irs3.kit.edu,other,61392,20.662706359490432
run_007,removal,removal_1772962025,remove-irs3-member1-1772962025,remove-irs3-member1-1772962025,16,reshare_started,reshare_completed,2026-03-08T09:27:14.383168Z,2026-03-08T09:27:36.059796417Z,/var/lib/docker/volumes,4,fabric_peer3.irs3.kit.edu,other,61392,20.662706359490432
run_007,removal,removal_1772962025,remove-irs3-member1-1772962025,remove-irs3-member1-1772962025,16,reshare_started,reshare_completed,2026-03-08T09:27:14.383168Z,2026-03-08T09:27:36.059796417Z,/var/lib/docker/volumes,5,fabric_orderer.kit.edu,orderer,51547,17.349174562038268
run_007,removal,removal_1772962025,remove-irs3-member1-1772962025,remove-irs3-member1-1772962025,16,reshare_completed,operation_end,2026-03-08T09:27:36.059796417Z,2026-03-08T09:27:36.795457Z,/var/lib/docker/volumes,1,ab96d922f06ec7a94f1b5200e75e480c9ed7eba86fbbe33b5cb9edbe031c6ea8,other,0,0.0
run_007,removal,removal_1772962025,remove-irs3-member1-1772962025,remove-irs3-member1-1772962025,16,reshare_completed,operation_end,2026-03-08T09:27:36.059796417Z,2026-03-08T09:27:36.795457Z,/var/lib/docker/volumes,2,b8143ef8453ad18871b4b4e0ba6041764a2cda76bc6f516fa468de5fd6585e72,other,0,0.0
run_007,removal,removal_1772962025,remove-irs3-member1-1772962025,remove-irs3-member1-1772962025,16,reshare_completed,operation_end,2026-03-08T09:27:36.059796417Z,2026-03-08T09:27:36.795457Z,/var/lib/docker/volumes,3,fabric_orderer.kit.edu,orderer,0,0.0
run_007,removal,removal_1772962025,remove-irs3-member1-1772962025,remove-irs3-member1-1772962025,16,reshare_completed,operation_end,2026-03-08T09:27:36.059796417Z,2026-03-08T09:27:36.795457Z,/var/lib/docker/volumes,4,fabric_peer0.irs1.kit.edu,other,0,0.0
run_007,removal,removal_1772962025,remove-irs3-member1-1772962025,remove-irs3-member1-1772962025,16,reshare_completed,operation_end,2026-03-08T09:27:36.059796417Z,2026-03-08T09:27:36.795457Z,/var/lib/docker/volumes,5,fabric_peer0.irs3.kit.edu,peer,0,0.0
run_007,join,join_1772962075,join-irs3-1772962075,join-irs3-1772962075,17,operation_start,join_submit_done,2026-03-08T09:27:55.091659Z,2026-03-08T09:27:57.443812Z,/var/lib/docker/volumes,1,fabric_peer0.irs3.kit.edu,peer,10653,20.736977341742584
run_007,join,join_1772962075,join-irs3-1772962075,join-irs3-1772962075,17,operation_start,join_submit_done,2026-03-08T09:27:55.091659Z,2026-03-08T09:27:57.443812Z,/var/lib/docker/volumes,2,fabric_peer1.irs3.kit.edu,other,10653,20.736977341742584
run_007,join,join_1772962075,join-irs3-1772962075,join-irs3-1772962075,17,operation_start,join_submit_done,2026-03-08T09:27:55.091659Z,2026-03-08T09:27:57.443812Z,/var/lib/docker/volumes,3,fabric_peer2.irs3.kit.edu,other,10653,20.736977341742584
run_007,join,join_1772962075,join-irs3-1772962075,join-irs3-1772962075,17,operation_start,join_submit_done,2026-03-08T09:27:55.091659Z,2026-03-08T09:27:57.443812Z,/var/lib/docker/volumes,4,fabric_peer3.irs3.kit.edu,other,10653,20.736977341742584
run_007,join,join_1772962075,join-irs3-1772962075,join-irs3-1772962075,17,operation_start,join_submit_done,2026-03-08T09:27:55.091659Z,2026-03-08T09:27:57.443812Z,/var/lib/docker/volumes,5,fabric_orderer.kit.edu,orderer,8760,17.052090633029664
run_007,join,join_1772962075,join-irs3-1772962075,join-irs3-1772962075,17,join_submit_done,join_voted,2026-03-08T09:27:57.443812Z,2026-03-08T09:28:00.504298019Z,/var/lib/docker/volumes,1,fabric_peer0.irs3.kit.edu,peer,11777,21.01834665905197
run_007,join,join_1772962075,join-irs3-1772962075,join-irs3-1772962075,17,join_submit_done,join_voted,2026-03-08T09:27:57.443812Z,2026-03-08T09:28:00.504298019Z,/var/lib/docker/volumes,2,fabric_peer1.irs3.kit.edu,other,11777,21.01834665905197
run_007,join,join_1772962075,join-irs3-1772962075,join-irs3-1772962075,17,join_submit_done,join_voted,2026-03-08T09:27:57.443812Z,2026-03-08T09:28:00.504298019Z,/var/lib/docker/volumes,3,fabric_peer2.irs3.kit.edu,other,11777,21.01834665905197
run_007,join,join_1772962075,join-irs3-1772962075,join-irs3-1772962075,17,join_submit_done,join_voted,2026-03-08T09:27:57.443812Z,2026-03-08T09:28:00.504298019Z,/var/lib/docker/volumes,4,fabric_peer3.irs3.kit.edu,other,11777,21.01834665905197
run_007,join,join_1772962075,join-irs3-1772962075,join-irs3-1772962075,17,join_submit_done,join_voted,2026-03-08T09:27:57.443812Z,2026-03-08T09:28:00.504298019Z,/var/lib/docker/volumes,5,fabric_orderer.kit.edu,orderer,8924,15.92661336379212
run_007,join,join_1772962075,join-irs3-1772962075,join-irs3-1772962075,17,join_voted,join_approved,2026-03-08T09:28:00.504298019Z,2026-03-08T09:28:05.007352277Z,/var/lib/docker/volumes,1,fabric_peer0.irs3.kit.edu,peer,26165,20.947081898967255
run_007,join,join_1772962075,join-irs3-1772962075,join-irs3-1772962075,17,join_voted,join_approved,2026-03-08T09:28:00.504298019Z,2026-03-08T09:28:05.007352277Z,/var/lib/docker/volumes,2,fabric_peer1.irs3.kit.edu,other,26165,20.947081898967255
run_007,join,join_1772962075,join-irs3-1772962075,join-irs3-1772962075,17,join_voted,join_approved,2026-03-08T09:28:00.504298019Z,2026-03-08T09:28:05.007352277Z,/var/lib/docker/volumes,3,fabric_peer2.irs3.kit.edu,other,26165,20.947081898967255
run_007,join,join_1772962075,join-irs3-1772962075,join-irs3-1772962075,17,join_voted,join_approved,2026-03-08T09:28:00.504298019Z,2026-03-08T09:28:05.007352277Z,/var/lib/docker/volumes,4,fabric_peer3.irs3.kit.edu,other,26165,20.947081898967255
run_007,join,join_1772962075,join-irs3-1772962075,join-irs3-1772962075,17,join_voted,join_approved,2026-03-08T09:28:00.504298019Z,2026-03-08T09:28:05.007352277Z,/var/lib/docker/volumes,5,fabric_orderer.kit.edu,orderer,20250,16.211672404130976
run_007,join,join_1772962075,join-irs3-1772962075,join-irs3-1772962075,17,join_approved,reshare_started,2026-03-08T09:28:05.007352277Z,2026-03-08T09:28:05.858608Z,/var/lib/docker/volumes,1,ab96d922f06ec7a94f1b5200e75e480c9ed7eba86fbbe33b5cb9edbe031c6ea8,other,0,0.0
run_007,join,join_1772962075,join-irs3-1772962075,join-irs3-1772962075,17,join_approved,reshare_started,2026-03-08T09:28:05.007352277Z,2026-03-08T09:28:05.858608Z,/var/lib/docker/volumes,2,b8143ef8453ad18871b4b4e0ba6041764a2cda76bc6f516fa468de5fd6585e72,other,0,0.0
run_007,join,join_1772962075,join-irs3-1772962075,join-irs3-1772962075,17,join_approved,reshare_started,2026-03-08T09:28:05.007352277Z,2026-03-08T09:28:05.858608Z,/var/lib/docker/volumes,3,fabric_orderer.kit.edu,orderer,0,0.0
run_007,join,join_1772962075,join-irs3-1772962075,join-irs3-1772962075,17,join_approved,reshare_started,2026-03-08T09:28:05.007352277Z,2026-03-08T09:28:05.858608Z,/var/lib/docker/volumes,4,fabric_peer0.irs1.kit.edu,other,0,0.0
run_007,join,join_1772962075,join-irs3-1772962075,join-irs3-1772962075,17,join_approved,reshare_started,2026-03-08T09:28:05.007352277Z,2026-03-08T09:28:05.858608Z,/var/lib/docker/volumes,5,fabric_peer0.irs3.kit.edu,peer,0,0.0
run_007,join,join_1772962075,join-irs3-1772962075,join-irs3-1772962075,17,reshare_started,reshare_completed,2026-03-08T09:28:05.858608Z,2026-03-08T09:28:28.587724896Z,/var/lib/docker/volumes,1,fabric_peer0.irs3.kit.edu,peer,40967,20.682778571536755
run_007,join,join_1772962075,join-irs3-1772962075,join-irs3-1772962075,17,reshare_started,reshare_completed,2026-03-08T09:28:05.858608Z,2026-03-08T09:28:28.587724896Z,/var/lib/docker/volumes,2,fabric_peer1.irs3.kit.edu,other,40967,20.682778571536755
run_007,join,join_1772962075,join-irs3-1772962075,join-irs3-1772962075,17,reshare_started,reshare_completed,2026-03-08T09:28:05.858608Z,2026-03-08T09:28:28.587724896Z,/var/lib/docker/volumes,3,fabric_peer2.irs3.kit.edu,other,40967,20.682778571536755
run_007,join,join_1772962075,join-irs3-1772962075,join-irs3-1772962075,17,reshare_started,reshare_completed,2026-03-08T09:28:05.858608Z,2026-03-08T09:28:28.587724896Z,/var/lib/docker/volumes,4,fabric_peer3.irs3.kit.edu,other,40967,20.682778571536755
run_007,join,join_1772962075,join-irs3-1772962075,join-irs3-1772962075,17,reshare_started,reshare_completed,2026-03-08T09:28:05.858608Z,2026-03-08T09:28:28.587724896Z,/var/lib/docker/volumes,5,fabric_orderer.kit.edu,orderer,34205,17.268885713852974
run_007,join,join_1772962075,join-irs3-1772962075,join-irs3-1772962075,17,reshare_completed,operation_end,2026-03-08T09:28:28.587724896Z,2026-03-08T09:28:36.426199Z,/var/lib/docker/volumes,1,fabric_peer0.irs3.kit.edu,peer,74482,20.56621851848784
run_007,join,join_1772962075,join-irs3-1772962075,join-irs3-1772962075,17,reshare_completed,operation_end,2026-03-08T09:28:28.587724896Z,2026-03-08T09:28:36.426199Z,/var/lib/docker/volumes,2,fabric_peer1.irs3.kit.edu,other,74482,20.56621851848784
run_007,join,join_1772962075,join-irs3-1772962075,join-irs3-1772962075,17,reshare_completed,operation_end,2026-03-08T09:28:28.587724896Z,2026-03-08T09:28:36.426199Z,/var/lib/docker/volumes,3,fabric_peer2.irs3.kit.edu,other,74482,20.56621851848784
run_007,join,join_1772962075,join-irs3-1772962075,join-irs3-1772962075,17,reshare_completed,operation_end,2026-03-08T09:28:28.587724896Z,2026-03-08T09:28:36.426199Z,/var/lib/docker/volumes,4,fabric_peer3.irs3.kit.edu,other,74482,20.56621851848784
run_007,join,join_1772962075,join-irs3-1772962075,join-irs3-1772962075,17,reshare_completed,operation_end,2026-03-08T09:28:28.587724896Z,2026-03-08T09:28:36.426199Z,/var/lib/docker/volumes,5,fabric_orderer.kit.edu,orderer,64229,17.73512592604865
run_008,csr,csr_1772962123,csr-irs3-1772962123,csr-irs3-1772962123,,operation_start,csr_submit_done,2026-03-08T09:28:43.362902Z,2026-03-08T09:28:45.744052Z,/var/lib/docker/volumes,1,fabric_peer0.irs3.kit.edu,peer,10696,20.836093037752757
run_008,csr,csr_1772962123,csr-irs3-1772962123,csr-irs3-1772962123,,operation_start,csr_submit_done,2026-03-08T09:28:43.362902Z,2026-03-08T09:28:45.744052Z,/var/lib/docker/volumes,2,fabric_peer1.irs3.kit.edu,other,10696,20.836093037752757
run_008,csr,csr_1772962123,csr-irs3-1772962123,csr-irs3-1772962123,,operation_start,csr_submit_done,2026-03-08T09:28:43.362902Z,2026-03-08T09:28:45.744052Z,/var/lib/docker/volumes,3,fabric_peer2.irs3.kit.edu,other,10696,20.836093037752757
run_008,csr,csr_1772962123,csr-irs3-1772962123,csr-irs3-1772962123,,operation_start,csr_submit_done,2026-03-08T09:28:43.362902Z,2026-03-08T09:28:45.744052Z,/var/lib/docker/volumes,4,fabric_peer3.irs3.kit.edu,other,10696,20.836093037752757
run_008,csr,csr_1772962123,csr-irs3-1772962123,csr-irs3-1772962123,,operation_start,csr_submit_done,2026-03-08T09:28:43.362902Z,2026-03-08T09:28:45.744052Z,/var/lib/docker/volumes,5,fabric_orderer.kit.edu,orderer,8550,16.655627848988974
run_008,csr,csr_1772962123,csr-irs3-1772962123,csr-irs3-1772962123,,csr_submit_done,csr_voted,2026-03-08T09:28:45.744052Z,2026-03-08T09:28:48.480328619Z,/var/lib/docker/volumes,1,fabric_peer0.irs3.kit.edu,peer,11894,21.089400333345154
run_008,csr,csr_1772962123,csr-irs3-1772962123,csr-irs3-1772962123,,csr_submit_done,csr_voted,2026-03-08T09:28:45.744052Z,2026-03-08T09:28:48.480328619Z,/var/lib/docker/volumes,2,fabric_peer1.irs3.kit.edu,other,11894,21.089400333345154
run_008,csr,csr_1772962123,csr-irs3-1772962123,csr-irs3-1772962123,,csr_submit_done,csr_voted,2026-03-08T09:28:45.744052Z,2026-03-08T09:28:48.480328619Z,/var/lib/docker/volumes,3,fabric_peer2.irs3.kit.edu,other,11894,21.089400333345154
run_008,csr,csr_1772962123,csr-irs3-1772962123,csr-irs3-1772962123,,csr_submit_done,csr_voted,2026-03-08T09:28:45.744052Z,2026-03-08T09:28:48.480328619Z,/var/lib/docker/volumes,4,fabric_peer3.irs3.kit.edu,other,11894,21.089400333345154
run_008,csr,csr_1772962123,csr-irs3-1772962123,csr-irs3-1772962123,,csr_submit_done,csr_voted,2026-03-08T09:28:45.744052Z,2026-03-08T09:28:48.480328619Z,/var/lib/docker/volumes,5,fabric_orderer.kit.edu,orderer,8822,15.642398666619384
run_008,csr,csr_1772962123,csr-irs3-1772962123,csr-irs3-1772962123,,csr_voted,csr_approved,2026-03-08T09:28:48.480328619Z,2026-03-08T09:28:50.577795346Z,/var/lib/docker/volumes,1,fabric_peer0.irs3.kit.edu,peer,20210,20.76398306826121
run_008,csr,csr_1772962123,csr-irs3-1772962123,csr-irs3-1772962123,,csr_voted,csr_approved,2026-03-08T09:28:48.480328619Z,2026-03-08T09:28:50.577795346Z,/var/lib/docker/volumes,2,fabric_peer1.irs3.kit.edu,other,20210,20.76398306826121
run_008,csr,csr_1772962123,csr-irs3-1772962123,csr-irs3-1772962123,,csr_voted,csr_approved,2026-03-08T09:28:48.480328619Z,2026-03-08T09:28:50.577795346Z,/var/lib/docker/volumes,3,fabric_peer2.irs3.kit.edu,other,20210,20.76398306826121
run_008,csr,csr_1772962123,csr-irs3-1772962123,csr-irs3-1772962123,,csr_voted,csr_approved,2026-03-08T09:28:48.480328619Z,2026-03-08T09:28:50.577795346Z,/var/lib/docker/volumes,4,fabric_peer3.irs3.kit.edu,other,20210,20.76398306826121
run_008,csr,csr_1772962123,csr-irs3-1772962123,csr-irs3-1772962123,,csr_voted,csr_approved,2026-03-08T09:28:48.480328619Z,2026-03-08T09:28:50.577795346Z,/var/lib/docker/volumes,5,fabric_orderer.kit.edu,orderer,16492,16.944067726955165
run_008,csr,csr_1772962123,csr-irs3-1772962123,csr-irs3-1772962123,,csr_approved,cert_registered,2026-03-08T09:28:50.577795346Z,2026-03-08T09:29:00.21228589Z,/var/lib/docker/volumes,1,fabric_peer0.irs3.kit.edu,peer,51678,20.919556980472166
run_008,csr,csr_1772962123,csr-irs3-1772962123,csr-irs3-1772962123,,csr_approved,cert_registered,2026-03-08T09:28:50.577795346Z,2026-03-08T09:29:00.21228589Z,/var/lib/docker/volumes,2,fabric_peer1.irs3.kit.edu,other,51678,20.919556980472166
run_008,csr,csr_1772962123,csr-irs3-1772962123,csr-irs3-1772962123,,csr_approved,cert_registered,2026-03-08T09:28:50.577795346Z,2026-03-08T09:29:00.21228589Z,/var/lib/docker/volumes,3,fabric_peer2.irs3.kit.edu,other,51678,20.919556980472166
run_008,csr,csr_1772962123,csr-irs3-1772962123,csr-irs3-1772962123,,csr_approved,cert_registered,2026-03-08T09:28:50.577795346Z,2026-03-08T09:29:00.21228589Z,/var/lib/docker/volumes,4,fabric_peer3.irs3.kit.edu,other,51678,20.919556980472166
run_008,csr,csr_1772962123,csr-irs3-1772962123,csr-irs3-1772962123,,csr_approved,cert_registered,2026-03-08T09:28:50.577795346Z,2026-03-08T09:29:00.21228589Z,/var/lib/docker/volumes,5,fabric_orderer.kit.edu,orderer,40320,16.321772078111337
run_008,csr,csr_1772962123,csr-irs3-1772962123,csr-irs3-1772962123,,cert_registered,operation_end,2026-03-08T09:29:00.21228589Z,2026-03-08T09:29:00.382637Z,/var/lib/docker/volumes,1,ab96d922f06ec7a94f1b5200e75e480c9ed7eba86fbbe33b5cb9edbe031c6ea8,other,0,0.0
run_008,csr,csr_1772962123,csr-irs3-1772962123,csr-irs3-1772962123,,cert_registered,operation_end,2026-03-08T09:29:00.21228589Z,2026-03-08T09:29:00.382637Z,/var/lib/docker/volumes,2,b8143ef8453ad18871b4b4e0ba6041764a2cda76bc6f516fa468de5fd6585e72,other,0,0.0
run_008,csr,csr_1772962123,csr-irs3-1772962123,csr-irs3-1772962123,,cert_registered,operation_end,2026-03-08T09:29:00.21228589Z,2026-03-08T09:29:00.382637Z,/var/lib/docker/volumes,3,fabric_orderer.kit.edu,orderer,0,0.0
run_008,csr,csr_1772962123,csr-irs3-1772962123,csr-irs3-1772962123,,cert_registered,operation_end,2026-03-08T09:29:00.21228589Z,2026-03-08T09:29:00.382637Z,/var/lib/docker/volumes,4,fabric_peer0.irs1.kit.edu,other,0,0.0
run_008,csr,csr_1772962123,csr-irs3-1772962123,csr-irs3-1772962123,,cert_registered,operation_end,2026-03-08T09:29:00.21228589Z,2026-03-08T09:29:00.382637Z,/var/lib/docker/volumes,5,fabric_peer0.irs3.kit.edu,peer,0,0.0
run_008,revocation,revocation_1772962160,revoke-irs3-1772962160,revoke-irs3-1772962160,,operation_start,revocation_submit_done,2026-03-08T09:29:20.752779Z,2026-03-08T09:29:23.094314Z,/var/lib/docker/volumes,1,fabric_peer0.irs3.kit.edu,peer,8236,20.519208729881907
run_008,revocation,revocation_1772962160,revoke-irs3-1772962160,revoke-irs3-1772962160,,operation_start,revocation_submit_done,2026-03-08T09:29:20.752779Z,2026-03-08T09:29:23.094314Z,/var/lib/docker/volumes,2,fabric_peer1.irs3.kit.edu,other,8236,20.519208729881907
run_008,revocation,revocation_1772962160,revoke-irs3-1772962160,revoke-irs3-1772962160,,operation_start,revocation_submit_done,2026-03-08T09:29:20.752779Z,2026-03-08T09:29:23.094314Z,/var/lib/docker/volumes,3,fabric_peer2.irs3.kit.edu,other,8236,20.519208729881907
run_008,revocation,revocation_1772962160,revoke-irs3-1772962160,revoke-irs3-1772962160,,operation_start,revocation_submit_done,2026-03-08T09:29:20.752779Z,2026-03-08T09:29:23.094314Z,/var/lib/docker/volumes,4,fabric_peer3.irs3.kit.edu,other,8236,20.519208729881907
run_008,revocation,revocation_1772962160,revoke-irs3-1772962160,revoke-irs3-1772962160,,operation_start,revocation_submit_done,2026-03-08T09:29:20.752779Z,2026-03-08T09:29:23.094314Z,/var/lib/docker/volumes,5,fabric_orderer.kit.edu,orderer,7194,17.92316508047237
run_008,revocation,revocation_1772962160,revoke-irs3-1772962160,revoke-irs3-1772962160,,revocation_submit_done,revocation_voted,2026-03-08T09:29:23.094314Z,2026-03-08T09:29:26.604861802Z,/var/lib/docker/volumes,1,fabric_peer0.irs3.kit.edu,peer,23437,20.391525644929743
run_008,revocation,revocation_1772962160,revoke-irs3-1772962160,revoke-irs3-1772962160,,revocation_submit_done,revocation_voted,2026-03-08T09:29:23.094314Z,2026-03-08T09:29:26.604861802Z,/var/lib/docker/volumes,2,fabric_peer1.irs3.kit.edu,other,23437,20.391525644929743
run_008,revocation,revocation_1772962160,revoke-irs3-1772962160,revoke-irs3-1772962160,,revocation_submit_done,revocation_voted,2026-03-08T09:29:23.094314Z,2026-03-08T09:29:26.604861802Z,/var/lib/docker/volumes,3,fabric_peer2.irs3.kit.edu,other,23437,20.391525644929743
run_008,revocation,revocation_1772962160,revoke-irs3-1772962160,revoke-irs3-1772962160,,revocation_submit_done,revocation_voted,2026-03-08T09:29:23.094314Z,2026-03-08T09:29:26.604861802Z,/var/lib/docker/volumes,4,fabric_peer3.irs3.kit.edu,other,23437,20.391525644929743
run_008,revocation,revocation_1772962160,revoke-irs3-1772962160,revoke-irs3-1772962160,,revocation_submit_done,revocation_voted,2026-03-08T09:29:23.094314Z,2026-03-08T09:29:26.604861802Z,/var/lib/docker/volumes,5,fabric_orderer.kit.edu,orderer,21187,18.433897420281028
run_008,revocation,revocation_1772962160,revoke-irs3-1772962160,revoke-irs3-1772962160,,revocation_voted,revocation_executed,2026-03-08T09:29:26.604861802Z,2026-03-08T09:29:29.063815687Z,/var/lib/docker/volumes,1,fabric_peer0.irs3.kit.edu,peer,26749,20.88737574475063
run_008,revocation,revocation_1772962160,revoke-irs3-1772962160,revoke-irs3-1772962160,,revocation_voted,revocation_executed,2026-03-08T09:29:26.604861802Z,2026-03-08T09:29:29.063815687Z,/var/lib/docker/volumes,2,fabric_peer1.irs3.kit.edu,other,26749,20.88737574475063
run_008,revocation,revocation_1772962160,revoke-irs3-1772962160,revoke-irs3-1772962160,,revocation_voted,revocation_executed,2026-03-08T09:29:26.604861802Z,2026-03-08T09:29:29.063815687Z,/var/lib/docker/volumes,3,fabric_peer2.irs3.kit.edu,other,26749,20.88737574475063
run_008,revocation,revocation_1772962160,revoke-irs3-1772962160,revoke-irs3-1772962160,,revocation_voted,revocation_executed,2026-03-08T09:29:26.604861802Z,2026-03-08T09:29:29.063815687Z,/var/lib/docker/volumes,4,fabric_peer3.irs3.kit.edu,other,26749,20.88737574475063
run_008,revocation,revocation_1772962160,revoke-irs3-1772962160,revoke-irs3-1772962160,,revocation_voted,revocation_executed,2026-03-08T09:29:26.604861802Z,2026-03-08T09:29:29.063815687Z,/var/lib/docker/volumes,5,fabric_orderer.kit.edu,orderer,21067,16.450497020997478
run_008,revocation,revocation_1772962160,revoke-irs3-1772962160,revoke-irs3-1772962160,,revocation_executed,operation_end,2026-03-08T09:29:29.063815687Z,2026-03-08T09:29:29.534627Z,/var/lib/docker/volumes,1,ab96d922f06ec7a94f1b5200e75e480c9ed7eba86fbbe33b5cb9edbe031c6ea8,other,0,0.0
run_008,revocation,revocation_1772962160,revoke-irs3-1772962160,revoke-irs3-1772962160,,revocation_executed,operation_end,2026-03-08T09:29:29.063815687Z,2026-03-08T09:29:29.534627Z,/var/lib/docker/volumes,2,b8143ef8453ad18871b4b4e0ba6041764a2cda76bc6f516fa468de5fd6585e72,other,0,0.0
run_008,revocation,revocation_1772962160,revoke-irs3-1772962160,revoke-irs3-1772962160,,revocation_executed,operation_end,2026-03-08T09:29:29.063815687Z,2026-03-08T09:29:29.534627Z,/var/lib/docker/volumes,3,fabric_orderer.kit.edu,orderer,0,0.0
run_008,revocation,revocation_1772962160,revoke-irs3-1772962160,revoke-irs3-1772962160,,revocation_executed,operation_end,2026-03-08T09:29:29.063815687Z,2026-03-08T09:29:29.534627Z,/var/lib/docker/volumes,4,fabric_peer0.irs1.kit.edu,other,0,0.0
run_008,revocation,revocation_1772962160,revoke-irs3-1772962160,revoke-irs3-1772962160,,revocation_executed,operation_end,2026-03-08T09:29:29.063815687Z,2026-03-08T09:29:29.534627Z,/var/lib/docker/volumes,5,fabric_peer0.irs3.kit.edu,peer,0,0.0
run_008,removal,removal_1772962187,remove-irs3-member1-1772962188,remove-irs3-member1-1772962188,18,operation_start,removal_submit_done,2026-03-08T09:29:47.855312Z,2026-03-08T09:29:50.219177Z,/var/lib/docker/volumes,1,fabric_peer0.irs3.kit.edu,peer,9585,20.475519097667263
run_008,removal,removal_1772962187,remove-irs3-member1-1772962188,remove-irs3-member1-1772962188,18,operation_start,removal_submit_done,2026-03-08T09:29:47.855312Z,2026-03-08T09:29:50.219177Z,/var/lib/docker/volumes,2,fabric_peer1.irs3.kit.edu,other,9585,20.475519097667263
run_008,removal,removal_1772962187,remove-irs3-member1-1772962188,remove-irs3-member1-1772962188,18,operation_start,removal_submit_done,2026-03-08T09:29:47.855312Z,2026-03-08T09:29:50.219177Z,/var/lib/docker/volumes,3,fabric_peer2.irs3.kit.edu,other,9585,20.475519097667263
run_008,removal,removal_1772962187,remove-irs3-member1-1772962188,remove-irs3-member1-1772962188,18,operation_start,removal_submit_done,2026-03-08T09:29:47.855312Z,2026-03-08T09:29:50.219177Z,/var/lib/docker/volumes,4,fabric_peer3.irs3.kit.edu,other,9585,20.475519097667263
run_008,removal,removal_1772962187,remove-irs3-member1-1772962188,remove-irs3-member1-1772962188,18,operation_start,removal_submit_done,2026-03-08T09:29:47.855312Z,2026-03-08T09:29:50.219177Z,/var/lib/docker/volumes,5,fabric_orderer.kit.edu,orderer,8472,18.09792360933094
run_008,removal,removal_1772962187,remove-irs3-member1-1772962188,remove-irs3-member1-1772962188,18,removal_submit_done,removal_voted,2026-03-08T09:29:50.219177Z,2026-03-08T09:29:53.560657702Z,/var/lib/docker/volumes,1,fabric_peer0.irs3.kit.edu,peer,24968,20.386867095067405
run_008,removal,removal_1772962187,remove-irs3-member1-1772962188,remove-irs3-member1-1772962188,18,removal_submit_done,removal_voted,2026-03-08T09:29:50.219177Z,2026-03-08T09:29:53.560657702Z,/var/lib/docker/volumes,2,fabric_peer1.irs3.kit.edu,other,24968,20.386867095067405
run_008,removal,removal_1772962187,remove-irs3-member1-1772962188,remove-irs3-member1-1772962188,18,removal_submit_done,removal_voted,2026-03-08T09:29:50.219177Z,2026-03-08T09:29:53.560657702Z,/var/lib/docker/volumes,3,fabric_peer2.irs3.kit.edu,other,24968,20.386867095067405
run_008,removal,removal_1772962187,remove-irs3-member1-1772962188,remove-irs3-member1-1772962188,18,removal_submit_done,removal_voted,2026-03-08T09:29:50.219177Z,2026-03-08T09:29:53.560657702Z,/var/lib/docker/volumes,4,fabric_peer3.irs3.kit.edu,other,24968,20.386867095067405
run_008,removal,removal_1772962187,remove-irs3-member1-1772962188,remove-irs3-member1-1772962188,18,removal_submit_done,removal_voted,2026-03-08T09:29:50.219177Z,2026-03-08T09:29:53.560657702Z,/var/lib/docker/volumes,5,fabric_orderer.kit.edu,orderer,22599,18.452531619730387
run_008,removal,removal_1772962187,remove-irs3-member1-1772962188,remove-irs3-member1-1772962188,18,removal_voted,removal_approved,2026-03-08T09:29:53.560657702Z,2026-03-08T09:29:55.985116029Z,/var/lib/docker/volumes,1,fabric_peer0.irs3.kit.edu,peer,24042,20.796498451637458
run_008,removal,removal_1772962187,remove-irs3-member1-1772962188,remove-irs3-member1-1772962188,18,removal_voted,removal_approved,2026-03-08T09:29:53.560657702Z,2026-03-08T09:29:55.985116029Z,/var/lib/docker/volumes,2,fabric_peer1.irs3.kit.edu,other,24042,20.796498451637458
run_008,removal,removal_1772962187,remove-irs3-member1-1772962188,remove-irs3-member1-1772962188,18,removal_voted,removal_approved,2026-03-08T09:29:53.560657702Z,2026-03-08T09:29:55.985116029Z,/var/lib/docker/volumes,3,fabric_peer2.irs3.kit.edu,other,24042,20.796498451637458
run_008,removal,removal_1772962187,remove-irs3-member1-1772962188,remove-irs3-member1-1772962188,18,removal_voted,removal_approved,2026-03-08T09:29:53.560657702Z,2026-03-08T09:29:55.985116029Z,/var/lib/docker/volumes,4,fabric_peer3.irs3.kit.edu,other,24042,20.796498451637458
run_008,removal,removal_1772962187,remove-irs3-member1-1772962188,remove-irs3-member1-1772962188,18,removal_voted,removal_approved,2026-03-08T09:29:53.560657702Z,2026-03-08T09:29:55.985116029Z,/var/lib/docker/volumes,5,fabric_orderer.kit.edu,orderer,19438,16.81400619345017
run_008,removal,removal_1772962187,remove-irs3-member1-1772962188,remove-irs3-member1-1772962188,18,removal_approved,reshare_started,2026-03-08T09:29:55.985116029Z,2026-03-08T09:29:56.603838Z,/var/lib/docker/volumes,1,ab96d922f06ec7a94f1b5200e75e480c9ed7eba86fbbe33b5cb9edbe031c6ea8,other,0,0.0
run_008,removal,removal_1772962187,remove-irs3-member1-1772962188,remove-irs3-member1-1772962188,18,removal_approved,reshare_started,2026-03-08T09:29:55.985116029Z,2026-03-08T09:29:56.603838Z,/var/lib/docker/volumes,2,b8143ef8453ad18871b4b4e0ba6041764a2cda76bc6f516fa468de5fd6585e72,other,0,0.0
run_008,removal,removal_1772962187,remove-irs3-member1-1772962188,remove-irs3-member1-1772962188,18,removal_approved,reshare_started,2026-03-08T09:29:55.985116029Z,2026-03-08T09:29:56.603838Z,/var/lib/docker/volumes,3,fabric_orderer.kit.edu,orderer,0,0.0
run_008,removal,removal_1772962187,remove-irs3-member1-1772962188,remove-irs3-member1-1772962188,18,removal_approved,reshare_started,2026-03-08T09:29:55.985116029Z,2026-03-08T09:29:56.603838Z,/var/lib/docker/volumes,4,fabric_peer0.irs1.kit.edu,other,0,0.0
run_008,removal,removal_1772962187,remove-irs3-member1-1772962188,remove-irs3-member1-1772962188,18,removal_approved,reshare_started,2026-03-08T09:29:55.985116029Z,2026-03-08T09:29:56.603838Z,/var/lib/docker/volumes,5,fabric_peer0.irs3.kit.edu,peer,0,0.0
run_008,removal,removal_1772962187,remove-irs3-member1-1772962188,remove-irs3-member1-1772962188,18,reshare_started,reshare_completed,2026-03-08T09:29:56.603838Z,2026-03-08T09:30:18.099853934Z,/var/lib/docker/volumes,1,fabric_peer0.irs3.kit.edu,peer,53386,20.75556056653435
run_008,removal,removal_1772962187,remove-irs3-member1-1772962188,remove-irs3-member1-1772962188,18,reshare_started,reshare_completed,2026-03-08T09:29:56.603838Z,2026-03-08T09:30:18.099853934Z,/var/lib/docker/volumes,2,fabric_peer1.irs3.kit.edu,other,53386,20.75556056653435
run_008,removal,removal_1772962187,remove-irs3-member1-1772962188,remove-irs3-member1-1772962188,18,reshare_started,reshare_completed,2026-03-08T09:29:56.603838Z,2026-03-08T09:30:18.099853934Z,/var/lib/docker/volumes,3,fabric_peer2.irs3.kit.edu,other,53386,20.75556056653435
run_008,removal,removal_1772962187,remove-irs3-member1-1772962188,remove-irs3-member1-1772962188,18,reshare_started,reshare_completed,2026-03-08T09:29:56.603838Z,2026-03-08T09:30:18.099853934Z,/var/lib/docker/volumes,4,fabric_peer3.irs3.kit.edu,other,53386,20.75556056653435
run_008,removal,removal_1772962187,remove-irs3-member1-1772962188,remove-irs3-member1-1772962188,18,reshare_started,reshare_completed,2026-03-08T09:29:56.603838Z,2026-03-08T09:30:18.099853934Z,/var/lib/docker/volumes,5,fabric_orderer.kit.edu,orderer,43669,16.977757733862596
run_008,removal,removal_1772962187,remove-irs3-member1-1772962188,remove-irs3-member1-1772962188,18,reshare_completed,operation_end,2026-03-08T09:30:18.099853934Z,2026-03-08T09:30:19.056918Z,/var/lib/docker/volumes,1,ab96d922f06ec7a94f1b5200e75e480c9ed7eba86fbbe33b5cb9edbe031c6ea8,other,0,0.0
run_008,removal,removal_1772962187,remove-irs3-member1-1772962188,remove-irs3-member1-1772962188,18,reshare_completed,operation_end,2026-03-08T09:30:18.099853934Z,2026-03-08T09:30:19.056918Z,/var/lib/docker/volumes,2,b8143ef8453ad18871b4b4e0ba6041764a2cda76bc6f516fa468de5fd6585e72,other,0,0.0
run_008,removal,removal_1772962187,remove-irs3-member1-1772962188,remove-irs3-member1-1772962188,18,reshare_completed,operation_end,2026-03-08T09:30:18.099853934Z,2026-03-08T09:30:19.056918Z,/var/lib/docker/volumes,3,fabric_orderer.kit.edu,orderer,0,0.0
run_008,removal,removal_1772962187,remove-irs3-member1-1772962188,remove-irs3-member1-1772962188,18,reshare_completed,operation_end,2026-03-08T09:30:18.099853934Z,2026-03-08T09:30:19.056918Z,/var/lib/docker/volumes,4,fabric_peer0.irs1.kit.edu,other,0,0.0
run_008,removal,removal_1772962187,remove-irs3-member1-1772962188,remove-irs3-member1-1772962188,18,reshare_completed,operation_end,2026-03-08T09:30:18.099853934Z,2026-03-08T09:30:19.056918Z,/var/lib/docker/volumes,5,fabric_peer0.irs3.kit.edu,peer,0,0.0
run_008,join,join_1772962237,join-irs3-1772962237,join-irs3-1772962237,19,operation_start,join_submit_done,2026-03-08T09:30:37.389851Z,2026-03-08T09:30:39.766619Z,/var/lib/docker/volumes,1,fabric_peer0.irs3.kit.edu,peer,10794,20.72779644743159
run_008,join,join_1772962237,join-irs3-1772962237,join-irs3-1772962237,19,operation_start,join_submit_done,2026-03-08T09:30:37.389851Z,2026-03-08T09:30:39.766619Z,/var/lib/docker/volumes,2,fabric_peer1.irs3.kit.edu,other,10794,20.72779644743159
run_008,join,join_1772962237,join-irs3-1772962237,join-irs3-1772962237,19,operation_start,join_submit_done,2026-03-08T09:30:37.389851Z,2026-03-08T09:30:39.766619Z,/var/lib/docker/volumes,3,fabric_peer2.irs3.kit.edu,other,10794,20.72779644743159
run_008,join,join_1772962237,join-irs3-1772962237,join-irs3-1772962237,19,operation_start,join_submit_done,2026-03-08T09:30:37.389851Z,2026-03-08T09:30:39.766619Z,/var/lib/docker/volumes,4,fabric_peer3.irs3.kit.edu,other,10794,20.72779644743159
run_008,join,join_1772962237,join-irs3-1772962237,join-irs3-1772962237,19,operation_start,join_submit_done,2026-03-08T09:30:37.389851Z,2026-03-08T09:30:39.766619Z,/var/lib/docker/volumes,5,fabric_orderer.kit.edu,orderer,8899,17.088814210273647
run_008,join,join_1772962237,join-irs3-1772962237,join-irs3-1772962237,19,join_submit_done,join_voted,2026-03-08T09:30:39.766619Z,2026-03-08T09:30:42.507888839Z,/var/lib/docker/volumes,1,fabric_peer0.irs3.kit.edu,peer,19866,20.619862160591214
run_008,join,join_1772962237,join-irs3-1772962237,join-irs3-1772962237,19,join_submit_done,join_voted,2026-03-08T09:30:39.766619Z,2026-03-08T09:30:42.507888839Z,/var/lib/docker/volumes,2,fabric_peer1.irs3.kit.edu,other,19866,20.619862160591214
run_008,join,join_1772962237,join-irs3-1772962237,join-irs3-1772962237,19,join_submit_done,join_voted,2026-03-08T09:30:39.766619Z,2026-03-08T09:30:42.507888839Z,/var/lib/docker/volumes,3,fabric_peer2.irs3.kit.edu,other,19866,20.619862160591214
run_008,join,join_1772962237,join-irs3-1772962237,join-irs3-1772962237,19,join_submit_done,join_voted,2026-03-08T09:30:39.766619Z,2026-03-08T09:30:42.507888839Z,/var/lib/docker/volumes,4,fabric_peer3.irs3.kit.edu,other,19866,20.619862160591214
run_008,join,join_1772962237,join-irs3-1772962237,join-irs3-1772962237,19,join_submit_done,join_voted,2026-03-08T09:30:39.766619Z,2026-03-08T09:30:42.507888839Z,/var/lib/docker/volumes,5,fabric_orderer.kit.edu,orderer,16880,17.520551357635142
run_008,join,join_1772962237,join-irs3-1772962237,join-irs3-1772962237,19,join_voted,join_approved,2026-03-08T09:30:42.507888839Z,2026-03-08T09:30:45.018603611Z,/var/lib/docker/volumes,1,fabric_peer0.irs3.kit.edu,peer,16958,21.411616161616163
run_008,join,join_1772962237,join-irs3-1772962237,join-irs3-1772962237,19,join_voted,join_approved,2026-03-08T09:30:42.507888839Z,2026-03-08T09:30:45.018603611Z,/var/lib/docker/volumes,2,fabric_peer1.irs3.kit.edu,other,16958,21.411616161616163
run_008,join,join_1772962237,join-irs3-1772962237,join-irs3-1772962237,19,join_voted,join_approved,2026-03-08T09:30:42.507888839Z,2026-03-08T09:30:45.018603611Z,/var/lib/docker/volumes,3,fabric_peer2.irs3.kit.edu,other,16958,21.411616161616163
run_008,join,join_1772962237,join-irs3-1772962237,join-irs3-1772962237,19,join_voted,join_approved,2026-03-08T09:30:42.507888839Z,2026-03-08T09:30:45.018603611Z,/var/lib/docker/volumes,4,fabric_peer3.irs3.kit.edu,other,16958,21.411616161616163
run_008,join,join_1772962237,join-irs3-1772962237,join-irs3-1772962237,19,join_voted,join_approved,2026-03-08T09:30:42.507888839Z,2026-03-08T09:30:45.018603611Z,/var/lib/docker/volumes,5,fabric_orderer.kit.edu,orderer,11368,14.353535353535355
run_008,join,join_1772962237,join-irs3-1772962237,join-irs3-1772962237,19,join_approved,reshare_started,2026-03-08T09:30:45.018603611Z,2026-03-08T09:30:46.159649Z,/var/lib/docker/volumes,1,ab96d922f06ec7a94f1b5200e75e480c9ed7eba86fbbe33b5cb9edbe031c6ea8,other,0,0.0
run_008,join,join_1772962237,join-irs3-1772962237,join-irs3-1772962237,19,join_approved,reshare_started,2026-03-08T09:30:45.018603611Z,2026-03-08T09:30:46.159649Z,/var/lib/docker/volumes,2,b8143ef8453ad18871b4b4e0ba6041764a2cda76bc6f516fa468de5fd6585e72,other,0,0.0
run_008,join,join_1772962237,join-irs3-1772962237,join-irs3-1772962237,19,join_approved,reshare_started,2026-03-08T09:30:45.018603611Z,2026-03-08T09:30:46.159649Z,/var/lib/docker/volumes,3,fabric_orderer.kit.edu,orderer,0,0.0
run_008,join,join_1772962237,join-irs3-1772962237,join-irs3-1772962237,19,join_approved,reshare_started,2026-03-08T09:30:45.018603611Z,2026-03-08T09:30:46.159649Z,/var/lib/docker/volumes,4,fabric_peer0.irs1.kit.edu,other,0,0.0
run_008,join,join_1772962237,join-irs3-1772962237,join-irs3-1772962237,19,join_approved,reshare_started,2026-03-08T09:30:45.018603611Z,2026-03-08T09:30:46.159649Z,/var/lib/docker/volumes,5,fabric_peer0.irs3.kit.edu,peer,0,0.0
run_008,join,join_1772962237,join-irs3-1772962237,join-irs3-1772962237,19,reshare_started,reshare_completed,2026-03-08T09:30:46.159649Z,2026-03-08T09:31:09.635882021Z,/var/lib/docker/volumes,1,fabric_peer0.irs3.kit.edu,peer,47119,20.602522900679915
run_008,join,join_1772962237,join-irs3-1772962237,join-irs3-1772962237,19,reshare_started,reshare_completed,2026-03-08T09:30:46.159649Z,2026-03-08T09:31:09.635882021Z,/var/lib/docker/volumes,2,fabric_peer1.irs3.kit.edu,other,47119,20.602522900679915
run_008,join,join_1772962237,join-irs3-1772962237,join-irs3-1772962237,19,reshare_started,reshare_completed,2026-03-08T09:30:46.159649Z,2026-03-08T09:31:09.635882021Z,/var/lib/docker/volumes,3,fabric_peer2.irs3.kit.edu,other,47119,20.602522900679915
run_008,join,join_1772962237,join-irs3-1772962237,join-irs3-1772962237,19,reshare_started,reshare_completed,2026-03-08T09:30:46.159649Z,2026-03-08T09:31:09.635882021Z,/var/lib/docker/volumes,4,fabric_peer3.irs3.kit.edu,other,47119,20.602522900679915
run_008,join,join_1772962237,join-irs3-1772962237,join-irs3-1772962237,19,reshare_started,reshare_completed,2026-03-08T09:30:46.159649Z,2026-03-08T09:31:09.635882021Z,/var/lib/docker/volumes,5,fabric_orderer.kit.edu,orderer,40229,17.58990839728034
run_008,join,join_1772962237,join-irs3-1772962237,join-irs3-1772962237,19,reshare_completed,operation_end,2026-03-08T09:31:09.635882021Z,2026-03-08T09:31:16.677786Z,/var/lib/docker/volumes,1,fabric_peer0.irs3.kit.edu,peer,89539,20.48127180190999
run_008,join,join_1772962237,join-irs3-1772962237,join-irs3-1772962237,19,reshare_completed,operation_end,2026-03-08T09:31:09.635882021Z,2026-03-08T09:31:16.677786Z,/var/lib/docker/volumes,2,fabric_peer1.irs3.kit.edu,other,89539,20.48127180190999
run_008,join,join_1772962237,join-irs3-1772962237,join-irs3-1772962237,19,reshare_completed,operation_end,2026-03-08T09:31:09.635882021Z,2026-03-08T09:31:16.677786Z,/var/lib/docker/volumes,3,fabric_peer2.irs3.kit.edu,other,89539,20.48127180190999
run_008,join,join_1772962237,join-irs3-1772962237,join-irs3-1772962237,19,reshare_completed,operation_end,2026-03-08T09:31:09.635882021Z,2026-03-08T09:31:16.677786Z,/var/lib/docker/volumes,4,fabric_peer3.irs3.kit.edu,other,89539,20.48127180190999
run_008,join,join_1772962237,join-irs3-1772962237,join-irs3-1772962237,19,reshare_completed,operation_end,2026-03-08T09:31:09.635882021Z,2026-03-08T09:31:16.677786Z,/var/lib/docker/volumes,5,fabric_orderer.kit.edu,orderer,79019,18.07491279236004
run_009,csr,csr_1772962283,csr-irs3-1772962283,csr-irs3-1772962283,,operation_start,csr_submit_done,2026-03-08T09:31:23.665320Z,2026-03-08T09:31:26.009480Z,/var/lib/docker/volumes,1,fabric_peer0.irs3.kit.edu,peer,10699,20.83584879939239
run_009,csr,csr_1772962283,csr-irs3-1772962283,csr-irs3-1772962283,,operation_start,csr_submit_done,2026-03-08T09:31:23.665320Z,2026-03-08T09:31:26.009480Z,/var/lib/docker/volumes,2,fabric_peer1.irs3.kit.edu,other,10699,20.83584879939239
run_009,csr,csr_1772962283,csr-irs3-1772962283,csr-irs3-1772962283,,operation_start,csr_submit_done,2026-03-08T09:31:23.665320Z,2026-03-08T09:31:26.009480Z,/var/lib/docker/volumes,3,fabric_peer2.irs3.kit.edu,other,10699,20.83584879939239
run_009,csr,csr_1772962283,csr-irs3-1772962283,csr-irs3-1772962283,,operation_start,csr_submit_done,2026-03-08T09:31:23.665320Z,2026-03-08T09:31:26.009480Z,/var/lib/docker/volumes,4,fabric_peer3.irs3.kit.edu,other,10699,20.83584879939239
run_009,csr,csr_1772962283,csr-irs3-1772962283,csr-irs3-1772962283,,operation_start,csr_submit_done,2026-03-08T09:31:23.665320Z,2026-03-08T09:31:26.009480Z,/var/lib/docker/volumes,5,fabric_orderer.kit.edu,orderer,8553,16.656604802430426
run_009,csr,csr_1772962283,csr-irs3-1772962283,csr-irs3-1772962283,,csr_submit_done,csr_voted,2026-03-08T09:31:26.009480Z,2026-03-08T09:31:29.573253644Z,/var/lib/docker/volumes,1,fabric_peer0.irs3.kit.edu,peer,27704,20.493397936161557
run_009,csr,csr_1772962283,csr-irs3-1772962283,csr-irs3-1772962283,,csr_submit_done,csr_voted,2026-03-08T09:31:26.009480Z,2026-03-08T09:31:29.573253644Z,/var/lib/docker/volumes,2,fabric_peer1.irs3.kit.edu,other,27704,20.493397936161557
run_009,csr,csr_1772962283,csr-irs3-1772962283,csr-irs3-1772962283,,csr_submit_done,csr_voted,2026-03-08T09:31:26.009480Z,2026-03-08T09:31:29.573253644Z,/var/lib/docker/volumes,3,fabric_peer2.irs3.kit.edu,other,27704,20.493397936161557
run_009,csr,csr_1772962283,csr-irs3-1772962283,csr-irs3-1772962283,,csr_submit_done,csr_voted,2026-03-08T09:31:26.009480Z,2026-03-08T09:31:29.573253644Z,/var/lib/docker/volumes,4,fabric_peer3.irs3.kit.edu,other,27704,20.493397936161557
run_009,csr,csr_1772962283,csr-irs3-1772962283,csr-irs3-1772962283,,csr_submit_done,csr_voted,2026-03-08T09:31:26.009480Z,2026-03-08T09:31:29.573253644Z,/var/lib/docker/volumes,5,fabric_orderer.kit.edu,orderer,24369,18.026408255353772
run_009,csr,csr_1772962283,csr-irs3-1772962283,csr-irs3-1772962283,,csr_voted,csr_approved,2026-03-08T09:31:29.573253644Z,2026-03-08T09:31:33.803038135Z,/var/lib/docker/volumes,1,fabric_peer0.irs3.kit.edu,peer,20098,20.766901910538444
run_009,csr,csr_1772962283,csr-irs3-1772962283,csr-irs3-1772962283,,csr_voted,csr_approved,2026-03-08T09:31:29.573253644Z,2026-03-08T09:31:33.803038135Z,/var/lib/docker/volumes,2,fabric_peer1.irs3.kit.edu,other,20098,20.766901910538444
run_009,csr,csr_1772962283,csr-irs3-1772962283,csr-irs3-1772962283,,csr_voted,csr_approved,2026-03-08T09:31:29.573253644Z,2026-03-08T09:31:33.803038135Z,/var/lib/docker/volumes,3,fabric_peer2.irs3.kit.edu,other,20098,20.766901910538444
run_009,csr,csr_1772962283,csr-irs3-1772962283,csr-irs3-1772962283,,csr_voted,csr_approved,2026-03-08T09:31:29.573253644Z,2026-03-08T09:31:33.803038135Z,/var/lib/docker/volumes,4,fabric_peer3.irs3.kit.edu,other,20098,20.766901910538444
run_009,csr,csr_1772962283,csr-irs3-1772962283,csr-irs3-1772962283,,csr_voted,csr_approved,2026-03-08T09:31:29.573253644Z,2026-03-08T09:31:33.803038135Z,/var/lib/docker/volumes,5,fabric_orderer.kit.edu,orderer,16387,16.932392357846226
run_009,csr,csr_1772962283,csr-irs3-1772962283,csr-irs3-1772962283,,csr_approved,cert_registered,2026-03-08T09:31:33.803038135Z,2026-03-08T09:31:44.007749936Z,/var/lib/docker/volumes,1,fabric_peer0.irs3.kit.edu,peer,51676,20.91984827078079
run_009,csr,csr_1772962283,csr-irs3-1772962283,csr-irs3-1772962283,,csr_approved,cert_registered,2026-03-08T09:31:33.803038135Z,2026-03-08T09:31:44.007749936Z,/var/lib/docker/volumes,2,fabric_peer1.irs3.kit.edu,other,51676,20.91984827078079
run_009,csr,csr_1772962283,csr-irs3-1772962283,csr-irs3-1772962283,,csr_approved,cert_registered,2026-03-08T09:31:33.803038135Z,2026-03-08T09:31:44.007749936Z,/var/lib/docker/volumes,3,fabric_peer2.irs3.kit.edu,other,51676,20.91984827078079
run_009,csr,csr_1772962283,csr-irs3-1772962283,csr-irs3-1772962283,,csr_approved,cert_registered,2026-03-08T09:31:33.803038135Z,2026-03-08T09:31:44.007749936Z,/var/lib/docker/volumes,4,fabric_peer3.irs3.kit.edu,other,51676,20.91984827078079
run_009,csr,csr_1772962283,csr-irs3-1772962283,csr-irs3-1772962283,,csr_approved,cert_registered,2026-03-08T09:31:33.803038135Z,2026-03-08T09:31:44.007749936Z,/var/lib/docker/volumes,5,fabric_orderer.kit.edu,orderer,40315,16.32060691687684
run_009,csr,csr_1772962283,csr-irs3-1772962283,csr-irs3-1772962283,,cert_registered,operation_end,2026-03-08T09:31:44.007749936Z,2026-03-08T09:31:44.763644Z,/var/lib/docker/volumes,1,ab96d922f06ec7a94f1b5200e75e480c9ed7eba86fbbe33b5cb9edbe031c6ea8,other,0,0.0
run_009,csr,csr_1772962283,csr-irs3-1772962283,csr-irs3-1772962283,,cert_registered,operation_end,2026-03-08T09:31:44.007749936Z,2026-03-08T09:31:44.763644Z,/var/lib/docker/volumes,2,b8143ef8453ad18871b4b4e0ba6041764a2cda76bc6f516fa468de5fd6585e72,other,0,0.0
run_009,csr,csr_1772962283,csr-irs3-1772962283,csr-irs3-1772962283,,cert_registered,operation_end,2026-03-08T09:31:44.007749936Z,2026-03-08T09:31:44.763644Z,/var/lib/docker/volumes,3,fabric_orderer.kit.edu,orderer,0,0.0
run_009,csr,csr_1772962283,csr-irs3-1772962283,csr-irs3-1772962283,,cert_registered,operation_end,2026-03-08T09:31:44.007749936Z,2026-03-08T09:31:44.763644Z,/var/lib/docker/volumes,4,fabric_peer0.irs1.kit.edu,other,0,0.0
run_009,csr,csr_1772962283,csr-irs3-1772962283,csr-irs3-1772962283,,cert_registered,operation_end,2026-03-08T09:31:44.007749936Z,2026-03-08T09:31:44.763644Z,/var/lib/docker/volumes,5,fabric_peer0.irs3.kit.edu,peer,0,0.0
run_009,revocation,revocation_1772962325,revoke-irs3-1772962325,revoke-irs3-1772962325,,operation_start,revocation_submit_done,2026-03-08T09:32:05.185830Z,2026-03-08T09:32:07.493826Z,/var/lib/docker/volumes,1,fabric_peer0.irs3.kit.edu,peer,8241,20.51888554141872
run_009,revocation,revocation_1772962325,revoke-irs3-1772962325,revoke-irs3-1772962325,,operation_start,revocation_submit_done,2026-03-08T09:32:05.185830Z,2026-03-08T09:32:07.493826Z,/var/lib/docker/volumes,2,fabric_peer1.irs3.kit.edu,other,8241,20.51888554141872
run_009,revocation,revocation_1772962325,revoke-irs3-1772962325,revoke-irs3-1772962325,,operation_start,revocation_submit_done,2026-03-08T09:32:05.185830Z,2026-03-08T09:32:07.493826Z,/var/lib/docker/volumes,3,fabric_peer2.irs3.kit.edu,other,8241,20.51888554141872
run_009,revocation,revocation_1772962325,revoke-irs3-1772962325,revoke-irs3-1772962325,,operation_start,revocation_submit_done,2026-03-08T09:32:05.185830Z,2026-03-08T09:32:07.493826Z,/var/lib/docker/volumes,4,fabric_peer3.irs3.kit.edu,other,8241,20.51888554141872
run_009,revocation,revocation_1772962325,revoke-irs3-1772962325,revoke-irs3-1772962325,,operation_start,revocation_submit_done,2026-03-08T09:32:05.185830Z,2026-03-08T09:32:07.493826Z,/var/lib/docker/volumes,5,fabric_orderer.kit.edu,orderer,7199,17.924457834325125
run_009,revocation,revocation_1772962325,revoke-irs3-1772962325,revoke-irs3-1772962325,,revocation_submit_done,revocation_voted,2026-03-08T09:32:07.493826Z,2026-03-08T09:32:11.589776232Z,/var/lib/docker/volumes,1,fabric_peer0.irs3.kit.edu,peer,23432,20.39178828464263
run_009,revocation,revocation_1772962325,revoke-irs3-1772962325,revoke-irs3-1772962325,,revocation_submit_done,revocation_voted,2026-03-08T09:32:07.493826Z,2026-03-08T09:32:11.589776232Z,/var/lib/docker/volumes,2,fabric_peer1.irs3.kit.edu,other,23432,20.39178828464263
run_009,revocation,revocation_1772962325,revoke-irs3-1772962325,revoke-irs3-1772962325,,revocation_submit_done,revocation_voted,2026-03-08T09:32:07.493826Z,2026-03-08T09:32:11.589776232Z,/var/lib/docker/volumes,3,fabric_peer2.irs3.kit.edu,other,23432,20.39178828464263
run_009,revocation,revocation_1772962325,revoke-irs3-1772962325,revoke-irs3-1772962325,,revocation_submit_done,revocation_voted,2026-03-08T09:32:07.493826Z,2026-03-08T09:32:11.589776232Z,/var/lib/docker/volumes,4,fabric_peer3.irs3.kit.edu,other,23432,20.39178828464263
run_009,revocation,revocation_1772962325,revoke-irs3-1772962325,revoke-irs3-1772962325,,revocation_submit_done,revocation_voted,2026-03-08T09:32:07.493826Z,2026-03-08T09:32:11.589776232Z,/var/lib/docker/volumes,5,fabric_orderer.kit.edu,orderer,21181,18.43284686142948
run_009,revocation,revocation_1772962325,revoke-irs3-1772962325,revoke-irs3-1772962325,,revocation_voted,revocation_executed,2026-03-08T09:32:11.589776232Z,2026-03-08T09:32:14.033193053Z,/var/lib/docker/volumes,1,fabric_peer0.irs3.kit.edu,peer,26760,20.88732086546567
run_009,revocation,revocation_1772962325,revoke-irs3-1772962325,revoke-irs3-1772962325,,revocation_voted,revocation_executed,2026-03-08T09:32:11.589776232Z,2026-03-08T09:32:14.033193053Z,/var/lib/docker/volumes,2,fabric_peer1.irs3.kit.edu,other,26760,20.88732086546567
run_009,revocation,revocation_1772962325,revoke-irs3-1772962325,revoke-irs3-1772962325,,revocation_voted,revocation_executed,2026-03-08T09:32:11.589776232Z,2026-03-08T09:32:14.033193053Z,/var/lib/docker/volumes,3,fabric_peer2.irs3.kit.edu,other,26760,20.88732086546567
run_009,revocation,revocation_1772962325,revoke-irs3-1772962325,revoke-irs3-1772962325,,revocation_voted,revocation_executed,2026-03-08T09:32:11.589776232Z,2026-03-08T09:32:14.033193053Z,/var/lib/docker/volumes,4,fabric_peer3.irs3.kit.edu,other,26760,20.88732086546567
run_009,revocation,revocation_1772962325,revoke-irs3-1772962325,revoke-irs3-1772962325,,revocation_voted,revocation_executed,2026-03-08T09:32:11.589776232Z,2026-03-08T09:32:14.033193053Z,/var/lib/docker/volumes,5,fabric_orderer.kit.edu,orderer,21076,16.450716538137314
run_009,revocation,revocation_1772962325,revoke-irs3-1772962325,revoke-irs3-1772962325,,revocation_executed,operation_end,2026-03-08T09:32:14.033193053Z,2026-03-08T09:32:15.949656Z,/var/lib/docker/volumes,1,ab96d922f06ec7a94f1b5200e75e480c9ed7eba86fbbe33b5cb9edbe031c6ea8,other,0,0.0
run_009,revocation,revocation_1772962325,revoke-irs3-1772962325,revoke-irs3-1772962325,,revocation_executed,operation_end,2026-03-08T09:32:14.033193053Z,2026-03-08T09:32:15.949656Z,/var/lib/docker/volumes,2,b8143ef8453ad18871b4b4e0ba6041764a2cda76bc6f516fa468de5fd6585e72,other,0,0.0
run_009,revocation,revocation_1772962325,revoke-irs3-1772962325,revoke-irs3-1772962325,,revocation_executed,operation_end,2026-03-08T09:32:14.033193053Z,2026-03-08T09:32:15.949656Z,/var/lib/docker/volumes,3,fabric_orderer.kit.edu,orderer,0,0.0
run_009,revocation,revocation_1772962325,revoke-irs3-1772962325,revoke-irs3-1772962325,,revocation_executed,operation_end,2026-03-08T09:32:14.033193053Z,2026-03-08T09:32:15.949656Z,/var/lib/docker/volumes,4,fabric_peer0.irs1.kit.edu,other,0,0.0
run_009,revocation,revocation_1772962325,revoke-irs3-1772962325,revoke-irs3-1772962325,,revocation_executed,operation_end,2026-03-08T09:32:14.033193053Z,2026-03-08T09:32:15.949656Z,/var/lib/docker/volumes,5,fabric_peer0.irs3.kit.edu,peer,0,0.0
run_009,removal,removal_1772962354,remove-irs3-member1-1772962354,remove-irs3-member1-1772962354,20,operation_start,removal_submit_done,2026-03-08T09:32:34.244574Z,2026-03-08T09:32:36.595489Z,/var/lib/docker/volumes,1,fabric_peer0.irs3.kit.edu,peer,9732,20.468168338696447
run_009,removal,removal_1772962354,remove-irs3-member1-1772962354,remove-irs3-member1-1772962354,20,operation_start,removal_submit_done,2026-03-08T09:32:34.244574Z,2026-03-08T09:32:36.595489Z,/var/lib/docker/volumes,2,fabric_peer1.irs3.kit.edu,other,9732,20.468168338696447
run_009,removal,removal_1772962354,remove-irs3-member1-1772962354,remove-irs3-member1-1772962354,20,operation_start,removal_submit_done,2026-03-08T09:32:34.244574Z,2026-03-08T09:32:36.595489Z,/var/lib/docker/volumes,3,fabric_peer2.irs3.kit.edu,other,9732,20.468168338696447
run_009,removal,removal_1772962354,remove-irs3-member1-1772962354,remove-irs3-member1-1772962354,20,operation_start,removal_submit_done,2026-03-08T09:32:34.244574Z,2026-03-08T09:32:36.595489Z,/var/lib/docker/volumes,4,fabric_peer3.irs3.kit.edu,other,9732,20.468168338696447
run_009,removal,removal_1772962354,remove-irs3-member1-1772962354,remove-irs3-member1-1772962354,20,operation_start,removal_submit_done,2026-03-08T09:32:34.244574Z,2026-03-08T09:32:36.595489Z,/var/lib/docker/volumes,5,fabric_orderer.kit.edu,orderer,8619,18.127326645214207
run_009,removal,removal_1772962354,remove-irs3-member1-1772962354,remove-irs3-member1-1772962354,20,removal_submit_done,removal_voted,2026-03-08T09:32:36.595489Z,2026-03-08T09:32:39.579276625Z,/var/lib/docker/volumes,1,fabric_peer0.irs3.kit.edu,peer,17723,20.516530839044268
run_009,removal,removal_1772962354,remove-irs3-member1-1772962354,remove-irs3-member1-1772962354,20,removal_submit_done,removal_voted,2026-03-08T09:32:36.595489Z,2026-03-08T09:32:39.579276625Z,/var/lib/docker/volumes,2,fabric_peer1.irs3.kit.edu,other,17723,20.516530839044268
run_009,removal,removal_1772962354,remove-irs3-member1-1772962354,remove-irs3-member1-1772962354,20,removal_submit_done,removal_voted,2026-03-08T09:32:36.595489Z,2026-03-08T09:32:39.579276625Z,/var/lib/docker/volumes,3,fabric_peer2.irs3.kit.edu,other,17723,20.516530839044268
run_009,removal,removal_1772962354,remove-irs3-member1-1772962354,remove-irs3-member1-1772962354,20,removal_submit_done,removal_voted,2026-03-08T09:32:36.595489Z,2026-03-08T09:32:39.579276625Z,/var/lib/docker/volumes,4,fabric_peer3.irs3.kit.edu,other,17723,20.516530839044268
run_009,removal,removal_1772962354,remove-irs3-member1-1772962354,remove-irs3-member1-1772962354,20,removal_submit_done,removal_voted,2026-03-08T09:32:36.595489Z,2026-03-08T09:32:39.579276625Z,/var/lib/docker/volumes,5,fabric_orderer.kit.edu,orderer,15492,17.93387664382293
run_009,removal,removal_1772962354,remove-irs3-member1-1772962354,remove-irs3-member1-1772962354,20,removal_voted,removal_approved,2026-03-08T09:32:39.579276625Z,2026-03-08T09:32:41.674963354Z,/var/lib/docker/volumes,1,fabric_peer0.irs3.kit.edu,peer,22111,20.871050867935924
run_009,removal,removal_1772962354,remove-irs3-member1-1772962354,remove-irs3-member1-1772962354,20,removal_voted,removal_approved,2026-03-08T09:32:39.579276625Z,2026-03-08T09:32:41.674963354Z,/var/lib/docker/volumes,2,fabric_peer1.irs3.kit.edu,other,22111,20.871050867935924
run_009,removal,removal_1772962354,remove-irs3-member1-1772962354,remove-irs3-member1-1772962354,20,removal_voted,removal_approved,2026-03-08T09:32:39.579276625Z,2026-03-08T09:32:41.674963354Z,/var/lib/docker/volumes,3,fabric_peer2.irs3.kit.edu,other,22111,20.871050867935924
run_009,removal,removal_1772962354,remove-irs3-member1-1772962354,remove-irs3-member1-1772962354,20,removal_voted,removal_approved,2026-03-08T09:32:39.579276625Z,2026-03-08T09:32:41.674963354Z,/var/lib/docker/volumes,4,fabric_peer3.irs3.kit.edu,other,22111,20.871050867935924
run_009,removal,removal_1772962354,remove-irs3-member1-1772962354,remove-irs3-member1-1772962354,20,removal_voted,removal_approved,2026-03-08T09:32:39.579276625Z,2026-03-08T09:32:41.674963354Z,/var/lib/docker/volumes,5,fabric_orderer.kit.edu,orderer,17497,16.515796528256292
run_009,removal,removal_1772962354,remove-irs3-member1-1772962354,remove-irs3-member1-1772962354,20,removal_approved,reshare_started,2026-03-08T09:32:41.674963354Z,2026-03-08T09:32:42.973446Z,/var/lib/docker/volumes,1,ab96d922f06ec7a94f1b5200e75e480c9ed7eba86fbbe33b5cb9edbe031c6ea8,other,0,0.0
run_009,removal,removal_1772962354,remove-irs3-member1-1772962354,remove-irs3-member1-1772962354,20,removal_approved,reshare_started,2026-03-08T09:32:41.674963354Z,2026-03-08T09:32:42.973446Z,/var/lib/docker/volumes,2,b8143ef8453ad18871b4b4e0ba6041764a2cda76bc6f516fa468de5fd6585e72,other,0,0.0
run_009,removal,removal_1772962354,remove-irs3-member1-1772962354,remove-irs3-member1-1772962354,20,removal_approved,reshare_started,2026-03-08T09:32:41.674963354Z,2026-03-08T09:32:42.973446Z,/var/lib/docker/volumes,3,fabric_orderer.kit.edu,orderer,0,0.0
run_009,removal,removal_1772962354,remove-irs3-member1-1772962354,remove-irs3-member1-1772962354,20,removal_approved,reshare_started,2026-03-08T09:32:41.674963354Z,2026-03-08T09:32:42.973446Z,/var/lib/docker/volumes,4,fabric_peer0.irs1.kit.edu,other,0,0.0
run_009,removal,removal_1772962354,remove-irs3-member1-1772962354,remove-irs3-member1-1772962354,20,removal_approved,reshare_started,2026-03-08T09:32:41.674963354Z,2026-03-08T09:32:42.973446Z,/var/lib/docker/volumes,5,fabric_peer0.irs3.kit.edu,peer,0,0.0
run_009,removal,removal_1772962354,remove-irs3-member1-1772962354,remove-irs3-member1-1772962354,20,reshare_started,reshare_completed,2026-03-08T09:32:42.973446Z,2026-03-08T09:33:04.95781992Z,/var/lib/docker/volumes,1,fabric_peer0.irs3.kit.edu,peer,61409,20.664046463735538
run_009,removal,removal_1772962354,remove-irs3-member1-1772962354,remove-irs3-member1-1772962354,20,reshare_started,reshare_completed,2026-03-08T09:32:42.973446Z,2026-03-08T09:33:04.95781992Z,/var/lib/docker/volumes,2,fabric_peer1.irs3.kit.edu,other,61409,20.664046463735538
run_009,removal,removal_1772962354,remove-irs3-member1-1772962354,remove-irs3-member1-1772962354,20,reshare_started,reshare_completed,2026-03-08T09:32:42.973446Z,2026-03-08T09:33:04.95781992Z,/var/lib/docker/volumes,3,fabric_peer2.irs3.kit.edu,other,61409,20.664046463735538
run_009,removal,removal_1772962354,remove-irs3-member1-1772962354,remove-irs3-member1-1772962354,20,reshare_started,reshare_completed,2026-03-08T09:32:42.973446Z,2026-03-08T09:33:04.95781992Z,/var/lib/docker/volumes,4,fabric_peer3.irs3.kit.edu,other,61409,20.664046463735538
run_009,removal,removal_1772962354,remove-irs3-member1-1772962354,remove-irs3-member1-1772962354,20,reshare_started,reshare_completed,2026-03-08T09:32:42.973446Z,2026-03-08T09:33:04.95781992Z,/var/lib/docker/volumes,5,fabric_orderer.kit.edu,orderer,51542,17.343814145057845
run_009,removal,removal_1772962354,remove-irs3-member1-1772962354,remove-irs3-member1-1772962354,20,reshare_completed,operation_end,2026-03-08T09:33:04.95781992Z,2026-03-08T09:33:05.380213Z,/var/lib/docker/volumes,1,ab96d922f06ec7a94f1b5200e75e480c9ed7eba86fbbe33b5cb9edbe031c6ea8,other,0,0.0
run_009,removal,removal_1772962354,remove-irs3-member1-1772962354,remove-irs3-member1-1772962354,20,reshare_completed,operation_end,2026-03-08T09:33:04.95781992Z,2026-03-08T09:33:05.380213Z,/var/lib/docker/volumes,2,b8143ef8453ad18871b4b4e0ba6041764a2cda76bc6f516fa468de5fd6585e72,other,0,0.0
run_009,removal,removal_1772962354,remove-irs3-member1-1772962354,remove-irs3-member1-1772962354,20,reshare_completed,operation_end,2026-03-08T09:33:04.95781992Z,2026-03-08T09:33:05.380213Z,/var/lib/docker/volumes,3,fabric_orderer.kit.edu,orderer,0,0.0
run_009,removal,removal_1772962354,remove-irs3-member1-1772962354,remove-irs3-member1-1772962354,20,reshare_completed,operation_end,2026-03-08T09:33:04.95781992Z,2026-03-08T09:33:05.380213Z,/var/lib/docker/volumes,4,fabric_peer0.irs1.kit.edu,other,0,0.0
run_009,removal,removal_1772962354,remove-irs3-member1-1772962354,remove-irs3-member1-1772962354,20,reshare_completed,operation_end,2026-03-08T09:33:04.95781992Z,2026-03-08T09:33:05.380213Z,/var/lib/docker/volumes,5,fabric_peer0.irs3.kit.edu,peer,0,0.0
run_009,join,join_1772962403,join-irs3-1772962403,join-irs3-1772962403,21,operation_start,join_submit_done,2026-03-08T09:33:23.697818Z,2026-03-08T09:33:26.069548Z,/var/lib/docker/volumes,1,fabric_peer0.irs3.kit.edu,peer,10933,20.716640770076175
run_009,join,join_1772962403,join-irs3-1772962403,join-irs3-1772962403,21,operation_start,join_submit_done,2026-03-08T09:33:23.697818Z,2026-03-08T09:33:26.069548Z,/var/lib/docker/volumes,2,fabric_peer1.irs3.kit.edu,other,10933,20.716640770076175
run_009,join,join_1772962403,join-irs3-1772962403,join-irs3-1772962403,21,operation_start,join_submit_done,2026-03-08T09:33:23.697818Z,2026-03-08T09:33:26.069548Z,/var/lib/docker/volumes,3,fabric_peer2.irs3.kit.edu,other,10933,20.716640770076175
run_009,join,join_1772962403,join-irs3-1772962403,join-irs3-1772962403,21,operation_start,join_submit_done,2026-03-08T09:33:23.697818Z,2026-03-08T09:33:26.069548Z,/var/lib/docker/volumes,4,fabric_peer3.irs3.kit.edu,other,10933,20.716640770076175
run_009,join,join_1772962403,join-irs3-1772962403,join-irs3-1772962403,21,operation_start,join_submit_done,2026-03-08T09:33:23.697818Z,2026-03-08T09:33:26.069548Z,/var/lib/docker/volumes,5,fabric_orderer.kit.edu,orderer,9042,17.133436919695306
run_009,join,join_1772962403,join-irs3-1772962403,join-irs3-1772962403,21,join_submit_done,join_voted,2026-03-08T09:33:26.069548Z,2026-03-08T09:33:29.563244536Z,/var/lib/docker/volumes,1,fabric_peer0.irs3.kit.edu,peer,19937,20.616733710432975
run_009,join,join_1772962403,join-irs3-1772962403,join-irs3-1772962403,21,join_submit_done,join_voted,2026-03-08T09:33:26.069548Z,2026-03-08T09:33:29.563244536Z,/var/lib/docker/volumes,2,fabric_peer1.irs3.kit.edu,other,19937,20.616733710432975
run_009,join,join_1772962403,join-irs3-1772962403,join-irs3-1772962403,21,join_submit_done,join_voted,2026-03-08T09:33:26.069548Z,2026-03-08T09:33:29.563244536Z,/var/lib/docker/volumes,3,fabric_peer2.irs3.kit.edu,other,19937,20.616733710432975
run_009,join,join_1772962403,join-irs3-1772962403,join-irs3-1772962403,21,join_submit_done,join_voted,2026-03-08T09:33:26.069548Z,2026-03-08T09:33:29.563244536Z,/var/lib/docker/volumes,4,fabric_peer3.irs3.kit.edu,other,19937,20.616733710432975
run_009,join,join_1772962403,join-irs3-1772962403,join-irs3-1772962403,21,join_submit_done,join_voted,2026-03-08T09:33:26.069548Z,2026-03-08T09:33:29.563244536Z,/var/lib/docker/volumes,5,fabric_orderer.kit.edu,orderer,16955,17.533065158268098
run_009,join,join_1772962403,join-irs3-1772962403,join-irs3-1772962403,21,join_voted,join_approved,2026-03-08T09:33:29.563244536Z,2026-03-08T09:33:32.041685659Z,/var/lib/docker/volumes,1,fabric_peer0.irs3.kit.edu,peer,16992,21.408053217759413
run_009,join,join_1772962403,join-irs3-1772962403,join-irs3-1772962403,21,join_voted,join_approved,2026-03-08T09:33:29.563244536Z,2026-03-08T09:33:32.041685659Z,/var/lib/docker/volumes,2,fabric_peer1.irs3.kit.edu,other,16992,21.408053217759413
run_009,join,join_1772962403,join-irs3-1772962403,join-irs3-1772962403,21,join_voted,join_approved,2026-03-08T09:33:29.563244536Z,2026-03-08T09:33:32.041685659Z,/var/lib/docker/volumes,3,fabric_peer2.irs3.kit.edu,other,16992,21.408053217759413
run_009,join,join_1772962403,join-irs3-1772962403,join-irs3-1772962403,21,join_voted,join_approved,2026-03-08T09:33:29.563244536Z,2026-03-08T09:33:32.041685659Z,/var/lib/docker/volumes,4,fabric_peer3.irs3.kit.edu,other,16992,21.408053217759413
run_009,join,join_1772962403,join-irs3-1772962403,join-irs3-1772962403,21,join_voted,join_approved,2026-03-08T09:33:29.563244536Z,2026-03-08T09:33:32.041685659Z,/var/lib/docker/volumes,5,fabric_orderer.kit.edu,orderer,11404,14.367787128962354
run_009,join,join_1772962403,join-irs3-1772962403,join-irs3-1772962403,21,join_approved,reshare_started,2026-03-08T09:33:32.041685659Z,2026-03-08T09:33:32.473256Z,/var/lib/docker/volumes,1,ab96d922f06ec7a94f1b5200e75e480c9ed7eba86fbbe33b5cb9edbe031c6ea8,other,0,0.0
run_009,join,join_1772962403,join-irs3-1772962403,join-irs3-1772962403,21,join_approved,reshare_started,2026-03-08T09:33:32.041685659Z,2026-03-08T09:33:32.473256Z,/var/lib/docker/volumes,2,b8143ef8453ad18871b4b4e0ba6041764a2cda76bc6f516fa468de5fd6585e72,other,0,0.0
run_009,join,join_1772962403,join-irs3-1772962403,join-irs3-1772962403,21,join_approved,reshare_started,2026-03-08T09:33:32.041685659Z,2026-03-08T09:33:32.473256Z,/var/lib/docker/volumes,3,fabric_orderer.kit.edu,orderer,0,0.0
run_009,join,join_1772962403,join-irs3-1772962403,join-irs3-1772962403,21,join_approved,reshare_started,2026-03-08T09:33:32.041685659Z,2026-03-08T09:33:32.473256Z,/var/lib/docker/volumes,4,fabric_peer0.irs1.kit.edu,other,0,0.0
run_009,join,join_1772962403,join-irs3-1772962403,join-irs3-1772962403,21,join_approved,reshare_started,2026-03-08T09:33:32.041685659Z,2026-03-08T09:33:32.473256Z,/var/lib/docker/volumes,5,fabric_peer0.irs3.kit.edu,peer,0,0.0
run_009,join,join_1772962403,join-irs3-1772962403,join-irs3-1772962403,21,reshare_started,reshare_completed,2026-03-08T09:33:32.473256Z,2026-03-08T09:33:55.609688088Z,/var/lib/docker/volumes,1,fabric_peer0.irs3.kit.edu,peer,47136,20.60256920192144
run_009,join,join_1772962403,join-irs3-1772962403,join-irs3-1772962403,21,reshare_started,reshare_completed,2026-03-08T09:33:32.473256Z,2026-03-08T09:33:55.609688088Z,/var/lib/docker/volumes,2,fabric_peer1.irs3.kit.edu,other,47136,20.60256920192144
run_009,join,join_1772962403,join-irs3-1772962403,join-irs3-1772962403,21,reshare_started,reshare_completed,2026-03-08T09:33:32.473256Z,2026-03-08T09:33:55.609688088Z,/var/lib/docker/volumes,3,fabric_peer2.irs3.kit.edu,other,47136,20.60256920192144
run_009,join,join_1772962403,join-irs3-1772962403,join-irs3-1772962403,21,reshare_started,reshare_completed,2026-03-08T09:33:32.473256Z,2026-03-08T09:33:55.609688088Z,/var/lib/docker/volumes,4,fabric_peer3.irs3.kit.edu,other,47136,20.60256920192144
run_009,join,join_1772962403,join-irs3-1772962403,join-irs3-1772962403,21,reshare_started,reshare_completed,2026-03-08T09:33:32.473256Z,2026-03-08T09:33:55.609688088Z,/var/lib/docker/volumes,5,fabric_orderer.kit.edu,orderer,40243,17.58972319231425
run_009,join,join_1772962403,join-irs3-1772962403,join-irs3-1772962403,21,reshare_completed,operation_end,2026-03-08T09:33:55.609688088Z,2026-03-08T09:34:07.000466Z,/var/lib/docker/volumes,1,fabric_peer0.irs3.kit.edu,peer,103201,20.531342820366415
run_009,join,join_1772962403,join-irs3-1772962403,join-irs3-1772962403,21,reshare_completed,operation_end,2026-03-08T09:33:55.609688088Z,2026-03-08T09:34:07.000466Z,/var/lib/docker/volumes,2,fabric_peer1.irs3.kit.edu,other,103201,20.531342820366415
run_009,join,join_1772962403,join-irs3-1772962403,join-irs3-1772962403,21,reshare_completed,operation_end,2026-03-08T09:33:55.609688088Z,2026-03-08T09:34:07.000466Z,/var/lib/docker/volumes,3,fabric_peer2.irs3.kit.edu,other,103201,20.531342820366415
run_009,join,join_1772962403,join-irs3-1772962403,join-irs3-1772962403,21,reshare_completed,operation_end,2026-03-08T09:33:55.609688088Z,2026-03-08T09:34:07.000466Z,/var/lib/docker/volumes,4,fabric_peer3.irs3.kit.edu,other,103201,20.531342820366415
run_009,join,join_1772962403,join-irs3-1772962403,join-irs3-1772962403,21,reshare_completed,operation_end,2026-03-08T09:33:55.609688088Z,2026-03-08T09:34:07.000466Z,/var/lib/docker/volumes,5,fabric_orderer.kit.edu,orderer,89847,17.87462871853433
run_010,csr,csr_1772962453,csr-irs3-1772962454,csr-irs3-1772962454,,operation_start,csr_submit_done,2026-03-08T09:34:13.991109Z,2026-03-08T09:34:16.321838Z,/var/lib/docker/volumes,1,fabric_peer0.irs3.kit.edu,peer,10699,20.83584879939239
run_010,csr,csr_1772962453,csr-irs3-1772962454,csr-irs3-1772962454,,operation_start,csr_submit_done,2026-03-08T09:34:13.991109Z,2026-03-08T09:34:16.321838Z,/var/lib/docker/volumes,2,fabric_peer1.irs3.kit.edu,other,10699,20.83584879939239
run_010,csr,csr_1772962453,csr-irs3-1772962454,csr-irs3-1772962454,,operation_start,csr_submit_done,2026-03-08T09:34:13.991109Z,2026-03-08T09:34:16.321838Z,/var/lib/docker/volumes,3,fabric_peer2.irs3.kit.edu,other,10699,20.83584879939239
run_010,csr,csr_1772962453,csr-irs3-1772962454,csr-irs3-1772962454,,operation_start,csr_submit_done,2026-03-08T09:34:13.991109Z,2026-03-08T09:34:16.321838Z,/var/lib/docker/volumes,4,fabric_peer3.irs3.kit.edu,other,10699,20.83584879939239
run_010,csr,csr_1772962453,csr-irs3-1772962454,csr-irs3-1772962454,,operation_start,csr_submit_done,2026-03-08T09:34:13.991109Z,2026-03-08T09:34:16.321838Z,/var/lib/docker/volumes,5,fabric_orderer.kit.edu,orderer,8553,16.656604802430426
run_010,csr,csr_1772962453,csr-irs3-1772962454,csr-irs3-1772962454,,csr_submit_done,csr_voted,2026-03-08T09:34:16.321838Z,2026-03-08T09:34:18.612360032Z,/var/lib/docker/volumes,1,fabric_peer0.irs3.kit.edu,peer,19795,20.669096072923953
run_010,csr,csr_1772962453,csr-irs3-1772962454,csr-irs3-1772962454,,csr_submit_done,csr_voted,2026-03-08T09:34:16.321838Z,2026-03-08T09:34:18.612360032Z,/var/lib/docker/volumes,2,fabric_peer1.irs3.kit.edu,other,19795,20.669096072923953
run_010,csr,csr_1772962453,csr-irs3-1772962454,csr-irs3-1772962454,,csr_submit_done,csr_voted,2026-03-08T09:34:16.321838Z,2026-03-08T09:34:18.612360032Z,/var/lib/docker/volumes,3,fabric_peer2.irs3.kit.edu,other,19795,20.669096072923953
run_010,csr,csr_1772962453,csr-irs3-1772962454,csr-irs3-1772962454,,csr_submit_done,csr_voted,2026-03-08T09:34:16.321838Z,2026-03-08T09:34:18.612360032Z,/var/lib/docker/volumes,4,fabric_peer3.irs3.kit.edu,other,19795,20.669096072923953
run_010,csr,csr_1772962453,csr-irs3-1772962454,csr-irs3-1772962454,,csr_submit_done,csr_voted,2026-03-08T09:34:16.321838Z,2026-03-08T09:34:18.612360032Z,/var/lib/docker/volumes,5,fabric_orderer.kit.edu,orderer,16591,17.323615708304185
run_010,csr,csr_1772962453,csr-irs3-1772962454,csr-irs3-1772962454,,csr_voted,csr_approved,2026-03-08T09:34:18.612360032Z,2026-03-08T09:34:21.990626935Z,/var/lib/docker/volumes,1,fabric_peer0.irs3.kit.edu,peer,20096,20.766981161322324
run_010,csr,csr_1772962453,csr-irs3-1772962454,csr-irs3-1772962454,,csr_voted,csr_approved,2026-03-08T09:34:18.612360032Z,2026-03-08T09:34:21.990626935Z,/var/lib/docker/volumes,2,fabric_peer1.irs3.kit.edu,other,20096,20.766981161322324
run_010,csr,csr_1772962453,csr-irs3-1772962454,csr-irs3-1772962454,,csr_voted,csr_approved,2026-03-08T09:34:18.612360032Z,2026-03-08T09:34:21.990626935Z,/var/lib/docker/volumes,3,fabric_peer2.irs3.kit.edu,other,20096,20.766981161322324
run_010,csr,csr_1772962453,csr-irs3-1772962454,csr-irs3-1772962454,,csr_voted,csr_approved,2026-03-08T09:34:18.612360032Z,2026-03-08T09:34:21.990626935Z,/var/lib/docker/volumes,4,fabric_peer3.irs3.kit.edu,other,20096,20.766981161322324
run_010,csr,csr_1772962453,csr-irs3-1772962454,csr-irs3-1772962454,,csr_voted,csr_approved,2026-03-08T09:34:18.612360032Z,2026-03-08T09:34:21.990626935Z,/var/lib/docker/volumes,5,fabric_orderer.kit.edu,orderer,16385,16.9320753547107
run_010,csr,csr_1772962453,csr-irs3-1772962454,csr-irs3-1772962454,,csr_approved,cert_registered,2026-03-08T09:34:21.990626935Z,2026-03-08T09:34:31.79881179Z,/var/lib/docker/volumes,1,fabric_peer0.irs3.kit.edu,peer,51669,20.919893920683442
run_010,csr,csr_1772962453,csr-irs3-1772962454,csr-irs3-1772962454,,csr_approved,cert_registered,2026-03-08T09:34:21.990626935Z,2026-03-08T09:34:31.79881179Z,/var/lib/docker/volumes,2,fabric_peer1.irs3.kit.edu,other,51669,20.919893920683442
run_010,csr,csr_1772962453,csr-irs3-1772962454,csr-irs3-1772962454,,csr_approved,cert_registered,2026-03-08T09:34:21.990626935Z,2026-03-08T09:34:31.79881179Z,/var/lib/docker/volumes,3,fabric_peer2.irs3.kit.edu,other,51669,20.919893920683442
run_010,csr,csr_1772962453,csr-irs3-1772962454,csr-irs3-1772962454,,csr_approved,cert_registered,2026-03-08T09:34:21.990626935Z,2026-03-08T09:34:31.79881179Z,/var/lib/docker/volumes,4,fabric_peer3.irs3.kit.edu,other,51669,20.919893920683442
run_010,csr,csr_1772962453,csr-irs3-1772962454,csr-irs3-1772962454,,csr_approved,cert_registered,2026-03-08T09:34:21.990626935Z,2026-03-08T09:34:31.79881179Z,/var/lib/docker/volumes,5,fabric_orderer.kit.edu,orderer,40309,16.32042431726623
run_010,csr,csr_1772962453,csr-irs3-1772962454,csr-irs3-1772962454,,cert_registered,operation_end,2026-03-08T09:34:31.79881179Z,2026-03-08T09:34:32.988481Z,/var/lib/docker/volumes,1,ab96d922f06ec7a94f1b5200e75e480c9ed7eba86fbbe33b5cb9edbe031c6ea8,other,0,0.0
run_010,csr,csr_1772962453,csr-irs3-1772962454,csr-irs3-1772962454,,cert_registered,operation_end,2026-03-08T09:34:31.79881179Z,2026-03-08T09:34:32.988481Z,/var/lib/docker/volumes,2,b8143ef8453ad18871b4b4e0ba6041764a2cda76bc6f516fa468de5fd6585e72,other,0,0.0
run_010,csr,csr_1772962453,csr-irs3-1772962454,csr-irs3-1772962454,,cert_registered,operation_end,2026-03-08T09:34:31.79881179Z,2026-03-08T09:34:32.988481Z,/var/lib/docker/volumes,3,fabric_orderer.kit.edu,orderer,0,0.0
run_010,csr,csr_1772962453,csr-irs3-1772962454,csr-irs3-1772962454,,cert_registered,operation_end,2026-03-08T09:34:31.79881179Z,2026-03-08T09:34:32.988481Z,/var/lib/docker/volumes,4,fabric_peer0.irs1.kit.edu,other,0,0.0
run_010,csr,csr_1772962453,csr-irs3-1772962454,csr-irs3-1772962454,,cert_registered,operation_end,2026-03-08T09:34:31.79881179Z,2026-03-08T09:34:32.988481Z,/var/lib/docker/volumes,5,fabric_peer0.irs3.kit.edu,peer,0,0.0
run_010,revocation,revocation_1772962493,revoke-irs3-1772962493,revoke-irs3-1772962493,,operation_start,revocation_submit_done,2026-03-08T09:34:53.322006Z,2026-03-08T09:34:55.685757Z,/var/lib/docker/volumes,1,fabric_peer0.irs3.kit.edu,peer,8237,20.519144059985553
run_010,revocation,revocation_1772962493,revoke-irs3-1772962493,revoke-irs3-1772962493,,operation_start,revocation_submit_done,2026-03-08T09:34:53.322006Z,2026-03-08T09:34:55.685757Z,/var/lib/docker/volumes,2,fabric_peer1.irs3.kit.edu,other,8237,20.519144059985553
run_010,revocation,revocation_1772962493,revoke-irs3-1772962493,revoke-irs3-1772962493,,operation_start,revocation_submit_done,2026-03-08T09:34:53.322006Z,2026-03-08T09:34:55.685757Z,/var/lib/docker/volumes,3,fabric_peer2.irs3.kit.edu,other,8237,20.519144059985553
run_010,revocation,revocation_1772962493,revoke-irs3-1772962493,revoke-irs3-1772962493,,operation_start,revocation_submit_done,2026-03-08T09:34:53.322006Z,2026-03-08T09:34:55.685757Z,/var/lib/docker/volumes,4,fabric_peer3.irs3.kit.edu,other,8237,20.519144059985553
run_010,revocation,revocation_1772962493,revoke-irs3-1772962493,revoke-irs3-1772962493,,operation_start,revocation_submit_done,2026-03-08T09:34:53.322006Z,2026-03-08T09:34:55.685757Z,/var/lib/docker/volumes,5,fabric_orderer.kit.edu,orderer,7195,17.923423760057794
run_010,revocation,revocation_1772962493,revoke-irs3-1772962493,revoke-irs3-1772962493,,revocation_submit_done,revocation_voted,2026-03-08T09:34:55.685757Z,2026-03-08T09:34:59.576847726Z,/var/lib/docker/volumes,1,fabric_peer0.irs3.kit.edu,peer,23436,20.39172010545641
run_010,revocation,revocation_1772962493,revoke-irs3-1772962493,revoke-irs3-1772962493,,revocation_submit_done,revocation_voted,2026-03-08T09:34:55.685757Z,2026-03-08T09:34:59.576847726Z,/var/lib/docker/volumes,2,fabric_peer1.irs3.kit.edu,other,23436,20.39172010545641
run_010,revocation,revocation_1772962493,revoke-irs3-1772962493,revoke-irs3-1772962493,,revocation_submit_done,revocation_voted,2026-03-08T09:34:55.685757Z,2026-03-08T09:34:59.576847726Z,/var/lib/docker/volumes,3,fabric_peer2.irs3.kit.edu,other,23436,20.39172010545641
run_010,revocation,revocation_1772962493,revoke-irs3-1772962493,revoke-irs3-1772962493,,revocation_submit_done,revocation_voted,2026-03-08T09:34:55.685757Z,2026-03-08T09:34:59.576847726Z,/var/lib/docker/volumes,4,fabric_peer3.irs3.kit.edu,other,23436,20.39172010545641
run_010,revocation,revocation_1772962493,revoke-irs3-1772962493,revoke-irs3-1772962493,,revocation_submit_done,revocation_voted,2026-03-08T09:34:55.685757Z,2026-03-08T09:34:59.576847726Z,/var/lib/docker/volumes,5,fabric_orderer.kit.edu,orderer,21185,18.43311957817435
run_010,revocation,revocation_1772962493,revoke-irs3-1772962493,revoke-irs3-1772962493,,revocation_voted,revocation_executed,2026-03-08T09:34:59.576847726Z,2026-03-08T09:35:02.033398Z,/var/lib/docker/volumes,1,fabric_peer0.irs3.kit.edu,peer,26758,20.887227083609794
run_010,revocation,revocation_1772962493,revoke-irs3-1772962493,revoke-irs3-1772962493,,revocation_voted,revocation_executed,2026-03-08T09:34:59.576847726Z,2026-03-08T09:35:02.033398Z,/var/lib/docker/volumes,2,fabric_peer1.irs3.kit.edu,other,26758,20.887227083609794
run_010,revocation,revocation_1772962493,revoke-irs3-1772962493,revoke-irs3-1772962493,,revocation_voted,revocation_executed,2026-03-08T09:34:59.576847726Z,2026-03-08T09:35:02.033398Z,/var/lib/docker/volumes,3,fabric_peer2.irs3.kit.edu,other,26758,20.887227083609794
run_010,revocation,revocation_1772962493,revoke-irs3-1772962493,revoke-irs3-1772962493,,revocation_voted,revocation_executed,2026-03-08T09:34:59.576847726Z,2026-03-08T09:35:02.033398Z,/var/lib/docker/volumes,4,fabric_peer3.irs3.kit.edu,other,26758,20.887227083609794
run_010,revocation,revocation_1772962493,revoke-irs3-1772962493,revoke-irs3-1772962493,,revocation_voted,revocation_executed,2026-03-08T09:34:59.576847726Z,2026-03-08T09:35:02.033398Z,/var/lib/docker/volumes,5,fabric_orderer.kit.edu,orderer,21075,16.45109166556082
run_010,revocation,revocation_1772962493,revoke-irs3-1772962493,revoke-irs3-1772962493,,revocation_executed,operation_end,2026-03-08T09:35:02.033398Z,2026-03-08T09:35:02.145998Z,/var/lib/docker/volumes,1,ab96d922f06ec7a94f1b5200e75e480c9ed7eba86fbbe33b5cb9edbe031c6ea8,other,0,0.0
run_010,revocation,revocation_1772962493,revoke-irs3-1772962493,revoke-irs3-1772962493,,revocation_executed,operation_end,2026-03-08T09:35:02.033398Z,2026-03-08T09:35:02.145998Z,/var/lib/docker/volumes,2,b8143ef8453ad18871b4b4e0ba6041764a2cda76bc6f516fa468de5fd6585e72,other,0,0.0
run_010,revocation,revocation_1772962493,revoke-irs3-1772962493,revoke-irs3-1772962493,,revocation_executed,operation_end,2026-03-08T09:35:02.033398Z,2026-03-08T09:35:02.145998Z,/var/lib/docker/volumes,3,fabric_orderer.kit.edu,orderer,0,0.0
run_010,revocation,revocation_1772962493,revoke-irs3-1772962493,revoke-irs3-1772962493,,revocation_executed,operation_end,2026-03-08T09:35:02.033398Z,2026-03-08T09:35:02.145998Z,/var/lib/docker/volumes,4,fabric_peer0.irs1.kit.edu,other,0,0.0
run_010,revocation,revocation_1772962493,revoke-irs3-1772962493,revoke-irs3-1772962493,,revocation_executed,operation_end,2026-03-08T09:35:02.033398Z,2026-03-08T09:35:02.145998Z,/var/lib/docker/volumes,5,fabric_peer0.irs3.kit.edu,peer,0,0.0
run_010,removal,removal_1772962520,remove-irs3-member1-1772962520,remove-irs3-member1-1772962520,22,operation_start,removal_submit_done,2026-03-08T09:35:20.468807Z,2026-03-08T09:35:22.858720Z,/var/lib/docker/volumes,1,fabric_peer0.irs3.kit.edu,peer,9872,20.46052767933014
run_010,removal,removal_1772962520,remove-irs3-member1-1772962520,remove-irs3-member1-1772962520,22,operation_start,removal_submit_done,2026-03-08T09:35:20.468807Z,2026-03-08T09:35:22.858720Z,/var/lib/docker/volumes,2,fabric_peer1.irs3.kit.edu,other,9872,20.46052767933014
run_010,removal,removal_1772962520,remove-irs3-member1-1772962520,remove-irs3-member1-1772962520,22,operation_start,removal_submit_done,2026-03-08T09:35:20.468807Z,2026-03-08T09:35:22.858720Z,/var/lib/docker/volumes,3,fabric_peer2.irs3.kit.edu,other,9872,20.46052767933014
run_010,removal,removal_1772962520,remove-irs3-member1-1772962520,remove-irs3-member1-1772962520,22,operation_start,removal_submit_done,2026-03-08T09:35:20.468807Z,2026-03-08T09:35:22.858720Z,/var/lib/docker/volumes,4,fabric_peer3.irs3.kit.edu,other,9872,20.46052767933014
run_010,removal,removal_1772962520,remove-irs3-member1-1772962520,remove-irs3-member1-1772962520,22,operation_start,removal_submit_done,2026-03-08T09:35:20.468807Z,2026-03-08T09:35:22.858720Z,/var/lib/docker/volumes,5,fabric_orderer.kit.edu,orderer,8761,18.157889282679434
run_010,removal,removal_1772962520,remove-irs3-member1-1772962520,remove-irs3-member1-1772962520,22,removal_submit_done,removal_voted,2026-03-08T09:35:22.858720Z,2026-03-08T09:35:26.576358433Z,/var/lib/docker/volumes,1,fabric_peer0.irs3.kit.edu,peer,25185,20.38198518998098
run_010,removal,removal_1772962520,remove-irs3-member1-1772962520,remove-irs3-member1-1772962520,22,removal_submit_done,removal_voted,2026-03-08T09:35:22.858720Z,2026-03-08T09:35:26.576358433Z,/var/lib/docker/volumes,2,fabric_peer1.irs3.kit.edu,other,25185,20.38198518998098
run_010,removal,removal_1772962520,remove-irs3-member1-1772962520,remove-irs3-member1-1772962520,22,removal_submit_done,removal_voted,2026-03-08T09:35:22.858720Z,2026-03-08T09:35:26.576358433Z,/var/lib/docker/volumes,3,fabric_peer2.irs3.kit.edu,other,25185,20.38198518998098
run_010,removal,removal_1772962520,remove-irs3-member1-1772962520,remove-irs3-member1-1772962520,22,removal_submit_done,removal_voted,2026-03-08T09:35:22.858720Z,2026-03-08T09:35:26.576358433Z,/var/lib/docker/volumes,4,fabric_peer3.irs3.kit.edu,other,25185,20.38198518998098
run_010,removal,removal_1772962520,remove-irs3-member1-1772962520,remove-irs3-member1-1772962520,22,removal_submit_done,removal_voted,2026-03-08T09:35:22.858720Z,2026-03-08T09:35:26.576358433Z,/var/lib/docker/volumes,5,fabric_orderer.kit.edu,orderer,22825,18.472059240076074
run_010,removal,removal_1772962520,remove-irs3-member1-1772962520,remove-irs3-member1-1772962520,22,removal_voted,removal_approved,2026-03-08T09:35:26.576358433Z,2026-03-08T09:35:29.018532663Z,/var/lib/docker/volumes,1,fabric_peer0.irs3.kit.edu,peer,24188,20.791500481364324
run_010,removal,removal_1772962520,remove-irs3-member1-1772962520,remove-irs3-member1-1772962520,22,removal_voted,removal_approved,2026-03-08T09:35:26.576358433Z,2026-03-08T09:35:29.018532663Z,/var/lib/docker/volumes,2,fabric_peer1.irs3.kit.edu,other,24188,20.791500481364324
run_010,removal,removal_1772962520,remove-irs3-member1-1772962520,remove-irs3-member1-1772962520,22,removal_voted,removal_approved,2026-03-08T09:35:26.576358433Z,2026-03-08T09:35:29.018532663Z,/var/lib/docker/volumes,3,fabric_peer2.irs3.kit.edu,other,24188,20.791500481364324
run_010,removal,removal_1772962520,remove-irs3-member1-1772962520,remove-irs3-member1-1772962520,22,removal_voted,removal_approved,2026-03-08T09:35:26.576358433Z,2026-03-08T09:35:29.018532663Z,/var/lib/docker/volumes,4,fabric_peer3.irs3.kit.edu,other,24188,20.791500481364324
run_010,removal,removal_1772962520,remove-irs3-member1-1772962520,remove-irs3-member1-1772962520,22,removal_voted,removal_approved,2026-03-08T09:35:26.576358433Z,2026-03-08T09:35:29.018532663Z,/var/lib/docker/volumes,5,fabric_orderer.kit.edu,orderer,19584,16.833998074542702
run_010,removal,removal_1772962520,remove-irs3-member1-1772962520,remove-irs3-member1-1772962520,22,removal_approved,reshare_started,2026-03-08T09:35:29.018532663Z,2026-03-08T09:35:29.248097Z,/var/lib/docker/volumes,1,ab96d922f06ec7a94f1b5200e75e480c9ed7eba86fbbe33b5cb9edbe031c6ea8,other,0,0.0
run_010,removal,removal_1772962520,remove-irs3-member1-1772962520,remove-irs3-member1-1772962520,22,removal_approved,reshare_started,2026-03-08T09:35:29.018532663Z,2026-03-08T09:35:29.248097Z,/var/lib/docker/volumes,2,b8143ef8453ad18871b4b4e0ba6041764a2cda76bc6f516fa468de5fd6585e72,other,0,0.0
run_010,removal,removal_1772962520,remove-irs3-member1-1772962520,remove-irs3-member1-1772962520,22,removal_approved,reshare_started,2026-03-08T09:35:29.018532663Z,2026-03-08T09:35:29.248097Z,/var/lib/docker/volumes,3,fabric_orderer.kit.edu,orderer,0,0.0
run_010,removal,removal_1772962520,remove-irs3-member1-1772962520,remove-irs3-member1-1772962520,22,removal_approved,reshare_started,2026-03-08T09:35:29.018532663Z,2026-03-08T09:35:29.248097Z,/var/lib/docker/volumes,4,fabric_peer0.irs1.kit.edu,other,0,0.0
run_010,removal,removal_1772962520,remove-irs3-member1-1772962520,remove-irs3-member1-1772962520,22,removal_approved,reshare_started,2026-03-08T09:35:29.018532663Z,2026-03-08T09:35:29.248097Z,/var/lib/docker/volumes,5,fabric_peer0.irs3.kit.edu,peer,0,0.0
run_010,removal,removal_1772962520,remove-irs3-member1-1772962520,remove-irs3-member1-1772962520,22,reshare_started,reshare_completed,2026-03-08T09:35:29.248097Z,2026-03-08T09:35:51.053205914Z,/var/lib/docker/volumes,1,fabric_peer0.irs3.kit.edu,peer,61402,20.66412468070929
run_010,removal,removal_1772962520,remove-irs3-member1-1772962520,remove-irs3-member1-1772962520,22,reshare_started,reshare_completed,2026-03-08T09:35:29.248097Z,2026-03-08T09:35:51.053205914Z,/var/lib/docker/volumes,2,fabric_peer1.irs3.kit.edu,other,61402,20.66412468070929
run_010,removal,removal_1772962520,remove-irs3-member1-1772962520,remove-irs3-member1-1772962520,22,reshare_started,reshare_completed,2026-03-08T09:35:29.248097Z,2026-03-08T09:35:51.053205914Z,/var/lib/docker/volumes,3,fabric_peer2.irs3.kit.edu,other,61402,20.66412468070929
run_010,removal,removal_1772962520,remove-irs3-member1-1772962520,remove-irs3-member1-1772962520,22,reshare_started,reshare_completed,2026-03-08T09:35:29.248097Z,2026-03-08T09:35:51.053205914Z,/var/lib/docker/volumes,4,fabric_peer3.irs3.kit.edu,other,61402,20.66412468070929
run_010,removal,removal_1772962520,remove-irs3-member1-1772962520,remove-irs3-member1-1772962520,22,reshare_started,reshare_completed,2026-03-08T09:35:29.248097Z,2026-03-08T09:35:51.053205914Z,/var/lib/docker/volumes,5,fabric_orderer.kit.edu,orderer,51535,17.343501277162847
run_010,removal,removal_1772962520,remove-irs3-member1-1772962520,remove-irs3-member1-1772962520,22,reshare_completed,operation_end,2026-03-08T09:35:51.053205914Z,2026-03-08T09:35:51.662770Z,/var/lib/docker/volumes,1,ab96d922f06ec7a94f1b5200e75e480c9ed7eba86fbbe33b5cb9edbe031c6ea8,other,0,0.0
run_010,removal,removal_1772962520,remove-irs3-member1-1772962520,remove-irs3-member1-1772962520,22,reshare_completed,operation_end,2026-03-08T09:35:51.053205914Z,2026-03-08T09:35:51.662770Z,/var/lib/docker/volumes,2,b8143ef8453ad18871b4b4e0ba6041764a2cda76bc6f516fa468de5fd6585e72,other,0,0.0
run_010,removal,removal_1772962520,remove-irs3-member1-1772962520,remove-irs3-member1-1772962520,22,reshare_completed,operation_end,2026-03-08T09:35:51.053205914Z,2026-03-08T09:35:51.662770Z,/var/lib/docker/volumes,3,fabric_orderer.kit.edu,orderer,0,0.0
run_010,removal,removal_1772962520,remove-irs3-member1-1772962520,remove-irs3-member1-1772962520,22,reshare_completed,operation_end,2026-03-08T09:35:51.053205914Z,2026-03-08T09:35:51.662770Z,/var/lib/docker/volumes,4,fabric_peer0.irs1.kit.edu,other,0,0.0
run_010,removal,removal_1772962520,remove-irs3-member1-1772962520,remove-irs3-member1-1772962520,22,reshare_completed,operation_end,2026-03-08T09:35:51.053205914Z,2026-03-08T09:35:51.662770Z,/var/lib/docker/volumes,5,fabric_peer0.irs3.kit.edu,peer,0,0.0
run_010,join,join_1772962570,join-irs3-1772962570,join-irs3-1772962570,23,operation_start,join_submit_done,2026-03-08T09:36:10.058824Z,2026-03-08T09:36:12.433567Z,/var/lib/docker/volumes,1,fabric_peer0.irs3.kit.edu,peer,11093,20.707485532947544
run_010,join,join_1772962570,join-irs3-1772962570,join-irs3-1772962570,23,operation_start,join_submit_done,2026-03-08T09:36:10.058824Z,2026-03-08T09:36:12.433567Z,/var/lib/docker/volumes,2,fabric_peer1.irs3.kit.edu,other,11093,20.707485532947544
run_010,join,join_1772962570,join-irs3-1772962570,join-irs3-1772962570,23,operation_start,join_submit_done,2026-03-08T09:36:10.058824Z,2026-03-08T09:36:12.433567Z,/var/lib/docker/volumes,3,fabric_peer2.irs3.kit.edu,other,11093,20.707485532947544
run_010,join,join_1772962570,join-irs3-1772962570,join-irs3-1772962570,23,operation_start,join_submit_done,2026-03-08T09:36:10.058824Z,2026-03-08T09:36:12.433567Z,/var/lib/docker/volumes,4,fabric_peer3.irs3.kit.edu,other,11093,20.707485532947544
run_010,join,join_1772962570,join-irs3-1772962570,join-irs3-1772962570,23,operation_start,join_submit_done,2026-03-08T09:36:10.058824Z,2026-03-08T09:36:12.433567Z,/var/lib/docker/volumes,5,fabric_orderer.kit.edu,orderer,9198,17.170057868209817
run_010,join,join_1772962570,join-irs3-1772962570,join-irs3-1772962570,23,join_submit_done,join_voted,2026-03-08T09:36:12.433567Z,2026-03-08T09:36:15.48900219Z,/var/lib/docker/volumes,1,fabric_peer0.irs3.kit.edu,peer,11889,21.009012192966956
run_010,join,join_1772962570,join-irs3-1772962570,join-irs3-1772962570,23,join_submit_done,join_voted,2026-03-08T09:36:12.433567Z,2026-03-08T09:36:15.48900219Z,/var/lib/docker/volumes,2,fabric_peer1.irs3.kit.edu,other,11889,21.009012192966956
run_010,join,join_1772962570,join-irs3-1772962570,join-irs3-1772962570,23,join_submit_done,join_voted,2026-03-08T09:36:12.433567Z,2026-03-08T09:36:15.48900219Z,/var/lib/docker/volumes,3,fabric_peer2.irs3.kit.edu,other,11889,21.009012192966956
run_010,join,join_1772962570,join-irs3-1772962570,join-irs3-1772962570,23,join_submit_done,join_voted,2026-03-08T09:36:12.433567Z,2026-03-08T09:36:15.48900219Z,/var/lib/docker/volumes,4,fabric_peer3.irs3.kit.edu,other,11889,21.009012192966956
run_010,join,join_1772962570,join-irs3-1772962570,join-irs3-1772962570,23,join_submit_done,join_voted,2026-03-08T09:36:12.433567Z,2026-03-08T09:36:15.48900219Z,/var/lib/docker/volumes,5,fabric_orderer.kit.edu,orderer,9034,15.963951228132178
run_010,join,join_1772962570,join-irs3-1772962570,join-irs3-1772962570,23,join_voted,join_approved,2026-03-08T09:36:15.48900219Z,2026-03-08T09:36:20.025046766Z,/var/lib/docker/volumes,1,fabric_peer0.irs3.kit.edu,peer,26405,20.93840200463095
run_010,join,join_1772962570,join-irs3-1772962570,join-irs3-1772962570,23,join_voted,join_approved,2026-03-08T09:36:15.48900219Z,2026-03-08T09:36:20.025046766Z,/var/lib/docker/volumes,2,fabric_peer1.irs3.kit.edu,other,26405,20.93840200463095
run_010,join,join_1772962570,join-irs3-1772962570,join-irs3-1772962570,23,join_voted,join_approved,2026-03-08T09:36:15.48900219Z,2026-03-08T09:36:20.025046766Z,/var/lib/docker/volumes,3,fabric_peer2.irs3.kit.edu,other,26405,20.93840200463095
run_010,join,join_1772962570,join-irs3-1772962570,join-irs3-1772962570,23,join_voted,join_approved,2026-03-08T09:36:15.48900219Z,2026-03-08T09:36:20.025046766Z,/var/lib/docker/volumes,4,fabric_peer3.irs3.kit.edu,other,26405,20.93840200463095
run_010,join,join_1772962570,join-irs3-1772962570,join-irs3-1772962570,23,join_voted,join_approved,2026-03-08T09:36:15.48900219Z,2026-03-08T09:36:20.025046766Z,/var/lib/docker/volumes,5,fabric_orderer.kit.edu,orderer,20488,16.246391981476194
run_010,join,join_1772962570,join-irs3-1772962570,join-irs3-1772962570,23,join_approved,reshare_started,2026-03-08T09:36:20.025046766Z,2026-03-08T09:36:20.866128Z,/var/lib/docker/volumes,1,ab96d922f06ec7a94f1b5200e75e480c9ed7eba86fbbe33b5cb9edbe031c6ea8,other,0,0.0
run_010,join,join_1772962570,join-irs3-1772962570,join-irs3-1772962570,23,join_approved,reshare_started,2026-03-08T09:36:20.025046766Z,2026-03-08T09:36:20.866128Z,/var/lib/docker/volumes,2,b8143ef8453ad18871b4b4e0ba6041764a2cda76bc6f516fa468de5fd6585e72,other,0,0.0
run_010,join,join_1772962570,join-irs3-1772962570,join-irs3-1772962570,23,join_approved,reshare_started,2026-03-08T09:36:20.025046766Z,2026-03-08T09:36:20.866128Z,/var/lib/docker/volumes,3,fabric_orderer.kit.edu,orderer,0,0.0
run_010,join,join_1772962570,join-irs3-1772962570,join-irs3-1772962570,23,join_approved,reshare_started,2026-03-08T09:36:20.025046766Z,2026-03-08T09:36:20.866128Z,/var/lib/docker/volumes,4,fabric_peer0.irs1.kit.edu,other,0,0.0
run_010,join,join_1772962570,join-irs3-1772962570,join-irs3-1772962570,23,join_approved,reshare_started,2026-03-08T09:36:20.025046766Z,2026-03-08T09:36:20.866128Z,/var/lib/docker/volumes,5,fabric_peer0.irs3.kit.edu,peer,0,0.0
run_010,join,join_1772962570,join-irs3-1772962570,join-irs3-1772962570,23,reshare_started,reshare_completed,2026-03-08T09:36:20.866128Z,2026-03-08T09:36:43.765277667Z,/var/lib/docker/volumes,1,fabric_peer0.irs3.kit.edu,peer,40966,20.682795807500455
run_010,join,join_1772962570,join-irs3-1772962570,join-irs3-1772962570,23,reshare_started,reshare_completed,2026-03-08T09:36:20.866128Z,2026-03-08T09:36:43.765277667Z,/var/lib/docker/volumes,2,fabric_peer1.irs3.kit.edu,other,40966,20.682795807500455
run_010,join,join_1772962570,join-irs3-1772962570,join-irs3-1772962570,23,reshare_started,reshare_completed,2026-03-08T09:36:20.866128Z,2026-03-08T09:36:43.765277667Z,/var/lib/docker/volumes,3,fabric_peer2.irs3.kit.edu,other,40966,20.682795807500455
run_010,join,join_1772962570,join-irs3-1772962570,join-irs3-1772962570,23,reshare_started,reshare_completed,2026-03-08T09:36:20.866128Z,2026-03-08T09:36:43.765277667Z,/var/lib/docker/volumes,4,fabric_peer3.irs3.kit.edu,other,40966,20.682795807500455
run_010,join,join_1772962570,join-irs3-1772962570,join-irs3-1772962570,23,reshare_started,reshare_completed,2026-03-08T09:36:20.866128Z,2026-03-08T09:36:43.765277667Z,/var/lib/docker/volumes,5,fabric_orderer.kit.edu,orderer,34204,17.268816769998182
run_010,join,join_1772962570,join-irs3-1772962570,join-irs3-1772962570,23,reshare_completed,operation_end,2026-03-08T09:36:43.765277667Z,2026-03-08T09:36:51.346917Z,/var/lib/docker/volumes,1,fabric_peer0.irs3.kit.edu,peer,74456,20.566478650704646
run_010,join,join_1772962570,join-irs3-1772962570,join-irs3-1772962570,23,reshare_completed,operation_end,2026-03-08T09:36:43.765277667Z,2026-03-08T09:36:51.346917Z,/var/lib/docker/volumes,2,fabric_peer1.irs3.kit.edu,other,74456,20.566478650704646
run_010,join,join_1772962570,join-irs3-1772962570,join-irs3-1772962570,23,reshare_completed,operation_end,2026-03-08T09:36:43.765277667Z,2026-03-08T09:36:51.346917Z,/var/lib/docker/volumes,3,fabric_peer2.irs3.kit.edu,other,74456,20.566478650704646
run_010,join,join_1772962570,join-irs3-1772962570,join-irs3-1772962570,23,reshare_completed,operation_end,2026-03-08T09:36:43.765277667Z,2026-03-08T09:36:51.346917Z,/var/lib/docker/volumes,4,fabric_peer3.irs3.kit.edu,other,74456,20.566478650704646
run_010,join,join_1772962570,join-irs3-1772962570,join-irs3-1772962570,23,reshare_completed,operation_end,2026-03-08T09:36:43.765277667Z,2026-03-08T09:36:51.346917Z,/var/lib/docker/volumes,5,fabric_orderer.kit.edu,orderer,64202,17.734085397181417
