ts,operation,phase,cpu_total_pct,mem_used_pct,rx_bytes,tx_bytes,rx_bytes_interval,tx_bytes_interval,rx_bytes_delta,tx_bytes_delta,control_rx_bytes_interval,control_tx_bytes_interval,control_rx_bytes_delta,control_tx_bytes_delta,rx_bytes_interval_adjusted,tx_bytes_interval_adjusted,rx_bytes_delta_adjusted,tx_bytes_delta_adjusted,control_sampling_ok,control_sampling_note,tss_cpu_pct,tss_mem_pct,peer_cpu_pct,peer_mem_pct,orderer_cpu_pct,orderer_mem_pct,tss_pid_count,peer_pid_count,orderer_pid_count,phase_derived,phase_start_ts,phase_end_ts,phase_elapsed_s,marker_prev,marker_prev_ts,marker_prev_elapsed_s,marker_next,marker_next_ts,marker_next_elapsed_s,proposal_id_derived,workflow_derived,entity_id_derived,epoch_derived,timeline_markers,source_file
2026-03-07T07:45:06.040396Z,csr_1772869505,csr_submit,0.00,23.97,105250946,203196070,0,0,0,0,0,0,0,0,0,0,0,0,1,ok:3,0.00,0.37,0.00,6.73,0.00,1.32,1,4,1,csr_submit,2026-03-07T07:45:05.837483066Z,2026-03-07T07:45:08.041600555Z,0.203,csr_submit,2026-03-07T07:45:05.837483066Z,0.203,csr_observed,2026-03-07T07:45:08.041600555Z,2.001,csr-irs3-1772869505,csr,csr-irs3-1772869505,,"[[""csr_submit"", ""2026-03-07T07:45:05.837483066Z""], [""csr_observed"", ""2026-03-07T07:45:08.041600555Z""], [""signing_session"", ""2026-03-07T07:45:15.882917744Z""], [""tss_signing"", ""2026-03-07T07:45:15.984034095Z""], [""csr_vote"", ""2026-03-07T07:45:17.676355704Z""], [""tss_complete"", ""2026-03-07T07:45:21.31132543Z""], [""partial_sig_submit"", ""2026-03-07T07:45:24.275939253Z""], [""bc_register"", ""2026-03-07T07:45:30.217468801Z""], [""cert_sync"", ""2026-03-07T07:45:38.069731224Z""]]",/opt/fabric/benchmarks/out/suite_20260307_082422/run_008/raw/resources_csr_1772869505.csv
2026-03-07T07:45:07.138229Z,csr_1772869505,csr_submit,8.18,23.97,105259302,203216345,8356,20275,8356,20275,0,0,0,0,8356,20275,8356,20275,1,ok:3,0.00,0.37,5.37,6.73,0.00,1.32,1,4,1,csr_submit,2026-03-07T07:45:05.837483066Z,2026-03-07T07:45:08.041600555Z,1.301,csr_submit,2026-03-07T07:45:05.837483066Z,1.301,csr_observed,2026-03-07T07:45:08.041600555Z,0.903,csr-irs3-1772869505,csr,csr-irs3-1772869505,,"[[""csr_submit"", ""2026-03-07T07:45:05.837483066Z""], [""csr_observed"", ""2026-03-07T07:45:08.041600555Z""], [""signing_session"", ""2026-03-07T07:45:15.882917744Z""], [""tss_signing"", ""2026-03-07T07:45:15.984034095Z""], [""csr_vote"", ""2026-03-07T07:45:17.676355704Z""], [""tss_complete"", ""2026-03-07T07:45:21.31132543Z""], [""partial_sig_submit"", ""2026-03-07T07:45:24.275939253Z""], [""bc_register"", ""2026-03-07T07:45:30.217468801Z""], [""cert_sync"", ""2026-03-07T07:45:38.069731224Z""]]",/opt/fabric/benchmarks/out/suite_20260307_082422/run_008/raw/resources_csr_1772869505.csv
2026-03-07T07:45:08.242683Z,csr_1772869505,csr_wait_cert,30.59,23.98,105305079,203402427,45777,186082,54133,206357,166,167,166,167,45611,185915,53967,206190,1,ok:3,1.14,0.37,17.12,6.73,0.68,1.32,1,4,1,csr_observed,2026-03-07T07:45:08.041600555Z,2026-03-07T07:45:15.882917744Z,0.201,csr_observed,2026-03-07T07:45:08.041600555Z,0.201,signing_session,2026-03-07T07:45:15.882917744Z,7.640,csr-irs3-1772869505,csr,csr-irs3-1772869505,,"[[""csr_submit"", ""2026-03-07T07:45:05.837483066Z""], [""csr_observed"", ""2026-03-07T07:45:08.041600555Z""], [""signing_session"", ""2026-03-07T07:45:15.882917744Z""], [""tss_signing"", ""2026-03-07T07:45:15.984034095Z""], [""csr_vote"", ""2026-03-07T07:45:17.676355704Z""], [""tss_complete"", ""2026-03-07T07:45:21.31132543Z""], [""partial_sig_submit"", ""2026-03-07T07:45:24.275939253Z""], [""bc_register"", ""2026-03-07T07:45:30.217468801Z""], [""cert_sync"", ""2026-03-07T07:45:38.069731224Z""]]",/opt/fabric/benchmarks/out/suite_20260307_082422/run_008/raw/resources_csr_1772869505.csv
2026-03-07T07:45:09.343747Z,csr_1772869505,csr_wait_cert,29.60,23.99,105441266,203511501,136187,109074,190320,315431,0,0,166,167,136187,109074,190154,315264,1,ok:1,0.00,0.37,27.97,6.73,0.70,1.32,1,4,1,csr_observed,2026-03-07T07:45:08.041600555Z,2026-03-07T07:45:15.882917744Z,1.302,csr_observed,2026-03-07T07:45:08.041600555Z,1.302,signing_session,2026-03-07T07:45:15.882917744Z,6.539,csr-irs3-1772869505,csr,csr-irs3-1772869505,,"[[""csr_submit"", ""2026-03-07T07:45:05.837483066Z""], [""csr_observed"", ""2026-03-07T07:45:08.041600555Z""], [""signing_session"", ""2026-03-07T07:45:15.882917744Z""], [""tss_signing"", ""2026-03-07T07:45:15.984034095Z""], [""csr_vote"", ""2026-03-07T07:45:17.676355704Z""], [""tss_complete"", ""2026-03-07T07:45:21.31132543Z""], [""partial_sig_submit"", ""2026-03-07T07:45:24.275939253Z""], [""bc_register"", ""2026-03-07T07:45:30.217468801Z""], [""cert_sync"", ""2026-03-07T07:45:38.069731224Z""]]",/opt/fabric/benchmarks/out/suite_20260307_082422/run_008/raw/resources_csr_1772869505.csv
2026-03-07T07:45:10.471323Z,csr_1772869505,csr_wait_cert,22.83,24.01,105520457,203769173,79191,257672,269511,573103,0,0,166,167,79191,257672,269345,572936,1,ok:1,0.91,0.38,16.67,6.73,1.37,1.32,1,4,1,csr_observed,2026-03-07T07:45:08.041600555Z,2026-03-07T07:45:15.882917744Z,2.430,csr_observed,2026-03-07T07:45:08.041600555Z,2.430,signing_session,2026-03-07T07:45:15.882917744Z,5.412,csr-irs3-1772869505,csr,csr-irs3-1772869505,,"[[""csr_submit"", ""2026-03-07T07:45:05.837483066Z""], [""csr_observed"", ""2026-03-07T07:45:08.041600555Z""], [""signing_session"", ""2026-03-07T07:45:15.882917744Z""], [""tss_signing"", ""2026-03-07T07:45:15.984034095Z""], [""csr_vote"", ""2026-03-07T07:45:17.676355704Z""], [""tss_complete"", ""2026-03-07T07:45:21.31132543Z""], [""partial_sig_submit"", ""2026-03-07T07:45:24.275939253Z""], [""bc_register"", ""2026-03-07T07:45:30.217468801Z""], [""cert_sync"", ""2026-03-07T07:45:38.069731224Z""]]",/opt/fabric/benchmarks/out/suite_20260307_082422/run_008/raw/resources_csr_1772869505.csv
2026-03-07T07:45:11.599718Z,csr_1772869505,csr_wait_cert,27.11,24.01,105629404,204059004,108947,289831,378458,862934,0,0,166,167,108947,289831,378292,862767,1,ok:1,0.68,0.38,18.91,6.73,0.46,1.32,1,4,1,csr_observed,2026-03-07T07:45:08.041600555Z,2026-03-07T07:45:15.882917744Z,3.558,csr_observed,2026-03-07T07:45:08.041600555Z,3.558,signing_session,2026-03-07T07:45:15.882917744Z,4.283,csr-irs3-1772869505,csr,csr-irs3-1772869505,,"[[""csr_submit"", ""2026-03-07T07:45:05.837483066Z""], [""csr_observed"", ""2026-03-07T07:45:08.041600555Z""], [""signing_session"", ""2026-03-07T07:45:15.882917744Z""], [""tss_signing"", ""2026-03-07T07:45:15.984034095Z""], [""csr_vote"", ""2026-03-07T07:45:17.676355704Z""], [""tss_complete"", ""2026-03-07T07:45:21.31132543Z""], [""partial_sig_submit"", ""2026-03-07T07:45:24.275939253Z""], [""bc_register"", ""2026-03-07T07:45:30.217468801Z""], [""cert_sync"", ""2026-03-07T07:45:38.069731224Z""]]",/opt/fabric/benchmarks/out/suite_20260307_082422/run_008/raw/resources_csr_1772869505.csv
2026-03-07T07:45:12.697461Z,csr_1772869505,csr_wait_cert,38.32,24.01,105749255,204682505,119851,623501,498309,1486435,0,0,166,167,119851,623501,498143,1486268,1,ok:1,0.23,0.38,23.36,6.73,1.81,1.32,1,4,1,csr_observed,2026-03-07T07:45:08.041600555Z,2026-03-07T07:45:15.882917744Z,4.656,csr_observed,2026-03-07T07:45:08.041600555Z,4.656,signing_session,2026-03-07T07:45:15.882917744Z,3.185,csr-irs3-1772869505,csr,csr-irs3-1772869505,,"[[""csr_submit"", ""2026-03-07T07:45:05.837483066Z""], [""csr_observed"", ""2026-03-07T07:45:08.041600555Z""], [""signing_session"", ""2026-03-07T07:45:15.882917744Z""], [""tss_signing"", ""2026-03-07T07:45:15.984034095Z""], [""csr_vote"", ""2026-03-07T07:45:17.676355704Z""], [""tss_complete"", ""2026-03-07T07:45:21.31132543Z""], [""partial_sig_submit"", ""2026-03-07T07:45:24.275939253Z""], [""bc_register"", ""2026-03-07T07:45:30.217468801Z""], [""cert_sync"", ""2026-03-07T07:45:38.069731224Z""]]",/opt/fabric/benchmarks/out/suite_20260307_082422/run_008/raw/resources_csr_1772869505.csv
2026-03-07T07:45:13.795464Z,csr_1772869505,csr_wait_cert,28.77,24.02,105860774,204803268,111519,120763,609828,1607198,0,0,166,167,111519,120763,609662,1607031,1,ok:1,0.00,0.38,24.76,6.73,0.71,1.32,1,4,1,csr_observed,2026-03-07T07:45:08.041600555Z,2026-03-07T07:45:15.882917744Z,5.754,csr_observed,2026-03-07T07:45:08.041600555Z,5.754,signing_session,2026-03-07T07:45:15.882917744Z,2.087,csr-irs3-1772869505,csr,csr-irs3-1772869505,,"[[""csr_submit"", ""2026-03-07T07:45:05.837483066Z""], [""csr_observed"", ""2026-03-07T07:45:08.041600555Z""], [""signing_session"", ""2026-03-07T07:45:15.882917744Z""], [""tss_signing"", ""2026-03-07T07:45:15.984034095Z""], [""csr_vote"", ""2026-03-07T07:45:17.676355704Z""], [""tss_complete"", ""2026-03-07T07:45:21.31132543Z""], [""partial_sig_submit"", ""2026-03-07T07:45:24.275939253Z""], [""bc_register"", ""2026-03-07T07:45:30.217468801Z""], [""cert_sync"", ""2026-03-07T07:45:38.069731224Z""]]",/opt/fabric/benchmarks/out/suite_20260307_082422/run_008/raw/resources_csr_1772869505.csv
2026-03-07T07:45:14.921874Z,csr_1772869505,csr_wait_cert,17.18,24.02,105921278,204856483,60504,53215,670332,1660413,0,0,166,167,60504,53215,670166,1660246,1,ok:1,0.24,0.38,14.82,6.73,0.71,1.32,1,4,1,csr_observed,2026-03-07T07:45:08.041600555Z,2026-03-07T07:45:15.882917744Z,6.880,csr_observed,2026-03-07T07:45:08.041600555Z,6.880,signing_session,2026-03-07T07:45:15.882917744Z,0.961,csr-irs3-1772869505,csr,csr-irs3-1772869505,,"[[""csr_submit"", ""2026-03-07T07:45:05.837483066Z""], [""csr_observed"", ""2026-03-07T07:45:08.041600555Z""], [""signing_session"", ""2026-03-07T07:45:15.882917744Z""], [""tss_signing"", ""2026-03-07T07:45:15.984034095Z""], [""csr_vote"", ""2026-03-07T07:45:17.676355704Z""], [""tss_complete"", ""2026-03-07T07:45:21.31132543Z""], [""partial_sig_submit"", ""2026-03-07T07:45:24.275939253Z""], [""bc_register"", ""2026-03-07T07:45:30.217468801Z""], [""cert_sync"", ""2026-03-07T07:45:38.069731224Z""]]",/opt/fabric/benchmarks/out/suite_20260307_082422/run_008/raw/resources_csr_1772869505.csv
2026-03-07T07:45:16.026243Z,csr_1772869505,csr_wait_cert,38.10,24.03,106075335,205380122,154057,523639,824389,2184052,0,0,166,167,154057,523639,824223,2183885,1,ok:1,2.04,0.38,29.71,6.73,0.45,1.32,1,4,1,tss_signing,2026-03-07T07:45:15.984034095Z,2026-03-07T07:45:17.676355704Z,0.042,tss_signing,2026-03-07T07:45:15.984034095Z,0.042,csr_vote,2026-03-07T07:45:17.676355704Z,1.650,csr-irs3-1772869505,csr,csr-irs3-1772869505,,"[[""csr_submit"", ""2026-03-07T07:45:05.837483066Z""], [""csr_observed"", ""2026-03-07T07:45:08.041600555Z""], [""signing_session"", ""2026-03-07T07:45:15.882917744Z""], [""tss_signing"", ""2026-03-07T07:45:15.984034095Z""], [""csr_vote"", ""2026-03-07T07:45:17.676355704Z""], [""tss_complete"", ""2026-03-07T07:45:21.31132543Z""], [""partial_sig_submit"", ""2026-03-07T07:45:24.275939253Z""], [""bc_register"", ""2026-03-07T07:45:30.217468801Z""], [""cert_sync"", ""2026-03-07T07:45:38.069731224Z""]]",/opt/fabric/benchmarks/out/suite_20260307_082422/run_008/raw/resources_csr_1772869505.csv
2026-03-07T07:45:17.120976Z,csr_1772869505,csr_wait_cert,44.29,24.04,106193120,205477400,117785,97278,942174,2281330,0,0,166,167,117785,97278,942008,2281163,1,ok:1,25.34,0.38,12.79,6.73,0.00,1.32,1,4,1,tss_signing,2026-03-07T07:45:15.984034095Z,2026-03-07T07:45:17.676355704Z,1.137,tss_signing,2026-03-07T07:45:15.984034095Z,1.137,csr_vote,2026-03-07T07:45:17.676355704Z,0.555,csr-irs3-1772869505,csr,csr-irs3-1772869505,,"[[""csr_submit"", ""2026-03-07T07:45:05.837483066Z""], [""csr_observed"", ""2026-03-07T07:45:08.041600555Z""], [""signing_session"", ""2026-03-07T07:45:15.882917744Z""], [""tss_signing"", ""2026-03-07T07:45:15.984034095Z""], [""csr_vote"", ""2026-03-07T07:45:17.676355704Z""], [""tss_complete"", ""2026-03-07T07:45:21.31132543Z""], [""partial_sig_submit"", ""2026-03-07T07:45:24.275939253Z""], [""bc_register"", ""2026-03-07T07:45:30.217468801Z""], [""cert_sync"", ""2026-03-07T07:45:38.069731224Z""]]",/opt/fabric/benchmarks/out/suite_20260307_082422/run_008/raw/resources_csr_1772869505.csv
2026-03-07T07:45:18.317075Z,csr_1772869505,csr_wait_cert,57.08,24.04,106318652,205901180,125532,423780,1067706,2705110,0,0,166,167,125532,423780,1067540,2704943,1,ok:1,32.48,0.38,24.13,6.74,1.16,1.32,1,4,1,csr_vote,2026-03-07T07:45:17.676355704Z,2026-03-07T07:45:21.31132543Z,0.641,csr_vote,2026-03-07T07:45:17.676355704Z,0.641,tss_complete,2026-03-07T07:45:21.31132543Z,2.994,csr-irs3-1772869505,csr,csr-irs3-1772869505,,"[[""csr_submit"", ""2026-03-07T07:45:05.837483066Z""], [""csr_observed"", ""2026-03-07T07:45:08.041600555Z""], [""signing_session"", ""2026-03-07T07:45:15.882917744Z""], [""tss_signing"", ""2026-03-07T07:45:15.984034095Z""], [""csr_vote"", ""2026-03-07T07:45:17.676355704Z""], [""tss_complete"", ""2026-03-07T07:45:21.31132543Z""], [""partial_sig_submit"", ""2026-03-07T07:45:24.275939253Z""], [""bc_register"", ""2026-03-07T07:45:30.217468801Z""], [""cert_sync"", ""2026-03-07T07:45:38.069731224Z""]]",/opt/fabric/benchmarks/out/suite_20260307_082422/run_008/raw/resources_csr_1772869505.csv
2026-03-07T07:45:19.548583Z,csr_1772869505,csr_wait_cert,100.00,24.04,106365737,205959112,47085,57932,1114791,2763042,0,0,166,167,47085,57932,1114625,2762875,1,ok:1,87.06,0.37,11.06,6.74,0.00,1.32,1,4,1,csr_vote,2026-03-07T07:45:17.676355704Z,2026-03-07T07:45:21.31132543Z,1.872,csr_vote,2026-03-07T07:45:17.676355704Z,1.872,tss_complete,2026-03-07T07:45:21.31132543Z,1.763,csr-irs3-1772869505,csr,csr-irs3-1772869505,,"[[""csr_submit"", ""2026-03-07T07:45:05.837483066Z""], [""csr_observed"", ""2026-03-07T07:45:08.041600555Z""], [""signing_session"", ""2026-03-07T07:45:15.882917744Z""], [""tss_signing"", ""2026-03-07T07:45:15.984034095Z""], [""csr_vote"", ""2026-03-07T07:45:17.676355704Z""], [""tss_complete"", ""2026-03-07T07:45:21.31132543Z""], [""partial_sig_submit"", ""2026-03-07T07:45:24.275939253Z""], [""bc_register"", ""2026-03-07T07:45:30.217468801Z""], [""cert_sync"", ""2026-03-07T07:45:38.069731224Z""]]",/opt/fabric/benchmarks/out/suite_20260307_082422/run_008/raw/resources_csr_1772869505.csv
2026-03-07T07:45:20.761602Z,csr_1772869505,csr_wait_cert,96.33,24.06,106588301,206139670,222564,180558,1337355,2943600,0,0,166,167,222564,180558,1337189,2943433,1,ok:1,69.25,0.36,22.00,6.69,0.20,1.32,1,4,1,csr_vote,2026-03-07T07:45:17.676355704Z,2026-03-07T07:45:21.31132543Z,3.085,csr_vote,2026-03-07T07:45:17.676355704Z,3.085,tss_complete,2026-03-07T07:45:21.31132543Z,0.550,csr-irs3-1772869505,csr,csr-irs3-1772869505,,"[[""csr_submit"", ""2026-03-07T07:45:05.837483066Z""], [""csr_observed"", ""2026-03-07T07:45:08.041600555Z""], [""signing_session"", ""2026-03-07T07:45:15.882917744Z""], [""tss_signing"", ""2026-03-07T07:45:15.984034095Z""], [""csr_vote"", ""2026-03-07T07:45:17.676355704Z""], [""tss_complete"", ""2026-03-07T07:45:21.31132543Z""], [""partial_sig_submit"", ""2026-03-07T07:45:24.275939253Z""], [""bc_register"", ""2026-03-07T07:45:30.217468801Z""], [""cert_sync"", ""2026-03-07T07:45:38.069731224Z""]]",/opt/fabric/benchmarks/out/suite_20260307_082422/run_008/raw/resources_csr_1772869505.csv
2026-03-07T07:45:21.865578Z,csr_1772869505,csr_wait_cert,65.48,24.07,106898672,207037137,310371,897467,1647726,3841067,0,0,166,167,310371,897467,1647560,3840900,1,ok:1,29.29,0.35,23.43,6.70,2.93,1.32,1,4,1,tss_complete,2026-03-07T07:45:21.31132543Z,2026-03-07T07:45:24.275939253Z,0.554,tss_complete,2026-03-07T07:45:21.31132543Z,0.554,partial_sig_submit,2026-03-07T07:45:24.275939253Z,2.410,csr-irs3-1772869505,csr,csr-irs3-1772869505,,"[[""csr_submit"", ""2026-03-07T07:45:05.837483066Z""], [""csr_observed"", ""2026-03-07T07:45:08.041600555Z""], [""signing_session"", ""2026-03-07T07:45:15.882917744Z""], [""tss_signing"", ""2026-03-07T07:45:15.984034095Z""], [""csr_vote"", ""2026-03-07T07:45:17.676355704Z""], [""tss_complete"", ""2026-03-07T07:45:21.31132543Z""], [""partial_sig_submit"", ""2026-03-07T07:45:24.275939253Z""], [""bc_register"", ""2026-03-07T07:45:30.217468801Z""], [""cert_sync"", ""2026-03-07T07:45:38.069731224Z""]]",/opt/fabric/benchmarks/out/suite_20260307_082422/run_008/raw/resources_csr_1772869505.csv
2026-03-07T07:45:22.972584Z,csr_1772869505,csr_wait_cert,23.49,24.06,106954062,207089815,55390,52678,1703116,3893745,0,0,166,167,55390,52678,1702950,3893578,1,ok:1,3.72,0.35,12.56,6.70,1.63,1.32,1,4,1,tss_complete,2026-03-07T07:45:21.31132543Z,2026-03-07T07:45:24.275939253Z,1.661,tss_complete,2026-03-07T07:45:21.31132543Z,1.661,partial_sig_submit,2026-03-07T07:45:24.275939253Z,1.303,csr-irs3-1772869505,csr,csr-irs3-1772869505,,"[[""csr_submit"", ""2026-03-07T07:45:05.837483066Z""], [""csr_observed"", ""2026-03-07T07:45:08.041600555Z""], [""signing_session"", ""2026-03-07T07:45:15.882917744Z""], [""tss_signing"", ""2026-03-07T07:45:15.984034095Z""], [""csr_vote"", ""2026-03-07T07:45:17.676355704Z""], [""tss_complete"", ""2026-03-07T07:45:21.31132543Z""], [""partial_sig_submit"", ""2026-03-07T07:45:24.275939253Z""], [""bc_register"", ""2026-03-07T07:45:30.217468801Z""], [""cert_sync"", ""2026-03-07T07:45:38.069731224Z""]]",/opt/fabric/benchmarks/out/suite_20260307_082422/run_008/raw/resources_csr_1772869505.csv
2026-03-07T07:45:24.068689Z,csr_1772869505,csr_wait_cert,29.16,24.07,107056316,207171588,102254,81773,1805370,3975518,0,0,166,167,102254,81773,1805204,3975351,1,ok:1,0.23,0.35,21.64,6.70,0.23,1.32,1,4,1,tss_complete,2026-03-07T07:45:21.31132543Z,2026-03-07T07:45:24.275939253Z,2.757,tss_complete,2026-03-07T07:45:21.31132543Z,2.757,partial_sig_submit,2026-03-07T07:45:24.275939253Z,0.207,csr-irs3-1772869505,csr,csr-irs3-1772869505,,"[[""csr_submit"", ""2026-03-07T07:45:05.837483066Z""], [""csr_observed"", ""2026-03-07T07:45:08.041600555Z""], [""signing_session"", ""2026-03-07T07:45:15.882917744Z""], [""tss_signing"", ""2026-03-07T07:45:15.984034095Z""], [""csr_vote"", ""2026-03-07T07:45:17.676355704Z""], [""tss_complete"", ""2026-03-07T07:45:21.31132543Z""], [""partial_sig_submit"", ""2026-03-07T07:45:24.275939253Z""], [""bc_register"", ""2026-03-07T07:45:30.217468801Z""], [""cert_sync"", ""2026-03-07T07:45:38.069731224Z""]]",/opt/fabric/benchmarks/out/suite_20260307_082422/run_008/raw/resources_csr_1772869505.csv
2026-03-07T07:45:25.176830Z,csr_1772869505,csr_wait_cert,33.03,24.08,107192274,207731373,135958,559785,1941328,4535303,0,0,166,167,135958,559785,1941162,4535136,1,ok:1,0.46,0.35,28.18,6.70,1.85,1.32,1,4,1,partial_sig_submit,2026-03-07T07:45:24.275939253Z,2026-03-07T07:45:30.217468801Z,0.901,partial_sig_submit,2026-03-07T07:45:24.275939253Z,0.901,bc_register,2026-03-07T07:45:30.217468801Z,5.041,csr-irs3-1772869505,csr,csr-irs3-1772869505,,"[[""csr_submit"", ""2026-03-07T07:45:05.837483066Z""], [""csr_observed"", ""2026-03-07T07:45:08.041600555Z""], [""signing_session"", ""2026-03-07T07:45:15.882917744Z""], [""tss_signing"", ""2026-03-07T07:45:15.984034095Z""], [""csr_vote"", ""2026-03-07T07:45:17.676355704Z""], [""tss_complete"", ""2026-03-07T07:45:21.31132543Z""], [""partial_sig_submit"", ""2026-03-07T07:45:24.275939253Z""], [""bc_register"", ""2026-03-07T07:45:30.217468801Z""], [""cert_sync"", ""2026-03-07T07:45:38.069731224Z""]]",/opt/fabric/benchmarks/out/suite_20260307_082422/run_008/raw/resources_csr_1772869505.csv
2026-03-07T07:45:26.277354Z,csr_1772869505,csr_wait_cert,29.34,24.08,107282453,207830180,90179,98807,2031507,4634110,0,0,166,167,90179,98807,2031341,4633943,1,ok:1,0.47,0.35,22.30,6.70,0.00,1.32,1,4,1,partial_sig_submit,2026-03-07T07:45:24.275939253Z,2026-03-07T07:45:30.217468801Z,2.001,partial_sig_submit,2026-03-07T07:45:24.275939253Z,2.001,bc_register,2026-03-07T07:45:30.217468801Z,3.940,csr-irs3-1772869505,csr,csr-irs3-1772869505,,"[[""csr_submit"", ""2026-03-07T07:45:05.837483066Z""], [""csr_observed"", ""2026-03-07T07:45:08.041600555Z""], [""signing_session"", ""2026-03-07T07:45:15.882917744Z""], [""tss_signing"", ""2026-03-07T07:45:15.984034095Z""], [""csr_vote"", ""2026-03-07T07:45:17.676355704Z""], [""tss_complete"", ""2026-03-07T07:45:21.31132543Z""], [""partial_sig_submit"", ""2026-03-07T07:45:24.275939253Z""], [""bc_register"", ""2026-03-07T07:45:30.217468801Z""], [""cert_sync"", ""2026-03-07T07:45:38.069731224Z""]]",/opt/fabric/benchmarks/out/suite_20260307_082422/run_008/raw/resources_csr_1772869505.csv
2026-03-07T07:45:27.375731Z,csr_1772869505,csr_wait_cert,25.23,24.08,107331476,208320198,49023,490018,2080530,5124128,0,0,166,167,49023,490018,2080364,5123961,1,ok:1,0.23,0.35,12.27,6.70,1.16,1.32,1,4,1,partial_sig_submit,2026-03-07T07:45:24.275939253Z,2026-03-07T07:45:30.217468801Z,3.100,partial_sig_submit,2026-03-07T07:45:24.275939253Z,3.100,bc_register,2026-03-07T07:45:30.217468801Z,2.842,csr-irs3-1772869505,csr,csr-irs3-1772869505,,"[[""csr_submit"", ""2026-03-07T07:45:05.837483066Z""], [""csr_observed"", ""2026-03-07T07:45:08.041600555Z""], [""signing_session"", ""2026-03-07T07:45:15.882917744Z""], [""tss_signing"", ""2026-03-07T07:45:15.984034095Z""], [""csr_vote"", ""2026-03-07T07:45:17.676355704Z""], [""tss_complete"", ""2026-03-07T07:45:21.31132543Z""], [""partial_sig_submit"", ""2026-03-07T07:45:24.275939253Z""], [""bc_register"", ""2026-03-07T07:45:30.217468801Z""], [""cert_sync"", ""2026-03-07T07:45:38.069731224Z""]]",/opt/fabric/benchmarks/out/suite_20260307_082422/run_008/raw/resources_csr_1772869505.csv
2026-03-07T07:45:28.473969Z,csr_1772869505,csr_wait_cert,31.79,24.09,107470410,208426969,138934,106771,2219464,5230899,0,0,166,167,138934,106771,2219298,5230732,1,ok:1,0.70,0.35,26.91,6.70,0.23,1.32,1,4,1,partial_sig_submit,2026-03-07T07:45:24.275939253Z,2026-03-07T07:45:30.217468801Z,4.198,partial_sig_submit,2026-03-07T07:45:24.275939253Z,4.198,bc_register,2026-03-07T07:45:30.217468801Z,1.743,csr-irs3-1772869505,csr,csr-irs3-1772869505,,"[[""csr_submit"", ""2026-03-07T07:45:05.837483066Z""], [""csr_observed"", ""2026-03-07T07:45:08.041600555Z""], [""signing_session"", ""2026-03-07T07:45:15.882917744Z""], [""tss_signing"", ""2026-03-07T07:45:15.984034095Z""], [""csr_vote"", ""2026-03-07T07:45:17.676355704Z""], [""tss_complete"", ""2026-03-07T07:45:21.31132543Z""], [""partial_sig_submit"", ""2026-03-07T07:45:24.275939253Z""], [""bc_register"", ""2026-03-07T07:45:30.217468801Z""], [""cert_sync"", ""2026-03-07T07:45:38.069731224Z""]]",/opt/fabric/benchmarks/out/suite_20260307_082422/run_008/raw/resources_csr_1772869505.csv
2026-03-07T07:45:29.570150Z,csr_1772869505,csr_wait_cert,31.84,24.09,107574363,208544739,103953,117770,2323417,5348669,0,0,166,167,103953,117770,2323251,5348502,1,ok:1,0.94,0.35,25.71,6.70,0.24,1.32,1,4,1,partial_sig_submit,2026-03-07T07:45:24.275939253Z,2026-03-07T07:45:30.217468801Z,5.294,partial_sig_submit,2026-03-07T07:45:24.275939253Z,5.294,bc_register,2026-03-07T07:45:30.217468801Z,0.647,csr-irs3-1772869505,csr,csr-irs3-1772869505,,"[[""csr_submit"", ""2026-03-07T07:45:05.837483066Z""], [""csr_observed"", ""2026-03-07T07:45:08.041600555Z""], [""signing_session"", ""2026-03-07T07:45:15.882917744Z""], [""tss_signing"", ""2026-03-07T07:45:15.984034095Z""], [""csr_vote"", ""2026-03-07T07:45:17.676355704Z""], [""tss_complete"", ""2026-03-07T07:45:21.31132543Z""], [""partial_sig_submit"", ""2026-03-07T07:45:24.275939253Z""], [""bc_register"", ""2026-03-07T07:45:30.217468801Z""], [""cert_sync"", ""2026-03-07T07:45:38.069731224Z""]]",/opt/fabric/benchmarks/out/suite_20260307_082422/run_008/raw/resources_csr_1772869505.csv
2026-03-07T07:45:30.678597Z,csr_1772869505,csr_wait_cert,24.76,24.10,107666704,209068832,92341,524093,2415758,5872762,0,0,166,167,92341,524093,2415592,5872595,1,ok:1,0.24,0.35,22.84,6.70,1.92,1.32,1,4,1,bc_register,2026-03-07T07:45:30.217468801Z,2026-03-07T07:45:38.069731224Z,0.461,bc_register,2026-03-07T07:45:30.217468801Z,0.461,cert_sync,2026-03-07T07:45:38.069731224Z,7.391,csr-irs3-1772869505,csr,csr-irs3-1772869505,,"[[""csr_submit"", ""2026-03-07T07:45:05.837483066Z""], [""csr_observed"", ""2026-03-07T07:45:08.041600555Z""], [""signing_session"", ""2026-03-07T07:45:15.882917744Z""], [""tss_signing"", ""2026-03-07T07:45:15.984034095Z""], [""csr_vote"", ""2026-03-07T07:45:17.676355704Z""], [""tss_complete"", ""2026-03-07T07:45:21.31132543Z""], [""partial_sig_submit"", ""2026-03-07T07:45:24.275939253Z""], [""bc_register"", ""2026-03-07T07:45:30.217468801Z""], [""cert_sync"", ""2026-03-07T07:45:38.069731224Z""]]",/opt/fabric/benchmarks/out/suite_20260307_082422/run_008/raw/resources_csr_1772869505.csv
2026-03-07T07:45:41.541105Z,revocation_1772869541,revocation_propose,0.00,23.97,108299997,209755232,0,0,0,0,0,0,0,0,0,0,0,0,1,ok:3,0.00,0.38,0.00,6.69,0.00,1.32,1,4,1,pre,,2026-03-07T07:45:43.491589451Z,,,,,revocation_propose,2026-03-07T07:45:43.491589451Z,1.950,revoke-irs3-1772869541,revocation,revoke-irs3-1772869541,,"[[""revocation_propose"", ""2026-03-07T07:45:43.491589451Z""], [""revocation_observed"", ""2026-03-07T07:45:43.506779942Z""], [""revocation_vote"", ""2026-03-07T07:45:46.205807896Z""], [""revocation_execute"", ""2026-03-07T07:45:56.04501093Z""]]",/opt/fabric/benchmarks/out/suite_20260307_082422/run_008/raw/resources_revocation_1772869541.csv
2026-03-07T07:45:42.639564Z,revocation_1772869541,revocation_propose,14.16,23.97,108315329,209778224,15332,22992,15332,22992,0,0,0,0,15332,22992,15332,22992,1,ok:3,0.00,0.38,7.53,6.69,0.00,1.32,1,4,1,pre,,2026-03-07T07:45:43.491589451Z,,,,,revocation_propose,2026-03-07T07:45:43.491589451Z,0.852,revoke-irs3-1772869541,revocation,revoke-irs3-1772869541,,"[[""revocation_propose"", ""2026-03-07T07:45:43.491589451Z""], [""revocation_observed"", ""2026-03-07T07:45:43.506779942Z""], [""revocation_vote"", ""2026-03-07T07:45:46.205807896Z""], [""revocation_execute"", ""2026-03-07T07:45:56.04501093Z""]]",/opt/fabric/benchmarks/out/suite_20260307_082422/run_008/raw/resources_revocation_1772869541.csv
2026-03-07T07:45:43.734459Z,revocation_1772869541,revocation_wait,22.82,23.98,108351797,209945433,36468,167209,51800,190201,0,0,0,0,36468,167209,51800,190201,1,ok:1,0.24,0.38,15.53,6.69,0.71,1.32,1,4,1,revocation_observed,2026-03-07T07:45:43.506779942Z,2026-03-07T07:45:46.205807896Z,0.228,revocation_observed,2026-03-07T07:45:43.506779942Z,0.228,revocation_vote,2026-03-07T07:45:46.205807896Z,2.471,revoke-irs3-1772869541,revocation,revoke-irs3-1772869541,,"[[""revocation_propose"", ""2026-03-07T07:45:43.491589451Z""], [""revocation_observed"", ""2026-03-07T07:45:43.506779942Z""], [""revocation_vote"", ""2026-03-07T07:45:46.205807896Z""], [""revocation_execute"", ""2026-03-07T07:45:56.04501093Z""]]",/opt/fabric/benchmarks/out/suite_20260307_082422/run_008/raw/resources_revocation_1772869541.csv
2026-03-07T07:45:44.830238Z,revocation_1772869541,revocation_wait,31.69,23.98,108482591,210025384,130794,79951,182594,270152,0,0,0,0,130794,79951,182594,270152,1,ok:1,0.70,0.38,25.35,6.69,0.47,1.32,1,4,1,revocation_observed,2026-03-07T07:45:43.506779942Z,2026-03-07T07:45:46.205807896Z,1.323,revocation_observed,2026-03-07T07:45:43.506779942Z,1.323,revocation_vote,2026-03-07T07:45:46.205807896Z,1.376,revoke-irs3-1772869541,revocation,revoke-irs3-1772869541,,"[[""revocation_propose"", ""2026-03-07T07:45:43.491589451Z""], [""revocation_observed"", ""2026-03-07T07:45:43.506779942Z""], [""revocation_vote"", ""2026-03-07T07:45:46.205807896Z""], [""revocation_execute"", ""2026-03-07T07:45:56.04501093Z""]]",/opt/fabric/benchmarks/out/suite_20260307_082422/run_008/raw/resources_revocation_1772869541.csv
2026-03-07T07:45:45.927214Z,revocation_1772869541,revocation_wait,30.81,24.00,108606470,210152341,123879,126957,306473,397109,0,0,0,0,123879,126957,306473,397109,1,ok:1,0.24,0.38,27.73,6.69,0.47,1.32,1,4,1,revocation_observed,2026-03-07T07:45:43.506779942Z,2026-03-07T07:45:46.205807896Z,2.420,revocation_observed,2026-03-07T07:45:43.506779942Z,2.420,revocation_vote,2026-03-07T07:45:46.205807896Z,0.279,revoke-irs3-1772869541,revocation,revoke-irs3-1772869541,,"[[""revocation_propose"", ""2026-03-07T07:45:43.491589451Z""], [""revocation_observed"", ""2026-03-07T07:45:43.506779942Z""], [""revocation_vote"", ""2026-03-07T07:45:46.205807896Z""], [""revocation_execute"", ""2026-03-07T07:45:56.04501093Z""]]",/opt/fabric/benchmarks/out/suite_20260307_082422/run_008/raw/resources_revocation_1772869541.csv
2026-03-07T07:45:47.026662Z,revocation_1772869541,revocation_wait,20.19,23.99,108681628,210658969,75158,506628,381631,903737,0,0,0,0,75158,506628,381631,903737,1,ok:1,0.47,0.38,14.32,6.69,2.35,1.32,1,4,1,revocation_vote,2026-03-07T07:45:46.205807896Z,2026-03-07T07:45:56.04501093Z,0.821,revocation_vote,2026-03-07T07:45:46.205807896Z,0.821,revocation_execute,2026-03-07T07:45:56.04501093Z,9.018,revoke-irs3-1772869541,revocation,revoke-irs3-1772869541,,"[[""revocation_propose"", ""2026-03-07T07:45:43.491589451Z""], [""revocation_observed"", ""2026-03-07T07:45:43.506779942Z""], [""revocation_vote"", ""2026-03-07T07:45:46.205807896Z""], [""revocation_execute"", ""2026-03-07T07:45:56.04501093Z""]]",/opt/fabric/benchmarks/out/suite_20260307_082422/run_008/raw/resources_revocation_1772869541.csv
2026-03-07T07:45:48.125805Z,revocation_1772869541,revocation_wait,32.48,24.02,108774338,210755646,92710,96677,474341,1000414,0,0,0,0,92710,96677,474341,1000414,1,ok:1,0.70,0.39,23.67,6.69,0.00,1.32,1,4,1,revocation_vote,2026-03-07T07:45:46.205807896Z,2026-03-07T07:45:56.04501093Z,1.920,revocation_vote,2026-03-07T07:45:46.205807896Z,1.920,revocation_execute,2026-03-07T07:45:56.04501093Z,7.919,revoke-irs3-1772869541,revocation,revoke-irs3-1772869541,,"[[""revocation_propose"", ""2026-03-07T07:45:43.491589451Z""], [""revocation_observed"", ""2026-03-07T07:45:43.506779942Z""], [""revocation_vote"", ""2026-03-07T07:45:46.205807896Z""], [""revocation_execute"", ""2026-03-07T07:45:56.04501093Z""]]",/opt/fabric/benchmarks/out/suite_20260307_082422/run_008/raw/resources_revocation_1772869541.csv
2026-03-07T07:45:49.219906Z,revocation_1772869541,revocation_wait,28.74,24.02,108883425,211301336,109087,545690,583428,1546104,0,0,0,0,109087,545690,583428,1546104,1,ok:1,0.00,0.39,24.30,6.69,1.87,1.32,1,4,1,revocation_vote,2026-03-07T07:45:46.205807896Z,2026-03-07T07:45:56.04501093Z,3.014,revocation_vote,2026-03-07T07:45:46.205807896Z,3.014,revocation_execute,2026-03-07T07:45:56.04501093Z,6.825,revoke-irs3-1772869541,revocation,revoke-irs3-1772869541,,"[[""revocation_propose"", ""2026-03-07T07:45:43.491589451Z""], [""revocation_observed"", ""2026-03-07T07:45:43.506779942Z""], [""revocation_vote"", ""2026-03-07T07:45:46.205807896Z""], [""revocation_execute"", ""2026-03-07T07:45:56.04501093Z""]]",/opt/fabric/benchmarks/out/suite_20260307_082422/run_008/raw/resources_revocation_1772869541.csv
2026-03-07T07:45:50.315921Z,revocation_1772869541,revocation_wait,30.97,24.02,108995815,211401673,112390,100337,695818,1646441,0,0,0,0,112390,100337,695818,1646441,1,ok:1,0.71,0.39,24.11,6.69,0.47,1.32,1,4,1,revocation_vote,2026-03-07T07:45:46.205807896Z,2026-03-07T07:45:56.04501093Z,4.110,revocation_vote,2026-03-07T07:45:46.205807896Z,4.110,revocation_execute,2026-03-07T07:45:56.04501093Z,5.729,revoke-irs3-1772869541,revocation,revoke-irs3-1772869541,,"[[""revocation_propose"", ""2026-03-07T07:45:43.491589451Z""], [""revocation_observed"", ""2026-03-07T07:45:43.506779942Z""], [""revocation_vote"", ""2026-03-07T07:45:46.205807896Z""], [""revocation_execute"", ""2026-03-07T07:45:56.04501093Z""]]",/opt/fabric/benchmarks/out/suite_20260307_082422/run_008/raw/resources_revocation_1772869541.csv
2026-03-07T07:45:51.449879Z,revocation_1772869541,revocation_wait,16.94,24.03,109050957,211472983,55142,71310,750960,1717751,0,0,0,0,55142,71310,750960,1717751,1,ok:1,0.00,0.39,16.01,6.70,1.86,1.32,1,4,1,revocation_vote,2026-03-07T07:45:46.205807896Z,2026-03-07T07:45:56.04501093Z,5.244,revocation_vote,2026-03-07T07:45:46.205807896Z,5.244,revocation_execute,2026-03-07T07:45:56.04501093Z,4.595,revoke-irs3-1772869541,revocation,revoke-irs3-1772869541,,"[[""revocation_propose"", ""2026-03-07T07:45:43.491589451Z""], [""revocation_observed"", ""2026-03-07T07:45:43.506779942Z""], [""revocation_vote"", ""2026-03-07T07:45:46.205807896Z""], [""revocation_execute"", ""2026-03-07T07:45:56.04501093Z""]]",/opt/fabric/benchmarks/out/suite_20260307_082422/run_008/raw/resources_revocation_1772869541.csv
2026-03-07T07:46:00.188321Z,removal_1772869559,removal_submit,0.00,24.10,109570775,212532760,0,0,0,0,0,0,0,0,0,0,0,0,1,ok:3,0.00,0.39,0.00,6.74,0.00,1.32,1,4,1,reshare_complete,2026-03-05T16:45:46.776682827Z,2026-03-07T07:46:02.163982804Z,140413.412,reshare_complete,2026-03-05T16:45:46.776682827Z,140413.412,removal_propose,2026-03-07T07:46:02.163982804Z,1.976,remove-irs3-member1-1772869559,removal,remove-irs3-member1-1772869559,113,"[[""reshare_ack"", ""2026-03-05T16:45:02.748706489Z""], [""reshare_keygen_start"", ""2026-03-05T16:45:14.387991276Z""], [""reshare_complete"", ""2026-03-05T16:45:46.776682827Z""], [""removal_propose"", ""2026-03-07T07:46:02.163982804Z""], [""removal_observed"", ""2026-03-07T07:46:02.178346907Z""], [""removal_executed"", ""2026-03-07T07:46:09.80363666Z""]]",/opt/fabric/benchmarks/out/suite_20260307_082422/run_008/raw/resources_removal_1772869559.csv
2026-03-07T07:46:01.284100Z,removal_1772869559,removal_submit,17.45,24.11,109637387,212604266,66612,71506,66612,71506,0,0,0,0,66612,71506,66612,71506,1,ok:3,0.00,0.39,15.80,6.74,0.24,1.32,1,4,1,reshare_complete,2026-03-05T16:45:46.776682827Z,2026-03-07T07:46:02.163982804Z,140414.507,reshare_complete,2026-03-05T16:45:46.776682827Z,140414.507,removal_propose,2026-03-07T07:46:02.163982804Z,0.880,remove-irs3-member1-1772869559,removal,remove-irs3-member1-1772869559,113,"[[""reshare_ack"", ""2026-03-05T16:45:02.748706489Z""], [""reshare_keygen_start"", ""2026-03-05T16:45:14.387991276Z""], [""reshare_complete"", ""2026-03-05T16:45:46.776682827Z""], [""removal_propose"", ""2026-03-07T07:46:02.163982804Z""], [""removal_observed"", ""2026-03-07T07:46:02.178346907Z""], [""removal_executed"", ""2026-03-07T07:46:09.80363666Z""]]",/opt/fabric/benchmarks/out/suite_20260307_082422/run_008/raw/resources_removal_1772869559.csv
2026-03-07T07:46:02.378844Z,removal_1772869559,removal_wait_vote,26.27,24.11,109668259,212769266,30872,165000,97484,236506,0,0,0,0,30872,165000,97484,236506,1,ok:1,0.69,0.39,15.44,6.74,0.92,1.32,1,4,1,removal_observed,2026-03-07T07:46:02.178346907Z,2026-03-07T07:46:09.80363666Z,0.200,removal_observed,2026-03-07T07:46:02.178346907Z,0.200,removal_executed,2026-03-07T07:46:09.80363666Z,7.425,remove-irs3-member1-1772869559,removal,remove-irs3-member1-1772869559,113,"[[""reshare_ack"", ""2026-03-05T16:45:02.748706489Z""], [""reshare_keygen_start"", ""2026-03-05T16:45:14.387991276Z""], [""reshare_complete"", ""2026-03-05T16:45:46.776682827Z""], [""removal_propose"", ""2026-03-07T07:46:02.163982804Z""], [""removal_observed"", ""2026-03-07T07:46:02.178346907Z""], [""removal_executed"", ""2026-03-07T07:46:09.80363666Z""]]",/opt/fabric/benchmarks/out/suite_20260307_082422/run_008/raw/resources_removal_1772869559.csv
2026-03-07T07:46:03.494821Z,removal_1772869559,removal_wait_vote,18.29,24.12,109740881,212823706,72622,54440,170106,290946,0,0,0,0,72622,54440,170106,290946,1,ok:1,0.00,0.39,16.44,6.74,0.46,1.32,1,4,1,removal_observed,2026-03-07T07:46:02.178346907Z,2026-03-07T07:46:09.80363666Z,1.316,removal_observed,2026-03-07T07:46:02.178346907Z,1.316,removal_executed,2026-03-07T07:46:09.80363666Z,6.309,remove-irs3-member1-1772869559,removal,remove-irs3-member1-1772869559,113,"[[""reshare_ack"", ""2026-03-05T16:45:02.748706489Z""], [""reshare_keygen_start"", ""2026-03-05T16:45:14.387991276Z""], [""reshare_complete"", ""2026-03-05T16:45:46.776682827Z""], [""removal_propose"", ""2026-03-07T07:46:02.163982804Z""], [""removal_observed"", ""2026-03-07T07:46:02.178346907Z""], [""removal_executed"", ""2026-03-07T07:46:09.80363666Z""]]",/opt/fabric/benchmarks/out/suite_20260307_082422/run_008/raw/resources_removal_1772869559.csv
2026-03-07T07:46:04.594027Z,removal_1772869559,removal_wait_vote,36.93,24.13,109891458,213315806,150577,492100,320683,783046,0,0,0,0,150577,492100,320683,783046,1,ok:1,0.23,0.39,28.21,6.74,1.15,1.32,1,4,1,removal_observed,2026-03-07T07:46:02.178346907Z,2026-03-07T07:46:09.80363666Z,2.416,removal_observed,2026-03-07T07:46:02.178346907Z,2.416,removal_executed,2026-03-07T07:46:09.80363666Z,5.210,remove-irs3-member1-1772869559,removal,remove-irs3-member1-1772869559,113,"[[""reshare_ack"", ""2026-03-05T16:45:02.748706489Z""], [""reshare_keygen_start"", ""2026-03-05T16:45:14.387991276Z""], [""reshare_complete"", ""2026-03-05T16:45:46.776682827Z""], [""removal_propose"", ""2026-03-07T07:46:02.163982804Z""], [""removal_observed"", ""2026-03-07T07:46:02.178346907Z""], [""removal_executed"", ""2026-03-07T07:46:09.80363666Z""]]",/opt/fabric/benchmarks/out/suite_20260307_082422/run_008/raw/resources_removal_1772869559.csv
2026-03-07T07:46:05.692444Z,removal_1772869559,removal_wait_vote,33.88,24.13,110023734,213433640,132276,117834,452959,900880,0,0,0,0,132276,117834,452959,900880,1,ok:1,0.71,0.39,27.06,6.74,0.71,1.32,1,4,1,removal_observed,2026-03-07T07:46:02.178346907Z,2026-03-07T07:46:09.80363666Z,3.514,removal_observed,2026-03-07T07:46:02.178346907Z,3.514,removal_executed,2026-03-07T07:46:09.80363666Z,4.111,remove-irs3-member1-1772869559,removal,remove-irs3-member1-1772869559,113,"[[""reshare_ack"", ""2026-03-05T16:45:02.748706489Z""], [""reshare_keygen_start"", ""2026-03-05T16:45:14.387991276Z""], [""reshare_complete"", ""2026-03-05T16:45:46.776682827Z""], [""removal_propose"", ""2026-03-07T07:46:02.163982804Z""], [""removal_observed"", ""2026-03-07T07:46:02.178346907Z""], [""removal_executed"", ""2026-03-07T07:46:09.80363666Z""]]",/opt/fabric/benchmarks/out/suite_20260307_082422/run_008/raw/resources_removal_1772869559.csv
2026-03-07T07:46:06.791439Z,removal_1772869559,removal_wait_vote,24.65,24.13,110082837,213991789,59103,558149,512062,1459029,0,0,0,0,59103,558149,512062,1459029,1,ok:1,0.23,0.39,16.67,6.74,1.64,1.32,1,4,1,removal_observed,2026-03-07T07:46:02.178346907Z,2026-03-07T07:46:09.80363666Z,4.613,removal_observed,2026-03-07T07:46:02.178346907Z,4.613,removal_executed,2026-03-07T07:46:09.80363666Z,3.012,remove-irs3-member1-1772869559,removal,remove-irs3-member1-1772869559,113,"[[""reshare_ack"", ""2026-03-05T16:45:02.748706489Z""], [""reshare_keygen_start"", ""2026-03-05T16:45:14.387991276Z""], [""reshare_complete"", ""2026-03-05T16:45:46.776682827Z""], [""removal_propose"", ""2026-03-07T07:46:02.163982804Z""], [""removal_observed"", ""2026-03-07T07:46:02.178346907Z""], [""removal_executed"", ""2026-03-07T07:46:09.80363666Z""]]",/opt/fabric/benchmarks/out/suite_20260307_082422/run_008/raw/resources_removal_1772869559.csv
2026-03-07T07:46:07.896011Z,removal_1772869559,removal_wait_vote,21.65,24.13,110189687,214063233,106850,71444,618912,1530473,0,0,0,0,106850,71444,618912,1530473,1,ok:1,0.24,0.39,18.82,6.74,0.47,1.32,1,4,1,removal_observed,2026-03-07T07:46:02.178346907Z,2026-03-07T07:46:09.80363666Z,5.718,removal_observed,2026-03-07T07:46:02.178346907Z,5.718,removal_executed,2026-03-07T07:46:09.80363666Z,1.908,remove-irs3-member1-1772869559,removal,remove-irs3-member1-1772869559,113,"[[""reshare_ack"", ""2026-03-05T16:45:02.748706489Z""], [""reshare_keygen_start"", ""2026-03-05T16:45:14.387991276Z""], [""reshare_complete"", ""2026-03-05T16:45:46.776682827Z""], [""removal_propose"", ""2026-03-07T07:46:02.163982804Z""], [""removal_observed"", ""2026-03-07T07:46:02.178346907Z""], [""removal_executed"", ""2026-03-07T07:46:09.80363666Z""]]",/opt/fabric/benchmarks/out/suite_20260307_082422/run_008/raw/resources_removal_1772869559.csv
2026-03-07T07:46:09.039488Z,removal_1772869559,removal_wait_vote,29.27,24.13,110281501,214141978,91814,78745,710726,1609218,0,0,0,0,91814,78745,710726,1609218,1,ok:1,0.23,0.39,26.93,6.74,0.94,1.32,1,4,1,removal_observed,2026-03-07T07:46:02.178346907Z,2026-03-07T07:46:09.80363666Z,6.861,removal_observed,2026-03-07T07:46:02.178346907Z,6.861,removal_executed,2026-03-07T07:46:09.80363666Z,0.764,remove-irs3-member1-1772869559,removal,remove-irs3-member1-1772869559,113,"[[""reshare_ack"", ""2026-03-05T16:45:02.748706489Z""], [""reshare_keygen_start"", ""2026-03-05T16:45:14.387991276Z""], [""reshare_complete"", ""2026-03-05T16:45:46.776682827Z""], [""removal_propose"", ""2026-03-07T07:46:02.163982804Z""], [""removal_observed"", ""2026-03-07T07:46:02.178346907Z""], [""removal_executed"", ""2026-03-07T07:46:09.80363666Z""]]",/opt/fabric/benchmarks/out/suite_20260307_082422/run_008/raw/resources_removal_1772869559.csv
2026-03-07T07:46:10.142744Z,removal_1772869559,removal_wait_vote,34.92,24.13,110406818,214796756,125317,654778,836043,2263996,0,0,0,0,125317,654778,836043,2263996,1,ok:1,0.45,0.39,24.94,6.74,0.23,1.32,1,4,1,post,2026-03-07T07:46:09.80363666Z,,0.339,removal_executed,2026-03-07T07:46:09.80363666Z,0.339,,,,remove-irs3-member1-1772869559,removal,remove-irs3-member1-1772869559,113,"[[""reshare_ack"", ""2026-03-05T16:45:02.748706489Z""], [""reshare_keygen_start"", ""2026-03-05T16:45:14.387991276Z""], [""reshare_complete"", ""2026-03-05T16:45:46.776682827Z""], [""removal_propose"", ""2026-03-07T07:46:02.163982804Z""], [""removal_observed"", ""2026-03-07T07:46:02.178346907Z""], [""removal_executed"", ""2026-03-07T07:46:09.80363666Z""]]",/opt/fabric/benchmarks/out/suite_20260307_082422/run_008/raw/resources_removal_1772869559.csv
2026-03-07T07:46:11.255482Z,removal_1772869559,removal_wait_reshare,22.97,24.13,110465565,214857968,58747,61212,894790,2325208,0,0,0,0,58747,61212,894790,2325208,1,ok:1,0.23,0.39,12.99,6.75,0.93,1.32,1,4,1,post,2026-03-07T07:46:09.80363666Z,,1.452,removal_executed,2026-03-07T07:46:09.80363666Z,1.452,,,,remove-irs3-member1-1772869559,removal,remove-irs3-member1-1772869559,113,"[[""reshare_ack"", ""2026-03-05T16:45:02.748706489Z""], [""reshare_keygen_start"", ""2026-03-05T16:45:14.387991276Z""], [""reshare_complete"", ""2026-03-05T16:45:46.776682827Z""], [""removal_propose"", ""2026-03-07T07:46:02.163982804Z""], [""removal_observed"", ""2026-03-07T07:46:02.178346907Z""], [""removal_executed"", ""2026-03-07T07:46:09.80363666Z""]]",/opt/fabric/benchmarks/out/suite_20260307_082422/run_008/raw/resources_removal_1772869559.csv
2026-03-07T07:46:12.359933Z,removal_1772869559,removal_wait_reshare,34.11,24.13,110608894,215189357,143329,331389,1038119,2656597,0,0,0,0,143329,331389,1038119,2656597,1,ok:1,0.00,0.39,28.07,6.76,0.46,1.32,1,4,1,post,2026-03-07T07:46:09.80363666Z,,2.556,removal_executed,2026-03-07T07:46:09.80363666Z,2.556,,,,remove-irs3-member1-1772869559,removal,remove-irs3-member1-1772869559,113,"[[""reshare_ack"", ""2026-03-05T16:45:02.748706489Z""], [""reshare_keygen_start"", ""2026-03-05T16:45:14.387991276Z""], [""reshare_complete"", ""2026-03-05T16:45:46.776682827Z""], [""removal_propose"", ""2026-03-07T07:46:02.163982804Z""], [""removal_observed"", ""2026-03-07T07:46:02.178346907Z""], [""removal_executed"", ""2026-03-07T07:46:09.80363666Z""]]",/opt/fabric/benchmarks/out/suite_20260307_082422/run_008/raw/resources_removal_1772869559.csv
2026-03-07T07:46:13.488951Z,removal_1772869559,removal_wait_reshare,27.23,24.14,110694359,215305027,85465,115670,1123584,2772267,0,0,0,0,85465,115670,1123584,2772267,1,ok:1,0.23,0.39,22.54,6.76,0.70,1.32,1,4,1,post,2026-03-07T07:46:09.80363666Z,,3.685,removal_executed,2026-03-07T07:46:09.80363666Z,3.685,,,,remove-irs3-member1-1772869559,removal,remove-irs3-member1-1772869559,113,"[[""reshare_ack"", ""2026-03-05T16:45:02.748706489Z""], [""reshare_keygen_start"", ""2026-03-05T16:45:14.387991276Z""], [""reshare_complete"", ""2026-03-05T16:45:46.776682827Z""], [""removal_propose"", ""2026-03-07T07:46:02.163982804Z""], [""removal_observed"", ""2026-03-07T07:46:02.178346907Z""], [""removal_executed"", ""2026-03-07T07:46:09.80363666Z""]]",/opt/fabric/benchmarks/out/suite_20260307_082422/run_008/raw/resources_removal_1772869559.csv
2026-03-07T07:46:14.589419Z,removal_1772869559,removal_wait_reshare,22.60,24.14,110777682,215718077,83323,413050,1206907,3185317,0,0,0,0,83323,413050,1206907,3185317,1,ok:1,0.23,0.39,16.21,6.76,0.68,1.32,1,4,1,post,2026-03-07T07:46:09.80363666Z,,4.786,removal_executed,2026-03-07T07:46:09.80363666Z,4.786,,,,remove-irs3-member1-1772869559,removal,remove-irs3-member1-1772869559,113,"[[""reshare_ack"", ""2026-03-05T16:45:02.748706489Z""], [""reshare_keygen_start"", ""2026-03-05T16:45:14.387991276Z""], [""reshare_complete"", ""2026-03-05T16:45:46.776682827Z""], [""removal_propose"", ""2026-03-07T07:46:02.163982804Z""], [""removal_observed"", ""2026-03-07T07:46:02.178346907Z""], [""removal_executed"", ""2026-03-07T07:46:09.80363666Z""]]",/opt/fabric/benchmarks/out/suite_20260307_082422/run_008/raw/resources_removal_1772869559.csv
2026-03-07T07:46:15.686659Z,removal_1772869559,removal_wait_reshare,25.69,24.15,110878352,215820807,100670,102730,1307577,3288047,0,0,0,0,100670,102730,1307577,3288047,1,ok:1,0.00,0.39,21.76,6.76,0.00,1.32,1,4,1,post,2026-03-07T07:46:09.80363666Z,,5.883,removal_executed,2026-03-07T07:46:09.80363666Z,5.883,,,,remove-irs3-member1-1772869559,removal,remove-irs3-member1-1772869559,113,"[[""reshare_ack"", ""2026-03-05T16:45:02.748706489Z""], [""reshare_keygen_start"", ""2026-03-05T16:45:14.387991276Z""], [""reshare_complete"", ""2026-03-05T16:45:46.776682827Z""], [""removal_propose"", ""2026-03-07T07:46:02.163982804Z""], [""removal_observed"", ""2026-03-07T07:46:02.178346907Z""], [""removal_executed"", ""2026-03-07T07:46:09.80363666Z""]]",/opt/fabric/benchmarks/out/suite_20260307_082422/run_008/raw/resources_removal_1772869559.csv
2026-03-07T07:46:16.784598Z,removal_1772869559,removal_wait_reshare,25.59,24.13,110978034,216137016,99682,316209,1407259,3604256,0,0,0,0,99682,316209,1407259,3604256,1,ok:1,0.00,0.39,22.99,6.76,1.18,1.32,1,4,1,post,2026-03-07T07:46:09.80363666Z,,6.981,removal_executed,2026-03-07T07:46:09.80363666Z,6.981,,,,remove-irs3-member1-1772869559,removal,remove-irs3-member1-1772869559,113,"[[""reshare_ack"", ""2026-03-05T16:45:02.748706489Z""], [""reshare_keygen_start"", ""2026-03-05T16:45:14.387991276Z""], [""reshare_complete"", ""2026-03-05T16:45:46.776682827Z""], [""removal_propose"", ""2026-03-07T07:46:02.163982804Z""], [""removal_observed"", ""2026-03-07T07:46:02.178346907Z""], [""removal_executed"", ""2026-03-07T07:46:09.80363666Z""]]",/opt/fabric/benchmarks/out/suite_20260307_082422/run_008/raw/resources_removal_1772869559.csv
2026-03-07T07:46:17.903421Z,removal_1772869559,removal_wait_reshare,22.61,24.13,111046713,216206290,68679,69274,1475938,3673530,0,0,0,0,68679,69274,1475938,3673530,1,ok:1,0.23,0.39,21.45,6.76,0.00,1.32,1,4,1,post,2026-03-07T07:46:09.80363666Z,,8.100,removal_executed,2026-03-07T07:46:09.80363666Z,8.100,,,,remove-irs3-member1-1772869559,removal,remove-irs3-member1-1772869559,113,"[[""reshare_ack"", ""2026-03-05T16:45:02.748706489Z""], [""reshare_keygen_start"", ""2026-03-05T16:45:14.387991276Z""], [""reshare_complete"", ""2026-03-05T16:45:46.776682827Z""], [""removal_propose"", ""2026-03-07T07:46:02.163982804Z""], [""removal_observed"", ""2026-03-07T07:46:02.178346907Z""], [""removal_executed"", ""2026-03-07T07:46:09.80363666Z""]]",/opt/fabric/benchmarks/out/suite_20260307_082422/run_008/raw/resources_removal_1772869559.csv
2026-03-07T07:46:18.999332Z,removal_1772869559,removal_wait_reshare,18.64,24.14,111097325,216265992,50612,59702,1526550,3733232,0,0,0,0,50612,59702,1526550,3733232,1,ok:1,0.23,0.39,11.82,6.76,0.23,1.32,1,4,1,post,2026-03-07T07:46:09.80363666Z,,9.196,removal_executed,2026-03-07T07:46:09.80363666Z,9.196,,,,remove-irs3-member1-1772869559,removal,remove-irs3-member1-1772869559,113,"[[""reshare_ack"", ""2026-03-05T16:45:02.748706489Z""], [""reshare_keygen_start"", ""2026-03-05T16:45:14.387991276Z""], [""reshare_complete"", ""2026-03-05T16:45:46.776682827Z""], [""removal_propose"", ""2026-03-07T07:46:02.163982804Z""], [""removal_observed"", ""2026-03-07T07:46:02.178346907Z""], [""removal_executed"", ""2026-03-07T07:46:09.80363666Z""]]",/opt/fabric/benchmarks/out/suite_20260307_082422/run_008/raw/resources_removal_1772869559.csv
2026-03-07T07:46:20.098063Z,removal_1772869559,removal_wait_reshare,31.29,24.14,111215898,216513569,118573,247577,1645123,3980809,0,0,0,0,118573,247577,1645123,3980809,1,ok:1,0.00,0.39,27.29,6.76,0.94,1.32,1,4,1,post,2026-03-07T07:46:09.80363666Z,,10.294,removal_executed,2026-03-07T07:46:09.80363666Z,10.294,,,,remove-irs3-member1-1772869559,removal,remove-irs3-member1-1772869559,113,"[[""reshare_ack"", ""2026-03-05T16:45:02.748706489Z""], [""reshare_keygen_start"", ""2026-03-05T16:45:14.387991276Z""], [""reshare_complete"", ""2026-03-05T16:45:46.776682827Z""], [""removal_propose"", ""2026-03-07T07:46:02.163982804Z""], [""removal_observed"", ""2026-03-07T07:46:02.178346907Z""], [""removal_executed"", ""2026-03-07T07:46:09.80363666Z""]]",/opt/fabric/benchmarks/out/suite_20260307_082422/run_008/raw/resources_removal_1772869559.csv
2026-03-07T07:46:21.208787Z,removal_1772869559,removal_wait_reshare,25.23,24.14,111318355,216597553,102457,83984,1747580,4064793,0,0,0,0,102457,83984,1747580,4064793,1,ok:1,0.00,0.39,25.23,6.76,0.00,1.32,1,4,1,post,2026-03-07T07:46:09.80363666Z,,11.405,removal_executed,2026-03-07T07:46:09.80363666Z,11.405,,,,remove-irs3-member1-1772869559,removal,remove-irs3-member1-1772869559,113,"[[""reshare_ack"", ""2026-03-05T16:45:02.748706489Z""], [""reshare_keygen_start"", ""2026-03-05T16:45:14.387991276Z""], [""reshare_complete"", ""2026-03-05T16:45:46.776682827Z""], [""removal_propose"", ""2026-03-07T07:46:02.163982804Z""], [""removal_observed"", ""2026-03-07T07:46:02.178346907Z""], [""removal_executed"", ""2026-03-07T07:46:09.80363666Z""]]",/opt/fabric/benchmarks/out/suite_20260307_082422/run_008/raw/resources_removal_1772869559.csv
2026-03-07T07:46:22.304701Z,removal_1772869559,removal_wait_reshare,17.99,24.14,111373689,216659954,55334,62401,1802914,4127194,0,0,0,0,55334,62401,1802914,4127194,1,ok:1,0.00,0.39,14.25,6.76,0.23,1.32,1,4,1,post,2026-03-07T07:46:09.80363666Z,,12.501,removal_executed,2026-03-07T07:46:09.80363666Z,12.501,,,,remove-irs3-member1-1772869559,removal,remove-irs3-member1-1772869559,113,"[[""reshare_ack"", ""2026-03-05T16:45:02.748706489Z""], [""reshare_keygen_start"", ""2026-03-05T16:45:14.387991276Z""], [""reshare_complete"", ""2026-03-05T16:45:46.776682827Z""], [""removal_propose"", ""2026-03-07T07:46:02.163982804Z""], [""removal_observed"", ""2026-03-07T07:46:02.178346907Z""], [""removal_executed"", ""2026-03-07T07:46:09.80363666Z""]]",/opt/fabric/benchmarks/out/suite_20260307_082422/run_008/raw/resources_removal_1772869559.csv
2026-03-07T07:46:23.403807Z,removal_1772869559,removal_wait_reshare,17.02,24.14,111409331,216718133,35642,58179,1838556,4185373,0,0,0,0,35642,58179,1838556,4185373,1,ok:1,0.23,0.39,11.89,6.76,0.00,1.32,1,4,1,post,2026-03-07T07:46:09.80363666Z,,13.600,removal_executed,2026-03-07T07:46:09.80363666Z,13.600,,,,remove-irs3-member1-1772869559,removal,remove-irs3-member1-1772869559,113,"[[""reshare_ack"", ""2026-03-05T16:45:02.748706489Z""], [""reshare_keygen_start"", ""2026-03-05T16:45:14.387991276Z""], [""reshare_complete"", ""2026-03-05T16:45:46.776682827Z""], [""removal_propose"", ""2026-03-07T07:46:02.163982804Z""], [""removal_observed"", ""2026-03-07T07:46:02.178346907Z""], [""removal_executed"", ""2026-03-07T07:46:09.80363666Z""]]",/opt/fabric/benchmarks/out/suite_20260307_082422/run_008/raw/resources_removal_1772869559.csv
2026-03-07T07:46:24.498887Z,removal_1772869559,removal_wait_reshare,21.28,24.14,111486413,216762814,77082,44681,1915638,4230054,0,0,0,0,77082,44681,1915638,4230054,1,ok:1,0.00,0.39,16.25,6.76,0.00,1.32,1,4,1,post,2026-03-07T07:46:09.80363666Z,,14.695,removal_executed,2026-03-07T07:46:09.80363666Z,14.695,,,,remove-irs3-member1-1772869559,removal,remove-irs3-member1-1772869559,113,"[[""reshare_ack"", ""2026-03-05T16:45:02.748706489Z""], [""reshare_keygen_start"", ""2026-03-05T16:45:14.387991276Z""], [""reshare_complete"", ""2026-03-05T16:45:46.776682827Z""], [""removal_propose"", ""2026-03-07T07:46:02.163982804Z""], [""removal_observed"", ""2026-03-07T07:46:02.178346907Z""], [""removal_executed"", ""2026-03-07T07:46:09.80363666Z""]]",/opt/fabric/benchmarks/out/suite_20260307_082422/run_008/raw/resources_removal_1772869559.csv
2026-03-07T07:46:25.597653Z,removal_1772869559,removal_wait_reshare,16.67,24.15,111542111,216820970,55698,58156,1971336,4288210,0,0,0,0,55698,58156,1971336,4288210,1,ok:1,0.23,0.39,12.73,6.76,0.00,1.32,1,4,1,post,2026-03-07T07:46:09.80363666Z,,15.794,removal_executed,2026-03-07T07:46:09.80363666Z,15.794,,,,remove-irs3-member1-1772869559,removal,remove-irs3-member1-1772869559,113,"[[""reshare_ack"", ""2026-03-05T16:45:02.748706489Z""], [""reshare_keygen_start"", ""2026-03-05T16:45:14.387991276Z""], [""reshare_complete"", ""2026-03-05T16:45:46.776682827Z""], [""removal_propose"", ""2026-03-07T07:46:02.163982804Z""], [""removal_observed"", ""2026-03-07T07:46:02.178346907Z""], [""removal_executed"", ""2026-03-07T07:46:09.80363666Z""]]",/opt/fabric/benchmarks/out/suite_20260307_082422/run_008/raw/resources_removal_1772869559.csv
2026-03-07T07:46:26.690834Z,removal_1772869559,removal_wait_reshare,16.17,24.13,111559956,216847622,17845,26652,1989181,4314862,0,0,0,0,17845,26652,1989181,4314862,1,ok:1,0.00,0.39,8.31,6.76,0.00,1.32,1,4,1,post,2026-03-07T07:46:09.80363666Z,,16.887,removal_executed,2026-03-07T07:46:09.80363666Z,16.887,,,,remove-irs3-member1-1772869559,removal,remove-irs3-member1-1772869559,113,"[[""reshare_ack"", ""2026-03-05T16:45:02.748706489Z""], [""reshare_keygen_start"", ""2026-03-05T16:45:14.387991276Z""], [""reshare_complete"", ""2026-03-05T16:45:46.776682827Z""], [""removal_propose"", ""2026-03-07T07:46:02.163982804Z""], [""removal_observed"", ""2026-03-07T07:46:02.178346907Z""], [""removal_executed"", ""2026-03-07T07:46:09.80363666Z""]]",/opt/fabric/benchmarks/out/suite_20260307_082422/run_008/raw/resources_removal_1772869559.csv
2026-03-07T07:46:27.784177Z,removal_1772869559,removal_wait_reshare,12.27,24.06,111579719,216863283,19763,15661,2008944,4330523,0,0,0,0,19763,15661,2008944,4330523,1,ok:1,0.23,0.39,8.80,6.70,0.00,1.32,1,4,1,post,2026-03-07T07:46:09.80363666Z,,17.981,removal_executed,2026-03-07T07:46:09.80363666Z,17.981,,,,remove-irs3-member1-1772869559,removal,remove-irs3-member1-1772869559,113,"[[""reshare_ack"", ""2026-03-05T16:45:02.748706489Z""], [""reshare_keygen_start"", ""2026-03-05T16:45:14.387991276Z""], [""reshare_complete"", ""2026-03-05T16:45:46.776682827Z""], [""removal_propose"", ""2026-03-07T07:46:02.163982804Z""], [""removal_observed"", ""2026-03-07T07:46:02.178346907Z""], [""removal_executed"", ""2026-03-07T07:46:09.80363666Z""]]",/opt/fabric/benchmarks/out/suite_20260307_082422/run_008/raw/resources_removal_1772869559.csv
2026-03-07T07:46:28.882876Z,removal_1772869559,removal_wait_reshare,17.88,24.06,111647219,216904853,67500,41570,2076444,4372093,0,0,0,0,67500,41570,2076444,4372093,1,ok:1,0.00,0.39,15.76,6.70,0.00,1.32,1,4,1,post,2026-03-07T07:46:09.80363666Z,,19.079,removal_executed,2026-03-07T07:46:09.80363666Z,19.079,,,,remove-irs3-member1-1772869559,removal,remove-irs3-member1-1772869559,113,"[[""reshare_ack"", ""2026-03-05T16:45:02.748706489Z""], [""reshare_keygen_start"", ""2026-03-05T16:45:14.387991276Z""], [""reshare_complete"", ""2026-03-05T16:45:46.776682827Z""], [""removal_propose"", ""2026-03-07T07:46:02.163982804Z""], [""removal_observed"", ""2026-03-07T07:46:02.178346907Z""], [""removal_executed"", ""2026-03-07T07:46:09.80363666Z""]]",/opt/fabric/benchmarks/out/suite_20260307_082422/run_008/raw/resources_removal_1772869559.csv
2026-03-07T07:46:29.979312Z,removal_1772869559,removal_wait_reshare,16.00,24.07,111702376,216969816,55157,64963,2131601,4437056,0,0,0,0,55157,64963,2131601,4437056,1,ok:1,0.24,0.39,13.88,6.70,0.00,1.32,1,4,1,post,2026-03-07T07:46:09.80363666Z,,20.176,removal_executed,2026-03-07T07:46:09.80363666Z,20.176,,,,remove-irs3-member1-1772869559,removal,remove-irs3-member1-1772869559,113,"[[""reshare_ack"", ""2026-03-05T16:45:02.748706489Z""], [""reshare_keygen_start"", ""2026-03-05T16:45:14.387991276Z""], [""reshare_complete"", ""2026-03-05T16:45:46.776682827Z""], [""removal_propose"", ""2026-03-07T07:46:02.163982804Z""], [""removal_observed"", ""2026-03-07T07:46:02.178346907Z""], [""removal_executed"", ""2026-03-07T07:46:09.80363666Z""]]",/opt/fabric/benchmarks/out/suite_20260307_082422/run_008/raw/resources_removal_1772869559.csv
2026-03-07T07:46:31.077941Z,removal_1772869559,removal_wait_reshare,13.52,24.07,111736695,217011052,34319,41236,2165920,4478292,0,0,0,0,34319,41236,2165920,4478292,1,ok:1,0.00,0.39,11.42,6.70,0.00,1.32,1,4,1,post,2026-03-07T07:46:09.80363666Z,,21.274,removal_executed,2026-03-07T07:46:09.80363666Z,21.274,,,,remove-irs3-member1-1772869559,removal,remove-irs3-member1-1772869559,113,"[[""reshare_ack"", ""2026-03-05T16:45:02.748706489Z""], [""reshare_keygen_start"", ""2026-03-05T16:45:14.387991276Z""], [""reshare_complete"", ""2026-03-05T16:45:46.776682827Z""], [""removal_propose"", ""2026-03-07T07:46:02.163982804Z""], [""removal_observed"", ""2026-03-07T07:46:02.178346907Z""], [""removal_executed"", ""2026-03-07T07:46:09.80363666Z""]]",/opt/fabric/benchmarks/out/suite_20260307_082422/run_008/raw/resources_removal_1772869559.csv
2026-03-07T07:46:32.177305Z,removal_1772869559,removal_wait_reshare,13.72,24.07,111765385,217046909,28690,35857,2194610,4514149,0,0,0,0,28690,35857,2194610,4514149,1,ok:1,0.00,0.39,9.77,6.70,0.00,1.32,1,4,1,post,2026-03-07T07:46:09.80363666Z,,22.374,removal_executed,2026-03-07T07:46:09.80363666Z,22.374,,,,remove-irs3-member1-1772869559,removal,remove-irs3-member1-1772869559,113,"[[""reshare_ack"", ""2026-03-05T16:45:02.748706489Z""], [""reshare_keygen_start"", ""2026-03-05T16:45:14.387991276Z""], [""reshare_complete"", ""2026-03-05T16:45:46.776682827Z""], [""removal_propose"", ""2026-03-07T07:46:02.163982804Z""], [""removal_observed"", ""2026-03-07T07:46:02.178346907Z""], [""removal_executed"", ""2026-03-07T07:46:09.80363666Z""]]",/opt/fabric/benchmarks/out/suite_20260307_082422/run_008/raw/resources_removal_1772869559.csv
2026-03-07T07:46:33.277237Z,removal_1772869559,removal_wait_reshare,19.11,23.94,111820750,217096977,55365,50068,2249975,4564217,0,0,0,0,55365,50068,2249975,4564217,1,ok:1,0.23,0.39,17.25,6.57,0.47,1.32,1,4,1,post,2026-03-07T07:46:09.80363666Z,,23.474,removal_executed,2026-03-07T07:46:09.80363666Z,23.474,,,,remove-irs3-member1-1772869559,removal,remove-irs3-member1-1772869559,113,"[[""reshare_ack"", ""2026-03-05T16:45:02.748706489Z""], [""reshare_keygen_start"", ""2026-03-05T16:45:14.387991276Z""], [""reshare_complete"", ""2026-03-05T16:45:46.776682827Z""], [""removal_propose"", ""2026-03-07T07:46:02.163982804Z""], [""removal_observed"", ""2026-03-07T07:46:02.178346907Z""], [""removal_executed"", ""2026-03-07T07:46:09.80363666Z""]]",/opt/fabric/benchmarks/out/suite_20260307_082422/run_008/raw/resources_removal_1772869559.csv
2026-03-07T07:46:34.371313Z,removal_1772869559,removal_wait_reshare,12.79,23.94,111855483,217133136,34733,36159,2284708,4600376,0,0,0,0,34733,36159,2284708,4600376,1,ok:1,0.00,0.39,10.00,6.57,0.00,1.32,1,4,1,post,2026-03-07T07:46:09.80363666Z,,24.568,removal_executed,2026-03-07T07:46:09.80363666Z,24.568,,,,remove-irs3-member1-1772869559,removal,remove-irs3-member1-1772869559,113,"[[""reshare_ack"", ""2026-03-05T16:45:02.748706489Z""], [""reshare_keygen_start"", ""2026-03-05T16:45:14.387991276Z""], [""reshare_complete"", ""2026-03-05T16:45:46.776682827Z""], [""removal_propose"", ""2026-03-07T07:46:02.163982804Z""], [""removal_observed"", ""2026-03-07T07:46:02.178346907Z""], [""removal_executed"", ""2026-03-07T07:46:09.80363666Z""]]",/opt/fabric/benchmarks/out/suite_20260307_082422/run_008/raw/resources_removal_1772869559.csv
2026-03-07T07:46:35.461409Z,removal_1772869559,removal_wait_reshare,13.00,23.94,111901163,217168773,45680,35637,2330388,4636013,0,0,0,0,45680,35637,2330388,4636013,1,ok:1,0.24,0.39,12.06,6.57,0.00,1.32,1,4,1,post,2026-03-07T07:46:09.80363666Z,,25.658,removal_executed,2026-03-07T07:46:09.80363666Z,25.658,,,,remove-irs3-member1-1772869559,removal,remove-irs3-member1-1772869559,113,"[[""reshare_ack"", ""2026-03-05T16:45:02.748706489Z""], [""reshare_keygen_start"", ""2026-03-05T16:45:14.387991276Z""], [""reshare_complete"", ""2026-03-05T16:45:46.776682827Z""], [""removal_propose"", ""2026-03-07T07:46:02.163982804Z""], [""removal_observed"", ""2026-03-07T07:46:02.178346907Z""], [""removal_executed"", ""2026-03-07T07:46:09.80363666Z""]]",/opt/fabric/benchmarks/out/suite_20260307_082422/run_008/raw/resources_removal_1772869559.csv
2026-03-07T07:46:36.559137Z,removal_1772869559,removal_wait_reshare,21.06,23.94,111995330,217223906,94167,55133,2424555,4691146,0,0,0,0,94167,55133,2424555,4691146,1,ok:1,0.00,0.39,14.81,6.57,0.69,1.32,1,4,1,post,2026-03-07T07:46:09.80363666Z,,26.756,removal_executed,2026-03-07T07:46:09.80363666Z,26.756,,,,remove-irs3-member1-1772869559,removal,remove-irs3-member1-1772869559,113,"[[""reshare_ack"", ""2026-03-05T16:45:02.748706489Z""], [""reshare_keygen_start"", ""2026-03-05T16:45:14.387991276Z""], [""reshare_complete"", ""2026-03-05T16:45:46.776682827Z""], [""removal_propose"", ""2026-03-07T07:46:02.163982804Z""], [""removal_observed"", ""2026-03-07T07:46:02.178346907Z""], [""removal_executed"", ""2026-03-07T07:46:09.80363666Z""]]",/opt/fabric/benchmarks/out/suite_20260307_082422/run_008/raw/resources_removal_1772869559.csv
2026-03-07T07:46:37.655191Z,removal_1772869559,removal_wait_reshare,11.19,23.95,112014566,217254813,19236,30907,2443791,4722053,0,0,0,0,19236,30907,2443791,4722053,1,ok:1,0.00,0.39,7.93,6.57,0.23,1.32,1,4,1,post,2026-03-07T07:46:09.80363666Z,,27.852,removal_executed,2026-03-07T07:46:09.80363666Z,27.852,,,,remove-irs3-member1-1772869559,removal,remove-irs3-member1-1772869559,113,"[[""reshare_ack"", ""2026-03-05T16:45:02.748706489Z""], [""reshare_keygen_start"", ""2026-03-05T16:45:14.387991276Z""], [""reshare_complete"", ""2026-03-05T16:45:46.776682827Z""], [""removal_propose"", ""2026-03-07T07:46:02.163982804Z""], [""removal_observed"", ""2026-03-07T07:46:02.178346907Z""], [""removal_executed"", ""2026-03-07T07:46:09.80363666Z""]]",/opt/fabric/benchmarks/out/suite_20260307_082422/run_008/raw/resources_removal_1772869559.csv
2026-03-07T07:46:38.749622Z,removal_1772869559,removal_wait_reshare,26.48,23.95,112110560,217865224,95994,610411,2539785,5332464,0,0,0,0,95994,610411,2539785,5332464,1,ok:1,0.24,0.39,18.68,6.57,1.89,1.32,1,4,1,post,2026-03-07T07:46:09.80363666Z,,28.946,removal_executed,2026-03-07T07:46:09.80363666Z,28.946,,,,remove-irs3-member1-1772869559,removal,remove-irs3-member1-1772869559,113,"[[""reshare_ack"", ""2026-03-05T16:45:02.748706489Z""], [""reshare_keygen_start"", ""2026-03-05T16:45:14.387991276Z""], [""reshare_complete"", ""2026-03-05T16:45:46.776682827Z""], [""removal_propose"", ""2026-03-07T07:46:02.163982804Z""], [""removal_observed"", ""2026-03-07T07:46:02.178346907Z""], [""removal_executed"", ""2026-03-07T07:46:09.80363666Z""]]",/opt/fabric/benchmarks/out/suite_20260307_082422/run_008/raw/resources_removal_1772869559.csv
2026-03-07T07:46:39.849901Z,removal_1772869559,removal_wait_reshare,21.60,23.96,112192867,217947566,82307,82342,2622092,5414806,0,0,0,0,82307,82342,2622092,5414806,1,ok:1,0.23,0.39,20.42,6.57,0.00,1.32,1,4,1,post,2026-03-07T07:46:09.80363666Z,,30.046,removal_executed,2026-03-07T07:46:09.80363666Z,30.046,,,,remove-irs3-member1-1772869559,removal,remove-irs3-member1-1772869559,113,"[[""reshare_ack"", ""2026-03-05T16:45:02.748706489Z""], [""reshare_keygen_start"", ""2026-03-05T16:45:14.387991276Z""], [""reshare_complete"", ""2026-03-05T16:45:46.776682827Z""], [""removal_propose"", ""2026-03-07T07:46:02.163982804Z""], [""removal_observed"", ""2026-03-07T07:46:02.178346907Z""], [""removal_executed"", ""2026-03-07T07:46:09.80363666Z""]]",/opt/fabric/benchmarks/out/suite_20260307_082422/run_008/raw/resources_removal_1772869559.csv
2026-03-07T07:46:40.947244Z,removal_1772869559,removal_wait_reshare,32.86,23.95,112327249,218473244,134382,525678,2756474,5940484,0,0,0,0,134382,525678,2756474,5940484,1,ok:1,0.23,0.39,29.34,6.57,1.17,1.32,1,4,1,post,2026-03-07T07:46:09.80363666Z,,31.144,removal_executed,2026-03-07T07:46:09.80363666Z,31.144,,,,remove-irs3-member1-1772869559,removal,remove-irs3-member1-1772869559,113,"[[""reshare_ack"", ""2026-03-05T16:45:02.748706489Z""], [""reshare_keygen_start"", ""2026-03-05T16:45:14.387991276Z""], [""reshare_complete"", ""2026-03-05T16:45:46.776682827Z""], [""removal_propose"", ""2026-03-07T07:46:02.163982804Z""], [""removal_observed"", ""2026-03-07T07:46:02.178346907Z""], [""removal_executed"", ""2026-03-07T07:46:09.80363666Z""]]",/opt/fabric/benchmarks/out/suite_20260307_082422/run_008/raw/resources_removal_1772869559.csv
2026-03-07T07:46:42.046267Z,removal_1772869559,removal_wait_reshare,28.17,23.94,112422770,218575932,95521,102688,2851995,6043172,0,0,0,0,95521,102688,2851995,6043172,1,ok:1,0.23,0.39,19.01,6.57,0.23,1.32,1,4,1,post,2026-03-07T07:46:09.80363666Z,,32.243,removal_executed,2026-03-07T07:46:09.80363666Z,32.243,,,,remove-irs3-member1-1772869559,removal,remove-irs3-member1-1772869559,113,"[[""reshare_ack"", ""2026-03-05T16:45:02.748706489Z""], [""reshare_keygen_start"", ""2026-03-05T16:45:14.387991276Z""], [""reshare_complete"", ""2026-03-05T16:45:46.776682827Z""], [""removal_propose"", ""2026-03-07T07:46:02.163982804Z""], [""removal_observed"", ""2026-03-07T07:46:02.178346907Z""], [""removal_executed"", ""2026-03-07T07:46:09.80363666Z""]]",/opt/fabric/benchmarks/out/suite_20260307_082422/run_008/raw/resources_removal_1772869559.csv
2026-03-07T07:46:43.153434Z,removal_1772869559,removal_wait_reshare,13.36,23.94,112451410,218617219,28640,41287,2880635,6084459,178,179,178,179,28462,41108,2880457,6084280,1,ok:3,0.00,0.39,11.06,6.57,0.69,1.32,1,4,1,post,2026-03-07T07:46:09.80363666Z,,33.350,removal_executed,2026-03-07T07:46:09.80363666Z,33.350,,,,remove-irs3-member1-1772869559,removal,remove-irs3-member1-1772869559,113,"[[""reshare_ack"", ""2026-03-05T16:45:02.748706489Z""], [""reshare_keygen_start"", ""2026-03-05T16:45:14.387991276Z""], [""reshare_complete"", ""2026-03-05T16:45:46.776682827Z""], [""removal_propose"", ""2026-03-07T07:46:02.163982804Z""], [""removal_observed"", ""2026-03-07T07:46:02.178346907Z""], [""removal_executed"", ""2026-03-07T07:46:09.80363666Z""]]",/opt/fabric/benchmarks/out/suite_20260307_082422/run_008/raw/resources_removal_1772869559.csv
2026-03-07T07:46:44.257704Z,removal_1772869559,removal_wait_reshare,29.40,23.94,112556501,218982905,105091,365686,2985726,6450145,0,0,178,179,105091,365686,2985548,6449966,1,ok:1,0.23,0.39,23.84,6.57,0.69,1.32,1,4,1,post,2026-03-07T07:46:09.80363666Z,,34.454,removal_executed,2026-03-07T07:46:09.80363666Z,34.454,,,,remove-irs3-member1-1772869559,removal,remove-irs3-member1-1772869559,113,"[[""reshare_ack"", ""2026-03-05T16:45:02.748706489Z""], [""reshare_keygen_start"", ""2026-03-05T16:45:14.387991276Z""], [""reshare_complete"", ""2026-03-05T16:45:46.776682827Z""], [""removal_propose"", ""2026-03-07T07:46:02.163982804Z""], [""removal_observed"", ""2026-03-07T07:46:02.178346907Z""], [""removal_executed"", ""2026-03-07T07:46:09.80363666Z""]]",/opt/fabric/benchmarks/out/suite_20260307_082422/run_008/raw/resources_removal_1772869559.csv
2026-03-07T07:46:45.362501Z,removal_1772869559,removal_wait_reshare,29.70,23.95,112683862,219094966,127361,112061,3113087,6562206,0,0,178,179,127361,112061,3112909,6562027,1,ok:1,0.00,0.39,27.15,6.57,0.00,1.32,1,4,1,post,2026-03-07T07:46:09.80363666Z,,35.559,removal_executed,2026-03-07T07:46:09.80363666Z,35.559,,,,remove-irs3-member1-1772869559,removal,remove-irs3-member1-1772869559,113,"[[""reshare_ack"", ""2026-03-05T16:45:02.748706489Z""], [""reshare_keygen_start"", ""2026-03-05T16:45:14.387991276Z""], [""reshare_complete"", ""2026-03-05T16:45:46.776682827Z""], [""removal_propose"", ""2026-03-07T07:46:02.163982804Z""], [""removal_observed"", ""2026-03-07T07:46:02.178346907Z""], [""removal_executed"", ""2026-03-07T07:46:09.80363666Z""]]",/opt/fabric/benchmarks/out/suite_20260307_082422/run_008/raw/resources_removal_1772869559.csv
2026-03-07T07:46:46.459714Z,removal_1772869559,removal_wait_reshare,23.31,23.95,112757059,219330744,73197,235778,3186284,6797984,0,0,178,179,73197,235778,3186106,6797805,1,ok:1,0.00,0.39,16.55,6.57,1.17,1.32,1,4,1,post,2026-03-07T07:46:09.80363666Z,,36.656,removal_executed,2026-03-07T07:46:09.80363666Z,36.656,,,,remove-irs3-member1-1772869559,removal,remove-irs3-member1-1772869559,113,"[[""reshare_ack"", ""2026-03-05T16:45:02.748706489Z""], [""reshare_keygen_start"", ""2026-03-05T16:45:14.387991276Z""], [""reshare_complete"", ""2026-03-05T16:45:46.776682827Z""], [""removal_propose"", ""2026-03-07T07:46:02.163982804Z""], [""removal_observed"", ""2026-03-07T07:46:02.178346907Z""], [""removal_executed"", ""2026-03-07T07:46:09.80363666Z""]]",/opt/fabric/benchmarks/out/suite_20260307_082422/run_008/raw/resources_removal_1772869559.csv
2026-03-07T07:46:55.439233Z,join_1772869615,join_submit,0.00,23.84,113210335,219780172,0,0,0,0,0,0,0,0,0,0,0,0,1,ok:3,0.00,0.39,0.00,6.57,0.00,1.32,1,4,1,reshare_complete,2026-03-05T16:45:46.776682827Z,2026-03-07T07:46:57.444859717Z,140468.663,reshare_complete,2026-03-05T16:45:46.776682827Z,140468.663,join_submit,2026-03-07T07:46:57.444859717Z,2.006,join-irs3-1772869615,join,join-irs3-1772869615,113,"[[""reshare_ack"", ""2026-03-05T16:45:02.748706489Z""], [""reshare_keygen_start"", ""2026-03-05T16:45:14.387991276Z""], [""reshare_complete"", ""2026-03-05T16:45:46.776682827Z""], [""join_submit"", ""2026-03-07T07:46:57.444859717Z""], [""join_observed"", ""2026-03-07T07:46:57.456579507Z""]]",/opt/fabric/benchmarks/out/suite_20260307_082422/run_008/raw/resources_join_1772869615.csv
2026-03-07T07:46:56.529630Z,join_1772869615,join_submit,23.06,23.85,113283251,219830690,72916,50518,72916,50518,0,0,0,0,72916,50518,72916,50518,1,ok:3,0.00,0.39,15.53,6.57,0.00,1.32,1,4,1,reshare_complete,2026-03-05T16:45:46.776682827Z,2026-03-07T07:46:57.444859717Z,140469.753,reshare_complete,2026-03-05T16:45:46.776682827Z,140469.753,join_submit,2026-03-07T07:46:57.444859717Z,0.915,join-irs3-1772869615,join,join-irs3-1772869615,113,"[[""reshare_ack"", ""2026-03-05T16:45:02.748706489Z""], [""reshare_keygen_start"", ""2026-03-05T16:45:14.387991276Z""], [""reshare_complete"", ""2026-03-05T16:45:46.776682827Z""], [""join_submit"", ""2026-03-07T07:46:57.444859717Z""], [""join_observed"", ""2026-03-07T07:46:57.456579507Z""]]",/opt/fabric/benchmarks/out/suite_20260307_082422/run_008/raw/resources_join_1772869615.csv
2026-03-07T07:46:57.618356Z,join_1772869615,join_wait_vote,16.51,23.86,113313034,220008578,29783,177888,102699,228406,0,0,0,0,29783,177888,102699,228406,1,ok:1,0.24,0.39,10.14,6.57,0.94,1.32,1,4,1,post,2026-03-07T07:46:57.456579507Z,,0.162,join_observed,2026-03-07T07:46:57.456579507Z,0.162,,,,join-irs3-1772869615,join,join-irs3-1772869615,113,"[[""reshare_ack"", ""2026-03-05T16:45:02.748706489Z""], [""reshare_keygen_start"", ""2026-03-05T16:45:14.387991276Z""], [""reshare_complete"", ""2026-03-05T16:45:46.776682827Z""], [""join_submit"", ""2026-03-07T07:46:57.444859717Z""], [""join_observed"", ""2026-03-07T07:46:57.456579507Z""]]",/opt/fabric/benchmarks/out/suite_20260307_082422/run_008/raw/resources_join_1772869615.csv
2026-03-07T07:46:58.710379Z,join_1772869615,join_wait_vote,18.53,23.86,113367495,220068206,54461,59628,157160,288034,0,0,0,0,54461,59628,157160,288034,1,ok:1,0.00,0.39,16.15,6.57,0.00,1.32,1,4,1,post,2026-03-07T07:46:57.456579507Z,,1.254,join_observed,2026-03-07T07:46:57.456579507Z,1.254,,,,join-irs3-1772869615,join,join-irs3-1772869615,113,"[[""reshare_ack"", ""2026-03-05T16:45:02.748706489Z""], [""reshare_keygen_start"", ""2026-03-05T16:45:14.387991276Z""], [""reshare_complete"", ""2026-03-05T16:45:46.776682827Z""], [""join_submit"", ""2026-03-07T07:46:57.444859717Z""], [""join_observed"", ""2026-03-07T07:46:57.456579507Z""]]",/opt/fabric/benchmarks/out/suite_20260307_082422/run_008/raw/resources_join_1772869615.csv
2026-03-07T07:46:59.811184Z,join_1772869615,join_wait_vote,22.67,23.87,113449795,220146695,82300,78489,239460,366523,0,0,0,0,82300,78489,239460,366523,1,ok:1,0.24,0.39,21.24,6.57,0.48,1.33,1,4,1,post,2026-03-07T07:46:57.456579507Z,,2.355,join_observed,2026-03-07T07:46:57.456579507Z,2.355,,,,join-irs3-1772869615,join,join-irs3-1772869615,113,"[[""reshare_ack"", ""2026-03-05T16:45:02.748706489Z""], [""reshare_keygen_start"", ""2026-03-05T16:45:14.387991276Z""], [""reshare_complete"", ""2026-03-05T16:45:46.776682827Z""], [""join_submit"", ""2026-03-07T07:46:57.444859717Z""], [""join_observed"", ""2026-03-07T07:46:57.456579507Z""]]",/opt/fabric/benchmarks/out/suite_20260307_082422/run_008/raw/resources_join_1772869615.csv
2026-03-07T07:47:00.929288Z,join_1772869615,join_wait_vote,37.12,23.90,113604038,220790676,154243,643981,393703,1010504,0,0,0,0,154243,643981,393703,1010504,1,ok:1,0.23,0.39,30.16,6.64,3.71,1.36,1,4,1,post,2026-03-07T07:46:57.456579507Z,,3.473,join_observed,2026-03-07T07:46:57.456579507Z,3.473,,,,join-irs3-1772869615,join,join-irs3-1772869615,113,"[[""reshare_ack"", ""2026-03-05T16:45:02.748706489Z""], [""reshare_keygen_start"", ""2026-03-05T16:45:14.387991276Z""], [""reshare_complete"", ""2026-03-05T16:45:46.776682827Z""], [""join_submit"", ""2026-03-07T07:46:57.444859717Z""], [""join_observed"", ""2026-03-07T07:46:57.456579507Z""]]",/opt/fabric/benchmarks/out/suite_20260307_082422/run_008/raw/resources_join_1772869615.csv
2026-03-07T07:47:02.026418Z,join_1772869615,join_wait_vote,28.57,23.91,113717939,220901909,113901,111233,507604,1121737,0,0,0,0,113901,111233,507604,1121737,1,ok:1,0.23,0.39,18.50,6.64,0.70,1.36,1,4,1,post,2026-03-07T07:46:57.456579507Z,,4.570,join_observed,2026-03-07T07:46:57.456579507Z,4.570,,,,join-irs3-1772869615,join,join-irs3-1772869615,113,"[[""reshare_ack"", ""2026-03-05T16:45:02.748706489Z""], [""reshare_keygen_start"", ""2026-03-05T16:45:14.387991276Z""], [""reshare_complete"", ""2026-03-05T16:45:46.776682827Z""], [""join_submit"", ""2026-03-07T07:46:57.444859717Z""], [""join_observed"", ""2026-03-07T07:46:57.456579507Z""]]",/opt/fabric/benchmarks/out/suite_20260307_082422/run_008/raw/resources_join_1772869615.csv
2026-03-07T07:47:03.140679Z,join_1772869615,join_wait_vote,15.94,23.93,113759380,221348841,41441,446932,549045,1568669,0,0,0,0,41441,446932,549045,1568669,1,ok:1,0.00,0.39,14.55,6.67,1.85,1.36,1,4,1,post,2026-03-07T07:46:57.456579507Z,,5.684,join_observed,2026-03-07T07:46:57.456579507Z,5.684,,,,join-irs3-1772869615,join,join-irs3-1772869615,113,"[[""reshare_ack"", ""2026-03-05T16:45:02.748706489Z""], [""reshare_keygen_start"", ""2026-03-05T16:45:14.387991276Z""], [""reshare_complete"", ""2026-03-05T16:45:46.776682827Z""], [""join_submit"", ""2026-03-07T07:46:57.444859717Z""], [""join_observed"", ""2026-03-07T07:46:57.456579507Z""]]",/opt/fabric/benchmarks/out/suite_20260307_082422/run_008/raw/resources_join_1772869615.csv
2026-03-07T07:47:04.247341Z,join_1772869615,join_wait_reshare,35.83,23.95,113875386,221617028,116006,268187,665051,1836856,0,0,0,0,116006,268187,665051,1836856,1,ok:1,0.47,0.37,24.36,6.67,0.70,1.36,1,4,1,post,2026-03-07T07:46:57.456579507Z,,6.791,join_observed,2026-03-07T07:46:57.456579507Z,6.791,,,,join-irs3-1772869615,join,join-irs3-1772869615,113,"[[""reshare_ack"", ""2026-03-05T16:45:02.748706489Z""], [""reshare_keygen_start"", ""2026-03-05T16:45:14.387991276Z""], [""reshare_complete"", ""2026-03-05T16:45:46.776682827Z""], [""join_submit"", ""2026-03-07T07:46:57.444859717Z""], [""join_observed"", ""2026-03-07T07:46:57.456579507Z""]]",/opt/fabric/benchmarks/out/suite_20260307_082422/run_008/raw/resources_join_1772869615.csv
2026-03-07T07:47:05.375325Z,join_1772869615,join_wait_reshare,34.87,23.97,114018663,221732601,143277,115573,808328,1952429,0,0,0,0,143277,115573,808328,1952429,1,ok:1,0.69,0.37,30.25,6.67,1.85,1.36,1,4,1,post,2026-03-07T07:46:57.456579507Z,,7.919,join_observed,2026-03-07T07:46:57.456579507Z,7.919,,,,join-irs3-1772869615,join,join-irs3-1772869615,113,"[[""reshare_ack"", ""2026-03-05T16:45:02.748706489Z""], [""reshare_keygen_start"", ""2026-03-05T16:45:14.387991276Z""], [""reshare_complete"", ""2026-03-05T16:45:46.776682827Z""], [""join_submit"", ""2026-03-07T07:46:57.444859717Z""], [""join_observed"", ""2026-03-07T07:46:57.456579507Z""]]",/opt/fabric/benchmarks/out/suite_20260307_082422/run_008/raw/resources_join_1772869615.csv
2026-03-07T07:47:06.475184Z,join_1772869615,join_wait_reshare,30.32,23.99,114133564,222395372,114901,662771,923229,2615200,0,0,0,0,114901,662771,923229,2615200,1,ok:1,0.45,0.37,19.46,6.69,0.68,1.36,1,4,1,post,2026-03-07T07:46:57.456579507Z,,9.019,join_observed,2026-03-07T07:46:57.456579507Z,9.019,,,,join-irs3-1772869615,join,join-irs3-1772869615,113,"[[""reshare_ack"", ""2026-03-05T16:45:02.748706489Z""], [""reshare_keygen_start"", ""2026-03-05T16:45:14.387991276Z""], [""reshare_complete"", ""2026-03-05T16:45:46.776682827Z""], [""join_submit"", ""2026-03-07T07:46:57.444859717Z""], [""join_observed"", ""2026-03-07T07:46:57.456579507Z""]]",/opt/fabric/benchmarks/out/suite_20260307_082422/run_008/raw/resources_join_1772869615.csv
2026-03-07T07:47:07.569387Z,join_1772869615,join_wait_reshare,14.62,23.99,114186158,222446471,52594,51099,975823,2666299,0,0,0,0,52594,51099,975823,2666299,1,ok:1,0.00,0.37,13.92,6.69,0.00,1.36,1,4,1,post,2026-03-07T07:46:57.456579507Z,,10.113,join_observed,2026-03-07T07:46:57.456579507Z,10.113,,,,join-irs3-1772869615,join,join-irs3-1772869615,113,"[[""reshare_ack"", ""2026-03-05T16:45:02.748706489Z""], [""reshare_keygen_start"", ""2026-03-05T16:45:14.387991276Z""], [""reshare_complete"", ""2026-03-05T16:45:46.776682827Z""], [""join_submit"", ""2026-03-07T07:46:57.444859717Z""], [""join_observed"", ""2026-03-07T07:46:57.456579507Z""]]",/opt/fabric/benchmarks/out/suite_20260307_082422/run_008/raw/resources_join_1772869615.csv
2026-03-07T07:47:08.670176Z,join_1772869615,join_wait_reshare,36.75,24.00,114330123,223028618,143965,582147,1119788,3248446,0,0,0,0,143965,582147,1119788,3248446,1,ok:1,0.48,0.37,29.59,6.69,1.67,1.36,1,4,1,post,2026-03-07T07:46:57.456579507Z,,11.214,join_observed,2026-03-07T07:46:57.456579507Z,11.214,,,,join-irs3-1772869615,join,join-irs3-1772869615,113,"[[""reshare_ack"", ""2026-03-05T16:45:02.748706489Z""], [""reshare_keygen_start"", ""2026-03-05T16:45:14.387991276Z""], [""reshare_complete"", ""2026-03-05T16:45:46.776682827Z""], [""join_submit"", ""2026-03-07T07:46:57.444859717Z""], [""join_observed"", ""2026-03-07T07:46:57.456579507Z""]]",/opt/fabric/benchmarks/out/suite_20260307_082422/run_008/raw/resources_join_1772869615.csv
2026-03-07T07:47:09.777330Z,join_1772869615,join_wait_reshare,20.99,24.01,114406313,223127727,76190,99109,1195978,3347555,0,0,0,0,76190,99109,1195978,3347555,1,ok:1,0.00,0.37,20.75,6.69,0.00,1.36,1,4,1,post,2026-03-07T07:46:57.456579507Z,,12.321,join_observed,2026-03-07T07:46:57.456579507Z,12.321,,,,join-irs3-1772869615,join,join-irs3-1772869615,113,"[[""reshare_ack"", ""2026-03-05T16:45:02.748706489Z""], [""reshare_keygen_start"", ""2026-03-05T16:45:14.387991276Z""], [""reshare_complete"", ""2026-03-05T16:45:46.776682827Z""], [""join_submit"", ""2026-03-07T07:46:57.444859717Z""], [""join_observed"", ""2026-03-07T07:46:57.456579507Z""]]",/opt/fabric/benchmarks/out/suite_20260307_082422/run_008/raw/resources_join_1772869615.csv
2026-03-07T07:47:10.874632Z,join_1772869615,join_wait_reshare,23.99,24.01,114496451,223572961,90138,445234,1286116,3792789,0,0,0,0,90138,445234,1286116,3792789,1,ok:1,0.00,0.37,18.53,6.69,1.66,1.36,1,4,1,post,2026-03-07T07:46:57.456579507Z,,13.418,join_observed,2026-03-07T07:46:57.456579507Z,13.418,,,,join-irs3-1772869615,join,join-irs3-1772869615,113,"[[""reshare_ack"", ""2026-03-05T16:45:02.748706489Z""], [""reshare_keygen_start"", ""2026-03-05T16:45:14.387991276Z""], [""reshare_complete"", ""2026-03-05T16:45:46.776682827Z""], [""join_submit"", ""2026-03-07T07:46:57.444859717Z""], [""join_observed"", ""2026-03-07T07:46:57.456579507Z""]]",/opt/fabric/benchmarks/out/suite_20260307_082422/run_008/raw/resources_join_1772869615.csv
2026-03-07T07:47:11.967072Z,join_1772869615,join_wait_reshare,26.71,24.02,114593711,223658864,97260,85903,1383376,3878692,0,0,0,0,97260,85903,1383376,3878692,1,ok:1,0.24,0.37,21.28,6.69,0.47,1.36,1,4,1,post,2026-03-07T07:46:57.456579507Z,,14.510,join_observed,2026-03-07T07:46:57.456579507Z,14.510,,,,join-irs3-1772869615,join,join-irs3-1772869615,113,"[[""reshare_ack"", ""2026-03-05T16:45:02.748706489Z""], [""reshare_keygen_start"", ""2026-03-05T16:45:14.387991276Z""], [""reshare_complete"", ""2026-03-05T16:45:46.776682827Z""], [""join_submit"", ""2026-03-07T07:46:57.444859717Z""], [""join_observed"", ""2026-03-07T07:46:57.456579507Z""]]",/opt/fabric/benchmarks/out/suite_20260307_082422/run_008/raw/resources_join_1772869615.csv
2026-03-07T07:47:13.062735Z,join_1772869615,join_wait_reshare,21.16,24.03,114666935,223722378,73224,63514,1456600,3942206,0,0,0,0,73224,63514,1456600,3942206,1,ok:1,0.00,0.37,18.14,6.69,0.00,1.36,1,4,1,post,2026-03-07T07:46:57.456579507Z,,15.606,join_observed,2026-03-07T07:46:57.456579507Z,15.606,,,,join-irs3-1772869615,join,join-irs3-1772869615,113,"[[""reshare_ack"", ""2026-03-05T16:45:02.748706489Z""], [""reshare_keygen_start"", ""2026-03-05T16:45:14.387991276Z""], [""reshare_complete"", ""2026-03-05T16:45:46.776682827Z""], [""join_submit"", ""2026-03-07T07:46:57.444859717Z""], [""join_observed"", ""2026-03-07T07:46:57.456579507Z""]]",/opt/fabric/benchmarks/out/suite_20260307_082422/run_008/raw/resources_join_1772869615.csv
2026-03-07T07:47:14.161774Z,join_1772869615,join_wait_reshare,26.76,24.04,114760570,224075815,93635,353437,1550235,4295643,178,179,178,179,93457,353258,1550057,4295464,1,ok:3,0.23,0.37,21.83,6.69,1.17,1.36,1,4,1,post,2026-03-07T07:46:57.456579507Z,,16.705,join_observed,2026-03-07T07:46:57.456579507Z,16.705,,,,join-irs3-1772869615,join,join-irs3-1772869615,113,"[[""reshare_ack"", ""2026-03-05T16:45:02.748706489Z""], [""reshare_keygen_start"", ""2026-03-05T16:45:14.387991276Z""], [""reshare_complete"", ""2026-03-05T16:45:46.776682827Z""], [""join_submit"", ""2026-03-07T07:46:57.444859717Z""], [""join_observed"", ""2026-03-07T07:46:57.456579507Z""]]",/opt/fabric/benchmarks/out/suite_20260307_082422/run_008/raw/resources_join_1772869615.csv
2026-03-07T07:47:15.256584Z,join_1772869615,join_wait_reshare,15.13,24.05,114813212,224138423,52642,62608,1602877,4358251,0,0,178,179,52642,62608,1602699,4358072,1,ok:1,0.00,0.37,13.00,6.69,0.00,1.36,1,4,1,post,2026-03-07T07:46:57.456579507Z,,17.800,join_observed,2026-03-07T07:46:57.456579507Z,17.800,,,,join-irs3-1772869615,join,join-irs3-1772869615,113,"[[""reshare_ack"", ""2026-03-05T16:45:02.748706489Z""], [""reshare_keygen_start"", ""2026-03-05T16:45:14.387991276Z""], [""reshare_complete"", ""2026-03-05T16:45:46.776682827Z""], [""join_submit"", ""2026-03-07T07:46:57.444859717Z""], [""join_observed"", ""2026-03-07T07:46:57.456579507Z""]]",/opt/fabric/benchmarks/out/suite_20260307_082422/run_008/raw/resources_join_1772869615.csv
2026-03-07T07:47:16.350451Z,join_1772869615,join_wait_reshare,27.75,24.06,114952725,224257858,139513,119435,1742390,4477686,0,0,178,179,139513,119435,1742212,4477507,1,ok:1,0.24,0.37,28.23,6.69,0.24,1.36,1,4,1,post,2026-03-07T07:46:57.456579507Z,,18.894,join_observed,2026-03-07T07:46:57.456579507Z,18.894,,,,join-irs3-1772869615,join,join-irs3-1772869615,113,"[[""reshare_ack"", ""2026-03-05T16:45:02.748706489Z""], [""reshare_keygen_start"", ""2026-03-05T16:45:14.387991276Z""], [""reshare_complete"", ""2026-03-05T16:45:46.776682827Z""], [""join_submit"", ""2026-03-07T07:46:57.444859717Z""], [""join_observed"", ""2026-03-07T07:46:57.456579507Z""]]",/opt/fabric/benchmarks/out/suite_20260307_082422/run_008/raw/resources_join_1772869615.csv
2026-03-07T07:47:17.473707Z,join_1772869615,join_wait_reshare,23.54,24.07,115021798,224339569,69073,81711,1811463,4559397,0,0,178,179,69073,81711,1811285,4559218,1,ok:1,0.00,0.37,20.05,6.69,0.47,1.36,1,4,1,post,2026-03-07T07:46:57.456579507Z,,20.017,join_observed,2026-03-07T07:46:57.456579507Z,20.017,,,,join-irs3-1772869615,join,join-irs3-1772869615,113,"[[""reshare_ack"", ""2026-03-05T16:45:02.748706489Z""], [""reshare_keygen_start"", ""2026-03-05T16:45:14.387991276Z""], [""reshare_complete"", ""2026-03-05T16:45:46.776682827Z""], [""join_submit"", ""2026-03-07T07:46:57.444859717Z""], [""join_observed"", ""2026-03-07T07:46:57.456579507Z""]]",/opt/fabric/benchmarks/out/suite_20260307_082422/run_008/raw/resources_join_1772869615.csv
2026-03-07T07:47:18.572704Z,join_1772869615,join_wait_reshare,29.47,24.07,115105976,224568393,84178,228824,1895641,4788221,0,0,178,179,84178,228824,1895463,4788042,1,ok:1,3.25,0.38,18.33,6.69,0.00,1.36,1,4,1,post,2026-03-07T07:46:57.456579507Z,,21.116,join_observed,2026-03-07T07:46:57.456579507Z,21.116,,,,join-irs3-1772869615,join,join-irs3-1772869615,113,"[[""reshare_ack"", ""2026-03-05T16:45:02.748706489Z""], [""reshare_keygen_start"", ""2026-03-05T16:45:14.387991276Z""], [""reshare_complete"", ""2026-03-05T16:45:46.776682827Z""], [""join_submit"", ""2026-03-07T07:46:57.444859717Z""], [""join_observed"", ""2026-03-07T07:46:57.456579507Z""]]",/opt/fabric/benchmarks/out/suite_20260307_082422/run_008/raw/resources_join_1772869615.csv
2026-03-07T07:47:19.669615Z,join_1772869615,join_wait_reshare,18.82,24.08,115181960,224653279,75984,84886,1971625,4873107,0,0,178,179,75984,84886,1971447,4872928,1,ok:1,0.47,0.38,16.47,6.69,0.24,1.36,1,4,1,post,2026-03-07T07:46:57.456579507Z,,22.213,join_observed,2026-03-07T07:46:57.456579507Z,22.213,,,,join-irs3-1772869615,join,join-irs3-1772869615,113,"[[""reshare_ack"", ""2026-03-05T16:45:02.748706489Z""], [""reshare_keygen_start"", ""2026-03-05T16:45:14.387991276Z""], [""reshare_complete"", ""2026-03-05T16:45:46.776682827Z""], [""join_submit"", ""2026-03-07T07:46:57.444859717Z""], [""join_observed"", ""2026-03-07T07:46:57.456579507Z""]]",/opt/fabric/benchmarks/out/suite_20260307_082422/run_008/raw/resources_join_1772869615.csv
2026-03-07T07:47:20.758774Z,join_1772869615,join_wait_reshare,36.07,24.09,115307652,224757193,125692,103914,2097317,4977021,0,0,178,179,125692,103914,2097139,4976842,1,ok:1,7.96,0.37,25.53,6.69,0.00,1.36,1,4,1,post,2026-03-07T07:46:57.456579507Z,,23.302,join_observed,2026-03-07T07:46:57.456579507Z,23.302,,,,join-irs3-1772869615,join,join-irs3-1772869615,113,"[[""reshare_ack"", ""2026-03-05T16:45:02.748706489Z""], [""reshare_keygen_start"", ""2026-03-05T16:45:14.387991276Z""], [""reshare_complete"", ""2026-03-05T16:45:46.776682827Z""], [""join_submit"", ""2026-03-07T07:46:57.444859717Z""], [""join_observed"", ""2026-03-07T07:46:57.456579507Z""]]",/opt/fabric/benchmarks/out/suite_20260307_082422/run_008/raw/resources_join_1772869615.csv
2026-03-07T07:47:21.850071Z,join_1772869615,join_wait_reshare,40.33,24.10,115378370,224850940,70718,93747,2168035,5070768,0,0,178,179,70718,93747,2167857,5070589,1,ok:1,25.94,0.37,13.21,6.69,0.24,1.36,1,4,1,post,2026-03-07T07:46:57.456579507Z,,24.393,join_observed,2026-03-07T07:46:57.456579507Z,24.393,,,,join-irs3-1772869615,join,join-irs3-1772869615,113,"[[""reshare_ack"", ""2026-03-05T16:45:02.748706489Z""], [""reshare_keygen_start"", ""2026-03-05T16:45:14.387991276Z""], [""reshare_complete"", ""2026-03-05T16:45:46.776682827Z""], [""join_submit"", ""2026-03-07T07:46:57.444859717Z""], [""join_observed"", ""2026-03-07T07:46:57.456579507Z""]]",/opt/fabric/benchmarks/out/suite_20260307_082422/run_008/raw/resources_join_1772869615.csv
2026-03-07T07:47:22.962175Z,join_1772869615,join_wait_reshare,32.18,24.10,115387783,224871952,9413,21012,2177448,5091780,0,0,178,179,9413,21012,2177270,5091601,1,ok:1,25.46,0.37,4.63,6.69,0.00,1.36,1,4,1,post,2026-03-07T07:46:57.456579507Z,,25.506,join_observed,2026-03-07T07:46:57.456579507Z,25.506,,,,join-irs3-1772869615,join,join-irs3-1772869615,113,"[[""reshare_ack"", ""2026-03-05T16:45:02.748706489Z""], [""reshare_keygen_start"", ""2026-03-05T16:45:14.387991276Z""], [""reshare_complete"", ""2026-03-05T16:45:46.776682827Z""], [""join_submit"", ""2026-03-07T07:46:57.444859717Z""], [""join_observed"", ""2026-03-07T07:46:57.456579507Z""]]",/opt/fabric/benchmarks/out/suite_20260307_082422/run_008/raw/resources_join_1772869615.csv
2026-03-07T07:47:24.048690Z,join_1772869615,join_wait_reshare,40.73,24.11,115429074,224915390,41291,43438,2218739,5135218,0,0,178,179,41291,43438,2218561,5135039,1,ok:1,25.63,0.37,10.53,6.69,0.00,1.36,1,4,1,post,2026-03-07T07:46:57.456579507Z,,26.592,join_observed,2026-03-07T07:46:57.456579507Z,26.592,,,,join-irs3-1772869615,join,join-irs3-1772869615,113,"[[""reshare_ack"", ""2026-03-05T16:45:02.748706489Z""], [""reshare_keygen_start"", ""2026-03-05T16:45:14.387991276Z""], [""reshare_complete"", ""2026-03-05T16:45:46.776682827Z""], [""join_submit"", ""2026-03-07T07:46:57.444859717Z""], [""join_observed"", ""2026-03-07T07:46:57.456579507Z""]]",/opt/fabric/benchmarks/out/suite_20260307_082422/run_008/raw/resources_join_1772869615.csv
2026-03-07T07:47:25.140357Z,join_1772869615,join_wait_reshare,38.14,24.11,115498288,224960465,69214,45075,2287953,5180293,0,0,178,179,69214,45075,2287775,5180114,1,ok:1,25.58,0.37,10.70,6.69,0.00,1.36,1,4,1,post,2026-03-07T07:46:57.456579507Z,,27.684,join_observed,2026-03-07T07:46:57.456579507Z,27.684,,,,join-irs3-1772869615,join,join-irs3-1772869615,113,"[[""reshare_ack"", ""2026-03-05T16:45:02.748706489Z""], [""reshare_keygen_start"", ""2026-03-05T16:45:14.387991276Z""], [""reshare_complete"", ""2026-03-05T16:45:46.776682827Z""], [""join_submit"", ""2026-03-07T07:46:57.444859717Z""], [""join_observed"", ""2026-03-07T07:46:57.456579507Z""]]",/opt/fabric/benchmarks/out/suite_20260307_082422/run_008/raw/resources_join_1772869615.csv
2026-03-07T07:47:26.232467Z,join_1772869615,join_wait_reshare,39.11,24.12,115544098,225007152,45810,46687,2333763,5226980,0,0,178,179,45810,46687,2333585,5226801,1,ok:1,26.00,0.36,10.30,6.69,0.00,1.36,1,4,1,post,2026-03-07T07:46:57.456579507Z,,28.776,join_observed,2026-03-07T07:46:57.456579507Z,28.776,,,,join-irs3-1772869615,join,join-irs3-1772869615,113,"[[""reshare_ack"", ""2026-03-05T16:45:02.748706489Z""], [""reshare_keygen_start"", ""2026-03-05T16:45:14.387991276Z""], [""reshare_complete"", ""2026-03-05T16:45:46.776682827Z""], [""join_submit"", ""2026-03-07T07:46:57.444859717Z""], [""join_observed"", ""2026-03-07T07:46:57.456579507Z""]]",/opt/fabric/benchmarks/out/suite_20260307_082422/run_008/raw/resources_join_1772869615.csv
2026-03-07T07:47:27.405309Z,join_1772869615,join_wait_reshare,36.94,24.11,116399765,225868175,855667,861023,3189430,6088003,0,0,178,179,855667,861023,3189252,6087824,1,ok:1,33.18,0.36,3.29,6.69,0.00,1.36,1,4,1,post,2026-03-07T07:46:57.456579507Z,,29.949,join_observed,2026-03-07T07:46:57.456579507Z,29.949,,,,join-irs3-1772869615,join,join-irs3-1772869615,113,"[[""reshare_ack"", ""2026-03-05T16:45:02.748706489Z""], [""reshare_keygen_start"", ""2026-03-05T16:45:14.387991276Z""], [""reshare_complete"", ""2026-03-05T16:45:46.776682827Z""], [""join_submit"", ""2026-03-07T07:46:57.444859717Z""], [""join_observed"", ""2026-03-07T07:46:57.456579507Z""]]",/opt/fabric/benchmarks/out/suite_20260307_082422/run_008/raw/resources_join_1772869615.csv
2026-03-07T07:47:28.596058Z,join_1772869615,join_wait_reshare,100.00,24.13,116454480,225905195,54715,37020,3244145,6125023,0,0,178,179,54715,37020,3243967,6124844,1,ok:1,85.29,0.38,11.94,6.73,0.00,1.36,1,4,1,post,2026-03-07T07:46:57.456579507Z,,31.139,join_observed,2026-03-07T07:46:57.456579507Z,31.139,,,,join-irs3-1772869615,join,join-irs3-1772869615,113,"[[""reshare_ack"", ""2026-03-05T16:45:02.748706489Z""], [""reshare_keygen_start"", ""2026-03-05T16:45:14.387991276Z""], [""reshare_complete"", ""2026-03-05T16:45:46.776682827Z""], [""join_submit"", ""2026-03-07T07:46:57.444859717Z""], [""join_observed"", ""2026-03-07T07:46:57.456579507Z""]]",/opt/fabric/benchmarks/out/suite_20260307_082422/run_008/raw/resources_join_1772869615.csv
2026-03-07T07:47:29.810152Z,join_1772869615,join_wait_reshare,100.00,24.10,116489280,225949260,34800,44065,3278945,6169088,0,0,178,179,34800,44065,3278767,6168909,1,ok:1,89.71,0.38,8.40,6.68,0.00,1.36,1,4,1,post,2026-03-07T07:46:57.456579507Z,,32.354,join_observed,2026-03-07T07:46:57.456579507Z,32.354,,,,join-irs3-1772869615,join,join-irs3-1772869615,113,"[[""reshare_ack"", ""2026-03-05T16:45:02.748706489Z""], [""reshare_keygen_start"", ""2026-03-05T16:45:14.387991276Z""], [""reshare_complete"", ""2026-03-05T16:45:46.776682827Z""], [""join_submit"", ""2026-03-07T07:46:57.444859717Z""], [""join_observed"", ""2026-03-07T07:46:57.456579507Z""]]",/opt/fabric/benchmarks/out/suite_20260307_082422/run_008/raw/resources_join_1772869615.csv
2026-03-07T07:47:30.984214Z,join_1772869615,join_wait_reshare,99.79,24.11,116547360,226000144,58080,50884,3337025,6219972,0,0,178,179,58080,50884,3336847,6219793,1,ok:1,89.53,0.39,6.57,6.68,0.00,1.36,1,4,1,post,2026-03-07T07:46:57.456579507Z,,33.528,join_observed,2026-03-07T07:46:57.456579507Z,33.528,,,,join-irs3-1772869615,join,join-irs3-1772869615,113,"[[""reshare_ack"", ""2026-03-05T16:45:02.748706489Z""], [""reshare_keygen_start"", ""2026-03-05T16:45:14.387991276Z""], [""reshare_complete"", ""2026-03-05T16:45:46.776682827Z""], [""join_submit"", ""2026-03-07T07:46:57.444859717Z""], [""join_observed"", ""2026-03-07T07:46:57.456579507Z""]]",/opt/fabric/benchmarks/out/suite_20260307_082422/run_008/raw/resources_join_1772869615.csv
2026-03-07T07:47:32.168159Z,join_1772869615,join_wait_reshare,100.00,24.11,116580181,226015647,32821,15503,3369846,6235475,0,0,178,179,32821,15503,3369668,6235296,1,ok:1,90.36,0.39,7.07,6.68,0.00,1.36,1,4,1,post,2026-03-07T07:46:57.456579507Z,,34.712,join_observed,2026-03-07T07:46:57.456579507Z,34.712,,,,join-irs3-1772869615,join,join-irs3-1772869615,113,"[[""reshare_ack"", ""2026-03-05T16:45:02.748706489Z""], [""reshare_keygen_start"", ""2026-03-05T16:45:14.387991276Z""], [""reshare_complete"", ""2026-03-05T16:45:46.776682827Z""], [""join_submit"", ""2026-03-07T07:46:57.444859717Z""], [""join_observed"", ""2026-03-07T07:46:57.456579507Z""]]",/opt/fabric/benchmarks/out/suite_20260307_082422/run_008/raw/resources_join_1772869615.csv
2026-03-07T07:47:33.328752Z,join_1772869615,join_wait_reshare,100.00,24.12,116630047,226055077,49866,39430,3419712,6274905,0,0,178,179,49866,39430,3419534,6274726,1,ok:1,87.32,0.39,9.73,6.68,0.00,1.36,1,4,1,post,2026-03-07T07:46:57.456579507Z,,35.872,join_observed,2026-03-07T07:46:57.456579507Z,35.872,,,,join-irs3-1772869615,join,join-irs3-1772869615,113,"[[""reshare_ack"", ""2026-03-05T16:45:02.748706489Z""], [""reshare_keygen_start"", ""2026-03-05T16:45:14.387991276Z""], [""reshare_complete"", ""2026-03-05T16:45:46.776682827Z""], [""join_submit"", ""2026-03-07T07:46:57.444859717Z""], [""join_observed"", ""2026-03-07T07:46:57.456579507Z""]]",/opt/fabric/benchmarks/out/suite_20260307_082422/run_008/raw/resources_join_1772869615.csv
2026-03-07T07:47:34.467369Z,join_1772869615,join_wait_reshare,99.78,24.12,116665390,226095734,35343,40657,3455055,6315562,0,0,178,179,35343,40657,3454877,6315383,1,ok:1,91.58,0.39,6.05,6.68,0.22,1.36,1,4,1,post,2026-03-07T07:46:57.456579507Z,,37.011,join_observed,2026-03-07T07:46:57.456579507Z,37.011,,,,join-irs3-1772869615,join,join-irs3-1772869615,113,"[[""reshare_ack"", ""2026-03-05T16:45:02.748706489Z""], [""reshare_keygen_start"", ""2026-03-05T16:45:14.387991276Z""], [""reshare_complete"", ""2026-03-05T16:45:46.776682827Z""], [""join_submit"", ""2026-03-07T07:46:57.444859717Z""], [""join_observed"", ""2026-03-07T07:46:57.456579507Z""]]",/opt/fabric/benchmarks/out/suite_20260307_082422/run_008/raw/resources_join_1772869615.csv
2026-03-07T07:47:35.563279Z,join_1772869615,join_wait_reshare,67.85,24.08,116718742,226149540,53352,53806,3508407,6369368,0,0,178,179,53352,53806,3508229,6369189,1,ok:1,50.11,0.40,10.20,6.65,0.00,1.36,1,4,1,post,2026-03-07T07:46:57.456579507Z,,38.107,join_observed,2026-03-07T07:46:57.456579507Z,38.107,,,,join-irs3-1772869615,join,join-irs3-1772869615,113,"[[""reshare_ack"", ""2026-03-05T16:45:02.748706489Z""], [""reshare_keygen_start"", ""2026-03-05T16:45:14.387991276Z""], [""reshare_complete"", ""2026-03-05T16:45:46.776682827Z""], [""join_submit"", ""2026-03-07T07:46:57.444859717Z""], [""join_observed"", ""2026-03-07T07:46:57.456579507Z""]]",/opt/fabric/benchmarks/out/suite_20260307_082422/run_008/raw/resources_join_1772869615.csv
2026-03-07T07:47:36.660066Z,join_1772869615,join_wait_reshare,62.30,24.08,116770331,226183395,51589,33855,3559996,6403223,0,0,178,179,51589,33855,3559818,6403044,1,ok:1,50.11,0.40,9.89,6.65,0.00,1.36,1,4,1,post,2026-03-07T07:46:57.456579507Z,,39.203,join_observed,2026-03-07T07:46:57.456579507Z,39.203,,,,join-irs3-1772869615,join,join-irs3-1772869615,113,"[[""reshare_ack"", ""2026-03-05T16:45:02.748706489Z""], [""reshare_keygen_start"", ""2026-03-05T16:45:14.387991276Z""], [""reshare_complete"", ""2026-03-05T16:45:46.776682827Z""], [""join_submit"", ""2026-03-07T07:46:57.444859717Z""], [""join_observed"", ""2026-03-07T07:46:57.456579507Z""]]",/opt/fabric/benchmarks/out/suite_20260307_082422/run_008/raw/resources_join_1772869615.csv
2026-03-07T07:47:37.763104Z,join_1772869615,join_wait_reshare,47.47,24.08,116819477,226264624,49146,81229,3609142,6484452,0,0,178,179,49146,81229,3608964,6484273,1,ok:1,38.48,0.40,4.84,6.65,0.00,1.36,1,4,1,post,2026-03-07T07:46:57.456579507Z,,40.307,join_observed,2026-03-07T07:46:57.456579507Z,40.307,,,,join-irs3-1772869615,join,join-irs3-1772869615,113,"[[""reshare_ack"", ""2026-03-05T16:45:02.748706489Z""], [""reshare_keygen_start"", ""2026-03-05T16:45:14.387991276Z""], [""reshare_complete"", ""2026-03-05T16:45:46.776682827Z""], [""join_submit"", ""2026-03-07T07:46:57.444859717Z""], [""join_observed"", ""2026-03-07T07:46:57.456579507Z""]]",/opt/fabric/benchmarks/out/suite_20260307_082422/run_008/raw/resources_join_1772869615.csv
2026-03-07T07:47:38.860695Z,join_1772869615,join_wait_reshare,24.30,24.09,116906871,226325483,87394,60859,3696536,6545311,0,0,178,179,87394,60859,3696358,6545132,1,ok:1,0.93,0.40,15.65,6.65,0.93,1.36,1,4,1,post,2026-03-07T07:46:57.456579507Z,,41.404,join_observed,2026-03-07T07:46:57.456579507Z,41.404,,,,join-irs3-1772869615,join,join-irs3-1772869615,113,"[[""reshare_ack"", ""2026-03-05T16:45:02.748706489Z""], [""reshare_keygen_start"", ""2026-03-05T16:45:14.387991276Z""], [""reshare_complete"", ""2026-03-05T16:45:46.776682827Z""], [""join_submit"", ""2026-03-07T07:46:57.444859717Z""], [""join_observed"", ""2026-03-07T07:46:57.456579507Z""]]",/opt/fabric/benchmarks/out/suite_20260307_082422/run_008/raw/resources_join_1772869615.csv
2026-03-07T07:47:39.947703Z,join_1772869615,join_wait_reshare,15.55,24.10,116971258,226374826,64387,49343,3760923,6594654,0,0,178,179,64387,49343,3760745,6594475,1,ok:1,0.00,0.40,12.99,6.65,0.00,1.36,1,4,1,post,2026-03-07T07:46:57.456579507Z,,42.491,join_observed,2026-03-07T07:46:57.456579507Z,42.491,,,,join-irs3-1772869615,join,join-irs3-1772869615,113,"[[""reshare_ack"", ""2026-03-05T16:45:02.748706489Z""], [""reshare_keygen_start"", ""2026-03-05T16:45:14.387991276Z""], [""reshare_complete"", ""2026-03-05T16:45:46.776682827Z""], [""join_submit"", ""2026-03-07T07:46:57.444859717Z""], [""join_observed"", ""2026-03-07T07:46:57.456579507Z""]]",/opt/fabric/benchmarks/out/suite_20260307_082422/run_008/raw/resources_join_1772869615.csv
2026-03-07T07:47:41.049186Z,join_1772869615,join_wait_reshare,36.04,24.15,117081647,227158443,110389,783617,3871312,7378271,0,0,178,179,110389,783617,3871134,7378092,1,ok:1,0.95,0.40,28.88,6.73,2.63,1.36,1,4,1,post,2026-03-07T07:46:57.456579507Z,,43.593,join_observed,2026-03-07T07:46:57.456579507Z,43.593,,,,join-irs3-1772869615,join,join-irs3-1772869615,113,"[[""reshare_ack"", ""2026-03-05T16:45:02.748706489Z""], [""reshare_keygen_start"", ""2026-03-05T16:45:14.387991276Z""], [""reshare_complete"", ""2026-03-05T16:45:46.776682827Z""], [""join_submit"", ""2026-03-07T07:46:57.444859717Z""], [""join_observed"", ""2026-03-07T07:46:57.456579507Z""]]",/opt/fabric/benchmarks/out/suite_20260307_082422/run_008/raw/resources_join_1772869615.csv
2026-03-07T07:47:42.145569Z,join_1772869615,join_wait_reshare,28.83,24.16,117182989,227237683,101342,79240,3972654,7457511,0,0,178,179,101342,79240,3972476,7457332,1,ok:1,0.00,0.40,16.02,6.73,0.46,1.36,1,4,1,post,2026-03-07T07:46:57.456579507Z,,44.689,join_observed,2026-03-07T07:46:57.456579507Z,44.689,,,,join-irs3-1772869615,join,join-irs3-1772869615,113,"[[""reshare_ack"", ""2026-03-05T16:45:02.748706489Z""], [""reshare_keygen_start"", ""2026-03-05T16:45:14.387991276Z""], [""reshare_complete"", ""2026-03-05T16:45:46.776682827Z""], [""join_submit"", ""2026-03-07T07:46:57.444859717Z""], [""join_observed"", ""2026-03-07T07:46:57.456579507Z""]]",/opt/fabric/benchmarks/out/suite_20260307_082422/run_008/raw/resources_join_1772869615.csv
2026-03-07T07:47:43.247885Z,join_1772869615,join_wait_reshare,19.29,24.16,117230596,227862810,47607,625127,4020261,8082638,0,0,178,179,47607,625127,4020083,8082459,1,ok:1,0.24,0.40,16.00,6.74,2.12,1.36,1,4,1,post,2026-03-07T07:46:57.456579507Z,,45.791,join_observed,2026-03-07T07:46:57.456579507Z,45.791,,,,join-irs3-1772869615,join,join-irs3-1772869615,113,"[[""reshare_ack"", ""2026-03-05T16:45:02.748706489Z""], [""reshare_keygen_start"", ""2026-03-05T16:45:14.387991276Z""], [""reshare_complete"", ""2026-03-05T16:45:46.776682827Z""], [""join_submit"", ""2026-03-07T07:46:57.444859717Z""], [""join_observed"", ""2026-03-07T07:46:57.456579507Z""]]",/opt/fabric/benchmarks/out/suite_20260307_082422/run_008/raw/resources_join_1772869615.csv
2026-03-07T07:47:44.349396Z,join_1772869615,join_wait_reshare,33.02,24.17,117373697,227960984,143101,98174,4163362,8180812,0,0,178,179,143101,98174,4163184,8180633,1,ok:1,0.71,0.40,30.66,6.74,0.94,1.36,1,4,1,post,2026-03-07T07:46:57.456579507Z,,46.893,join_observed,2026-03-07T07:46:57.456579507Z,46.893,,,,join-irs3-1772869615,join,join-irs3-1772869615,113,"[[""reshare_ack"", ""2026-03-05T16:45:02.748706489Z""], [""reshare_keygen_start"", ""2026-03-05T16:45:14.387991276Z""], [""reshare_complete"", ""2026-03-05T16:45:46.776682827Z""], [""join_submit"", ""2026-03-07T07:46:57.444859717Z""], [""join_observed"", ""2026-03-07T07:46:57.456579507Z""]]",/opt/fabric/benchmarks/out/suite_20260307_082422/run_008/raw/resources_join_1772869615.csv
2026-03-07T07:47:45.445451Z,join_1772869615,join_wait_reshare,30.14,24.18,117503244,228089992,129547,129008,4292909,8309820,0,0,178,179,129547,129008,4292731,8309641,1,ok:1,0.23,0.40,23.36,6.74,0.00,1.36,1,4,1,post,2026-03-07T07:46:57.456579507Z,,47.989,join_observed,2026-03-07T07:46:57.456579507Z,47.989,,,,join-irs3-1772869615,join,join-irs3-1772869615,113,"[[""reshare_ack"", ""2026-03-05T16:45:02.748706489Z""], [""reshare_keygen_start"", ""2026-03-05T16:45:14.387991276Z""], [""reshare_complete"", ""2026-03-05T16:45:46.776682827Z""], [""join_submit"", ""2026-03-07T07:46:57.444859717Z""], [""join_observed"", ""2026-03-07T07:46:57.456579507Z""]]",/opt/fabric/benchmarks/out/suite_20260307_082422/run_008/raw/resources_join_1772869615.csv
2026-03-07T07:47:46.541629Z,join_1772869615,join_wait_reshare,22.95,24.17,117570007,228594921,66763,504929,4359672,8814749,0,0,178,179,66763,504929,4359494,8814570,1,ok:1,0.00,0.40,17.33,6.74,1.17,1.36,1,4,1,post,2026-03-07T07:46:57.456579507Z,,49.085,join_observed,2026-03-07T07:46:57.456579507Z,49.085,,,,join-irs3-1772869615,join,join-irs3-1772869615,113,"[[""reshare_ack"", ""2026-03-05T16:45:02.748706489Z""], [""reshare_keygen_start"", ""2026-03-05T16:45:14.387991276Z""], [""reshare_complete"", ""2026-03-05T16:45:46.776682827Z""], [""join_submit"", ""2026-03-07T07:46:57.444859717Z""], [""join_observed"", ""2026-03-07T07:46:57.456579507Z""]]",/opt/fabric/benchmarks/out/suite_20260307_082422/run_008/raw/resources_join_1772869615.csv
2026-03-07T07:47:47.637743Z,join_1772869615,join_wait_reshare,23.47,24.17,117653981,228666449,83974,71528,4443646,8886277,0,0,178,179,83974,71528,4443468,8886098,1,ok:1,0.94,0.40,18.54,6.74,0.47,1.36,1,4,1,post,2026-03-07T07:46:57.456579507Z,,50.181,join_observed,2026-03-07T07:46:57.456579507Z,50.181,,,,join-irs3-1772869615,join,join-irs3-1772869615,113,"[[""reshare_ack"", ""2026-03-05T16:45:02.748706489Z""], [""reshare_keygen_start"", ""2026-03-05T16:45:14.387991276Z""], [""reshare_complete"", ""2026-03-05T16:45:46.776682827Z""], [""join_submit"", ""2026-03-07T07:46:57.444859717Z""], [""join_observed"", ""2026-03-07T07:46:57.456579507Z""]]",/opt/fabric/benchmarks/out/suite_20260307_082422/run_008/raw/resources_join_1772869615.csv
2026-03-07T07:47:48.736121Z,join_1772869615,join_wait_reshare,26.19,24.18,117746249,228739102,92268,72653,4535914,8958930,0,0,178,179,92268,72653,4535736,8958751,1,ok:1,0.00,0.40,25.24,6.74,0.00,1.36,1,4,1,post,2026-03-07T07:46:57.456579507Z,,51.280,join_observed,2026-03-07T07:46:57.456579507Z,51.280,,,,join-irs3-1772869615,join,join-irs3-1772869615,113,"[[""reshare_ack"", ""2026-03-05T16:45:02.748706489Z""], [""reshare_keygen_start"", ""2026-03-05T16:45:14.387991276Z""], [""reshare_complete"", ""2026-03-05T16:45:46.776682827Z""], [""join_submit"", ""2026-03-07T07:46:57.444859717Z""], [""join_observed"", ""2026-03-07T07:46:57.456579507Z""]]",/opt/fabric/benchmarks/out/suite_20260307_082422/run_008/raw/resources_join_1772869615.csv
2026-03-07T07:47:49.837703Z,join_1772869615,join_wait_reshare,30.23,24.18,117845334,229149040,99085,409938,4634999,9368868,0,0,178,179,99085,409938,4634821,9368689,1,ok:1,0.23,0.40,26.51,6.74,0.93,1.36,1,4,1,post,2026-03-07T07:46:57.456579507Z,,52.381,join_observed,2026-03-07T07:46:57.456579507Z,52.381,,,,join-irs3-1772869615,join,join-irs3-1772869615,113,"[[""reshare_ack"", ""2026-03-05T16:45:02.748706489Z""], [""reshare_keygen_start"", ""2026-03-05T16:45:14.387991276Z""], [""reshare_complete"", ""2026-03-05T16:45:46.776682827Z""], [""join_submit"", ""2026-03-07T07:46:57.444859717Z""], [""join_observed"", ""2026-03-07T07:46:57.456579507Z""]]",/opt/fabric/benchmarks/out/suite_20260307_082422/run_008/raw/resources_join_1772869615.csv
2026-03-07T07:47:50.933257Z,join_1772869615,join_wait_reshare,24.36,24.18,117908340,229218249,63006,69209,4698005,9438077,0,0,178,179,63006,69209,4697827,9437898,1,ok:1,0.94,0.40,16.86,6.74,0.00,1.36,1,4,1,post,2026-03-07T07:46:57.456579507Z,,53.477,join_observed,2026-03-07T07:46:57.456579507Z,53.477,,,,join-irs3-1772869615,join,join-irs3-1772869615,113,"[[""reshare_ack"", ""2026-03-05T16:45:02.748706489Z""], [""reshare_keygen_start"", ""2026-03-05T16:45:14.387991276Z""], [""reshare_complete"", ""2026-03-05T16:45:46.776682827Z""], [""join_submit"", ""2026-03-07T07:46:57.444859717Z""], [""join_observed"", ""2026-03-07T07:46:57.456579507Z""]]",/opt/fabric/benchmarks/out/suite_20260307_082422/run_008/raw/resources_join_1772869615.csv
2026-03-07T07:47:52.030451Z,join_1772869615,join_wait_reshare,25.35,24.19,118001372,229307402,93032,89153,4791037,9527230,0,0,178,179,93032,89153,4790859,9527051,1,ok:1,0.00,0.40,21.16,6.74,0.47,1.36,1,4,1,post,2026-03-07T07:46:57.456579507Z,,54.574,join_observed,2026-03-07T07:46:57.456579507Z,54.574,,,,join-irs3-1772869615,join,join-irs3-1772869615,113,"[[""reshare_ack"", ""2026-03-05T16:45:02.748706489Z""], [""reshare_keygen_start"", ""2026-03-05T16:45:14.387991276Z""], [""reshare_complete"", ""2026-03-05T16:45:46.776682827Z""], [""join_submit"", ""2026-03-07T07:46:57.444859717Z""], [""join_observed"", ""2026-03-07T07:46:57.456579507Z""]]",/opt/fabric/benchmarks/out/suite_20260307_082422/run_008/raw/resources_join_1772869615.csv
2026-03-07T07:47:53.132872Z,join_1772869615,join_wait_reshare,25.70,24.19,118076871,229370772,75499,63370,4866536,9590600,0,0,178,179,75499,63370,4866358,9590421,1,ok:1,0.70,0.41,20.79,6.74,0.00,1.36,1,4,1,post,2026-03-07T07:46:57.456579507Z,,55.676,join_observed,2026-03-07T07:46:57.456579507Z,55.676,,,,join-irs3-1772869615,join,join-irs3-1772869615,113,"[[""reshare_ack"", ""2026-03-05T16:45:02.748706489Z""], [""reshare_keygen_start"", ""2026-03-05T16:45:14.387991276Z""], [""reshare_complete"", ""2026-03-05T16:45:46.776682827Z""], [""join_submit"", ""2026-03-07T07:46:57.444859717Z""], [""join_observed"", ""2026-03-07T07:46:57.456579507Z""]]",/opt/fabric/benchmarks/out/suite_20260307_082422/run_008/raw/resources_join_1772869615.csv
2026-03-07T07:47:54.233903Z,join_1772869615,join_wait_reshare,28.01,24.17,118155270,229633117,78399,262345,4944935,9852945,0,0,178,179,78399,262345,4944757,9852766,1,ok:1,0.46,0.38,20.60,6.75,1.16,1.36,1,4,1,post,2026-03-07T07:46:57.456579507Z,,56.777,join_observed,2026-03-07T07:46:57.456579507Z,56.777,,,,join-irs3-1772869615,join,join-irs3-1772869615,113,"[[""reshare_ack"", ""2026-03-05T16:45:02.748706489Z""], [""reshare_keygen_start"", ""2026-03-05T16:45:14.387991276Z""], [""reshare_complete"", ""2026-03-05T16:45:46.776682827Z""], [""join_submit"", ""2026-03-07T07:46:57.444859717Z""], [""join_observed"", ""2026-03-07T07:46:57.456579507Z""]]",/opt/fabric/benchmarks/out/suite_20260307_082422/run_008/raw/resources_join_1772869615.csv
