ts,operation,phase,cpu_total_pct,mem_used_pct,rx_bytes,tx_bytes,rx_bytes_interval,tx_bytes_interval,rx_bytes_delta,tx_bytes_delta,control_rx_bytes_interval,control_tx_bytes_interval,control_rx_bytes_delta,control_tx_bytes_delta,rx_bytes_interval_adjusted,tx_bytes_interval_adjusted,rx_bytes_delta_adjusted,tx_bytes_delta_adjusted,control_sampling_ok,control_sampling_note,tss_cpu_pct,tss_mem_pct,peer_cpu_pct,peer_mem_pct,orderer_cpu_pct,orderer_mem_pct,tss_pid_count,peer_pid_count,orderer_pid_count,phase_derived,phase_start_ts,phase_end_ts,phase_elapsed_s,marker_prev,marker_prev_ts,marker_prev_elapsed_s,marker_next,marker_next_ts,marker_next_elapsed_s,proposal_id_derived,workflow_derived,entity_id_derived,epoch_derived,timeline_markers
2026-03-08T15:20:29.212034Z,removal_1772983228,removal_submit,100.00,30.74,2220028886,5095633629,0,0,0,0,0,0,0,0,0,0,0,0,1,ok:3,0.00,1.58,0.00,11.66,0.00,1.59,4,4,1,reshare_keygen_start,2026-03-08T12:05:57.901648182Z,2026-03-08T15:20:31.270674796Z,11671.310,reshare_keygen_start,2026-03-08T12:05:57.901648182Z,11671.310,removal_propose,2026-03-08T15:20:31.270674796Z,2.059,remove-irs3-member1-1772983228,removal,remove-irs3-member1-1772983228,16,"[[""reshare_complete"", ""2026-02-28T13:23:53.762520482Z""], [""reshare_ack"", ""2026-03-08T12:05:49.077673571Z""], [""reshare_keygen_start"", ""2026-03-08T12:05:57.901648182Z""], [""removal_propose"", ""2026-03-08T15:20:31.270674796Z""], [""removal_observed"", ""2026-03-08T15:20:31.282746725Z""], [""removal_vote"", ""2026-03-08T15:20:35.797502985Z""], [""removal_executed"", ""2026-03-08T15:20:51.707761252Z""]]"
2026-03-08T15:20:30.312368Z,removal_1772983228,removal_submit,10.77,30.74,2220055860,5095671932,26974,38303,26974,38303,0,0,0,0,26974,38303,26974,38303,1,ok:3,0.00,1.58,8.90,11.66,0.23,1.59,4,4,1,reshare_keygen_start,2026-03-08T12:05:57.901648182Z,2026-03-08T15:20:31.270674796Z,11672.411,reshare_keygen_start,2026-03-08T12:05:57.901648182Z,11672.411,removal_propose,2026-03-08T15:20:31.270674796Z,0.958,remove-irs3-member1-1772983228,removal,remove-irs3-member1-1772983228,16,"[[""reshare_complete"", ""2026-02-28T13:23:53.762520482Z""], [""reshare_ack"", ""2026-03-08T12:05:49.077673571Z""], [""reshare_keygen_start"", ""2026-03-08T12:05:57.901648182Z""], [""removal_propose"", ""2026-03-08T15:20:31.270674796Z""], [""removal_observed"", ""2026-03-08T15:20:31.282746725Z""], [""removal_vote"", ""2026-03-08T15:20:35.797502985Z""], [""removal_executed"", ""2026-03-08T15:20:51.707761252Z""]]"
2026-03-08T15:20:31.407524Z,removal_1772983228,removal_wait_vote,26.74,30.75,2220093608,5095866089,37748,194157,64722,232460,0,0,0,0,37748,194157,64722,232460,1,ok:1,0.93,1.58,15.81,11.66,0.93,1.59,4,4,1,removal_observed,2026-03-08T15:20:31.282746725Z,2026-03-08T15:20:35.797502985Z,0.125,removal_observed,2026-03-08T15:20:31.282746725Z,0.125,removal_vote,2026-03-08T15:20:35.797502985Z,4.390,remove-irs3-member1-1772983228,removal,remove-irs3-member1-1772983228,16,"[[""reshare_complete"", ""2026-02-28T13:23:53.762520482Z""], [""reshare_ack"", ""2026-03-08T12:05:49.077673571Z""], [""reshare_keygen_start"", ""2026-03-08T12:05:57.901648182Z""], [""removal_propose"", ""2026-03-08T15:20:31.270674796Z""], [""removal_observed"", ""2026-03-08T15:20:31.282746725Z""], [""removal_vote"", ""2026-03-08T15:20:35.797502985Z""], [""removal_executed"", ""2026-03-08T15:20:51.707761252Z""]]"
2026-03-08T15:20:32.510392Z,removal_1772983228,removal_wait_vote,37.09,30.75,2220236592,5095974189,142984,108100,207706,340560,0,0,0,0,142984,108100,207706,340560,1,ok:1,1.17,1.58,27.93,11.66,0.70,1.59,4,4,1,removal_observed,2026-03-08T15:20:31.282746725Z,2026-03-08T15:20:35.797502985Z,1.228,removal_observed,2026-03-08T15:20:31.282746725Z,1.228,removal_vote,2026-03-08T15:20:35.797502985Z,3.287,remove-irs3-member1-1772983228,removal,remove-irs3-member1-1772983228,16,"[[""reshare_complete"", ""2026-02-28T13:23:53.762520482Z""], [""reshare_ack"", ""2026-03-08T12:05:49.077673571Z""], [""reshare_keygen_start"", ""2026-03-08T12:05:57.901648182Z""], [""removal_propose"", ""2026-03-08T15:20:31.270674796Z""], [""removal_observed"", ""2026-03-08T15:20:31.282746725Z""], [""removal_vote"", ""2026-03-08T15:20:35.797502985Z""], [""removal_executed"", ""2026-03-08T15:20:51.707761252Z""]]"
2026-03-08T15:20:33.642387Z,removal_1772983228,removal_wait_vote,27.93,30.76,2220363618,5096075317,127026,101128,334732,441688,0,0,0,0,127026,101128,334732,441688,1,ok:1,0.00,1.58,26.29,11.66,3.05,1.59,4,4,1,removal_observed,2026-03-08T15:20:31.282746725Z,2026-03-08T15:20:35.797502985Z,2.360,removal_observed,2026-03-08T15:20:31.282746725Z,2.360,removal_vote,2026-03-08T15:20:35.797502985Z,2.155,remove-irs3-member1-1772983228,removal,remove-irs3-member1-1772983228,16,"[[""reshare_complete"", ""2026-02-28T13:23:53.762520482Z""], [""reshare_ack"", ""2026-03-08T12:05:49.077673571Z""], [""reshare_keygen_start"", ""2026-03-08T12:05:57.901648182Z""], [""removal_propose"", ""2026-03-08T15:20:31.270674796Z""], [""removal_observed"", ""2026-03-08T15:20:31.282746725Z""], [""removal_vote"", ""2026-03-08T15:20:35.797502985Z""], [""removal_executed"", ""2026-03-08T15:20:51.707761252Z""]]"
2026-03-08T15:20:34.750859Z,removal_1772983228,removal_wait_vote,68.74,30.77,2220592420,5098410940,228802,2335623,563534,2777311,0,0,0,0,228802,2335623,563534,2777311,1,ok:1,2.07,1.58,41.15,11.66,3.68,1.59,4,4,1,removal_observed,2026-03-08T15:20:31.282746725Z,2026-03-08T15:20:35.797502985Z,3.468,removal_observed,2026-03-08T15:20:31.282746725Z,3.468,removal_vote,2026-03-08T15:20:35.797502985Z,1.047,remove-irs3-member1-1772983228,removal,remove-irs3-member1-1772983228,16,"[[""reshare_complete"", ""2026-02-28T13:23:53.762520482Z""], [""reshare_ack"", ""2026-03-08T12:05:49.077673571Z""], [""reshare_keygen_start"", ""2026-03-08T12:05:57.901648182Z""], [""removal_propose"", ""2026-03-08T15:20:31.270674796Z""], [""removal_observed"", ""2026-03-08T15:20:31.282746725Z""], [""removal_vote"", ""2026-03-08T15:20:35.797502985Z""], [""removal_executed"", ""2026-03-08T15:20:51.707761252Z""]]"
2026-03-08T15:20:35.860822Z,removal_1772983228,removal_wait_vote,49.77,30.77,2220783461,5099849280,191041,1438340,754575,4215651,0,0,0,0,191041,1438340,754575,4215651,1,ok:1,1.61,1.58,31.80,11.66,3.69,1.59,4,4,1,removal_vote,2026-03-08T15:20:35.797502985Z,2026-03-08T15:20:51.707761252Z,0.063,removal_vote,2026-03-08T15:20:35.797502985Z,0.063,removal_executed,2026-03-08T15:20:51.707761252Z,15.847,remove-irs3-member1-1772983228,removal,remove-irs3-member1-1772983228,16,"[[""reshare_complete"", ""2026-02-28T13:23:53.762520482Z""], [""reshare_ack"", ""2026-03-08T12:05:49.077673571Z""], [""reshare_keygen_start"", ""2026-03-08T12:05:57.901648182Z""], [""removal_propose"", ""2026-03-08T15:20:31.270674796Z""], [""removal_observed"", ""2026-03-08T15:20:31.282746725Z""], [""removal_vote"", ""2026-03-08T15:20:35.797502985Z""], [""removal_executed"", ""2026-03-08T15:20:51.707761252Z""]]"
2026-03-08T15:20:36.972978Z,removal_1772983228,removal_wait_vote,43.91,30.77,2220938036,5099945026,154575,95746,909150,4311397,0,0,0,0,154575,95746,909150,4311397,1,ok:1,1.84,1.59,27.13,11.66,3.91,1.59,4,4,1,removal_vote,2026-03-08T15:20:35.797502985Z,2026-03-08T15:20:51.707761252Z,1.175,removal_vote,2026-03-08T15:20:35.797502985Z,1.175,removal_executed,2026-03-08T15:20:51.707761252Z,14.735,remove-irs3-member1-1772983228,removal,remove-irs3-member1-1772983228,16,"[[""reshare_complete"", ""2026-02-28T13:23:53.762520482Z""], [""reshare_ack"", ""2026-03-08T12:05:49.077673571Z""], [""reshare_keygen_start"", ""2026-03-08T12:05:57.901648182Z""], [""removal_propose"", ""2026-03-08T15:20:31.270674796Z""], [""removal_observed"", ""2026-03-08T15:20:31.282746725Z""], [""removal_vote"", ""2026-03-08T15:20:35.797502985Z""], [""removal_executed"", ""2026-03-08T15:20:51.707761252Z""]]"
2026-03-08T15:20:38.070165Z,removal_1772983228,removal_wait_vote,60.88,30.77,2221143591,5101454742,205555,1509716,1114705,5821113,0,0,0,0,205555,1509716,1114705,5821113,1,ok:1,1.39,1.59,36.57,11.66,2.55,1.59,4,4,1,removal_vote,2026-03-08T15:20:35.797502985Z,2026-03-08T15:20:51.707761252Z,2.273,removal_vote,2026-03-08T15:20:35.797502985Z,2.273,removal_executed,2026-03-08T15:20:51.707761252Z,13.638,remove-irs3-member1-1772983228,removal,remove-irs3-member1-1772983228,16,"[[""reshare_complete"", ""2026-02-28T13:23:53.762520482Z""], [""reshare_ack"", ""2026-03-08T12:05:49.077673571Z""], [""reshare_keygen_start"", ""2026-03-08T12:05:57.901648182Z""], [""removal_propose"", ""2026-03-08T15:20:31.270674796Z""], [""removal_observed"", ""2026-03-08T15:20:31.282746725Z""], [""removal_vote"", ""2026-03-08T15:20:35.797502985Z""], [""removal_executed"", ""2026-03-08T15:20:51.707761252Z""]]"
2026-03-08T15:20:39.183905Z,removal_1772983228,removal_wait_vote,33.95,30.79,2221283186,5102792183,139595,1337441,1254300,7158554,0,0,0,0,139595,1337441,1254300,7158554,1,ok:1,0.00,1.59,27.02,11.66,3.70,1.62,4,4,1,removal_vote,2026-03-08T15:20:35.797502985Z,2026-03-08T15:20:51.707761252Z,3.386,removal_vote,2026-03-08T15:20:35.797502985Z,3.386,removal_executed,2026-03-08T15:20:51.707761252Z,12.524,remove-irs3-member1-1772983228,removal,remove-irs3-member1-1772983228,16,"[[""reshare_complete"", ""2026-02-28T13:23:53.762520482Z""], [""reshare_ack"", ""2026-03-08T12:05:49.077673571Z""], [""reshare_keygen_start"", ""2026-03-08T12:05:57.901648182Z""], [""removal_propose"", ""2026-03-08T15:20:31.270674796Z""], [""removal_observed"", ""2026-03-08T15:20:31.282746725Z""], [""removal_vote"", ""2026-03-08T15:20:35.797502985Z""], [""removal_executed"", ""2026-03-08T15:20:51.707761252Z""]]"
2026-03-08T15:20:40.282389Z,removal_1772983228,removal_wait_vote,59.07,30.78,2221495819,5104347405,212633,1555222,1466933,8713776,0,0,0,0,212633,1555222,1466933,8713776,1,ok:1,2.79,1.60,37.21,11.66,3.72,1.62,4,4,1,removal_vote,2026-03-08T15:20:35.797502985Z,2026-03-08T15:20:51.707761252Z,4.485,removal_vote,2026-03-08T15:20:35.797502985Z,4.485,removal_executed,2026-03-08T15:20:51.707761252Z,11.425,remove-irs3-member1-1772983228,removal,remove-irs3-member1-1772983228,16,"[[""reshare_complete"", ""2026-02-28T13:23:53.762520482Z""], [""reshare_ack"", ""2026-03-08T12:05:49.077673571Z""], [""reshare_keygen_start"", ""2026-03-08T12:05:57.901648182Z""], [""removal_propose"", ""2026-03-08T15:20:31.270674796Z""], [""removal_observed"", ""2026-03-08T15:20:31.282746725Z""], [""removal_vote"", ""2026-03-08T15:20:35.797502985Z""], [""removal_executed"", ""2026-03-08T15:20:51.707761252Z""]]"
2026-03-08T15:20:41.407554Z,removal_1772983228,removal_wait_vote,35.60,30.77,2221679311,5105464260,183492,1116855,1650425,9830631,0,0,0,0,183492,1116855,1650425,9830631,1,ok:1,0.00,1.60,27.63,11.66,4.68,1.62,4,4,1,removal_vote,2026-03-08T15:20:35.797502985Z,2026-03-08T15:20:51.707761252Z,5.610,removal_vote,2026-03-08T15:20:35.797502985Z,5.610,removal_executed,2026-03-08T15:20:51.707761252Z,10.300,remove-irs3-member1-1772983228,removal,remove-irs3-member1-1772983228,16,"[[""reshare_complete"", ""2026-02-28T13:23:53.762520482Z""], [""reshare_ack"", ""2026-03-08T12:05:49.077673571Z""], [""reshare_keygen_start"", ""2026-03-08T12:05:57.901648182Z""], [""removal_propose"", ""2026-03-08T15:20:31.270674796Z""], [""removal_observed"", ""2026-03-08T15:20:31.282746725Z""], [""removal_vote"", ""2026-03-08T15:20:35.797502985Z""], [""removal_executed"", ""2026-03-08T15:20:51.707761252Z""]]"
2026-03-08T15:20:42.508865Z,removal_1772983228,removal_wait_vote,34.92,30.77,2221771254,5106000210,91943,535950,1742368,10366581,0,0,0,0,91943,535950,1742368,10366581,1,ok:1,0.68,1.61,23.81,11.66,0.00,1.62,4,4,1,removal_vote,2026-03-08T15:20:35.797502985Z,2026-03-08T15:20:51.707761252Z,6.711,removal_vote,2026-03-08T15:20:35.797502985Z,6.711,removal_executed,2026-03-08T15:20:51.707761252Z,9.199,remove-irs3-member1-1772983228,removal,remove-irs3-member1-1772983228,16,"[[""reshare_complete"", ""2026-02-28T13:23:53.762520482Z""], [""reshare_ack"", ""2026-03-08T12:05:49.077673571Z""], [""reshare_keygen_start"", ""2026-03-08T12:05:57.901648182Z""], [""removal_propose"", ""2026-03-08T15:20:31.270674796Z""], [""removal_observed"", ""2026-03-08T15:20:31.282746725Z""], [""removal_vote"", ""2026-03-08T15:20:35.797502985Z""], [""removal_executed"", ""2026-03-08T15:20:51.707761252Z""]]"
2026-03-08T15:20:43.608526Z,removal_1772983228,removal_wait_vote,32.94,30.77,2221922030,5106098441,150776,98231,1893144,10464812,0,0,0,0,150776,98231,1893144,10464812,1,ok:1,0.95,1.61,26.30,11.66,1.18,1.62,4,4,1,removal_vote,2026-03-08T15:20:35.797502985Z,2026-03-08T15:20:51.707761252Z,7.811,removal_vote,2026-03-08T15:20:35.797502985Z,7.811,removal_executed,2026-03-08T15:20:51.707761252Z,8.099,remove-irs3-member1-1772983228,removal,remove-irs3-member1-1772983228,16,"[[""reshare_complete"", ""2026-02-28T13:23:53.762520482Z""], [""reshare_ack"", ""2026-03-08T12:05:49.077673571Z""], [""reshare_keygen_start"", ""2026-03-08T12:05:57.901648182Z""], [""removal_propose"", ""2026-03-08T15:20:31.270674796Z""], [""removal_observed"", ""2026-03-08T15:20:31.282746725Z""], [""removal_vote"", ""2026-03-08T15:20:35.797502985Z""], [""removal_executed"", ""2026-03-08T15:20:51.707761252Z""]]"
2026-03-08T15:20:44.739939Z,removal_1772983228,removal_wait_vote,50.12,30.76,2222110847,5107278647,188817,1180206,2081961,11645018,0,0,0,0,188817,1180206,2081961,11645018,1,ok:1,1.17,1.61,34.43,11.66,2.58,1.62,4,4,1,removal_vote,2026-03-08T15:20:35.797502985Z,2026-03-08T15:20:51.707761252Z,8.942,removal_vote,2026-03-08T15:20:35.797502985Z,8.942,removal_executed,2026-03-08T15:20:51.707761252Z,6.968,remove-irs3-member1-1772983228,removal,remove-irs3-member1-1772983228,16,"[[""reshare_complete"", ""2026-02-28T13:23:53.762520482Z""], [""reshare_ack"", ""2026-03-08T12:05:49.077673571Z""], [""reshare_keygen_start"", ""2026-03-08T12:05:57.901648182Z""], [""removal_propose"", ""2026-03-08T15:20:31.270674796Z""], [""removal_observed"", ""2026-03-08T15:20:31.282746725Z""], [""removal_vote"", ""2026-03-08T15:20:35.797502985Z""], [""removal_executed"", ""2026-03-08T15:20:51.707761252Z""]]"
2026-03-08T15:20:45.852300Z,removal_1772983228,removal_wait_vote,35.71,30.77,2222247422,5107386888,136575,108241,2218536,11753259,0,0,0,0,136575,108241,2218536,11753259,1,ok:1,0.92,1.61,22.58,11.66,0.69,1.62,4,4,1,removal_vote,2026-03-08T15:20:35.797502985Z,2026-03-08T15:20:51.707761252Z,10.055,removal_vote,2026-03-08T15:20:35.797502985Z,10.055,removal_executed,2026-03-08T15:20:51.707761252Z,5.855,remove-irs3-member1-1772983228,removal,remove-irs3-member1-1772983228,16,"[[""reshare_complete"", ""2026-02-28T13:23:53.762520482Z""], [""reshare_ack"", ""2026-03-08T12:05:49.077673571Z""], [""reshare_keygen_start"", ""2026-03-08T12:05:57.901648182Z""], [""removal_propose"", ""2026-03-08T15:20:31.270674796Z""], [""removal_observed"", ""2026-03-08T15:20:31.282746725Z""], [""removal_vote"", ""2026-03-08T15:20:35.797502985Z""], [""removal_executed"", ""2026-03-08T15:20:51.707761252Z""]]"
2026-03-08T15:20:46.955347Z,removal_1772983228,removal_wait_vote,31.53,30.77,2222366731,5107499647,119309,112759,2337845,11866018,0,0,0,0,119309,112759,2337845,11866018,1,ok:1,0.24,1.61,24.00,11.66,0.94,1.62,4,4,1,removal_vote,2026-03-08T15:20:35.797502985Z,2026-03-08T15:20:51.707761252Z,11.158,removal_vote,2026-03-08T15:20:35.797502985Z,11.158,removal_executed,2026-03-08T15:20:51.707761252Z,4.752,remove-irs3-member1-1772983228,removal,remove-irs3-member1-1772983228,16,"[[""reshare_complete"", ""2026-02-28T13:23:53.762520482Z""], [""reshare_ack"", ""2026-03-08T12:05:49.077673571Z""], [""reshare_keygen_start"", ""2026-03-08T12:05:57.901648182Z""], [""removal_propose"", ""2026-03-08T15:20:31.270674796Z""], [""removal_observed"", ""2026-03-08T15:20:31.282746725Z""], [""removal_vote"", ""2026-03-08T15:20:35.797502985Z""], [""removal_executed"", ""2026-03-08T15:20:51.707761252Z""]]"
2026-03-08T15:20:48.058056Z,removal_1772983228,removal_wait_vote,39.86,30.77,2222468659,5108513198,101928,1013551,2439773,12879569,0,0,0,0,101928,1013551,2439773,12879569,1,ok:1,1.42,1.61,28.77,11.66,2.36,1.62,4,4,1,removal_vote,2026-03-08T15:20:35.797502985Z,2026-03-08T15:20:51.707761252Z,12.261,removal_vote,2026-03-08T15:20:35.797502985Z,12.261,removal_executed,2026-03-08T15:20:51.707761252Z,3.650,remove-irs3-member1-1772983228,removal,remove-irs3-member1-1772983228,16,"[[""reshare_complete"", ""2026-02-28T13:23:53.762520482Z""], [""reshare_ack"", ""2026-03-08T12:05:49.077673571Z""], [""reshare_keygen_start"", ""2026-03-08T12:05:57.901648182Z""], [""removal_propose"", ""2026-03-08T15:20:31.270674796Z""], [""removal_observed"", ""2026-03-08T15:20:31.282746725Z""], [""removal_vote"", ""2026-03-08T15:20:35.797502985Z""], [""removal_executed"", ""2026-03-08T15:20:51.707761252Z""]]"
2026-03-08T15:20:49.159292Z,removal_1772983228,removal_wait_vote,47.45,30.78,2222707684,5108698263,239025,185065,2678798,13064634,0,0,0,0,239025,185065,2678798,13064634,1,ok:1,0.69,1.61,27.55,11.66,1.39,1.62,4,4,1,removal_vote,2026-03-08T15:20:35.797502985Z,2026-03-08T15:20:51.707761252Z,13.362,removal_vote,2026-03-08T15:20:35.797502985Z,13.362,removal_executed,2026-03-08T15:20:51.707761252Z,2.548,remove-irs3-member1-1772983228,removal,remove-irs3-member1-1772983228,16,"[[""reshare_complete"", ""2026-02-28T13:23:53.762520482Z""], [""reshare_ack"", ""2026-03-08T12:05:49.077673571Z""], [""reshare_keygen_start"", ""2026-03-08T12:05:57.901648182Z""], [""removal_propose"", ""2026-03-08T15:20:31.270674796Z""], [""removal_observed"", ""2026-03-08T15:20:31.282746725Z""], [""removal_vote"", ""2026-03-08T15:20:35.797502985Z""], [""removal_executed"", ""2026-03-08T15:20:51.707761252Z""]]"
2026-03-08T15:20:50.253234Z,removal_1772983228,removal_wait_vote,18.97,30.78,2222774076,5108762023,66392,63760,2745190,13128394,0,0,0,0,66392,63760,2745190,13128394,1,ok:1,0.00,1.61,17.10,11.66,0.00,1.62,4,4,1,removal_vote,2026-03-08T15:20:35.797502985Z,2026-03-08T15:20:51.707761252Z,14.456,removal_vote,2026-03-08T15:20:35.797502985Z,14.456,removal_executed,2026-03-08T15:20:51.707761252Z,1.455,remove-irs3-member1-1772983228,removal,remove-irs3-member1-1772983228,16,"[[""reshare_complete"", ""2026-02-28T13:23:53.762520482Z""], [""reshare_ack"", ""2026-03-08T12:05:49.077673571Z""], [""reshare_keygen_start"", ""2026-03-08T12:05:57.901648182Z""], [""removal_propose"", ""2026-03-08T15:20:31.270674796Z""], [""removal_observed"", ""2026-03-08T15:20:31.282746725Z""], [""removal_vote"", ""2026-03-08T15:20:35.797502985Z""], [""removal_executed"", ""2026-03-08T15:20:51.707761252Z""]]"
2026-03-08T15:20:51.361025Z,removal_1772983228,removal_wait_vote,43.06,30.78,2222914989,5110878040,140913,2116017,2886103,15244411,0,0,0,0,140913,2116017,2886103,15244411,1,ok:1,1.16,1.63,31.71,11.66,4.40,1.62,4,4,1,removal_vote,2026-03-08T15:20:35.797502985Z,2026-03-08T15:20:51.707761252Z,15.564,removal_vote,2026-03-08T15:20:35.797502985Z,15.564,removal_executed,2026-03-08T15:20:51.707761252Z,0.347,remove-irs3-member1-1772983228,removal,remove-irs3-member1-1772983228,16,"[[""reshare_complete"", ""2026-02-28T13:23:53.762520482Z""], [""reshare_ack"", ""2026-03-08T12:05:49.077673571Z""], [""reshare_keygen_start"", ""2026-03-08T12:05:57.901648182Z""], [""removal_propose"", ""2026-03-08T15:20:31.270674796Z""], [""removal_observed"", ""2026-03-08T15:20:31.282746725Z""], [""removal_vote"", ""2026-03-08T15:20:35.797502985Z""], [""removal_executed"", ""2026-03-08T15:20:51.707761252Z""]]"
2026-03-08T15:20:52.453975Z,removal_1772983228,removal_wait_reshare,34.89,30.78,2223098001,5111006406,183012,128366,3069115,15372777,0,0,0,0,183012,128366,3069115,15372777,1,ok:1,0.47,1.63,24.36,11.66,1.17,1.62,4,4,1,post,2026-03-08T15:20:51.707761252Z,,0.746,removal_executed,2026-03-08T15:20:51.707761252Z,0.746,,,,remove-irs3-member1-1772983228,removal,remove-irs3-member1-1772983228,16,"[[""reshare_complete"", ""2026-02-28T13:23:53.762520482Z""], [""reshare_ack"", ""2026-03-08T12:05:49.077673571Z""], [""reshare_keygen_start"", ""2026-03-08T12:05:57.901648182Z""], [""removal_propose"", ""2026-03-08T15:20:31.270674796Z""], [""removal_observed"", ""2026-03-08T15:20:31.282746725Z""], [""removal_vote"", ""2026-03-08T15:20:35.797502985Z""], [""removal_executed"", ""2026-03-08T15:20:51.707761252Z""]]"
2026-03-08T15:20:53.561624Z,removal_1772983228,removal_wait_reshare,40.71,30.78,2223305508,5112949164,207507,1942758,3276622,17315535,0,0,0,0,207507,1942758,3276622,17315535,1,ok:1,0.00,1.63,32.38,11.66,4.05,1.62,4,4,1,post,2026-03-08T15:20:51.707761252Z,,1.854,removal_executed,2026-03-08T15:20:51.707761252Z,1.854,,,,remove-irs3-member1-1772983228,removal,remove-irs3-member1-1772983228,16,"[[""reshare_complete"", ""2026-02-28T13:23:53.762520482Z""], [""reshare_ack"", ""2026-03-08T12:05:49.077673571Z""], [""reshare_keygen_start"", ""2026-03-08T12:05:57.901648182Z""], [""removal_propose"", ""2026-03-08T15:20:31.270674796Z""], [""removal_observed"", ""2026-03-08T15:20:31.282746725Z""], [""removal_vote"", ""2026-03-08T15:20:35.797502985Z""], [""removal_executed"", ""2026-03-08T15:20:51.707761252Z""]]"
2026-03-08T15:20:54.704811Z,removal_1772983228,removal_wait_reshare,22.50,30.79,2223418339,5113366193,112831,417029,3389453,17732564,0,0,0,0,112831,417029,3389453,17732564,1,ok:1,0.23,1.63,17.05,11.66,4.09,1.62,4,4,1,post,2026-03-08T15:20:51.707761252Z,,2.997,removal_executed,2026-03-08T15:20:51.707761252Z,2.997,,,,remove-irs3-member1-1772983228,removal,remove-irs3-member1-1772983228,16,"[[""reshare_complete"", ""2026-02-28T13:23:53.762520482Z""], [""reshare_ack"", ""2026-03-08T12:05:49.077673571Z""], [""reshare_keygen_start"", ""2026-03-08T12:05:57.901648182Z""], [""removal_propose"", ""2026-03-08T15:20:31.270674796Z""], [""removal_observed"", ""2026-03-08T15:20:31.282746725Z""], [""removal_vote"", ""2026-03-08T15:20:35.797502985Z""], [""removal_executed"", ""2026-03-08T15:20:51.707761252Z""]]"
2026-03-08T15:20:55.811706Z,removal_1772983228,removal_wait_reshare,51.35,30.79,2223612488,5115205521,194149,1839328,3583602,19571892,0,0,0,0,194149,1839328,3583602,19571892,1,ok:1,0.90,1.63,31.76,11.66,1.13,1.62,4,4,1,post,2026-03-08T15:20:51.707761252Z,,4.104,removal_executed,2026-03-08T15:20:51.707761252Z,4.104,,,,remove-irs3-member1-1772983228,removal,remove-irs3-member1-1772983228,16,"[[""reshare_complete"", ""2026-02-28T13:23:53.762520482Z""], [""reshare_ack"", ""2026-03-08T12:05:49.077673571Z""], [""reshare_keygen_start"", ""2026-03-08T12:05:57.901648182Z""], [""removal_propose"", ""2026-03-08T15:20:31.270674796Z""], [""removal_observed"", ""2026-03-08T15:20:31.282746725Z""], [""removal_vote"", ""2026-03-08T15:20:35.797502985Z""], [""removal_executed"", ""2026-03-08T15:20:51.707761252Z""]]"
2026-03-08T15:20:56.912262Z,removal_1772983228,removal_wait_reshare,48.01,30.80,2223920956,5117468576,308468,2263055,3892070,21834947,0,0,0,0,308468,2263055,3892070,21834947,1,ok:1,0.94,1.64,36.30,11.66,5.15,1.62,4,4,1,post,2026-03-08T15:20:51.707761252Z,,5.205,removal_executed,2026-03-08T15:20:51.707761252Z,5.205,,,,remove-irs3-member1-1772983228,removal,remove-irs3-member1-1772983228,16,"[[""reshare_complete"", ""2026-02-28T13:23:53.762520482Z""], [""reshare_ack"", ""2026-03-08T12:05:49.077673571Z""], [""reshare_keygen_start"", ""2026-03-08T12:05:57.901648182Z""], [""removal_propose"", ""2026-03-08T15:20:31.270674796Z""], [""removal_observed"", ""2026-03-08T15:20:31.282746725Z""], [""removal_vote"", ""2026-03-08T15:20:35.797502985Z""], [""removal_executed"", ""2026-03-08T15:20:51.707761252Z""]]"
2026-03-08T15:20:58.019316Z,removal_1772983228,removal_wait_reshare,53.74,30.80,2224219038,5119728629,298082,2260053,4190152,24095000,0,0,0,0,298082,2260053,4190152,24095000,1,ok:1,0.93,1.64,35.75,11.66,7.24,1.65,4,4,1,post,2026-03-08T15:20:51.707761252Z,,6.312,removal_executed,2026-03-08T15:20:51.707761252Z,6.312,,,,remove-irs3-member1-1772983228,removal,remove-irs3-member1-1772983228,16,"[[""reshare_complete"", ""2026-02-28T13:23:53.762520482Z""], [""reshare_ack"", ""2026-03-08T12:05:49.077673571Z""], [""reshare_keygen_start"", ""2026-03-08T12:05:57.901648182Z""], [""removal_propose"", ""2026-03-08T15:20:31.270674796Z""], [""removal_observed"", ""2026-03-08T15:20:31.282746725Z""], [""removal_vote"", ""2026-03-08T15:20:35.797502985Z""], [""removal_executed"", ""2026-03-08T15:20:51.707761252Z""]]"
2026-03-08T15:20:59.120045Z,removal_1772983228,removal_wait_reshare,44.87,30.81,2224449249,5121975088,230211,2246459,4420363,26341459,0,0,0,0,230211,2246459,4420363,26341459,1,ok:1,1.14,1.64,29.38,11.66,4.33,1.65,4,4,1,post,2026-03-08T15:20:51.707761252Z,,7.412,removal_executed,2026-03-08T15:20:51.707761252Z,7.412,,,,remove-irs3-member1-1772983228,removal,remove-irs3-member1-1772983228,16,"[[""reshare_complete"", ""2026-02-28T13:23:53.762520482Z""], [""reshare_ack"", ""2026-03-08T12:05:49.077673571Z""], [""reshare_keygen_start"", ""2026-03-08T12:05:57.901648182Z""], [""removal_propose"", ""2026-03-08T15:20:31.270674796Z""], [""removal_observed"", ""2026-03-08T15:20:31.282746725Z""], [""removal_vote"", ""2026-03-08T15:20:35.797502985Z""], [""removal_executed"", ""2026-03-08T15:20:51.707761252Z""]]"
2026-03-08T15:21:00.223210Z,removal_1772983228,removal_wait_reshare,43.98,30.82,2224682704,5124282118,233455,2307030,4653818,28648489,178,179,178,179,233277,2306851,4653640,28648310,1,ok:3,0.23,1.64,32.64,11.67,5.32,1.65,4,4,1,post,2026-03-08T15:20:51.707761252Z,,8.515,removal_executed,2026-03-08T15:20:51.707761252Z,8.515,,,,remove-irs3-member1-1772983228,removal,remove-irs3-member1-1772983228,16,"[[""reshare_complete"", ""2026-02-28T13:23:53.762520482Z""], [""reshare_ack"", ""2026-03-08T12:05:49.077673571Z""], [""reshare_keygen_start"", ""2026-03-08T12:05:57.901648182Z""], [""removal_propose"", ""2026-03-08T15:20:31.270674796Z""], [""removal_observed"", ""2026-03-08T15:20:31.282746725Z""], [""removal_vote"", ""2026-03-08T15:20:35.797502985Z""], [""removal_executed"", ""2026-03-08T15:20:51.707761252Z""]]"
2026-03-08T15:21:01.348093Z,removal_1772983228,removal_wait_reshare,23.94,30.83,2224845877,5124369838,163173,87720,4816991,28736209,0,0,178,179,163173,87720,4816813,28736030,1,ok:1,0.23,1.64,20.19,11.68,0.70,1.65,4,4,1,post,2026-03-08T15:20:51.707761252Z,,9.640,removal_executed,2026-03-08T15:20:51.707761252Z,9.640,,,,remove-irs3-member1-1772983228,removal,remove-irs3-member1-1772983228,16,"[[""reshare_complete"", ""2026-02-28T13:23:53.762520482Z""], [""reshare_ack"", ""2026-03-08T12:05:49.077673571Z""], [""reshare_keygen_start"", ""2026-03-08T12:05:57.901648182Z""], [""removal_propose"", ""2026-03-08T15:20:31.270674796Z""], [""removal_observed"", ""2026-03-08T15:20:31.282746725Z""], [""removal_vote"", ""2026-03-08T15:20:35.797502985Z""], [""removal_executed"", ""2026-03-08T15:20:51.707761252Z""]]"
2026-03-08T15:21:02.451375Z,removal_1772983228,removal_wait_reshare,41.84,30.85,2225006376,5126662994,160499,2293156,4977490,31029365,0,0,178,179,160499,2293156,4977312,31029186,1,ok:1,0.46,1.64,30.57,11.68,4.14,1.65,4,4,1,post,2026-03-08T15:20:51.707761252Z,,10.744,removal_executed,2026-03-08T15:20:51.707761252Z,10.744,,,,remove-irs3-member1-1772983228,removal,remove-irs3-member1-1772983228,16,"[[""reshare_complete"", ""2026-02-28T13:23:53.762520482Z""], [""reshare_ack"", ""2026-03-08T12:05:49.077673571Z""], [""reshare_keygen_start"", ""2026-03-08T12:05:57.901648182Z""], [""removal_propose"", ""2026-03-08T15:20:31.270674796Z""], [""removal_observed"", ""2026-03-08T15:20:31.282746725Z""], [""removal_vote"", ""2026-03-08T15:20:35.797502985Z""], [""removal_executed"", ""2026-03-08T15:20:51.707761252Z""]]"
2026-03-08T15:21:03.559124Z,removal_1772983228,removal_wait_reshare,24.77,30.85,2225107616,5126769721,101240,106727,5078730,31136092,0,0,178,179,101240,106727,5078552,31135913,1,ok:1,0.00,1.64,22.02,11.68,0.46,1.65,4,4,1,post,2026-03-08T15:20:51.707761252Z,,11.851,removal_executed,2026-03-08T15:20:51.707761252Z,11.851,,,,remove-irs3-member1-1772983228,removal,remove-irs3-member1-1772983228,16,"[[""reshare_complete"", ""2026-02-28T13:23:53.762520482Z""], [""reshare_ack"", ""2026-03-08T12:05:49.077673571Z""], [""reshare_keygen_start"", ""2026-03-08T12:05:57.901648182Z""], [""removal_propose"", ""2026-03-08T15:20:31.270674796Z""], [""removal_observed"", ""2026-03-08T15:20:31.282746725Z""], [""removal_vote"", ""2026-03-08T15:20:35.797502985Z""], [""removal_executed"", ""2026-03-08T15:20:51.707761252Z""]]"
2026-03-08T15:21:04.662141Z,removal_1772983228,removal_wait_reshare,31.69,30.86,2225305232,5127333242,197616,563521,5276346,31699613,0,0,178,179,197616,563521,5276168,31699434,1,ok:1,0.47,1.64,25.35,11.68,2.35,1.65,4,4,1,post,2026-03-08T15:20:51.707761252Z,,12.954,removal_executed,2026-03-08T15:20:51.707761252Z,12.954,,,,remove-irs3-member1-1772983228,removal,remove-irs3-member1-1772983228,16,"[[""reshare_complete"", ""2026-02-28T13:23:53.762520482Z""], [""reshare_ack"", ""2026-03-08T12:05:49.077673571Z""], [""reshare_keygen_start"", ""2026-03-08T12:05:57.901648182Z""], [""removal_propose"", ""2026-03-08T15:20:31.270674796Z""], [""removal_observed"", ""2026-03-08T15:20:31.282746725Z""], [""removal_vote"", ""2026-03-08T15:20:35.797502985Z""], [""removal_executed"", ""2026-03-08T15:20:51.707761252Z""]]"
2026-03-08T15:21:05.757914Z,removal_1772983228,removal_wait_reshare,25.48,30.86,2225449001,5127421868,143769,88626,5420115,31788239,0,0,178,179,143769,88626,5419937,31788060,1,ok:1,0.48,1.64,17.86,11.68,1.19,1.65,4,4,1,post,2026-03-08T15:20:51.707761252Z,,14.050,removal_executed,2026-03-08T15:20:51.707761252Z,14.050,,,,remove-irs3-member1-1772983228,removal,remove-irs3-member1-1772983228,16,"[[""reshare_complete"", ""2026-02-28T13:23:53.762520482Z""], [""reshare_ack"", ""2026-03-08T12:05:49.077673571Z""], [""reshare_keygen_start"", ""2026-03-08T12:05:57.901648182Z""], [""removal_propose"", ""2026-03-08T15:20:31.270674796Z""], [""removal_observed"", ""2026-03-08T15:20:31.282746725Z""], [""removal_vote"", ""2026-03-08T15:20:35.797502985Z""], [""removal_executed"", ""2026-03-08T15:20:51.707761252Z""]]"
2026-03-08T15:21:06.869122Z,removal_1772983228,removal_wait_reshare,44.44,30.99,2225586991,5129774262,137990,2352394,5558105,34140633,0,0,178,179,137990,2352394,5557927,34140454,1,ok:1,0.93,1.63,35.88,11.79,4.63,1.67,4,4,1,post,2026-03-08T15:20:51.707761252Z,,15.161,removal_executed,2026-03-08T15:20:51.707761252Z,15.161,,,,remove-irs3-member1-1772983228,removal,remove-irs3-member1-1772983228,16,"[[""reshare_complete"", ""2026-02-28T13:23:53.762520482Z""], [""reshare_ack"", ""2026-03-08T12:05:49.077673571Z""], [""reshare_keygen_start"", ""2026-03-08T12:05:57.901648182Z""], [""removal_propose"", ""2026-03-08T15:20:31.270674796Z""], [""removal_observed"", ""2026-03-08T15:20:31.282746725Z""], [""removal_vote"", ""2026-03-08T15:20:35.797502985Z""], [""removal_executed"", ""2026-03-08T15:20:51.707761252Z""]]"
2026-03-08T15:21:07.966792Z,removal_1772983228,removal_wait_reshare,25.99,30.99,2225686931,5129870973,99940,96711,5658045,34237344,0,0,178,179,99940,96711,5657867,34237165,1,ok:1,0.00,1.63,19.49,11.79,0.00,1.67,4,4,1,post,2026-03-08T15:20:51.707761252Z,,16.259,removal_executed,2026-03-08T15:20:51.707761252Z,16.259,,,,remove-irs3-member1-1772983228,removal,remove-irs3-member1-1772983228,16,"[[""reshare_complete"", ""2026-02-28T13:23:53.762520482Z""], [""reshare_ack"", ""2026-03-08T12:05:49.077673571Z""], [""reshare_keygen_start"", ""2026-03-08T12:05:57.901648182Z""], [""removal_propose"", ""2026-03-08T15:20:31.270674796Z""], [""removal_observed"", ""2026-03-08T15:20:31.282746725Z""], [""removal_vote"", ""2026-03-08T15:20:35.797502985Z""], [""removal_executed"", ""2026-03-08T15:20:51.707761252Z""]]"
2026-03-08T15:21:09.067469Z,removal_1772983228,removal_wait_reshare,21.99,31.00,2225772123,5129950594,85192,79621,5743237,34316965,0,0,178,179,85192,79621,5743059,34316786,1,ok:1,0.00,1.63,19.15,11.79,0.00,1.67,4,4,1,post,2026-03-08T15:20:51.707761252Z,,17.360,removal_executed,2026-03-08T15:20:51.707761252Z,17.360,,,,remove-irs3-member1-1772983228,removal,remove-irs3-member1-1772983228,16,"[[""reshare_complete"", ""2026-02-28T13:23:53.762520482Z""], [""reshare_ack"", ""2026-03-08T12:05:49.077673571Z""], [""reshare_keygen_start"", ""2026-03-08T12:05:57.901648182Z""], [""removal_propose"", ""2026-03-08T15:20:31.270674796Z""], [""removal_observed"", ""2026-03-08T15:20:31.282746725Z""], [""removal_vote"", ""2026-03-08T15:20:35.797502985Z""], [""removal_executed"", ""2026-03-08T15:20:51.707761252Z""]]"
2026-03-08T15:21:10.171427Z,removal_1772983228,removal_wait_reshare,25.06,31.00,2225873205,5130264143,101082,313549,5844319,34630514,0,0,178,179,101082,313549,5844141,34630335,1,ok:1,0.24,1.63,21.04,11.79,1.65,1.67,4,4,1,post,2026-03-08T15:20:51.707761252Z,,18.464,removal_executed,2026-03-08T15:20:51.707761252Z,18.464,,,,remove-irs3-member1-1772983228,removal,remove-irs3-member1-1772983228,16,"[[""reshare_complete"", ""2026-02-28T13:23:53.762520482Z""], [""reshare_ack"", ""2026-03-08T12:05:49.077673571Z""], [""reshare_keygen_start"", ""2026-03-08T12:05:57.901648182Z""], [""removal_propose"", ""2026-03-08T15:20:31.270674796Z""], [""removal_observed"", ""2026-03-08T15:20:31.282746725Z""], [""removal_vote"", ""2026-03-08T15:20:35.797502985Z""], [""removal_executed"", ""2026-03-08T15:20:51.707761252Z""]]"
2026-03-08T15:21:11.275185Z,removal_1772983228,removal_wait_reshare,24.83,31.01,2226060281,5130369563,187076,105420,6031395,34735934,0,0,178,179,187076,105420,6031217,34735755,1,ok:1,0.69,1.63,17.01,11.79,1.15,1.67,4,4,1,post,2026-03-08T15:20:51.707761252Z,,19.567,removal_executed,2026-03-08T15:20:51.707761252Z,19.567,,,,remove-irs3-member1-1772983228,removal,remove-irs3-member1-1772983228,16,"[[""reshare_complete"", ""2026-02-28T13:23:53.762520482Z""], [""reshare_ack"", ""2026-03-08T12:05:49.077673571Z""], [""reshare_keygen_start"", ""2026-03-08T12:05:57.901648182Z""], [""removal_propose"", ""2026-03-08T15:20:31.270674796Z""], [""removal_observed"", ""2026-03-08T15:20:31.282746725Z""], [""removal_vote"", ""2026-03-08T15:20:35.797502985Z""], [""removal_executed"", ""2026-03-08T15:20:51.707761252Z""]]"
2026-03-08T15:21:12.383416Z,removal_1772983228,removal_wait_reshare,40.14,31.02,2226183793,5132541697,123512,2172134,6154907,36908068,0,0,178,179,123512,2172134,6154729,36907889,1,ok:1,0.00,1.63,33.41,11.79,3.48,1.67,4,4,1,post,2026-03-08T15:20:51.707761252Z,,20.676,removal_executed,2026-03-08T15:20:51.707761252Z,20.676,,,,remove-irs3-member1-1772983228,removal,remove-irs3-member1-1772983228,16,"[[""reshare_complete"", ""2026-02-28T13:23:53.762520482Z""], [""reshare_ack"", ""2026-03-08T12:05:49.077673571Z""], [""reshare_keygen_start"", ""2026-03-08T12:05:57.901648182Z""], [""removal_propose"", ""2026-03-08T15:20:31.270674796Z""], [""removal_observed"", ""2026-03-08T15:20:31.282746725Z""], [""removal_vote"", ""2026-03-08T15:20:35.797502985Z""], [""removal_executed"", ""2026-03-08T15:20:51.707761252Z""]]"
2026-03-08T15:21:13.483822Z,removal_1772983228,removal_wait_reshare,27.44,31.02,2226293070,5132626627,109277,84930,6264184,36992998,0,0,178,179,109277,84930,6264006,36992819,1,ok:1,0.00,1.63,21.16,11.79,0.23,1.67,4,4,1,post,2026-03-08T15:20:51.707761252Z,,21.776,removal_executed,2026-03-08T15:20:51.707761252Z,21.776,,,,remove-irs3-member1-1772983228,removal,remove-irs3-member1-1772983228,16,"[[""reshare_complete"", ""2026-02-28T13:23:53.762520482Z""], [""reshare_ack"", ""2026-03-08T12:05:49.077673571Z""], [""reshare_keygen_start"", ""2026-03-08T12:05:57.901648182Z""], [""removal_propose"", ""2026-03-08T15:20:31.270674796Z""], [""removal_observed"", ""2026-03-08T15:20:31.282746725Z""], [""removal_vote"", ""2026-03-08T15:20:35.797502985Z""], [""removal_executed"", ""2026-03-08T15:20:51.707761252Z""]]"
2026-03-08T15:21:14.584689Z,removal_1772983228,removal_wait_reshare,15.60,31.02,2226338854,5132684010,45784,57383,6309968,37050381,0,0,178,179,45784,57383,6309790,37050202,1,ok:1,0.23,1.63,11.47,11.79,0.00,1.67,4,4,1,post,2026-03-08T15:20:51.707761252Z,,22.877,removal_executed,2026-03-08T15:20:51.707761252Z,22.877,,,,remove-irs3-member1-1772983228,removal,remove-irs3-member1-1772983228,16,"[[""reshare_complete"", ""2026-02-28T13:23:53.762520482Z""], [""reshare_ack"", ""2026-03-08T12:05:49.077673571Z""], [""reshare_keygen_start"", ""2026-03-08T12:05:57.901648182Z""], [""removal_propose"", ""2026-03-08T15:20:31.270674796Z""], [""removal_observed"", ""2026-03-08T15:20:31.282746725Z""], [""removal_vote"", ""2026-03-08T15:20:35.797502985Z""], [""removal_executed"", ""2026-03-08T15:20:51.707761252Z""]]"
2026-03-08T15:21:15.689381Z,removal_1772983228,removal_wait_reshare,24.53,31.02,2226423641,5132759634,84787,75624,6394755,37126005,0,0,178,179,84787,75624,6394577,37125826,1,ok:1,0.71,1.63,22.17,11.79,0.00,1.67,4,4,1,post,2026-03-08T15:20:51.707761252Z,,23.982,removal_executed,2026-03-08T15:20:51.707761252Z,23.982,,,,remove-irs3-member1-1772983228,removal,remove-irs3-member1-1772983228,16,"[[""reshare_complete"", ""2026-02-28T13:23:53.762520482Z""], [""reshare_ack"", ""2026-03-08T12:05:49.077673571Z""], [""reshare_keygen_start"", ""2026-03-08T12:05:57.901648182Z""], [""removal_propose"", ""2026-03-08T15:20:31.270674796Z""], [""removal_observed"", ""2026-03-08T15:20:31.282746725Z""], [""removal_vote"", ""2026-03-08T15:20:35.797502985Z""], [""removal_executed"", ""2026-03-08T15:20:51.707761252Z""]]"
2026-03-08T15:21:16.788104Z,removal_1772983228,removal_wait_reshare,28.05,31.03,2226631313,5132891774,207672,132140,6602427,37258145,0,0,178,179,207672,132140,6602249,37257966,1,ok:1,0.69,1.63,17.47,11.79,1.38,1.67,4,4,1,post,2026-03-08T15:20:51.707761252Z,,25.080,removal_executed,2026-03-08T15:20:51.707761252Z,25.080,,,,remove-irs3-member1-1772983228,removal,remove-irs3-member1-1772983228,16,"[[""reshare_complete"", ""2026-02-28T13:23:53.762520482Z""], [""reshare_ack"", ""2026-03-08T12:05:49.077673571Z""], [""reshare_keygen_start"", ""2026-03-08T12:05:57.901648182Z""], [""removal_propose"", ""2026-03-08T15:20:31.270674796Z""], [""removal_observed"", ""2026-03-08T15:20:31.282746725Z""], [""removal_vote"", ""2026-03-08T15:20:35.797502985Z""], [""removal_executed"", ""2026-03-08T15:20:51.707761252Z""]]"
2026-03-08T15:21:17.893575Z,removal_1772983228,removal_wait_reshare,14.15,31.04,2226680072,5132930449,48759,38675,6651186,37296820,0,0,178,179,48759,38675,6651008,37296641,1,ok:1,0.00,1.63,13.44,11.79,0.00,1.67,4,4,1,post,2026-03-08T15:20:51.707761252Z,,26.186,removal_executed,2026-03-08T15:20:51.707761252Z,26.186,,,,remove-irs3-member1-1772983228,removal,remove-irs3-member1-1772983228,16,"[[""reshare_complete"", ""2026-02-28T13:23:53.762520482Z""], [""reshare_ack"", ""2026-03-08T12:05:49.077673571Z""], [""reshare_keygen_start"", ""2026-03-08T12:05:57.901648182Z""], [""removal_propose"", ""2026-03-08T15:20:31.270674796Z""], [""removal_observed"", ""2026-03-08T15:20:31.282746725Z""], [""removal_vote"", ""2026-03-08T15:20:35.797502985Z""], [""removal_executed"", ""2026-03-08T15:20:51.707761252Z""]]"
2026-03-08T15:21:18.993574Z,removal_1772983228,removal_wait_reshare,34.98,31.04,2226787301,5134880444,107229,1949995,6758415,39246815,0,0,178,179,107229,1949995,6758237,39246636,1,ok:1,0.23,1.63,27.93,11.79,3.29,1.67,4,4,1,post,2026-03-08T15:20:51.707761252Z,,27.286,removal_executed,2026-03-08T15:20:51.707761252Z,27.286,,,,remove-irs3-member1-1772983228,removal,remove-irs3-member1-1772983228,16,"[[""reshare_complete"", ""2026-02-28T13:23:53.762520482Z""], [""reshare_ack"", ""2026-03-08T12:05:49.077673571Z""], [""reshare_keygen_start"", ""2026-03-08T12:05:57.901648182Z""], [""removal_propose"", ""2026-03-08T15:20:31.270674796Z""], [""removal_observed"", ""2026-03-08T15:20:31.282746725Z""], [""removal_vote"", ""2026-03-08T15:20:35.797502985Z""], [""removal_executed"", ""2026-03-08T15:20:51.707761252Z""]]"
2026-03-08T15:21:20.094018Z,removal_1772983228,removal_wait_reshare,16.94,31.03,2226849528,5134931107,62227,50663,6820642,39297478,0,0,178,179,62227,50663,6820464,39297299,1,ok:1,0.00,1.63,16.24,11.79,0.00,1.67,4,4,1,post,2026-03-08T15:20:51.707761252Z,,28.386,removal_executed,2026-03-08T15:20:51.707761252Z,28.386,,,,remove-irs3-member1-1772983228,removal,remove-irs3-member1-1772983228,16,"[[""reshare_complete"", ""2026-02-28T13:23:53.762520482Z""], [""reshare_ack"", ""2026-03-08T12:05:49.077673571Z""], [""reshare_keygen_start"", ""2026-03-08T12:05:57.901648182Z""], [""removal_propose"", ""2026-03-08T15:20:31.270674796Z""], [""removal_observed"", ""2026-03-08T15:20:31.282746725Z""], [""removal_vote"", ""2026-03-08T15:20:35.797502985Z""], [""removal_executed"", ""2026-03-08T15:20:51.707761252Z""]]"
2026-03-08T15:21:21.199964Z,removal_1772983228,removal_wait_reshare,19.62,31.04,2226923697,5135003565,74169,72458,6894811,39369936,0,0,178,179,74169,72458,6894633,39369757,1,ok:1,0.00,1.63,16.55,11.79,0.00,1.67,4,4,1,post,2026-03-08T15:20:51.707761252Z,,29.492,removal_executed,2026-03-08T15:20:51.707761252Z,29.492,,,,remove-irs3-member1-1772983228,removal,remove-irs3-member1-1772983228,16,"[[""reshare_complete"", ""2026-02-28T13:23:53.762520482Z""], [""reshare_ack"", ""2026-03-08T12:05:49.077673571Z""], [""reshare_keygen_start"", ""2026-03-08T12:05:57.901648182Z""], [""removal_propose"", ""2026-03-08T15:20:31.270674796Z""], [""removal_observed"", ""2026-03-08T15:20:31.282746725Z""], [""removal_vote"", ""2026-03-08T15:20:35.797502985Z""], [""removal_executed"", ""2026-03-08T15:20:51.707761252Z""]]"
2026-03-08T15:21:22.303563Z,removal_1772983228,removal_wait_reshare,25.00,31.05,2227062342,5135088876,138645,85311,7033456,39455247,0,0,178,179,138645,85311,7033278,39455068,1,ok:1,0.71,1.63,21.23,11.79,0.94,1.67,4,4,1,post,2026-03-08T15:20:51.707761252Z,,30.596,removal_executed,2026-03-08T15:20:51.707761252Z,30.596,,,,remove-irs3-member1-1772983228,removal,remove-irs3-member1-1772983228,16,"[[""reshare_complete"", ""2026-02-28T13:23:53.762520482Z""], [""reshare_ack"", ""2026-03-08T12:05:49.077673571Z""], [""reshare_keygen_start"", ""2026-03-08T12:05:57.901648182Z""], [""removal_propose"", ""2026-03-08T15:20:31.270674796Z""], [""removal_observed"", ""2026-03-08T15:20:31.282746725Z""], [""removal_vote"", ""2026-03-08T15:20:35.797502985Z""], [""removal_executed"", ""2026-03-08T15:20:51.707761252Z""]]"
2026-03-08T15:21:23.403627Z,removal_1772983228,removal_wait_reshare,18.18,31.06,2227174042,5135158805,111700,69929,7145156,39525176,0,0,178,179,111700,69929,7144978,39524997,1,ok:1,0.23,1.63,13.99,11.79,0.70,1.67,4,4,1,post,2026-03-08T15:20:51.707761252Z,,31.696,removal_executed,2026-03-08T15:20:51.707761252Z,31.696,,,,remove-irs3-member1-1772983228,removal,remove-irs3-member1-1772983228,16,"[[""reshare_complete"", ""2026-02-28T13:23:53.762520482Z""], [""reshare_ack"", ""2026-03-08T12:05:49.077673571Z""], [""reshare_keygen_start"", ""2026-03-08T12:05:57.901648182Z""], [""removal_propose"", ""2026-03-08T15:20:31.270674796Z""], [""removal_observed"", ""2026-03-08T15:20:31.282746725Z""], [""removal_vote"", ""2026-03-08T15:20:35.797502985Z""], [""removal_executed"", ""2026-03-08T15:20:51.707761252Z""]]"
2026-03-08T15:21:24.501558Z,removal_1772983228,removal_wait_reshare,26.96,31.06,2227264896,5136872422,90854,1713617,7236010,41238793,178,179,356,358,90676,1713438,7235654,41238435,1,ok:3,0.00,1.63,19.82,11.79,3.23,1.67,4,4,1,post,2026-03-08T15:20:51.707761252Z,,32.794,removal_executed,2026-03-08T15:20:51.707761252Z,32.794,,,,remove-irs3-member1-1772983228,removal,remove-irs3-member1-1772983228,16,"[[""reshare_complete"", ""2026-02-28T13:23:53.762520482Z""], [""reshare_ack"", ""2026-03-08T12:05:49.077673571Z""], [""reshare_keygen_start"", ""2026-03-08T12:05:57.901648182Z""], [""removal_propose"", ""2026-03-08T15:20:31.270674796Z""], [""removal_observed"", ""2026-03-08T15:20:31.282746725Z""], [""removal_vote"", ""2026-03-08T15:20:35.797502985Z""], [""removal_executed"", ""2026-03-08T15:20:51.707761252Z""]]"
2026-03-08T15:21:25.608655Z,removal_1772983228,removal_wait_reshare,26.46,31.06,2227328310,5136926255,63414,53833,7299424,41292626,0,0,356,358,63414,53833,7299068,41292268,1,ok:1,1.17,1.64,19.91,11.79,0.23,1.67,4,4,1,post,2026-03-08T15:20:51.707761252Z,,33.901,removal_executed,2026-03-08T15:20:51.707761252Z,33.901,,,,remove-irs3-member1-1772983228,removal,remove-irs3-member1-1772983228,16,"[[""reshare_complete"", ""2026-02-28T13:23:53.762520482Z""], [""reshare_ack"", ""2026-03-08T12:05:49.077673571Z""], [""reshare_keygen_start"", ""2026-03-08T12:05:57.901648182Z""], [""removal_propose"", ""2026-03-08T15:20:31.270674796Z""], [""removal_observed"", ""2026-03-08T15:20:31.282746725Z""], [""removal_vote"", ""2026-03-08T15:20:35.797502985Z""], [""removal_executed"", ""2026-03-08T15:20:51.707761252Z""]]"
2026-03-08T15:21:26.711765Z,removal_1772983228,removal_wait_reshare,17.24,31.05,2227386464,5136979852,58154,53597,7357578,41346223,0,0,356,358,58154,53597,7357222,41345865,1,ok:1,0.23,1.64,14.94,11.79,0.00,1.67,4,4,1,post,2026-03-08T15:20:51.707761252Z,,35.004,removal_executed,2026-03-08T15:20:51.707761252Z,35.004,,,,remove-irs3-member1-1772983228,removal,remove-irs3-member1-1772983228,16,"[[""reshare_complete"", ""2026-02-28T13:23:53.762520482Z""], [""reshare_ack"", ""2026-03-08T12:05:49.077673571Z""], [""reshare_keygen_start"", ""2026-03-08T12:05:57.901648182Z""], [""removal_propose"", ""2026-03-08T15:20:31.270674796Z""], [""removal_observed"", ""2026-03-08T15:20:31.282746725Z""], [""removal_vote"", ""2026-03-08T15:20:35.797502985Z""], [""removal_executed"", ""2026-03-08T15:20:51.707761252Z""]]"
2026-03-08T15:21:27.818989Z,removal_1772983228,removal_wait_reshare,31.07,31.06,2227544212,5137078133,157748,98281,7515326,41444504,0,0,356,358,157748,98281,7514970,41444146,1,ok:1,0.45,1.64,23.13,11.79,0.45,1.67,4,4,1,post,2026-03-08T15:20:51.707761252Z,,36.111,removal_executed,2026-03-08T15:20:51.707761252Z,36.111,,,,remove-irs3-member1-1772983228,removal,remove-irs3-member1-1772983228,16,"[[""reshare_complete"", ""2026-02-28T13:23:53.762520482Z""], [""reshare_ack"", ""2026-03-08T12:05:49.077673571Z""], [""reshare_keygen_start"", ""2026-03-08T12:05:57.901648182Z""], [""removal_propose"", ""2026-03-08T15:20:31.270674796Z""], [""removal_observed"", ""2026-03-08T15:20:31.282746725Z""], [""removal_vote"", ""2026-03-08T15:20:35.797502985Z""], [""removal_executed"", ""2026-03-08T15:20:51.707761252Z""]]"
2026-03-08T15:21:28.918252Z,removal_1772983228,removal_wait_reshare,22.97,31.06,2227674368,5137187274,130156,109141,7645482,41553645,0,0,356,358,130156,109141,7645126,41553287,1,ok:1,0.00,1.64,16.94,11.79,0.70,1.67,4,4,1,post,2026-03-08T15:20:51.707761252Z,,37.210,removal_executed,2026-03-08T15:20:51.707761252Z,37.210,,,,remove-irs3-member1-1772983228,removal,remove-irs3-member1-1772983228,16,"[[""reshare_complete"", ""2026-02-28T13:23:53.762520482Z""], [""reshare_ack"", ""2026-03-08T12:05:49.077673571Z""], [""reshare_keygen_start"", ""2026-03-08T12:05:57.901648182Z""], [""removal_propose"", ""2026-03-08T15:20:31.270674796Z""], [""removal_observed"", ""2026-03-08T15:20:31.282746725Z""], [""removal_vote"", ""2026-03-08T15:20:35.797502985Z""], [""removal_executed"", ""2026-03-08T15:20:51.707761252Z""]]"
2026-03-08T15:21:30.020676Z,removal_1772983228,removal_wait_reshare,26.22,31.06,2227738607,5138684113,64239,1496839,7709721,43050484,0,0,356,358,64239,1496839,7709365,43050126,1,ok:1,0.23,1.64,19.95,11.79,2.78,1.67,4,4,1,post,2026-03-08T15:20:51.707761252Z,,38.313,removal_executed,2026-03-08T15:20:51.707761252Z,38.313,,,,remove-irs3-member1-1772983228,removal,remove-irs3-member1-1772983228,16,"[[""reshare_complete"", ""2026-02-28T13:23:53.762520482Z""], [""reshare_ack"", ""2026-03-08T12:05:49.077673571Z""], [""reshare_keygen_start"", ""2026-03-08T12:05:57.901648182Z""], [""removal_propose"", ""2026-03-08T15:20:31.270674796Z""], [""removal_observed"", ""2026-03-08T15:20:31.282746725Z""], [""removal_vote"", ""2026-03-08T15:20:35.797502985Z""], [""removal_executed"", ""2026-03-08T15:20:51.707761252Z""]]"
2026-03-08T15:21:31.119250Z,removal_1772983228,removal_wait_reshare,26.77,31.05,2227799321,5138740956,60714,56843,7770435,43107327,0,0,356,358,60714,56843,7770079,43106969,1,ok:1,0.92,1.64,17.85,11.79,0.23,1.67,4,4,1,post,2026-03-08T15:20:51.707761252Z,,39.411,removal_executed,2026-03-08T15:20:51.707761252Z,39.411,,,,remove-irs3-member1-1772983228,removal,remove-irs3-member1-1772983228,16,"[[""reshare_complete"", ""2026-02-28T13:23:53.762520482Z""], [""reshare_ack"", ""2026-03-08T12:05:49.077673571Z""], [""reshare_keygen_start"", ""2026-03-08T12:05:57.901648182Z""], [""removal_propose"", ""2026-03-08T15:20:31.270674796Z""], [""removal_observed"", ""2026-03-08T15:20:31.282746725Z""], [""removal_vote"", ""2026-03-08T15:20:35.797502985Z""], [""removal_executed"", ""2026-03-08T15:20:51.707761252Z""]]"
2026-03-08T15:21:32.223342Z,removal_1772983228,removal_wait_reshare,30.28,31.05,2227880064,5138830123,80743,89167,7851178,43196494,0,0,356,358,80743,89167,7850822,43196136,1,ok:1,0.69,1.64,23.17,11.79,0.23,1.67,4,4,1,post,2026-03-08T15:20:51.707761252Z,,40.516,removal_executed,2026-03-08T15:20:51.707761252Z,40.516,,,,remove-irs3-member1-1772983228,removal,remove-irs3-member1-1772983228,16,"[[""reshare_complete"", ""2026-02-28T13:23:53.762520482Z""], [""reshare_ack"", ""2026-03-08T12:05:49.077673571Z""], [""reshare_keygen_start"", ""2026-03-08T12:05:57.901648182Z""], [""removal_propose"", ""2026-03-08T15:20:31.270674796Z""], [""removal_observed"", ""2026-03-08T15:20:31.282746725Z""], [""removal_vote"", ""2026-03-08T15:20:35.797502985Z""], [""removal_executed"", ""2026-03-08T15:20:51.707761252Z""]]"
2026-03-08T15:21:33.326660Z,removal_1772983228,removal_wait_reshare,24.24,31.05,2227972092,5138928091,92028,97968,7943206,43294462,0,0,356,358,92028,97968,7942850,43294104,1,ok:1,0.00,1.64,22.14,11.79,0.00,1.67,4,4,1,post,2026-03-08T15:20:51.707761252Z,,41.619,removal_executed,2026-03-08T15:20:51.707761252Z,41.619,,,,remove-irs3-member1-1772983228,removal,remove-irs3-member1-1772983228,16,"[[""reshare_complete"", ""2026-02-28T13:23:53.762520482Z""], [""reshare_ack"", ""2026-03-08T12:05:49.077673571Z""], [""reshare_keygen_start"", ""2026-03-08T12:05:57.901648182Z""], [""removal_propose"", ""2026-03-08T15:20:31.270674796Z""], [""removal_observed"", ""2026-03-08T15:20:31.282746725Z""], [""removal_vote"", ""2026-03-08T15:20:35.797502985Z""], [""removal_executed"", ""2026-03-08T15:20:51.707761252Z""]]"
2026-03-08T15:21:34.428104Z,removal_1772983228,removal_wait_reshare,20.47,31.05,2228119008,5139026576,146916,98485,8090122,43392947,0,0,356,358,146916,98485,8089766,43392589,1,ok:1,0.70,1.64,13.26,11.79,1.16,1.67,4,4,1,post,2026-03-08T15:20:51.707761252Z,,42.720,removal_executed,2026-03-08T15:20:51.707761252Z,42.720,,,,remove-irs3-member1-1772983228,removal,remove-irs3-member1-1772983228,16,"[[""reshare_complete"", ""2026-02-28T13:23:53.762520482Z""], [""reshare_ack"", ""2026-03-08T12:05:49.077673571Z""], [""reshare_keygen_start"", ""2026-03-08T12:05:57.901648182Z""], [""removal_propose"", ""2026-03-08T15:20:31.270674796Z""], [""removal_observed"", ""2026-03-08T15:20:31.282746725Z""], [""removal_vote"", ""2026-03-08T15:20:35.797502985Z""], [""removal_executed"", ""2026-03-08T15:20:51.707761252Z""]]"
2026-03-08T15:21:35.529842Z,removal_1772983228,removal_wait_reshare,20.55,31.05,2228145079,5139049309,26071,22733,8116193,43415680,0,0,356,358,26071,22733,8115837,43415322,1,ok:1,0.68,1.64,12.10,11.79,0.00,1.67,4,4,1,post,2026-03-08T15:20:51.707761252Z,,43.822,removal_executed,2026-03-08T15:20:51.707761252Z,43.822,,,,remove-irs3-member1-1772983228,removal,remove-irs3-member1-1772983228,16,"[[""reshare_complete"", ""2026-02-28T13:23:53.762520482Z""], [""reshare_ack"", ""2026-03-08T12:05:49.077673571Z""], [""reshare_keygen_start"", ""2026-03-08T12:05:57.901648182Z""], [""removal_propose"", ""2026-03-08T15:20:31.270674796Z""], [""removal_observed"", ""2026-03-08T15:20:31.282746725Z""], [""removal_vote"", ""2026-03-08T15:20:35.797502985Z""], [""removal_executed"", ""2026-03-08T15:20:51.707761252Z""]]"
2026-03-08T15:21:36.639634Z,removal_1772983228,removal_wait_reshare,34.43,31.05,2228255493,5140332984,110414,1283675,8226607,44699355,178,179,534,537,110236,1283496,8226073,44698818,1,ok:3,0.94,1.64,27.12,11.79,2.83,1.67,4,4,1,post,2026-03-08T15:20:51.707761252Z,,44.932,removal_executed,2026-03-08T15:20:51.707761252Z,44.932,,,,remove-irs3-member1-1772983228,removal,remove-irs3-member1-1772983228,16,"[[""reshare_complete"", ""2026-02-28T13:23:53.762520482Z""], [""reshare_ack"", ""2026-03-08T12:05:49.077673571Z""], [""reshare_keygen_start"", ""2026-03-08T12:05:57.901648182Z""], [""removal_propose"", ""2026-03-08T15:20:31.270674796Z""], [""removal_observed"", ""2026-03-08T15:20:31.282746725Z""], [""removal_vote"", ""2026-03-08T15:20:35.797502985Z""], [""removal_executed"", ""2026-03-08T15:20:51.707761252Z""]]"
2026-03-08T15:21:37.740095Z,removal_1772983228,removal_wait_reshare,32.24,31.05,2228334166,5140428048,78673,95064,8305280,44794419,0,0,534,537,78673,95064,8304746,44793882,1,ok:1,0.93,1.64,23.83,11.79,0.00,1.67,4,4,1,post,2026-03-08T15:20:51.707761252Z,,46.032,removal_executed,2026-03-08T15:20:51.707761252Z,46.032,,,,remove-irs3-member1-1772983228,removal,remove-irs3-member1-1772983228,16,"[[""reshare_complete"", ""2026-02-28T13:23:53.762520482Z""], [""reshare_ack"", ""2026-03-08T12:05:49.077673571Z""], [""reshare_keygen_start"", ""2026-03-08T12:05:57.901648182Z""], [""removal_propose"", ""2026-03-08T15:20:31.270674796Z""], [""removal_observed"", ""2026-03-08T15:20:31.282746725Z""], [""removal_vote"", ""2026-03-08T15:20:35.797502985Z""], [""removal_executed"", ""2026-03-08T15:20:51.707761252Z""]]"
2026-03-08T15:21:38.845315Z,removal_1772983228,removal_wait_reshare,25.75,31.06,2228437149,5140533506,102983,105458,8408263,44899877,0,0,534,537,102983,105458,8407729,44899340,1,ok:1,0.00,1.64,20.46,11.79,0.23,1.67,4,4,1,post,2026-03-08T15:20:51.707761252Z,,47.138,removal_executed,2026-03-08T15:20:51.707761252Z,47.138,,,,remove-irs3-member1-1772983228,removal,remove-irs3-member1-1772983228,16,"[[""reshare_complete"", ""2026-02-28T13:23:53.762520482Z""], [""reshare_ack"", ""2026-03-08T12:05:49.077673571Z""], [""reshare_keygen_start"", ""2026-03-08T12:05:57.901648182Z""], [""removal_propose"", ""2026-03-08T15:20:31.270674796Z""], [""removal_observed"", ""2026-03-08T15:20:31.282746725Z""], [""removal_vote"", ""2026-03-08T15:20:35.797502985Z""], [""removal_executed"", ""2026-03-08T15:20:51.707761252Z""]]"
2026-03-08T15:21:39.948030Z,removal_1772983228,removal_wait_reshare,18.84,31.06,2228529581,5140602378,92432,68872,8500695,44968749,0,0,534,537,92432,68872,8500161,44968212,1,ok:1,0.23,1.64,15.12,11.79,0.47,1.67,4,4,1,post,2026-03-08T15:20:51.707761252Z,,48.240,removal_executed,2026-03-08T15:20:51.707761252Z,48.240,,,,remove-irs3-member1-1772983228,removal,remove-irs3-member1-1772983228,16,"[[""reshare_complete"", ""2026-02-28T13:23:53.762520482Z""], [""reshare_ack"", ""2026-03-08T12:05:49.077673571Z""], [""reshare_keygen_start"", ""2026-03-08T12:05:57.901648182Z""], [""removal_propose"", ""2026-03-08T15:20:31.270674796Z""], [""removal_observed"", ""2026-03-08T15:20:31.282746725Z""], [""removal_vote"", ""2026-03-08T15:20:35.797502985Z""], [""removal_executed"", ""2026-03-08T15:20:51.707761252Z""]]"
2026-03-08T15:21:41.048713Z,removal_1772983228,removal_wait_reshare,15.47,31.06,2228605740,5140655087,76159,52709,8576854,45021458,0,0,534,537,76159,52709,8576320,45020921,1,ok:1,0.23,1.64,10.62,11.79,0.00,1.67,4,4,1,post,2026-03-08T15:20:51.707761252Z,,49.341,removal_executed,2026-03-08T15:20:51.707761252Z,49.341,,,,remove-irs3-member1-1772983228,removal,remove-irs3-member1-1772983228,16,"[[""reshare_complete"", ""2026-02-28T13:23:53.762520482Z""], [""reshare_ack"", ""2026-03-08T12:05:49.077673571Z""], [""reshare_keygen_start"", ""2026-03-08T12:05:57.901648182Z""], [""removal_propose"", ""2026-03-08T15:20:31.270674796Z""], [""removal_observed"", ""2026-03-08T15:20:31.282746725Z""], [""removal_vote"", ""2026-03-08T15:20:35.797502985Z""], [""removal_executed"", ""2026-03-08T15:20:51.707761252Z""]]"
2026-03-08T15:21:42.148283Z,removal_1772983228,removal_wait_reshare,27.29,31.06,2228673383,5141700004,67643,1044917,8644497,46066375,0,0,534,537,67643,1044917,8643963,46065838,1,ok:1,0.24,1.64,20.94,11.79,2.12,1.67,4,4,1,post,2026-03-08T15:20:51.707761252Z,,50.441,removal_executed,2026-03-08T15:20:51.707761252Z,50.441,,,,remove-irs3-member1-1772983228,removal,remove-irs3-member1-1772983228,16,"[[""reshare_complete"", ""2026-02-28T13:23:53.762520482Z""], [""reshare_ack"", ""2026-03-08T12:05:49.077673571Z""], [""reshare_keygen_start"", ""2026-03-08T12:05:57.901648182Z""], [""removal_propose"", ""2026-03-08T15:20:31.270674796Z""], [""removal_observed"", ""2026-03-08T15:20:31.282746725Z""], [""removal_vote"", ""2026-03-08T15:20:35.797502985Z""], [""removal_executed"", ""2026-03-08T15:20:51.707761252Z""]]"
2026-03-08T15:21:43.254247Z,removal_1772983228,removal_wait_reshare,26.22,31.03,2228749120,5141778873,75737,78869,8720234,46145244,0,0,534,537,75737,78869,8719700,46144707,1,ok:1,0.23,1.64,21.81,11.75,0.00,1.67,4,4,1,post,2026-03-08T15:20:51.707761252Z,,51.546,removal_executed,2026-03-08T15:20:51.707761252Z,51.546,,,,remove-irs3-member1-1772983228,removal,remove-irs3-member1-1772983228,16,"[[""reshare_complete"", ""2026-02-28T13:23:53.762520482Z""], [""reshare_ack"", ""2026-03-08T12:05:49.077673571Z""], [""reshare_keygen_start"", ""2026-03-08T12:05:57.901648182Z""], [""removal_propose"", ""2026-03-08T15:20:31.270674796Z""], [""removal_observed"", ""2026-03-08T15:20:31.282746725Z""], [""removal_vote"", ""2026-03-08T15:20:35.797502985Z""], [""removal_executed"", ""2026-03-08T15:20:51.707761252Z""]]"
2026-03-08T15:21:44.359028Z,removal_1772983228,removal_wait_reshare,21.96,31.04,2228843436,5141872056,94316,93183,8814550,46238427,0,0,534,537,94316,93183,8814016,46237890,1,ok:1,0.00,1.64,20.09,11.75,0.23,1.67,4,4,1,post,2026-03-08T15:20:51.707761252Z,,52.651,removal_executed,2026-03-08T15:20:51.707761252Z,52.651,,,,remove-irs3-member1-1772983228,removal,remove-irs3-member1-1772983228,16,"[[""reshare_complete"", ""2026-02-28T13:23:53.762520482Z""], [""reshare_ack"", ""2026-03-08T12:05:49.077673571Z""], [""reshare_keygen_start"", ""2026-03-08T12:05:57.901648182Z""], [""removal_propose"", ""2026-03-08T15:20:31.270674796Z""], [""removal_observed"", ""2026-03-08T15:20:31.282746725Z""], [""removal_vote"", ""2026-03-08T15:20:35.797502985Z""], [""removal_executed"", ""2026-03-08T15:20:51.707761252Z""]]"
2026-03-08T15:21:45.457742Z,removal_1772983228,removal_wait_reshare,27.71,31.04,2228950757,5141948380,107321,76324,8921871,46314751,0,0,534,537,107321,76324,8921337,46314214,1,ok:1,1.15,1.64,21.48,11.75,0.46,1.67,4,4,1,post,2026-03-08T15:20:51.707761252Z,,53.750,removal_executed,2026-03-08T15:20:51.707761252Z,53.750,,,,remove-irs3-member1-1772983228,removal,remove-irs3-member1-1772983228,16,"[[""reshare_complete"", ""2026-02-28T13:23:53.762520482Z""], [""reshare_ack"", ""2026-03-08T12:05:49.077673571Z""], [""reshare_keygen_start"", ""2026-03-08T12:05:57.901648182Z""], [""removal_propose"", ""2026-03-08T15:20:31.270674796Z""], [""removal_observed"", ""2026-03-08T15:20:31.282746725Z""], [""removal_vote"", ""2026-03-08T15:20:35.797502985Z""], [""removal_executed"", ""2026-03-08T15:20:51.707761252Z""]]"
2026-03-08T15:21:46.557897Z,removal_1772983228,removal_wait_reshare,18.06,31.04,2229010849,5142001358,60092,52978,8981963,46367729,0,0,534,537,60092,52978,8981429,46367192,1,ok:1,0.00,1.64,12.27,11.75,0.23,1.67,4,4,1,post,2026-03-08T15:20:51.707761252Z,,54.850,removal_executed,2026-03-08T15:20:51.707761252Z,54.850,,,,remove-irs3-member1-1772983228,removal,remove-irs3-member1-1772983228,16,"[[""reshare_complete"", ""2026-02-28T13:23:53.762520482Z""], [""reshare_ack"", ""2026-03-08T12:05:49.077673571Z""], [""reshare_keygen_start"", ""2026-03-08T12:05:57.901648182Z""], [""removal_propose"", ""2026-03-08T15:20:31.270674796Z""], [""removal_observed"", ""2026-03-08T15:20:31.282746725Z""], [""removal_vote"", ""2026-03-08T15:20:35.797502985Z""], [""removal_executed"", ""2026-03-08T15:20:51.707761252Z""]]"
2026-03-08T15:21:47.663433Z,removal_1772983228,removal_wait_reshare,35.48,31.05,2229082712,5142813217,71863,811859,9053826,47179588,0,0,534,537,71863,811859,9053292,47179051,1,ok:1,0.69,1.64,26.04,11.75,3.69,1.70,4,4,1,post,2026-03-08T15:20:51.707761252Z,,55.956,removal_executed,2026-03-08T15:20:51.707761252Z,55.956,,,,remove-irs3-member1-1772983228,removal,remove-irs3-member1-1772983228,16,"[[""reshare_complete"", ""2026-02-28T13:23:53.762520482Z""], [""reshare_ack"", ""2026-03-08T12:05:49.077673571Z""], [""reshare_keygen_start"", ""2026-03-08T12:05:57.901648182Z""], [""removal_propose"", ""2026-03-08T15:20:31.270674796Z""], [""removal_observed"", ""2026-03-08T15:20:31.282746725Z""], [""removal_vote"", ""2026-03-08T15:20:35.797502985Z""], [""removal_executed"", ""2026-03-08T15:20:51.707761252Z""]]"
2026-03-08T15:21:48.758637Z,removal_1772983228,removal_wait_reshare,28.44,31.05,2229201811,5142916186,119099,102969,9172925,47282557,0,0,534,537,119099,102969,9172391,47282020,1,ok:1,0.24,1.64,24.64,11.75,0.00,1.70,4,4,1,post,2026-03-08T15:20:51.707761252Z,,57.051,removal_executed,2026-03-08T15:20:51.707761252Z,57.051,,,,remove-irs3-member1-1772983228,removal,remove-irs3-member1-1772983228,16,"[[""reshare_complete"", ""2026-02-28T13:23:53.762520482Z""], [""reshare_ack"", ""2026-03-08T12:05:49.077673571Z""], [""reshare_keygen_start"", ""2026-03-08T12:05:57.901648182Z""], [""removal_propose"", ""2026-03-08T15:20:31.270674796Z""], [""removal_observed"", ""2026-03-08T15:20:31.282746725Z""], [""removal_vote"", ""2026-03-08T15:20:35.797502985Z""], [""removal_executed"", ""2026-03-08T15:20:51.707761252Z""]]"
2026-03-08T15:21:49.861891Z,removal_1772983228,removal_wait_reshare,18.52,31.06,2229256200,5142967147,54389,50961,9227314,47333518,0,0,534,537,54389,50961,9226780,47332981,1,ok:1,0.00,1.64,13.66,11.75,0.00,1.70,4,4,1,post,2026-03-08T15:20:51.707761252Z,,58.154,removal_executed,2026-03-08T15:20:51.707761252Z,58.154,,,,remove-irs3-member1-1772983228,removal,remove-irs3-member1-1772983228,16,"[[""reshare_complete"", ""2026-02-28T13:23:53.762520482Z""], [""reshare_ack"", ""2026-03-08T12:05:49.077673571Z""], [""reshare_keygen_start"", ""2026-03-08T12:05:57.901648182Z""], [""removal_propose"", ""2026-03-08T15:20:31.270674796Z""], [""removal_observed"", ""2026-03-08T15:20:31.282746725Z""], [""removal_vote"", ""2026-03-08T15:20:35.797502985Z""], [""removal_executed"", ""2026-03-08T15:20:51.707761252Z""]]"
2026-03-08T15:21:50.964512Z,removal_1772983228,removal_wait_reshare,19.29,31.06,2229335821,5143050198,79621,83051,9306935,47416569,0,0,534,537,79621,83051,9306401,47416032,1,ok:1,0.24,1.64,18.12,11.75,0.00,1.70,4,4,1,post,2026-03-08T15:20:51.707761252Z,,59.257,removal_executed,2026-03-08T15:20:51.707761252Z,59.257,,,,remove-irs3-member1-1772983228,removal,remove-irs3-member1-1772983228,16,"[[""reshare_complete"", ""2026-02-28T13:23:53.762520482Z""], [""reshare_ack"", ""2026-03-08T12:05:49.077673571Z""], [""reshare_keygen_start"", ""2026-03-08T12:05:57.901648182Z""], [""removal_propose"", ""2026-03-08T15:20:31.270674796Z""], [""removal_observed"", ""2026-03-08T15:20:31.282746725Z""], [""removal_vote"", ""2026-03-08T15:20:35.797502985Z""], [""removal_executed"", ""2026-03-08T15:20:51.707761252Z""]]"
2026-03-08T15:21:52.064794Z,removal_1772983228,removal_wait_reshare,23.50,31.07,2229421802,5143120843,85981,70645,9392916,47487214,0,0,534,537,85981,70645,9392382,47486677,1,ok:1,0.69,1.64,18.43,11.75,0.46,1.70,4,4,1,post,2026-03-08T15:20:51.707761252Z,,60.357,removal_executed,2026-03-08T15:20:51.707761252Z,60.357,,,,remove-irs3-member1-1772983228,removal,remove-irs3-member1-1772983228,16,"[[""reshare_complete"", ""2026-02-28T13:23:53.762520482Z""], [""reshare_ack"", ""2026-03-08T12:05:49.077673571Z""], [""reshare_keygen_start"", ""2026-03-08T12:05:57.901648182Z""], [""removal_propose"", ""2026-03-08T15:20:31.270674796Z""], [""removal_observed"", ""2026-03-08T15:20:31.282746725Z""], [""removal_vote"", ""2026-03-08T15:20:35.797502985Z""], [""removal_executed"", ""2026-03-08T15:20:51.707761252Z""]]"
2026-03-08T15:21:53.167482Z,removal_1772983228,removal_wait_reshare,16.39,31.06,2229468324,5143156617,46522,35774,9439438,47522988,0,0,534,537,46522,35774,9438904,47522451,1,ok:1,0.48,1.64,12.35,11.75,0.00,1.70,4,4,1,post,2026-03-08T15:20:51.707761252Z,,61.460,removal_executed,2026-03-08T15:20:51.707761252Z,61.460,,,,remove-irs3-member1-1772983228,removal,remove-irs3-member1-1772983228,16,"[[""reshare_complete"", ""2026-02-28T13:23:53.762520482Z""], [""reshare_ack"", ""2026-03-08T12:05:49.077673571Z""], [""reshare_keygen_start"", ""2026-03-08T12:05:57.901648182Z""], [""removal_propose"", ""2026-03-08T15:20:31.270674796Z""], [""removal_observed"", ""2026-03-08T15:20:31.282746725Z""], [""removal_vote"", ""2026-03-08T15:20:35.797502985Z""], [""removal_executed"", ""2026-03-08T15:20:51.707761252Z""]]"
2026-03-08T15:21:54.267528Z,removal_1772983228,removal_wait_reshare,22.97,31.06,2229552144,5143740033,83820,583416,9523258,48106404,0,0,534,537,83820,583416,9522724,48105867,1,ok:1,0.00,1.64,18.56,11.75,1.39,1.70,4,4,1,post,2026-03-08T15:20:51.707761252Z,,62.560,removal_executed,2026-03-08T15:20:51.707761252Z,62.560,,,,remove-irs3-member1-1772983228,removal,remove-irs3-member1-1772983228,16,"[[""reshare_complete"", ""2026-02-28T13:23:53.762520482Z""], [""reshare_ack"", ""2026-03-08T12:05:49.077673571Z""], [""reshare_keygen_start"", ""2026-03-08T12:05:57.901648182Z""], [""removal_propose"", ""2026-03-08T15:20:31.270674796Z""], [""removal_observed"", ""2026-03-08T15:20:31.282746725Z""], [""removal_vote"", ""2026-03-08T15:20:35.797502985Z""], [""removal_executed"", ""2026-03-08T15:20:51.707761252Z""]]"
2026-03-08T15:21:55.367930Z,removal_1772983228,removal_wait_reshare,20.99,31.07,2229603179,5143794599,51035,54566,9574293,48160970,0,0,534,537,51035,54566,9573759,48160433,1,ok:1,0.47,1.64,17.22,11.75,0.00,1.70,4,4,1,post,2026-03-08T15:20:51.707761252Z,,63.660,removal_executed,2026-03-08T15:20:51.707761252Z,63.660,,,,remove-irs3-member1-1772983228,removal,remove-irs3-member1-1772983228,16,"[[""reshare_complete"", ""2026-02-28T13:23:53.762520482Z""], [""reshare_ack"", ""2026-03-08T12:05:49.077673571Z""], [""reshare_keygen_start"", ""2026-03-08T12:05:57.901648182Z""], [""removal_propose"", ""2026-03-08T15:20:31.270674796Z""], [""removal_observed"", ""2026-03-08T15:20:31.282746725Z""], [""removal_vote"", ""2026-03-08T15:20:35.797502985Z""], [""removal_executed"", ""2026-03-08T15:20:51.707761252Z""]]"
2026-03-08T15:21:56.460438Z,removal_1772983228,removal_wait_reshare,26.89,31.07,2229696440,5143888526,93261,93927,9667554,48254897,0,0,534,537,93261,93927,9667020,48254360,1,ok:1,0.24,1.64,22.64,11.75,0.00,1.70,4,4,1,post,2026-03-08T15:20:51.707761252Z,,64.753,removal_executed,2026-03-08T15:20:51.707761252Z,64.753,,,,remove-irs3-member1-1772983228,removal,remove-irs3-member1-1772983228,16,"[[""reshare_complete"", ""2026-02-28T13:23:53.762520482Z""], [""reshare_ack"", ""2026-03-08T12:05:49.077673571Z""], [""reshare_keygen_start"", ""2026-03-08T12:05:57.901648182Z""], [""removal_propose"", ""2026-03-08T15:20:31.270674796Z""], [""removal_observed"", ""2026-03-08T15:20:31.282746725Z""], [""removal_vote"", ""2026-03-08T15:20:35.797502985Z""], [""removal_executed"", ""2026-03-08T15:20:51.707761252Z""]]"
2026-03-08T15:21:57.563179Z,removal_1772983228,removal_wait_reshare,29.44,31.08,2229762579,5143963736,66139,75210,9733693,48330107,0,0,534,537,66139,75210,9733159,48329570,1,ok:1,0.93,1.64,23.60,11.75,0.00,1.70,4,4,1,post,2026-03-08T15:20:51.707761252Z,,65.855,removal_executed,2026-03-08T15:20:51.707761252Z,65.855,,,,remove-irs3-member1-1772983228,removal,remove-irs3-member1-1772983228,16,"[[""reshare_complete"", ""2026-02-28T13:23:53.762520482Z""], [""reshare_ack"", ""2026-03-08T12:05:49.077673571Z""], [""reshare_keygen_start"", ""2026-03-08T12:05:57.901648182Z""], [""removal_propose"", ""2026-03-08T15:20:31.270674796Z""], [""removal_observed"", ""2026-03-08T15:20:31.282746725Z""], [""removal_vote"", ""2026-03-08T15:20:35.797502985Z""], [""removal_executed"", ""2026-03-08T15:20:51.707761252Z""]]"
2026-03-08T15:21:58.668029Z,removal_1772983228,removal_wait_reshare,18.01,31.08,2229847524,5144035411,84945,71675,9818638,48401782,0,0,534,537,84945,71675,9818104,48401245,1,ok:1,0.24,1.64,15.17,11.75,0.47,1.70,4,4,1,post,2026-03-08T15:20:51.707761252Z,,66.960,removal_executed,2026-03-08T15:20:51.707761252Z,66.960,,,,remove-irs3-member1-1772983228,removal,remove-irs3-member1-1772983228,16,"[[""reshare_complete"", ""2026-02-28T13:23:53.762520482Z""], [""reshare_ack"", ""2026-03-08T12:05:49.077673571Z""], [""reshare_keygen_start"", ""2026-03-08T12:05:57.901648182Z""], [""removal_propose"", ""2026-03-08T15:20:31.270674796Z""], [""removal_observed"", ""2026-03-08T15:20:31.282746725Z""], [""removal_vote"", ""2026-03-08T15:20:35.797502985Z""], [""removal_executed"", ""2026-03-08T15:20:51.707761252Z""]]"
2026-03-08T15:21:59.807413Z,removal_1772983228,removal_wait_reshare,14.25,31.08,2229889338,5144072829,41814,37418,9860452,48439200,0,0,534,537,41814,37418,9859918,48438663,1,ok:1,0.23,1.64,14.94,11.75,1.15,1.70,4,4,1,post,2026-03-08T15:20:51.707761252Z,,68.100,removal_executed,2026-03-08T15:20:51.707761252Z,68.100,,,,remove-irs3-member1-1772983228,removal,remove-irs3-member1-1772983228,16,"[[""reshare_complete"", ""2026-02-28T13:23:53.762520482Z""], [""reshare_ack"", ""2026-03-08T12:05:49.077673571Z""], [""reshare_keygen_start"", ""2026-03-08T12:05:57.901648182Z""], [""removal_propose"", ""2026-03-08T15:20:31.270674796Z""], [""removal_observed"", ""2026-03-08T15:20:31.282746725Z""], [""removal_vote"", ""2026-03-08T15:20:35.797502985Z""], [""removal_executed"", ""2026-03-08T15:20:51.707761252Z""]]"
2026-03-08T15:22:00.905623Z,removal_1772983228,removal_wait_reshare,31.91,31.07,2230033568,5144471245,144230,398416,10004682,48837616,0,0,534,537,144230,398416,10004148,48837079,1,ok:1,2.92,1.60,17.53,11.72,0.00,1.70,4,4,1,post,2026-03-08T15:20:51.707761252Z,,69.198,removal_executed,2026-03-08T15:20:51.707761252Z,69.198,,,,remove-irs3-member1-1772983228,removal,remove-irs3-member1-1772983228,16,"[[""reshare_complete"", ""2026-02-28T13:23:53.762520482Z""], [""reshare_ack"", ""2026-03-08T12:05:49.077673571Z""], [""reshare_keygen_start"", ""2026-03-08T12:05:57.901648182Z""], [""removal_propose"", ""2026-03-08T15:20:31.270674796Z""], [""removal_observed"", ""2026-03-08T15:20:31.282746725Z""], [""removal_vote"", ""2026-03-08T15:20:35.797502985Z""], [""removal_executed"", ""2026-03-08T15:20:51.707761252Z""]]"
2026-03-08T15:22:02.012698Z,removal_1772983228,removal_wait_reshare,27.52,31.06,2230180959,5144608328,147391,137083,10152073,48974699,0,0,534,537,147391,137083,10151539,48974162,1,ok:1,4.36,1.60,19.27,11.72,0.00,1.70,4,4,1,post,2026-03-08T15:20:51.707761252Z,,70.305,removal_executed,2026-03-08T15:20:51.707761252Z,70.305,,,,remove-irs3-member1-1772983228,removal,remove-irs3-member1-1772983228,16,"[[""reshare_complete"", ""2026-02-28T13:23:53.762520482Z""], [""reshare_ack"", ""2026-03-08T12:05:49.077673571Z""], [""reshare_keygen_start"", ""2026-03-08T12:05:57.901648182Z""], [""removal_propose"", ""2026-03-08T15:20:31.270674796Z""], [""removal_observed"", ""2026-03-08T15:20:31.282746725Z""], [""removal_vote"", ""2026-03-08T15:20:35.797502985Z""], [""removal_executed"", ""2026-03-08T15:20:51.707761252Z""]]"
2026-03-08T15:22:03.111977Z,removal_1772983228,removal_wait_reshare,40.57,31.00,2230444297,5144902454,263338,294126,10415411,49268825,0,0,534,537,263338,294126,10414877,49268288,1,ok:1,16.23,1.50,19.09,11.72,0.00,1.70,4,4,1,post,2026-03-08T15:20:51.707761252Z,,71.404,removal_executed,2026-03-08T15:20:51.707761252Z,71.404,,,,remove-irs3-member1-1772983228,removal,remove-irs3-member1-1772983228,16,"[[""reshare_complete"", ""2026-02-28T13:23:53.762520482Z""], [""reshare_ack"", ""2026-03-08T12:05:49.077673571Z""], [""reshare_keygen_start"", ""2026-03-08T12:05:57.901648182Z""], [""removal_propose"", ""2026-03-08T15:20:31.270674796Z""], [""removal_observed"", ""2026-03-08T15:20:31.282746725Z""], [""removal_vote"", ""2026-03-08T15:20:35.797502985Z""], [""removal_executed"", ""2026-03-08T15:20:51.707761252Z""]]"
2026-03-08T15:22:04.209272Z,removal_1772983228,removal_wait_reshare,25.11,31.00,2230571700,5145023194,127403,120740,10542814,49389565,0,0,534,537,127403,120740,10542280,49389028,1,ok:1,2.97,1.49,16.21,11.72,0.00,1.70,4,4,1,post,2026-03-08T15:20:51.707761252Z,,72.502,removal_executed,2026-03-08T15:20:51.707761252Z,72.502,,,,remove-irs3-member1-1772983228,removal,remove-irs3-member1-1772983228,16,"[[""reshare_complete"", ""2026-02-28T13:23:53.762520482Z""], [""reshare_ack"", ""2026-03-08T12:05:49.077673571Z""], [""reshare_keygen_start"", ""2026-03-08T12:05:57.901648182Z""], [""removal_propose"", ""2026-03-08T15:20:31.270674796Z""], [""removal_observed"", ""2026-03-08T15:20:31.282746725Z""], [""removal_vote"", ""2026-03-08T15:20:35.797502985Z""], [""removal_executed"", ""2026-03-08T15:20:51.707761252Z""]]"
2026-03-08T15:22:05.319901Z,removal_1772983228,removal_wait_reshare,14.85,31.01,2230637672,5145073355,65972,50161,10608786,49439726,0,0,534,537,65972,50161,10608252,49439189,1,ok:1,1.62,1.49,11.60,11.72,0.00,1.70,4,4,1,post,2026-03-08T15:20:51.707761252Z,,73.612,removal_executed,2026-03-08T15:20:51.707761252Z,73.612,,,,remove-irs3-member1-1772983228,removal,remove-irs3-member1-1772983228,16,"[[""reshare_complete"", ""2026-02-28T13:23:53.762520482Z""], [""reshare_ack"", ""2026-03-08T12:05:49.077673571Z""], [""reshare_keygen_start"", ""2026-03-08T12:05:57.901648182Z""], [""removal_propose"", ""2026-03-08T15:20:31.270674796Z""], [""removal_observed"", ""2026-03-08T15:20:31.282746725Z""], [""removal_vote"", ""2026-03-08T15:20:35.797502985Z""], [""removal_executed"", ""2026-03-08T15:20:51.707761252Z""]]"
2026-03-08T15:22:06.417646Z,removal_1772983228,removal_wait_reshare,28.47,30.94,2230786674,5145234458,149002,161103,10757788,49600829,0,0,534,537,149002,161103,10757254,49600292,1,ok:1,13.41,1.39,10.12,11.72,0.00,1.70,4,4,1,post,2026-03-08T15:20:51.707761252Z,,74.710,removal_executed,2026-03-08T15:20:51.707761252Z,74.710,,,,remove-irs3-member1-1772983228,removal,remove-irs3-member1-1772983228,16,"[[""reshare_complete"", ""2026-02-28T13:23:53.762520482Z""], [""reshare_ack"", ""2026-03-08T12:05:49.077673571Z""], [""reshare_keygen_start"", ""2026-03-08T12:05:57.901648182Z""], [""removal_propose"", ""2026-03-08T15:20:31.270674796Z""], [""removal_observed"", ""2026-03-08T15:20:31.282746725Z""], [""removal_vote"", ""2026-03-08T15:20:35.797502985Z""], [""removal_executed"", ""2026-03-08T15:20:51.707761252Z""]]"
2026-03-08T15:22:07.531793Z,removal_1772983228,removal_wait_reshare,27.55,30.88,2230926723,5145373866,140049,139408,10897837,49740237,0,0,534,537,140049,139408,10897303,49739700,1,ok:1,10.45,1.36,14.49,11.72,0.00,1.70,4,4,1,post,2026-03-08T15:20:51.707761252Z,,75.824,removal_executed,2026-03-08T15:20:51.707761252Z,75.824,,,,remove-irs3-member1-1772983228,removal,remove-irs3-member1-1772983228,16,"[[""reshare_complete"", ""2026-02-28T13:23:53.762520482Z""], [""reshare_ack"", ""2026-03-08T12:05:49.077673571Z""], [""reshare_keygen_start"", ""2026-03-08T12:05:57.901648182Z""], [""removal_propose"", ""2026-03-08T15:20:31.270674796Z""], [""removal_observed"", ""2026-03-08T15:20:31.282746725Z""], [""removal_vote"", ""2026-03-08T15:20:35.797502985Z""], [""removal_executed"", ""2026-03-08T15:20:51.707761252Z""]]"
2026-03-08T15:22:08.628258Z,removal_1772983228,removal_wait_reshare,29.86,30.87,2231116692,5145555392,189969,181526,11087806,49921763,0,0,534,537,189969,181526,11087272,49921226,1,ok:1,7.64,1.34,17.13,11.72,0.00,1.70,4,4,1,post,2026-03-08T15:20:51.707761252Z,,76.920,removal_executed,2026-03-08T15:20:51.707761252Z,76.920,,,,remove-irs3-member1-1772983228,removal,remove-irs3-member1-1772983228,16,"[[""reshare_complete"", ""2026-02-28T13:23:53.762520482Z""], [""reshare_ack"", ""2026-03-08T12:05:49.077673571Z""], [""reshare_keygen_start"", ""2026-03-08T12:05:57.901648182Z""], [""removal_propose"", ""2026-03-08T15:20:31.270674796Z""], [""removal_observed"", ""2026-03-08T15:20:31.282746725Z""], [""removal_vote"", ""2026-03-08T15:20:35.797502985Z""], [""removal_executed"", ""2026-03-08T15:20:51.707761252Z""]]"
2026-03-08T15:22:09.733448Z,removal_1772983228,removal_wait_reshare,12.33,30.87,2231159140,5145592501,42448,37109,11130254,49958872,0,0,534,537,42448,37109,11129720,49958335,1,ok:1,0.70,1.34,9.30,11.72,0.23,1.70,4,4,1,post,2026-03-08T15:20:51.707761252Z,,78.026,removal_executed,2026-03-08T15:20:51.707761252Z,78.026,,,,remove-irs3-member1-1772983228,removal,remove-irs3-member1-1772983228,16,"[[""reshare_complete"", ""2026-02-28T13:23:53.762520482Z""], [""reshare_ack"", ""2026-03-08T12:05:49.077673571Z""], [""reshare_keygen_start"", ""2026-03-08T12:05:57.901648182Z""], [""removal_propose"", ""2026-03-08T15:20:31.270674796Z""], [""removal_observed"", ""2026-03-08T15:20:31.282746725Z""], [""removal_vote"", ""2026-03-08T15:20:35.797502985Z""], [""removal_executed"", ""2026-03-08T15:20:51.707761252Z""]]"
2026-03-08T15:22:10.829802Z,removal_1772983228,removal_wait_reshare,61.10,30.88,2231206560,5145647005,47420,54504,11177674,50013376,0,0,534,537,47420,54504,11177140,50012839,1,ok:1,53.78,1.34,5.26,11.72,0.23,1.70,4,4,1,post,2026-03-08T15:20:51.707761252Z,,79.122,removal_executed,2026-03-08T15:20:51.707761252Z,79.122,,,,remove-irs3-member1-1772983228,removal,remove-irs3-member1-1772983228,16,"[[""reshare_complete"", ""2026-02-28T13:23:53.762520482Z""], [""reshare_ack"", ""2026-03-08T12:05:49.077673571Z""], [""reshare_keygen_start"", ""2026-03-08T12:05:57.901648182Z""], [""removal_propose"", ""2026-03-08T15:20:31.270674796Z""], [""removal_observed"", ""2026-03-08T15:20:31.282746725Z""], [""removal_vote"", ""2026-03-08T15:20:35.797502985Z""], [""removal_executed"", ""2026-03-08T15:20:51.707761252Z""]]"
2026-03-08T15:22:12.069566Z,removal_1772983228,removal_wait_reshare,82.05,30.88,2231240444,5145691501,33884,44496,11211558,50057872,0,0,534,537,33884,44496,11211024,50057335,1,ok:1,72.50,1.34,10.68,11.72,0.00,1.70,4,4,1,post,2026-03-08T15:20:51.707761252Z,,80.362,removal_executed,2026-03-08T15:20:51.707761252Z,80.362,,,,remove-irs3-member1-1772983228,removal,remove-irs3-member1-1772983228,16,"[[""reshare_complete"", ""2026-02-28T13:23:53.762520482Z""], [""reshare_ack"", ""2026-03-08T12:05:49.077673571Z""], [""reshare_keygen_start"", ""2026-03-08T12:05:57.901648182Z""], [""removal_propose"", ""2026-03-08T15:20:31.270674796Z""], [""removal_observed"", ""2026-03-08T15:20:31.282746725Z""], [""removal_vote"", ""2026-03-08T15:20:35.797502985Z""], [""removal_executed"", ""2026-03-08T15:20:51.707761252Z""]]"
2026-03-08T15:22:13.176143Z,removal_1772983228,removal_wait_reshare,83.67,30.89,2231287047,5145729259,46603,37758,11258161,50095630,0,0,534,537,46603,37758,11257627,50095093,1,ok:1,68.78,1.35,6.53,11.72,0.00,1.70,4,4,1,post,2026-03-08T15:20:51.707761252Z,,81.468,removal_executed,2026-03-08T15:20:51.707761252Z,81.468,,,,remove-irs3-member1-1772983228,removal,remove-irs3-member1-1772983228,16,"[[""reshare_complete"", ""2026-02-28T13:23:53.762520482Z""], [""reshare_ack"", ""2026-03-08T12:05:49.077673571Z""], [""reshare_keygen_start"", ""2026-03-08T12:05:57.901648182Z""], [""removal_propose"", ""2026-03-08T15:20:31.270674796Z""], [""removal_observed"", ""2026-03-08T15:20:31.282746725Z""], [""removal_vote"", ""2026-03-08T15:20:35.797502985Z""], [""removal_executed"", ""2026-03-08T15:20:51.707761252Z""]]"
2026-03-08T15:22:14.268464Z,removal_1772983228,removal_wait_reshare,81.24,30.89,2231334055,5145770527,47008,41268,11305169,50136898,0,0,534,537,47008,41268,11304635,50136361,1,ok:1,72.54,1.36,6.41,11.72,0.00,1.70,4,4,1,post,2026-03-08T15:20:51.707761252Z,,82.561,removal_executed,2026-03-08T15:20:51.707761252Z,82.561,,,,remove-irs3-member1-1772983228,removal,remove-irs3-member1-1772983228,16,"[[""reshare_complete"", ""2026-02-28T13:23:53.762520482Z""], [""reshare_ack"", ""2026-03-08T12:05:49.077673571Z""], [""reshare_keygen_start"", ""2026-03-08T12:05:57.901648182Z""], [""removal_propose"", ""2026-03-08T15:20:31.270674796Z""], [""removal_observed"", ""2026-03-08T15:20:31.282746725Z""], [""removal_vote"", ""2026-03-08T15:20:35.797502985Z""], [""removal_executed"", ""2026-03-08T15:20:51.707761252Z""]]"
2026-03-08T15:22:15.406257Z,removal_1772983228,removal_wait_reshare,81.38,30.89,2231360415,5145807220,26360,36693,11331529,50173591,0,0,534,537,26360,36693,11330995,50173054,1,ok:1,73.79,1.36,6.90,11.72,0.00,1.70,4,4,1,post,2026-03-08T15:20:51.707761252Z,,83.698,removal_executed,2026-03-08T15:20:51.707761252Z,83.698,,,,remove-irs3-member1-1772983228,removal,remove-irs3-member1-1772983228,16,"[[""reshare_complete"", ""2026-02-28T13:23:53.762520482Z""], [""reshare_ack"", ""2026-03-08T12:05:49.077673571Z""], [""reshare_keygen_start"", ""2026-03-08T12:05:57.901648182Z""], [""removal_propose"", ""2026-03-08T15:20:31.270674796Z""], [""removal_observed"", ""2026-03-08T15:20:31.282746725Z""], [""removal_vote"", ""2026-03-08T15:20:35.797502985Z""], [""removal_executed"", ""2026-03-08T15:20:51.707761252Z""]]"
2026-03-08T15:22:16.514729Z,removal_1772983228,removal_wait_reshare,82.89,30.89,2231415710,5145842783,55295,35563,11386824,50209154,0,0,534,537,55295,35563,11386290,50208617,1,ok:1,69.08,1.37,8.55,11.72,0.00,1.70,4,4,1,post,2026-03-08T15:20:51.707761252Z,,84.807,removal_executed,2026-03-08T15:20:51.707761252Z,84.807,,,,remove-irs3-member1-1772983228,removal,remove-irs3-member1-1772983228,16,"[[""reshare_complete"", ""2026-02-28T13:23:53.762520482Z""], [""reshare_ack"", ""2026-03-08T12:05:49.077673571Z""], [""reshare_keygen_start"", ""2026-03-08T12:05:57.901648182Z""], [""removal_propose"", ""2026-03-08T15:20:31.270674796Z""], [""removal_observed"", ""2026-03-08T15:20:31.282746725Z""], [""removal_vote"", ""2026-03-08T15:20:35.797502985Z""], [""removal_executed"", ""2026-03-08T15:20:51.707761252Z""]]"
2026-03-08T15:22:17.613412Z,removal_1772983228,removal_wait_reshare,62.06,30.91,2232797496,5152649969,1381786,6807186,12768610,57016340,0,0,534,537,1381786,6807186,12768076,57015803,1,ok:1,41.22,1.47,14.29,11.72,0.00,1.70,4,4,1,post,2026-03-08T15:20:51.707761252Z,,85.906,removal_executed,2026-03-08T15:20:51.707761252Z,85.906,,,,remove-irs3-member1-1772983228,removal,remove-irs3-member1-1772983228,16,"[[""reshare_complete"", ""2026-02-28T13:23:53.762520482Z""], [""reshare_ack"", ""2026-03-08T12:05:49.077673571Z""], [""reshare_keygen_start"", ""2026-03-08T12:05:57.901648182Z""], [""removal_propose"", ""2026-03-08T15:20:31.270674796Z""], [""removal_observed"", ""2026-03-08T15:20:31.282746725Z""], [""removal_vote"", ""2026-03-08T15:20:35.797502985Z""], [""removal_executed"", ""2026-03-08T15:20:51.707761252Z""]]"
2026-03-08T15:22:18.722841Z,removal_1772983228,removal_wait_reshare,42.05,31.01,2237834707,5155270331,5037211,2620362,17805821,59636702,0,0,534,537,5037211,2620362,17805287,59636165,1,ok:1,27.63,1.54,14.67,11.72,0.24,1.70,4,4,1,post,2026-03-08T15:20:51.707761252Z,,87.015,removal_executed,2026-03-08T15:20:51.707761252Z,87.015,,,,remove-irs3-member1-1772983228,removal,remove-irs3-member1-1772983228,16,"[[""reshare_complete"", ""2026-02-28T13:23:53.762520482Z""], [""reshare_ack"", ""2026-03-08T12:05:49.077673571Z""], [""reshare_keygen_start"", ""2026-03-08T12:05:57.901648182Z""], [""removal_propose"", ""2026-03-08T15:20:31.270674796Z""], [""removal_observed"", ""2026-03-08T15:20:31.282746725Z""], [""removal_vote"", ""2026-03-08T15:20:35.797502985Z""], [""removal_executed"", ""2026-03-08T15:20:51.707761252Z""]]"
2026-03-08T15:22:19.833060Z,removal_1772983228,removal_wait_reshare,41.55,31.09,2240532852,5156491717,2698145,1221386,20503966,60858088,0,0,534,537,2698145,1221386,20503432,60857551,1,ok:1,27.00,1.63,9.39,11.72,0.00,1.70,4,4,1,post,2026-03-08T15:20:51.707761252Z,,88.125,removal_executed,2026-03-08T15:20:51.707761252Z,88.125,,,,remove-irs3-member1-1772983228,removal,remove-irs3-member1-1772983228,16,"[[""reshare_complete"", ""2026-02-28T13:23:53.762520482Z""], [""reshare_ack"", ""2026-03-08T12:05:49.077673571Z""], [""reshare_keygen_start"", ""2026-03-08T12:05:57.901648182Z""], [""removal_propose"", ""2026-03-08T15:20:31.270674796Z""], [""removal_observed"", ""2026-03-08T15:20:31.282746725Z""], [""removal_vote"", ""2026-03-08T15:20:35.797502985Z""], [""removal_executed"", ""2026-03-08T15:20:51.707761252Z""]]"
2026-03-08T15:22:21.086760Z,removal_1772983228,removal_wait_reshare,67.43,31.12,2242168497,5156837728,1635645,346011,22139611,61204099,0,0,534,537,1635645,346011,22139077,61203562,1,ok:1,62.39,1.69,8.94,11.67,0.00,1.70,4,4,1,post,2026-03-08T15:20:51.707761252Z,,89.379,removal_executed,2026-03-08T15:20:51.707761252Z,89.379,,,,remove-irs3-member1-1772983228,removal,remove-irs3-member1-1772983228,16,"[[""reshare_complete"", ""2026-02-28T13:23:53.762520482Z""], [""reshare_ack"", ""2026-03-08T12:05:49.077673571Z""], [""reshare_keygen_start"", ""2026-03-08T12:05:57.901648182Z""], [""removal_propose"", ""2026-03-08T15:20:31.270674796Z""], [""removal_observed"", ""2026-03-08T15:20:31.282746725Z""], [""removal_vote"", ""2026-03-08T15:20:35.797502985Z""], [""removal_executed"", ""2026-03-08T15:20:51.707761252Z""]]"
2026-03-08T15:22:22.489373Z,removal_1772983228,removal_wait_reshare,100.00,31.13,2242208601,5156887774,40104,50046,22179715,61254145,0,0,534,537,40104,50046,22179181,61253608,1,ok:1,90.02,1.70,10.38,11.67,0.00,1.70,4,4,1,post,2026-03-08T15:20:51.707761252Z,,90.782,removal_executed,2026-03-08T15:20:51.707761252Z,90.782,,,,remove-irs3-member1-1772983228,removal,remove-irs3-member1-1772983228,16,"[[""reshare_complete"", ""2026-02-28T13:23:53.762520482Z""], [""reshare_ack"", ""2026-03-08T12:05:49.077673571Z""], [""reshare_keygen_start"", ""2026-03-08T12:05:57.901648182Z""], [""removal_propose"", ""2026-03-08T15:20:31.270674796Z""], [""removal_observed"", ""2026-03-08T15:20:31.282746725Z""], [""removal_vote"", ""2026-03-08T15:20:35.797502985Z""], [""removal_executed"", ""2026-03-08T15:20:51.707761252Z""]]"
2026-03-08T15:22:23.819400Z,removal_1772983228,removal_wait_reshare,100.00,31.14,2242273615,5156957015,65014,69241,22244729,61323386,0,0,534,537,65014,69241,22244195,61322849,1,ok:1,85.03,1.71,9.80,11.67,0.18,1.70,4,4,1,post,2026-03-08T15:20:51.707761252Z,,92.112,removal_executed,2026-03-08T15:20:51.707761252Z,92.112,,,,remove-irs3-member1-1772983228,removal,remove-irs3-member1-1772983228,16,"[[""reshare_complete"", ""2026-02-28T13:23:53.762520482Z""], [""reshare_ack"", ""2026-03-08T12:05:49.077673571Z""], [""reshare_keygen_start"", ""2026-03-08T12:05:57.901648182Z""], [""removal_propose"", ""2026-03-08T15:20:31.270674796Z""], [""removal_observed"", ""2026-03-08T15:20:31.282746725Z""], [""removal_vote"", ""2026-03-08T15:20:35.797502985Z""], [""removal_executed"", ""2026-03-08T15:20:51.707761252Z""]]"
2026-03-08T15:22:25.080831Z,removal_1772983228,removal_wait_reshare,100.00,31.14,2242330146,5157000294,56531,43279,22301260,61366665,0,0,534,537,56531,43279,22300726,61366128,1,ok:1,90.40,1.72,5.84,11.67,0.00,1.70,4,4,1,post,2026-03-08T15:20:51.707761252Z,,93.373,removal_executed,2026-03-08T15:20:51.707761252Z,93.373,,,,remove-irs3-member1-1772983228,removal,remove-irs3-member1-1772983228,16,"[[""reshare_complete"", ""2026-02-28T13:23:53.762520482Z""], [""reshare_ack"", ""2026-03-08T12:05:49.077673571Z""], [""reshare_keygen_start"", ""2026-03-08T12:05:57.901648182Z""], [""removal_propose"", ""2026-03-08T15:20:31.270674796Z""], [""removal_observed"", ""2026-03-08T15:20:31.282746725Z""], [""removal_vote"", ""2026-03-08T15:20:35.797502985Z""], [""removal_executed"", ""2026-03-08T15:20:51.707761252Z""]]"
2026-03-08T15:22:26.356745Z,removal_1772983228,removal_wait_reshare,99.80,31.15,2242371345,5157046301,41199,46007,22342459,61412672,0,0,534,537,41199,46007,22341925,61412135,1,ok:1,91.29,1.73,7.13,11.67,0.00,1.70,4,4,1,post,2026-03-08T15:20:51.707761252Z,,94.649,removal_executed,2026-03-08T15:20:51.707761252Z,94.649,,,,remove-irs3-member1-1772983228,removal,remove-irs3-member1-1772983228,16,"[[""reshare_complete"", ""2026-02-28T13:23:53.762520482Z""], [""reshare_ack"", ""2026-03-08T12:05:49.077673571Z""], [""reshare_keygen_start"", ""2026-03-08T12:05:57.901648182Z""], [""removal_propose"", ""2026-03-08T15:20:31.270674796Z""], [""removal_observed"", ""2026-03-08T15:20:31.282746725Z""], [""removal_vote"", ""2026-03-08T15:20:35.797502985Z""], [""removal_executed"", ""2026-03-08T15:20:51.707761252Z""]]"
2026-03-08T15:22:27.713791Z,removal_1772983228,removal_wait_reshare,100.00,31.16,2242408600,5157088991,37255,42690,22379714,61455362,0,0,534,537,37255,42690,22379180,61454825,1,ok:1,84.93,1.74,10.18,11.64,0.00,1.70,4,4,1,post,2026-03-08T15:20:51.707761252Z,,96.006,removal_executed,2026-03-08T15:20:51.707761252Z,96.006,,,,remove-irs3-member1-1772983228,removal,remove-irs3-member1-1772983228,16,"[[""reshare_complete"", ""2026-02-28T13:23:53.762520482Z""], [""reshare_ack"", ""2026-03-08T12:05:49.077673571Z""], [""reshare_keygen_start"", ""2026-03-08T12:05:57.901648182Z""], [""removal_propose"", ""2026-03-08T15:20:31.270674796Z""], [""removal_observed"", ""2026-03-08T15:20:31.282746725Z""], [""removal_vote"", ""2026-03-08T15:20:35.797502985Z""], [""removal_executed"", ""2026-03-08T15:20:51.707761252Z""]]"
2026-03-08T15:22:28.919917Z,removal_1772983228,removal_wait_reshare,100.00,31.17,2242505156,5157168278,96556,79287,22476270,61534649,0,0,534,537,96556,79287,22475736,61534112,1,ok:1,84.13,1.75,9.59,11.64,0.00,1.70,4,4,1,post,2026-03-08T15:20:51.707761252Z,,97.212,removal_executed,2026-03-08T15:20:51.707761252Z,97.212,,,,remove-irs3-member1-1772983228,removal,remove-irs3-member1-1772983228,16,"[[""reshare_complete"", ""2026-02-28T13:23:53.762520482Z""], [""reshare_ack"", ""2026-03-08T12:05:49.077673571Z""], [""reshare_keygen_start"", ""2026-03-08T12:05:57.901648182Z""], [""removal_propose"", ""2026-03-08T15:20:31.270674796Z""], [""removal_observed"", ""2026-03-08T15:20:31.282746725Z""], [""removal_vote"", ""2026-03-08T15:20:35.797502985Z""], [""removal_executed"", ""2026-03-08T15:20:51.707761252Z""]]"
2026-03-08T15:22:30.182153Z,removal_1772983228,removal_wait_reshare,100.00,31.17,2242534614,5157219337,29458,51059,22505728,61585708,0,0,534,537,29458,51059,22505194,61585171,1,ok:1,93.36,1.75,5.39,11.64,0.00,1.70,4,4,1,post,2026-03-08T15:20:51.707761252Z,,98.474,removal_executed,2026-03-08T15:20:51.707761252Z,98.474,,,,remove-irs3-member1-1772983228,removal,remove-irs3-member1-1772983228,16,"[[""reshare_complete"", ""2026-02-28T13:23:53.762520482Z""], [""reshare_ack"", ""2026-03-08T12:05:49.077673571Z""], [""reshare_keygen_start"", ""2026-03-08T12:05:57.901648182Z""], [""removal_propose"", ""2026-03-08T15:20:31.270674796Z""], [""removal_observed"", ""2026-03-08T15:20:31.282746725Z""], [""removal_vote"", ""2026-03-08T15:20:35.797502985Z""], [""removal_executed"", ""2026-03-08T15:20:51.707761252Z""]]"
2026-03-08T15:22:31.508897Z,removal_1772983228,removal_wait_reshare,100.00,31.17,2242559499,5157249544,24885,30207,22530613,61615915,0,0,534,537,24885,30207,22530079,61615378,1,ok:1,95.25,1.77,6.14,11.64,0.20,1.70,4,4,1,post,2026-03-08T15:20:51.707761252Z,,99.801,removal_executed,2026-03-08T15:20:51.707761252Z,99.801,,,,remove-irs3-member1-1772983228,removal,remove-irs3-member1-1772983228,16,"[[""reshare_complete"", ""2026-02-28T13:23:53.762520482Z""], [""reshare_ack"", ""2026-03-08T12:05:49.077673571Z""], [""reshare_keygen_start"", ""2026-03-08T12:05:57.901648182Z""], [""removal_propose"", ""2026-03-08T15:20:31.270674796Z""], [""removal_observed"", ""2026-03-08T15:20:31.282746725Z""], [""removal_vote"", ""2026-03-08T15:20:35.797502985Z""], [""removal_executed"", ""2026-03-08T15:20:51.707761252Z""]]"
2026-03-08T15:22:32.795030Z,removal_1772983228,removal_wait_reshare,100.00,31.19,2242618138,5157311534,58639,61990,22589252,61677905,0,0,534,537,58639,61990,22588718,61677368,1,ok:1,81.73,1.78,11.11,11.64,0.00,1.70,4,4,1,post,2026-03-08T15:20:51.707761252Z,,101.087,removal_executed,2026-03-08T15:20:51.707761252Z,101.087,,,,remove-irs3-member1-1772983228,removal,remove-irs3-member1-1772983228,16,"[[""reshare_complete"", ""2026-02-28T13:23:53.762520482Z""], [""reshare_ack"", ""2026-03-08T12:05:49.077673571Z""], [""reshare_keygen_start"", ""2026-03-08T12:05:57.901648182Z""], [""removal_propose"", ""2026-03-08T15:20:31.270674796Z""], [""removal_observed"", ""2026-03-08T15:20:31.282746725Z""], [""removal_vote"", ""2026-03-08T15:20:35.797502985Z""], [""removal_executed"", ""2026-03-08T15:20:51.707761252Z""]]"
2026-03-08T15:22:34.088168Z,removal_1772983228,removal_wait_reshare,100.00,31.20,2242693909,5157369115,75771,57581,22665023,61735486,0,0,534,537,75771,57581,22664489,61734949,1,ok:1,86.80,1.78,8.93,11.64,0.00,1.70,4,4,1,post,2026-03-08T15:20:51.707761252Z,,102.380,removal_executed,2026-03-08T15:20:51.707761252Z,102.380,,,,remove-irs3-member1-1772983228,removal,remove-irs3-member1-1772983228,16,"[[""reshare_complete"", ""2026-02-28T13:23:53.762520482Z""], [""reshare_ack"", ""2026-03-08T12:05:49.077673571Z""], [""reshare_keygen_start"", ""2026-03-08T12:05:57.901648182Z""], [""removal_propose"", ""2026-03-08T15:20:31.270674796Z""], [""removal_observed"", ""2026-03-08T15:20:31.282746725Z""], [""removal_vote"", ""2026-03-08T15:20:35.797502985Z""], [""removal_executed"", ""2026-03-08T15:20:51.707761252Z""]]"
2026-03-08T15:22:35.489955Z,removal_1772983228,removal_wait_reshare,100.00,31.20,2242722363,5157399160,28454,30045,22693477,61765531,0,0,534,537,28454,30045,22692943,61764994,1,ok:1,96.32,1.80,6.59,11.64,0.00,1.70,4,4,1,post,2026-03-08T15:20:51.707761252Z,,103.782,removal_executed,2026-03-08T15:20:51.707761252Z,103.782,,,,remove-irs3-member1-1772983228,removal,remove-irs3-member1-1772983228,16,"[[""reshare_complete"", ""2026-02-28T13:23:53.762520482Z""], [""reshare_ack"", ""2026-03-08T12:05:49.077673571Z""], [""reshare_keygen_start"", ""2026-03-08T12:05:57.901648182Z""], [""removal_propose"", ""2026-03-08T15:20:31.270674796Z""], [""removal_observed"", ""2026-03-08T15:20:31.282746725Z""], [""removal_vote"", ""2026-03-08T15:20:35.797502985Z""], [""removal_executed"", ""2026-03-08T15:20:51.707761252Z""]]"
2026-03-08T15:22:36.768459Z,removal_1772983228,removal_wait_reshare,100.00,31.20,2242775932,5157447457,53569,48297,22747046,61813828,0,0,534,537,53569,48297,22746512,61813291,1,ok:1,84.34,1.80,7.30,11.64,0.00,1.70,4,4,1,post,2026-03-08T15:20:51.707761252Z,,105.061,removal_executed,2026-03-08T15:20:51.707761252Z,105.061,,,,remove-irs3-member1-1772983228,removal,remove-irs3-member1-1772983228,16,"[[""reshare_complete"", ""2026-02-28T13:23:53.762520482Z""], [""reshare_ack"", ""2026-03-08T12:05:49.077673571Z""], [""reshare_keygen_start"", ""2026-03-08T12:05:57.901648182Z""], [""removal_propose"", ""2026-03-08T15:20:31.270674796Z""], [""removal_observed"", ""2026-03-08T15:20:31.282746725Z""], [""removal_vote"", ""2026-03-08T15:20:35.797502985Z""], [""removal_executed"", ""2026-03-08T15:20:51.707761252Z""]]"
2026-03-08T15:22:38.048410Z,removal_1772983228,removal_wait_reshare,100.00,31.20,2242836368,5157507302,60436,59845,22807482,61873673,0,0,534,537,60436,59845,22806948,61873136,1,ok:1,89.80,1.80,11.37,11.64,0.00,1.70,4,4,1,post,2026-03-08T15:20:51.707761252Z,,106.341,removal_executed,2026-03-08T15:20:51.707761252Z,106.341,,,,remove-irs3-member1-1772983228,removal,remove-irs3-member1-1772983228,16,"[[""reshare_complete"", ""2026-02-28T13:23:53.762520482Z""], [""reshare_ack"", ""2026-03-08T12:05:49.077673571Z""], [""reshare_keygen_start"", ""2026-03-08T12:05:57.901648182Z""], [""removal_propose"", ""2026-03-08T15:20:31.270674796Z""], [""removal_observed"", ""2026-03-08T15:20:31.282746725Z""], [""removal_vote"", ""2026-03-08T15:20:35.797502985Z""], [""removal_executed"", ""2026-03-08T15:20:51.707761252Z""]]"
2026-03-08T15:22:39.406461Z,removal_1772983228,removal_wait_reshare,100.00,31.21,2242882605,5157556906,46237,49604,22853719,61923277,0,0,534,537,46237,49604,22853185,61922740,1,ok:1,90.43,1.81,5.86,11.64,0.00,1.70,4,4,1,post,2026-03-08T15:20:51.707761252Z,,107.699,removal_executed,2026-03-08T15:20:51.707761252Z,107.699,,,,remove-irs3-member1-1772983228,removal,remove-irs3-member1-1772983228,16,"[[""reshare_complete"", ""2026-02-28T13:23:53.762520482Z""], [""reshare_ack"", ""2026-03-08T12:05:49.077673571Z""], [""reshare_keygen_start"", ""2026-03-08T12:05:57.901648182Z""], [""removal_propose"", ""2026-03-08T15:20:31.270674796Z""], [""removal_observed"", ""2026-03-08T15:20:31.282746725Z""], [""removal_vote"", ""2026-03-08T15:20:35.797502985Z""], [""removal_executed"", ""2026-03-08T15:20:51.707761252Z""]]"
2026-03-08T15:22:40.679331Z,removal_1772983228,removal_wait_reshare,100.00,31.21,2242936095,5157606414,53490,49508,22907209,61972785,0,0,534,537,53490,49508,22906675,61972248,1,ok:1,87.50,1.81,6.80,11.64,0.00,1.70,4,4,1,post,2026-03-08T15:20:51.707761252Z,,108.972,removal_executed,2026-03-08T15:20:51.707761252Z,108.972,,,,remove-irs3-member1-1772983228,removal,remove-irs3-member1-1772983228,16,"[[""reshare_complete"", ""2026-02-28T13:23:53.762520482Z""], [""reshare_ack"", ""2026-03-08T12:05:49.077673571Z""], [""reshare_keygen_start"", ""2026-03-08T12:05:57.901648182Z""], [""removal_propose"", ""2026-03-08T15:20:31.270674796Z""], [""removal_observed"", ""2026-03-08T15:20:31.282746725Z""], [""removal_vote"", ""2026-03-08T15:20:35.797502985Z""], [""removal_executed"", ""2026-03-08T15:20:51.707761252Z""]]"
2026-03-08T15:22:41.955581Z,removal_1772983228,removal_wait_reshare,100.00,31.21,2242982635,5157652740,46540,46326,22953749,62019111,0,0,534,537,46540,46326,22953215,62018574,1,ok:1,91.36,1.81,7.27,11.64,0.00,1.70,4,4,1,post,2026-03-08T15:20:51.707761252Z,,110.248,removal_executed,2026-03-08T15:20:51.707761252Z,110.248,,,,remove-irs3-member1-1772983228,removal,remove-irs3-member1-1772983228,16,"[[""reshare_complete"", ""2026-02-28T13:23:53.762520482Z""], [""reshare_ack"", ""2026-03-08T12:05:49.077673571Z""], [""reshare_keygen_start"", ""2026-03-08T12:05:57.901648182Z""], [""removal_propose"", ""2026-03-08T15:20:31.270674796Z""], [""removal_observed"", ""2026-03-08T15:20:31.282746725Z""], [""removal_vote"", ""2026-03-08T15:20:35.797502985Z""], [""removal_executed"", ""2026-03-08T15:20:51.707761252Z""]]"
2026-03-08T15:22:43.212446Z,removal_1772983228,removal_wait_reshare,100.00,31.22,2243030393,5157695860,47758,43120,23001507,62062231,0,0,534,537,47758,43120,23000973,62061694,1,ok:1,85.58,1.81,8.77,11.64,0.00,1.70,4,4,1,post,2026-03-08T15:20:51.707761252Z,,111.505,removal_executed,2026-03-08T15:20:51.707761252Z,111.505,,,,remove-irs3-member1-1772983228,removal,remove-irs3-member1-1772983228,16,"[[""reshare_complete"", ""2026-02-28T13:23:53.762520482Z""], [""reshare_ack"", ""2026-03-08T12:05:49.077673571Z""], [""reshare_keygen_start"", ""2026-03-08T12:05:57.901648182Z""], [""removal_propose"", ""2026-03-08T15:20:31.270674796Z""], [""removal_observed"", ""2026-03-08T15:20:31.282746725Z""], [""removal_vote"", ""2026-03-08T15:20:35.797502985Z""], [""removal_executed"", ""2026-03-08T15:20:51.707761252Z""]]"
2026-03-08T15:22:44.584168Z,removal_1772983228,removal_wait_reshare,100.00,31.21,2243077943,5157734960,47550,39100,23049057,62101331,0,0,534,537,47550,39100,23048523,62100794,1,ok:1,90.40,1.81,9.20,11.64,0.00,1.70,4,4,1,post,2026-03-08T15:20:51.707761252Z,,112.876,removal_executed,2026-03-08T15:20:51.707761252Z,112.876,,,,remove-irs3-member1-1772983228,removal,remove-irs3-member1-1772983228,16,"[[""reshare_complete"", ""2026-02-28T13:23:53.762520482Z""], [""reshare_ack"", ""2026-03-08T12:05:49.077673571Z""], [""reshare_keygen_start"", ""2026-03-08T12:05:57.901648182Z""], [""removal_propose"", ""2026-03-08T15:20:31.270674796Z""], [""removal_observed"", ""2026-03-08T15:20:31.282746725Z""], [""removal_vote"", ""2026-03-08T15:20:35.797502985Z""], [""removal_executed"", ""2026-03-08T15:20:51.707761252Z""]]"
2026-03-08T15:22:45.873680Z,removal_1772983228,removal_wait_reshare,100.00,31.22,2243122452,5157770429,44509,35469,23093566,62136800,0,0,534,537,44509,35469,23093032,62136263,1,ok:1,89.05,1.81,7.66,11.64,0.00,1.70,4,4,1,post,2026-03-08T15:20:51.707761252Z,,114.166,removal_executed,2026-03-08T15:20:51.707761252Z,114.166,,,,remove-irs3-member1-1772983228,removal,remove-irs3-member1-1772983228,16,"[[""reshare_complete"", ""2026-02-28T13:23:53.762520482Z""], [""reshare_ack"", ""2026-03-08T12:05:49.077673571Z""], [""reshare_keygen_start"", ""2026-03-08T12:05:57.901648182Z""], [""removal_propose"", ""2026-03-08T15:20:31.270674796Z""], [""removal_observed"", ""2026-03-08T15:20:31.282746725Z""], [""removal_vote"", ""2026-03-08T15:20:35.797502985Z""], [""removal_executed"", ""2026-03-08T15:20:51.707761252Z""]]"
2026-03-08T15:22:47.062499Z,removal_1772983228,removal_wait_reshare,100.00,31.22,2243165486,5157817642,43034,47213,23136600,62184013,0,0,534,537,43034,47213,23136066,62183476,1,ok:1,87.84,1.81,6.76,11.64,0.00,1.70,4,4,1,post,2026-03-08T15:20:51.707761252Z,,115.355,removal_executed,2026-03-08T15:20:51.707761252Z,115.355,,,,remove-irs3-member1-1772983228,removal,remove-irs3-member1-1772983228,16,"[[""reshare_complete"", ""2026-02-28T13:23:53.762520482Z""], [""reshare_ack"", ""2026-03-08T12:05:49.077673571Z""], [""reshare_keygen_start"", ""2026-03-08T12:05:57.901648182Z""], [""removal_propose"", ""2026-03-08T15:20:31.270674796Z""], [""removal_observed"", ""2026-03-08T15:20:31.282746725Z""], [""removal_vote"", ""2026-03-08T15:20:35.797502985Z""], [""removal_executed"", ""2026-03-08T15:20:51.707761252Z""]]"
2026-03-08T15:22:48.435705Z,removal_1772983228,removal_wait_reshare,100.00,31.22,2243218368,5157868694,52882,51052,23189482,62235065,0,0,534,537,52882,51052,23188948,62234528,1,ok:1,89.26,1.82,9.68,11.64,0.42,1.70,4,4,1,post,2026-03-08T15:20:51.707761252Z,,116.728,removal_executed,2026-03-08T15:20:51.707761252Z,116.728,,,,remove-irs3-member1-1772983228,removal,remove-irs3-member1-1772983228,16,"[[""reshare_complete"", ""2026-02-28T13:23:53.762520482Z""], [""reshare_ack"", ""2026-03-08T12:05:49.077673571Z""], [""reshare_keygen_start"", ""2026-03-08T12:05:57.901648182Z""], [""removal_propose"", ""2026-03-08T15:20:31.270674796Z""], [""removal_observed"", ""2026-03-08T15:20:31.282746725Z""], [""removal_vote"", ""2026-03-08T15:20:35.797502985Z""], [""removal_executed"", ""2026-03-08T15:20:51.707761252Z""]]"
2026-03-08T15:22:49.736467Z,removal_1772983228,removal_wait_reshare,100.00,31.23,2243278727,5157921575,60359,52881,23249841,62287946,0,0,534,537,60359,52881,23249307,62287409,1,ok:1,87.25,1.83,8.01,11.64,0.00,1.70,4,4,1,post,2026-03-08T15:20:51.707761252Z,,118.029,removal_executed,2026-03-08T15:20:51.707761252Z,118.029,,,,remove-irs3-member1-1772983228,removal,remove-irs3-member1-1772983228,16,"[[""reshare_complete"", ""2026-02-28T13:23:53.762520482Z""], [""reshare_ack"", ""2026-03-08T12:05:49.077673571Z""], [""reshare_keygen_start"", ""2026-03-08T12:05:57.901648182Z""], [""removal_propose"", ""2026-03-08T15:20:31.270674796Z""], [""removal_observed"", ""2026-03-08T15:20:31.282746725Z""], [""removal_vote"", ""2026-03-08T15:20:35.797502985Z""], [""removal_executed"", ""2026-03-08T15:20:51.707761252Z""]]"
2026-03-08T15:22:51.027199Z,removal_1772983228,removal_wait_reshare,100.00,31.23,2243321367,5157961649,42640,40074,23292481,62328020,0,0,534,537,42640,40074,23291947,62327483,1,ok:1,93.83,1.83,5.20,11.64,0.00,1.70,4,4,1,post,2026-03-08T15:20:51.707761252Z,,119.319,removal_executed,2026-03-08T15:20:51.707761252Z,119.319,,,,remove-irs3-member1-1772983228,removal,remove-irs3-member1-1772983228,16,"[[""reshare_complete"", ""2026-02-28T13:23:53.762520482Z""], [""reshare_ack"", ""2026-03-08T12:05:49.077673571Z""], [""reshare_keygen_start"", ""2026-03-08T12:05:57.901648182Z""], [""removal_propose"", ""2026-03-08T15:20:31.270674796Z""], [""removal_observed"", ""2026-03-08T15:20:31.282746725Z""], [""removal_vote"", ""2026-03-08T15:20:35.797502985Z""], [""removal_executed"", ""2026-03-08T15:20:51.707761252Z""]]"
2026-03-08T15:22:52.254007Z,removal_1772983228,removal_wait_reshare,100.00,31.19,2243371942,5158024940,50575,63291,23343056,62391311,0,0,534,537,50575,63291,23342522,62390774,1,ok:1,83.95,1.76,10.06,11.63,0.00,1.70,4,4,1,post,2026-03-08T15:20:51.707761252Z,,120.546,removal_executed,2026-03-08T15:20:51.707761252Z,120.546,,,,remove-irs3-member1-1772983228,removal,remove-irs3-member1-1772983228,16,"[[""reshare_complete"", ""2026-02-28T13:23:53.762520482Z""], [""reshare_ack"", ""2026-03-08T12:05:49.077673571Z""], [""reshare_keygen_start"", ""2026-03-08T12:05:57.901648182Z""], [""removal_propose"", ""2026-03-08T15:20:31.270674796Z""], [""removal_observed"", ""2026-03-08T15:20:31.282746725Z""], [""removal_vote"", ""2026-03-08T15:20:35.797502985Z""], [""removal_executed"", ""2026-03-08T15:20:51.707761252Z""]]"
2026-03-08T15:22:53.707679Z,removal_1772983228,removal_wait_reshare,100.00,31.19,2243428578,5158081083,56636,56143,23399692,62447454,0,0,534,537,56636,56143,23399158,62446917,1,ok:1,92.68,1.76,12.40,11.63,0.00,1.70,4,4,1,post,2026-03-08T15:20:51.707761252Z,,122.000,removal_executed,2026-03-08T15:20:51.707761252Z,122.000,,,,remove-irs3-member1-1772983228,removal,remove-irs3-member1-1772983228,16,"[[""reshare_complete"", ""2026-02-28T13:23:53.762520482Z""], [""reshare_ack"", ""2026-03-08T12:05:49.077673571Z""], [""reshare_keygen_start"", ""2026-03-08T12:05:57.901648182Z""], [""removal_propose"", ""2026-03-08T15:20:31.270674796Z""], [""removal_observed"", ""2026-03-08T15:20:31.282746725Z""], [""removal_vote"", ""2026-03-08T15:20:35.797502985Z""], [""removal_executed"", ""2026-03-08T15:20:51.707761252Z""]]"
2026-03-08T15:22:54.857065Z,removal_1772983228,removal_wait_reshare,100.00,31.19,2243481335,5158136428,52757,55345,23452449,62502799,0,0,534,537,52757,55345,23451915,62502262,1,ok:1,86.21,1.76,4.31,11.63,0.00,1.70,4,4,1,post,2026-03-08T15:20:51.707761252Z,,123.149,removal_executed,2026-03-08T15:20:51.707761252Z,123.149,,,,remove-irs3-member1-1772983228,removal,remove-irs3-member1-1772983228,16,"[[""reshare_complete"", ""2026-02-28T13:23:53.762520482Z""], [""reshare_ack"", ""2026-03-08T12:05:49.077673571Z""], [""reshare_keygen_start"", ""2026-03-08T12:05:57.901648182Z""], [""removal_propose"", ""2026-03-08T15:20:31.270674796Z""], [""removal_observed"", ""2026-03-08T15:20:31.282746725Z""], [""removal_vote"", ""2026-03-08T15:20:35.797502985Z""], [""removal_executed"", ""2026-03-08T15:20:51.707761252Z""]]"
2026-03-08T15:22:56.132087Z,removal_1772983228,removal_wait_reshare,100.00,31.19,2243523309,5158176986,41974,40558,23494423,62543357,0,0,534,537,41974,40558,23493889,62542820,1,ok:1,88.26,1.76,8.48,11.63,0.00,1.70,4,4,1,post,2026-03-08T15:20:51.707761252Z,,124.424,removal_executed,2026-03-08T15:20:51.707761252Z,124.424,,,,remove-irs3-member1-1772983228,removal,remove-irs3-member1-1772983228,16,"[[""reshare_complete"", ""2026-02-28T13:23:53.762520482Z""], [""reshare_ack"", ""2026-03-08T12:05:49.077673571Z""], [""reshare_keygen_start"", ""2026-03-08T12:05:57.901648182Z""], [""removal_propose"", ""2026-03-08T15:20:31.270674796Z""], [""removal_observed"", ""2026-03-08T15:20:31.282746725Z""], [""removal_vote"", ""2026-03-08T15:20:35.797502985Z""], [""removal_executed"", ""2026-03-08T15:20:51.707761252Z""]]"
2026-03-08T15:22:57.372622Z,removal_1772983228,removal_wait_reshare,100.00,31.19,2243558363,5158217239,35054,40253,23529477,62583610,0,0,534,537,35054,40253,23528943,62583073,1,ok:1,87.03,1.76,8.25,11.63,0.00,1.70,4,4,1,post,2026-03-08T15:20:51.707761252Z,,125.665,removal_executed,2026-03-08T15:20:51.707761252Z,125.665,,,,remove-irs3-member1-1772983228,removal,remove-irs3-member1-1772983228,16,"[[""reshare_complete"", ""2026-02-28T13:23:53.762520482Z""], [""reshare_ack"", ""2026-03-08T12:05:49.077673571Z""], [""reshare_keygen_start"", ""2026-03-08T12:05:57.901648182Z""], [""removal_propose"", ""2026-03-08T15:20:31.270674796Z""], [""removal_observed"", ""2026-03-08T15:20:31.282746725Z""], [""removal_vote"", ""2026-03-08T15:20:35.797502985Z""], [""removal_executed"", ""2026-03-08T15:20:51.707761252Z""]]"
2026-03-08T15:22:58.568589Z,removal_1772983228,removal_wait_reshare,100.00,31.19,2243618514,5158280079,60151,62840,23589628,62646450,0,0,534,537,60151,62840,23589094,62645913,1,ok:1,87.12,1.76,8.65,11.63,0.00,1.70,4,4,1,post,2026-03-08T15:20:51.707761252Z,,126.861,removal_executed,2026-03-08T15:20:51.707761252Z,126.861,,,,remove-irs3-member1-1772983228,removal,remove-irs3-member1-1772983228,16,"[[""reshare_complete"", ""2026-02-28T13:23:53.762520482Z""], [""reshare_ack"", ""2026-03-08T12:05:49.077673571Z""], [""reshare_keygen_start"", ""2026-03-08T12:05:57.901648182Z""], [""removal_propose"", ""2026-03-08T15:20:31.270674796Z""], [""removal_observed"", ""2026-03-08T15:20:31.282746725Z""], [""removal_vote"", ""2026-03-08T15:20:35.797502985Z""], [""removal_executed"", ""2026-03-08T15:20:51.707761252Z""]]"
2026-03-08T15:22:59.895764Z,removal_1772983228,removal_wait_reshare,100.00,31.19,2243663329,5158311236,44815,31157,23634443,62677607,0,0,534,537,44815,31157,23633909,62677070,1,ok:1,96.24,1.76,8.14,11.63,0.21,1.70,4,4,1,post,2026-03-08T15:20:51.707761252Z,,128.188,removal_executed,2026-03-08T15:20:51.707761252Z,128.188,,,,remove-irs3-member1-1772983228,removal,remove-irs3-member1-1772983228,16,"[[""reshare_complete"", ""2026-02-28T13:23:53.762520482Z""], [""reshare_ack"", ""2026-03-08T12:05:49.077673571Z""], [""reshare_keygen_start"", ""2026-03-08T12:05:57.901648182Z""], [""removal_propose"", ""2026-03-08T15:20:31.270674796Z""], [""removal_observed"", ""2026-03-08T15:20:31.282746725Z""], [""removal_vote"", ""2026-03-08T15:20:35.797502985Z""], [""removal_executed"", ""2026-03-08T15:20:51.707761252Z""]]"
2026-03-08T15:23:01.183975Z,removal_1772983228,removal_wait_reshare,100.00,31.19,2243718422,5158372801,55093,61565,23689536,62739172,0,0,534,537,55093,61565,23689002,62738635,1,ok:1,89.25,1.76,5.47,11.63,0.00,1.70,4,4,1,post,2026-03-08T15:20:51.707761252Z,,129.476,removal_executed,2026-03-08T15:20:51.707761252Z,129.476,,,,remove-irs3-member1-1772983228,removal,remove-irs3-member1-1772983228,16,"[[""reshare_complete"", ""2026-02-28T13:23:53.762520482Z""], [""reshare_ack"", ""2026-03-08T12:05:49.077673571Z""], [""reshare_keygen_start"", ""2026-03-08T12:05:57.901648182Z""], [""removal_propose"", ""2026-03-08T15:20:31.270674796Z""], [""removal_observed"", ""2026-03-08T15:20:31.282746725Z""], [""removal_vote"", ""2026-03-08T15:20:35.797502985Z""], [""removal_executed"", ""2026-03-08T15:20:51.707761252Z""]]"
2026-03-08T15:23:02.419148Z,removal_1772983228,removal_wait_reshare,100.00,31.19,2243756840,5158420538,38418,47737,23727954,62786909,0,0,534,537,38418,47737,23727420,62786372,1,ok:1,83.72,1.76,9.69,11.63,0.00,1.70,4,4,1,post,2026-03-08T15:20:51.707761252Z,,130.711,removal_executed,2026-03-08T15:20:51.707761252Z,130.711,,,,remove-irs3-member1-1772983228,removal,remove-irs3-member1-1772983228,16,"[[""reshare_complete"", ""2026-02-28T13:23:53.762520482Z""], [""reshare_ack"", ""2026-03-08T12:05:49.077673571Z""], [""reshare_keygen_start"", ""2026-03-08T12:05:57.901648182Z""], [""removal_propose"", ""2026-03-08T15:20:31.270674796Z""], [""removal_observed"", ""2026-03-08T15:20:31.282746725Z""], [""removal_vote"", ""2026-03-08T15:20:35.797502985Z""], [""removal_executed"", ""2026-03-08T15:20:51.707761252Z""]]"
2026-03-08T15:23:03.826569Z,removal_1772983228,removal_wait_reshare,100.00,31.20,2243813614,5158465149,56774,44611,23784728,62831520,0,0,534,537,56774,44611,23784194,62830983,1,ok:1,91.70,1.76,10.53,11.63,0.00,1.70,4,4,1,post,2026-03-08T15:20:51.707761252Z,,132.119,removal_executed,2026-03-08T15:20:51.707761252Z,132.119,,,,remove-irs3-member1-1772983228,removal,remove-irs3-member1-1772983228,16,"[[""reshare_complete"", ""2026-02-28T13:23:53.762520482Z""], [""reshare_ack"", ""2026-03-08T12:05:49.077673571Z""], [""reshare_keygen_start"", ""2026-03-08T12:05:57.901648182Z""], [""removal_propose"", ""2026-03-08T15:20:31.270674796Z""], [""removal_observed"", ""2026-03-08T15:20:31.282746725Z""], [""removal_vote"", ""2026-03-08T15:20:35.797502985Z""], [""removal_executed"", ""2026-03-08T15:20:51.707761252Z""]]"
2026-03-08T15:23:05.113114Z,removal_1772983228,removal_wait_reshare,100.00,31.20,2243873033,5158513457,59419,48308,23844147,62879828,0,0,534,537,59419,48308,23843613,62879291,1,ok:1,90.05,1.77,4.97,11.63,0.18,1.70,4,4,1,post,2026-03-08T15:20:51.707761252Z,,133.405,removal_executed,2026-03-08T15:20:51.707761252Z,133.405,,,,remove-irs3-member1-1772983228,removal,remove-irs3-member1-1772983228,16,"[[""reshare_complete"", ""2026-02-28T13:23:53.762520482Z""], [""reshare_ack"", ""2026-03-08T12:05:49.077673571Z""], [""reshare_keygen_start"", ""2026-03-08T12:05:57.901648182Z""], [""removal_propose"", ""2026-03-08T15:20:31.270674796Z""], [""removal_observed"", ""2026-03-08T15:20:31.282746725Z""], [""removal_vote"", ""2026-03-08T15:20:35.797502985Z""], [""removal_executed"", ""2026-03-08T15:20:51.707761252Z""]]"
2026-03-08T15:23:06.469361Z,removal_1772983228,removal_wait_reshare,100.00,31.20,2243916772,5158558471,43739,45014,23887886,62924842,0,0,534,537,43739,45014,23887352,62924305,1,ok:1,90.70,1.77,7.36,11.63,0.00,1.70,4,4,1,post,2026-03-08T15:20:51.707761252Z,,134.762,removal_executed,2026-03-08T15:20:51.707761252Z,134.762,,,,remove-irs3-member1-1772983228,removal,remove-irs3-member1-1772983228,16,"[[""reshare_complete"", ""2026-02-28T13:23:53.762520482Z""], [""reshare_ack"", ""2026-03-08T12:05:49.077673571Z""], [""reshare_keygen_start"", ""2026-03-08T12:05:57.901648182Z""], [""removal_propose"", ""2026-03-08T15:20:31.270674796Z""], [""removal_observed"", ""2026-03-08T15:20:31.282746725Z""], [""removal_vote"", ""2026-03-08T15:20:35.797502985Z""], [""removal_executed"", ""2026-03-08T15:20:51.707761252Z""]]"
2026-03-08T15:23:07.886657Z,removal_1772983228,removal_wait_reshare,100.00,31.20,2243958344,5158601279,41572,42808,23929458,62967650,0,0,534,537,41572,42808,23928924,62967113,1,ok:1,86.88,1.78,11.09,11.63,0.00,1.70,4,4,1,post,2026-03-08T15:20:51.707761252Z,,136.179,removal_executed,2026-03-08T15:20:51.707761252Z,136.179,,,,remove-irs3-member1-1772983228,removal,remove-irs3-member1-1772983228,16,"[[""reshare_complete"", ""2026-02-28T13:23:53.762520482Z""], [""reshare_ack"", ""2026-03-08T12:05:49.077673571Z""], [""reshare_keygen_start"", ""2026-03-08T12:05:57.901648182Z""], [""removal_propose"", ""2026-03-08T15:20:31.270674796Z""], [""removal_observed"", ""2026-03-08T15:20:31.282746725Z""], [""removal_vote"", ""2026-03-08T15:20:35.797502985Z""], [""removal_executed"", ""2026-03-08T15:20:51.707761252Z""]]"
2026-03-08T15:23:09.179393Z,removal_1772983228,removal_wait_reshare,100.00,31.20,2244047485,5158697077,89141,95798,24018599,63063448,0,0,534,537,89141,95798,24018065,63062911,1,ok:1,86.95,1.78,7.58,11.63,0.00,1.70,4,4,1,post,2026-03-08T15:20:51.707761252Z,,137.472,removal_executed,2026-03-08T15:20:51.707761252Z,137.472,,,,remove-irs3-member1-1772983228,removal,remove-irs3-member1-1772983228,16,"[[""reshare_complete"", ""2026-02-28T13:23:53.762520482Z""], [""reshare_ack"", ""2026-03-08T12:05:49.077673571Z""], [""reshare_keygen_start"", ""2026-03-08T12:05:57.901648182Z""], [""removal_propose"", ""2026-03-08T15:20:31.270674796Z""], [""removal_observed"", ""2026-03-08T15:20:31.282746725Z""], [""removal_vote"", ""2026-03-08T15:20:35.797502985Z""], [""removal_executed"", ""2026-03-08T15:20:51.707761252Z""]]"
2026-03-08T15:23:10.405773Z,removal_1772983228,removal_wait_reshare,100.00,31.21,2244076021,5158741257,28536,44180,24047135,63107628,0,0,534,537,28536,44180,24046601,63107091,1,ok:1,89.94,1.78,5.61,11.63,0.00,1.70,4,4,1,post,2026-03-08T15:20:51.707761252Z,,138.698,removal_executed,2026-03-08T15:20:51.707761252Z,138.698,,,,remove-irs3-member1-1772983228,removal,remove-irs3-member1-1772983228,16,"[[""reshare_complete"", ""2026-02-28T13:23:53.762520482Z""], [""reshare_ack"", ""2026-03-08T12:05:49.077673571Z""], [""reshare_keygen_start"", ""2026-03-08T12:05:57.901648182Z""], [""removal_propose"", ""2026-03-08T15:20:31.270674796Z""], [""removal_observed"", ""2026-03-08T15:20:31.282746725Z""], [""removal_vote"", ""2026-03-08T15:20:35.797502985Z""], [""removal_executed"", ""2026-03-08T15:20:51.707761252Z""]]"
2026-03-08T15:23:11.768621Z,removal_1772983228,removal_wait_reshare,100.00,31.20,2244114065,5158774781,38044,33524,24085179,63141152,0,0,534,537,38044,33524,24084645,63140615,1,ok:1,90.63,1.78,6.72,11.63,0.00,1.70,4,4,1,post,2026-03-08T15:20:51.707761252Z,,140.061,removal_executed,2026-03-08T15:20:51.707761252Z,140.061,,,,remove-irs3-member1-1772983228,removal,remove-irs3-member1-1772983228,16,"[[""reshare_complete"", ""2026-02-28T13:23:53.762520482Z""], [""reshare_ack"", ""2026-03-08T12:05:49.077673571Z""], [""reshare_keygen_start"", ""2026-03-08T12:05:57.901648182Z""], [""removal_propose"", ""2026-03-08T15:20:31.270674796Z""], [""removal_observed"", ""2026-03-08T15:20:31.282746725Z""], [""removal_vote"", ""2026-03-08T15:20:35.797502985Z""], [""removal_executed"", ""2026-03-08T15:20:51.707761252Z""]]"
2026-03-08T15:23:13.085232Z,removal_1772983228,removal_wait_reshare,100.00,31.21,2244189957,5158855625,75892,80844,24161071,63221996,0,0,534,537,75892,80844,24160537,63221459,1,ok:1,84.38,1.78,13.24,11.63,0.00,1.70,4,4,1,post,2026-03-08T15:20:51.707761252Z,,141.377,removal_executed,2026-03-08T15:20:51.707761252Z,141.377,,,,remove-irs3-member1-1772983228,removal,remove-irs3-member1-1772983228,16,"[[""reshare_complete"", ""2026-02-28T13:23:53.762520482Z""], [""reshare_ack"", ""2026-03-08T12:05:49.077673571Z""], [""reshare_keygen_start"", ""2026-03-08T12:05:57.901648182Z""], [""removal_propose"", ""2026-03-08T15:20:31.270674796Z""], [""removal_observed"", ""2026-03-08T15:20:31.282746725Z""], [""removal_vote"", ""2026-03-08T15:20:35.797502985Z""], [""removal_executed"", ""2026-03-08T15:20:51.707761252Z""]]"
2026-03-08T15:23:14.437478Z,removal_1772983228,removal_wait_reshare,100.00,31.20,2244246043,5158916359,56086,60734,24217157,63282730,0,0,534,537,56086,60734,24216623,63282193,1,ok:1,91.29,1.78,6.82,11.63,0.19,1.70,4,4,1,post,2026-03-08T15:20:51.707761252Z,,142.730,removal_executed,2026-03-08T15:20:51.707761252Z,142.730,,,,remove-irs3-member1-1772983228,removal,remove-irs3-member1-1772983228,16,"[[""reshare_complete"", ""2026-02-28T13:23:53.762520482Z""], [""reshare_ack"", ""2026-03-08T12:05:49.077673571Z""], [""reshare_keygen_start"", ""2026-03-08T12:05:57.901648182Z""], [""removal_propose"", ""2026-03-08T15:20:31.270674796Z""], [""removal_observed"", ""2026-03-08T15:20:31.282746725Z""], [""removal_vote"", ""2026-03-08T15:20:35.797502985Z""], [""removal_executed"", ""2026-03-08T15:20:51.707761252Z""]]"
2026-03-08T15:23:15.727587Z,removal_1772983228,removal_wait_reshare,100.00,31.20,2244273174,5158951015,27131,34656,24244288,63317386,0,0,534,537,27131,34656,24243754,63316849,1,ok:1,85.77,1.77,6.47,11.63,0.00,1.70,4,4,1,post,2026-03-08T15:20:51.707761252Z,,144.020,removal_executed,2026-03-08T15:20:51.707761252Z,144.020,,,,remove-irs3-member1-1772983228,removal,remove-irs3-member1-1772983228,16,"[[""reshare_complete"", ""2026-02-28T13:23:53.762520482Z""], [""reshare_ack"", ""2026-03-08T12:05:49.077673571Z""], [""reshare_keygen_start"", ""2026-03-08T12:05:57.901648182Z""], [""removal_propose"", ""2026-03-08T15:20:31.270674796Z""], [""removal_observed"", ""2026-03-08T15:20:31.282746725Z""], [""removal_vote"", ""2026-03-08T15:20:35.797502985Z""], [""removal_executed"", ""2026-03-08T15:20:51.707761252Z""]]"
2026-03-08T15:23:16.947475Z,removal_1772983228,removal_wait_reshare,100.00,31.21,2244331876,5159015240,58702,64225,24302990,63381611,0,0,534,537,58702,64225,24302456,63381074,1,ok:1,88.37,1.77,8.33,11.63,0.00,1.70,4,4,1,post,2026-03-08T15:20:51.707761252Z,,145.240,removal_executed,2026-03-08T15:20:51.707761252Z,145.240,,,,remove-irs3-member1-1772983228,removal,remove-irs3-member1-1772983228,16,"[[""reshare_complete"", ""2026-02-28T13:23:53.762520482Z""], [""reshare_ack"", ""2026-03-08T12:05:49.077673571Z""], [""reshare_keygen_start"", ""2026-03-08T12:05:57.901648182Z""], [""removal_propose"", ""2026-03-08T15:20:31.270674796Z""], [""removal_observed"", ""2026-03-08T15:20:31.282746725Z""], [""removal_vote"", ""2026-03-08T15:20:35.797502985Z""], [""removal_executed"", ""2026-03-08T15:20:51.707761252Z""]]"
2026-03-08T15:23:18.217353Z,removal_1772983228,removal_wait_reshare,100.00,31.21,2244379045,5159065872,47169,50632,24350159,63432243,0,0,534,537,47169,50632,24349625,63431706,1,ok:1,84.84,1.77,9.63,11.63,0.00,1.70,4,4,1,post,2026-03-08T15:20:51.707761252Z,,146.510,removal_executed,2026-03-08T15:20:51.707761252Z,146.510,,,,remove-irs3-member1-1772983228,removal,remove-irs3-member1-1772983228,16,"[[""reshare_complete"", ""2026-02-28T13:23:53.762520482Z""], [""reshare_ack"", ""2026-03-08T12:05:49.077673571Z""], [""reshare_keygen_start"", ""2026-03-08T12:05:57.901648182Z""], [""removal_propose"", ""2026-03-08T15:20:31.270674796Z""], [""removal_observed"", ""2026-03-08T15:20:31.282746725Z""], [""removal_vote"", ""2026-03-08T15:20:35.797502985Z""], [""removal_executed"", ""2026-03-08T15:20:51.707761252Z""]]"
2026-03-08T15:23:19.548253Z,removal_1772983228,removal_wait_reshare,100.00,31.21,2244424164,5159109344,45119,43472,24395278,63475715,0,0,534,537,45119,43472,24394744,63475178,1,ok:1,95.49,1.77,6.86,11.63,0.00,1.70,4,4,1,post,2026-03-08T15:20:51.707761252Z,,147.840,removal_executed,2026-03-08T15:20:51.707761252Z,147.840,,,,remove-irs3-member1-1772983228,removal,remove-irs3-member1-1772983228,16,"[[""reshare_complete"", ""2026-02-28T13:23:53.762520482Z""], [""reshare_ack"", ""2026-03-08T12:05:49.077673571Z""], [""reshare_keygen_start"", ""2026-03-08T12:05:57.901648182Z""], [""removal_propose"", ""2026-03-08T15:20:31.270674796Z""], [""removal_observed"", ""2026-03-08T15:20:31.282746725Z""], [""removal_vote"", ""2026-03-08T15:20:35.797502985Z""], [""removal_executed"", ""2026-03-08T15:20:51.707761252Z""]]"
2026-03-08T15:23:20.901168Z,removal_1772983228,removal_wait_reshare,100.00,31.22,2244473042,5159156564,48878,47220,24444156,63522935,0,0,534,537,48878,47220,24443622,63522398,1,ok:1,91.74,1.77,7.50,11.63,0.00,1.70,4,4,1,post,2026-03-08T15:20:51.707761252Z,,149.193,removal_executed,2026-03-08T15:20:51.707761252Z,149.193,,,,remove-irs3-member1-1772983228,removal,remove-irs3-member1-1772983228,16,"[[""reshare_complete"", ""2026-02-28T13:23:53.762520482Z""], [""reshare_ack"", ""2026-03-08T12:05:49.077673571Z""], [""reshare_keygen_start"", ""2026-03-08T12:05:57.901648182Z""], [""removal_propose"", ""2026-03-08T15:20:31.270674796Z""], [""removal_observed"", ""2026-03-08T15:20:31.282746725Z""], [""removal_vote"", ""2026-03-08T15:20:35.797502985Z""], [""removal_executed"", ""2026-03-08T15:20:51.707761252Z""]]"
2026-03-08T15:23:22.328336Z,removal_1772983228,removal_wait_reshare,100.00,31.22,2244529825,5159219849,56783,63285,24500939,63586220,0,0,534,537,56783,63285,24500405,63585683,1,ok:1,88.67,1.77,9.87,11.63,0.00,1.70,4,4,1,post,2026-03-08T15:20:51.707761252Z,,150.621,removal_executed,2026-03-08T15:20:51.707761252Z,150.621,,,,remove-irs3-member1-1772983228,removal,remove-irs3-member1-1772983228,16,"[[""reshare_complete"", ""2026-02-28T13:23:53.762520482Z""], [""reshare_ack"", ""2026-03-08T12:05:49.077673571Z""], [""reshare_keygen_start"", ""2026-03-08T12:05:57.901648182Z""], [""removal_propose"", ""2026-03-08T15:20:31.270674796Z""], [""removal_observed"", ""2026-03-08T15:20:31.282746725Z""], [""removal_vote"", ""2026-03-08T15:20:35.797502985Z""], [""removal_executed"", ""2026-03-08T15:20:51.707761252Z""]]"
2026-03-08T15:23:23.643959Z,removal_1772983228,removal_wait_reshare,100.00,31.22,2244592705,5159278025,62880,58176,24563819,63644396,0,0,534,537,62880,58176,24563285,63643859,1,ok:1,85.23,1.77,7.47,11.63,0.18,1.70,4,4,1,post,2026-03-08T15:20:51.707761252Z,,151.936,removal_executed,2026-03-08T15:20:51.707761252Z,151.936,,,,remove-irs3-member1-1772983228,removal,remove-irs3-member1-1772983228,16,"[[""reshare_complete"", ""2026-02-28T13:23:53.762520482Z""], [""reshare_ack"", ""2026-03-08T12:05:49.077673571Z""], [""reshare_keygen_start"", ""2026-03-08T12:05:57.901648182Z""], [""removal_propose"", ""2026-03-08T15:20:31.270674796Z""], [""removal_observed"", ""2026-03-08T15:20:31.282746725Z""], [""removal_vote"", ""2026-03-08T15:20:35.797502985Z""], [""removal_executed"", ""2026-03-08T15:20:51.707761252Z""]]"
2026-03-08T15:23:24.973313Z,removal_1772983228,removal_wait_reshare,100.00,31.22,2244653458,5159322234,60753,44209,24624572,63688605,0,0,534,537,60753,44209,24624038,63688068,1,ok:1,91.81,1.77,8.19,11.63,0.00,1.70,4,4,1,post,2026-03-08T15:20:51.707761252Z,,153.266,removal_executed,2026-03-08T15:20:51.707761252Z,153.266,,,,remove-irs3-member1-1772983228,removal,remove-irs3-member1-1772983228,16,"[[""reshare_complete"", ""2026-02-28T13:23:53.762520482Z""], [""reshare_ack"", ""2026-03-08T12:05:49.077673571Z""], [""reshare_keygen_start"", ""2026-03-08T12:05:57.901648182Z""], [""removal_propose"", ""2026-03-08T15:20:31.270674796Z""], [""removal_observed"", ""2026-03-08T15:20:31.282746725Z""], [""removal_vote"", ""2026-03-08T15:20:35.797502985Z""], [""removal_executed"", ""2026-03-08T15:20:51.707761252Z""]]"
2026-03-08T15:23:26.241183Z,removal_1772983228,removal_wait_reshare,100.00,31.22,2244693053,5159360441,39595,38207,24664167,63726812,0,0,534,537,39595,38207,24663633,63726275,1,ok:1,86.52,1.77,6.74,11.63,0.00,1.70,4,4,1,post,2026-03-08T15:20:51.707761252Z,,154.533,removal_executed,2026-03-08T15:20:51.707761252Z,154.533,,,,remove-irs3-member1-1772983228,removal,remove-irs3-member1-1772983228,16,"[[""reshare_complete"", ""2026-02-28T13:23:53.762520482Z""], [""reshare_ack"", ""2026-03-08T12:05:49.077673571Z""], [""reshare_keygen_start"", ""2026-03-08T12:05:57.901648182Z""], [""removal_propose"", ""2026-03-08T15:20:31.270674796Z""], [""removal_observed"", ""2026-03-08T15:20:31.282746725Z""], [""removal_vote"", ""2026-03-08T15:20:35.797502985Z""], [""removal_executed"", ""2026-03-08T15:20:51.707761252Z""]]"
2026-03-08T15:23:27.566896Z,removal_1772983228,removal_wait_reshare,100.00,31.22,2244733266,5159405465,40213,45024,24704380,63771836,0,0,534,537,40213,45024,24703846,63771299,1,ok:1,88.76,1.77,9.27,11.63,0.00,1.70,4,4,1,post,2026-03-08T15:20:51.707761252Z,,155.859,removal_executed,2026-03-08T15:20:51.707761252Z,155.859,,,,remove-irs3-member1-1772983228,removal,remove-irs3-member1-1772983228,16,"[[""reshare_complete"", ""2026-02-28T13:23:53.762520482Z""], [""reshare_ack"", ""2026-03-08T12:05:49.077673571Z""], [""reshare_keygen_start"", ""2026-03-08T12:05:57.901648182Z""], [""removal_propose"", ""2026-03-08T15:20:31.270674796Z""], [""removal_observed"", ""2026-03-08T15:20:31.282746725Z""], [""removal_vote"", ""2026-03-08T15:20:35.797502985Z""], [""removal_executed"", ""2026-03-08T15:20:51.707761252Z""]]"
2026-03-08T15:23:28.846451Z,removal_1772983228,removal_wait_reshare,100.00,31.22,2244830729,5159491665,97463,86200,24801843,63858036,0,0,534,537,97463,86200,24801309,63857499,1,ok:1,83.36,1.77,13.04,11.53,0.00,1.70,4,4,1,post,2026-03-08T15:20:51.707761252Z,,157.139,removal_executed,2026-03-08T15:20:51.707761252Z,157.139,,,,remove-irs3-member1-1772983228,removal,remove-irs3-member1-1772983228,16,"[[""reshare_complete"", ""2026-02-28T13:23:53.762520482Z""], [""reshare_ack"", ""2026-03-08T12:05:49.077673571Z""], [""reshare_keygen_start"", ""2026-03-08T12:05:57.901648182Z""], [""removal_propose"", ""2026-03-08T15:20:31.270674796Z""], [""removal_observed"", ""2026-03-08T15:20:31.282746725Z""], [""removal_vote"", ""2026-03-08T15:20:35.797502985Z""], [""removal_executed"", ""2026-03-08T15:20:51.707761252Z""]]"
2026-03-08T15:23:30.051219Z,removal_1772983228,removal_wait_reshare,100.00,31.12,2244858263,5159521028,27534,29363,24829377,63887399,0,0,534,537,27534,29363,24828843,63886862,1,ok:1,91.25,1.77,4.47,11.53,0.00,1.70,4,4,1,post,2026-03-08T15:20:51.707761252Z,,158.343,removal_executed,2026-03-08T15:20:51.707761252Z,158.343,,,,remove-irs3-member1-1772983228,removal,remove-irs3-member1-1772983228,16,"[[""reshare_complete"", ""2026-02-28T13:23:53.762520482Z""], [""reshare_ack"", ""2026-03-08T12:05:49.077673571Z""], [""reshare_keygen_start"", ""2026-03-08T12:05:57.901648182Z""], [""removal_propose"", ""2026-03-08T15:20:31.270674796Z""], [""removal_observed"", ""2026-03-08T15:20:31.282746725Z""], [""removal_vote"", ""2026-03-08T15:20:35.797502985Z""], [""removal_executed"", ""2026-03-08T15:20:51.707761252Z""]]"
2026-03-08T15:23:31.328805Z,removal_1772983228,removal_wait_reshare,100.00,31.13,2244889795,5159557014,31532,35986,24860909,63923385,0,0,534,537,31532,35986,24860375,63922848,1,ok:1,92.71,1.77,6.46,11.53,0.00,1.70,4,4,1,post,2026-03-08T15:20:51.707761252Z,,159.621,removal_executed,2026-03-08T15:20:51.707761252Z,159.621,,,,remove-irs3-member1-1772983228,removal,remove-irs3-member1-1772983228,16,"[[""reshare_complete"", ""2026-02-28T13:23:53.762520482Z""], [""reshare_ack"", ""2026-03-08T12:05:49.077673571Z""], [""reshare_keygen_start"", ""2026-03-08T12:05:57.901648182Z""], [""removal_propose"", ""2026-03-08T15:20:31.270674796Z""], [""removal_observed"", ""2026-03-08T15:20:31.282746725Z""], [""removal_vote"", ""2026-03-08T15:20:35.797502985Z""], [""removal_executed"", ""2026-03-08T15:20:51.707761252Z""]]"
2026-03-08T15:23:32.722286Z,removal_1772983228,removal_wait_reshare,100.00,31.13,2244943730,5159607320,53935,50306,24914844,63973691,0,0,534,537,53935,50306,24914310,63973154,1,ok:1,89.65,1.77,10.16,11.53,0.00,1.70,4,4,1,post,2026-03-08T15:20:51.707761252Z,,161.015,removal_executed,2026-03-08T15:20:51.707761252Z,161.015,,,,remove-irs3-member1-1772983228,removal,remove-irs3-member1-1772983228,16,"[[""reshare_complete"", ""2026-02-28T13:23:53.762520482Z""], [""reshare_ack"", ""2026-03-08T12:05:49.077673571Z""], [""reshare_keygen_start"", ""2026-03-08T12:05:57.901648182Z""], [""removal_propose"", ""2026-03-08T15:20:31.270674796Z""], [""removal_observed"", ""2026-03-08T15:20:31.282746725Z""], [""removal_vote"", ""2026-03-08T15:20:35.797502985Z""], [""removal_executed"", ""2026-03-08T15:20:51.707761252Z""]]"
2026-03-08T15:23:34.058243Z,removal_1772983228,removal_wait_reshare,100.00,31.13,2245024526,5159685096,80796,77776,24995640,64051467,0,0,534,537,80796,77776,24995106,64050930,1,ok:1,85.44,1.77,9.24,11.53,0.00,1.70,4,4,1,post,2026-03-08T15:20:51.707761252Z,,162.350,removal_executed,2026-03-08T15:20:51.707761252Z,162.350,,,,remove-irs3-member1-1772983228,removal,remove-irs3-member1-1772983228,16,"[[""reshare_complete"", ""2026-02-28T13:23:53.762520482Z""], [""reshare_ack"", ""2026-03-08T12:05:49.077673571Z""], [""reshare_keygen_start"", ""2026-03-08T12:05:57.901648182Z""], [""removal_propose"", ""2026-03-08T15:20:31.270674796Z""], [""removal_observed"", ""2026-03-08T15:20:31.282746725Z""], [""removal_vote"", ""2026-03-08T15:20:35.797502985Z""], [""removal_executed"", ""2026-03-08T15:20:51.707761252Z""]]"
2026-03-08T15:23:35.407908Z,removal_1772983228,removal_wait_reshare,100.00,31.12,2245047122,5159715475,22596,30379,25018236,64081846,0,0,534,537,22596,30379,25017702,64081309,1,ok:1,92.61,1.77,5.68,11.53,0.19,1.70,4,4,1,post,2026-03-08T15:20:51.707761252Z,,163.700,removal_executed,2026-03-08T15:20:51.707761252Z,163.700,,,,remove-irs3-member1-1772983228,removal,remove-irs3-member1-1772983228,16,"[[""reshare_complete"", ""2026-02-28T13:23:53.762520482Z""], [""reshare_ack"", ""2026-03-08T12:05:49.077673571Z""], [""reshare_keygen_start"", ""2026-03-08T12:05:57.901648182Z""], [""removal_propose"", ""2026-03-08T15:20:31.270674796Z""], [""removal_observed"", ""2026-03-08T15:20:31.282746725Z""], [""removal_vote"", ""2026-03-08T15:20:35.797502985Z""], [""removal_executed"", ""2026-03-08T15:20:51.707761252Z""]]"
2026-03-08T15:23:36.755388Z,removal_1772983228,removal_wait_reshare,100.00,31.13,2245098833,5159758459,51711,42984,25069947,64124830,0,0,534,537,51711,42984,25069413,64124293,1,ok:1,87.38,1.77,8.35,11.53,0.00,1.70,4,4,1,post,2026-03-08T15:20:51.707761252Z,,165.048,removal_executed,2026-03-08T15:20:51.707761252Z,165.048,,,,remove-irs3-member1-1772983228,removal,remove-irs3-member1-1772983228,16,"[[""reshare_complete"", ""2026-02-28T13:23:53.762520482Z""], [""reshare_ack"", ""2026-03-08T12:05:49.077673571Z""], [""reshare_keygen_start"", ""2026-03-08T12:05:57.901648182Z""], [""removal_propose"", ""2026-03-08T15:20:31.270674796Z""], [""removal_observed"", ""2026-03-08T15:20:31.282746725Z""], [""removal_vote"", ""2026-03-08T15:20:35.797502985Z""], [""removal_executed"", ""2026-03-08T15:20:51.707761252Z""]]"
2026-03-08T15:23:37.962921Z,removal_1772983228,removal_wait_reshare,100.00,31.13,2245159007,5159825375,60174,66916,25130121,64191746,0,0,534,537,60174,66916,25129587,64191209,1,ok:1,84.44,1.77,11.11,11.53,0.00,1.70,4,4,1,post,2026-03-08T15:20:51.707761252Z,,166.255,removal_executed,2026-03-08T15:20:51.707761252Z,166.255,,,,remove-irs3-member1-1772983228,removal,remove-irs3-member1-1772983228,16,"[[""reshare_complete"", ""2026-02-28T13:23:53.762520482Z""], [""reshare_ack"", ""2026-03-08T12:05:49.077673571Z""], [""reshare_keygen_start"", ""2026-03-08T12:05:57.901648182Z""], [""removal_propose"", ""2026-03-08T15:20:31.270674796Z""], [""removal_observed"", ""2026-03-08T15:20:31.282746725Z""], [""removal_vote"", ""2026-03-08T15:20:35.797502985Z""], [""removal_executed"", ""2026-03-08T15:20:51.707761252Z""]]"
2026-03-08T15:23:39.268056Z,removal_1772983228,removal_wait_reshare,100.00,31.12,2245214541,5159889187,55534,63812,25185655,64255558,0,0,534,537,55534,63812,25185121,64255021,1,ok:1,91.93,1.77,6.83,11.53,0.00,1.70,4,4,1,post,2026-03-08T15:20:51.707761252Z,,167.560,removal_executed,2026-03-08T15:20:51.707761252Z,167.560,,,,remove-irs3-member1-1772983228,removal,remove-irs3-member1-1772983228,16,"[[""reshare_complete"", ""2026-02-28T13:23:53.762520482Z""], [""reshare_ack"", ""2026-03-08T12:05:49.077673571Z""], [""reshare_keygen_start"", ""2026-03-08T12:05:57.901648182Z""], [""removal_propose"", ""2026-03-08T15:20:31.270674796Z""], [""removal_observed"", ""2026-03-08T15:20:31.282746725Z""], [""removal_vote"", ""2026-03-08T15:20:35.797502985Z""], [""removal_executed"", ""2026-03-08T15:20:51.707761252Z""]]"
2026-03-08T15:23:40.485383Z,removal_1772983228,removal_wait_reshare,100.00,31.12,2245252839,5159945774,38298,56587,25223953,64312145,0,0,534,537,38298,56587,25223419,64311608,1,ok:1,90.61,1.77,7.85,11.53,0.00,1.70,4,4,1,post,2026-03-08T15:20:51.707761252Z,,168.778,removal_executed,2026-03-08T15:20:51.707761252Z,168.778,,,,remove-irs3-member1-1772983228,removal,remove-irs3-member1-1772983228,16,"[[""reshare_complete"", ""2026-02-28T13:23:53.762520482Z""], [""reshare_ack"", ""2026-03-08T12:05:49.077673571Z""], [""reshare_keygen_start"", ""2026-03-08T12:05:57.901648182Z""], [""removal_propose"", ""2026-03-08T15:20:31.270674796Z""], [""removal_observed"", ""2026-03-08T15:20:31.282746725Z""], [""removal_vote"", ""2026-03-08T15:20:35.797502985Z""], [""removal_executed"", ""2026-03-08T15:20:51.707761252Z""]]"
2026-03-08T15:23:41.731792Z,removal_1772983228,removal_wait_reshare,100.00,31.12,2245303355,5159985746,50516,39972,25274469,64352117,0,0,534,537,50516,39972,25273935,64351580,1,ok:1,86.65,1.77,6.78,11.53,0.41,1.70,4,4,1,post,2026-03-08T15:20:51.707761252Z,,170.024,removal_executed,2026-03-08T15:20:51.707761252Z,170.024,,,,remove-irs3-member1-1772983228,removal,remove-irs3-member1-1772983228,16,"[[""reshare_complete"", ""2026-02-28T13:23:53.762520482Z""], [""reshare_ack"", ""2026-03-08T12:05:49.077673571Z""], [""reshare_keygen_start"", ""2026-03-08T12:05:57.901648182Z""], [""removal_propose"", ""2026-03-08T15:20:31.270674796Z""], [""removal_observed"", ""2026-03-08T15:20:31.282746725Z""], [""removal_vote"", ""2026-03-08T15:20:35.797502985Z""], [""removal_executed"", ""2026-03-08T15:20:51.707761252Z""]]"
2026-03-08T15:23:43.029759Z,removal_1772983228,removal_wait_reshare,100.00,31.12,2245348918,5160038150,45563,52404,25320032,64404521,0,0,534,537,45563,52404,25319498,64403984,1,ok:1,88.33,1.77,11.87,11.53,0.00,1.70,4,4,1,post,2026-03-08T15:20:51.707761252Z,,171.322,removal_executed,2026-03-08T15:20:51.707761252Z,171.322,,,,remove-irs3-member1-1772983228,removal,remove-irs3-member1-1772983228,16,"[[""reshare_complete"", ""2026-02-28T13:23:53.762520482Z""], [""reshare_ack"", ""2026-03-08T12:05:49.077673571Z""], [""reshare_keygen_start"", ""2026-03-08T12:05:57.901648182Z""], [""removal_propose"", ""2026-03-08T15:20:31.270674796Z""], [""removal_observed"", ""2026-03-08T15:20:31.282746725Z""], [""removal_vote"", ""2026-03-08T15:20:35.797502985Z""], [""removal_executed"", ""2026-03-08T15:20:51.707761252Z""]]"
2026-03-08T15:23:44.358369Z,removal_1772983228,removal_wait_reshare,100.00,31.13,2245412007,5160103559,63089,65409,25383121,64469930,0,0,534,537,63089,65409,25382587,64469393,1,ok:1,88.29,1.77,7.10,11.53,0.00,1.70,4,4,1,post,2026-03-08T15:20:51.707761252Z,,172.651,removal_executed,2026-03-08T15:20:51.707761252Z,172.651,,,,remove-irs3-member1-1772983228,removal,remove-irs3-member1-1772983228,16,"[[""reshare_complete"", ""2026-02-28T13:23:53.762520482Z""], [""reshare_ack"", ""2026-03-08T12:05:49.077673571Z""], [""reshare_keygen_start"", ""2026-03-08T12:05:57.901648182Z""], [""removal_propose"", ""2026-03-08T15:20:31.270674796Z""], [""removal_observed"", ""2026-03-08T15:20:31.282746725Z""], [""removal_vote"", ""2026-03-08T15:20:35.797502985Z""], [""removal_executed"", ""2026-03-08T15:20:51.707761252Z""]]"
2026-03-08T15:23:45.675650Z,removal_1772983228,removal_wait_reshare,100.00,31.12,2245457377,5160142237,45370,38678,25428491,64508608,0,0,534,537,45370,38678,25427957,64508071,1,ok:1,89.01,1.77,7.82,11.53,0.00,1.70,4,4,1,post,2026-03-08T15:20:51.707761252Z,,173.968,removal_executed,2026-03-08T15:20:51.707761252Z,173.968,,,,remove-irs3-member1-1772983228,removal,remove-irs3-member1-1772983228,16,"[[""reshare_complete"", ""2026-02-28T13:23:53.762520482Z""], [""reshare_ack"", ""2026-03-08T12:05:49.077673571Z""], [""reshare_keygen_start"", ""2026-03-08T12:05:57.901648182Z""], [""removal_propose"", ""2026-03-08T15:20:31.270674796Z""], [""removal_observed"", ""2026-03-08T15:20:31.282746725Z""], [""removal_vote"", ""2026-03-08T15:20:35.797502985Z""], [""removal_executed"", ""2026-03-08T15:20:51.707761252Z""]]"
2026-03-08T15:23:47.056698Z,removal_1772983228,removal_wait_reshare,100.00,31.12,2245503791,5160184657,46414,42420,25474905,64551028,0,0,534,537,46414,42420,25474371,64550491,1,ok:1,91.35,1.77,7.69,11.53,0.00,1.70,4,4,1,post,2026-03-08T15:20:51.707761252Z,,175.349,removal_executed,2026-03-08T15:20:51.707761252Z,175.349,,,,remove-irs3-member1-1772983228,removal,remove-irs3-member1-1772983228,16,"[[""reshare_complete"", ""2026-02-28T13:23:53.762520482Z""], [""reshare_ack"", ""2026-03-08T12:05:49.077673571Z""], [""reshare_keygen_start"", ""2026-03-08T12:05:57.901648182Z""], [""removal_propose"", ""2026-03-08T15:20:31.270674796Z""], [""removal_observed"", ""2026-03-08T15:20:31.282746725Z""], [""removal_vote"", ""2026-03-08T15:20:35.797502985Z""], [""removal_executed"", ""2026-03-08T15:20:51.707761252Z""]]"
2026-03-08T15:23:48.396704Z,removal_1772983228,removal_wait_reshare,100.00,31.01,2245562500,5160247858,58709,63201,25533614,64614229,0,0,534,537,58709,63201,25533080,64613692,1,ok:1,84.42,1.77,8.51,11.53,1.09,1.10,4,4,1,post,2026-03-08T15:20:51.707761252Z,,176.689,removal_executed,2026-03-08T15:20:51.707761252Z,176.689,,,,remove-irs3-member1-1772983228,removal,remove-irs3-member1-1772983228,16,"[[""reshare_complete"", ""2026-02-28T13:23:53.762520482Z""], [""reshare_ack"", ""2026-03-08T12:05:49.077673571Z""], [""reshare_keygen_start"", ""2026-03-08T12:05:57.901648182Z""], [""removal_propose"", ""2026-03-08T15:20:31.270674796Z""], [""removal_observed"", ""2026-03-08T15:20:31.282746725Z""], [""removal_vote"", ""2026-03-08T15:20:35.797502985Z""], [""removal_executed"", ""2026-03-08T15:20:51.707761252Z""]]"
2026-03-08T15:23:49.652269Z,removal_1772983228,removal_wait_reshare,100.00,30.60,2245622805,5160291386,60305,43528,25593919,64657757,0,0,534,537,60305,43528,25593385,64657220,1,ok:1,87.55,1.77,7.43,11.53,0.00,1.07,4,4,1,post,2026-03-08T15:20:51.707761252Z,,177.945,removal_executed,2026-03-08T15:20:51.707761252Z,177.945,,,,remove-irs3-member1-1772983228,removal,remove-irs3-member1-1772983228,16,"[[""reshare_complete"", ""2026-02-28T13:23:53.762520482Z""], [""reshare_ack"", ""2026-03-08T12:05:49.077673571Z""], [""reshare_keygen_start"", ""2026-03-08T12:05:57.901648182Z""], [""removal_propose"", ""2026-03-08T15:20:31.270674796Z""], [""removal_observed"", ""2026-03-08T15:20:31.282746725Z""], [""removal_vote"", ""2026-03-08T15:20:35.797502985Z""], [""removal_executed"", ""2026-03-08T15:20:51.707761252Z""]]"
2026-03-08T15:23:50.999173Z,removal_1772983228,removal_wait_reshare,100.00,30.59,2245659386,5160329767,36581,38381,25630500,64696138,0,0,534,537,36581,38381,25629966,64695601,1,ok:1,95.50,1.77,5.68,11.53,0.00,1.07,4,4,1,post,2026-03-08T15:20:51.707761252Z,,179.291,removal_executed,2026-03-08T15:20:51.707761252Z,179.291,,,,remove-irs3-member1-1772983228,removal,remove-irs3-member1-1772983228,16,"[[""reshare_complete"", ""2026-02-28T13:23:53.762520482Z""], [""reshare_ack"", ""2026-03-08T12:05:49.077673571Z""], [""reshare_keygen_start"", ""2026-03-08T12:05:57.901648182Z""], [""removal_propose"", ""2026-03-08T15:20:31.270674796Z""], [""removal_observed"", ""2026-03-08T15:20:31.282746725Z""], [""removal_vote"", ""2026-03-08T15:20:35.797502985Z""], [""removal_executed"", ""2026-03-08T15:20:51.707761252Z""]]"
2026-03-08T15:23:52.278477Z,removal_1772983228,removal_wait_reshare,100.00,30.59,2245710994,5160385170,51608,55403,25682108,64751541,0,0,534,537,51608,55403,25681574,64751004,1,ok:1,87.15,1.77,9.07,11.53,0.00,1.07,4,4,1,post,2026-03-08T15:20:51.707761252Z,,180.571,removal_executed,2026-03-08T15:20:51.707761252Z,180.571,,,,remove-irs3-member1-1772983228,removal,remove-irs3-member1-1772983228,16,"[[""reshare_complete"", ""2026-02-28T13:23:53.762520482Z""], [""reshare_ack"", ""2026-03-08T12:05:49.077673571Z""], [""reshare_keygen_start"", ""2026-03-08T12:05:57.901648182Z""], [""removal_propose"", ""2026-03-08T15:20:31.270674796Z""], [""removal_observed"", ""2026-03-08T15:20:31.282746725Z""], [""removal_vote"", ""2026-03-08T15:20:35.797502985Z""], [""removal_executed"", ""2026-03-08T15:20:51.707761252Z""]]"
2026-03-08T15:23:53.583526Z,removal_1772983228,removal_wait_reshare,100.00,30.59,2245773701,5160437442,62707,52272,25744815,64803813,0,0,534,537,62707,52272,25744281,64803276,1,ok:1,84.77,1.77,11.13,11.53,0.00,1.07,4,4,1,post,2026-03-08T15:20:51.707761252Z,,181.876,removal_executed,2026-03-08T15:20:51.707761252Z,181.876,,,,remove-irs3-member1-1772983228,removal,remove-irs3-member1-1772983228,16,"[[""reshare_complete"", ""2026-02-28T13:23:53.762520482Z""], [""reshare_ack"", ""2026-03-08T12:05:49.077673571Z""], [""reshare_keygen_start"", ""2026-03-08T12:05:57.901648182Z""], [""removal_propose"", ""2026-03-08T15:20:31.270674796Z""], [""removal_observed"", ""2026-03-08T15:20:31.282746725Z""], [""removal_vote"", ""2026-03-08T15:20:35.797502985Z""], [""removal_executed"", ""2026-03-08T15:20:51.707761252Z""]]"
2026-03-08T15:23:54.934886Z,removal_1772983228,removal_wait_reshare,100.00,30.59,2245810562,5160479261,36861,41819,25781676,64845632,0,0,534,537,36861,41819,25781142,64845095,1,ok:1,95.21,1.77,5.56,11.53,0.00,1.07,4,4,1,post,2026-03-08T15:20:51.707761252Z,,183.227,removal_executed,2026-03-08T15:20:51.707761252Z,183.227,,,,remove-irs3-member1-1772983228,removal,remove-irs3-member1-1772983228,16,"[[""reshare_complete"", ""2026-02-28T13:23:53.762520482Z""], [""reshare_ack"", ""2026-03-08T12:05:49.077673571Z""], [""reshare_keygen_start"", ""2026-03-08T12:05:57.901648182Z""], [""removal_propose"", ""2026-03-08T15:20:31.270674796Z""], [""removal_observed"", ""2026-03-08T15:20:31.282746725Z""], [""removal_vote"", ""2026-03-08T15:20:35.797502985Z""], [""removal_executed"", ""2026-03-08T15:20:51.707761252Z""]]"
2026-03-08T15:23:56.217545Z,removal_1772983228,removal_wait_reshare,100.00,30.59,2245863659,5160520705,53097,41444,25834773,64887076,0,0,534,537,53097,41444,25834239,64886539,1,ok:1,86.85,1.77,6.85,11.53,0.00,1.07,4,4,1,post,2026-03-08T15:20:51.707761252Z,,184.510,removal_executed,2026-03-08T15:20:51.707761252Z,184.510,,,,remove-irs3-member1-1772983228,removal,remove-irs3-member1-1772983228,16,"[[""reshare_complete"", ""2026-02-28T13:23:53.762520482Z""], [""reshare_ack"", ""2026-03-08T12:05:49.077673571Z""], [""reshare_keygen_start"", ""2026-03-08T12:05:57.901648182Z""], [""removal_propose"", ""2026-03-08T15:20:31.270674796Z""], [""removal_observed"", ""2026-03-08T15:20:31.282746725Z""], [""removal_vote"", ""2026-03-08T15:20:35.797502985Z""], [""removal_executed"", ""2026-03-08T15:20:51.707761252Z""]]"
2026-03-08T15:23:57.480903Z,removal_1772983228,removal_wait_reshare,100.00,30.59,2245901017,5160559850,37358,39145,25872131,64926221,0,0,534,537,37358,39145,25871597,64925684,1,ok:1,86.55,1.77,8.97,11.53,0.19,1.07,4,4,1,post,2026-03-08T15:20:51.707761252Z,,185.773,removal_executed,2026-03-08T15:20:51.707761252Z,185.773,,,,remove-irs3-member1-1772983228,removal,remove-irs3-member1-1772983228,16,"[[""reshare_complete"", ""2026-02-28T13:23:53.762520482Z""], [""reshare_ack"", ""2026-03-08T12:05:49.077673571Z""], [""reshare_keygen_start"", ""2026-03-08T12:05:57.901648182Z""], [""removal_propose"", ""2026-03-08T15:20:31.270674796Z""], [""removal_observed"", ""2026-03-08T15:20:31.282746725Z""], [""removal_vote"", ""2026-03-08T15:20:35.797502985Z""], [""removal_executed"", ""2026-03-08T15:20:51.707761252Z""]]"
2026-03-08T15:23:58.775161Z,removal_1772983228,removal_wait_reshare,100.00,30.60,2245961889,5160628492,60872,68642,25933003,64994863,0,0,534,537,60872,68642,25932469,64994326,1,ok:1,87.75,1.77,8.50,11.53,0.20,1.07,4,4,1,post,2026-03-08T15:20:51.707761252Z,,187.067,removal_executed,2026-03-08T15:20:51.707761252Z,187.067,,,,remove-irs3-member1-1772983228,removal,remove-irs3-member1-1772983228,16,"[[""reshare_complete"", ""2026-02-28T13:23:53.762520482Z""], [""reshare_ack"", ""2026-03-08T12:05:49.077673571Z""], [""reshare_keygen_start"", ""2026-03-08T12:05:57.901648182Z""], [""removal_propose"", ""2026-03-08T15:20:31.270674796Z""], [""removal_observed"", ""2026-03-08T15:20:31.282746725Z""], [""removal_vote"", ""2026-03-08T15:20:35.797502985Z""], [""removal_executed"", ""2026-03-08T15:20:51.707761252Z""]]"
2026-03-08T15:24:00.064812Z,removal_1772983228,removal_wait_reshare,100.00,30.60,2246012032,5160670269,50143,41777,25983146,65036640,0,0,534,537,50143,41777,25982612,65036103,1,ok:1,92.66,1.77,6.37,11.53,0.00,1.07,4,4,1,post,2026-03-08T15:20:51.707761252Z,,188.357,removal_executed,2026-03-08T15:20:51.707761252Z,188.357,,,,remove-irs3-member1-1772983228,removal,remove-irs3-member1-1772983228,16,"[[""reshare_complete"", ""2026-02-28T13:23:53.762520482Z""], [""reshare_ack"", ""2026-03-08T12:05:49.077673571Z""], [""reshare_keygen_start"", ""2026-03-08T12:05:57.901648182Z""], [""removal_propose"", ""2026-03-08T15:20:31.270674796Z""], [""removal_observed"", ""2026-03-08T15:20:31.282746725Z""], [""removal_vote"", ""2026-03-08T15:20:35.797502985Z""], [""removal_executed"", ""2026-03-08T15:20:51.707761252Z""]]"
2026-03-08T15:24:01.350667Z,removal_1772983228,removal_wait_reshare,100.00,30.60,2246046157,5160709369,34125,39100,26017271,65075740,0,0,534,537,34125,39100,26016737,65075203,1,ok:1,89.73,1.77,5.62,11.53,0.00,1.07,4,4,1,post,2026-03-08T15:20:51.707761252Z,,189.643,removal_executed,2026-03-08T15:20:51.707761252Z,189.643,,,,remove-irs3-member1-1772983228,removal,remove-irs3-member1-1772983228,16,"[[""reshare_complete"", ""2026-02-28T13:23:53.762520482Z""], [""reshare_ack"", ""2026-03-08T12:05:49.077673571Z""], [""reshare_keygen_start"", ""2026-03-08T12:05:57.901648182Z""], [""removal_propose"", ""2026-03-08T15:20:31.270674796Z""], [""removal_observed"", ""2026-03-08T15:20:31.282746725Z""], [""removal_vote"", ""2026-03-08T15:20:35.797502985Z""], [""removal_executed"", ""2026-03-08T15:20:51.707761252Z""]]"
2026-03-08T15:24:02.527744Z,removal_1772983228,removal_wait_reshare,99.81,30.60,2246088497,5160764072,42340,54703,26059611,65130443,0,0,534,537,42340,54703,26059077,65129906,1,ok:1,84.24,1.77,9.34,11.53,0.00,1.07,4,4,1,post,2026-03-08T15:20:51.707761252Z,,190.820,removal_executed,2026-03-08T15:20:51.707761252Z,190.820,,,,remove-irs3-member1-1772983228,removal,remove-irs3-member1-1772983228,16,"[[""reshare_complete"", ""2026-02-28T13:23:53.762520482Z""], [""reshare_ack"", ""2026-03-08T12:05:49.077673571Z""], [""reshare_keygen_start"", ""2026-03-08T12:05:57.901648182Z""], [""removal_propose"", ""2026-03-08T15:20:31.270674796Z""], [""removal_observed"", ""2026-03-08T15:20:31.282746725Z""], [""removal_vote"", ""2026-03-08T15:20:35.797502985Z""], [""removal_executed"", ""2026-03-08T15:20:51.707761252Z""]]"
2026-03-08T15:24:03.676105Z,removal_1772983228,removal_wait_reshare,77.94,30.54,2246289178,5161065683,200681,301611,26260292,65432054,0,0,534,537,200681,301611,26259758,65431517,1,ok:1,63.81,1.76,11.99,11.53,0.00,1.07,4,4,1,post,2026-03-08T15:20:51.707761252Z,,191.968,removal_executed,2026-03-08T15:20:51.707761252Z,191.968,,,,remove-irs3-member1-1772983228,removal,remove-irs3-member1-1772983228,16,"[[""reshare_complete"", ""2026-02-28T13:23:53.762520482Z""], [""reshare_ack"", ""2026-03-08T12:05:49.077673571Z""], [""reshare_keygen_start"", ""2026-03-08T12:05:57.901648182Z""], [""removal_propose"", ""2026-03-08T15:20:31.270674796Z""], [""removal_observed"", ""2026-03-08T15:20:31.282746725Z""], [""removal_vote"", ""2026-03-08T15:20:35.797502985Z""], [""removal_executed"", ""2026-03-08T15:20:51.707761252Z""]]"
2026-03-08T15:24:04.773832Z,removal_1772983228,removal_wait_reshare,39.02,30.55,2246402525,5161211170,113347,145487,26373639,65577541,0,0,534,537,113347,145487,26373105,65577004,1,ok:1,22.17,1.76,7.54,11.53,0.00,1.07,4,4,1,post,2026-03-08T15:20:51.707761252Z,,193.066,removal_executed,2026-03-08T15:20:51.707761252Z,193.066,,,,remove-irs3-member1-1772983228,removal,remove-irs3-member1-1772983228,16,"[[""reshare_complete"", ""2026-02-28T13:23:53.762520482Z""], [""reshare_ack"", ""2026-03-08T12:05:49.077673571Z""], [""reshare_keygen_start"", ""2026-03-08T12:05:57.901648182Z""], [""removal_propose"", ""2026-03-08T15:20:31.270674796Z""], [""removal_observed"", ""2026-03-08T15:20:31.282746725Z""], [""removal_vote"", ""2026-03-08T15:20:35.797502985Z""], [""removal_executed"", ""2026-03-08T15:20:51.707761252Z""]]"
2026-03-08T15:24:05.872696Z,removal_1772983228,removal_wait_reshare,17.99,30.55,2246466242,5161276269,63717,65099,26437356,65642640,0,0,534,537,63717,65099,26436822,65642103,1,ok:1,1.40,1.76,11.68,11.53,0.00,1.07,4,4,1,post,2026-03-08T15:20:51.707761252Z,,194.165,removal_executed,2026-03-08T15:20:51.707761252Z,194.165,,,,remove-irs3-member1-1772983228,removal,remove-irs3-member1-1772983228,16,"[[""reshare_complete"", ""2026-02-28T13:23:53.762520482Z""], [""reshare_ack"", ""2026-03-08T12:05:49.077673571Z""], [""reshare_keygen_start"", ""2026-03-08T12:05:57.901648182Z""], [""removal_propose"", ""2026-03-08T15:20:31.270674796Z""], [""removal_observed"", ""2026-03-08T15:20:31.282746725Z""], [""removal_vote"", ""2026-03-08T15:20:35.797502985Z""], [""removal_executed"", ""2026-03-08T15:20:51.707761252Z""]]"
2026-03-08T15:24:06.974009Z,removal_1772983228,removal_wait_reshare,14.85,30.55,2246498238,5161320731,31996,44462,26469352,65687102,0,0,534,537,31996,44462,26468818,65686565,1,ok:1,0.23,1.76,11.83,11.53,0.23,1.07,4,4,1,post,2026-03-08T15:20:51.707761252Z,,195.266,removal_executed,2026-03-08T15:20:51.707761252Z,195.266,,,,remove-irs3-member1-1772983228,removal,remove-irs3-member1-1772983228,16,"[[""reshare_complete"", ""2026-02-28T13:23:53.762520482Z""], [""reshare_ack"", ""2026-03-08T12:05:49.077673571Z""], [""reshare_keygen_start"", ""2026-03-08T12:05:57.901648182Z""], [""removal_propose"", ""2026-03-08T15:20:31.270674796Z""], [""removal_observed"", ""2026-03-08T15:20:31.282746725Z""], [""removal_vote"", ""2026-03-08T15:20:35.797502985Z""], [""removal_executed"", ""2026-03-08T15:20:51.707761252Z""]]"
2026-03-08T15:24:08.070256Z,removal_1772983228,removal_wait_reshare,22.33,30.56,2246550586,5161371911,52348,51180,26521700,65738282,0,0,534,537,52348,51180,26521166,65737745,1,ok:1,0.48,1.76,18.29,11.53,0.24,1.07,4,4,1,post,2026-03-08T15:20:51.707761252Z,,196.362,removal_executed,2026-03-08T15:20:51.707761252Z,196.362,,,,remove-irs3-member1-1772983228,removal,remove-irs3-member1-1772983228,16,"[[""reshare_complete"", ""2026-02-28T13:23:53.762520482Z""], [""reshare_ack"", ""2026-03-08T12:05:49.077673571Z""], [""reshare_keygen_start"", ""2026-03-08T12:05:57.901648182Z""], [""removal_propose"", ""2026-03-08T15:20:31.270674796Z""], [""removal_observed"", ""2026-03-08T15:20:31.282746725Z""], [""removal_vote"", ""2026-03-08T15:20:35.797502985Z""], [""removal_executed"", ""2026-03-08T15:20:51.707761252Z""]]"
2026-03-08T15:24:09.168294Z,removal_1772983228,removal_wait_reshare,14.45,30.56,2246593298,5161422447,42712,50536,26564412,65788818,0,0,534,537,42712,50536,26563878,65788281,1,ok:1,0.00,1.76,11.66,11.53,0.00,1.07,4,4,1,post,2026-03-08T15:20:51.707761252Z,,197.461,removal_executed,2026-03-08T15:20:51.707761252Z,197.461,,,,remove-irs3-member1-1772983228,removal,remove-irs3-member1-1772983228,16,"[[""reshare_complete"", ""2026-02-28T13:23:53.762520482Z""], [""reshare_ack"", ""2026-03-08T12:05:49.077673571Z""], [""reshare_keygen_start"", ""2026-03-08T12:05:57.901648182Z""], [""removal_propose"", ""2026-03-08T15:20:31.270674796Z""], [""removal_observed"", ""2026-03-08T15:20:31.282746725Z""], [""removal_vote"", ""2026-03-08T15:20:35.797502985Z""], [""removal_executed"", ""2026-03-08T15:20:51.707761252Z""]]"
2026-03-08T15:24:10.270743Z,removal_1772983228,removal_wait_reshare,12.79,30.56,2246620929,5161459652,27631,37205,26592043,65826023,0,0,534,537,27631,37205,26591509,65825486,1,ok:1,0.23,1.76,9.30,11.53,0.00,1.07,4,4,1,post,2026-03-08T15:20:51.707761252Z,,198.563,removal_executed,2026-03-08T15:20:51.707761252Z,198.563,,,,remove-irs3-member1-1772983228,removal,remove-irs3-member1-1772983228,16,"[[""reshare_complete"", ""2026-02-28T13:23:53.762520482Z""], [""reshare_ack"", ""2026-03-08T12:05:49.077673571Z""], [""reshare_keygen_start"", ""2026-03-08T12:05:57.901648182Z""], [""removal_propose"", ""2026-03-08T15:20:31.270674796Z""], [""removal_observed"", ""2026-03-08T15:20:31.282746725Z""], [""removal_vote"", ""2026-03-08T15:20:35.797502985Z""], [""removal_executed"", ""2026-03-08T15:20:51.707761252Z""]]"
2026-03-08T15:24:11.371975Z,removal_1772983228,removal_wait_reshare,12.44,30.56,2246653082,5161482673,32153,23021,26624196,65849044,0,0,534,537,32153,23021,26623662,65848507,1,ok:1,0.00,1.76,8.53,11.53,0.00,1.07,4,4,1,post,2026-03-08T15:20:51.707761252Z,,199.664,removal_executed,2026-03-08T15:20:51.707761252Z,199.664,,,,remove-irs3-member1-1772983228,removal,remove-irs3-member1-1772983228,16,"[[""reshare_complete"", ""2026-02-28T13:23:53.762520482Z""], [""reshare_ack"", ""2026-03-08T12:05:49.077673571Z""], [""reshare_keygen_start"", ""2026-03-08T12:05:57.901648182Z""], [""removal_propose"", ""2026-03-08T15:20:31.270674796Z""], [""removal_observed"", ""2026-03-08T15:20:31.282746725Z""], [""removal_vote"", ""2026-03-08T15:20:35.797502985Z""], [""removal_executed"", ""2026-03-08T15:20:51.707761252Z""]]"
2026-03-08T15:24:12.461314Z,removal_1772983228,removal_wait_reshare,21.03,30.56,2246710046,5161535529,56964,52856,26681160,65901900,0,0,534,537,56964,52856,26680626,65901363,1,ok:1,0.93,1.76,15.65,11.53,0.00,1.07,4,4,1,post,2026-03-08T15:20:51.707761252Z,,200.754,removal_executed,2026-03-08T15:20:51.707761252Z,200.754,,,,remove-irs3-member1-1772983228,removal,remove-irs3-member1-1772983228,16,"[[""reshare_complete"", ""2026-02-28T13:23:53.762520482Z""], [""reshare_ack"", ""2026-03-08T12:05:49.077673571Z""], [""reshare_keygen_start"", ""2026-03-08T12:05:57.901648182Z""], [""removal_propose"", ""2026-03-08T15:20:31.270674796Z""], [""removal_observed"", ""2026-03-08T15:20:31.282746725Z""], [""removal_vote"", ""2026-03-08T15:20:35.797502985Z""], [""removal_executed"", ""2026-03-08T15:20:51.707761252Z""]]"
2026-03-08T15:24:13.573900Z,removal_1772983228,removal_wait_reshare,16.55,30.57,2246765458,5161589434,55412,53905,26736572,65955805,0,0,534,537,55412,53905,26736038,65955268,1,ok:1,0.24,1.76,13.95,11.53,0.00,1.07,4,4,1,post,2026-03-08T15:20:51.707761252Z,,201.866,removal_executed,2026-03-08T15:20:51.707761252Z,201.866,,,,remove-irs3-member1-1772983228,removal,remove-irs3-member1-1772983228,16,"[[""reshare_complete"", ""2026-02-28T13:23:53.762520482Z""], [""reshare_ack"", ""2026-03-08T12:05:49.077673571Z""], [""reshare_keygen_start"", ""2026-03-08T12:05:57.901648182Z""], [""removal_propose"", ""2026-03-08T15:20:31.270674796Z""], [""removal_observed"", ""2026-03-08T15:20:31.282746725Z""], [""removal_vote"", ""2026-03-08T15:20:35.797502985Z""], [""removal_executed"", ""2026-03-08T15:20:51.707761252Z""]]"
2026-03-08T15:24:14.679581Z,removal_1772983228,removal_wait_reshare,11.06,30.57,2246790345,5161629214,24887,39780,26761459,65995585,0,0,534,537,24887,39780,26760925,65995048,1,ok:1,0.00,1.76,9.22,11.53,0.23,1.07,4,4,1,post,2026-03-08T15:20:51.707761252Z,,202.972,removal_executed,2026-03-08T15:20:51.707761252Z,202.972,,,,remove-irs3-member1-1772983228,removal,remove-irs3-member1-1772983228,16,"[[""reshare_complete"", ""2026-02-28T13:23:53.762520482Z""], [""reshare_ack"", ""2026-03-08T12:05:49.077673571Z""], [""reshare_keygen_start"", ""2026-03-08T12:05:57.901648182Z""], [""removal_propose"", ""2026-03-08T15:20:31.270674796Z""], [""removal_observed"", ""2026-03-08T15:20:31.282746725Z""], [""removal_vote"", ""2026-03-08T15:20:35.797502985Z""], [""removal_executed"", ""2026-03-08T15:20:51.707761252Z""]]"
2026-03-08T15:24:15.779296Z,removal_1772983228,removal_wait_reshare,16.86,30.57,2246845776,5161665520,55431,36306,26816890,66031891,0,0,534,537,55431,36306,26816356,66031354,1,ok:1,0.94,1.76,11.48,11.53,0.00,1.07,4,4,1,post,2026-03-08T15:20:51.707761252Z,,204.072,removal_executed,2026-03-08T15:20:51.707761252Z,204.072,,,,remove-irs3-member1-1772983228,removal,remove-irs3-member1-1772983228,16,"[[""reshare_complete"", ""2026-02-28T13:23:53.762520482Z""], [""reshare_ack"", ""2026-03-08T12:05:49.077673571Z""], [""reshare_keygen_start"", ""2026-03-08T12:05:57.901648182Z""], [""removal_propose"", ""2026-03-08T15:20:31.270674796Z""], [""removal_observed"", ""2026-03-08T15:20:31.282746725Z""], [""removal_vote"", ""2026-03-08T15:20:35.797502985Z""], [""removal_executed"", ""2026-03-08T15:20:51.707761252Z""]]"
2026-03-08T15:24:16.877867Z,removal_1772983228,removal_wait_reshare,16.08,30.57,2246879065,5161706021,33289,40501,26850179,66072392,0,0,534,537,33289,40501,26849645,66071855,1,ok:1,0.00,1.76,13.52,11.53,0.23,1.07,4,4,1,post,2026-03-08T15:20:51.707761252Z,,205.170,removal_executed,2026-03-08T15:20:51.707761252Z,205.170,,,,remove-irs3-member1-1772983228,removal,remove-irs3-member1-1772983228,16,"[[""reshare_complete"", ""2026-02-28T13:23:53.762520482Z""], [""reshare_ack"", ""2026-03-08T12:05:49.077673571Z""], [""reshare_keygen_start"", ""2026-03-08T12:05:57.901648182Z""], [""removal_propose"", ""2026-03-08T15:20:31.270674796Z""], [""removal_observed"", ""2026-03-08T15:20:31.282746725Z""], [""removal_vote"", ""2026-03-08T15:20:35.797502985Z""], [""removal_executed"", ""2026-03-08T15:20:51.707761252Z""]]"
2026-03-08T15:24:17.982084Z,removal_1772983228,removal_wait_reshare,19.39,30.57,2246932274,5161776665,53209,70644,26903388,66143036,0,0,534,537,53209,70644,26902854,66142499,1,ok:1,0.47,1.76,16.55,11.53,0.00,1.07,4,4,1,post,2026-03-08T15:20:51.707761252Z,,206.274,removal_executed,2026-03-08T15:20:51.707761252Z,206.274,,,,remove-irs3-member1-1772983228,removal,remove-irs3-member1-1772983228,16,"[[""reshare_complete"", ""2026-02-28T13:23:53.762520482Z""], [""reshare_ack"", ""2026-03-08T12:05:49.077673571Z""], [""reshare_keygen_start"", ""2026-03-08T12:05:57.901648182Z""], [""removal_propose"", ""2026-03-08T15:20:31.270674796Z""], [""removal_observed"", ""2026-03-08T15:20:31.282746725Z""], [""removal_vote"", ""2026-03-08T15:20:35.797502985Z""], [""removal_executed"", ""2026-03-08T15:20:51.707761252Z""]]"
2026-03-08T15:24:19.080578Z,removal_1772983228,removal_wait_reshare,14.92,30.58,2246983485,5161816913,51211,40248,26954599,66183284,0,0,534,537,51211,40248,26954065,66182747,1,ok:1,0.23,1.76,11.19,11.53,0.00,1.07,4,4,1,post,2026-03-08T15:20:51.707761252Z,,207.373,removal_executed,2026-03-08T15:20:51.707761252Z,207.373,,,,remove-irs3-member1-1772983228,removal,remove-irs3-member1-1772983228,16,"[[""reshare_complete"", ""2026-02-28T13:23:53.762520482Z""], [""reshare_ack"", ""2026-03-08T12:05:49.077673571Z""], [""reshare_keygen_start"", ""2026-03-08T12:05:57.901648182Z""], [""removal_propose"", ""2026-03-08T15:20:31.270674796Z""], [""removal_observed"", ""2026-03-08T15:20:31.282746725Z""], [""removal_vote"", ""2026-03-08T15:20:35.797502985Z""], [""removal_executed"", ""2026-03-08T15:20:51.707761252Z""]]"
2026-03-08T15:24:20.178311Z,removal_1772983228,removal_wait_reshare,13.02,30.58,2247014480,5161859879,30995,42966,26985594,66226250,0,0,534,537,30995,42966,26985060,66225713,1,ok:1,0.00,1.76,11.40,11.53,0.00,1.07,4,4,1,post,2026-03-08T15:20:51.707761252Z,,208.471,removal_executed,2026-03-08T15:20:51.707761252Z,208.471,,,,remove-irs3-member1-1772983228,removal,remove-irs3-member1-1772983228,16,"[[""reshare_complete"", ""2026-02-28T13:23:53.762520482Z""], [""reshare_ack"", ""2026-03-08T12:05:49.077673571Z""], [""reshare_keygen_start"", ""2026-03-08T12:05:57.901648182Z""], [""removal_propose"", ""2026-03-08T15:20:31.270674796Z""], [""removal_observed"", ""2026-03-08T15:20:31.282746725Z""], [""removal_vote"", ""2026-03-08T15:20:35.797502985Z""], [""removal_executed"", ""2026-03-08T15:20:51.707761252Z""]]"
2026-03-08T15:24:21.279762Z,removal_1772983228,removal_wait_reshare,11.57,30.58,2247048539,5161891580,34059,31701,27019653,66257951,0,0,534,537,34059,31701,27019119,66257414,1,ok:1,0.23,1.76,8.10,11.53,0.00,1.07,4,4,1,post,2026-03-08T15:20:51.707761252Z,,209.572,removal_executed,2026-03-08T15:20:51.707761252Z,209.572,,,,remove-irs3-member1-1772983228,removal,remove-irs3-member1-1772983228,16,"[[""reshare_complete"", ""2026-02-28T13:23:53.762520482Z""], [""reshare_ack"", ""2026-03-08T12:05:49.077673571Z""], [""reshare_keygen_start"", ""2026-03-08T12:05:57.901648182Z""], [""removal_propose"", ""2026-03-08T15:20:31.270674796Z""], [""removal_observed"", ""2026-03-08T15:20:31.282746725Z""], [""removal_vote"", ""2026-03-08T15:20:35.797502985Z""], [""removal_executed"", ""2026-03-08T15:20:51.707761252Z""]]"
2026-03-08T15:24:22.384907Z,removal_1772983228,removal_wait_reshare,19.58,30.58,2247091772,5161939936,43233,48356,27062886,66306307,0,0,534,537,43233,48356,27062352,66305770,1,ok:1,0.47,1.76,15.38,11.53,0.23,1.07,4,4,1,post,2026-03-08T15:20:51.707761252Z,,210.677,removal_executed,2026-03-08T15:20:51.707761252Z,210.677,,,,remove-irs3-member1-1772983228,removal,remove-irs3-member1-1772983228,16,"[[""reshare_complete"", ""2026-02-28T13:23:53.762520482Z""], [""reshare_ack"", ""2026-03-08T12:05:49.077673571Z""], [""reshare_keygen_start"", ""2026-03-08T12:05:57.901648182Z""], [""removal_propose"", ""2026-03-08T15:20:31.270674796Z""], [""removal_observed"", ""2026-03-08T15:20:31.282746725Z""], [""removal_vote"", ""2026-03-08T15:20:35.797502985Z""], [""removal_executed"", ""2026-03-08T15:20:51.707761252Z""]]"
2026-03-08T15:24:23.485654Z,removal_1772983228,removal_wait_reshare,16.55,30.58,2247142843,5161994114,51071,54178,27113957,66360485,0,0,534,537,51071,54178,27113423,66359948,1,ok:1,0.00,1.76,13.29,11.53,0.00,1.07,4,4,1,post,2026-03-08T15:20:51.707761252Z,,211.778,removal_executed,2026-03-08T15:20:51.707761252Z,211.778,,,,remove-irs3-member1-1772983228,removal,remove-irs3-member1-1772983228,16,"[[""reshare_complete"", ""2026-02-28T13:23:53.762520482Z""], [""reshare_ack"", ""2026-03-08T12:05:49.077673571Z""], [""reshare_keygen_start"", ""2026-03-08T12:05:57.901648182Z""], [""removal_propose"", ""2026-03-08T15:20:31.270674796Z""], [""removal_observed"", ""2026-03-08T15:20:31.282746725Z""], [""removal_vote"", ""2026-03-08T15:20:35.797502985Z""], [""removal_executed"", ""2026-03-08T15:20:51.707761252Z""]]"
2026-03-08T15:24:24.586156Z,removal_1772983228,removal_wait_reshare,16.20,30.58,2247198278,5162031656,55435,37542,27169392,66398027,0,0,534,537,55435,37542,27168858,66397490,1,ok:1,0.00,1.76,13.43,11.53,0.00,1.07,4,4,1,post,2026-03-08T15:20:51.707761252Z,,212.878,removal_executed,2026-03-08T15:20:51.707761252Z,212.878,,,,remove-irs3-member1-1772983228,removal,remove-irs3-member1-1772983228,16,"[[""reshare_complete"", ""2026-02-28T13:23:53.762520482Z""], [""reshare_ack"", ""2026-03-08T12:05:49.077673571Z""], [""reshare_keygen_start"", ""2026-03-08T12:05:57.901648182Z""], [""removal_propose"", ""2026-03-08T15:20:31.270674796Z""], [""removal_observed"", ""2026-03-08T15:20:31.282746725Z""], [""removal_vote"", ""2026-03-08T15:20:35.797502985Z""], [""removal_executed"", ""2026-03-08T15:20:51.707761252Z""]]"
2026-03-08T15:24:25.695145Z,removal_1772983228,removal_wait_reshare,17.55,30.58,2247226775,5162063571,28497,31915,27197889,66429942,0,0,534,537,28497,31915,27197355,66429405,1,ok:1,0.69,1.76,12.70,11.53,0.00,1.07,4,4,1,post,2026-03-08T15:20:51.707761252Z,,213.987,removal_executed,2026-03-08T15:20:51.707761252Z,213.987,,,,remove-irs3-member1-1772983228,removal,remove-irs3-member1-1772983228,16,"[[""reshare_complete"", ""2026-02-28T13:23:53.762520482Z""], [""reshare_ack"", ""2026-03-08T12:05:49.077673571Z""], [""reshare_keygen_start"", ""2026-03-08T12:05:57.901648182Z""], [""removal_propose"", ""2026-03-08T15:20:31.270674796Z""], [""removal_observed"", ""2026-03-08T15:20:31.282746725Z""], [""removal_vote"", ""2026-03-08T15:20:35.797502985Z""], [""removal_executed"", ""2026-03-08T15:20:51.707761252Z""]]"
2026-03-08T15:24:26.795992Z,removal_1772983228,removal_wait_reshare,12.90,30.58,2247257105,5162092845,30330,29274,27228219,66459216,0,0,534,537,30330,29274,27227685,66458679,1,ok:1,0.00,1.76,9.91,11.53,0.23,1.07,4,4,1,post,2026-03-08T15:20:51.707761252Z,,215.088,removal_executed,2026-03-08T15:20:51.707761252Z,215.088,,,,remove-irs3-member1-1772983228,removal,remove-irs3-member1-1772983228,16,"[[""reshare_complete"", ""2026-02-28T13:23:53.762520482Z""], [""reshare_ack"", ""2026-03-08T12:05:49.077673571Z""], [""reshare_keygen_start"", ""2026-03-08T12:05:57.901648182Z""], [""removal_propose"", ""2026-03-08T15:20:31.270674796Z""], [""removal_observed"", ""2026-03-08T15:20:31.282746725Z""], [""removal_vote"", ""2026-03-08T15:20:35.797502985Z""], [""removal_executed"", ""2026-03-08T15:20:51.707761252Z""]]"
2026-03-08T15:24:27.899341Z,removal_1772983228,removal_wait_reshare,21.18,30.59,2247307085,5162144620,49980,51775,27278199,66510991,0,0,534,537,49980,51775,27277665,66510454,1,ok:1,0.94,1.76,16.47,11.53,0.00,1.07,4,4,1,post,2026-03-08T15:20:51.707761252Z,,216.192,removal_executed,2026-03-08T15:20:51.707761252Z,216.192,,,,remove-irs3-member1-1772983228,removal,remove-irs3-member1-1772983228,16,"[[""reshare_complete"", ""2026-02-28T13:23:53.762520482Z""], [""reshare_ack"", ""2026-03-08T12:05:49.077673571Z""], [""reshare_keygen_start"", ""2026-03-08T12:05:57.901648182Z""], [""removal_propose"", ""2026-03-08T15:20:31.270674796Z""], [""removal_observed"", ""2026-03-08T15:20:31.282746725Z""], [""removal_vote"", ""2026-03-08T15:20:35.797502985Z""], [""removal_executed"", ""2026-03-08T15:20:51.707761252Z""]]"
2026-03-08T15:24:29.000486Z,removal_1772983228,removal_wait_reshare,17.06,30.59,2247360064,5162191499,52979,46879,27331178,66557870,0,0,534,537,52979,46879,27330644,66557333,1,ok:1,0.23,1.76,12.62,11.53,0.00,1.07,4,4,1,post,2026-03-08T15:20:51.707761252Z,,217.293,removal_executed,2026-03-08T15:20:51.707761252Z,217.293,,,,remove-irs3-member1-1772983228,removal,remove-irs3-member1-1772983228,16,"[[""reshare_complete"", ""2026-02-28T13:23:53.762520482Z""], [""reshare_ack"", ""2026-03-08T12:05:49.077673571Z""], [""reshare_keygen_start"", ""2026-03-08T12:05:57.901648182Z""], [""removal_propose"", ""2026-03-08T15:20:31.270674796Z""], [""removal_observed"", ""2026-03-08T15:20:31.282746725Z""], [""removal_vote"", ""2026-03-08T15:20:35.797502985Z""], [""removal_executed"", ""2026-03-08T15:20:51.707761252Z""]]"
2026-03-08T15:24:30.102985Z,removal_1772983228,removal_wait_reshare,13.10,30.59,2247394024,5162229020,33960,37521,27365138,66595391,0,0,534,537,33960,37521,27364604,66594854,1,ok:1,0.00,1.76,9.89,11.53,0.00,1.07,4,4,1,post,2026-03-08T15:20:51.707761252Z,,218.395,removal_executed,2026-03-08T15:20:51.707761252Z,218.395,,,,remove-irs3-member1-1772983228,removal,remove-irs3-member1-1772983228,16,"[[""reshare_complete"", ""2026-02-28T13:23:53.762520482Z""], [""reshare_ack"", ""2026-03-08T12:05:49.077673571Z""], [""reshare_keygen_start"", ""2026-03-08T12:05:57.901648182Z""], [""removal_propose"", ""2026-03-08T15:20:31.270674796Z""], [""removal_observed"", ""2026-03-08T15:20:31.282746725Z""], [""removal_vote"", ""2026-03-08T15:20:35.797502985Z""], [""removal_executed"", ""2026-03-08T15:20:51.707761252Z""]]"
2026-03-08T15:24:31.202851Z,removal_1772983228,removal_wait_reshare,12.93,30.58,2247429053,5162256371,35029,27351,27400167,66622742,0,0,534,537,35029,27351,27399633,66622205,1,ok:1,0.23,1.76,9.01,11.53,0.00,1.07,4,4,1,post,2026-03-08T15:20:51.707761252Z,,219.495,removal_executed,2026-03-08T15:20:51.707761252Z,219.495,,,,remove-irs3-member1-1772983228,removal,remove-irs3-member1-1772983228,16,"[[""reshare_complete"", ""2026-02-28T13:23:53.762520482Z""], [""reshare_ack"", ""2026-03-08T12:05:49.077673571Z""], [""reshare_keygen_start"", ""2026-03-08T12:05:57.901648182Z""], [""removal_propose"", ""2026-03-08T15:20:31.270674796Z""], [""removal_observed"", ""2026-03-08T15:20:31.282746725Z""], [""removal_vote"", ""2026-03-08T15:20:35.797502985Z""], [""removal_executed"", ""2026-03-08T15:20:51.707761252Z""]]"
2026-03-08T15:24:32.303952Z,removal_1772983228,removal_wait_reshare,19.91,30.59,2247476457,5162305507,47404,49136,27447571,66671878,0,0,534,537,47404,49136,27447037,66671341,1,ok:1,0.47,1.76,14.52,11.53,0.00,1.07,4,4,1,post,2026-03-08T15:20:51.707761252Z,,220.596,removal_executed,2026-03-08T15:20:51.707761252Z,220.596,,,,remove-irs3-member1-1772983228,removal,remove-irs3-member1-1772983228,16,"[[""reshare_complete"", ""2026-02-28T13:23:53.762520482Z""], [""reshare_ack"", ""2026-03-08T12:05:49.077673571Z""], [""reshare_keygen_start"", ""2026-03-08T12:05:57.901648182Z""], [""removal_propose"", ""2026-03-08T15:20:31.270674796Z""], [""removal_observed"", ""2026-03-08T15:20:31.282746725Z""], [""removal_vote"", ""2026-03-08T15:20:35.797502985Z""], [""removal_executed"", ""2026-03-08T15:20:51.707761252Z""]]"
2026-03-08T15:24:33.399024Z,removal_1772983228,removal_wait_reshare,19.17,30.58,2247549934,5162368245,73477,62738,27521048,66734616,0,0,534,537,73477,62738,27520514,66734079,1,ok:1,0.00,1.76,17.32,11.53,0.00,1.07,4,4,1,post,2026-03-08T15:20:51.707761252Z,,221.691,removal_executed,2026-03-08T15:20:51.707761252Z,221.691,,,,remove-irs3-member1-1772983228,removal,remove-irs3-member1-1772983228,16,"[[""reshare_complete"", ""2026-02-28T13:23:53.762520482Z""], [""reshare_ack"", ""2026-03-08T12:05:49.077673571Z""], [""reshare_keygen_start"", ""2026-03-08T12:05:57.901648182Z""], [""removal_propose"", ""2026-03-08T15:20:31.270674796Z""], [""removal_observed"", ""2026-03-08T15:20:31.282746725Z""], [""removal_vote"", ""2026-03-08T15:20:35.797502985Z""], [""removal_executed"", ""2026-03-08T15:20:51.707761252Z""]]"
2026-03-08T15:24:34.501689Z,removal_1772983228,removal_wait_reshare,11.86,30.59,2247574636,5162391435,24702,23190,27545750,66757806,0,0,534,537,24702,23190,27545216,66757269,1,ok:1,0.00,1.76,7.67,11.53,0.23,1.07,4,4,1,post,2026-03-08T15:20:51.707761252Z,,222.794,removal_executed,2026-03-08T15:20:51.707761252Z,222.794,,,,remove-irs3-member1-1772983228,removal,remove-irs3-member1-1772983228,16,"[[""reshare_complete"", ""2026-02-28T13:23:53.762520482Z""], [""reshare_ack"", ""2026-03-08T12:05:49.077673571Z""], [""reshare_keygen_start"", ""2026-03-08T12:05:57.901648182Z""], [""removal_propose"", ""2026-03-08T15:20:31.270674796Z""], [""removal_observed"", ""2026-03-08T15:20:31.282746725Z""], [""removal_vote"", ""2026-03-08T15:20:35.797502985Z""], [""removal_executed"", ""2026-03-08T15:20:51.707761252Z""]]"
2026-03-08T15:24:35.602125Z,removal_1772983228,removal_wait_reshare,17.28,30.58,2247599204,5162415460,24568,24025,27570318,66781831,0,0,534,537,24568,24025,27569784,66781294,1,ok:1,0.92,1.76,11.06,11.53,0.00,1.07,4,4,1,post,2026-03-08T15:20:51.707761252Z,,223.894,removal_executed,2026-03-08T15:20:51.707761252Z,223.894,,,,remove-irs3-member1-1772983228,removal,remove-irs3-member1-1772983228,16,"[[""reshare_complete"", ""2026-02-28T13:23:53.762520482Z""], [""reshare_ack"", ""2026-03-08T12:05:49.077673571Z""], [""reshare_keygen_start"", ""2026-03-08T12:05:57.901648182Z""], [""removal_propose"", ""2026-03-08T15:20:31.270674796Z""], [""removal_observed"", ""2026-03-08T15:20:31.282746725Z""], [""removal_vote"", ""2026-03-08T15:20:35.797502985Z""], [""removal_executed"", ""2026-03-08T15:20:51.707761252Z""]]"
2026-03-08T15:24:36.699220Z,removal_1772983228,removal_wait_reshare,16.90,30.58,2247659575,5162468514,60371,53054,27630689,66834885,0,0,534,537,60371,53054,27630155,66834348,1,ok:1,0.00,1.76,15.96,11.53,0.23,1.07,4,4,1,post,2026-03-08T15:20:51.707761252Z,,224.991,removal_executed,2026-03-08T15:20:51.707761252Z,224.991,,,,remove-irs3-member1-1772983228,removal,remove-irs3-member1-1772983228,16,"[[""reshare_complete"", ""2026-02-28T13:23:53.762520482Z""], [""reshare_ack"", ""2026-03-08T12:05:49.077673571Z""], [""reshare_keygen_start"", ""2026-03-08T12:05:57.901648182Z""], [""removal_propose"", ""2026-03-08T15:20:31.270674796Z""], [""removal_observed"", ""2026-03-08T15:20:31.282746725Z""], [""removal_vote"", ""2026-03-08T15:20:35.797502985Z""], [""removal_executed"", ""2026-03-08T15:20:51.707761252Z""]]"
2026-03-08T15:24:37.797759Z,removal_1772983228,removal_wait_reshare,26.84,30.55,2247818442,5162585613,158867,117099,27789556,66951984,0,0,534,537,158867,117099,27789022,66951447,1,ok:1,7.36,1.73,16.15,11.53,0.00,1.07,4,4,1,post,2026-03-08T15:20:51.707761252Z,,226.090,removal_executed,2026-03-08T15:20:51.707761252Z,226.090,,,,remove-irs3-member1-1772983228,removal,remove-irs3-member1-1772983228,16,"[[""reshare_complete"", ""2026-02-28T13:23:53.762520482Z""], [""reshare_ack"", ""2026-03-08T12:05:49.077673571Z""], [""reshare_keygen_start"", ""2026-03-08T12:05:57.901648182Z""], [""removal_propose"", ""2026-03-08T15:20:31.270674796Z""], [""removal_observed"", ""2026-03-08T15:20:31.282746725Z""], [""removal_vote"", ""2026-03-08T15:20:35.797502985Z""], [""removal_executed"", ""2026-03-08T15:20:51.707761252Z""]]"
2026-03-08T15:24:38.896962Z,removal_1772983228,removal_wait_reshare,27.40,30.55,2248077133,5162761387,258691,175774,28048247,67127758,0,0,534,537,258691,175774,28047713,67127221,1,ok:1,9.60,1.73,12.18,11.53,0.00,1.07,4,4,1,post,2026-03-08T15:20:51.707761252Z,,227.189,removal_executed,2026-03-08T15:20:51.707761252Z,227.189,,,,remove-irs3-member1-1772983228,removal,remove-irs3-member1-1772983228,16,"[[""reshare_complete"", ""2026-02-28T13:23:53.762520482Z""], [""reshare_ack"", ""2026-03-08T12:05:49.077673571Z""], [""reshare_keygen_start"", ""2026-03-08T12:05:57.901648182Z""], [""removal_propose"", ""2026-03-08T15:20:31.270674796Z""], [""removal_observed"", ""2026-03-08T15:20:31.282746725Z""], [""removal_vote"", ""2026-03-08T15:20:35.797502985Z""], [""removal_executed"", ""2026-03-08T15:20:51.707761252Z""]]"
2026-03-08T15:24:39.995730Z,removal_1772983228,removal_wait_reshare,14.32,30.55,2248158548,5162820718,81415,59331,28129662,67187089,0,0,534,537,81415,59331,28129128,67186552,1,ok:1,2.35,1.73,10.33,11.53,0.00,1.07,4,4,1,post,2026-03-08T15:20:51.707761252Z,,228.288,removal_executed,2026-03-08T15:20:51.707761252Z,228.288,,,,remove-irs3-member1-1772983228,removal,remove-irs3-member1-1772983228,16,"[[""reshare_complete"", ""2026-02-28T13:23:53.762520482Z""], [""reshare_ack"", ""2026-03-08T12:05:49.077673571Z""], [""reshare_keygen_start"", ""2026-03-08T12:05:57.901648182Z""], [""removal_propose"", ""2026-03-08T15:20:31.270674796Z""], [""removal_observed"", ""2026-03-08T15:20:31.282746725Z""], [""removal_vote"", ""2026-03-08T15:20:35.797502985Z""], [""removal_executed"", ""2026-03-08T15:20:51.707761252Z""]]"
2026-03-08T15:24:41.101782Z,removal_1772983228,removal_wait_reshare,13.99,30.55,2248203943,5162857341,45395,36623,28175057,67223712,0,0,534,537,45395,36623,28174523,67223175,1,ok:1,0.23,1.73,8.94,11.53,0.00,1.07,4,4,1,post,2026-03-08T15:20:51.707761252Z,,229.394,removal_executed,2026-03-08T15:20:51.707761252Z,229.394,,,,remove-irs3-member1-1772983228,removal,remove-irs3-member1-1772983228,16,"[[""reshare_complete"", ""2026-02-28T13:23:53.762520482Z""], [""reshare_ack"", ""2026-03-08T12:05:49.077673571Z""], [""reshare_keygen_start"", ""2026-03-08T12:05:57.901648182Z""], [""removal_propose"", ""2026-03-08T15:20:31.270674796Z""], [""removal_observed"", ""2026-03-08T15:20:31.282746725Z""], [""removal_vote"", ""2026-03-08T15:20:35.797502985Z""], [""removal_executed"", ""2026-03-08T15:20:51.707761252Z""]]"
2026-03-08T15:24:42.232564Z,removal_1772983228,removal_wait_reshare,77.78,30.48,2248882207,5168509052,678264,5651711,28853321,72875423,0,0,534,537,678264,5651711,28852787,72874886,1,ok:1,8.80,1.64,46.99,11.54,12.96,1.32,4,4,1,post,2026-03-08T15:20:51.707761252Z,,230.525,removal_executed,2026-03-08T15:20:51.707761252Z,230.525,,,,remove-irs3-member1-1772983228,removal,remove-irs3-member1-1772983228,16,"[[""reshare_complete"", ""2026-02-28T13:23:53.762520482Z""], [""reshare_ack"", ""2026-03-08T12:05:49.077673571Z""], [""reshare_keygen_start"", ""2026-03-08T12:05:57.901648182Z""], [""removal_propose"", ""2026-03-08T15:20:31.270674796Z""], [""removal_observed"", ""2026-03-08T15:20:31.282746725Z""], [""removal_vote"", ""2026-03-08T15:20:35.797502985Z""], [""removal_executed"", ""2026-03-08T15:20:51.707761252Z""]]"
2026-03-08T15:24:43.353784Z,removal_1772983228,removal_wait_reshare,74.83,30.59,2249498907,5171622138,616700,3113086,29470021,75988509,0,0,534,537,616700,3113086,29469487,75987972,1,ok:1,2.52,1.69,46.45,11.56,11.44,1.48,4,4,1,post,2026-03-08T15:20:51.707761252Z,,231.646,removal_executed,2026-03-08T15:20:51.707761252Z,231.646,,,,remove-irs3-member1-1772983228,removal,remove-irs3-member1-1772983228,16,"[[""reshare_complete"", ""2026-02-28T13:23:53.762520482Z""], [""reshare_ack"", ""2026-03-08T12:05:49.077673571Z""], [""reshare_keygen_start"", ""2026-03-08T12:05:57.901648182Z""], [""removal_propose"", ""2026-03-08T15:20:31.270674796Z""], [""removal_observed"", ""2026-03-08T15:20:31.282746725Z""], [""removal_vote"", ""2026-03-08T15:20:35.797502985Z""], [""removal_executed"", ""2026-03-08T15:20:51.707761252Z""]]"
2026-03-08T15:24:44.472906Z,removal_1772983228,removal_wait_reshare,85.94,30.67,2250357405,5177553870,858498,5931732,30328519,81920241,0,0,534,537,858498,5931732,30327985,81919704,1,ok:1,3.17,1.64,59.41,11.60,7.71,1.53,4,4,1,post,2026-03-08T15:20:51.707761252Z,,232.765,removal_executed,2026-03-08T15:20:51.707761252Z,232.765,,,,remove-irs3-member1-1772983228,removal,remove-irs3-member1-1772983228,16,"[[""reshare_complete"", ""2026-02-28T13:23:53.762520482Z""], [""reshare_ack"", ""2026-03-08T12:05:49.077673571Z""], [""reshare_keygen_start"", ""2026-03-08T12:05:57.901648182Z""], [""removal_propose"", ""2026-03-08T15:20:31.270674796Z""], [""removal_observed"", ""2026-03-08T15:20:31.282746725Z""], [""removal_vote"", ""2026-03-08T15:20:35.797502985Z""], [""removal_executed"", ""2026-03-08T15:20:51.707761252Z""]]"
2026-03-08T15:24:45.592997Z,removal_1772983228,removal_wait_reshare,67.44,30.76,2250811217,5180759434,453812,3205564,30782331,85125805,0,0,534,537,453812,3205564,30781797,85125268,1,ok:1,3.70,1.59,40.65,11.63,10.16,1.58,4,4,1,post,2026-03-08T15:20:51.707761252Z,,233.885,removal_executed,2026-03-08T15:20:51.707761252Z,233.885,,,,remove-irs3-member1-1772983228,removal,remove-irs3-member1-1772983228,16,"[[""reshare_complete"", ""2026-02-28T13:23:53.762520482Z""], [""reshare_ack"", ""2026-03-08T12:05:49.077673571Z""], [""reshare_keygen_start"", ""2026-03-08T12:05:57.901648182Z""], [""removal_propose"", ""2026-03-08T15:20:31.270674796Z""], [""removal_observed"", ""2026-03-08T15:20:31.282746725Z""], [""removal_vote"", ""2026-03-08T15:20:35.797502985Z""], [""removal_executed"", ""2026-03-08T15:20:51.707761252Z""]]"
2026-03-08T15:24:46.727671Z,removal_1772983228,removal_wait_reshare,59.30,30.76,2251238205,5184126783,426988,3367349,31209319,88493154,178,179,712,716,426810,3367170,31208607,88492438,1,ok:3,1.40,1.59,42.33,11.74,7.67,1.58,4,4,1,post,2026-03-08T15:20:51.707761252Z,,235.020,removal_executed,2026-03-08T15:20:51.707761252Z,235.020,,,,remove-irs3-member1-1772983228,removal,remove-irs3-member1-1772983228,16,"[[""reshare_complete"", ""2026-02-28T13:23:53.762520482Z""], [""reshare_ack"", ""2026-03-08T12:05:49.077673571Z""], [""reshare_keygen_start"", ""2026-03-08T12:05:57.901648182Z""], [""removal_propose"", ""2026-03-08T15:20:31.270674796Z""], [""removal_observed"", ""2026-03-08T15:20:31.282746725Z""], [""removal_vote"", ""2026-03-08T15:20:35.797502985Z""], [""removal_executed"", ""2026-03-08T15:20:51.707761252Z""]]"
2026-03-08T15:24:47.837681Z,removal_1772983228,removal_wait_reshare,81.18,30.97,2251667266,5189921769,429061,5794986,31638380,94288140,0,0,712,716,429061,5794986,31637668,94287424,1,ok:1,2.95,1.60,56.92,12.03,7.94,1.44,4,4,1,post,2026-03-08T15:20:51.707761252Z,,236.130,removal_executed,2026-03-08T15:20:51.707761252Z,236.130,,,,remove-irs3-member1-1772983228,removal,remove-irs3-member1-1772983228,16,"[[""reshare_complete"", ""2026-02-28T13:23:53.762520482Z""], [""reshare_ack"", ""2026-03-08T12:05:49.077673571Z""], [""reshare_keygen_start"", ""2026-03-08T12:05:57.901648182Z""], [""removal_propose"", ""2026-03-08T15:20:31.270674796Z""], [""removal_observed"", ""2026-03-08T15:20:31.282746725Z""], [""removal_vote"", ""2026-03-08T15:20:35.797502985Z""], [""removal_executed"", ""2026-03-08T15:20:51.707761252Z""]]"
2026-03-08T15:24:48.931902Z,removal_1772983228,removal_wait_reshare,65.31,30.97,2252180029,5193228472,512763,3306703,32151143,97594843,0,0,712,716,512763,3306703,32150431,97594127,1,ok:1,1.59,1.62,40.82,12.03,6.80,1.44,4,4,1,post,2026-03-08T15:20:51.707761252Z,,237.224,removal_executed,2026-03-08T15:20:51.707761252Z,237.224,,,,remove-irs3-member1-1772983228,removal,remove-irs3-member1-1772983228,16,"[[""reshare_complete"", ""2026-02-28T13:23:53.762520482Z""], [""reshare_ack"", ""2026-03-08T12:05:49.077673571Z""], [""reshare_keygen_start"", ""2026-03-08T12:05:57.901648182Z""], [""removal_propose"", ""2026-03-08T15:20:31.270674796Z""], [""removal_observed"", ""2026-03-08T15:20:31.282746725Z""], [""removal_vote"", ""2026-03-08T15:20:35.797502985Z""], [""removal_executed"", ""2026-03-08T15:20:51.707761252Z""]]"
2026-03-08T15:24:50.028359Z,removal_1772983228,removal_wait_reshare,49.18,30.98,2252547050,5196329917,367021,3101445,32518164,100696288,0,0,712,716,367021,3101445,32517452,100695572,1,ok:1,2.12,1.58,32.94,12.03,7.06,1.44,4,4,1,post,2026-03-08T15:20:51.707761252Z,,238.321,removal_executed,2026-03-08T15:20:51.707761252Z,238.321,,,,remove-irs3-member1-1772983228,removal,remove-irs3-member1-1772983228,16,"[[""reshare_complete"", ""2026-02-28T13:23:53.762520482Z""], [""reshare_ack"", ""2026-03-08T12:05:49.077673571Z""], [""reshare_keygen_start"", ""2026-03-08T12:05:57.901648182Z""], [""removal_propose"", ""2026-03-08T15:20:31.270674796Z""], [""removal_observed"", ""2026-03-08T15:20:31.282746725Z""], [""removal_vote"", ""2026-03-08T15:20:35.797502985Z""], [""removal_executed"", ""2026-03-08T15:20:51.707761252Z""]]"
2026-03-08T15:24:51.175163Z,removal_1772983228,removal_wait_reshare,33.18,30.97,2252925921,5197556198,378871,1226281,32897035,101922569,0,0,712,716,378871,1226281,32896323,101921853,1,ok:1,0.47,1.58,28.44,12.08,6.16,1.44,4,4,1,post,2026-03-08T15:20:51.707761252Z,,239.467,removal_executed,2026-03-08T15:20:51.707761252Z,239.467,,,,remove-irs3-member1-1772983228,removal,remove-irs3-member1-1772983228,16,"[[""reshare_complete"", ""2026-02-28T13:23:53.762520482Z""], [""reshare_ack"", ""2026-03-08T12:05:49.077673571Z""], [""reshare_keygen_start"", ""2026-03-08T12:05:57.901648182Z""], [""removal_propose"", ""2026-03-08T15:20:31.270674796Z""], [""removal_observed"", ""2026-03-08T15:20:31.282746725Z""], [""removal_vote"", ""2026-03-08T15:20:35.797502985Z""], [""removal_executed"", ""2026-03-08T15:20:51.707761252Z""]]"
2026-03-08T15:24:52.267577Z,removal_1772983228,removal_wait_reshare,42.33,31.01,2253080473,5199559112,154552,2002914,33051587,103925483,0,0,712,716,154552,2002914,33050875,103924767,1,ok:1,0.92,1.60,29.06,12.11,0.69,1.44,4,4,1,post,2026-03-08T15:20:51.707761252Z,,240.560,removal_executed,2026-03-08T15:20:51.707761252Z,240.560,,,,remove-irs3-member1-1772983228,removal,remove-irs3-member1-1772983228,16,"[[""reshare_complete"", ""2026-02-28T13:23:53.762520482Z""], [""reshare_ack"", ""2026-03-08T12:05:49.077673571Z""], [""reshare_keygen_start"", ""2026-03-08T12:05:57.901648182Z""], [""removal_propose"", ""2026-03-08T15:20:31.270674796Z""], [""removal_observed"", ""2026-03-08T15:20:31.282746725Z""], [""removal_vote"", ""2026-03-08T15:20:35.797502985Z""], [""removal_executed"", ""2026-03-08T15:20:51.707761252Z""]]"
2026-03-08T15:24:53.371373Z,removal_1772983228,removal_wait_reshare,59.02,31.11,2253447049,5202770754,366576,3211642,33418163,107137125,0,0,712,716,366576,3211642,33417451,107136409,1,ok:1,2.34,1.63,43.56,12.21,6.79,1.44,4,4,1,post,2026-03-08T15:20:51.707761252Z,,241.664,removal_executed,2026-03-08T15:20:51.707761252Z,241.664,,,,remove-irs3-member1-1772983228,removal,remove-irs3-member1-1772983228,16,"[[""reshare_complete"", ""2026-02-28T13:23:53.762520482Z""], [""reshare_ack"", ""2026-03-08T12:05:49.077673571Z""], [""reshare_keygen_start"", ""2026-03-08T12:05:57.901648182Z""], [""removal_propose"", ""2026-03-08T15:20:31.270674796Z""], [""removal_observed"", ""2026-03-08T15:20:31.282746725Z""], [""removal_vote"", ""2026-03-08T15:20:35.797502985Z""], [""removal_executed"", ""2026-03-08T15:20:51.707761252Z""]]"
2026-03-08T15:24:54.473356Z,removal_1772983228,removal_wait_reshare,23.40,31.11,2253634386,5202926245,187337,155491,33605500,107292616,0,0,712,716,187337,155491,33604788,107291900,1,ok:1,0.00,1.63,17.26,12.21,1.18,1.44,4,4,1,post,2026-03-08T15:20:51.707761252Z,,242.766,removal_executed,2026-03-08T15:20:51.707761252Z,242.766,,,,remove-irs3-member1-1772983228,removal,remove-irs3-member1-1772983228,16,"[[""reshare_complete"", ""2026-02-28T13:23:53.762520482Z""], [""reshare_ack"", ""2026-03-08T12:05:49.077673571Z""], [""reshare_keygen_start"", ""2026-03-08T12:05:57.901648182Z""], [""removal_propose"", ""2026-03-08T15:20:31.270674796Z""], [""removal_observed"", ""2026-03-08T15:20:31.282746725Z""], [""removal_vote"", ""2026-03-08T15:20:35.797502985Z""], [""removal_executed"", ""2026-03-08T15:20:51.707761252Z""]]"
2026-03-08T15:24:55.590175Z,removal_1772983228,removal_wait_reshare,55.04,31.19,2253890929,5206068813,256543,3142568,33862043,110435184,0,0,712,716,256543,3142568,33861331,110434468,1,ok:1,4.22,1.64,38.17,12.41,5.62,1.26,4,4,1,post,2026-03-08T15:20:51.707761252Z,,243.882,removal_executed,2026-03-08T15:20:51.707761252Z,243.882,,,,remove-irs3-member1-1772983228,removal,remove-irs3-member1-1772983228,16,"[[""reshare_complete"", ""2026-02-28T13:23:53.762520482Z""], [""reshare_ack"", ""2026-03-08T12:05:49.077673571Z""], [""reshare_keygen_start"", ""2026-03-08T12:05:57.901648182Z""], [""removal_propose"", ""2026-03-08T15:20:31.270674796Z""], [""removal_observed"", ""2026-03-08T15:20:31.282746725Z""], [""removal_vote"", ""2026-03-08T15:20:35.797502985Z""], [""removal_executed"", ""2026-03-08T15:20:51.707761252Z""]]"
2026-03-08T15:24:56.696408Z,removal_1772983228,removal_wait_reshare,24.13,31.20,2253997850,5206216095,106921,147282,33968964,110582466,0,0,712,716,106921,147282,33968252,110581750,1,ok:1,0.00,1.64,22.04,12.41,0.00,1.26,4,4,1,post,2026-03-08T15:20:51.707761252Z,,244.989,removal_executed,2026-03-08T15:20:51.707761252Z,244.989,,,,remove-irs3-member1-1772983228,removal,remove-irs3-member1-1772983228,16,"[[""reshare_complete"", ""2026-02-28T13:23:53.762520482Z""], [""reshare_ack"", ""2026-03-08T12:05:49.077673571Z""], [""reshare_keygen_start"", ""2026-03-08T12:05:57.901648182Z""], [""removal_propose"", ""2026-03-08T15:20:31.270674796Z""], [""removal_observed"", ""2026-03-08T15:20:31.282746725Z""], [""removal_vote"", ""2026-03-08T15:20:35.797502985Z""], [""removal_executed"", ""2026-03-08T15:20:51.707761252Z""]]"
2026-03-08T15:24:57.797347Z,removal_1772983228,removal_wait_reshare,45.85,31.20,2254309266,5208164716,311416,1948621,34280380,112531087,0,0,712,716,311416,1948621,34279668,112530371,1,ok:1,1.38,1.64,31.57,12.41,4.61,1.26,4,4,1,post,2026-03-08T15:20:51.707761252Z,,246.090,removal_executed,2026-03-08T15:20:51.707761252Z,246.090,,,,remove-irs3-member1-1772983228,removal,remove-irs3-member1-1772983228,16,"[[""reshare_complete"", ""2026-02-28T13:23:53.762520482Z""], [""reshare_ack"", ""2026-03-08T12:05:49.077673571Z""], [""reshare_keygen_start"", ""2026-03-08T12:05:57.901648182Z""], [""removal_propose"", ""2026-03-08T15:20:31.270674796Z""], [""removal_observed"", ""2026-03-08T15:20:31.282746725Z""], [""removal_vote"", ""2026-03-08T15:20:35.797502985Z""], [""removal_executed"", ""2026-03-08T15:20:51.707761252Z""]]"
2026-03-08T15:24:58.894208Z,removal_1772983228,removal_wait_reshare,24.76,31.21,2254417415,5208272983,108149,108267,34388529,112639354,178,179,890,895,107971,108088,34387639,112638459,1,ok:3,0.24,1.64,21.93,12.41,0.24,1.26,4,4,1,post,2026-03-08T15:20:51.707761252Z,,247.186,removal_executed,2026-03-08T15:20:51.707761252Z,247.186,,,,remove-irs3-member1-1772983228,removal,remove-irs3-member1-1772983228,16,"[[""reshare_complete"", ""2026-02-28T13:23:53.762520482Z""], [""reshare_ack"", ""2026-03-08T12:05:49.077673571Z""], [""reshare_keygen_start"", ""2026-03-08T12:05:57.901648182Z""], [""removal_propose"", ""2026-03-08T15:20:31.270674796Z""], [""removal_observed"", ""2026-03-08T15:20:31.282746725Z""], [""removal_vote"", ""2026-03-08T15:20:35.797502985Z""], [""removal_executed"", ""2026-03-08T15:20:51.707761252Z""]]"
2026-03-08T15:24:59.993219Z,removal_1772983228,removal_wait_reshare,45.18,31.25,2254723899,5210648275,306484,2375292,34695013,115014646,0,0,890,895,306484,2375292,34694123,115013751,1,ok:1,1.18,1.64,29.41,12.46,6.59,1.28,4,4,1,post,2026-03-08T15:20:51.707761252Z,,248.285,removal_executed,2026-03-08T15:20:51.707761252Z,248.285,,,,remove-irs3-member1-1772983228,removal,remove-irs3-member1-1772983228,16,"[[""reshare_complete"", ""2026-02-28T13:23:53.762520482Z""], [""reshare_ack"", ""2026-03-08T12:05:49.077673571Z""], [""reshare_keygen_start"", ""2026-03-08T12:05:57.901648182Z""], [""removal_propose"", ""2026-03-08T15:20:31.270674796Z""], [""removal_observed"", ""2026-03-08T15:20:31.282746725Z""], [""removal_vote"", ""2026-03-08T15:20:35.797502985Z""], [""removal_executed"", ""2026-03-08T15:20:51.707761252Z""]]"
2026-03-08T15:25:01.098413Z,removal_1772983228,removal_wait_reshare,47.81,31.29,2254995293,5213860840,271394,3212565,34966407,118227211,0,0,890,895,271394,3212565,34965517,118226316,1,ok:1,0.92,1.65,35.10,12.46,5.54,1.28,4,4,1,post,2026-03-08T15:20:51.707761252Z,,249.391,removal_executed,2026-03-08T15:20:51.707761252Z,249.391,,,,remove-irs3-member1-1772983228,removal,remove-irs3-member1-1772983228,16,"[[""reshare_complete"", ""2026-02-28T13:23:53.762520482Z""], [""reshare_ack"", ""2026-03-08T12:05:49.077673571Z""], [""reshare_keygen_start"", ""2026-03-08T12:05:57.901648182Z""], [""removal_propose"", ""2026-03-08T15:20:31.270674796Z""], [""removal_observed"", ""2026-03-08T15:20:31.282746725Z""], [""removal_vote"", ""2026-03-08T15:20:35.797502985Z""], [""removal_executed"", ""2026-03-08T15:20:51.707761252Z""]]"
2026-03-08T15:25:02.201535Z,removal_1772983228,removal_wait_reshare,23.65,31.29,2255067185,5213937430,71892,76590,35038299,118303801,0,0,890,895,71892,76590,35037409,118302906,1,ok:1,0.23,1.65,19.20,12.46,0.00,1.28,4,4,1,post,2026-03-08T15:20:51.707761252Z,,250.494,removal_executed,2026-03-08T15:20:51.707761252Z,250.494,,,,remove-irs3-member1-1772983228,removal,remove-irs3-member1-1772983228,16,"[[""reshare_complete"", ""2026-02-28T13:23:53.762520482Z""], [""reshare_ack"", ""2026-03-08T12:05:49.077673571Z""], [""reshare_keygen_start"", ""2026-03-08T12:05:57.901648182Z""], [""removal_propose"", ""2026-03-08T15:20:31.270674796Z""], [""removal_observed"", ""2026-03-08T15:20:31.282746725Z""], [""removal_vote"", ""2026-03-08T15:20:35.797502985Z""], [""removal_executed"", ""2026-03-08T15:20:51.707761252Z""]]"
2026-03-08T15:25:03.308865Z,removal_1772983228,removal_wait_reshare,32.39,31.29,2255223582,5214956869,156397,1019439,35194696,119323240,0,0,890,895,156397,1019439,35193806,119322345,1,ok:1,0.70,1.65,25.82,12.46,2.35,1.28,4,4,1,post,2026-03-08T15:20:51.707761252Z,,251.601,removal_executed,2026-03-08T15:20:51.707761252Z,251.601,,,,remove-irs3-member1-1772983228,removal,remove-irs3-member1-1772983228,16,"[[""reshare_complete"", ""2026-02-28T13:23:53.762520482Z""], [""reshare_ack"", ""2026-03-08T12:05:49.077673571Z""], [""reshare_keygen_start"", ""2026-03-08T12:05:57.901648182Z""], [""removal_propose"", ""2026-03-08T15:20:31.270674796Z""], [""removal_observed"", ""2026-03-08T15:20:31.282746725Z""], [""removal_vote"", ""2026-03-08T15:20:35.797502985Z""], [""removal_executed"", ""2026-03-08T15:20:51.707761252Z""]]"
2026-03-08T15:25:04.405222Z,removal_1772983228,removal_wait_reshare,25.93,31.30,2255436598,5215081558,213016,124689,35407712,119447929,0,0,890,895,213016,124689,35406822,119447034,1,ok:1,0.00,1.65,22.43,12.46,1.17,1.28,4,4,1,post,2026-03-08T15:20:51.707761252Z,,252.697,removal_executed,2026-03-08T15:20:51.707761252Z,252.697,,,,remove-irs3-member1-1772983228,removal,remove-irs3-member1-1772983228,16,"[[""reshare_complete"", ""2026-02-28T13:23:53.762520482Z""], [""reshare_ack"", ""2026-03-08T12:05:49.077673571Z""], [""reshare_keygen_start"", ""2026-03-08T12:05:57.901648182Z""], [""removal_propose"", ""2026-03-08T15:20:31.270674796Z""], [""removal_observed"", ""2026-03-08T15:20:31.282746725Z""], [""removal_vote"", ""2026-03-08T15:20:35.797502985Z""], [""removal_executed"", ""2026-03-08T15:20:51.707761252Z""]]"
2026-03-08T15:25:05.505686Z,removal_1772983228,removal_wait_reshare,59.62,31.35,2255780407,5218304132,343809,3222574,35751521,122670503,0,0,890,895,343809,3222574,35750631,122669608,1,ok:1,2.58,1.66,40.38,12.35,7.98,1.35,4,4,1,post,2026-03-08T15:20:51.707761252Z,,253.798,removal_executed,2026-03-08T15:20:51.707761252Z,253.798,,,,remove-irs3-member1-1772983228,removal,remove-irs3-member1-1772983228,16,"[[""reshare_complete"", ""2026-02-28T13:23:53.762520482Z""], [""reshare_ack"", ""2026-03-08T12:05:49.077673571Z""], [""reshare_keygen_start"", ""2026-03-08T12:05:57.901648182Z""], [""removal_propose"", ""2026-03-08T15:20:31.270674796Z""], [""removal_observed"", ""2026-03-08T15:20:31.282746725Z""], [""removal_vote"", ""2026-03-08T15:20:35.797502985Z""], [""removal_executed"", ""2026-03-08T15:20:51.707761252Z""]]"
2026-03-08T15:25:06.614430Z,removal_1772983228,removal_wait_reshare,17.58,31.34,2255834049,5218362358,53642,58226,35805163,122728729,0,0,890,895,53642,58226,35804273,122727834,1,ok:1,0.00,1.66,14.96,12.35,0.24,1.35,4,4,1,post,2026-03-08T15:20:51.707761252Z,,254.907,removal_executed,2026-03-08T15:20:51.707761252Z,254.907,,,,remove-irs3-member1-1772983228,removal,remove-irs3-member1-1772983228,16,"[[""reshare_complete"", ""2026-02-28T13:23:53.762520482Z""], [""reshare_ack"", ""2026-03-08T12:05:49.077673571Z""], [""reshare_keygen_start"", ""2026-03-08T12:05:57.901648182Z""], [""removal_propose"", ""2026-03-08T15:20:31.270674796Z""], [""removal_observed"", ""2026-03-08T15:20:31.282746725Z""], [""removal_vote"", ""2026-03-08T15:20:35.797502985Z""], [""removal_executed"", ""2026-03-08T15:20:51.707761252Z""]]"
2026-03-08T15:25:07.705842Z,removal_1772983228,removal_wait_reshare,42.99,31.34,2256033174,5220386301,199125,2023943,36004288,124752672,0,0,890,895,199125,2023943,36003398,124751777,1,ok:1,0.23,1.66,33.41,12.35,3.50,1.35,4,4,1,post,2026-03-08T15:20:51.707761252Z,,255.998,removal_executed,2026-03-08T15:20:51.707761252Z,255.998,,,,remove-irs3-member1-1772983228,removal,remove-irs3-member1-1772983228,16,"[[""reshare_complete"", ""2026-02-28T13:23:53.762520482Z""], [""reshare_ack"", ""2026-03-08T12:05:49.077673571Z""], [""reshare_keygen_start"", ""2026-03-08T12:05:57.901648182Z""], [""removal_propose"", ""2026-03-08T15:20:31.270674796Z""], [""removal_observed"", ""2026-03-08T15:20:31.282746725Z""], [""removal_vote"", ""2026-03-08T15:20:35.797502985Z""], [""removal_executed"", ""2026-03-08T15:20:51.707761252Z""]]"
2026-03-08T15:25:08.825500Z,removal_1772983228,removal_wait_reshare,28.17,31.33,2256228008,5220534415,194834,148114,36199122,124900786,0,0,890,895,194834,148114,36198232,124899891,1,ok:1,0.23,1.66,24.41,12.35,1.41,1.35,4,4,1,post,2026-03-08T15:20:51.707761252Z,,257.118,removal_executed,2026-03-08T15:20:51.707761252Z,257.118,,,,remove-irs3-member1-1772983228,removal,remove-irs3-member1-1772983228,16,"[[""reshare_complete"", ""2026-02-28T13:23:53.762520482Z""], [""reshare_ack"", ""2026-03-08T12:05:49.077673571Z""], [""reshare_keygen_start"", ""2026-03-08T12:05:57.901648182Z""], [""removal_propose"", ""2026-03-08T15:20:31.270674796Z""], [""removal_observed"", ""2026-03-08T15:20:31.282746725Z""], [""removal_vote"", ""2026-03-08T15:20:35.797502985Z""], [""removal_executed"", ""2026-03-08T15:20:51.707761252Z""]]"
2026-03-08T15:25:09.932915Z,removal_1772983228,removal_wait_reshare,43.52,31.34,2256429372,5223725266,201364,3190851,36400486,128091637,0,0,890,895,201364,3190851,36399596,128090742,1,ok:1,1.39,1.66,31.02,12.35,6.02,1.35,4,4,1,post,2026-03-08T15:20:51.707761252Z,,258.225,removal_executed,2026-03-08T15:20:51.707761252Z,258.225,,,,remove-irs3-member1-1772983228,removal,remove-irs3-member1-1772983228,16,"[[""reshare_complete"", ""2026-02-28T13:23:53.762520482Z""], [""reshare_ack"", ""2026-03-08T12:05:49.077673571Z""], [""reshare_keygen_start"", ""2026-03-08T12:05:57.901648182Z""], [""removal_propose"", ""2026-03-08T15:20:31.270674796Z""], [""removal_observed"", ""2026-03-08T15:20:31.282746725Z""], [""removal_vote"", ""2026-03-08T15:20:35.797502985Z""], [""removal_executed"", ""2026-03-08T15:20:51.707761252Z""]]"
2026-03-08T15:25:11.033948Z,removal_1772983228,removal_wait_reshare,24.17,31.34,2256655754,5223862982,226382,137716,36626868,128229353,0,0,890,895,226382,137716,36625978,128228458,1,ok:1,0.47,1.66,16.59,12.35,1.66,1.35,4,4,1,post,2026-03-08T15:20:51.707761252Z,,259.326,removal_executed,2026-03-08T15:20:51.707761252Z,259.326,,,,remove-irs3-member1-1772983228,removal,remove-irs3-member1-1772983228,16,"[[""reshare_complete"", ""2026-02-28T13:23:53.762520482Z""], [""reshare_ack"", ""2026-03-08T12:05:49.077673571Z""], [""reshare_keygen_start"", ""2026-03-08T12:05:57.901648182Z""], [""removal_propose"", ""2026-03-08T15:20:31.270674796Z""], [""removal_observed"", ""2026-03-08T15:20:31.282746725Z""], [""removal_vote"", ""2026-03-08T15:20:35.797502985Z""], [""removal_executed"", ""2026-03-08T15:20:51.707761252Z""]]"
2026-03-08T15:25:12.129005Z,removal_1772983228,removal_wait_reshare,23.72,31.34,2256768171,5223934017,112417,71035,36739285,128300388,0,0,890,895,112417,71035,36738395,128299493,1,ok:1,0.00,1.66,20.93,12.35,0.00,1.35,4,4,1,post,2026-03-08T15:20:51.707761252Z,,260.421,removal_executed,2026-03-08T15:20:51.707761252Z,260.421,,,,remove-irs3-member1-1772983228,removal,remove-irs3-member1-1772983228,16,"[[""reshare_complete"", ""2026-02-28T13:23:53.762520482Z""], [""reshare_ack"", ""2026-03-08T12:05:49.077673571Z""], [""reshare_keygen_start"", ""2026-03-08T12:05:57.901648182Z""], [""removal_propose"", ""2026-03-08T15:20:31.270674796Z""], [""removal_observed"", ""2026-03-08T15:20:31.282746725Z""], [""removal_vote"", ""2026-03-08T15:20:35.797502985Z""], [""removal_executed"", ""2026-03-08T15:20:51.707761252Z""]]"
2026-03-08T15:25:13.243068Z,removal_1772983228,removal_wait_reshare,47.03,31.33,2256923018,5226550059,154847,2616042,36894132,130916430,0,0,890,895,154847,2616042,36893242,130915535,1,ok:1,0.95,1.67,38.00,12.35,5.94,1.35,4,4,1,post,2026-03-08T15:20:51.707761252Z,,261.535,removal_executed,2026-03-08T15:20:51.707761252Z,261.535,,,,remove-irs3-member1-1772983228,removal,remove-irs3-member1-1772983228,16,"[[""reshare_complete"", ""2026-02-28T13:23:53.762520482Z""], [""reshare_ack"", ""2026-03-08T12:05:49.077673571Z""], [""reshare_keygen_start"", ""2026-03-08T12:05:57.901648182Z""], [""removal_propose"", ""2026-03-08T15:20:31.270674796Z""], [""removal_observed"", ""2026-03-08T15:20:31.282746725Z""], [""removal_vote"", ""2026-03-08T15:20:35.797502985Z""], [""removal_executed"", ""2026-03-08T15:20:51.707761252Z""]]"
2026-03-08T15:25:14.344443Z,removal_1772983228,removal_wait_reshare,28.57,31.33,2257198681,5226712563,275663,162504,37169795,131078934,0,0,890,895,275663,162504,37168905,131078039,1,ok:1,0.68,1.67,17.46,12.35,0.91,1.35,4,4,1,post,2026-03-08T15:20:51.707761252Z,,262.637,removal_executed,2026-03-08T15:20:51.707761252Z,262.637,,,,remove-irs3-member1-1772983228,removal,remove-irs3-member1-1772983228,16,"[[""reshare_complete"", ""2026-02-28T13:23:53.762520482Z""], [""reshare_ack"", ""2026-03-08T12:05:49.077673571Z""], [""reshare_keygen_start"", ""2026-03-08T12:05:57.901648182Z""], [""removal_propose"", ""2026-03-08T15:20:31.270674796Z""], [""removal_observed"", ""2026-03-08T15:20:31.282746725Z""], [""removal_vote"", ""2026-03-08T15:20:35.797502985Z""], [""removal_executed"", ""2026-03-08T15:20:51.707761252Z""]]"
2026-03-08T15:25:15.459518Z,removal_1772983228,removal_wait_reshare,38.89,31.33,2257318969,5229591122,120288,2878559,37290083,133957493,0,0,890,895,120288,2878559,37289193,133956598,1,ok:1,0.69,1.67,30.56,12.35,4.40,1.35,4,4,1,post,2026-03-08T15:20:51.707761252Z,,263.752,removal_executed,2026-03-08T15:20:51.707761252Z,263.752,,,,remove-irs3-member1-1772983228,removal,remove-irs3-member1-1772983228,16,"[[""reshare_complete"", ""2026-02-28T13:23:53.762520482Z""], [""reshare_ack"", ""2026-03-08T12:05:49.077673571Z""], [""reshare_keygen_start"", ""2026-03-08T12:05:57.901648182Z""], [""removal_propose"", ""2026-03-08T15:20:31.270674796Z""], [""removal_observed"", ""2026-03-08T15:20:31.282746725Z""], [""removal_vote"", ""2026-03-08T15:20:35.797502985Z""], [""removal_executed"", ""2026-03-08T15:20:51.707761252Z""]]"
2026-03-08T15:25:16.559922Z,removal_1772983228,removal_wait_reshare,29.93,31.33,2257416881,5229686205,97912,95083,37387995,134052576,0,0,890,895,97912,95083,37387105,134051681,1,ok:1,0.70,1.67,22.51,12.35,0.23,1.35,4,4,1,post,2026-03-08T15:20:51.707761252Z,,264.852,removal_executed,2026-03-08T15:20:51.707761252Z,264.852,,,,remove-irs3-member1-1772983228,removal,remove-irs3-member1-1772983228,16,"[[""reshare_complete"", ""2026-02-28T13:23:53.762520482Z""], [""reshare_ack"", ""2026-03-08T12:05:49.077673571Z""], [""reshare_keygen_start"", ""2026-03-08T12:05:57.901648182Z""], [""removal_propose"", ""2026-03-08T15:20:31.270674796Z""], [""removal_observed"", ""2026-03-08T15:20:31.282746725Z""], [""removal_vote"", ""2026-03-08T15:20:35.797502985Z""], [""removal_executed"", ""2026-03-08T15:20:51.707761252Z""]]"
2026-03-08T15:25:17.657011Z,removal_1772983228,removal_wait_reshare,31.00,31.33,2257666296,5229865236,249415,179031,37637410,134231607,0,0,890,895,249415,179031,37636520,134230712,1,ok:1,0.47,1.67,25.41,12.35,0.93,1.35,4,4,1,post,2026-03-08T15:20:51.707761252Z,,265.949,removal_executed,2026-03-08T15:20:51.707761252Z,265.949,,,,remove-irs3-member1-1772983228,removal,remove-irs3-member1-1772983228,16,"[[""reshare_complete"", ""2026-02-28T13:23:53.762520482Z""], [""reshare_ack"", ""2026-03-08T12:05:49.077673571Z""], [""reshare_keygen_start"", ""2026-03-08T12:05:57.901648182Z""], [""removal_propose"", ""2026-03-08T15:20:31.270674796Z""], [""removal_observed"", ""2026-03-08T15:20:31.282746725Z""], [""removal_vote"", ""2026-03-08T15:20:35.797502985Z""], [""removal_executed"", ""2026-03-08T15:20:51.707761252Z""]]"
2026-03-08T15:25:18.783434Z,removal_1772983228,removal_wait_reshare,23.58,31.33,2257767933,5230093237,101637,228001,37739047,134459608,0,0,890,895,101637,228001,37738157,134458713,1,ok:1,0.00,1.67,23.58,12.35,3.07,1.35,4,4,1,post,2026-03-08T15:20:51.707761252Z,,267.076,removal_executed,2026-03-08T15:20:51.707761252Z,267.076,,,,remove-irs3-member1-1772983228,removal,remove-irs3-member1-1772983228,16,"[[""reshare_complete"", ""2026-02-28T13:23:53.762520482Z""], [""reshare_ack"", ""2026-03-08T12:05:49.077673571Z""], [""reshare_keygen_start"", ""2026-03-08T12:05:57.901648182Z""], [""removal_propose"", ""2026-03-08T15:20:31.270674796Z""], [""removal_observed"", ""2026-03-08T15:20:31.282746725Z""], [""removal_vote"", ""2026-03-08T15:20:35.797502985Z""], [""removal_executed"", ""2026-03-08T15:20:51.707761252Z""]]"
2026-03-08T15:25:19.880328Z,removal_1772983228,removal_wait_reshare,45.58,31.33,2258071834,5232311175,303901,2217938,38042948,136677546,0,0,890,895,303901,2217938,38042058,136676651,1,ok:1,1.40,1.65,31.63,12.35,2.09,1.35,4,4,1,post,2026-03-08T15:20:51.707761252Z,,268.173,removal_executed,2026-03-08T15:20:51.707761252Z,268.173,,,,remove-irs3-member1-1772983228,removal,remove-irs3-member1-1772983228,16,"[[""reshare_complete"", ""2026-02-28T13:23:53.762520482Z""], [""reshare_ack"", ""2026-03-08T12:05:49.077673571Z""], [""reshare_keygen_start"", ""2026-03-08T12:05:57.901648182Z""], [""removal_propose"", ""2026-03-08T15:20:31.270674796Z""], [""removal_observed"", ""2026-03-08T15:20:31.282746725Z""], [""removal_vote"", ""2026-03-08T15:20:35.797502985Z""], [""removal_executed"", ""2026-03-08T15:20:51.707761252Z""]]"
2026-03-08T15:25:20.976341Z,removal_1772983228,removal_wait_reshare,20.42,31.33,2258158067,5232380165,86233,68990,38129181,136746536,0,0,890,895,86233,68990,38128291,136745641,1,ok:1,0.00,1.65,17.37,12.35,0.00,1.35,4,4,1,post,2026-03-08T15:20:51.707761252Z,,269.269,removal_executed,2026-03-08T15:20:51.707761252Z,269.269,,,,remove-irs3-member1-1772983228,removal,remove-irs3-member1-1772983228,16,"[[""reshare_complete"", ""2026-02-28T13:23:53.762520482Z""], [""reshare_ack"", ""2026-03-08T12:05:49.077673571Z""], [""reshare_keygen_start"", ""2026-03-08T12:05:57.901648182Z""], [""removal_propose"", ""2026-03-08T15:20:31.270674796Z""], [""removal_observed"", ""2026-03-08T15:20:31.282746725Z""], [""removal_vote"", ""2026-03-08T15:20:35.797502985Z""], [""removal_executed"", ""2026-03-08T15:20:51.707761252Z""]]"
2026-03-08T15:25:22.081803Z,removal_1772983228,removal_wait_reshare,56.78,31.35,2258273754,5234980929,115687,2600764,38244868,139347300,0,0,890,895,115687,2600764,38243978,139346405,1,ok:1,3.45,1.66,37.47,12.35,5.98,1.39,4,4,1,post,2026-03-08T15:20:51.707761252Z,,270.374,removal_executed,2026-03-08T15:20:51.707761252Z,270.374,,,,remove-irs3-member1-1772983228,removal,remove-irs3-member1-1772983228,16,"[[""reshare_complete"", ""2026-02-28T13:23:53.762520482Z""], [""reshare_ack"", ""2026-03-08T12:05:49.077673571Z""], [""reshare_keygen_start"", ""2026-03-08T12:05:57.901648182Z""], [""removal_propose"", ""2026-03-08T15:20:31.270674796Z""], [""removal_observed"", ""2026-03-08T15:20:31.282746725Z""], [""removal_vote"", ""2026-03-08T15:20:35.797502985Z""], [""removal_executed"", ""2026-03-08T15:20:51.707761252Z""]]"
2026-03-08T15:25:23.180560Z,removal_1772983228,removal_wait_reshare,27.19,31.35,2258501554,5235124317,227800,143388,38472668,139490688,0,0,890,895,227800,143388,38471778,139489793,1,ok:1,0.71,1.66,20.09,12.35,1.42,1.39,4,4,1,post,2026-03-08T15:20:51.707761252Z,,271.473,removal_executed,2026-03-08T15:20:51.707761252Z,271.473,,,,remove-irs3-member1-1772983228,removal,remove-irs3-member1-1772983228,16,"[[""reshare_complete"", ""2026-02-28T13:23:53.762520482Z""], [""reshare_ack"", ""2026-03-08T12:05:49.077673571Z""], [""reshare_keygen_start"", ""2026-03-08T12:05:57.901648182Z""], [""removal_propose"", ""2026-03-08T15:20:31.270674796Z""], [""removal_observed"", ""2026-03-08T15:20:31.282746725Z""], [""removal_vote"", ""2026-03-08T15:20:35.797502985Z""], [""removal_executed"", ""2026-03-08T15:20:51.707761252Z""]]"
2026-03-08T15:25:24.276059Z,removal_1772983228,removal_wait_reshare,22.43,31.35,2258586724,5235211023,85170,86706,38557838,139577394,0,0,890,895,85170,86706,38556948,139576499,1,ok:1,0.23,1.66,18.93,12.35,0.23,1.39,4,4,1,post,2026-03-08T15:20:51.707761252Z,,272.568,removal_executed,2026-03-08T15:20:51.707761252Z,272.568,,,,remove-irs3-member1-1772983228,removal,remove-irs3-member1-1772983228,16,"[[""reshare_complete"", ""2026-02-28T13:23:53.762520482Z""], [""reshare_ack"", ""2026-03-08T12:05:49.077673571Z""], [""reshare_keygen_start"", ""2026-03-08T12:05:57.901648182Z""], [""removal_propose"", ""2026-03-08T15:20:31.270674796Z""], [""removal_observed"", ""2026-03-08T15:20:31.282746725Z""], [""removal_vote"", ""2026-03-08T15:20:35.797502985Z""], [""removal_executed"", ""2026-03-08T15:20:51.707761252Z""]]"
2026-03-08T15:25:25.392461Z,removal_1772983228,removal_wait_reshare,39.76,31.34,2258695555,5237202530,108831,1991507,38666669,141568901,0,0,890,895,108831,1991507,38665779,141568006,1,ok:1,0.94,1.66,33.18,12.35,4.00,1.39,4,4,1,post,2026-03-08T15:20:51.707761252Z,,273.685,removal_executed,2026-03-08T15:20:51.707761252Z,273.685,,,,remove-irs3-member1-1772983228,removal,remove-irs3-member1-1772983228,16,"[[""reshare_complete"", ""2026-02-28T13:23:53.762520482Z""], [""reshare_ack"", ""2026-03-08T12:05:49.077673571Z""], [""reshare_keygen_start"", ""2026-03-08T12:05:57.901648182Z""], [""removal_propose"", ""2026-03-08T15:20:31.270674796Z""], [""removal_observed"", ""2026-03-08T15:20:31.282746725Z""], [""removal_vote"", ""2026-03-08T15:20:35.797502985Z""], [""removal_executed"", ""2026-03-08T15:20:51.707761252Z""]]"
2026-03-08T15:25:26.492150Z,removal_1772983228,removal_wait_reshare,29.95,31.34,2258868186,5237480367,172631,277837,38839300,141846738,0,0,890,895,172631,277837,38838410,141845843,1,ok:1,0.46,1.66,18.43,12.35,0.23,1.39,4,4,1,post,2026-03-08T15:20:51.707761252Z,,274.784,removal_executed,2026-03-08T15:20:51.707761252Z,274.784,,,,remove-irs3-member1-1772983228,removal,remove-irs3-member1-1772983228,16,"[[""reshare_complete"", ""2026-02-28T13:23:53.762520482Z""], [""reshare_ack"", ""2026-03-08T12:05:49.077673571Z""], [""reshare_keygen_start"", ""2026-03-08T12:05:57.901648182Z""], [""removal_propose"", ""2026-03-08T15:20:31.270674796Z""], [""removal_observed"", ""2026-03-08T15:20:31.282746725Z""], [""removal_vote"", ""2026-03-08T15:20:35.797502985Z""], [""removal_executed"", ""2026-03-08T15:20:51.707761252Z""]]"
2026-03-08T15:25:27.631001Z,removal_1772983228,removal_wait_reshare,27.74,31.35,2258954274,5238509382,86088,1029015,38925388,142875753,0,0,890,895,86088,1029015,38924498,142874858,1,ok:1,0.00,1.66,26.57,12.35,2.33,1.41,4,4,1,post,2026-03-08T15:20:51.707761252Z,,275.923,removal_executed,2026-03-08T15:20:51.707761252Z,275.923,,,,remove-irs3-member1-1772983228,removal,remove-irs3-member1-1772983228,16,"[[""reshare_complete"", ""2026-02-28T13:23:53.762520482Z""], [""reshare_ack"", ""2026-03-08T12:05:49.077673571Z""], [""reshare_keygen_start"", ""2026-03-08T12:05:57.901648182Z""], [""removal_propose"", ""2026-03-08T15:20:31.270674796Z""], [""removal_observed"", ""2026-03-08T15:20:31.282746725Z""], [""removal_vote"", ""2026-03-08T15:20:35.797502985Z""], [""removal_executed"", ""2026-03-08T15:20:51.707761252Z""]]"
2026-03-08T15:25:28.725536Z,removal_1772983228,removal_wait_reshare,34.76,31.34,2259089864,5238632282,135590,122900,39060978,142998653,0,0,890,895,135590,122900,39060088,142997758,1,ok:1,0.90,1.66,25.73,12.35,0.00,1.41,4,4,1,post,2026-03-08T15:20:51.707761252Z,,277.018,removal_executed,2026-03-08T15:20:51.707761252Z,277.018,,,,remove-irs3-member1-1772983228,removal,remove-irs3-member1-1772983228,16,"[[""reshare_complete"", ""2026-02-28T13:23:53.762520482Z""], [""reshare_ack"", ""2026-03-08T12:05:49.077673571Z""], [""reshare_keygen_start"", ""2026-03-08T12:05:57.901648182Z""], [""removal_propose"", ""2026-03-08T15:20:31.270674796Z""], [""removal_observed"", ""2026-03-08T15:20:31.282746725Z""], [""removal_vote"", ""2026-03-08T15:20:35.797502985Z""], [""removal_executed"", ""2026-03-08T15:20:51.707761252Z""]]"
2026-03-08T15:25:29.825143Z,removal_1772983228,removal_wait_reshare,23.68,31.33,2259359298,5238745663,269434,113381,39330412,143112034,0,0,890,895,269434,113381,39329522,143111139,1,ok:1,0.72,1.66,18.90,12.14,1.67,1.41,4,4,1,post,2026-03-08T15:20:51.707761252Z,,278.117,removal_executed,2026-03-08T15:20:51.707761252Z,278.117,,,,remove-irs3-member1-1772983228,removal,remove-irs3-member1-1772983228,16,"[[""reshare_complete"", ""2026-02-28T13:23:53.762520482Z""], [""reshare_ack"", ""2026-03-08T12:05:49.077673571Z""], [""reshare_keygen_start"", ""2026-03-08T12:05:57.901648182Z""], [""removal_propose"", ""2026-03-08T15:20:31.270674796Z""], [""removal_observed"", ""2026-03-08T15:20:31.282746725Z""], [""removal_vote"", ""2026-03-08T15:20:35.797502985Z""], [""removal_executed"", ""2026-03-08T15:20:51.707761252Z""]]"
2026-03-08T15:25:30.937035Z,removal_1772983228,removal_wait_reshare,20.47,31.33,2259431009,5238822555,71711,76892,39402123,143188926,0,0,890,895,71711,76892,39401233,143188031,1,ok:1,0.00,1.66,17.44,12.14,0.47,1.41,4,4,1,post,2026-03-08T15:20:51.707761252Z,,279.229,removal_executed,2026-03-08T15:20:51.707761252Z,279.229,,,,remove-irs3-member1-1772983228,removal,remove-irs3-member1-1772983228,16,"[[""reshare_complete"", ""2026-02-28T13:23:53.762520482Z""], [""reshare_ack"", ""2026-03-08T12:05:49.077673571Z""], [""reshare_keygen_start"", ""2026-03-08T12:05:57.901648182Z""], [""removal_propose"", ""2026-03-08T15:20:31.270674796Z""], [""removal_observed"", ""2026-03-08T15:20:31.282746725Z""], [""removal_vote"", ""2026-03-08T15:20:35.797502985Z""], [""removal_executed"", ""2026-03-08T15:20:51.707761252Z""]]"
2026-03-08T15:25:32.057296Z,removal_1772983228,removal_wait_reshare,48.84,31.30,2259609466,5242079699,178457,3257144,39580580,146446070,0,0,890,895,178457,3257144,39579690,146445175,1,ok:1,1.39,1.66,36.34,12.14,5.09,1.41,4,4,1,post,2026-03-08T15:20:51.707761252Z,,280.350,removal_executed,2026-03-08T15:20:51.707761252Z,280.350,,,,remove-irs3-member1-1772983228,removal,remove-irs3-member1-1772983228,16,"[[""reshare_complete"", ""2026-02-28T13:23:53.762520482Z""], [""reshare_ack"", ""2026-03-08T12:05:49.077673571Z""], [""reshare_keygen_start"", ""2026-03-08T12:05:57.901648182Z""], [""removal_propose"", ""2026-03-08T15:20:31.270674796Z""], [""removal_observed"", ""2026-03-08T15:20:31.282746725Z""], [""removal_vote"", ""2026-03-08T15:20:35.797502985Z""], [""removal_executed"", ""2026-03-08T15:20:51.707761252Z""]]"
2026-03-08T15:25:33.159042Z,removal_1772983228,removal_wait_reshare,32.33,31.28,2259712121,5242509149,102655,429450,39683235,146875520,0,0,890,895,102655,429450,39682345,146874625,1,ok:1,0.00,1.66,24.25,12.14,1.62,1.37,4,4,1,post,2026-03-08T15:20:51.707761252Z,,281.451,removal_executed,2026-03-08T15:20:51.707761252Z,281.451,,,,remove-irs3-member1-1772983228,removal,remove-irs3-member1-1772983228,16,"[[""reshare_complete"", ""2026-02-28T13:23:53.762520482Z""], [""reshare_ack"", ""2026-03-08T12:05:49.077673571Z""], [""reshare_keygen_start"", ""2026-03-08T12:05:57.901648182Z""], [""removal_propose"", ""2026-03-08T15:20:31.270674796Z""], [""removal_observed"", ""2026-03-08T15:20:31.282746725Z""], [""removal_vote"", ""2026-03-08T15:20:35.797502985Z""], [""removal_executed"", ""2026-03-08T15:20:51.707761252Z""]]"
2026-03-08T15:25:34.257026Z,removal_1772983228,removal_wait_reshare,24.53,31.29,2259798554,5242599452,86433,90303,39769668,146965823,0,0,890,895,86433,90303,39768778,146964928,1,ok:1,0.24,1.66,20.75,12.14,0.00,1.37,4,4,1,post,2026-03-08T15:20:51.707761252Z,,282.549,removal_executed,2026-03-08T15:20:51.707761252Z,282.549,,,,remove-irs3-member1-1772983228,removal,remove-irs3-member1-1772983228,16,"[[""reshare_complete"", ""2026-02-28T13:23:53.762520482Z""], [""reshare_ack"", ""2026-03-08T12:05:49.077673571Z""], [""reshare_keygen_start"", ""2026-03-08T12:05:57.901648182Z""], [""removal_propose"", ""2026-03-08T15:20:31.270674796Z""], [""removal_observed"", ""2026-03-08T15:20:31.282746725Z""], [""removal_vote"", ""2026-03-08T15:20:35.797502985Z""], [""removal_executed"", ""2026-03-08T15:20:51.707761252Z""]]"
2026-03-08T15:25:35.358641Z,removal_1772983228,removal_wait_reshare,24.07,31.29,2259967311,5242671570,168757,72118,39938425,147037941,0,0,890,895,168757,72118,39937535,147037046,1,ok:1,1.16,1.66,18.06,12.14,0.93,1.37,4,4,1,post,2026-03-08T15:20:51.707761252Z,,283.651,removal_executed,2026-03-08T15:20:51.707761252Z,283.651,,,,remove-irs3-member1-1772983228,removal,remove-irs3-member1-1772983228,16,"[[""reshare_complete"", ""2026-02-28T13:23:53.762520482Z""], [""reshare_ack"", ""2026-03-08T12:05:49.077673571Z""], [""reshare_keygen_start"", ""2026-03-08T12:05:57.901648182Z""], [""removal_propose"", ""2026-03-08T15:20:31.270674796Z""], [""removal_observed"", ""2026-03-08T15:20:31.282746725Z""], [""removal_vote"", ""2026-03-08T15:20:35.797502985Z""], [""removal_executed"", ""2026-03-08T15:20:51.707761252Z""]]"
2026-03-08T15:25:36.452679Z,removal_1772983228,removal_wait_reshare,29.14,31.30,2260176173,5242794869,208862,123299,40147287,147161240,0,0,890,895,208862,123299,40146397,147160345,1,ok:1,0.47,1.66,22.84,12.14,0.93,1.37,4,4,1,post,2026-03-08T15:20:51.707761252Z,,284.745,removal_executed,2026-03-08T15:20:51.707761252Z,284.745,,,,remove-irs3-member1-1772983228,removal,remove-irs3-member1-1772983228,16,"[[""reshare_complete"", ""2026-02-28T13:23:53.762520482Z""], [""reshare_ack"", ""2026-03-08T12:05:49.077673571Z""], [""reshare_keygen_start"", ""2026-03-08T12:05:57.901648182Z""], [""removal_propose"", ""2026-03-08T15:20:31.270674796Z""], [""removal_observed"", ""2026-03-08T15:20:31.282746725Z""], [""removal_vote"", ""2026-03-08T15:20:35.797502985Z""], [""removal_executed"", ""2026-03-08T15:20:51.707761252Z""]]"
2026-03-08T15:25:37.551002Z,removal_1772983228,removal_wait_reshare,45.79,31.27,2260316843,5245742759,140670,2947890,40287957,150109130,0,0,890,895,140670,2947890,40287067,150108235,1,ok:1,0.93,1.66,32.48,12.14,5.14,1.37,4,4,1,post,2026-03-08T15:20:51.707761252Z,,285.843,removal_executed,2026-03-08T15:20:51.707761252Z,285.843,,,,remove-irs3-member1-1772983228,removal,remove-irs3-member1-1772983228,16,"[[""reshare_complete"", ""2026-02-28T13:23:53.762520482Z""], [""reshare_ack"", ""2026-03-08T12:05:49.077673571Z""], [""reshare_keygen_start"", ""2026-03-08T12:05:57.901648182Z""], [""removal_propose"", ""2026-03-08T15:20:31.270674796Z""], [""removal_observed"", ""2026-03-08T15:20:31.282746725Z""], [""removal_vote"", ""2026-03-08T15:20:35.797502985Z""], [""removal_executed"", ""2026-03-08T15:20:51.707761252Z""]]"
2026-03-08T15:25:38.659781Z,removal_1772983228,removal_wait_reshare,19.48,31.28,2260386608,5245820031,69765,77272,40357722,150186402,0,0,890,895,69765,77272,40356832,150185507,1,ok:1,0.23,1.66,19.72,12.14,0.00,1.37,4,4,1,post,2026-03-08T15:20:51.707761252Z,,286.952,removal_executed,2026-03-08T15:20:51.707761252Z,286.952,,,,remove-irs3-member1-1772983228,removal,remove-irs3-member1-1772983228,16,"[[""reshare_complete"", ""2026-02-28T13:23:53.762520482Z""], [""reshare_ack"", ""2026-03-08T12:05:49.077673571Z""], [""reshare_keygen_start"", ""2026-03-08T12:05:57.901648182Z""], [""removal_propose"", ""2026-03-08T15:20:31.270674796Z""], [""removal_observed"", ""2026-03-08T15:20:31.282746725Z""], [""removal_vote"", ""2026-03-08T15:20:35.797502985Z""], [""removal_executed"", ""2026-03-08T15:20:51.707761252Z""]]"
2026-03-08T15:25:39.766773Z,removal_1772983228,removal_wait_reshare,26.70,31.29,2260493291,5246229996,106683,409965,40464405,150596367,0,0,890,895,106683,409965,40463515,150595472,1,ok:1,0.23,1.66,20.61,12.14,1.17,1.37,4,4,1,post,2026-03-08T15:20:51.707761252Z,,288.059,removal_executed,2026-03-08T15:20:51.707761252Z,288.059,,,,remove-irs3-member1-1772983228,removal,remove-irs3-member1-1772983228,16,"[[""reshare_complete"", ""2026-02-28T13:23:53.762520482Z""], [""reshare_ack"", ""2026-03-08T12:05:49.077673571Z""], [""reshare_keygen_start"", ""2026-03-08T12:05:57.901648182Z""], [""removal_propose"", ""2026-03-08T15:20:31.270674796Z""], [""removal_observed"", ""2026-03-08T15:20:31.282746725Z""], [""removal_vote"", ""2026-03-08T15:20:35.797502985Z""], [""removal_executed"", ""2026-03-08T15:20:51.707761252Z""]]"
2026-03-08T15:25:40.868488Z,removal_1772983228,removal_wait_reshare,24.59,31.29,2260604796,5246310717,111505,80721,40575910,150677088,0,0,890,895,111505,80721,40575020,150676193,1,ok:1,0.23,1.66,20.65,12.14,0.46,1.37,4,4,1,post,2026-03-08T15:20:51.707761252Z,,289.161,removal_executed,2026-03-08T15:20:51.707761252Z,289.161,,,,remove-irs3-member1-1772983228,removal,remove-irs3-member1-1772983228,16,"[[""reshare_complete"", ""2026-02-28T13:23:53.762520482Z""], [""reshare_ack"", ""2026-03-08T12:05:49.077673571Z""], [""reshare_keygen_start"", ""2026-03-08T12:05:57.901648182Z""], [""removal_propose"", ""2026-03-08T15:20:31.270674796Z""], [""removal_observed"", ""2026-03-08T15:20:31.282746725Z""], [""removal_vote"", ""2026-03-08T15:20:35.797502985Z""], [""removal_executed"", ""2026-03-08T15:20:51.707761252Z""]]"
2026-03-08T15:25:41.991770Z,removal_1772983228,removal_wait_reshare,24.94,31.30,2260837736,5246422676,232940,111959,40808850,150789047,0,0,890,895,232940,111959,40807960,150788152,1,ok:1,0.48,1.66,21.38,12.14,1.43,1.37,4,4,1,post,2026-03-08T15:20:51.707761252Z,,290.284,removal_executed,2026-03-08T15:20:51.707761252Z,290.284,,,,remove-irs3-member1-1772983228,removal,remove-irs3-member1-1772983228,16,"[[""reshare_complete"", ""2026-02-28T13:23:53.762520482Z""], [""reshare_ack"", ""2026-03-08T12:05:49.077673571Z""], [""reshare_keygen_start"", ""2026-03-08T12:05:57.901648182Z""], [""removal_propose"", ""2026-03-08T15:20:31.270674796Z""], [""removal_observed"", ""2026-03-08T15:20:31.282746725Z""], [""removal_vote"", ""2026-03-08T15:20:35.797502985Z""], [""removal_executed"", ""2026-03-08T15:20:51.707761252Z""]]"
2026-03-08T15:25:43.132428Z,removal_1772983228,removal_wait_reshare,42.50,31.29,2260967946,5248594125,130210,2171449,40939060,152960496,0,0,890,895,130210,2171449,40938170,152959601,1,ok:1,0.45,1.66,32.73,12.08,4.32,1.37,4,4,1,post,2026-03-08T15:20:51.707761252Z,,291.425,removal_executed,2026-03-08T15:20:51.707761252Z,291.425,,,,remove-irs3-member1-1772983228,removal,remove-irs3-member1-1772983228,16,"[[""reshare_complete"", ""2026-02-28T13:23:53.762520482Z""], [""reshare_ack"", ""2026-03-08T12:05:49.077673571Z""], [""reshare_keygen_start"", ""2026-03-08T12:05:57.901648182Z""], [""removal_propose"", ""2026-03-08T15:20:31.270674796Z""], [""removal_observed"", ""2026-03-08T15:20:31.282746725Z""], [""removal_vote"", ""2026-03-08T15:20:35.797502985Z""], [""removal_executed"", ""2026-03-08T15:20:51.707761252Z""]]"
2026-03-08T15:25:44.238305Z,removal_1772983228,removal_wait_reshare,32.73,31.19,2261088009,5249337237,120063,743112,41059123,153703608,0,0,890,895,120063,743112,41058233,153702713,1,ok:1,0.90,1.66,22.35,12.06,0.23,1.37,4,4,1,post,2026-03-08T15:20:51.707761252Z,,292.531,removal_executed,2026-03-08T15:20:51.707761252Z,292.531,,,,remove-irs3-member1-1772983228,removal,remove-irs3-member1-1772983228,16,"[[""reshare_complete"", ""2026-02-28T13:23:53.762520482Z""], [""reshare_ack"", ""2026-03-08T12:05:49.077673571Z""], [""reshare_keygen_start"", ""2026-03-08T12:05:57.901648182Z""], [""removal_propose"", ""2026-03-08T15:20:31.270674796Z""], [""removal_observed"", ""2026-03-08T15:20:31.282746725Z""], [""removal_vote"", ""2026-03-08T15:20:35.797502985Z""], [""removal_executed"", ""2026-03-08T15:20:51.707761252Z""]]"
2026-03-08T15:25:45.359688Z,removal_1772983228,removal_wait_reshare,23.28,31.20,2261170279,5249747420,82270,410183,41141393,154113791,0,0,890,895,82270,410183,41140503,154112896,1,ok:1,0.24,1.66,21.38,12.06,2.14,1.37,4,4,1,post,2026-03-08T15:20:51.707761252Z,,293.652,removal_executed,2026-03-08T15:20:51.707761252Z,293.652,,,,remove-irs3-member1-1772983228,removal,remove-irs3-member1-1772983228,16,"[[""reshare_complete"", ""2026-02-28T13:23:53.762520482Z""], [""reshare_ack"", ""2026-03-08T12:05:49.077673571Z""], [""reshare_keygen_start"", ""2026-03-08T12:05:57.901648182Z""], [""removal_propose"", ""2026-03-08T15:20:31.270674796Z""], [""removal_observed"", ""2026-03-08T15:20:31.282746725Z""], [""removal_vote"", ""2026-03-08T15:20:35.797502985Z""], [""removal_executed"", ""2026-03-08T15:20:51.707761252Z""]]"
2026-03-08T15:25:46.459001Z,removal_1772983228,removal_wait_reshare,25.75,31.20,2261235418,5249814829,65139,67409,41206532,154181200,0,0,890,895,65139,67409,41205642,154180305,1,ok:1,0.46,1.66,17.63,12.06,0.23,1.37,4,4,1,post,2026-03-08T15:20:51.707761252Z,,294.751,removal_executed,2026-03-08T15:20:51.707761252Z,294.751,,,,remove-irs3-member1-1772983228,removal,remove-irs3-member1-1772983228,16,"[[""reshare_complete"", ""2026-02-28T13:23:53.762520482Z""], [""reshare_ack"", ""2026-03-08T12:05:49.077673571Z""], [""reshare_keygen_start"", ""2026-03-08T12:05:57.901648182Z""], [""removal_propose"", ""2026-03-08T15:20:31.270674796Z""], [""removal_observed"", ""2026-03-08T15:20:31.282746725Z""], [""removal_vote"", ""2026-03-08T15:20:35.797502985Z""], [""removal_executed"", ""2026-03-08T15:20:51.707761252Z""]]"
2026-03-08T15:25:47.562209Z,removal_1772983228,removal_wait_reshare,26.12,31.22,2261473088,5249963110,237670,148281,41444202,154329481,0,0,890,895,237670,148281,41443312,154328586,1,ok:1,0.24,1.66,21.65,12.06,1.41,1.37,4,4,1,post,2026-03-08T15:20:51.707761252Z,,295.854,removal_executed,2026-03-08T15:20:51.707761252Z,295.854,,,,remove-irs3-member1-1772983228,removal,remove-irs3-member1-1772983228,16,"[[""reshare_complete"", ""2026-02-28T13:23:53.762520482Z""], [""reshare_ack"", ""2026-03-08T12:05:49.077673571Z""], [""reshare_keygen_start"", ""2026-03-08T12:05:57.901648182Z""], [""removal_propose"", ""2026-03-08T15:20:31.270674796Z""], [""removal_observed"", ""2026-03-08T15:20:31.282746725Z""], [""removal_vote"", ""2026-03-08T15:20:35.797502985Z""], [""removal_executed"", ""2026-03-08T15:20:51.707761252Z""]]"
2026-03-08T15:25:48.672344Z,removal_1772983228,removal_wait_reshare,24.64,31.22,2261582852,5250062478,109764,99368,41553966,154428849,0,0,890,895,109764,99368,41553076,154427954,1,ok:1,0.24,1.66,24.88,12.06,0.00,1.37,4,4,1,post,2026-03-08T15:20:51.707761252Z,,296.965,removal_executed,2026-03-08T15:20:51.707761252Z,296.965,,,,remove-irs3-member1-1772983228,removal,remove-irs3-member1-1772983228,16,"[[""reshare_complete"", ""2026-02-28T13:23:53.762520482Z""], [""reshare_ack"", ""2026-03-08T12:05:49.077673571Z""], [""reshare_keygen_start"", ""2026-03-08T12:05:57.901648182Z""], [""removal_propose"", ""2026-03-08T15:20:31.270674796Z""], [""removal_observed"", ""2026-03-08T15:20:31.282746725Z""], [""removal_vote"", ""2026-03-08T15:20:35.797502985Z""], [""removal_executed"", ""2026-03-08T15:20:51.707761252Z""]]"
2026-03-08T15:25:49.770962Z,removal_1772983228,removal_wait_reshare,46.67,31.20,2261734572,5252849309,151720,2786831,41705686,157215680,0,0,890,895,151720,2786831,41704796,157214785,1,ok:1,7.82,1.66,27.36,12.06,4.60,1.37,4,4,1,post,2026-03-08T15:20:51.707761252Z,,298.063,removal_executed,2026-03-08T15:20:51.707761252Z,298.063,,,,remove-irs3-member1-1772983228,removal,remove-irs3-member1-1772983228,16,"[[""reshare_complete"", ""2026-02-28T13:23:53.762520482Z""], [""reshare_ack"", ""2026-03-08T12:05:49.077673571Z""], [""reshare_keygen_start"", ""2026-03-08T12:05:57.901648182Z""], [""removal_propose"", ""2026-03-08T15:20:31.270674796Z""], [""removal_observed"", ""2026-03-08T15:20:31.282746725Z""], [""removal_vote"", ""2026-03-08T15:20:35.797502985Z""], [""removal_executed"", ""2026-03-08T15:20:51.707761252Z""]]"
2026-03-08T15:25:50.871799Z,removal_1772983228,removal_wait_reshare,19.10,31.20,2261813760,5252938060,79188,88751,41784874,157304431,0,0,890,895,79188,88751,41783984,157303536,1,ok:1,0.24,1.66,16.27,12.06,0.24,1.37,4,4,1,post,2026-03-08T15:20:51.707761252Z,,299.164,removal_executed,2026-03-08T15:20:51.707761252Z,299.164,,,,remove-irs3-member1-1772983228,removal,remove-irs3-member1-1772983228,16,"[[""reshare_complete"", ""2026-02-28T13:23:53.762520482Z""], [""reshare_ack"", ""2026-03-08T12:05:49.077673571Z""], [""reshare_keygen_start"", ""2026-03-08T12:05:57.901648182Z""], [""removal_propose"", ""2026-03-08T15:20:31.270674796Z""], [""removal_observed"", ""2026-03-08T15:20:31.282746725Z""], [""removal_vote"", ""2026-03-08T15:20:35.797502985Z""], [""removal_executed"", ""2026-03-08T15:20:51.707761252Z""]]"
2026-03-08T15:25:51.985639Z,removal_1772983228,removal_wait_reshare,20.89,31.20,2261877159,5253009116,63399,71056,41848273,157375487,0,0,890,895,63399,71056,41847383,157374592,1,ok:1,0.23,1.66,20.66,12.06,0.00,1.37,4,4,1,post,2026-03-08T15:20:51.707761252Z,,300.278,removal_executed,2026-03-08T15:20:51.707761252Z,300.278,,,,remove-irs3-member1-1772983228,removal,remove-irs3-member1-1772983228,16,"[[""reshare_complete"", ""2026-02-28T13:23:53.762520482Z""], [""reshare_ack"", ""2026-03-08T12:05:49.077673571Z""], [""reshare_keygen_start"", ""2026-03-08T12:05:57.901648182Z""], [""removal_propose"", ""2026-03-08T15:20:31.270674796Z""], [""removal_observed"", ""2026-03-08T15:20:31.282746725Z""], [""removal_vote"", ""2026-03-08T15:20:35.797502985Z""], [""removal_executed"", ""2026-03-08T15:20:51.707761252Z""]]"
2026-03-08T15:25:53.082680Z,removal_1772983228,removal_wait_reshare,29.21,31.21,2261961032,5253095523,83873,86407,41932146,157461894,0,0,890,895,83873,86407,41931256,157460999,1,ok:1,0.47,1.67,21.96,12.06,0.23,1.37,4,4,1,post,2026-03-08T15:20:51.707761252Z,,301.375,removal_executed,2026-03-08T15:20:51.707761252Z,301.375,,,,remove-irs3-member1-1772983228,removal,remove-irs3-member1-1772983228,16,"[[""reshare_complete"", ""2026-02-28T13:23:53.762520482Z""], [""reshare_ack"", ""2026-03-08T12:05:49.077673571Z""], [""reshare_keygen_start"", ""2026-03-08T12:05:57.901648182Z""], [""removal_propose"", ""2026-03-08T15:20:31.270674796Z""], [""removal_observed"", ""2026-03-08T15:20:31.282746725Z""], [""removal_vote"", ""2026-03-08T15:20:35.797502985Z""], [""removal_executed"", ""2026-03-08T15:20:51.707761252Z""]]"
2026-03-08T15:25:54.180216Z,removal_1772983228,removal_wait_reshare,25.52,31.21,2262201155,5253236965,240123,141442,42172269,157603336,0,0,890,895,240123,141442,42171379,157602441,1,ok:1,0.46,1.67,17.40,12.06,1.16,1.37,4,4,1,post,2026-03-08T15:20:51.707761252Z,,302.472,removal_executed,2026-03-08T15:20:51.707761252Z,302.472,,,,remove-irs3-member1-1772983228,removal,remove-irs3-member1-1772983228,16,"[[""reshare_complete"", ""2026-02-28T13:23:53.762520482Z""], [""reshare_ack"", ""2026-03-08T12:05:49.077673571Z""], [""reshare_keygen_start"", ""2026-03-08T12:05:57.901648182Z""], [""removal_propose"", ""2026-03-08T15:20:31.270674796Z""], [""removal_observed"", ""2026-03-08T15:20:31.282746725Z""], [""removal_vote"", ""2026-03-08T15:20:35.797502985Z""], [""removal_executed"", ""2026-03-08T15:20:51.707761252Z""]]"
2026-03-08T15:25:55.281180Z,removal_1772983228,removal_wait_reshare,12.38,31.21,2262222355,5253262266,21200,25301,42193469,157628637,0,0,890,895,21200,25301,42192579,157627742,1,ok:1,0.23,1.67,9.81,12.06,0.23,1.37,4,4,1,post,2026-03-08T15:20:51.707761252Z,,303.573,removal_executed,2026-03-08T15:20:51.707761252Z,303.573,,,,remove-irs3-member1-1772983228,removal,remove-irs3-member1-1772983228,16,"[[""reshare_complete"", ""2026-02-28T13:23:53.762520482Z""], [""reshare_ack"", ""2026-03-08T12:05:49.077673571Z""], [""reshare_keygen_start"", ""2026-03-08T12:05:57.901648182Z""], [""removal_propose"", ""2026-03-08T15:20:31.270674796Z""], [""removal_observed"", ""2026-03-08T15:20:31.282746725Z""], [""removal_vote"", ""2026-03-08T15:20:35.797502985Z""], [""removal_executed"", ""2026-03-08T15:20:51.707761252Z""]]"
2026-03-08T15:25:56.393996Z,removal_1772983228,removal_wait_reshare,40.84,31.19,2262326104,5255707689,103749,2445423,42297218,160074060,0,0,890,895,103749,2445423,42296328,160073165,1,ok:1,1.39,1.67,29.93,12.06,3.71,1.37,4,4,1,post,2026-03-08T15:20:51.707761252Z,,304.686,removal_executed,2026-03-08T15:20:51.707761252Z,304.686,,,,remove-irs3-member1-1772983228,removal,remove-irs3-member1-1772983228,16,"[[""reshare_complete"", ""2026-02-28T13:23:53.762520482Z""], [""reshare_ack"", ""2026-03-08T12:05:49.077673571Z""], [""reshare_keygen_start"", ""2026-03-08T12:05:57.901648182Z""], [""removal_propose"", ""2026-03-08T15:20:31.270674796Z""], [""removal_observed"", ""2026-03-08T15:20:31.282746725Z""], [""removal_vote"", ""2026-03-08T15:20:35.797502985Z""], [""removal_executed"", ""2026-03-08T15:20:51.707761252Z""]]"
2026-03-08T15:25:57.495293Z,removal_1772983228,removal_wait_reshare,24.94,31.20,2262408857,5255783362,82753,75673,42379971,160149733,0,0,890,895,82753,75673,42379081,160148838,1,ok:1,0.00,1.67,19.17,12.06,0.23,1.37,4,4,1,post,2026-03-08T15:20:51.707761252Z,,305.788,removal_executed,2026-03-08T15:20:51.707761252Z,305.788,,,,remove-irs3-member1-1772983228,removal,remove-irs3-member1-1772983228,16,"[[""reshare_complete"", ""2026-02-28T13:23:53.762520482Z""], [""reshare_ack"", ""2026-03-08T12:05:49.077673571Z""], [""reshare_keygen_start"", ""2026-03-08T12:05:57.901648182Z""], [""removal_propose"", ""2026-03-08T15:20:31.270674796Z""], [""removal_observed"", ""2026-03-08T15:20:31.282746725Z""], [""removal_vote"", ""2026-03-08T15:20:35.797502985Z""], [""removal_executed"", ""2026-03-08T15:20:51.707761252Z""]]"
2026-03-08T15:25:58.601981Z,removal_1772983228,removal_wait_reshare,20.51,31.20,2262476772,5255861320,67915,77958,42447886,160227691,0,0,890,895,67915,77958,42446996,160226796,1,ok:1,0.23,1.67,17.72,12.06,0.23,1.37,4,4,1,post,2026-03-08T15:20:51.707761252Z,,306.894,removal_executed,2026-03-08T15:20:51.707761252Z,306.894,,,,remove-irs3-member1-1772983228,removal,remove-irs3-member1-1772983228,16,"[[""reshare_complete"", ""2026-02-28T13:23:53.762520482Z""], [""reshare_ack"", ""2026-03-08T12:05:49.077673571Z""], [""reshare_keygen_start"", ""2026-03-08T12:05:57.901648182Z""], [""removal_propose"", ""2026-03-08T15:20:31.270674796Z""], [""removal_observed"", ""2026-03-08T15:20:31.282746725Z""], [""removal_vote"", ""2026-03-08T15:20:35.797502985Z""], [""removal_executed"", ""2026-03-08T15:20:51.707761252Z""]]"
2026-03-08T15:25:59.695479Z,removal_1772983228,removal_wait_reshare,19.20,31.21,2262561246,5255946170,84474,84850,42532360,160312541,0,0,890,895,84474,84850,42531470,160311646,1,ok:1,0.00,1.67,18.27,12.06,0.00,1.37,4,4,1,post,2026-03-08T15:20:51.707761252Z,,307.988,removal_executed,2026-03-08T15:20:51.707761252Z,307.988,,,,remove-irs3-member1-1772983228,removal,remove-irs3-member1-1772983228,16,"[[""reshare_complete"", ""2026-02-28T13:23:53.762520482Z""], [""reshare_ack"", ""2026-03-08T12:05:49.077673571Z""], [""reshare_keygen_start"", ""2026-03-08T12:05:57.901648182Z""], [""removal_propose"", ""2026-03-08T15:20:31.270674796Z""], [""removal_observed"", ""2026-03-08T15:20:31.282746725Z""], [""removal_vote"", ""2026-03-08T15:20:35.797502985Z""], [""removal_executed"", ""2026-03-08T15:20:51.707761252Z""]]"
2026-03-08T15:26:00.794906Z,removal_1772983228,removal_wait_reshare,18.76,31.21,2262745510,5256047094,184264,100924,42716624,160413465,0,0,890,895,184264,100924,42715734,160412570,1,ok:1,0.48,1.67,14.25,12.06,0.95,1.37,4,4,1,post,2026-03-08T15:20:51.707761252Z,,309.087,removal_executed,2026-03-08T15:20:51.707761252Z,309.087,,,,remove-irs3-member1-1772983228,removal,remove-irs3-member1-1772983228,16,"[[""reshare_complete"", ""2026-02-28T13:23:53.762520482Z""], [""reshare_ack"", ""2026-03-08T12:05:49.077673571Z""], [""reshare_keygen_start"", ""2026-03-08T12:05:57.901648182Z""], [""removal_propose"", ""2026-03-08T15:20:31.270674796Z""], [""removal_observed"", ""2026-03-08T15:20:31.282746725Z""], [""removal_vote"", ""2026-03-08T15:20:35.797502985Z""], [""removal_executed"", ""2026-03-08T15:20:51.707761252Z""]]"
2026-03-08T15:26:01.921570Z,removal_1772983228,removal_wait_reshare,15.44,31.22,2262789150,5256080359,43640,33265,42760264,160446730,0,0,890,895,43640,33265,42759374,160445835,1,ok:1,0.00,1.67,12.21,12.06,4.61,1.39,4,4,1,post,2026-03-08T15:20:51.707761252Z,,310.214,removal_executed,2026-03-08T15:20:51.707761252Z,310.214,,,,remove-irs3-member1-1772983228,removal,remove-irs3-member1-1772983228,16,"[[""reshare_complete"", ""2026-02-28T13:23:53.762520482Z""], [""reshare_ack"", ""2026-03-08T12:05:49.077673571Z""], [""reshare_keygen_start"", ""2026-03-08T12:05:57.901648182Z""], [""removal_propose"", ""2026-03-08T15:20:31.270674796Z""], [""removal_observed"", ""2026-03-08T15:20:31.282746725Z""], [""removal_vote"", ""2026-03-08T15:20:35.797502985Z""], [""removal_executed"", ""2026-03-08T15:20:51.707761252Z""]]"
2026-03-08T15:26:03.023771Z,removal_1772983228,removal_wait_reshare,55.20,31.20,2262907792,5258228637,118642,2148278,42878906,162595008,0,0,890,895,118642,2148278,42878016,162594113,1,ok:1,2.26,1.67,35.97,12.06,0.45,1.39,4,4,1,post,2026-03-08T15:20:51.707761252Z,,311.316,removal_executed,2026-03-08T15:20:51.707761252Z,311.316,,,,remove-irs3-member1-1772983228,removal,remove-irs3-member1-1772983228,16,"[[""reshare_complete"", ""2026-02-28T13:23:53.762520482Z""], [""reshare_ack"", ""2026-03-08T12:05:49.077673571Z""], [""reshare_keygen_start"", ""2026-03-08T12:05:57.901648182Z""], [""removal_propose"", ""2026-03-08T15:20:31.270674796Z""], [""removal_observed"", ""2026-03-08T15:20:31.282746725Z""], [""removal_vote"", ""2026-03-08T15:20:35.797502985Z""], [""removal_executed"", ""2026-03-08T15:20:51.707761252Z""]]"
2026-03-08T15:26:04.126723Z,removal_1772983228,removal_wait_reshare,21.89,31.21,2262989695,5258300128,81903,71491,42960809,162666499,0,0,890,895,81903,71491,42959919,162665604,1,ok:1,0.23,1.67,19.12,12.06,0.00,1.39,4,4,1,post,2026-03-08T15:20:51.707761252Z,,312.419,removal_executed,2026-03-08T15:20:51.707761252Z,312.419,,,,remove-irs3-member1-1772983228,removal,remove-irs3-member1-1772983228,16,"[[""reshare_complete"", ""2026-02-28T13:23:53.762520482Z""], [""reshare_ack"", ""2026-03-08T12:05:49.077673571Z""], [""reshare_keygen_start"", ""2026-03-08T12:05:57.901648182Z""], [""removal_propose"", ""2026-03-08T15:20:31.270674796Z""], [""removal_observed"", ""2026-03-08T15:20:31.282746725Z""], [""removal_vote"", ""2026-03-08T15:20:35.797502985Z""], [""removal_executed"", ""2026-03-08T15:20:51.707761252Z""]]"
2026-03-08T15:26:05.230629Z,removal_1772983228,removal_wait_reshare,19.30,31.21,2263054300,5258356596,64605,56468,43025414,162722967,0,0,890,895,64605,56468,43024524,162722072,1,ok:1,0.00,1.67,16.74,12.06,0.23,1.39,4,4,1,post,2026-03-08T15:20:51.707761252Z,,313.523,removal_executed,2026-03-08T15:20:51.707761252Z,313.523,,,,remove-irs3-member1-1772983228,removal,remove-irs3-member1-1772983228,16,"[[""reshare_complete"", ""2026-02-28T13:23:53.762520482Z""], [""reshare_ack"", ""2026-03-08T12:05:49.077673571Z""], [""reshare_keygen_start"", ""2026-03-08T12:05:57.901648182Z""], [""removal_propose"", ""2026-03-08T15:20:31.270674796Z""], [""removal_observed"", ""2026-03-08T15:20:31.282746725Z""], [""removal_vote"", ""2026-03-08T15:20:35.797502985Z""], [""removal_executed"", ""2026-03-08T15:20:51.707761252Z""]]"
2026-03-08T15:26:06.332105Z,removal_1772983228,removal_wait_reshare,27.55,31.22,2263240891,5258467796,186591,111200,43212005,162834167,0,0,890,895,186591,111200,43211115,162833272,1,ok:1,0.93,1.67,17.13,12.06,0.93,1.39,4,4,1,post,2026-03-08T15:20:51.707761252Z,,314.624,removal_executed,2026-03-08T15:20:51.707761252Z,314.624,,,,remove-irs3-member1-1772983228,removal,remove-irs3-member1-1772983228,16,"[[""reshare_complete"", ""2026-02-28T13:23:53.762520482Z""], [""reshare_ack"", ""2026-03-08T12:05:49.077673571Z""], [""reshare_keygen_start"", ""2026-03-08T12:05:57.901648182Z""], [""removal_propose"", ""2026-03-08T15:20:31.270674796Z""], [""removal_observed"", ""2026-03-08T15:20:31.282746725Z""], [""removal_vote"", ""2026-03-08T15:20:35.797502985Z""], [""removal_executed"", ""2026-03-08T15:20:51.707761252Z""]]"
2026-03-08T15:26:07.433200Z,removal_1772983228,removal_wait_reshare,19.43,31.22,2263281323,5258510275,40432,42479,43252437,162876646,0,0,890,895,40432,42479,43251547,162875751,1,ok:1,0.47,1.67,15.88,12.06,0.00,1.39,4,4,1,post,2026-03-08T15:20:51.707761252Z,,315.725,removal_executed,2026-03-08T15:20:51.707761252Z,315.725,,,,remove-irs3-member1-1772983228,removal,remove-irs3-member1-1772983228,16,"[[""reshare_complete"", ""2026-02-28T13:23:53.762520482Z""], [""reshare_ack"", ""2026-03-08T12:05:49.077673571Z""], [""reshare_keygen_start"", ""2026-03-08T12:05:57.901648182Z""], [""removal_propose"", ""2026-03-08T15:20:31.270674796Z""], [""removal_observed"", ""2026-03-08T15:20:31.282746725Z""], [""removal_vote"", ""2026-03-08T15:20:35.797502985Z""], [""removal_executed"", ""2026-03-08T15:20:51.707761252Z""]]"
2026-03-08T15:26:08.526028Z,removal_1772983228,removal_wait_reshare,35.05,31.21,2263403313,5260327781,121990,1817506,43374427,164694152,0,0,890,895,121990,1817506,43373537,164693257,1,ok:1,0.93,1.67,26.40,12.06,3.50,1.39,4,4,1,post,2026-03-08T15:20:51.707761252Z,,316.818,removal_executed,2026-03-08T15:20:51.707761252Z,316.818,,,,remove-irs3-member1-1772983228,removal,remove-irs3-member1-1772983228,16,"[[""reshare_complete"", ""2026-02-28T13:23:53.762520482Z""], [""reshare_ack"", ""2026-03-08T12:05:49.077673571Z""], [""reshare_keygen_start"", ""2026-03-08T12:05:57.901648182Z""], [""removal_propose"", ""2026-03-08T15:20:31.270674796Z""], [""removal_observed"", ""2026-03-08T15:20:31.282746725Z""], [""removal_vote"", ""2026-03-08T15:20:35.797502985Z""], [""removal_executed"", ""2026-03-08T15:20:51.707761252Z""]]"
2026-03-08T15:26:09.625769Z,removal_1772983228,removal_wait_reshare,16.55,31.21,2263471708,5260404223,68395,76442,43442822,164770594,0,0,890,895,68395,76442,43441932,164769699,1,ok:1,0.00,1.67,17.03,12.06,0.00,1.39,4,4,1,post,2026-03-08T15:20:51.707761252Z,,317.918,removal_executed,2026-03-08T15:20:51.707761252Z,317.918,,,,remove-irs3-member1-1772983228,removal,remove-irs3-member1-1772983228,16,"[[""reshare_complete"", ""2026-02-28T13:23:53.762520482Z""], [""reshare_ack"", ""2026-03-08T12:05:49.077673571Z""], [""reshare_keygen_start"", ""2026-03-08T12:05:57.901648182Z""], [""removal_propose"", ""2026-03-08T15:20:31.270674796Z""], [""removal_observed"", ""2026-03-08T15:20:31.282746725Z""], [""removal_vote"", ""2026-03-08T15:20:35.797502985Z""], [""removal_executed"", ""2026-03-08T15:20:51.707761252Z""]]"
2026-03-08T15:26:10.722462Z,removal_1772983228,removal_wait_reshare,20.28,31.22,2263541212,5260468364,69504,64141,43512326,164834735,0,0,890,895,69504,64141,43511436,164833840,1,ok:1,0.23,1.67,16.78,12.06,0.23,1.39,4,4,1,post,2026-03-08T15:20:51.707761252Z,,319.015,removal_executed,2026-03-08T15:20:51.707761252Z,319.015,,,,remove-irs3-member1-1772983228,removal,remove-irs3-member1-1772983228,16,"[[""reshare_complete"", ""2026-02-28T13:23:53.762520482Z""], [""reshare_ack"", ""2026-03-08T12:05:49.077673571Z""], [""reshare_keygen_start"", ""2026-03-08T12:05:57.901648182Z""], [""removal_propose"", ""2026-03-08T15:20:31.270674796Z""], [""removal_observed"", ""2026-03-08T15:20:31.282746725Z""], [""removal_vote"", ""2026-03-08T15:20:35.797502985Z""], [""removal_executed"", ""2026-03-08T15:20:51.707761252Z""]]"
2026-03-08T15:26:11.828618Z,removal_1772983228,removal_wait_reshare,21.09,31.22,2263619828,5260541971,78616,73607,43590942,164908342,0,0,890,895,78616,73607,43590052,164907447,1,ok:1,0.00,1.67,18.25,12.06,0.00,1.39,4,4,1,post,2026-03-08T15:20:51.707761252Z,,320.121,removal_executed,2026-03-08T15:20:51.707761252Z,320.121,,,,remove-irs3-member1-1772983228,removal,remove-irs3-member1-1772983228,16,"[[""reshare_complete"", ""2026-02-28T13:23:53.762520482Z""], [""reshare_ack"", ""2026-03-08T12:05:49.077673571Z""], [""reshare_keygen_start"", ""2026-03-08T12:05:57.901648182Z""], [""removal_propose"", ""2026-03-08T15:20:31.270674796Z""], [""removal_observed"", ""2026-03-08T15:20:31.282746725Z""], [""removal_vote"", ""2026-03-08T15:20:35.797502985Z""], [""removal_executed"", ""2026-03-08T15:20:51.707761252Z""]]"
2026-03-08T15:26:12.940585Z,removal_1772983228,removal_wait_reshare,29.48,31.23,2263783119,5260676821,163291,134850,43754233,165043192,0,0,890,895,163291,134850,43753343,165042297,1,ok:1,1.18,1.67,22.64,12.06,0.71,1.39,4,4,1,post,2026-03-08T15:20:51.707761252Z,,321.233,removal_executed,2026-03-08T15:20:51.707761252Z,321.233,,,,remove-irs3-member1-1772983228,removal,remove-irs3-member1-1772983228,16,"[[""reshare_complete"", ""2026-02-28T13:23:53.762520482Z""], [""reshare_ack"", ""2026-03-08T12:05:49.077673571Z""], [""reshare_keygen_start"", ""2026-03-08T12:05:57.901648182Z""], [""removal_propose"", ""2026-03-08T15:20:31.270674796Z""], [""removal_observed"", ""2026-03-08T15:20:31.282746725Z""], [""removal_vote"", ""2026-03-08T15:20:35.797502985Z""], [""removal_executed"", ""2026-03-08T15:20:51.707761252Z""]]"
2026-03-08T15:26:14.040466Z,removal_1772983228,removal_wait_reshare,19.95,31.05,2263843138,5260735631,60019,58810,43814252,165102002,0,0,890,895,60019,58810,43813362,165101107,1,ok:1,0.00,1.67,13.38,11.85,0.00,1.39,4,4,1,post,2026-03-08T15:20:51.707761252Z,,322.333,removal_executed,2026-03-08T15:20:51.707761252Z,322.333,,,,remove-irs3-member1-1772983228,removal,remove-irs3-member1-1772983228,16,"[[""reshare_complete"", ""2026-02-28T13:23:53.762520482Z""], [""reshare_ack"", ""2026-03-08T12:05:49.077673571Z""], [""reshare_keygen_start"", ""2026-03-08T12:05:57.901648182Z""], [""removal_propose"", ""2026-03-08T15:20:31.270674796Z""], [""removal_observed"", ""2026-03-08T15:20:31.282746725Z""], [""removal_vote"", ""2026-03-08T15:20:35.797502985Z""], [""removal_executed"", ""2026-03-08T15:20:51.707761252Z""]]"
2026-03-08T15:26:15.143382Z,removal_1772983228,removal_wait_reshare,26.33,31.05,2263897584,5262201939,54446,1466308,43868698,166568310,0,0,890,895,54446,1466308,43867808,166567415,1,ok:1,2.08,1.68,16.86,11.85,3.00,1.39,4,4,1,post,2026-03-08T15:20:51.707761252Z,,323.436,removal_executed,2026-03-08T15:20:51.707761252Z,323.436,,,,remove-irs3-member1-1772983228,removal,remove-irs3-member1-1772983228,16,"[[""reshare_complete"", ""2026-02-28T13:23:53.762520482Z""], [""reshare_ack"", ""2026-03-08T12:05:49.077673571Z""], [""reshare_keygen_start"", ""2026-03-08T12:05:57.901648182Z""], [""removal_propose"", ""2026-03-08T15:20:31.270674796Z""], [""removal_observed"", ""2026-03-08T15:20:31.282746725Z""], [""removal_vote"", ""2026-03-08T15:20:35.797502985Z""], [""removal_executed"", ""2026-03-08T15:20:51.707761252Z""]]"
2026-03-08T15:26:16.252636Z,removal_1772983228,removal_wait_reshare,25.47,31.05,2263974830,5262271767,77246,69828,43945944,166638138,0,0,890,895,77246,69828,43945054,166637243,1,ok:1,0.94,1.68,20.52,11.85,0.24,1.39,4,4,1,post,2026-03-08T15:20:51.707761252Z,,324.545,removal_executed,2026-03-08T15:20:51.707761252Z,324.545,,,,remove-irs3-member1-1772983228,removal,remove-irs3-member1-1772983228,16,"[[""reshare_complete"", ""2026-02-28T13:23:53.762520482Z""], [""reshare_ack"", ""2026-03-08T12:05:49.077673571Z""], [""reshare_keygen_start"", ""2026-03-08T12:05:57.901648182Z""], [""removal_propose"", ""2026-03-08T15:20:31.270674796Z""], [""removal_observed"", ""2026-03-08T15:20:31.282746725Z""], [""removal_vote"", ""2026-03-08T15:20:35.797502985Z""], [""removal_executed"", ""2026-03-08T15:20:51.707761252Z""]]"
2026-03-08T15:26:17.372142Z,removal_1772983228,removal_wait_reshare,28.71,31.05,2264053130,5262348125,78300,76358,44024244,166714496,0,0,890,895,78300,76358,44023354,166713601,1,ok:1,0.94,1.68,24.47,11.85,0.00,1.39,4,4,1,post,2026-03-08T15:20:51.707761252Z,,325.664,removal_executed,2026-03-08T15:20:51.707761252Z,325.664,,,,remove-irs3-member1-1772983228,removal,remove-irs3-member1-1772983228,16,"[[""reshare_complete"", ""2026-02-28T13:23:53.762520482Z""], [""reshare_ack"", ""2026-03-08T12:05:49.077673571Z""], [""reshare_keygen_start"", ""2026-03-08T12:05:57.901648182Z""], [""removal_propose"", ""2026-03-08T15:20:31.270674796Z""], [""removal_observed"", ""2026-03-08T15:20:31.282746725Z""], [""removal_vote"", ""2026-03-08T15:20:35.797502985Z""], [""removal_executed"", ""2026-03-08T15:20:51.707761252Z""]]"
2026-03-08T15:26:18.471481Z,removal_1772983228,removal_wait_reshare,23.52,31.05,2264148853,5262441301,95723,93176,44119967,166807672,0,0,890,895,95723,93176,44119077,166806777,1,ok:1,0.00,1.68,18.49,11.85,0.00,1.39,4,4,1,post,2026-03-08T15:20:51.707761252Z,,326.764,removal_executed,2026-03-08T15:20:51.707761252Z,326.764,,,,remove-irs3-member1-1772983228,removal,remove-irs3-member1-1772983228,16,"[[""reshare_complete"", ""2026-02-28T13:23:53.762520482Z""], [""reshare_ack"", ""2026-03-08T12:05:49.077673571Z""], [""reshare_keygen_start"", ""2026-03-08T12:05:57.901648182Z""], [""removal_propose"", ""2026-03-08T15:20:31.270674796Z""], [""removal_observed"", ""2026-03-08T15:20:31.282746725Z""], [""removal_vote"", ""2026-03-08T15:20:35.797502985Z""], [""removal_executed"", ""2026-03-08T15:20:51.707761252Z""]]"
2026-03-08T15:26:19.571329Z,removal_1772983228,removal_wait_reshare,19.11,31.05,2264278748,5262535394,129895,94093,44249862,166901765,0,0,890,895,129895,94093,44248972,166900870,1,ok:1,0.00,1.68,14.92,11.85,0.70,1.39,4,4,1,post,2026-03-08T15:20:51.707761252Z,,327.864,removal_executed,2026-03-08T15:20:51.707761252Z,327.864,,,,remove-irs3-member1-1772983228,removal,remove-irs3-member1-1772983228,16,"[[""reshare_complete"", ""2026-02-28T13:23:53.762520482Z""], [""reshare_ack"", ""2026-03-08T12:05:49.077673571Z""], [""reshare_keygen_start"", ""2026-03-08T12:05:57.901648182Z""], [""removal_propose"", ""2026-03-08T15:20:31.270674796Z""], [""removal_observed"", ""2026-03-08T15:20:31.282746725Z""], [""removal_vote"", ""2026-03-08T15:20:35.797502985Z""], [""removal_executed"", ""2026-03-08T15:20:51.707761252Z""]]"
2026-03-08T15:26:20.672715Z,removal_1772983228,removal_wait_reshare,14.12,31.05,2264325097,5262578700,46349,43306,44296211,166945071,0,0,890,895,46349,43306,44295321,166944176,1,ok:1,0.23,1.68,10.65,11.85,0.00,1.39,4,4,1,post,2026-03-08T15:20:51.707761252Z,,328.965,removal_executed,2026-03-08T15:20:51.707761252Z,328.965,,,,remove-irs3-member1-1772983228,removal,remove-irs3-member1-1772983228,16,"[[""reshare_complete"", ""2026-02-28T13:23:53.762520482Z""], [""reshare_ack"", ""2026-03-08T12:05:49.077673571Z""], [""reshare_keygen_start"", ""2026-03-08T12:05:57.901648182Z""], [""removal_propose"", ""2026-03-08T15:20:31.270674796Z""], [""removal_observed"", ""2026-03-08T15:20:31.282746725Z""], [""removal_vote"", ""2026-03-08T15:20:35.797502985Z""], [""removal_executed"", ""2026-03-08T15:20:51.707761252Z""]]"
2026-03-08T15:26:21.775356Z,removal_1772983228,removal_wait_reshare,31.63,31.04,2264415438,5263753680,90341,1174980,44386552,168120051,0,0,890,895,90341,1174980,44385662,168119156,1,ok:1,0.70,1.68,24.65,11.85,2.79,1.39,4,4,1,post,2026-03-08T15:20:51.707761252Z,,330.068,removal_executed,2026-03-08T15:20:51.707761252Z,330.068,,,,remove-irs3-member1-1772983228,removal,remove-irs3-member1-1772983228,16,"[[""reshare_complete"", ""2026-02-28T13:23:53.762520482Z""], [""reshare_ack"", ""2026-03-08T12:05:49.077673571Z""], [""reshare_keygen_start"", ""2026-03-08T12:05:57.901648182Z""], [""removal_propose"", ""2026-03-08T15:20:31.270674796Z""], [""removal_observed"", ""2026-03-08T15:20:31.282746725Z""], [""removal_vote"", ""2026-03-08T15:20:35.797502985Z""], [""removal_executed"", ""2026-03-08T15:20:51.707761252Z""]]"
