run_id,workflow_base,event_mapping_mode,args_hash,attempt,event,function,local_submit_ts,node,operation_id,org,proposal_id,ts,workflow,tx_id,block_number,commit_status,local_commit_ts,validation_code,action,block_bytes,block_data_bytes,block_overhead_bytes,block_shared_overhead_per_tx_bytes,block_tx_count,epoch,event_name,event_version,ledger_tx_ts,local_observed_ts,logical_delete_by_category,logical_delete_bytes_total,logical_write_by_category,logical_write_bytes_total,poll_fallback_mode,submitterId,tx_envelope_bytes,tx_index_in_block,tx_payload_bytes,error,phase,decision,voterId,votesAgainst,votesFor,certificateHash,nodeId,reason,targetMemberId,candidateId
run_001,csr,operation_id,1386560771ac645bee045a16e5cd28f46685dab0aee4abe2ac2d2188b67a0d90,1,tx_submit_started,SubmitCSR,2026-03-07T07:24:25.314616257Z,irs3-member1,csr-irs3-1772868265,irs3,csr-irs3-1772868265,2026-03-07T07:24:25.314652812Z,csr,,,,,,,,,,,,,,,,,,,,,,,,,,,,,,,,,,,,
run_001,csr,operation_id,1386560771ac645bee045a16e5cd28f46685dab0aee4abe2ac2d2188b67a0d90,1,tx_submitted,SubmitCSR,2026-03-07T07:24:25.314616257Z,irs3-member1,csr-irs3-1772868265,irs3,csr-irs3-1772868265,2026-03-07T07:24:25.431659671Z,csr,fc1070036552fc253b45262a4d2b5208e345b71b359f71799ae88346566701bd,,,,,,,,,,,,,,,,,,,,,,,,,,,,,,,,,,,
run_001,csr,operation_id,1386560771ac645bee045a16e5cd28f46685dab0aee4abe2ac2d2188b67a0d90,1,tx_committed,SubmitCSR,2026-03-07T07:24:25.314616257Z,irs3-member1,csr-irs3-1772868265,irs3,csr-irs3-1772868265,2026-03-07T07:24:27.573431312Z,csr,fc1070036552fc253b45262a4d2b5208e345b71b359f71799ae88346566701bd,236,VALID,2026-03-07T07:24:27.573365571Z,VALID,,,,,,,,,,,,,,,,,,,,,,,,,,,,,,,
run_001,csr,operation_id,,,cc_event_observed,,,irs3-member1,csr-irs3-1772868265,irs3,csr-irs3-1772868265,2026-03-07T07:24:27.584780051Z,csr,fc1070036552fc253b45262a4d2b5208e345b71b359f71799ae88346566701bd,236,,,VALID,csr_submitted,8477,7507,970,970,1,7,CSRSubmitted,2,2026-03-07T07:24:25.314827831Z,2026-03-07T07:24:27.573485997Z,{},0,"{""proposal"":1709}",1709,True,"x509::CN=Member1@irs3.kit.edu,OU=member+OU=admin,O=irs3.kit.edu,L=Karlsruhe,ST=Baden-Wuerttemberg,C=DE::CN=ca.irs3.kit.edu,O=irs3.kit.edu,L=Karlsruhe,ST=Baden-Wuerttemberg,C=DE",7507,0,7431,,,,,,,,,,,
run_001,csr,operation_id,,,cc_event_observed,,,irs3-member1,csr-irs3-1772868265,irs3,csr-irs3-1772868265,2026-03-07T07:24:27.58497481Z,csr,fc1070036552fc253b45262a4d2b5208e345b71b359f71799ae88346566701bd,236,,,VALID,csr_submitted,8477,7507,970,970,1,7,StorageAttribution,2,2026-03-07T07:24:25.314827831Z,2026-03-07T07:24:27.573485997Z,{},0,"{""proposal"":1709}",1709,True,"x509::CN=Member1@irs3.kit.edu,OU=member+OU=admin,O=irs3.kit.edu,L=Karlsruhe,ST=Baden-Wuerttemberg,C=DE::CN=ca.irs3.kit.edu,O=irs3.kit.edu,L=Karlsruhe,ST=Baden-Wuerttemberg,C=DE",7507,0,7431,,,,,,,,,,,
run_001,csr,operation_id,cae75fa142af7149be95d9fb24deb157235a3216f1805b0fc3c35d95232413c9,1,tx_submit_started,VoteOnCSR,2026-03-07T07:24:28.931056841Z,irs3-member1,csr-irs3-1772868265,irs3,csr-irs3-1772868265,2026-03-07T07:24:28.931075323Z,csr,,,,,,,,,,,,,,,,,,,,,,,,,,,,,,,,,,,,
run_001,csr,operation_id,cae75fa142af7149be95d9fb24deb157235a3216f1805b0fc3c35d95232413c9,1,tx_submitted,VoteOnCSR,2026-03-07T07:24:28.931056841Z,irs3-member1,csr-irs3-1772868265,irs3,csr-irs3-1772868265,2026-03-07T07:24:29.004436761Z,csr,f128b3592dd46780abb409703b6c494c2b7a56d1de1ccb0ff54e3d1281575171,,,,,,,,,,,,,,,,,,,,,,,,,,,,,,,,,,,
run_001,csr,operation_id,cae75fa142af7149be95d9fb24deb157235a3216f1805b0fc3c35d95232413c9,1,tx_failed,VoteOnCSR,,irs3-member1,csr-irs3-1772868265,irs3,csr-irs3-1772868265,2026-03-07T07:24:30.604605375Z,csr,f128b3592dd46780abb409703b6c494c2b7a56d1de1ccb0ff54e3d1281575171,237,,,MVCC_READ_CONFLICT,,,,,,,,,,,,,,,,,,,,,transaction f128b3592dd46780abb409703b6c494c2b7a56d1de1ccb0ff54e3d1281575171 failed with status MVCC_READ_CONFLICT (11) in block 237,validation,,,,,,,,,
run_001,csr,operation_id,,,cc_event_observed,,,irs3-member1,csr-irs3-1772868265,irs3,csr-irs3-1772868265,2026-03-07T07:24:30.635129788Z,csr,64256d169039ac23e75acceb81e4c34780e62602701df4d2a0195f12965ed215,237,,,VALID,csr_voted,39863,38875,988,197.6,5,7,CSRVoted,2,2026-03-07T07:24:28.301223904Z,2026-03-07T07:24:30.60606934Z,{},0,"{""proposal"":1887,""vote"":290}",2177,True,"x509::CN=Member1@irs3.kit.edu,OU=member+OU=admin,O=irs3.kit.edu,L=Karlsruhe,ST=Baden-Wuerttemberg,C=DE::CN=ca.irs3.kit.edu,O=irs3.kit.edu,L=Karlsruhe,ST=Baden-Wuerttemberg,C=DE",7779,0,7704,,,approve,"x509::CN=Member1@irs1.kit.edu,OU=member+OU=admin,O=irs1.kit.edu,L=Karlsruhe,ST=Baden-Wuerttemberg,C=DE::CN=ca.irs1.kit.edu,O=irs1.kit.edu,L=Karlsruhe,ST=Baden-Wuerttemberg,C=DE",0,1,,,,,
run_001,csr,operation_id,,,cc_event_observed,,,irs3-member1,csr-irs3-1772868265,irs3,csr-irs3-1772868265,2026-03-07T07:24:30.63573503Z,csr,64256d169039ac23e75acceb81e4c34780e62602701df4d2a0195f12965ed215,237,,,VALID,csr_voted,39863,38875,988,197.6,5,7,StorageAttribution,2,2026-03-07T07:24:28.301223904Z,2026-03-07T07:24:30.60606934Z,{},0,"{""proposal"":1887,""vote"":290}",2177,True,"x509::CN=Member1@irs3.kit.edu,OU=member+OU=admin,O=irs3.kit.edu,L=Karlsruhe,ST=Baden-Wuerttemberg,C=DE::CN=ca.irs3.kit.edu,O=irs3.kit.edu,L=Karlsruhe,ST=Baden-Wuerttemberg,C=DE",7779,0,7704,,,approve,"x509::CN=Member1@irs1.kit.edu,OU=member+OU=admin,O=irs1.kit.edu,L=Karlsruhe,ST=Baden-Wuerttemberg,C=DE::CN=ca.irs1.kit.edu,O=irs1.kit.edu,L=Karlsruhe,ST=Baden-Wuerttemberg,C=DE",0,1,,,,,
run_001,csr,operation_id,cae75fa142af7149be95d9fb24deb157235a3216f1805b0fc3c35d95232413c9,2,tx_submit_started,VoteOnCSR,2026-03-07T07:24:30.88187669Z,irs3-member1,csr-irs3-1772868265,irs3,csr-irs3-1772868265,2026-03-07T07:24:30.881944783Z,csr,,,,,,,,,,,,,,,,,,,,,,,,,,,,,,,,,,,,
run_001,csr,operation_id,cae75fa142af7149be95d9fb24deb157235a3216f1805b0fc3c35d95232413c9,2,tx_submitted,VoteOnCSR,2026-03-07T07:24:30.88187669Z,irs3-member1,csr-irs3-1772868265,irs3,csr-irs3-1772868265,2026-03-07T07:24:30.960504189Z,csr,fbfaeba695afabf608372b7c9ee43d113a9e6b8eca3f2a4c66eebd53996bb200,,,,,,,,,,,,,,,,,,,,,,,,,,,,,,,,,,,
run_001,csr,operation_id,cae75fa142af7149be95d9fb24deb157235a3216f1805b0fc3c35d95232413c9,2,tx_failed,VoteOnCSR,,irs3-member1,csr-irs3-1772868265,irs3,csr-irs3-1772868265,2026-03-07T07:24:33.058594364Z,csr,fbfaeba695afabf608372b7c9ee43d113a9e6b8eca3f2a4c66eebd53996bb200,238,,,MVCC_READ_CONFLICT,,,,,,,,,,,,,,,,,,,,,transaction fbfaeba695afabf608372b7c9ee43d113a9e6b8eca3f2a4c66eebd53996bb200 failed with status MVCC_READ_CONFLICT (11) in block 238,validation,,,,,,,,,
run_001,csr,operation_id,,,cc_event_observed,,,irs3-member1,csr-irs3-1772868265,irs3,csr-irs3-1772868265,2026-03-07T07:24:33.071129641Z,csr,58028e213ef52249fb37e510bbf39f125b13adc8ceae607307a4fe4d5175c380,238,,,VALID,csr_voted,32798,31814,984,246,4,7,CSRVoted,2,2026-03-07T07:24:30.819348346Z,2026-03-07T07:24:33.05918905Z,{},0,"{""proposal"":2066,""vote"":290}",2356,True,"x509::CN=Member1@irs3.kit.edu,OU=member+OU=admin,O=irs3.kit.edu,L=Karlsruhe,ST=Baden-Wuerttemberg,C=DE::CN=ca.irs3.kit.edu,O=irs3.kit.edu,L=Karlsruhe,ST=Baden-Wuerttemberg,C=DE",7950,0,7875,,,approve,"x509::CN=Member1@irs2.kit.edu,OU=member+OU=admin,O=irs2.kit.edu,L=Karlsruhe,ST=Baden-Wuerttemberg,C=DE::CN=ca.irs2.kit.edu,O=irs2.kit.edu,L=Karlsruhe,ST=Baden-Wuerttemberg,C=DE",0,2,,,,,
run_001,csr,operation_id,,,cc_event_observed,,,irs3-member1,csr-irs3-1772868265,irs3,csr-irs3-1772868265,2026-03-07T07:24:33.071412548Z,csr,58028e213ef52249fb37e510bbf39f125b13adc8ceae607307a4fe4d5175c380,238,,,VALID,csr_voted,32798,31814,984,246,4,7,StorageAttribution,2,2026-03-07T07:24:30.819348346Z,2026-03-07T07:24:33.05918905Z,{},0,"{""proposal"":2066,""vote"":290}",2356,True,"x509::CN=Member1@irs3.kit.edu,OU=member+OU=admin,O=irs3.kit.edu,L=Karlsruhe,ST=Baden-Wuerttemberg,C=DE::CN=ca.irs3.kit.edu,O=irs3.kit.edu,L=Karlsruhe,ST=Baden-Wuerttemberg,C=DE",7950,0,7875,,,approve,"x509::CN=Member1@irs2.kit.edu,OU=member+OU=admin,O=irs2.kit.edu,L=Karlsruhe,ST=Baden-Wuerttemberg,C=DE::CN=ca.irs2.kit.edu,O=irs2.kit.edu,L=Karlsruhe,ST=Baden-Wuerttemberg,C=DE",0,2,,,,,
run_001,csr,operation_id,cae75fa142af7149be95d9fb24deb157235a3216f1805b0fc3c35d95232413c9,3,tx_submit_started,VoteOnCSR,2026-03-07T07:24:33.653741265Z,irs3-member1,csr-irs3-1772868265,irs3,csr-irs3-1772868265,2026-03-07T07:24:33.653787728Z,csr,,,,,,,,,,,,,,,,,,,,,,,,,,,,,,,,,,,,
run_001,csr,operation_id,cae75fa142af7149be95d9fb24deb157235a3216f1805b0fc3c35d95232413c9,3,tx_submitted,VoteOnCSR,2026-03-07T07:24:33.653741265Z,irs3-member1,csr-irs3-1772868265,irs3,csr-irs3-1772868265,2026-03-07T07:24:33.727093069Z,csr,bf2fd26237f9ce16b966af3252138c5d5d16a3cde6af4276e87161f897961fe4,,,,,,,,,,,,,,,,,,,,,,,,,,,,,,,,,,,
run_001,csr,operation_id,cae75fa142af7149be95d9fb24deb157235a3216f1805b0fc3c35d95232413c9,3,tx_failed,VoteOnCSR,,irs3-member1,csr-irs3-1772868265,irs3,csr-irs3-1772868265,2026-03-07T07:24:35.732523904Z,csr,bf2fd26237f9ce16b966af3252138c5d5d16a3cde6af4276e87161f897961fe4,239,,,MVCC_READ_CONFLICT,,,,,,,,,,,,,,,,,,,,,transaction bf2fd26237f9ce16b966af3252138c5d5d16a3cde6af4276e87161f897961fe4 failed with status MVCC_READ_CONFLICT (11) in block 239,validation,,,,,,,,,
run_001,csr,operation_id,,,cc_event_observed,,,irs3-member1,csr-irs3-1772868265,irs3,csr-irs3-1772868265,2026-03-07T07:24:35.743723438Z,csr,bad452279d9170c9046fe084892b6358d5f98b69392ae36d88826659f8373abb,239,,,VALID,signing_initiated,24532,23552,980,326.6666666666667,3,,SigningInitiated,2,2026-03-07T07:24:33.489408303Z,2026-03-07T07:24:35.734071369Z,,,,,True,,7854,0,7779,,,,,,,,,,,
run_001,csr,operation_id,cae75fa142af7149be95d9fb24deb157235a3216f1805b0fc3c35d95232413c9,4,tx_submit_started,VoteOnCSR,2026-03-07T07:24:36.633327647Z,irs3-member1,csr-irs3-1772868265,irs3,csr-irs3-1772868265,2026-03-07T07:24:36.633356166Z,csr,,,,,,,,,,,,,,,,,,,,,,,,,,,,,,,,,,,,
run_001,csr,operation_id,cae75fa142af7149be95d9fb24deb157235a3216f1805b0fc3c35d95232413c9,4,tx_submitted,VoteOnCSR,2026-03-07T07:24:36.633327647Z,irs3-member1,csr-irs3-1772868265,irs3,csr-irs3-1772868265,2026-03-07T07:24:36.701296829Z,csr,fee77cb4a64b71738b235edc0f43d981948aefa0ea7f1dc942dfa10690cc1b5e,,,,,,,,,,,,,,,,,,,,,,,,,,,,,,,,,,,
run_001,csr,operation_id,cae75fa142af7149be95d9fb24deb157235a3216f1805b0fc3c35d95232413c9,4,tx_committed,VoteOnCSR,2026-03-07T07:24:36.633327647Z,irs3-member1,csr-irs3-1772868265,irs3,csr-irs3-1772868265,2026-03-07T07:24:38.880713393Z,csr,fee77cb4a64b71738b235edc0f43d981948aefa0ea7f1dc942dfa10690cc1b5e,240,VALID,2026-03-07T07:24:38.880672744Z,VALID,,,,,,,,,,,,,,,,,,,,,,,,,,,,,,,
run_001,csr,operation_id,,,cc_event_observed,,,irs3-member1,csr-irs3-1772868265,irs3,csr-irs3-1772868265,2026-03-07T07:24:38.961569533Z,csr,fee77cb4a64b71738b235edc0f43d981948aefa0ea7f1dc942dfa10690cc1b5e,240,,,VALID,signing_initiated,17048,16074,974,487,2,,SigningInitiated,2,2026-03-07T07:24:36.633535536Z,2026-03-07T07:24:38.880001577Z,,,,,True,,8037,0,7962,,,,,,,,,,,
run_001,csr,operation_id,6ca7462ea2fbd5814d3c1124432d070251da6c2e76a48beea79d1ee9bcccac08,1,tx_submit_started,SubmitPartialSignature,2026-03-07T07:24:42.256360017Z,irs3-member1,csr-irs3-1772868265,irs3,csr-irs3-1772868265,2026-03-07T07:24:42.256387906Z,csr,,,,,,,,,,,,,,,,,,,,,,,,,,,,,,,,,,,,
run_001,csr,operation_id,6ca7462ea2fbd5814d3c1124432d070251da6c2e76a48beea79d1ee9bcccac08,1,tx_submitted,SubmitPartialSignature,2026-03-07T07:24:42.256360017Z,irs3-member1,csr-irs3-1772868265,irs3,csr-irs3-1772868265,2026-03-07T07:24:42.327023919Z,csr,afed32381dc11f48c07da3a67fbfbb16d212bb82e451e9ac154b9a2ce9ce9dc5,,,,,,,,,,,,,,,,,,,,,,,,,,,,,,,,,,,
run_001,csr,operation_id,6ca7462ea2fbd5814d3c1124432d070251da6c2e76a48beea79d1ee9bcccac08,1,tx_failed,SubmitPartialSignature,,irs3-member1,csr-irs3-1772868265,irs3,csr-irs3-1772868265,2026-03-07T07:24:43.583221657Z,csr,afed32381dc11f48c07da3a67fbfbb16d212bb82e451e9ac154b9a2ce9ce9dc5,241,,,MVCC_READ_CONFLICT,,,,,,,,,,,,,,,,,,,,,transaction afed32381dc11f48c07da3a67fbfbb16d212bb82e451e9ac154b9a2ce9ce9dc5 failed with status MVCC_READ_CONFLICT (11) in block 241,validation,,,,,,,,,
run_001,csr,operation_id,,,cc_event_observed,,,irs3-member1,csr-irs3-1772868265,irs3,csr-irs3-1772868265,2026-03-07T07:24:43.597534841Z,csr,d4183eb1aff11defa37121fb92fc54ac90ca6e6a90b8b1363a07336de77e99a8,241,,,VALID,signing_initiated,37049,36057,992,165.33333333333334,6,,SigningInitiated,2,2026-03-07T07:24:41.231794168Z,2026-03-07T07:24:43.583302027Z,,,,,True,,8215,0,8140,,,,,,,,,,,
run_001,csr,operation_id,6ca7462ea2fbd5814d3c1124432d070251da6c2e76a48beea79d1ee9bcccac08,2,tx_submit_started,SubmitPartialSignature,2026-03-07T07:24:43.839067226Z,irs3-member1,csr-irs3-1772868265,irs3,csr-irs3-1772868265,2026-03-07T07:24:43.839119375Z,csr,,,,,,,,,,,,,,,,,,,,,,,,,,,,,,,,,,,,
run_001,csr,operation_id,6ca7462ea2fbd5814d3c1124432d070251da6c2e76a48beea79d1ee9bcccac08,2,tx_submitted,SubmitPartialSignature,2026-03-07T07:24:43.839067226Z,irs3-member1,csr-irs3-1772868265,irs3,csr-irs3-1772868265,2026-03-07T07:24:43.94276626Z,csr,3f95df712910f14103c29c8a4881667b240424534ff218d2eee8534075f163c0,,,,,,,,,,,,,,,,,,,,,,,,,,,,,,,,,,,
run_001,csr,operation_id,6ca7462ea2fbd5814d3c1124432d070251da6c2e76a48beea79d1ee9bcccac08,2,tx_failed,SubmitPartialSignature,,irs3-member1,csr-irs3-1772868265,irs3,csr-irs3-1772868265,2026-03-07T07:24:46.030585417Z,csr,3f95df712910f14103c29c8a4881667b240424534ff218d2eee8534075f163c0,242,,,MVCC_READ_CONFLICT,,,,,,,,,,,,,,,,,,,,,transaction 3f95df712910f14103c29c8a4881667b240424534ff218d2eee8534075f163c0 failed with status MVCC_READ_CONFLICT (11) in block 242,validation,,,,,,,,,
run_001,csr,operation_id,6ca7462ea2fbd5814d3c1124432d070251da6c2e76a48beea79d1ee9bcccac08,3,tx_submit_started,SubmitPartialSignature,2026-03-07T07:24:46.597482471Z,irs3-member1,csr-irs3-1772868265,irs3,csr-irs3-1772868265,2026-03-07T07:24:46.597572897Z,csr,,,,,,,,,,,,,,,,,,,,,,,,,,,,,,,,,,,,
run_001,csr,operation_id,6ca7462ea2fbd5814d3c1124432d070251da6c2e76a48beea79d1ee9bcccac08,3,tx_submitted,SubmitPartialSignature,2026-03-07T07:24:46.597482471Z,irs3-member1,csr-irs3-1772868265,irs3,csr-irs3-1772868265,2026-03-07T07:24:46.683247405Z,csr,2d3d1e236886ee9be041ed503b2cabcd810c8a3bc40023f81b3ee97bc7108bd0,,,,,,,,,,,,,,,,,,,,,,,,,,,,,,,,,,,
run_001,csr,operation_id,6ca7462ea2fbd5814d3c1124432d070251da6c2e76a48beea79d1ee9bcccac08,3,tx_failed,SubmitPartialSignature,,irs3-member1,csr-irs3-1772868265,irs3,csr-irs3-1772868265,2026-03-07T07:24:48.809083473Z,csr,2d3d1e236886ee9be041ed503b2cabcd810c8a3bc40023f81b3ee97bc7108bd0,243,,,MVCC_READ_CONFLICT,,,,,,,,,,,,,,,,,,,,,transaction 2d3d1e236886ee9be041ed503b2cabcd810c8a3bc40023f81b3ee97bc7108bd0 failed with status MVCC_READ_CONFLICT (11) in block 243,validation,,,,,,,,,
run_001,csr,operation_id,,,cc_event_observed,,,irs3-member1,csr-irs3-1772868265,irs3,csr-irs3-1772868265,2026-03-07T07:24:48.827722439Z,csr,646c9e80886350d83312611f986df227b41596aaf85326855c913199a8716e45,243,,,VALID,threshold_reached,26332,25349,983,245.75,4,,ThresholdReached,2,2026-03-07T07:24:46.597189391Z,2026-03-07T07:24:48.809044658Z,,,,,True,,6336,0,6260,,,,,,,,,,,
run_001,csr,operation_id,6ca7462ea2fbd5814d3c1124432d070251da6c2e76a48beea79d1ee9bcccac08,4,tx_submit_started,SubmitPartialSignature,2026-03-07T07:24:49.986711272Z,irs3-member1,csr-irs3-1772868265,irs3,csr-irs3-1772868265,2026-03-07T07:24:49.986755994Z,csr,,,,,,,,,,,,,,,,,,,,,,,,,,,,,,,,,,,,
run_001,csr,operation_id,6ca7462ea2fbd5814d3c1124432d070251da6c2e76a48beea79d1ee9bcccac08,4,tx_failed,SubmitPartialSignature,,irs3-member1,csr-irs3-1772868265,irs3,csr-irs3-1772868265,2026-03-07T07:24:50.086159995Z,csr,1dcc9898945ed6ebff6a2b3048d8af031360504b97aa10de813d273c63231389,,,,,,,,,,,,,,,,,,,,,,,,,"endorse error: rpc error: code = Aborted desc = failed to endorse transaction, see attached details for more info
Details:
  - Address: peer0.irs3.kit.edu:7051
    MspId: IRS3MSP
    Message: chaincode response 500, signing session is not active
  - Address: peer1.irs3.kit.edu:8051
    MspId: IRS3MSP
    Message: chaincode response 500, signing session is not active
  - Address: peer3.irs3.kit.edu:10051
    MspId: IRS3MSP
    Message: chaincode response 500, signing session is not active
  - Address: peer2.irs3.kit.edu:9051
    MspId: IRS3MSP
    Message: chaincode response 500, signing session is not active",endorse,,,,,,,,,
run_001,csr,operation_id,,,cc_event_observed,,,irs3-member1,csr-irs3-1772868265,irs3,csr-irs3-1772868265,2026-03-07T07:24:53.129358226Z,csr,cdd560a53ad472e222930bb6084f33c038848b001d7e57a8f0a017531471191b,244,,,VALID,certificate_registered,26721,25746,975,487.5,2,7,CertificateRegistered,2,2026-03-07T07:24:50.887362285Z,2026-03-07T07:24:53.116855564Z,{},0,"{""active_index"":19,""certificate"":1776,""merkle_state"":1519,""proposal"":2605}",5919,True,,12869,0,12794,,,,,,,522e7c6a861054ad966cbc1dbdfdffb97919423a53fd06db9b75a87595cc06ef,"x509::CN=Member1@irs3.kit.edu,OU=member+OU=admin,O=irs3.kit.edu,L=Karlsruhe,ST=Baden-Wuerttemberg,C=DE::CN=ca.irs3.kit.edu,O=irs3.kit.edu,L=Karlsruhe,ST=Baden-Wuerttemberg,C=DE",,,
run_001,csr,operation_id,,,cc_event_observed,,,irs3-member1,csr-irs3-1772868265,irs3,csr-irs3-1772868265,2026-03-07T07:24:53.129542041Z,csr,cdd560a53ad472e222930bb6084f33c038848b001d7e57a8f0a017531471191b,244,,,VALID,certificate_registered,26721,25746,975,487.5,2,7,StorageAttribution,2,2026-03-07T07:24:50.887362285Z,2026-03-07T07:24:53.116855564Z,{},0,"{""active_index"":19,""certificate"":1776,""merkle_state"":1519,""proposal"":2605}",5919,True,,12869,0,12794,,,,,,,522e7c6a861054ad966cbc1dbdfdffb97919423a53fd06db9b75a87595cc06ef,"x509::CN=Member1@irs3.kit.edu,OU=member+OU=admin,O=irs3.kit.edu,L=Karlsruhe,ST=Baden-Wuerttemberg,C=DE::CN=ca.irs3.kit.edu,O=irs3.kit.edu,L=Karlsruhe,ST=Baden-Wuerttemberg,C=DE",,,
run_001,revocation,operation_id,cd67912d8e5beccb5ae57c098beece61feefbbd716c3f340a32eb678f81f5773,1,tx_submit_started,ProposeRevocation,2026-03-07T07:25:04.725369611Z,irs3-member1,revoke-irs3-1772868304,irs3,revoke-irs3-1772868304,2026-03-07T07:25:04.725395037Z,revocation,,,,,,,,,,,,,,,,,,,,,,,,,,,,,,,,,,,,
run_001,revocation,operation_id,cd67912d8e5beccb5ae57c098beece61feefbbd716c3f340a32eb678f81f5773,1,tx_submitted,ProposeRevocation,2026-03-07T07:25:04.725369611Z,irs3-member1,revoke-irs3-1772868304,irs3,revoke-irs3-1772868304,2026-03-07T07:25:04.783683536Z,revocation,72a892b813d8d4285a7d27edda396fe8037c76d47fc16f5e0eee6b5a3b8752d0,,,,,,,,,,,,,,,,,,,,,,,,,,,,,,,,,,,
run_001,revocation,operation_id,cd67912d8e5beccb5ae57c098beece61feefbbd716c3f340a32eb678f81f5773,1,tx_committed,ProposeRevocation,2026-03-07T07:25:04.725369611Z,irs3-member1,revoke-irs3-1772868304,irs3,revoke-irs3-1772868304,2026-03-07T07:25:06.897980296Z,revocation,72a892b813d8d4285a7d27edda396fe8037c76d47fc16f5e0eee6b5a3b8752d0,246,VALID,2026-03-07T07:25:06.897907926Z,VALID,,,,,,,,,,,,,,,,,,,,,,,,,,,,,,,
run_001,revocation,operation_id,,,cc_event_observed,,,irs3-member1,revoke-irs3-1772868304,irs3,revoke-irs3-1772868304,2026-03-07T07:25:06.909822474Z,revocation,72a892b813d8d4285a7d27edda396fe8037c76d47fc16f5e0eee6b5a3b8752d0,246,,,VALID,revocation_proposed,7126,6156,970,970,1,7,RevocationProposed,2,2026-03-07T07:25:04.725570444Z,2026-03-07T07:25:06.898085982Z,{},0,"{""proposal"":607}",607,True,,6156,0,6080,,,,,,,,"x509::CN=Member1@irs3.kit.edu,OU=member+OU=admin,O=irs3.kit.edu,L=Karlsruhe,ST=Baden-Wuerttemberg,C=DE::CN=ca.irs3.kit.edu,O=irs3.kit.edu,L=Karlsruhe,ST=Baden-Wuerttemberg,C=DE",benchmark,,
run_001,revocation,operation_id,,,cc_event_observed,,,irs3-member1,revoke-irs3-1772868304,irs3,revoke-irs3-1772868304,2026-03-07T07:25:06.910022826Z,revocation,72a892b813d8d4285a7d27edda396fe8037c76d47fc16f5e0eee6b5a3b8752d0,246,,,VALID,revocation_proposed,7126,6156,970,970,1,7,StorageAttribution,2,2026-03-07T07:25:04.725570444Z,2026-03-07T07:25:06.898085982Z,{},0,"{""proposal"":607}",607,True,,6156,0,6080,,,,,,,,"x509::CN=Member1@irs3.kit.edu,OU=member+OU=admin,O=irs3.kit.edu,L=Karlsruhe,ST=Baden-Wuerttemberg,C=DE::CN=ca.irs3.kit.edu,O=irs3.kit.edu,L=Karlsruhe,ST=Baden-Wuerttemberg,C=DE",benchmark,,
run_001,revocation,operation_id,0219269fc5256199da989c74c0954f4cec79b6082697c50019f8de796502fe16,1,tx_submit_started,VoteOnRevocation,2026-03-07T07:25:08.021865616Z,irs3-member1,revoke-irs3-1772868304,irs3,revoke-irs3-1772868304,2026-03-07T07:25:08.02188956Z,revocation,,,,,,,,,,,,,,,,,,,,,,,,,,,,,,,,,,,,
run_001,revocation,operation_id,0219269fc5256199da989c74c0954f4cec79b6082697c50019f8de796502fe16,1,tx_submitted,VoteOnRevocation,2026-03-07T07:25:08.021865616Z,irs3-member1,revoke-irs3-1772868304,irs3,revoke-irs3-1772868304,2026-03-07T07:25:08.083028245Z,revocation,53ed9b71c634356a853e1dcdeef9206f569a60136c292c803e48be2f9ceee207,,,,,,,,,,,,,,,,,,,,,,,,,,,,,,,,,,,
run_001,revocation,operation_id,0219269fc5256199da989c74c0954f4cec79b6082697c50019f8de796502fe16,1,tx_failed,VoteOnRevocation,,irs3-member1,revoke-irs3-1772868304,irs3,revoke-irs3-1772868304,2026-03-07T07:25:09.699415707Z,revocation,53ed9b71c634356a853e1dcdeef9206f569a60136c292c803e48be2f9ceee207,247,,,MVCC_READ_CONFLICT,,,,,,,,,,,,,,,,,,,,,transaction 53ed9b71c634356a853e1dcdeef9206f569a60136c292c803e48be2f9ceee207 failed with status MVCC_READ_CONFLICT (11) in block 247,validation,,,,,,,,,
run_001,revocation,operation_id,,,cc_event_observed,,,irs3-member1,revoke-irs3-1772868304,irs3,revoke-irs3-1772868304,2026-03-07T07:25:09.713181849Z,revocation,fc4fb06cdb7ab2706f0b2bbac22ff26177e5f4eff29f08d6dbe54992eb09fab2,247,,,VALID,revocation_voted,34559,33572,987,197.4,5,7,RevocationVoted,2,2026-03-07T07:25:07.428461273Z,2026-03-07T07:25:09.699433392Z,{},0,"{""proposal"":785,""vote"":292}",1077,True,,6716,0,6641,,,approve,"x509::CN=Member1@irs1.kit.edu,OU=member+OU=admin,O=irs1.kit.edu,L=Karlsruhe,ST=Baden-Wuerttemberg,C=DE::CN=ca.irs1.kit.edu,O=irs1.kit.edu,L=Karlsruhe,ST=Baden-Wuerttemberg,C=DE",0,1,,"x509::CN=Member1@irs3.kit.edu,OU=member+OU=admin,O=irs3.kit.edu,L=Karlsruhe,ST=Baden-Wuerttemberg,C=DE::CN=ca.irs3.kit.edu,O=irs3.kit.edu,L=Karlsruhe,ST=Baden-Wuerttemberg,C=DE",,,
run_001,revocation,operation_id,,,cc_event_observed,,,irs3-member1,revoke-irs3-1772868304,irs3,revoke-irs3-1772868304,2026-03-07T07:25:09.71338983Z,revocation,fc4fb06cdb7ab2706f0b2bbac22ff26177e5f4eff29f08d6dbe54992eb09fab2,247,,,VALID,revocation_voted,34559,33572,987,197.4,5,7,StorageAttribution,2,2026-03-07T07:25:07.428461273Z,2026-03-07T07:25:09.699433392Z,{},0,"{""proposal"":785,""vote"":292}",1077,True,,6716,0,6641,,,approve,"x509::CN=Member1@irs1.kit.edu,OU=member+OU=admin,O=irs1.kit.edu,L=Karlsruhe,ST=Baden-Wuerttemberg,C=DE::CN=ca.irs1.kit.edu,O=irs1.kit.edu,L=Karlsruhe,ST=Baden-Wuerttemberg,C=DE",0,1,,"x509::CN=Member1@irs3.kit.edu,OU=member+OU=admin,O=irs3.kit.edu,L=Karlsruhe,ST=Baden-Wuerttemberg,C=DE::CN=ca.irs3.kit.edu,O=irs3.kit.edu,L=Karlsruhe,ST=Baden-Wuerttemberg,C=DE",,,
run_001,revocation,operation_id,0219269fc5256199da989c74c0954f4cec79b6082697c50019f8de796502fe16,2,tx_submit_started,VoteOnRevocation,2026-03-07T07:25:09.970701207Z,irs3-member1,revoke-irs3-1772868304,irs3,revoke-irs3-1772868304,2026-03-07T07:25:09.970763188Z,revocation,,,,,,,,,,,,,,,,,,,,,,,,,,,,,,,,,,,,
run_001,revocation,operation_id,0219269fc5256199da989c74c0954f4cec79b6082697c50019f8de796502fe16,2,tx_submitted,VoteOnRevocation,2026-03-07T07:25:09.970701207Z,irs3-member1,revoke-irs3-1772868304,irs3,revoke-irs3-1772868304,2026-03-07T07:25:10.024911958Z,revocation,46d431e3a615bc48746da587b285633ecff56daf119e7eef7332b2f39765ea29,,,,,,,,,,,,,,,,,,,,,,,,,,,,,,,,,,,
run_001,revocation,operation_id,0219269fc5256199da989c74c0954f4cec79b6082697c50019f8de796502fe16,2,tx_committed,VoteOnRevocation,2026-03-07T07:25:09.970701207Z,irs3-member1,revoke-irs3-1772868304,irs3,revoke-irs3-1772868304,2026-03-07T07:25:12.169681709Z,revocation,46d431e3a615bc48746da587b285633ecff56daf119e7eef7332b2f39765ea29,248,VALID,2026-03-07T07:25:12.169622394Z,VALID,,,,,,,,,,,,,,,,,,,,,,,,,,,,,,,
run_001,revocation,operation_id,,,cc_event_observed,,,irs3-member1,revoke-irs3-1772868304,irs3,revoke-irs3-1772868304,2026-03-07T07:25:12.183964814Z,revocation,46d431e3a615bc48746da587b285633ecff56daf119e7eef7332b2f39765ea29,248,,,VALID,revocation_voted,28560,27576,984,246,4,7,RevocationVoted,2,2026-03-07T07:25:09.971272652Z,2026-03-07T07:25:12.171714211Z,{},0,"{""proposal"":964,""vote"":292}",1256,True,,6892,0,6816,,,approve,"x509::CN=Member1@irs3.kit.edu,OU=member+OU=admin,O=irs3.kit.edu,L=Karlsruhe,ST=Baden-Wuerttemberg,C=DE::CN=ca.irs3.kit.edu,O=irs3.kit.edu,L=Karlsruhe,ST=Baden-Wuerttemberg,C=DE",0,2,,"x509::CN=Member1@irs3.kit.edu,OU=member+OU=admin,O=irs3.kit.edu,L=Karlsruhe,ST=Baden-Wuerttemberg,C=DE::CN=ca.irs3.kit.edu,O=irs3.kit.edu,L=Karlsruhe,ST=Baden-Wuerttemberg,C=DE",,,
run_001,revocation,operation_id,,,cc_event_observed,,,irs3-member1,revoke-irs3-1772868304,irs3,revoke-irs3-1772868304,2026-03-07T07:25:12.1843455Z,revocation,46d431e3a615bc48746da587b285633ecff56daf119e7eef7332b2f39765ea29,248,,,VALID,revocation_voted,28560,27576,984,246,4,7,StorageAttribution,2,2026-03-07T07:25:09.971272652Z,2026-03-07T07:25:12.171714211Z,{},0,"{""proposal"":964,""vote"":292}",1256,True,,6892,0,6816,,,approve,"x509::CN=Member1@irs3.kit.edu,OU=member+OU=admin,O=irs3.kit.edu,L=Karlsruhe,ST=Baden-Wuerttemberg,C=DE::CN=ca.irs3.kit.edu,O=irs3.kit.edu,L=Karlsruhe,ST=Baden-Wuerttemberg,C=DE",0,2,,"x509::CN=Member1@irs3.kit.edu,OU=member+OU=admin,O=irs3.kit.edu,L=Karlsruhe,ST=Baden-Wuerttemberg,C=DE::CN=ca.irs3.kit.edu,O=irs3.kit.edu,L=Karlsruhe,ST=Baden-Wuerttemberg,C=DE",,,
run_001,revocation,operation_id,,,cc_event_observed,,,irs3-member1,revoke-irs3-1772868304,irs3,revoke-irs3-1772868304,2026-03-07T07:25:14.944110748Z,revocation,7bad275c5661f8a770ed5c33c38093f349a169a87c688b77e7249c3fb4b0bb20,249,,,VALID,certificate_revoked,33176,32196,980,326.6666666666667,3,7,NodeRevoked,2,2026-03-07T07:25:12.687820288Z,2026-03-07T07:25:14.928513179Z,"{""active_index"":19}",19,"{""certificate"":1804,""merkle_state"":1586}",3390,True,,10735,0,10659,,,,,,,,"x509::CN=Member1@irs3.kit.edu,OU=member+OU=admin,O=irs3.kit.edu,L=Karlsruhe,ST=Baden-Wuerttemberg,C=DE::CN=ca.irs3.kit.edu,O=irs3.kit.edu,L=Karlsruhe,ST=Baden-Wuerttemberg,C=DE",benchmark,,
run_001,revocation,operation_id,,,cc_event_observed,,,irs3-member1,revoke-irs3-1772868304,irs3,revoke-irs3-1772868304,2026-03-07T07:25:14.944698415Z,revocation,7bad275c5661f8a770ed5c33c38093f349a169a87c688b77e7249c3fb4b0bb20,249,,,VALID,certificate_revoked,33176,32196,980,326.6666666666667,3,7,StorageAttribution,2,2026-03-07T07:25:12.687820288Z,2026-03-07T07:25:14.928513179Z,"{""active_index"":19}",19,"{""certificate"":1804,""merkle_state"":1586}",3390,True,,10735,0,10659,,,,,,,,"x509::CN=Member1@irs3.kit.edu,OU=member+OU=admin,O=irs3.kit.edu,L=Karlsruhe,ST=Baden-Wuerttemberg,C=DE::CN=ca.irs3.kit.edu,O=irs3.kit.edu,L=Karlsruhe,ST=Baden-Wuerttemberg,C=DE",benchmark,,
run_001,removal,operation_id,8dc3ab7d6924e725a5beaeb86112aae347392b39c1730d58564ec63f95417fde,1,tx_submit_started,ProposeRemoveMember,2026-03-07T07:25:23.180816765Z,irs3-member1,remove-irs3-member1-1772868323,irs3,remove-irs3-member1-1772868323,2026-03-07T07:25:23.180841599Z,removal,,,,,,,,,,,,,,,,,,,,,,,,,,,,,,,,,,,,
run_001,removal,operation_id,8dc3ab7d6924e725a5beaeb86112aae347392b39c1730d58564ec63f95417fde,1,tx_submitted,ProposeRemoveMember,2026-03-07T07:25:23.180816765Z,irs3-member1,remove-irs3-member1-1772868323,irs3,remove-irs3-member1-1772868323,2026-03-07T07:25:23.260731658Z,removal,29cb5d11604711f013fa42410394954cb8543091a974b351b39e498b468c04f3,,,,,,,,,,,,,,,,,,,,,,,,,,,,,,,,,,,
run_001,removal,operation_id,8dc3ab7d6924e725a5beaeb86112aae347392b39c1730d58564ec63f95417fde,1,tx_committed,ProposeRemoveMember,2026-03-07T07:25:23.180816765Z,irs3-member1,remove-irs3-member1-1772868323,irs3,remove-irs3-member1-1772868323,2026-03-07T07:25:25.381970831Z,removal,29cb5d11604711f013fa42410394954cb8543091a974b351b39e498b468c04f3,250,VALID,2026-03-07T07:25:25.38190209Z,VALID,,,,,,,,,,,,,,,,,,,,,,,,,,,,,,,
run_001,removal,operation_id,,,cc_event_observed,,,irs3-member1,remove-irs3-member1-1772868323,irs3,remove-irs3-member1-1772868323,2026-03-07T07:25:25.39752375Z,removal,29cb5d11604711f013fa42410394954cb8543091a974b351b39e498b468c04f3,250,,,VALID,member_removal_proposed,7559,6588,971,971,1,7,MemberRemovalProposed,2,2026-03-07T07:25:23.181012062Z,2026-03-07T07:25:25.382695461Z,{},0,"{""proposal"":638}",638,True,"x509::CN=Member1@irs3.kit.edu,OU=member+OU=admin,O=irs3.kit.edu,L=Karlsruhe,ST=Baden-Wuerttemberg,C=DE::CN=ca.irs3.kit.edu,O=irs3.kit.edu,L=Karlsruhe,ST=Baden-Wuerttemberg,C=DE",6588,0,6513,,,,,,,,,,"x509::CN=Member1@irs3.kit.edu,OU=member+OU=admin,O=irs3.kit.edu,L=Karlsruhe,ST=Baden-Wuerttemberg,C=DE::CN=ca.irs3.kit.edu,O=irs3.kit.edu,L=Karlsruhe,ST=Baden-Wuerttemberg,C=DE",
run_001,removal,operation_id,,,cc_event_observed,,,irs3-member1,remove-irs3-member1-1772868323,irs3,remove-irs3-member1-1772868323,2026-03-07T07:25:25.397746713Z,removal,29cb5d11604711f013fa42410394954cb8543091a974b351b39e498b468c04f3,250,,,VALID,member_removal_proposed,7559,6588,971,971,1,7,StorageAttribution,2,2026-03-07T07:25:23.181012062Z,2026-03-07T07:25:25.382695461Z,{},0,"{""proposal"":638}",638,True,"x509::CN=Member1@irs3.kit.edu,OU=member+OU=admin,O=irs3.kit.edu,L=Karlsruhe,ST=Baden-Wuerttemberg,C=DE::CN=ca.irs3.kit.edu,O=irs3.kit.edu,L=Karlsruhe,ST=Baden-Wuerttemberg,C=DE",6588,0,6513,,,,,,,,,,"x509::CN=Member1@irs3.kit.edu,OU=member+OU=admin,O=irs3.kit.edu,L=Karlsruhe,ST=Baden-Wuerttemberg,C=DE::CN=ca.irs3.kit.edu,O=irs3.kit.edu,L=Karlsruhe,ST=Baden-Wuerttemberg,C=DE",
run_001,removal,operation_id,d10f538379e9a40b39e1a789f7fc20d9c13b8b2956e0274461b9cce435b0e296,1,tx_submit_started,VoteOnRemoveMember,2026-03-07T07:25:25.950685053Z,irs3-member1,remove-irs3-member1-1772868323,irs3,remove-irs3-member1-1772868323,2026-03-07T07:25:25.950707275Z,removal,,,,,,,,,,,,,,,,,,,,,,,,,,,,,,,,,,,,
run_001,removal,operation_id,d10f538379e9a40b39e1a789f7fc20d9c13b8b2956e0274461b9cce435b0e296,1,tx_submitted,VoteOnRemoveMember,2026-03-07T07:25:25.950685053Z,irs3-member1,remove-irs3-member1-1772868323,irs3,remove-irs3-member1-1772868323,2026-03-07T07:25:26.007412334Z,removal,14d93a03fffe568c49dd16a82410dfdc5e3132cfb75c21def7c14513f9a13d94,,,,,,,,,,,,,,,,,,,,,,,,,,,,,,,,,,,
run_001,removal,operation_id,d10f538379e9a40b39e1a789f7fc20d9c13b8b2956e0274461b9cce435b0e296,1,tx_failed,VoteOnRemoveMember,,irs3-member1,remove-irs3-member1-1772868323,irs3,remove-irs3-member1-1772868323,2026-03-07T07:25:27.697787318Z,removal,14d93a03fffe568c49dd16a82410dfdc5e3132cfb75c21def7c14513f9a13d94,251,,,MVCC_READ_CONFLICT,,,,,,,,,,,,,,,,,,,,,transaction 14d93a03fffe568c49dd16a82410dfdc5e3132cfb75c21def7c14513f9a13d94 failed with status MVCC_READ_CONFLICT (11) in block 251,validation,,,,,,,,,
run_001,removal,operation_id,,,cc_event_observed,,,irs3-member1,remove-irs3-member1-1772868323,irs3,remove-irs3-member1-1772868323,2026-03-07T07:25:27.734999788Z,removal,041aa19f5841d32c0469b11f4648617e5f4a7bc5b836c82c6cf1f2ca5ac7e643,251,,,VALID,member_removal_voted,35982,34995,987,197.4,5,7,MemberRemovalVoted,2,2026-03-07T07:25:25.411466227Z,2026-03-07T07:25:27.697816392Z,{},0,"{""proposal"":816,""vote"":292}",1108,True,,6999,0,6924,,,approve,"x509::CN=Member1@irs1.kit.edu,OU=member+OU=admin,O=irs1.kit.edu,L=Karlsruhe,ST=Baden-Wuerttemberg,C=DE::CN=ca.irs1.kit.edu,O=irs1.kit.edu,L=Karlsruhe,ST=Baden-Wuerttemberg,C=DE",0,1,,,,"x509::CN=Member1@irs3.kit.edu,OU=member+OU=admin,O=irs3.kit.edu,L=Karlsruhe,ST=Baden-Wuerttemberg,C=DE::CN=ca.irs3.kit.edu,O=irs3.kit.edu,L=Karlsruhe,ST=Baden-Wuerttemberg,C=DE",
run_001,removal,operation_id,,,cc_event_observed,,,irs3-member1,remove-irs3-member1-1772868323,irs3,remove-irs3-member1-1772868323,2026-03-07T07:25:27.735187751Z,removal,041aa19f5841d32c0469b11f4648617e5f4a7bc5b836c82c6cf1f2ca5ac7e643,251,,,VALID,member_removal_voted,35982,34995,987,197.4,5,7,StorageAttribution,2,2026-03-07T07:25:25.411466227Z,2026-03-07T07:25:27.697816392Z,{},0,"{""proposal"":816,""vote"":292}",1108,True,,6999,0,6924,,,approve,"x509::CN=Member1@irs1.kit.edu,OU=member+OU=admin,O=irs1.kit.edu,L=Karlsruhe,ST=Baden-Wuerttemberg,C=DE::CN=ca.irs1.kit.edu,O=irs1.kit.edu,L=Karlsruhe,ST=Baden-Wuerttemberg,C=DE",0,1,,,,"x509::CN=Member1@irs3.kit.edu,OU=member+OU=admin,O=irs3.kit.edu,L=Karlsruhe,ST=Baden-Wuerttemberg,C=DE::CN=ca.irs3.kit.edu,O=irs3.kit.edu,L=Karlsruhe,ST=Baden-Wuerttemberg,C=DE",
run_001,removal,operation_id,d10f538379e9a40b39e1a789f7fc20d9c13b8b2956e0274461b9cce435b0e296,2,tx_submit_started,VoteOnRemoveMember,2026-03-07T07:25:27.968214858Z,irs3-member1,remove-irs3-member1-1772868323,irs3,remove-irs3-member1-1772868323,2026-03-07T07:25:27.968275098Z,removal,,,,,,,,,,,,,,,,,,,,,,,,,,,,,,,,,,,,
run_001,removal,operation_id,d10f538379e9a40b39e1a789f7fc20d9c13b8b2956e0274461b9cce435b0e296,2,tx_submitted,VoteOnRemoveMember,2026-03-07T07:25:27.968214858Z,irs3-member1,remove-irs3-member1-1772868323,irs3,remove-irs3-member1-1772868323,2026-03-07T07:25:28.027114491Z,removal,27ef672e78a5386f41e7d5a4ac8fcced6c95cf997dc4bb431f9ec4bd8c8f53f7,,,,,,,,,,,,,,,,,,,,,,,,,,,,,,,,,,,
run_001,removal,operation_id,d10f538379e9a40b39e1a789f7fc20d9c13b8b2956e0274461b9cce435b0e296,2,tx_failed,VoteOnRemoveMember,,irs3-member1,remove-irs3-member1-1772868323,irs3,remove-irs3-member1-1772868323,2026-03-07T07:25:30.168297707Z,removal,27ef672e78a5386f41e7d5a4ac8fcced6c95cf997dc4bb431f9ec4bd8c8f53f7,252,,,MVCC_READ_CONFLICT,,,,,,,,,,,,,,,,,,,,,transaction 27ef672e78a5386f41e7d5a4ac8fcced6c95cf997dc4bb431f9ec4bd8c8f53f7 failed with status MVCC_READ_CONFLICT (11) in block 252,validation,,,,,,,,,
run_001,removal,operation_id,,,cc_event_observed,,,irs3-member1,remove-irs3-member1-1772868323,irs3,remove-irs3-member1-1772868323,2026-03-07T07:25:30.180088807Z,removal,696f101105e5c848feaa918981610ee7899637ef4214a885004bdc956f5cadda,252,,,VALID,member_removal_voted,29699,28715,984,246,4,7,MemberRemovalVoted,2,2026-03-07T07:25:27.939491716Z,2026-03-07T07:25:30.168326133Z,{},0,"{""proposal"":995,""vote"":292}",1287,True,,7180,0,7105,,,approve,"x509::CN=Member1@irs4.kit.edu,OU=member+OU=admin,O=irs4.kit.edu,L=Karlsruhe,ST=Baden-Wuerttemberg,C=DE::CN=ca.irs4.kit.edu,O=irs4.kit.edu,L=Karlsruhe,ST=Baden-Wuerttemberg,C=DE",0,2,,,,"x509::CN=Member1@irs3.kit.edu,OU=member+OU=admin,O=irs3.kit.edu,L=Karlsruhe,ST=Baden-Wuerttemberg,C=DE::CN=ca.irs3.kit.edu,O=irs3.kit.edu,L=Karlsruhe,ST=Baden-Wuerttemberg,C=DE",
run_001,removal,operation_id,,,cc_event_observed,,,irs3-member1,remove-irs3-member1-1772868323,irs3,remove-irs3-member1-1772868323,2026-03-07T07:25:30.180312789Z,removal,696f101105e5c848feaa918981610ee7899637ef4214a885004bdc956f5cadda,252,,,VALID,member_removal_voted,29699,28715,984,246,4,7,StorageAttribution,2,2026-03-07T07:25:27.939491716Z,2026-03-07T07:25:30.168326133Z,{},0,"{""proposal"":995,""vote"":292}",1287,True,,7180,0,7105,,,approve,"x509::CN=Member1@irs4.kit.edu,OU=member+OU=admin,O=irs4.kit.edu,L=Karlsruhe,ST=Baden-Wuerttemberg,C=DE::CN=ca.irs4.kit.edu,O=irs4.kit.edu,L=Karlsruhe,ST=Baden-Wuerttemberg,C=DE",0,2,,,,"x509::CN=Member1@irs3.kit.edu,OU=member+OU=admin,O=irs3.kit.edu,L=Karlsruhe,ST=Baden-Wuerttemberg,C=DE::CN=ca.irs3.kit.edu,O=irs3.kit.edu,L=Karlsruhe,ST=Baden-Wuerttemberg,C=DE",
run_001,removal,operation_id,d10f538379e9a40b39e1a789f7fc20d9c13b8b2956e0274461b9cce435b0e296,3,tx_submit_started,VoteOnRemoveMember,2026-03-07T07:25:30.673226025Z,irs3-member1,remove-irs3-member1-1772868323,irs3,remove-irs3-member1-1772868323,2026-03-07T07:25:30.673307729Z,removal,,,,,,,,,,,,,,,,,,,,,,,,,,,,,,,,,,,,
run_001,removal,operation_id,d10f538379e9a40b39e1a789f7fc20d9c13b8b2956e0274461b9cce435b0e296,3,tx_submitted,VoteOnRemoveMember,2026-03-07T07:25:30.673226025Z,irs3-member1,remove-irs3-member1-1772868323,irs3,remove-irs3-member1-1772868323,2026-03-07T07:25:30.782833746Z,removal,468c850518e7d32aaba5ce3a2045ddd1a74253d200740f8a28ef80cbbb9b667d,,,,,,,,,,,,,,,,,,,,,,,,,,,,,,,,,,,
run_001,removal,operation_id,d10f538379e9a40b39e1a789f7fc20d9c13b8b2956e0274461b9cce435b0e296,3,tx_failed,VoteOnRemoveMember,,irs3-member1,remove-irs3-member1-1772868323,irs3,remove-irs3-member1-1772868323,2026-03-07T07:25:32.944771568Z,removal,468c850518e7d32aaba5ce3a2045ddd1a74253d200740f8a28ef80cbbb9b667d,253,,,MVCC_READ_CONFLICT,,,,,,,,,,,,,,,,,,,,,transaction 468c850518e7d32aaba5ce3a2045ddd1a74253d200740f8a28ef80cbbb9b667d failed with status MVCC_READ_CONFLICT (11) in block 253,validation,,,,,,,,,
run_001,removal,operation_id,,,cc_event_observed,,,irs3-member1,remove-irs3-member1-1772868323,irs3,remove-irs3-member1-1772868323,2026-03-07T07:25:32.957410762Z,removal,162b7224b3fbb8d2b843bea8754e85d4ceead327d3d6027e52fb6b691fd883db,253,,,VALID,member_removed,31749,30769,980,326.6666666666667,3,8,MemberRemoved,2,2026-03-07T07:25:30.645758749Z,2026-03-07T07:25:32.945178883Z,{},0,"{""ca_state"":1171}",1171,True,,10256,0,10180,,,,,,,,,,"x509::CN=Member1@irs3.kit.edu,OU=member+OU=admin,O=irs3.kit.edu,L=Karlsruhe,ST=Baden-Wuerttemberg,C=DE::CN=ca.irs3.kit.edu,O=irs3.kit.edu,L=Karlsruhe,ST=Baden-Wuerttemberg,C=DE",
run_001,removal,operation_id,,,cc_event_observed,,,irs3-member1,remove-irs3-member1-1772868323,irs3,remove-irs3-member1-1772868323,2026-03-07T07:25:32.957639114Z,removal,162b7224b3fbb8d2b843bea8754e85d4ceead327d3d6027e52fb6b691fd883db,253,,,VALID,member_removed,31749,30769,980,326.6666666666667,3,8,StorageAttribution,2,2026-03-07T07:25:30.645758749Z,2026-03-07T07:25:32.945178883Z,{},0,"{""ca_state"":1171}",1171,True,,10256,0,10180,,,,,,,,,,"x509::CN=Member1@irs3.kit.edu,OU=member+OU=admin,O=irs3.kit.edu,L=Karlsruhe,ST=Baden-Wuerttemberg,C=DE::CN=ca.irs3.kit.edu,O=irs3.kit.edu,L=Karlsruhe,ST=Baden-Wuerttemberg,C=DE",
run_001,removal,operation_id,d10f538379e9a40b39e1a789f7fc20d9c13b8b2956e0274461b9cce435b0e296,4,tx_submit_started,VoteOnRemoveMember,2026-03-07T07:25:33.858892319Z,irs3-member1,remove-irs3-member1-1772868323,irs3,remove-irs3-member1-1772868323,2026-03-07T07:25:33.858928653Z,removal,,,,,,,,,,,,,,,,,,,,,,,,,,,,,,,,,,,,
run_001,removal,operation_id,d10f538379e9a40b39e1a789f7fc20d9c13b8b2956e0274461b9cce435b0e296,4,tx_failed,VoteOnRemoveMember,,irs3-member1,remove-irs3-member1-1772868323,irs3,remove-irs3-member1-1772868323,2026-03-07T07:25:33.933685719Z,removal,4d53ae35a128d6e7496da085929d6154fa9e4f5c000ca381f4e5cdca60e373e7,,,,,,,,,,,,,,,,,,,,,,,,,"endorse error: rpc error: code = Aborted desc = failed to endorse transaction, see attached details for more info
Details:
  - Address: peer0.irs3.kit.edu:7051
    MspId: IRS3MSP
    Message: chaincode response 500, cannot vote on member removal proposal while reshare epoch 8 is initiated
  - Address: peer3.irs3.kit.edu:10051
    MspId: IRS3MSP
    Message: chaincode response 500, cannot vote on member removal proposal while reshare epoch 8 is initiated
  - Address: peer2.irs3.kit.edu:9051
    MspId: IRS3MSP
    Message: chaincode response 500, cannot vote on member removal proposal while reshare epoch 8 is initiated
  - Address: peer1.irs3.kit.edu:8051
    MspId: IRS3MSP
    Message: chaincode response 500, cannot vote on member removal proposal while reshare epoch 8 is initiated",endorse,,,,,,,,,
run_001,join,operation_id,af23ab8a402abf902a777ba03042d963c23a235b3ca182709711e8019a680f08,1,tx_submit_started,RequestJoinCA,2026-03-07T07:26:18.312115191Z,irs3-member1,join-irs3-1772868378,irs3,join-irs3-1772868378,2026-03-07T07:26:18.312138247Z,join,,,,,,,,,,,,,,,,,,,,,,,,,,,,,,,,,,,,
run_001,join,operation_id,af23ab8a402abf902a777ba03042d963c23a235b3ca182709711e8019a680f08,1,tx_submitted,RequestJoinCA,2026-03-07T07:26:18.312115191Z,irs3-member1,join-irs3-1772868378,irs3,join-irs3-1772868378,2026-03-07T07:26:18.391809029Z,join,7116b1ed1eb2e241595adc655dcf5b312f4913252ac360f1b697aef3e0fd5dbc,,,,,,,,,,,,,,,,,,,,,,,,,,,,,,,,,,,
run_001,join,operation_id,af23ab8a402abf902a777ba03042d963c23a235b3ca182709711e8019a680f08,1,tx_committed,RequestJoinCA,2026-03-07T07:26:18.312115191Z,irs3-member1,join-irs3-1772868378,irs3,join-irs3-1772868378,2026-03-07T07:26:20.52481634Z,join,7116b1ed1eb2e241595adc655dcf5b312f4913252ac360f1b697aef3e0fd5dbc,262,VALID,2026-03-07T07:26:20.52477334Z,VALID,,,,,,,,,,,,,,,,,,,,,,,,,,,,,,,
run_001,join,operation_id,,,cc_event_observed,,,irs3-member1,join-irs3-1772868378,irs3,join-irs3-1772868378,2026-03-07T07:26:20.537685306Z,join,7116b1ed1eb2e241595adc655dcf5b312f4913252ac360f1b697aef3e0fd5dbc,262,,,VALID,member_join_requested,7983,7013,970,970,1,8,MemberJoinRequested,2,2026-03-07T07:26:18.312360858Z,2026-03-07T07:26:20.524846469Z,{},0,"{""proposal"":1438}",1438,True,,7013,0,6937,,,,,,,,,,,
run_001,join,operation_id,,,cc_event_observed,,,irs3-member1,join-irs3-1772868378,irs3,join-irs3-1772868378,2026-03-07T07:26:20.537849602Z,join,7116b1ed1eb2e241595adc655dcf5b312f4913252ac360f1b697aef3e0fd5dbc,262,,,VALID,member_join_requested,7983,7013,970,970,1,8,StorageAttribution,2,2026-03-07T07:26:18.312360858Z,2026-03-07T07:26:20.524846469Z,{},0,"{""proposal"":1438}",1438,True,,7013,0,6937,,,,,,,,,,,
run_001,join,operation_id,,,cc_event_observed,,,irs3-member1,join-irs3-1772868378,irs3,join-irs3-1772868378,2026-03-07T07:26:23.058143131Z,join,d4829e776e120c915cf5a13ae30183bff9d9dd7c37be3b992e2139579a904065,263,,,VALID,member_join_voted,24176,23196,980,326.6666666666667,3,8,MemberJoinVoted,2,2026-03-07T07:26:20.794149304Z,2026-03-07T07:26:23.047588647Z,{},0,"{""proposal"":1616,""vote"":290}",1906,True,,7728,0,7653,,,approve,"x509::CN=Member1@irs4.kit.edu,OU=member+OU=admin,O=irs4.kit.edu,L=Karlsruhe,ST=Baden-Wuerttemberg,C=DE::CN=ca.irs4.kit.edu,O=irs4.kit.edu,L=Karlsruhe,ST=Baden-Wuerttemberg,C=DE",0,1,,,,,"x509::CN=Member1@irs3.kit.edu,OU=member+OU=admin,O=irs3.kit.edu,L=Karlsruhe,ST=Baden-Wuerttemberg,C=DE::CN=ca.irs3.kit.edu,O=irs3.kit.edu,L=Karlsruhe,ST=Baden-Wuerttemberg,C=DE"
run_001,join,operation_id,,,cc_event_observed,,,irs3-member1,join-irs3-1772868378,irs3,join-irs3-1772868378,2026-03-07T07:26:23.058454909Z,join,d4829e776e120c915cf5a13ae30183bff9d9dd7c37be3b992e2139579a904065,263,,,VALID,member_join_voted,24176,23196,980,326.6666666666667,3,8,StorageAttribution,2,2026-03-07T07:26:20.794149304Z,2026-03-07T07:26:23.047588647Z,{},0,"{""proposal"":1616,""vote"":290}",1906,True,,7728,0,7653,,,approve,"x509::CN=Member1@irs4.kit.edu,OU=member+OU=admin,O=irs4.kit.edu,L=Karlsruhe,ST=Baden-Wuerttemberg,C=DE::CN=ca.irs4.kit.edu,O=irs4.kit.edu,L=Karlsruhe,ST=Baden-Wuerttemberg,C=DE",0,1,,,,,"x509::CN=Member1@irs3.kit.edu,OU=member+OU=admin,O=irs3.kit.edu,L=Karlsruhe,ST=Baden-Wuerttemberg,C=DE::CN=ca.irs3.kit.edu,O=irs3.kit.edu,L=Karlsruhe,ST=Baden-Wuerttemberg,C=DE"
run_001,join,operation_id,,,cc_event_observed,,,irs3-member1,join-irs3-1772868378,irs3,join-irs3-1772868378,2026-03-07T07:26:25.503558488Z,join,201ff7736c136b575f299743dc1c5de8fcb6934eda201c998115d77b5c9e38ca,264,,,VALID,member_join_approved,34611,33632,979,326.3333333333333,3,9,MemberJoinApproved,2,2026-03-07T07:26:23.252498291Z,2026-03-07T07:26:25.488638559Z,{},0,"{""ca_state"":1347}",1347,True,,11207,0,11131,,,,,,,,,,,
run_001,join,operation_id,,,cc_event_observed,,,irs3-member1,join-irs3-1772868378,irs3,join-irs3-1772868378,2026-03-07T07:26:25.503832544Z,join,201ff7736c136b575f299743dc1c5de8fcb6934eda201c998115d77b5c9e38ca,264,,,VALID,member_join_approved,34611,33632,979,326.3333333333333,3,9,StorageAttribution,2,2026-03-07T07:26:23.252498291Z,2026-03-07T07:26:25.488638559Z,{},0,"{""ca_state"":1347}",1347,True,,11207,0,11131,,,,,,,,,,,
run_002,csr,operation_id,e428c4ea8cae5a5e5e5e09dddbaedaef632359a168819bad342fdedc51a74218,1,tx_submit_started,SubmitCSR,2026-03-07T07:27:21.412539069Z,irs3-member1,csr-irs3-1772868441,irs3,csr-irs3-1772868441,2026-03-07T07:27:21.412572328Z,csr,,,,,,,,,,,,,,,,,,,,,,,,,,,,,,,,,,,,
run_002,csr,operation_id,e428c4ea8cae5a5e5e5e09dddbaedaef632359a168819bad342fdedc51a74218,1,tx_submitted,SubmitCSR,2026-03-07T07:27:21.412539069Z,irs3-member1,csr-irs3-1772868441,irs3,csr-irs3-1772868441,2026-03-07T07:27:21.463435011Z,csr,2e423a432e79ac61ba77476500a83f6c6b0e70f4ea0340f68171cbd7031fa989,,,,,,,,,,,,,,,,,,,,,,,,,,,,,,,,,,,
run_002,csr,operation_id,e428c4ea8cae5a5e5e5e09dddbaedaef632359a168819bad342fdedc51a74218,1,tx_committed,SubmitCSR,2026-03-07T07:27:21.412539069Z,irs3-member1,csr-irs3-1772868441,irs3,csr-irs3-1772868441,2026-03-07T07:27:23.570146572Z,csr,2e423a432e79ac61ba77476500a83f6c6b0e70f4ea0340f68171cbd7031fa989,275,VALID,2026-03-07T07:27:23.57009935Z,VALID,,,,,,,,,,,,,,,,,,,,,,,,,,,,,,,
run_002,csr,operation_id,,,cc_event_observed,,,irs3-member1,csr-irs3-1772868441,irs3,csr-irs3-1772868441,2026-03-07T07:27:23.580660035Z,csr,2e423a432e79ac61ba77476500a83f6c6b0e70f4ea0340f68171cbd7031fa989,275,,,VALID,csr_submitted,8483,7513,970,970,1,9,CSRSubmitted,2,2026-03-07T07:27:21.412696273Z,2026-03-07T07:27:23.569898295Z,{},0,"{""proposal"":1713}",1713,True,"x509::CN=Member1@irs3.kit.edu,OU=member+OU=admin,O=irs3.kit.edu,L=Karlsruhe,ST=Baden-Wuerttemberg,C=DE::CN=ca.irs3.kit.edu,O=irs3.kit.edu,L=Karlsruhe,ST=Baden-Wuerttemberg,C=DE",7513,0,7437,,,,,,,,,,,
run_002,csr,operation_id,,,cc_event_observed,,,irs3-member1,csr-irs3-1772868441,irs3,csr-irs3-1772868441,2026-03-07T07:27:23.580818183Z,csr,2e423a432e79ac61ba77476500a83f6c6b0e70f4ea0340f68171cbd7031fa989,275,,,VALID,csr_submitted,8483,7513,970,970,1,9,StorageAttribution,2,2026-03-07T07:27:21.412696273Z,2026-03-07T07:27:23.569898295Z,{},0,"{""proposal"":1713}",1713,True,"x509::CN=Member1@irs3.kit.edu,OU=member+OU=admin,O=irs3.kit.edu,L=Karlsruhe,ST=Baden-Wuerttemberg,C=DE::CN=ca.irs3.kit.edu,O=irs3.kit.edu,L=Karlsruhe,ST=Baden-Wuerttemberg,C=DE",7513,0,7437,,,,,,,,,,,
run_002,csr,operation_id,666d895801143cf1a5ab6f6c31eb9f68ff7ebefc750d5f59b8f2e0aad2b2abba,1,tx_submit_started,VoteOnCSR,2026-03-07T07:27:25.99164093Z,irs3-member1,csr-irs3-1772868441,irs3,csr-irs3-1772868441,2026-03-07T07:27:25.991664375Z,csr,,,,,,,,,,,,,,,,,,,,,,,,,,,,,,,,,,,,
run_002,csr,operation_id,,,cc_event_observed,,,irs3-member1,csr-irs3-1772868441,irs3,csr-irs3-1772868441,2026-03-07T07:27:26.063228129Z,csr,eed869d26907f84b2e59f06d682960b10bb3e540cb009d55b9727bd6e052e236,276,,,VALID,csr_voted,24322,23343,979,326.3333333333333,3,9,CSRVoted,2,2026-03-07T07:27:23.786556812Z,2026-03-07T07:27:26.049657889Z,{},0,"{""proposal"":1891,""vote"":290}",2181,True,"x509::CN=Member1@irs3.kit.edu,OU=member+OU=admin,O=irs3.kit.edu,L=Karlsruhe,ST=Baden-Wuerttemberg,C=DE::CN=ca.irs3.kit.edu,O=irs3.kit.edu,L=Karlsruhe,ST=Baden-Wuerttemberg,C=DE",7779,0,7704,,,approve,"x509::CN=Member1@irs4.kit.edu,OU=member+OU=admin,O=irs4.kit.edu,L=Karlsruhe,ST=Baden-Wuerttemberg,C=DE::CN=ca.irs4.kit.edu,O=irs4.kit.edu,L=Karlsruhe,ST=Baden-Wuerttemberg,C=DE",0,1,,,,,
run_002,csr,operation_id,,,cc_event_observed,,,irs3-member1,csr-irs3-1772868441,irs3,csr-irs3-1772868441,2026-03-07T07:27:26.06344287Z,csr,eed869d26907f84b2e59f06d682960b10bb3e540cb009d55b9727bd6e052e236,276,,,VALID,csr_voted,24322,23343,979,326.3333333333333,3,9,StorageAttribution,2,2026-03-07T07:27:23.786556812Z,2026-03-07T07:27:26.049657889Z,{},0,"{""proposal"":1891,""vote"":290}",2181,True,"x509::CN=Member1@irs3.kit.edu,OU=member+OU=admin,O=irs3.kit.edu,L=Karlsruhe,ST=Baden-Wuerttemberg,C=DE::CN=ca.irs3.kit.edu,O=irs3.kit.edu,L=Karlsruhe,ST=Baden-Wuerttemberg,C=DE",7779,0,7704,,,approve,"x509::CN=Member1@irs4.kit.edu,OU=member+OU=admin,O=irs4.kit.edu,L=Karlsruhe,ST=Baden-Wuerttemberg,C=DE::CN=ca.irs4.kit.edu,O=irs4.kit.edu,L=Karlsruhe,ST=Baden-Wuerttemberg,C=DE",0,1,,,,,
run_002,csr,operation_id,666d895801143cf1a5ab6f6c31eb9f68ff7ebefc750d5f59b8f2e0aad2b2abba,1,tx_submitted,VoteOnCSR,2026-03-07T07:27:25.99164093Z,irs3-member1,csr-irs3-1772868441,irs3,csr-irs3-1772868441,2026-03-07T07:27:26.098229608Z,csr,bb0463d2bc821411f286b1e0fe15dbe3903d0da2c774ab2cd1b7612c97c6491a,,,,,,,,,,,,,,,,,,,,,,,,,,,,,,,,,,,
run_002,csr,operation_id,666d895801143cf1a5ab6f6c31eb9f68ff7ebefc750d5f59b8f2e0aad2b2abba,1,tx_committed,VoteOnCSR,2026-03-07T07:27:25.99164093Z,irs3-member1,csr-irs3-1772868441,irs3,csr-irs3-1772868441,2026-03-07T07:27:28.303766587Z,csr,bb0463d2bc821411f286b1e0fe15dbe3903d0da2c774ab2cd1b7612c97c6491a,277,VALID,2026-03-07T07:27:28.303704457Z,VALID,,,,,,,,,,,,,,,,,,,,,,,,,,,,,,,
run_002,csr,operation_id,,,cc_event_observed,,,irs3-member1,csr-irs3-1772868441,irs3,csr-irs3-1772868441,2026-03-07T07:27:28.338995288Z,csr,bb0463d2bc821411f286b1e0fe15dbe3903d0da2c774ab2cd1b7612c97c6491a,277,,,VALID,csr_voted,32818,31835,983,245.75,4,9,CSRVoted,2,2026-03-07T07:27:25.991833615Z,2026-03-07T07:27:28.299423847Z,{},0,"{""proposal"":2070,""vote"":290}",2360,True,"x509::CN=Member1@irs3.kit.edu,OU=member+OU=admin,O=irs3.kit.edu,L=Karlsruhe,ST=Baden-Wuerttemberg,C=DE::CN=ca.irs3.kit.edu,O=irs3.kit.edu,L=Karlsruhe,ST=Baden-Wuerttemberg,C=DE",7954,0,7878,,,approve,"x509::CN=Member1@irs3.kit.edu,OU=member+OU=admin,O=irs3.kit.edu,L=Karlsruhe,ST=Baden-Wuerttemberg,C=DE::CN=ca.irs3.kit.edu,O=irs3.kit.edu,L=Karlsruhe,ST=Baden-Wuerttemberg,C=DE",0,2,,,,,
run_002,csr,operation_id,,,cc_event_observed,,,irs3-member1,csr-irs3-1772868441,irs3,csr-irs3-1772868441,2026-03-07T07:27:28.339163177Z,csr,bb0463d2bc821411f286b1e0fe15dbe3903d0da2c774ab2cd1b7612c97c6491a,277,,,VALID,csr_voted,32818,31835,983,245.75,4,9,StorageAttribution,2,2026-03-07T07:27:25.991833615Z,2026-03-07T07:27:28.299423847Z,{},0,"{""proposal"":2070,""vote"":290}",2360,True,"x509::CN=Member1@irs3.kit.edu,OU=member+OU=admin,O=irs3.kit.edu,L=Karlsruhe,ST=Baden-Wuerttemberg,C=DE::CN=ca.irs3.kit.edu,O=irs3.kit.edu,L=Karlsruhe,ST=Baden-Wuerttemberg,C=DE",7954,0,7878,,,approve,"x509::CN=Member1@irs3.kit.edu,OU=member+OU=admin,O=irs3.kit.edu,L=Karlsruhe,ST=Baden-Wuerttemberg,C=DE::CN=ca.irs3.kit.edu,O=irs3.kit.edu,L=Karlsruhe,ST=Baden-Wuerttemberg,C=DE",0,2,,,,,
run_002,csr,operation_id,,,cc_event_observed,,,irs3-member1,csr-irs3-1772868441,irs3,csr-irs3-1772868441,2026-03-07T07:27:30.684260867Z,csr,0587f5771c5f350fe901eafab46352e194c591f60bc472eca3d77d818bf161b1,278,,,VALID,signing_initiated,24549,23569,980,326.6666666666667,3,,SigningInitiated,2,2026-03-07T07:27:28.497772072Z,2026-03-07T07:27:30.671995331Z,,,,,True,,7857,0,7781,,,,,,,,,,,
run_002,csr,operation_id,,,cc_event_observed,,,irs3-member1,csr-irs3-1772868441,irs3,csr-irs3-1772868441,2026-03-07T07:27:34.095779437Z,csr,1cb294dee396fdeacb83c0f8b18a3c110ce5460d9b08c24e4e403b8bd38e035b,279,,,VALID,signing_initiated,17064,16089,975,487.5,2,,SigningInitiated,2,2026-03-07T07:27:31.787129053Z,2026-03-07T07:27:34.06386494Z,,,,,True,,8046,0,7971,,,,,,,,,,,
run_002,csr,operation_id,29a88e5db2eddbe34b091570a5c17b68e264b299ec6e6f19cb75cb14eeb1c3b6,1,tx_submit_started,SubmitPartialSignature,2026-03-07T07:27:38.405736627Z,irs3-member1,csr-irs3-1772868441,irs3,csr-irs3-1772868441,2026-03-07T07:27:38.405762905Z,csr,,,,,,,,,,,,,,,,,,,,,,,,,,,,,,,,,,,,
run_002,csr,operation_id,,,cc_event_observed,,,irs3-member1,csr-irs3-1772868441,irs3,csr-irs3-1772868441,2026-03-07T07:27:38.468885472Z,csr,8e540605cb6d2154c10ab7cd06ae938039f4e72ddec3350b26564b96d5635828,280,,,VALID,signing_initiated,9182,8212,970,970,1,,SigningInitiated,2,2026-03-07T07:27:36.247550582Z,2026-03-07T07:27:38.448489363Z,,,,,True,,8212,0,8136,,,,,,,,,,,
run_002,csr,operation_id,29a88e5db2eddbe34b091570a5c17b68e264b299ec6e6f19cb75cb14eeb1c3b6,1,tx_submitted,SubmitPartialSignature,2026-03-07T07:27:38.405736627Z,irs3-member1,csr-irs3-1772868441,irs3,csr-irs3-1772868441,2026-03-07T07:27:38.505160487Z,csr,a69916df000faaffe3f760de1db012a879a780b565bff454bc69e7065d7e9918,,,,,,,,,,,,,,,,,,,,,,,,,,,,,,,,,,,
run_002,csr,operation_id,29a88e5db2eddbe34b091570a5c17b68e264b299ec6e6f19cb75cb14eeb1c3b6,1,tx_committed,SubmitPartialSignature,2026-03-07T07:27:38.405736627Z,irs3-member1,csr-irs3-1772868441,irs3,csr-irs3-1772868441,2026-03-07T07:27:40.666092648Z,csr,a69916df000faaffe3f760de1db012a879a780b565bff454bc69e7065d7e9918,281,VALID,2026-03-07T07:27:40.666045241Z,VALID,,,,,,,,,,,,,,,,,,,,,,,,,,,,,,,
run_002,csr,operation_id,,,cc_event_observed,,,irs3-member1,csr-irs3-1772868441,irs3,csr-irs3-1772868441,2026-03-07T07:27:43.07190417Z,csr,15368205878239e4705f94bd1f6ab5bfa3ed9d2bc7afc85b40824bb5c9fe61e9,282,,,VALID,threshold_reached,26314,25331,983,245.75,4,,ThresholdReached,2,2026-03-07T07:27:40.848426721Z,2026-03-07T07:27:43.060490746Z,,,,,True,,6339,0,6263,,,,,,,,,,,
run_002,csr,operation_id,d2419d2e61db6580119c8e9ee3a7695004bfb6583bb4c62b9ae0c84377ab3973,1,tx_submit_started,RegisterCombinedCertificateWithSignature,2026-03-07T07:27:44.629431415Z,irs3-member1,csr-irs3-1772868441,irs3,csr-irs3-1772868441,2026-03-07T07:27:44.629478581Z,csr,,,,,,,,,,,,,,,,,,,,,,,,,,,,,,,,,,,,
run_002,csr,operation_id,d2419d2e61db6580119c8e9ee3a7695004bfb6583bb4c62b9ae0c84377ab3973,1,tx_submitted,RegisterCombinedCertificateWithSignature,2026-03-07T07:27:44.629431415Z,irs3-member1,csr-irs3-1772868441,irs3,csr-irs3-1772868441,2026-03-07T07:27:44.700211202Z,csr,10b42d1b32628ab0b15bb12c88266787d450827f184aa2ba4107f08c7cc3277c,,,,,,,,,,,,,,,,,,,,,,,,,,,,,,,,,,,
run_002,csr,operation_id,d2419d2e61db6580119c8e9ee3a7695004bfb6583bb4c62b9ae0c84377ab3973,1,tx_committed,RegisterCombinedCertificateWithSignature,2026-03-07T07:27:44.629431415Z,irs3-member1,csr-irs3-1772868441,irs3,csr-irs3-1772868441,2026-03-07T07:27:46.85018343Z,csr,10b42d1b32628ab0b15bb12c88266787d450827f184aa2ba4107f08c7cc3277c,283,VALID,2026-03-07T07:27:46.850036208Z,VALID,,,,,,,,,,,,,,,,,,,,,,,,,,,,,,,
run_002,csr,operation_id,,,cc_event_observed,,,irs3-member1,csr-irs3-1772868441,irs3,csr-irs3-1772868441,2026-03-07T07:27:46.862703447Z,csr,10b42d1b32628ab0b15bb12c88266787d450827f184aa2ba4107f08c7cc3277c,283,,,VALID,certificate_registered,26730,25754,976,488,2,9,CertificateRegistered,2,2026-03-07T07:27:44.629624952Z,2026-03-07T07:27:46.849864393Z,{},0,"{""active_index"":19,""certificate"":1776,""merkle_state"":1516,""proposal"":2609}",5920,True,,12876,0,12801,,,,,,,31db81f6a2f0ce14d570c8f6eeb7a09731573bbbc3a1476d0901b9c964e52907,"x509::CN=Member1@irs3.kit.edu,OU=member+OU=admin,O=irs3.kit.edu,L=Karlsruhe,ST=Baden-Wuerttemberg,C=DE::CN=ca.irs3.kit.edu,O=irs3.kit.edu,L=Karlsruhe,ST=Baden-Wuerttemberg,C=DE",,,
run_002,csr,operation_id,,,cc_event_observed,,,irs3-member1,csr-irs3-1772868441,irs3,csr-irs3-1772868441,2026-03-07T07:27:46.86293241Z,csr,10b42d1b32628ab0b15bb12c88266787d450827f184aa2ba4107f08c7cc3277c,283,,,VALID,certificate_registered,26730,25754,976,488,2,9,StorageAttribution,2,2026-03-07T07:27:44.629624952Z,2026-03-07T07:27:46.849864393Z,{},0,"{""active_index"":19,""certificate"":1776,""merkle_state"":1516,""proposal"":2609}",5920,True,,12876,0,12801,,,,,,,31db81f6a2f0ce14d570c8f6eeb7a09731573bbbc3a1476d0901b9c964e52907,"x509::CN=Member1@irs3.kit.edu,OU=member+OU=admin,O=irs3.kit.edu,L=Karlsruhe,ST=Baden-Wuerttemberg,C=DE::CN=ca.irs3.kit.edu,O=irs3.kit.edu,L=Karlsruhe,ST=Baden-Wuerttemberg,C=DE",,,
run_002,revocation,operation_id,245b8174b108ea83358436f16dba1b26b7c86711991a5d7ce976b5b6a31b3311,1,tx_submit_started,ProposeRevocation,2026-03-07T07:27:58.697543972Z,irs3-member1,revoke-irs3-1772868478,irs3,revoke-irs3-1772868478,2026-03-07T07:27:58.697623842Z,revocation,,,,,,,,,,,,,,,,,,,,,,,,,,,,,,,,,,,,
run_002,revocation,operation_id,245b8174b108ea83358436f16dba1b26b7c86711991a5d7ce976b5b6a31b3311,1,tx_submitted,ProposeRevocation,2026-03-07T07:27:58.697543972Z,irs3-member1,revoke-irs3-1772868478,irs3,revoke-irs3-1772868478,2026-03-07T07:27:58.744951556Z,revocation,19b903117d9da5fc2e095623ad8662692d4550d619e31c01c437be36bf17ec88,,,,,,,,,,,,,,,,,,,,,,,,,,,,,,,,,,,
run_002,revocation,operation_id,245b8174b108ea83358436f16dba1b26b7c86711991a5d7ce976b5b6a31b3311,1,tx_committed,ProposeRevocation,2026-03-07T07:27:58.697543972Z,irs3-member1,revoke-irs3-1772868478,irs3,revoke-irs3-1772868478,2026-03-07T07:28:00.868731732Z,revocation,19b903117d9da5fc2e095623ad8662692d4550d619e31c01c437be36bf17ec88,285,VALID,2026-03-07T07:28:00.868658287Z,VALID,,,,,,,,,,,,,,,,,,,,,,,,,,,,,,,
run_002,revocation,operation_id,,,cc_event_observed,,,irs3-member1,revoke-irs3-1772868478,irs3,revoke-irs3-1772868478,2026-03-07T07:28:00.880270618Z,revocation,19b903117d9da5fc2e095623ad8662692d4550d619e31c01c437be36bf17ec88,285,,,VALID,revocation_proposed,7128,6157,971,971,1,9,RevocationProposed,2,2026-03-07T07:27:58.697812491Z,2026-03-07T07:28:00.868776139Z,{},0,"{""proposal"":607}",607,True,,6157,0,6081,,,,,,,,"x509::CN=Member1@irs3.kit.edu,OU=member+OU=admin,O=irs3.kit.edu,L=Karlsruhe,ST=Baden-Wuerttemberg,C=DE::CN=ca.irs3.kit.edu,O=irs3.kit.edu,L=Karlsruhe,ST=Baden-Wuerttemberg,C=DE",benchmark,,
run_002,revocation,operation_id,,,cc_event_observed,,,irs3-member1,revoke-irs3-1772868478,irs3,revoke-irs3-1772868478,2026-03-07T07:28:00.880446044Z,revocation,19b903117d9da5fc2e095623ad8662692d4550d619e31c01c437be36bf17ec88,285,,,VALID,revocation_proposed,7128,6157,971,971,1,9,StorageAttribution,2,2026-03-07T07:27:58.697812491Z,2026-03-07T07:28:00.868776139Z,{},0,"{""proposal"":607}",607,True,,6157,0,6081,,,,,,,,"x509::CN=Member1@irs3.kit.edu,OU=member+OU=admin,O=irs3.kit.edu,L=Karlsruhe,ST=Baden-Wuerttemberg,C=DE::CN=ca.irs3.kit.edu,O=irs3.kit.edu,L=Karlsruhe,ST=Baden-Wuerttemberg,C=DE",benchmark,,
run_002,revocation,operation_id,b7abfa7924b870b5787a2b309117a7dac2959cee4cac15507d0168316bd0bdcf,1,tx_submit_started,VoteOnRevocation,2026-03-07T07:28:02.017237724Z,irs3-member1,revoke-irs3-1772868478,irs3,revoke-irs3-1772868478,2026-03-07T07:28:02.017259094Z,revocation,,,,,,,,,,,,,,,,,,,,,,,,,,,,,,,,,,,,
run_002,revocation,operation_id,b7abfa7924b870b5787a2b309117a7dac2959cee4cac15507d0168316bd0bdcf,1,tx_submitted,VoteOnRevocation,2026-03-07T07:28:02.017237724Z,irs3-member1,revoke-irs3-1772868478,irs3,revoke-irs3-1772868478,2026-03-07T07:28:02.067251067Z,revocation,99166be395650966c41fcc31d5d8e33a3cb81d2a7fcf1f433affb30d50cfe6d4,,,,,,,,,,,,,,,,,,,,,,,,,,,,,,,,,,,
run_002,revocation,operation_id,b7abfa7924b870b5787a2b309117a7dac2959cee4cac15507d0168316bd0bdcf,1,tx_failed,VoteOnRevocation,,irs3-member1,revoke-irs3-1772868478,irs3,revoke-irs3-1772868478,2026-03-07T07:28:03.617019682Z,revocation,99166be395650966c41fcc31d5d8e33a3cb81d2a7fcf1f433affb30d50cfe6d4,286,,,MVCC_READ_CONFLICT,,,,,,,,,,,,,,,,,,,,,transaction 99166be395650966c41fcc31d5d8e33a3cb81d2a7fcf1f433affb30d50cfe6d4 failed with status MVCC_READ_CONFLICT (11) in block 286,validation,,,,,,,,,
run_002,revocation,operation_id,,,cc_event_observed,,,irs3-member1,revoke-irs3-1772868478,irs3,revoke-irs3-1772868478,2026-03-07T07:28:03.633706846Z,revocation,a7b48f74014f11318a8c4cd30149dd0c0254b7ecf89044080331023ee7a58507,286,,,VALID,revocation_voted,34559,33572,987,197.4,5,9,RevocationVoted,2,2026-03-07T07:28:01.39696314Z,2026-03-07T07:28:03.617731312Z,{},0,"{""proposal"":785,""vote"":291}",1076,True,,6713,0,6638,,,approve,"x509::CN=Member1@irs1.kit.edu,OU=member+OU=admin,O=irs1.kit.edu,L=Karlsruhe,ST=Baden-Wuerttemberg,C=DE::CN=ca.irs1.kit.edu,O=irs1.kit.edu,L=Karlsruhe,ST=Baden-Wuerttemberg,C=DE",0,1,,"x509::CN=Member1@irs3.kit.edu,OU=member+OU=admin,O=irs3.kit.edu,L=Karlsruhe,ST=Baden-Wuerttemberg,C=DE::CN=ca.irs3.kit.edu,O=irs3.kit.edu,L=Karlsruhe,ST=Baden-Wuerttemberg,C=DE",,,
run_002,revocation,operation_id,,,cc_event_observed,,,irs3-member1,revoke-irs3-1772868478,irs3,revoke-irs3-1772868478,2026-03-07T07:28:03.633864994Z,revocation,a7b48f74014f11318a8c4cd30149dd0c0254b7ecf89044080331023ee7a58507,286,,,VALID,revocation_voted,34559,33572,987,197.4,5,9,StorageAttribution,2,2026-03-07T07:28:01.39696314Z,2026-03-07T07:28:03.617731312Z,{},0,"{""proposal"":785,""vote"":291}",1076,True,,6713,0,6638,,,approve,"x509::CN=Member1@irs1.kit.edu,OU=member+OU=admin,O=irs1.kit.edu,L=Karlsruhe,ST=Baden-Wuerttemberg,C=DE::CN=ca.irs1.kit.edu,O=irs1.kit.edu,L=Karlsruhe,ST=Baden-Wuerttemberg,C=DE",0,1,,"x509::CN=Member1@irs3.kit.edu,OU=member+OU=admin,O=irs3.kit.edu,L=Karlsruhe,ST=Baden-Wuerttemberg,C=DE::CN=ca.irs3.kit.edu,O=irs3.kit.edu,L=Karlsruhe,ST=Baden-Wuerttemberg,C=DE",,,
run_002,revocation,operation_id,b7abfa7924b870b5787a2b309117a7dac2959cee4cac15507d0168316bd0bdcf,2,tx_submit_started,VoteOnRevocation,2026-03-07T07:28:03.906169072Z,irs3-member1,revoke-irs3-1772868478,irs3,revoke-irs3-1772868478,2026-03-07T07:28:03.906211572Z,revocation,,,,,,,,,,,,,,,,,,,,,,,,,,,,,,,,,,,,
run_002,revocation,operation_id,b7abfa7924b870b5787a2b309117a7dac2959cee4cac15507d0168316bd0bdcf,2,tx_submitted,VoteOnRevocation,2026-03-07T07:28:03.906169072Z,irs3-member1,revoke-irs3-1772868478,irs3,revoke-irs3-1772868478,2026-03-07T07:28:03.952977507Z,revocation,512bf61dc3defb580fd54e23325f3a3cf90331e10cec89115834752c7f4427f6,,,,,,,,,,,,,,,,,,,,,,,,,,,,,,,,,,,
run_002,revocation,operation_id,b7abfa7924b870b5787a2b309117a7dac2959cee4cac15507d0168316bd0bdcf,2,tx_failed,VoteOnRevocation,,irs3-member1,revoke-irs3-1772868478,irs3,revoke-irs3-1772868478,2026-03-07T07:28:06.130869473Z,revocation,512bf61dc3defb580fd54e23325f3a3cf90331e10cec89115834752c7f4427f6,287,,,MVCC_READ_CONFLICT,,,,,,,,,,,,,,,,,,,,,transaction 512bf61dc3defb580fd54e23325f3a3cf90331e10cec89115834752c7f4427f6 failed with status MVCC_READ_CONFLICT (11) in block 287,validation,,,,,,,,,
run_002,revocation,operation_id,,,cc_event_observed,,,irs3-member1,revoke-irs3-1772868478,irs3,revoke-irs3-1772868478,2026-03-07T07:28:06.143604174Z,revocation,e6a0134afd0529cdf05cf1dc913b5bc4cfed5b87d1c3c774573bc31613fb2fc3,287,,,VALID,revocation_voted,28564,27581,983,245.75,4,9,RevocationVoted,2,2026-03-07T07:28:03.868928697Z,2026-03-07T07:28:06.131396565Z,{},0,"{""proposal"":964,""vote"":292}",1256,True,,6895,0,6820,,,approve,"x509::CN=Member1@irs2.kit.edu,OU=member+OU=admin,O=irs2.kit.edu,L=Karlsruhe,ST=Baden-Wuerttemberg,C=DE::CN=ca.irs2.kit.edu,O=irs2.kit.edu,L=Karlsruhe,ST=Baden-Wuerttemberg,C=DE",0,2,,"x509::CN=Member1@irs3.kit.edu,OU=member+OU=admin,O=irs3.kit.edu,L=Karlsruhe,ST=Baden-Wuerttemberg,C=DE::CN=ca.irs3.kit.edu,O=irs3.kit.edu,L=Karlsruhe,ST=Baden-Wuerttemberg,C=DE",,,
run_002,revocation,operation_id,,,cc_event_observed,,,irs3-member1,revoke-irs3-1772868478,irs3,revoke-irs3-1772868478,2026-03-07T07:28:06.143813396Z,revocation,e6a0134afd0529cdf05cf1dc913b5bc4cfed5b87d1c3c774573bc31613fb2fc3,287,,,VALID,revocation_voted,28564,27581,983,245.75,4,9,StorageAttribution,2,2026-03-07T07:28:03.868928697Z,2026-03-07T07:28:06.131396565Z,{},0,"{""proposal"":964,""vote"":292}",1256,True,,6895,0,6820,,,approve,"x509::CN=Member1@irs2.kit.edu,OU=member+OU=admin,O=irs2.kit.edu,L=Karlsruhe,ST=Baden-Wuerttemberg,C=DE::CN=ca.irs2.kit.edu,O=irs2.kit.edu,L=Karlsruhe,ST=Baden-Wuerttemberg,C=DE",0,2,,"x509::CN=Member1@irs3.kit.edu,OU=member+OU=admin,O=irs3.kit.edu,L=Karlsruhe,ST=Baden-Wuerttemberg,C=DE::CN=ca.irs3.kit.edu,O=irs3.kit.edu,L=Karlsruhe,ST=Baden-Wuerttemberg,C=DE",,,
run_002,revocation,operation_id,b7abfa7924b870b5787a2b309117a7dac2959cee4cac15507d0168316bd0bdcf,3,tx_submit_started,VoteOnRevocation,2026-03-07T07:28:06.598200898Z,irs3-member1,revoke-irs3-1772868478,irs3,revoke-irs3-1772868478,2026-03-07T07:28:06.598523546Z,revocation,,,,,,,,,,,,,,,,,,,,,,,,,,,,,,,,,,,,
run_002,revocation,operation_id,b7abfa7924b870b5787a2b309117a7dac2959cee4cac15507d0168316bd0bdcf,3,tx_submitted,VoteOnRevocation,2026-03-07T07:28:06.598200898Z,irs3-member1,revoke-irs3-1772868478,irs3,revoke-irs3-1772868478,2026-03-07T07:28:06.688498232Z,revocation,ea59fc7ec17bd1b15450d23f0f8071b0904bc97a62e1ecb49f5b9d5cb1c4d48d,,,,,,,,,,,,,,,,,,,,,,,,,,,,,,,,,,,
run_002,revocation,operation_id,b7abfa7924b870b5787a2b309117a7dac2959cee4cac15507d0168316bd0bdcf,3,tx_failed,VoteOnRevocation,,irs3-member1,revoke-irs3-1772868478,irs3,revoke-irs3-1772868478,2026-03-07T07:28:08.894844342Z,revocation,ea59fc7ec17bd1b15450d23f0f8071b0904bc97a62e1ecb49f5b9d5cb1c4d48d,288,,,MVCC_READ_CONFLICT,,,,,,,,,,,,,,,,,,,,,transaction ea59fc7ec17bd1b15450d23f0f8071b0904bc97a62e1ecb49f5b9d5cb1c4d48d failed with status MVCC_READ_CONFLICT (11) in block 288,validation,,,,,,,,,
run_002,revocation,operation_id,,,cc_event_observed,,,irs3-member1,revoke-irs3-1772868478,irs3,revoke-irs3-1772868478,2026-03-07T07:28:08.908271654Z,revocation,0a4724adf83e6f03c3290d1f9934e6cad14bbc81fbf90ccbdce8290117665128,288,,,VALID,certificate_revoked,33178,32199,979,326.3333333333333,3,9,NodeRevoked,2,2026-03-07T07:28:06.56893123Z,2026-03-07T07:28:08.89486186Z,"{""active_index"":19}",19,"{""certificate"":1803,""merkle_state"":1586}",3389,True,,10732,0,10656,,,,,,,,"x509::CN=Member1@irs3.kit.edu,OU=member+OU=admin,O=irs3.kit.edu,L=Karlsruhe,ST=Baden-Wuerttemberg,C=DE::CN=ca.irs3.kit.edu,O=irs3.kit.edu,L=Karlsruhe,ST=Baden-Wuerttemberg,C=DE",benchmark,,
run_002,revocation,operation_id,,,cc_event_observed,,,irs3-member1,revoke-irs3-1772868478,irs3,revoke-irs3-1772868478,2026-03-07T07:28:08.90848858Z,revocation,0a4724adf83e6f03c3290d1f9934e6cad14bbc81fbf90ccbdce8290117665128,288,,,VALID,certificate_revoked,33178,32199,979,326.3333333333333,3,9,StorageAttribution,2,2026-03-07T07:28:06.56893123Z,2026-03-07T07:28:08.89486186Z,"{""active_index"":19}",19,"{""certificate"":1803,""merkle_state"":1586}",3389,True,,10732,0,10656,,,,,,,,"x509::CN=Member1@irs3.kit.edu,OU=member+OU=admin,O=irs3.kit.edu,L=Karlsruhe,ST=Baden-Wuerttemberg,C=DE::CN=ca.irs3.kit.edu,O=irs3.kit.edu,L=Karlsruhe,ST=Baden-Wuerttemberg,C=DE",benchmark,,
run_002,revocation,operation_id,b7abfa7924b870b5787a2b309117a7dac2959cee4cac15507d0168316bd0bdcf,4,tx_submit_started,VoteOnRevocation,2026-03-07T07:28:09.758173941Z,irs3-member1,revoke-irs3-1772868478,irs3,revoke-irs3-1772868478,2026-03-07T07:28:09.758233015Z,revocation,,,,,,,,,,,,,,,,,,,,,,,,,,,,,,,,,,,,
run_002,revocation,operation_id,b7abfa7924b870b5787a2b309117a7dac2959cee4cac15507d0168316bd0bdcf,4,tx_failed,VoteOnRevocation,,irs3-member1,revoke-irs3-1772868478,irs3,revoke-irs3-1772868478,2026-03-07T07:28:09.856370884Z,revocation,10e4a4e59496604c583d65e65cd42f1f2f71f074a5a61a0cc03d2144946ef6f4,,,,,,,,,,,,,,,,,,,,,,,,,"endorse error: rpc error: code = Aborted desc = failed to endorse transaction, see attached details for more info
Details:
  - Address: peer0.irs3.kit.edu:7051
    MspId: IRS3MSP
    Message: chaincode response 500, no active certificate for member
  - Address: peer1.irs3.kit.edu:8051
    MspId: IRS3MSP
    Message: chaincode response 500, no active certificate for member
  - Address: peer3.irs3.kit.edu:10051
    MspId: IRS3MSP
    Message: chaincode response 500, no active certificate for member
  - Address: peer2.irs3.kit.edu:9051
    MspId: IRS3MSP
    Message: chaincode response 500, no active certificate for member",endorse,,,,,,,,,
run_002,removal,operation_id,2150f36d9481395f73fea4b18b1fa926c4af35205866adf25819efff8d4df4ba,1,tx_submit_started,ProposeRemoveMember,2026-03-07T07:28:17.193389526Z,irs3-member1,remove-irs3-member1-1772868497,irs3,remove-irs3-member1-1772868497,2026-03-07T07:28:17.193416359Z,removal,,,,,,,,,,,,,,,,,,,,,,,,,,,,,,,,,,,,
run_002,removal,operation_id,2150f36d9481395f73fea4b18b1fa926c4af35205866adf25819efff8d4df4ba,1,tx_submitted,ProposeRemoveMember,2026-03-07T07:28:17.193389526Z,irs3-member1,remove-irs3-member1-1772868497,irs3,remove-irs3-member1-1772868497,2026-03-07T07:28:17.261442121Z,removal,051a29441b5613edf16326013da7858ab0c86bfd11aa11646c299742195b04bd,,,,,,,,,,,,,,,,,,,,,,,,,,,,,,,,,,,
run_002,removal,operation_id,2150f36d9481395f73fea4b18b1fa926c4af35205866adf25819efff8d4df4ba,1,tx_committed,ProposeRemoveMember,2026-03-07T07:28:17.193389526Z,irs3-member1,remove-irs3-member1-1772868497,irs3,remove-irs3-member1-1772868497,2026-03-07T07:28:19.416865828Z,removal,051a29441b5613edf16326013da7858ab0c86bfd11aa11646c299742195b04bd,289,VALID,2026-03-07T07:28:19.416816606Z,VALID,,,,,,,,,,,,,,,,,,,,,,,,,,,,,,,
run_002,removal,operation_id,,,cc_event_observed,,,irs3-member1,remove-irs3-member1-1772868497,irs3,remove-irs3-member1-1772868497,2026-03-07T07:28:19.428061992Z,removal,051a29441b5613edf16326013da7858ab0c86bfd11aa11646c299742195b04bd,289,,,VALID,member_removal_proposed,7706,6735,971,971,1,9,MemberRemovalProposed,2,2026-03-07T07:28:17.193580285Z,2026-03-07T07:28:19.416877921Z,{},0,"{""proposal"":638}",638,True,"x509::CN=Member1@irs3.kit.edu,OU=member+OU=admin,O=irs3.kit.edu,L=Karlsruhe,ST=Baden-Wuerttemberg,C=DE::CN=ca.irs3.kit.edu,O=irs3.kit.edu,L=Karlsruhe,ST=Baden-Wuerttemberg,C=DE",6735,0,6659,,,,,,,,,,"x509::CN=Member1@irs3.kit.edu,OU=member+OU=admin,O=irs3.kit.edu,L=Karlsruhe,ST=Baden-Wuerttemberg,C=DE::CN=ca.irs3.kit.edu,O=irs3.kit.edu,L=Karlsruhe,ST=Baden-Wuerttemberg,C=DE",
run_002,removal,operation_id,,,cc_event_observed,,,irs3-member1,remove-irs3-member1-1772868497,irs3,remove-irs3-member1-1772868497,2026-03-07T07:28:19.428318085Z,removal,051a29441b5613edf16326013da7858ab0c86bfd11aa11646c299742195b04bd,289,,,VALID,member_removal_proposed,7706,6735,971,971,1,9,StorageAttribution,2,2026-03-07T07:28:17.193580285Z,2026-03-07T07:28:19.416877921Z,{},0,"{""proposal"":638}",638,True,"x509::CN=Member1@irs3.kit.edu,OU=member+OU=admin,O=irs3.kit.edu,L=Karlsruhe,ST=Baden-Wuerttemberg,C=DE::CN=ca.irs3.kit.edu,O=irs3.kit.edu,L=Karlsruhe,ST=Baden-Wuerttemberg,C=DE",6735,0,6659,,,,,,,,,,"x509::CN=Member1@irs3.kit.edu,OU=member+OU=admin,O=irs3.kit.edu,L=Karlsruhe,ST=Baden-Wuerttemberg,C=DE::CN=ca.irs3.kit.edu,O=irs3.kit.edu,L=Karlsruhe,ST=Baden-Wuerttemberg,C=DE",
run_002,removal,operation_id,a029bdaf3c9fcff5efd310e610e01eab4537f6c1cfffa2e6e24fb43ad27b0580,1,tx_submit_started,VoteOnRemoveMember,2026-03-07T07:28:19.951961296Z,irs3-member1,remove-irs3-member1-1772868497,irs3,remove-irs3-member1-1772868497,2026-03-07T07:28:19.951983036Z,removal,,,,,,,,,,,,,,,,,,,,,,,,,,,,,,,,,,,,
run_002,removal,operation_id,a029bdaf3c9fcff5efd310e610e01eab4537f6c1cfffa2e6e24fb43ad27b0580,1,tx_submitted,VoteOnRemoveMember,2026-03-07T07:28:19.951961296Z,irs3-member1,remove-irs3-member1-1772868497,irs3,remove-irs3-member1-1772868497,2026-03-07T07:28:20.014610725Z,removal,6f7d8d0f744b1f168abe165c0e0e4cebf21dc2b21ecf0d872355682a11f1fa34,,,,,,,,,,,,,,,,,,,,,,,,,,,,,,,,,,,
run_002,removal,operation_id,a029bdaf3c9fcff5efd310e610e01eab4537f6c1cfffa2e6e24fb43ad27b0580,1,tx_committed,VoteOnRemoveMember,2026-03-07T07:28:19.951961296Z,irs3-member1,remove-irs3-member1-1772868497,irs3,remove-irs3-member1-1772868497,2026-03-07T07:28:22.156566994Z,removal,6f7d8d0f744b1f168abe165c0e0e4cebf21dc2b21ecf0d872355682a11f1fa34,290,VALID,2026-03-07T07:28:22.15650705Z,VALID,,,,,,,,,,,,,,,,,,,,,,,,,,,,,,,
run_002,removal,operation_id,,,cc_event_observed,,,irs3-member1,remove-irs3-member1-1772868497,irs3,remove-irs3-member1-1772868497,2026-03-07T07:28:22.170746176Z,removal,6f7d8d0f744b1f168abe165c0e0e4cebf21dc2b21ecf0d872355682a11f1fa34,290,,,VALID,member_removal_voted,29131,28147,984,246,4,9,MemberRemovalVoted,2,2026-03-07T07:28:19.952122999Z,2026-03-07T07:28:22.156642327Z,{},0,"{""proposal"":816,""vote"":292}",1108,True,,7037,0,6961,,,approve,"x509::CN=Member1@irs3.kit.edu,OU=member+OU=admin,O=irs3.kit.edu,L=Karlsruhe,ST=Baden-Wuerttemberg,C=DE::CN=ca.irs3.kit.edu,O=irs3.kit.edu,L=Karlsruhe,ST=Baden-Wuerttemberg,C=DE",0,1,,,,"x509::CN=Member1@irs3.kit.edu,OU=member+OU=admin,O=irs3.kit.edu,L=Karlsruhe,ST=Baden-Wuerttemberg,C=DE::CN=ca.irs3.kit.edu,O=irs3.kit.edu,L=Karlsruhe,ST=Baden-Wuerttemberg,C=DE",
run_002,removal,operation_id,,,cc_event_observed,,,irs3-member1,remove-irs3-member1-1772868497,irs3,remove-irs3-member1-1772868497,2026-03-07T07:28:22.17092725Z,removal,6f7d8d0f744b1f168abe165c0e0e4cebf21dc2b21ecf0d872355682a11f1fa34,290,,,VALID,member_removal_voted,29131,28147,984,246,4,9,StorageAttribution,2,2026-03-07T07:28:19.952122999Z,2026-03-07T07:28:22.156642327Z,{},0,"{""proposal"":816,""vote"":292}",1108,True,,7037,0,6961,,,approve,"x509::CN=Member1@irs3.kit.edu,OU=member+OU=admin,O=irs3.kit.edu,L=Karlsruhe,ST=Baden-Wuerttemberg,C=DE::CN=ca.irs3.kit.edu,O=irs3.kit.edu,L=Karlsruhe,ST=Baden-Wuerttemberg,C=DE",0,1,,,,"x509::CN=Member1@irs3.kit.edu,OU=member+OU=admin,O=irs3.kit.edu,L=Karlsruhe,ST=Baden-Wuerttemberg,C=DE::CN=ca.irs3.kit.edu,O=irs3.kit.edu,L=Karlsruhe,ST=Baden-Wuerttemberg,C=DE",
run_002,removal,operation_id,,,cc_event_observed,,,irs3-member1,remove-irs3-member1-1772868497,irs3,remove-irs3-member1-1772868497,2026-03-07T07:28:24.650429202Z,removal,75f7061a3f4e9a62dbf7b731dac7dc9e736bdfdaa6f50f0a2d210fc8d1ce0ba1,291,,,VALID,member_removal_voted,29850,28867,983,245.75,4,9,MemberRemovalVoted,2,2026-03-07T07:28:22.405829364Z,2026-03-07T07:28:24.638266908Z,{},0,"{""proposal"":995,""vote"":292}",1287,True,,7215,0,7140,,,approve,"x509::CN=Member1@irs2.kit.edu,OU=member+OU=admin,O=irs2.kit.edu,L=Karlsruhe,ST=Baden-Wuerttemberg,C=DE::CN=ca.irs2.kit.edu,O=irs2.kit.edu,L=Karlsruhe,ST=Baden-Wuerttemberg,C=DE",0,2,,,,"x509::CN=Member1@irs3.kit.edu,OU=member+OU=admin,O=irs3.kit.edu,L=Karlsruhe,ST=Baden-Wuerttemberg,C=DE::CN=ca.irs3.kit.edu,O=irs3.kit.edu,L=Karlsruhe,ST=Baden-Wuerttemberg,C=DE",
run_002,removal,operation_id,,,cc_event_observed,,,irs3-member1,remove-irs3-member1-1772868497,irs3,remove-irs3-member1-1772868497,2026-03-07T07:28:24.650602757Z,removal,75f7061a3f4e9a62dbf7b731dac7dc9e736bdfdaa6f50f0a2d210fc8d1ce0ba1,291,,,VALID,member_removal_voted,29850,28867,983,245.75,4,9,StorageAttribution,2,2026-03-07T07:28:22.405829364Z,2026-03-07T07:28:24.638266908Z,{},0,"{""proposal"":995,""vote"":292}",1287,True,,7215,0,7140,,,approve,"x509::CN=Member1@irs2.kit.edu,OU=member+OU=admin,O=irs2.kit.edu,L=Karlsruhe,ST=Baden-Wuerttemberg,C=DE::CN=ca.irs2.kit.edu,O=irs2.kit.edu,L=Karlsruhe,ST=Baden-Wuerttemberg,C=DE",0,2,,,,"x509::CN=Member1@irs3.kit.edu,OU=member+OU=admin,O=irs3.kit.edu,L=Karlsruhe,ST=Baden-Wuerttemberg,C=DE::CN=ca.irs3.kit.edu,O=irs3.kit.edu,L=Karlsruhe,ST=Baden-Wuerttemberg,C=DE",
run_002,removal,operation_id,,,cc_event_observed,,,irs3-member1,remove-irs3-member1-1772868497,irs3,remove-irs3-member1-1772868497,2026-03-07T07:28:27.509044728Z,removal,f522dc3f22aca6b95e04e4b0fd3d19d226eb84a878bfb4d59836b971bee06eaa,292,,,VALID,member_removed,31883,30904,979,326.3333333333333,3,10,MemberRemoved,2,2026-03-07T07:28:25.204813144Z,2026-03-07T07:28:27.496561953Z,{},0,"{""ca_state"":1172}",1172,True,,10302,0,10227,,,,,,,,,,"x509::CN=Member1@irs3.kit.edu,OU=member+OU=admin,O=irs3.kit.edu,L=Karlsruhe,ST=Baden-Wuerttemberg,C=DE::CN=ca.irs3.kit.edu,O=irs3.kit.edu,L=Karlsruhe,ST=Baden-Wuerttemberg,C=DE",
run_002,removal,operation_id,,,cc_event_observed,,,irs3-member1,remove-irs3-member1-1772868497,irs3,remove-irs3-member1-1772868497,2026-03-07T07:28:27.509220487Z,removal,f522dc3f22aca6b95e04e4b0fd3d19d226eb84a878bfb4d59836b971bee06eaa,292,,,VALID,member_removed,31883,30904,979,326.3333333333333,3,10,StorageAttribution,2,2026-03-07T07:28:25.204813144Z,2026-03-07T07:28:27.496561953Z,{},0,"{""ca_state"":1172}",1172,True,,10302,0,10227,,,,,,,,,,"x509::CN=Member1@irs3.kit.edu,OU=member+OU=admin,O=irs3.kit.edu,L=Karlsruhe,ST=Baden-Wuerttemberg,C=DE::CN=ca.irs3.kit.edu,O=irs3.kit.edu,L=Karlsruhe,ST=Baden-Wuerttemberg,C=DE",
run_002,join,operation_id,42a10e7f01c92e8c7daab0172bf58386b09e4d5b06d469fee456700797804fa0,1,tx_submit_started,RequestJoinCA,2026-03-07T07:29:14.298205094Z,irs3-member1,join-irs3-1772868554,irs3,join-irs3-1772868554,2026-03-07T07:29:14.29823102Z,join,,,,,,,,,,,,,,,,,,,,,,,,,,,,,,,,,,,,
run_002,join,operation_id,42a10e7f01c92e8c7daab0172bf58386b09e4d5b06d469fee456700797804fa0,1,tx_submitted,RequestJoinCA,2026-03-07T07:29:14.298205094Z,irs3-member1,join-irs3-1772868554,irs3,join-irs3-1772868554,2026-03-07T07:29:14.401116151Z,join,71b7e83ff0ed7d838a81016144b5832abf60d31b762c65a38d2253fb4792da1f,,,,,,,,,,,,,,,,,,,,,,,,,,,,,,,,,,,
run_002,join,operation_id,42a10e7f01c92e8c7daab0172bf58386b09e4d5b06d469fee456700797804fa0,1,tx_committed,RequestJoinCA,2026-03-07T07:29:14.298205094Z,irs3-member1,join-irs3-1772868554,irs3,join-irs3-1772868554,2026-03-07T07:29:16.514885227Z,join,71b7e83ff0ed7d838a81016144b5832abf60d31b762c65a38d2253fb4792da1f,301,VALID,2026-03-07T07:29:16.514775597Z,VALID,,,,,,,,,,,,,,,,,,,,,,,,,,,,,,,
run_002,join,operation_id,,,cc_event_observed,,,irs3-member1,join-irs3-1772868554,irs3,join-irs3-1772868554,2026-03-07T07:29:16.524251279Z,join,71b7e83ff0ed7d838a81016144b5832abf60d31b762c65a38d2253fb4792da1f,301,,,VALID,member_join_requested,8134,7164,970,970,1,10,MemberJoinRequested,2,2026-03-07T07:29:14.298512297Z,2026-03-07T07:29:16.512789006Z,{},0,"{""proposal"":1438}",1438,True,,7164,0,7089,,,,,,,,,,,
run_002,join,operation_id,,,cc_event_observed,,,irs3-member1,join-irs3-1772868554,irs3,join-irs3-1772868554,2026-03-07T07:29:16.524411335Z,join,71b7e83ff0ed7d838a81016144b5832abf60d31b762c65a38d2253fb4792da1f,301,,,VALID,member_join_requested,8134,7164,970,970,1,10,StorageAttribution,2,2026-03-07T07:29:14.298512297Z,2026-03-07T07:29:16.512789006Z,{},0,"{""proposal"":1438}",1438,True,,7164,0,7089,,,,,,,,,,,
run_002,join,operation_id,,,cc_event_observed,,,irs3-member1,join-irs3-1772868554,irs3,join-irs3-1772868554,2026-03-07T07:29:19.507822762Z,join,972ba79072fccd5124f6de70cb1abd1aa904d25a18e5d2092f795db9e694c3ea,302,,,VALID,member_join_voted,24284,23305,979,326.3333333333333,3,10,MemberJoinVoted,2,2026-03-07T07:29:17.251130065Z,2026-03-07T07:29:19.49797195Z,{},0,"{""proposal"":1616,""vote"":290}",1906,True,,7769,0,7694,,,approve,"x509::CN=Member1@irs5.kit.edu,OU=member+OU=admin,O=irs5.kit.edu,L=Karlsruhe,ST=Baden-Wuerttemberg,C=DE::CN=ca.irs5.kit.edu,O=irs5.kit.edu,L=Karlsruhe,ST=Baden-Wuerttemberg,C=DE",0,1,,,,,"x509::CN=Member1@irs3.kit.edu,OU=member+OU=admin,O=irs3.kit.edu,L=Karlsruhe,ST=Baden-Wuerttemberg,C=DE::CN=ca.irs3.kit.edu,O=irs3.kit.edu,L=Karlsruhe,ST=Baden-Wuerttemberg,C=DE"
run_002,join,operation_id,,,cc_event_observed,,,irs3-member1,join-irs3-1772868554,irs3,join-irs3-1772868554,2026-03-07T07:29:19.508050243Z,join,972ba79072fccd5124f6de70cb1abd1aa904d25a18e5d2092f795db9e694c3ea,302,,,VALID,member_join_voted,24284,23305,979,326.3333333333333,3,10,StorageAttribution,2,2026-03-07T07:29:17.251130065Z,2026-03-07T07:29:19.49797195Z,{},0,"{""proposal"":1616,""vote"":290}",1906,True,,7769,0,7694,,,approve,"x509::CN=Member1@irs5.kit.edu,OU=member+OU=admin,O=irs5.kit.edu,L=Karlsruhe,ST=Baden-Wuerttemberg,C=DE::CN=ca.irs5.kit.edu,O=irs5.kit.edu,L=Karlsruhe,ST=Baden-Wuerttemberg,C=DE",0,1,,,,,"x509::CN=Member1@irs3.kit.edu,OU=member+OU=admin,O=irs3.kit.edu,L=Karlsruhe,ST=Baden-Wuerttemberg,C=DE::CN=ca.irs3.kit.edu,O=irs3.kit.edu,L=Karlsruhe,ST=Baden-Wuerttemberg,C=DE"
run_002,join,operation_id,,,cc_event_observed,,,irs3-member1,join-irs3-1772868554,irs3,join-irs3-1772868554,2026-03-07T07:29:21.645690701Z,join,27bcf7a9a7e7fee086d71f9938e8ee0d5abc29d7e3ca6be305eb8d08eb87d6b1,303,,,VALID,member_join_approved,31264,30285,979,326.3333333333333,3,11,MemberJoinApproved,2,2026-03-07T07:29:19.649602892Z,2026-03-07T07:29:21.634288223Z,{},0,"{""ca_state"":1348}",1348,True,,11255,1,11180,,,,,,,,,,,
run_002,join,operation_id,,,cc_event_observed,,,irs3-member1,join-irs3-1772868554,irs3,join-irs3-1772868554,2026-03-07T07:29:21.645923293Z,join,27bcf7a9a7e7fee086d71f9938e8ee0d5abc29d7e3ca6be305eb8d08eb87d6b1,303,,,VALID,member_join_approved,31264,30285,979,326.3333333333333,3,11,StorageAttribution,2,2026-03-07T07:29:19.649602892Z,2026-03-07T07:29:21.634288223Z,{},0,"{""ca_state"":1348}",1348,True,,11255,1,11180,,,,,,,,,,,
run_003,csr,operation_id,794455674de23a8bbbd6d7383e162d6ede99cd978f952fc70c63799ef7aea722,1,tx_submit_started,SubmitCSR,2026-03-07T07:30:19.17704747Z,irs3-member1,csr-irs3-1772868619,irs3,csr-irs3-1772868619,2026-03-07T07:30:19.177082488Z,csr,,,,,,,,,,,,,,,,,,,,,,,,,,,,,,,,,,,,
run_003,csr,operation_id,794455674de23a8bbbd6d7383e162d6ede99cd978f952fc70c63799ef7aea722,1,tx_submitted,SubmitCSR,2026-03-07T07:30:19.17704747Z,irs3-member1,csr-irs3-1772868619,irs3,csr-irs3-1772868619,2026-03-07T07:30:19.234345297Z,csr,b2c4b16cbad3606d780d65fa4db0ecc2bcd5c442e5de79c3f78e95c48ab19894,,,,,,,,,,,,,,,,,,,,,,,,,,,,,,,,,,,
run_003,csr,operation_id,794455674de23a8bbbd6d7383e162d6ede99cd978f952fc70c63799ef7aea722,1,tx_committed,SubmitCSR,2026-03-07T07:30:19.17704747Z,irs3-member1,csr-irs3-1772868619,irs3,csr-irs3-1772868619,2026-03-07T07:30:21.341633662Z,csr,b2c4b16cbad3606d780d65fa4db0ecc2bcd5c442e5de79c3f78e95c48ab19894,314,VALID,2026-03-07T07:30:21.341560088Z,VALID,,,,,,,,,,,,,,,,,,,,,,,,,,,,,,,
run_003,csr,operation_id,,,cc_event_observed,,,irs3-member1,csr-irs3-1772868619,irs3,csr-irs3-1772868619,2026-03-07T07:30:21.354060731Z,csr,b2c4b16cbad3606d780d65fa4db0ecc2bcd5c442e5de79c3f78e95c48ab19894,314,,,VALID,csr_submitted,8483,7512,971,971,1,11,CSRSubmitted,2,2026-03-07T07:30:19.177213673Z,2026-03-07T07:30:21.343866328Z,{},0,"{""proposal"":1713}",1713,True,"x509::CN=Member1@irs3.kit.edu,OU=member+OU=admin,O=irs3.kit.edu,L=Karlsruhe,ST=Baden-Wuerttemberg,C=DE::CN=ca.irs3.kit.edu,O=irs3.kit.edu,L=Karlsruhe,ST=Baden-Wuerttemberg,C=DE",7512,0,7437,,,,,,,,,,,
run_003,csr,operation_id,,,cc_event_observed,,,irs3-member1,csr-irs3-1772868619,irs3,csr-irs3-1772868619,2026-03-07T07:30:21.354307119Z,csr,b2c4b16cbad3606d780d65fa4db0ecc2bcd5c442e5de79c3f78e95c48ab19894,314,,,VALID,csr_submitted,8483,7512,971,971,1,11,StorageAttribution,2,2026-03-07T07:30:19.177213673Z,2026-03-07T07:30:21.343866328Z,{},0,"{""proposal"":1713}",1713,True,"x509::CN=Member1@irs3.kit.edu,OU=member+OU=admin,O=irs3.kit.edu,L=Karlsruhe,ST=Baden-Wuerttemberg,C=DE::CN=ca.irs3.kit.edu,O=irs3.kit.edu,L=Karlsruhe,ST=Baden-Wuerttemberg,C=DE",7512,0,7437,,,,,,,,,,,
run_003,csr,operation_id,84e2d9be792e0462e985219069734e8c9d19752fa37c27c618eda14f3d183267,1,tx_submit_started,VoteOnCSR,2026-03-07T07:30:22.928880064Z,irs3-member1,csr-irs3-1772868619,irs3,csr-irs3-1772868619,2026-03-07T07:30:22.928902138Z,csr,,,,,,,,,,,,,,,,,,,,,,,,,,,,,,,,,,,,
run_003,csr,operation_id,84e2d9be792e0462e985219069734e8c9d19752fa37c27c618eda14f3d183267,1,tx_submitted,VoteOnCSR,2026-03-07T07:30:22.928880064Z,irs3-member1,csr-irs3-1772868619,irs3,csr-irs3-1772868619,2026-03-07T07:30:22.978280635Z,csr,f32429ab004e811d8a0b70c99311bd89efceb45085eb98efcda6b9035e61aeed,,,,,,,,,,,,,,,,,,,,,,,,,,,,,,,,,,,
run_003,csr,operation_id,84e2d9be792e0462e985219069734e8c9d19752fa37c27c618eda14f3d183267,1,tx_failed,VoteOnCSR,,irs3-member1,csr-irs3-1772868619,irs3,csr-irs3-1772868619,2026-03-07T07:30:24.57344668Z,csr,f32429ab004e811d8a0b70c99311bd89efceb45085eb98efcda6b9035e61aeed,315,,,MVCC_READ_CONFLICT,,,,,,,,,,,,,,,,,,,,,transaction f32429ab004e811d8a0b70c99311bd89efceb45085eb98efcda6b9035e61aeed failed with status MVCC_READ_CONFLICT (11) in block 315,validation,,,,,,,,,
run_003,csr,operation_id,,,cc_event_observed,,,irs3-member1,csr-irs3-1772868619,irs3,csr-irs3-1772868619,2026-03-07T07:30:24.609304757Z,csr,944e5fa14d48498dfbc79d86d6eedbedf6ab95d97ac72b74f82da09d8253987a,315,,,VALID,csr_voted,39883,38896,987,197.4,5,11,CSRVoted,2,2026-03-07T07:30:22.300973797Z,2026-03-07T07:30:24.573494328Z,{},0,"{""proposal"":1891,""vote"":290}",2181,True,"x509::CN=Member1@irs3.kit.edu,OU=member+OU=admin,O=irs3.kit.edu,L=Karlsruhe,ST=Baden-Wuerttemberg,C=DE::CN=ca.irs3.kit.edu,O=irs3.kit.edu,L=Karlsruhe,ST=Baden-Wuerttemberg,C=DE",7780,0,7705,,,approve,"x509::CN=Member1@irs1.kit.edu,OU=member+OU=admin,O=irs1.kit.edu,L=Karlsruhe,ST=Baden-Wuerttemberg,C=DE::CN=ca.irs1.kit.edu,O=irs1.kit.edu,L=Karlsruhe,ST=Baden-Wuerttemberg,C=DE",0,1,,,,,
run_003,csr,operation_id,,,cc_event_observed,,,irs3-member1,csr-irs3-1772868619,irs3,csr-irs3-1772868619,2026-03-07T07:30:24.609520423Z,csr,944e5fa14d48498dfbc79d86d6eedbedf6ab95d97ac72b74f82da09d8253987a,315,,,VALID,csr_voted,39883,38896,987,197.4,5,11,StorageAttribution,2,2026-03-07T07:30:22.300973797Z,2026-03-07T07:30:24.573494328Z,{},0,"{""proposal"":1891,""vote"":290}",2181,True,"x509::CN=Member1@irs3.kit.edu,OU=member+OU=admin,O=irs3.kit.edu,L=Karlsruhe,ST=Baden-Wuerttemberg,C=DE::CN=ca.irs3.kit.edu,O=irs3.kit.edu,L=Karlsruhe,ST=Baden-Wuerttemberg,C=DE",7780,0,7705,,,approve,"x509::CN=Member1@irs1.kit.edu,OU=member+OU=admin,O=irs1.kit.edu,L=Karlsruhe,ST=Baden-Wuerttemberg,C=DE::CN=ca.irs1.kit.edu,O=irs1.kit.edu,L=Karlsruhe,ST=Baden-Wuerttemberg,C=DE",0,1,,,,,
run_003,csr,operation_id,84e2d9be792e0462e985219069734e8c9d19752fa37c27c618eda14f3d183267,2,tx_submit_started,VoteOnCSR,2026-03-07T07:30:24.818789628Z,irs3-member1,csr-irs3-1772868619,irs3,csr-irs3-1772868619,2026-03-07T07:30:24.818831276Z,csr,,,,,,,,,,,,,,,,,,,,,,,,,,,,,,,,,,,,
run_003,csr,operation_id,84e2d9be792e0462e985219069734e8c9d19752fa37c27c618eda14f3d183267,2,tx_submitted,VoteOnCSR,2026-03-07T07:30:24.818789628Z,irs3-member1,csr-irs3-1772868619,irs3,csr-irs3-1772868619,2026-03-07T07:30:24.911842161Z,csr,648300a3d690e1731bba74fb25fc6a65770d8667f9782c12c80ae3f59a02adfb,,,,,,,,,,,,,,,,,,,,,,,,,,,,,,,,,,,
run_003,csr,operation_id,84e2d9be792e0462e985219069734e8c9d19752fa37c27c618eda14f3d183267,2,tx_failed,VoteOnCSR,,irs3-member1,csr-irs3-1772868619,irs3,csr-irs3-1772868619,2026-03-07T07:30:26.931182017Z,csr,648300a3d690e1731bba74fb25fc6a65770d8667f9782c12c80ae3f59a02adfb,316,,,MVCC_READ_CONFLICT,,,,,,,,,,,,,,,,,,,,,transaction 648300a3d690e1731bba74fb25fc6a65770d8667f9782c12c80ae3f59a02adfb failed with status MVCC_READ_CONFLICT (11) in block 316,validation,,,,,,,,,
run_003,csr,operation_id,,,cc_event_observed,,,irs3-member1,csr-irs3-1772868619,irs3,csr-irs3-1772868619,2026-03-07T07:30:26.943457733Z,csr,68b5c5a581b6c35ed43e8ab5234099f2d47917313f2aa923f97e88a109a92959,316,,,VALID,csr_voted,32816,31832,984,246,4,11,CSRVoted,2,2026-03-07T07:30:24.743396218Z,2026-03-07T07:30:26.931154961Z,{},0,"{""proposal"":2070,""vote"":290}",2360,True,"x509::CN=Member1@irs3.kit.edu,OU=member+OU=admin,O=irs3.kit.edu,L=Karlsruhe,ST=Baden-Wuerttemberg,C=DE::CN=ca.irs3.kit.edu,O=irs3.kit.edu,L=Karlsruhe,ST=Baden-Wuerttemberg,C=DE",7954,0,7879,,,approve,"x509::CN=Member1@irs5.kit.edu,OU=member+OU=admin,O=irs5.kit.edu,L=Karlsruhe,ST=Baden-Wuerttemberg,C=DE::CN=ca.irs5.kit.edu,O=irs5.kit.edu,L=Karlsruhe,ST=Baden-Wuerttemberg,C=DE",0,2,,,,,
run_003,csr,operation_id,,,cc_event_observed,,,irs3-member1,csr-irs3-1772868619,irs3,csr-irs3-1772868619,2026-03-07T07:30:26.943607715Z,csr,68b5c5a581b6c35ed43e8ab5234099f2d47917313f2aa923f97e88a109a92959,316,,,VALID,csr_voted,32816,31832,984,246,4,11,StorageAttribution,2,2026-03-07T07:30:24.743396218Z,2026-03-07T07:30:26.931154961Z,{},0,"{""proposal"":2070,""vote"":290}",2360,True,"x509::CN=Member1@irs3.kit.edu,OU=member+OU=admin,O=irs3.kit.edu,L=Karlsruhe,ST=Baden-Wuerttemberg,C=DE::CN=ca.irs3.kit.edu,O=irs3.kit.edu,L=Karlsruhe,ST=Baden-Wuerttemberg,C=DE",7954,0,7879,,,approve,"x509::CN=Member1@irs5.kit.edu,OU=member+OU=admin,O=irs5.kit.edu,L=Karlsruhe,ST=Baden-Wuerttemberg,C=DE::CN=ca.irs5.kit.edu,O=irs5.kit.edu,L=Karlsruhe,ST=Baden-Wuerttemberg,C=DE",0,2,,,,,
run_003,csr,operation_id,84e2d9be792e0462e985219069734e8c9d19752fa37c27c618eda14f3d183267,3,tx_submit_started,VoteOnCSR,2026-03-07T07:30:27.399599774Z,irs3-member1,csr-irs3-1772868619,irs3,csr-irs3-1772868619,2026-03-07T07:30:27.399638218Z,csr,,,,,,,,,,,,,,,,,,,,,,,,,,,,,,,,,,,,
run_003,csr,operation_id,84e2d9be792e0462e985219069734e8c9d19752fa37c27c618eda14f3d183267,3,tx_submitted,VoteOnCSR,2026-03-07T07:30:27.399599774Z,irs3-member1,csr-irs3-1772868619,irs3,csr-irs3-1772868619,2026-03-07T07:30:27.4826827Z,csr,ac20b574bb911b9e3108dcd86af1225146e3534b3ce3627ab9e13993987e3cdb,,,,,,,,,,,,,,,,,,,,,,,,,,,,,,,,,,,
run_003,csr,operation_id,84e2d9be792e0462e985219069734e8c9d19752fa37c27c618eda14f3d183267,3,tx_committed,VoteOnCSR,2026-03-07T07:30:27.399599774Z,irs3-member1,csr-irs3-1772868619,irs3,csr-irs3-1772868619,2026-03-07T07:30:29.650167503Z,csr,ac20b574bb911b9e3108dcd86af1225146e3534b3ce3627ab9e13993987e3cdb,317,VALID,2026-03-07T07:30:29.650104485Z,VALID,,,,,,,,,,,,,,,,,,,,,,,,,,,,,,,
run_003,csr,operation_id,,,cc_event_observed,,,irs3-member1,csr-irs3-1772868619,irs3,csr-irs3-1772868619,2026-03-07T07:30:29.661273498Z,csr,ac20b574bb911b9e3108dcd86af1225146e3534b3ce3627ab9e13993987e3cdb,317,,,VALID,signing_initiated,24534,23555,979,326.3333333333333,3,,SigningInitiated,2,2026-03-07T07:30:27.399833551Z,2026-03-07T07:30:29.650319022Z,,,,,True,,7852,0,7777,,,,,,,,,,,
run_003,csr,operation_id,,,cc_event_observed,,,irs3-member1,csr-irs3-1772868619,irs3,csr-irs3-1772868619,2026-03-07T07:30:32.655673949Z,csr,dd41560c142cb4e7da67452e91a483ea2047a34d696c24035dbc98a694c836d0,318,,,VALID,signing_initiated,17050,16076,974,487,2,,SigningInitiated,2,2026-03-07T07:30:30.443966673Z,2026-03-07T07:30:32.645696657Z,,,,,True,,8035,0,7960,,,,,,,,,,,
run_003,csr,operation_id,,,cc_event_observed,,,irs3-member1,csr-irs3-1772868619,irs3,csr-irs3-1772868619,2026-03-07T07:30:36.625976306Z,csr,277d8da744b57f0cb5fe1ed11c2f25c6023eb95e2e7a4a8c49e2055a4911b025,319,,,VALID,signing_initiated,9191,8220,971,971,1,,SigningInitiated,2,2026-03-07T07:30:34.302782019Z,2026-03-07T07:30:36.596513134Z,,,,,True,,8220,0,8145,,,,,,,,,,,
run_003,csr,operation_id,11e98ddbe4750168f4e571ddc894c91bc40078a3139afc5301650b3b19d33fee,1,tx_submit_started,SubmitPartialSignature,2026-03-07T07:30:37.812831754Z,irs3-member1,csr-irs3-1772868619,irs3,csr-irs3-1772868619,2026-03-07T07:30:37.812875699Z,csr,,,,,,,,,,,,,,,,,,,,,,,,,,,,,,,,,,,,
run_003,csr,operation_id,11e98ddbe4750168f4e571ddc894c91bc40078a3139afc5301650b3b19d33fee,1,tx_submitted,SubmitPartialSignature,2026-03-07T07:30:37.812831754Z,irs3-member1,csr-irs3-1772868619,irs3,csr-irs3-1772868619,2026-03-07T07:30:37.862273825Z,csr,608a6458c3392561d2b1cd5985d8479cd7965a0cf715b3b3d9c365e3738d5176,,,,,,,,,,,,,,,,,,,,,,,,,,,,,,,,,,,
run_003,csr,operation_id,11e98ddbe4750168f4e571ddc894c91bc40078a3139afc5301650b3b19d33fee,1,tx_committed,SubmitPartialSignature,2026-03-07T07:30:37.812831754Z,irs3-member1,csr-irs3-1772868619,irs3,csr-irs3-1772868619,2026-03-07T07:30:40.01088708Z,csr,608a6458c3392561d2b1cd5985d8479cd7965a0cf715b3b3d9c365e3738d5176,320,VALID,2026-03-07T07:30:40.01080045Z,VALID,,,,,,,,,,,,,,,,,,,,,,,,,,,,,,,
run_003,csr,operation_id,,,cc_event_observed,,,irs3-member1,csr-irs3-1772868619,irs3,csr-irs3-1772868619,2026-03-07T07:30:42.43392254Z,csr,b3e7f9f22d04c8dfc96ce499a2ec756d88e7d0298ca8b84b22a66ca9b981f0df,321,,,VALID,threshold_reached,26324,25340,984,246,4,,ThresholdReached,2,2026-03-07T07:30:40.240571111Z,2026-03-07T07:30:42.420367694Z,,,,,True,,6332,0,6257,,,,,,,,,,,
run_003,csr,operation_id,16bc42c40eefc9ee9693c8a4ec4f1778077c394154304882609ec3e5faef38a9,1,tx_submit_started,RegisterCombinedCertificateWithSignature,2026-03-07T07:30:43.400427749Z,irs3-member1,csr-irs3-1772868619,irs3,csr-irs3-1772868619,2026-03-07T07:30:43.40046999Z,csr,,,,,,,,,,,,,,,,,,,,,,,,,,,,,,,,,,,,
run_003,csr,operation_id,16bc42c40eefc9ee9693c8a4ec4f1778077c394154304882609ec3e5faef38a9,1,tx_submitted,RegisterCombinedCertificateWithSignature,2026-03-07T07:30:43.400427749Z,irs3-member1,csr-irs3-1772868619,irs3,csr-irs3-1772868619,2026-03-07T07:30:43.50333411Z,csr,feeb0c74c60569da48b326f2645265a90c51f886d43ced204611cba5e5362576,,,,,,,,,,,,,,,,,,,,,,,,,,,,,,,,,,,
run_003,csr,operation_id,16bc42c40eefc9ee9693c8a4ec4f1778077c394154304882609ec3e5faef38a9,1,tx_committed,RegisterCombinedCertificateWithSignature,2026-03-07T07:30:43.400427749Z,irs3-member1,csr-irs3-1772868619,irs3,csr-irs3-1772868619,2026-03-07T07:30:45.638430361Z,csr,feeb0c74c60569da48b326f2645265a90c51f886d43ced204611cba5e5362576,322,VALID,2026-03-07T07:30:45.638318176Z,VALID,,,,,,,,,,,,,,,,,,,,,,,,,,,,,,,
run_003,csr,operation_id,,,cc_event_observed,,,irs3-member1,csr-irs3-1772868619,irs3,csr-irs3-1772868619,2026-03-07T07:30:45.649450967Z,csr,feeb0c74c60569da48b326f2645265a90c51f886d43ced204611cba5e5362576,322,,,VALID,certificate_registered,26724,25749,975,487.5,2,11,CertificateRegistered,2,2026-03-07T07:30:43.400599434Z,2026-03-07T07:30:45.638430694Z,{},0,"{""active_index"":19,""certificate"":1777,""merkle_state"":1515,""proposal"":2609}",5920,True,,12876,0,12800,,,,,,,1729571963c1b0b72d347df3d7de999fe92cc8046bcb1efe185457f1dd836550,"x509::CN=Member1@irs3.kit.edu,OU=member+OU=admin,O=irs3.kit.edu,L=Karlsruhe,ST=Baden-Wuerttemberg,C=DE::CN=ca.irs3.kit.edu,O=irs3.kit.edu,L=Karlsruhe,ST=Baden-Wuerttemberg,C=DE",,,
run_003,csr,operation_id,,,cc_event_observed,,,irs3-member1,csr-irs3-1772868619,irs3,csr-irs3-1772868619,2026-03-07T07:30:45.649911004Z,csr,feeb0c74c60569da48b326f2645265a90c51f886d43ced204611cba5e5362576,322,,,VALID,certificate_registered,26724,25749,975,487.5,2,11,StorageAttribution,2,2026-03-07T07:30:43.400599434Z,2026-03-07T07:30:45.638430694Z,{},0,"{""active_index"":19,""certificate"":1777,""merkle_state"":1515,""proposal"":2609}",5920,True,,12876,0,12800,,,,,,,1729571963c1b0b72d347df3d7de999fe92cc8046bcb1efe185457f1dd836550,"x509::CN=Member1@irs3.kit.edu,OU=member+OU=admin,O=irs3.kit.edu,L=Karlsruhe,ST=Baden-Wuerttemberg,C=DE::CN=ca.irs3.kit.edu,O=irs3.kit.edu,L=Karlsruhe,ST=Baden-Wuerttemberg,C=DE",,,
run_003,revocation,operation_id,e94767f86ec8d161df9ce9e28431305f42c527450847bba00b91f5aacc2ad52a,1,tx_submit_started,ProposeRevocation,2026-03-07T07:30:56.710050192Z,irs3-member1,revoke-irs3-1772868656,irs3,revoke-irs3-1772868656,2026-03-07T07:30:56.710084303Z,revocation,,,,,,,,,,,,,,,,,,,,,,,,,,,,,,,,,,,,
run_003,revocation,operation_id,e94767f86ec8d161df9ce9e28431305f42c527450847bba00b91f5aacc2ad52a,1,tx_submitted,ProposeRevocation,2026-03-07T07:30:56.710050192Z,irs3-member1,revoke-irs3-1772868656,irs3,revoke-irs3-1772868656,2026-03-07T07:30:56.757028577Z,revocation,57991a03a8ce1a190fb517163d96ab585cdd1e97367894d20c41da24709c9c0f,,,,,,,,,,,,,,,,,,,,,,,,,,,,,,,,,,,
run_003,revocation,operation_id,e94767f86ec8d161df9ce9e28431305f42c527450847bba00b91f5aacc2ad52a,1,tx_committed,ProposeRevocation,2026-03-07T07:30:56.710050192Z,irs3-member1,revoke-irs3-1772868656,irs3,revoke-irs3-1772868656,2026-03-07T07:30:58.889576233Z,revocation,57991a03a8ce1a190fb517163d96ab585cdd1e97367894d20c41da24709c9c0f,324,VALID,2026-03-07T07:30:58.889510696Z,VALID,,,,,,,,,,,,,,,,,,,,,,,,,,,,,,,
run_003,revocation,operation_id,,,cc_event_observed,,,irs3-member1,revoke-irs3-1772868656,irs3,revoke-irs3-1772868656,2026-03-07T07:30:58.902785227Z,revocation,57991a03a8ce1a190fb517163d96ab585cdd1e97367894d20c41da24709c9c0f,324,,,VALID,revocation_proposed,7124,6153,971,971,1,11,RevocationProposed,2,2026-03-07T07:30:56.71026284Z,2026-03-07T07:30:58.889731807Z,{},0,"{""proposal"":605}",605,True,,6153,0,6077,,,,,,,,"x509::CN=Member1@irs3.kit.edu,OU=member+OU=admin,O=irs3.kit.edu,L=Karlsruhe,ST=Baden-Wuerttemberg,C=DE::CN=ca.irs3.kit.edu,O=irs3.kit.edu,L=Karlsruhe,ST=Baden-Wuerttemberg,C=DE",benchmark,,
run_003,revocation,operation_id,,,cc_event_observed,,,irs3-member1,revoke-irs3-1772868656,irs3,revoke-irs3-1772868656,2026-03-07T07:30:58.902969097Z,revocation,57991a03a8ce1a190fb517163d96ab585cdd1e97367894d20c41da24709c9c0f,324,,,VALID,revocation_proposed,7124,6153,971,971,1,11,StorageAttribution,2,2026-03-07T07:30:56.71026284Z,2026-03-07T07:30:58.889731807Z,{},0,"{""proposal"":605}",605,True,,6153,0,6077,,,,,,,,"x509::CN=Member1@irs3.kit.edu,OU=member+OU=admin,O=irs3.kit.edu,L=Karlsruhe,ST=Baden-Wuerttemberg,C=DE::CN=ca.irs3.kit.edu,O=irs3.kit.edu,L=Karlsruhe,ST=Baden-Wuerttemberg,C=DE",benchmark,,
run_003,revocation,operation_id,e3e5eec8e64a03706cdaa9102c03eae2b590971531d48f205ee0288885997190,1,tx_submit_started,VoteOnRevocation,2026-03-07T07:30:59.067531724Z,irs3-member1,revoke-irs3-1772868656,irs3,revoke-irs3-1772868656,2026-03-07T07:30:59.067549632Z,revocation,,,,,,,,,,,,,,,,,,,,,,,,,,,,,,,,,,,,
run_003,revocation,operation_id,e3e5eec8e64a03706cdaa9102c03eae2b590971531d48f205ee0288885997190,1,tx_submitted,VoteOnRevocation,2026-03-07T07:30:59.067531724Z,irs3-member1,revoke-irs3-1772868656,irs3,revoke-irs3-1772868656,2026-03-07T07:30:59.128289418Z,revocation,3a71d416589c03840d986c4e4d2c47d46c0c4b77640960f7d0da35954e0af178,,,,,,,,,,,,,,,,,,,,,,,,,,,,,,,,,,,
run_003,revocation,operation_id,e3e5eec8e64a03706cdaa9102c03eae2b590971531d48f205ee0288885997190,1,tx_committed,VoteOnRevocation,2026-03-07T07:30:59.067531724Z,irs3-member1,revoke-irs3-1772868656,irs3,revoke-irs3-1772868656,2026-03-07T07:31:01.297445183Z,revocation,3a71d416589c03840d986c4e4d2c47d46c0c4b77640960f7d0da35954e0af178,325,VALID,2026-03-07T07:31:01.297407535Z,VALID,,,,,,,,,,,,,,,,,,,,,,,,,,,,,,,
run_003,revocation,operation_id,,,cc_event_observed,,,irs3-member1,revoke-irs3-1772868656,irs3,revoke-irs3-1772868656,2026-03-07T07:31:01.312159639Z,revocation,3a71d416589c03840d986c4e4d2c47d46c0c4b77640960f7d0da35954e0af178,325,,,VALID,revocation_voted,27833,26849,984,246,4,11,RevocationVoted,2,2026-03-07T07:30:59.067660039Z,2026-03-07T07:31:01.296327758Z,{},0,"{""proposal"":783,""vote"":292}",1075,True,,6715,0,6640,,,approve,"x509::CN=Member1@irs3.kit.edu,OU=member+OU=admin,O=irs3.kit.edu,L=Karlsruhe,ST=Baden-Wuerttemberg,C=DE::CN=ca.irs3.kit.edu,O=irs3.kit.edu,L=Karlsruhe,ST=Baden-Wuerttemberg,C=DE",0,1,,"x509::CN=Member1@irs3.kit.edu,OU=member+OU=admin,O=irs3.kit.edu,L=Karlsruhe,ST=Baden-Wuerttemberg,C=DE::CN=ca.irs3.kit.edu,O=irs3.kit.edu,L=Karlsruhe,ST=Baden-Wuerttemberg,C=DE",,,
run_003,revocation,operation_id,,,cc_event_observed,,,irs3-member1,revoke-irs3-1772868656,irs3,revoke-irs3-1772868656,2026-03-07T07:31:01.312383917Z,revocation,3a71d416589c03840d986c4e4d2c47d46c0c4b77640960f7d0da35954e0af178,325,,,VALID,revocation_voted,27833,26849,984,246,4,11,StorageAttribution,2,2026-03-07T07:30:59.067660039Z,2026-03-07T07:31:01.296327758Z,{},0,"{""proposal"":783,""vote"":292}",1075,True,,6715,0,6640,,,approve,"x509::CN=Member1@irs3.kit.edu,OU=member+OU=admin,O=irs3.kit.edu,L=Karlsruhe,ST=Baden-Wuerttemberg,C=DE::CN=ca.irs3.kit.edu,O=irs3.kit.edu,L=Karlsruhe,ST=Baden-Wuerttemberg,C=DE",0,1,,"x509::CN=Member1@irs3.kit.edu,OU=member+OU=admin,O=irs3.kit.edu,L=Karlsruhe,ST=Baden-Wuerttemberg,C=DE::CN=ca.irs3.kit.edu,O=irs3.kit.edu,L=Karlsruhe,ST=Baden-Wuerttemberg,C=DE",,,
run_003,revocation,operation_id,,,cc_event_observed,,,irs3-member1,revoke-irs3-1772868656,irs3,revoke-irs3-1772868656,2026-03-07T07:31:03.652996505Z,revocation,a35f04ba3928718c7993b191b6ebf8a1efea3565e29041819db457348920f764,326,,,VALID,revocation_voted,28558,27574,984,246,4,11,RevocationVoted,2,2026-03-07T07:31:01.418855297Z,2026-03-07T07:31:03.640325492Z,{},0,"{""proposal"":962,""vote"":292}",1254,True,,6897,0,6822,,,approve,"x509::CN=Member1@irs1.kit.edu,OU=member+OU=admin,O=irs1.kit.edu,L=Karlsruhe,ST=Baden-Wuerttemberg,C=DE::CN=ca.irs1.kit.edu,O=irs1.kit.edu,L=Karlsruhe,ST=Baden-Wuerttemberg,C=DE",0,2,,"x509::CN=Member1@irs3.kit.edu,OU=member+OU=admin,O=irs3.kit.edu,L=Karlsruhe,ST=Baden-Wuerttemberg,C=DE::CN=ca.irs3.kit.edu,O=irs3.kit.edu,L=Karlsruhe,ST=Baden-Wuerttemberg,C=DE",,,
run_003,revocation,operation_id,,,cc_event_observed,,,irs3-member1,revoke-irs3-1772868656,irs3,revoke-irs3-1772868656,2026-03-07T07:31:03.653196931Z,revocation,a35f04ba3928718c7993b191b6ebf8a1efea3565e29041819db457348920f764,326,,,VALID,revocation_voted,28558,27574,984,246,4,11,StorageAttribution,2,2026-03-07T07:31:01.418855297Z,2026-03-07T07:31:03.640325492Z,{},0,"{""proposal"":962,""vote"":292}",1254,True,,6897,0,6822,,,approve,"x509::CN=Member1@irs1.kit.edu,OU=member+OU=admin,O=irs1.kit.edu,L=Karlsruhe,ST=Baden-Wuerttemberg,C=DE::CN=ca.irs1.kit.edu,O=irs1.kit.edu,L=Karlsruhe,ST=Baden-Wuerttemberg,C=DE",0,2,,"x509::CN=Member1@irs3.kit.edu,OU=member+OU=admin,O=irs3.kit.edu,L=Karlsruhe,ST=Baden-Wuerttemberg,C=DE::CN=ca.irs3.kit.edu,O=irs3.kit.edu,L=Karlsruhe,ST=Baden-Wuerttemberg,C=DE",,,
run_003,revocation,operation_id,,,cc_event_observed,,,irs3-member1,revoke-irs3-1772868656,irs3,revoke-irs3-1772868656,2026-03-07T07:31:06.510495809Z,revocation,d80e23dc248baffb01a8a3ce358f7463977850f91ceb99730f8f875333ca5541,327,,,VALID,certificate_revoked,33179,32199,980,326.6666666666667,3,11,NodeRevoked,2,2026-03-07T07:31:04.216224136Z,2026-03-07T07:31:06.490974651Z,"{""active_index"":19}",19,"{""certificate"":1805,""merkle_state"":1586}",3391,True,,10734,0,10658,,,,,,,,"x509::CN=Member1@irs3.kit.edu,OU=member+OU=admin,O=irs3.kit.edu,L=Karlsruhe,ST=Baden-Wuerttemberg,C=DE::CN=ca.irs3.kit.edu,O=irs3.kit.edu,L=Karlsruhe,ST=Baden-Wuerttemberg,C=DE",benchmark,,
run_003,revocation,operation_id,,,cc_event_observed,,,irs3-member1,revoke-irs3-1772868656,irs3,revoke-irs3-1772868656,2026-03-07T07:31:06.510664994Z,revocation,d80e23dc248baffb01a8a3ce358f7463977850f91ceb99730f8f875333ca5541,327,,,VALID,certificate_revoked,33179,32199,980,326.6666666666667,3,11,StorageAttribution,2,2026-03-07T07:31:04.216224136Z,2026-03-07T07:31:06.490974651Z,"{""active_index"":19}",19,"{""certificate"":1805,""merkle_state"":1586}",3391,True,,10734,0,10658,,,,,,,,"x509::CN=Member1@irs3.kit.edu,OU=member+OU=admin,O=irs3.kit.edu,L=Karlsruhe,ST=Baden-Wuerttemberg,C=DE::CN=ca.irs3.kit.edu,O=irs3.kit.edu,L=Karlsruhe,ST=Baden-Wuerttemberg,C=DE",benchmark,,
run_003,removal,operation_id,5b68b0b329c53295c482ede1f2eb12f495e370e1ce36a58c1ad32c9ca039c11c,1,tx_submit_started,ProposeRemoveMember,2026-03-07T07:31:15.288337922Z,irs3-member1,remove-irs3-member1-1772868675,irs3,remove-irs3-member1-1772868675,2026-03-07T07:31:15.288364681Z,removal,,,,,,,,,,,,,,,,,,,,,,,,,,,,,,,,,,,,
run_003,removal,operation_id,5b68b0b329c53295c482ede1f2eb12f495e370e1ce36a58c1ad32c9ca039c11c,1,tx_submitted,ProposeRemoveMember,2026-03-07T07:31:15.288337922Z,irs3-member1,remove-irs3-member1-1772868675,irs3,remove-irs3-member1-1772868675,2026-03-07T07:31:15.393324779Z,removal,0f2536978de3014e43a16360a5b1614e0d959b61e1a9440195497fff71f7fc46,,,,,,,,,,,,,,,,,,,,,,,,,,,,,,,,,,,
run_003,removal,operation_id,5b68b0b329c53295c482ede1f2eb12f495e370e1ce36a58c1ad32c9ca039c11c,1,tx_committed,ProposeRemoveMember,2026-03-07T07:31:15.288337922Z,irs3-member1,remove-irs3-member1-1772868675,irs3,remove-irs3-member1-1772868675,2026-03-07T07:31:17.519986874Z,removal,0f2536978de3014e43a16360a5b1614e0d959b61e1a9440195497fff71f7fc46,328,VALID,2026-03-07T07:31:17.519879485Z,VALID,,,,,,,,,,,,,,,,,,,,,,,,,,,,,,,
run_003,removal,operation_id,,,cc_event_observed,,,irs3-member1,remove-irs3-member1-1772868675,irs3,remove-irs3-member1-1772868675,2026-03-07T07:31:17.534603774Z,removal,0f2536978de3014e43a16360a5b1614e0d959b61e1a9440195497fff71f7fc46,328,,,VALID,member_removal_proposed,7854,6884,970,970,1,11,MemberRemovalProposed,2,2026-03-07T07:31:15.288545089Z,2026-03-07T07:31:17.521394799Z,{},0,"{""proposal"":638}",638,True,"x509::CN=Member1@irs3.kit.edu,OU=member+OU=admin,O=irs3.kit.edu,L=Karlsruhe,ST=Baden-Wuerttemberg,C=DE::CN=ca.irs3.kit.edu,O=irs3.kit.edu,L=Karlsruhe,ST=Baden-Wuerttemberg,C=DE",6884,0,6808,,,,,,,,,,"x509::CN=Member1@irs3.kit.edu,OU=member+OU=admin,O=irs3.kit.edu,L=Karlsruhe,ST=Baden-Wuerttemberg,C=DE::CN=ca.irs3.kit.edu,O=irs3.kit.edu,L=Karlsruhe,ST=Baden-Wuerttemberg,C=DE",
run_003,removal,operation_id,,,cc_event_observed,,,irs3-member1,remove-irs3-member1-1772868675,irs3,remove-irs3-member1-1772868675,2026-03-07T07:31:17.534785052Z,removal,0f2536978de3014e43a16360a5b1614e0d959b61e1a9440195497fff71f7fc46,328,,,VALID,member_removal_proposed,7854,6884,970,970,1,11,StorageAttribution,2,2026-03-07T07:31:15.288545089Z,2026-03-07T07:31:17.521394799Z,{},0,"{""proposal"":638}",638,True,"x509::CN=Member1@irs3.kit.edu,OU=member+OU=admin,O=irs3.kit.edu,L=Karlsruhe,ST=Baden-Wuerttemberg,C=DE::CN=ca.irs3.kit.edu,O=irs3.kit.edu,L=Karlsruhe,ST=Baden-Wuerttemberg,C=DE",6884,0,6808,,,,,,,,,,"x509::CN=Member1@irs3.kit.edu,OU=member+OU=admin,O=irs3.kit.edu,L=Karlsruhe,ST=Baden-Wuerttemberg,C=DE::CN=ca.irs3.kit.edu,O=irs3.kit.edu,L=Karlsruhe,ST=Baden-Wuerttemberg,C=DE",
run_003,removal,operation_id,,,cc_event_observed,,,irs3-member1,remove-irs3-member1-1772868675,irs3,remove-irs3-member1-1772868675,2026-03-07T07:31:20.081358646Z,removal,0cb72c452a09cadb6dedc793a7bc919c193bc642bdcd2c2bb50956c6a6e1926c,329,,,VALID,member_removal_voted,22208,21228,980,326.6666666666667,3,11,MemberRemovalVoted,2,2026-03-07T07:31:17.805826022Z,2026-03-07T07:31:20.064458598Z,{},0,"{""proposal"":816,""vote"":292}",1108,True,,7073,0,6997,,,approve,"x509::CN=Member1@irs4.kit.edu,OU=member+OU=admin,O=irs4.kit.edu,L=Karlsruhe,ST=Baden-Wuerttemberg,C=DE::CN=ca.irs4.kit.edu,O=irs4.kit.edu,L=Karlsruhe,ST=Baden-Wuerttemberg,C=DE",0,1,,,,"x509::CN=Member1@irs3.kit.edu,OU=member+OU=admin,O=irs3.kit.edu,L=Karlsruhe,ST=Baden-Wuerttemberg,C=DE::CN=ca.irs3.kit.edu,O=irs3.kit.edu,L=Karlsruhe,ST=Baden-Wuerttemberg,C=DE",
run_003,removal,operation_id,,,cc_event_observed,,,irs3-member1,remove-irs3-member1-1772868675,irs3,remove-irs3-member1-1772868675,2026-03-07T07:31:20.081857312Z,removal,0cb72c452a09cadb6dedc793a7bc919c193bc642bdcd2c2bb50956c6a6e1926c,329,,,VALID,member_removal_voted,22208,21228,980,326.6666666666667,3,11,StorageAttribution,2,2026-03-07T07:31:17.805826022Z,2026-03-07T07:31:20.064458598Z,{},0,"{""proposal"":816,""vote"":292}",1108,True,,7073,0,6997,,,approve,"x509::CN=Member1@irs4.kit.edu,OU=member+OU=admin,O=irs4.kit.edu,L=Karlsruhe,ST=Baden-Wuerttemberg,C=DE::CN=ca.irs4.kit.edu,O=irs4.kit.edu,L=Karlsruhe,ST=Baden-Wuerttemberg,C=DE",0,1,,,,"x509::CN=Member1@irs3.kit.edu,OU=member+OU=admin,O=irs3.kit.edu,L=Karlsruhe,ST=Baden-Wuerttemberg,C=DE::CN=ca.irs3.kit.edu,O=irs3.kit.edu,L=Karlsruhe,ST=Baden-Wuerttemberg,C=DE",
run_003,removal,operation_id,7779a57982cd780372d7d7129f9d3cdabbeb5848a714a047dedc11a5f3e276a5,1,tx_submit_started,VoteOnRemoveMember,2026-03-07T07:31:20.104934764Z,irs3-member1,remove-irs3-member1-1772868675,irs3,remove-irs3-member1-1772868675,2026-03-07T07:31:20.104961227Z,removal,,,,,,,,,,,,,,,,,,,,,,,,,,,,,,,,,,,,
run_003,removal,operation_id,7779a57982cd780372d7d7129f9d3cdabbeb5848a714a047dedc11a5f3e276a5,1,tx_submitted,VoteOnRemoveMember,2026-03-07T07:31:20.104934764Z,irs3-member1,remove-irs3-member1-1772868675,irs3,remove-irs3-member1-1772868675,2026-03-07T07:31:20.163913421Z,removal,80bd5decf8758efb4304f460e985a6c200e781eb10bb5f5f081b7456e2393ae4,,,,,,,,,,,,,,,,,,,,,,,,,,,,,,,,,,,
run_003,removal,operation_id,7779a57982cd780372d7d7129f9d3cdabbeb5848a714a047dedc11a5f3e276a5,1,tx_committed,VoteOnRemoveMember,2026-03-07T07:31:20.104934764Z,irs3-member1,remove-irs3-member1-1772868675,irs3,remove-irs3-member1-1772868675,2026-03-07T07:31:22.311728128Z,removal,80bd5decf8758efb4304f460e985a6c200e781eb10bb5f5f081b7456e2393ae4,330,VALID,2026-03-07T07:31:22.311683054Z,VALID,,,,,,,,,,,,,,,,,,,,,,,,,,,,,,,
run_003,removal,operation_id,,,cc_event_observed,,,irs3-member1,remove-irs3-member1-1772868675,irs3,remove-irs3-member1-1772868675,2026-03-07T07:31:22.323686567Z,removal,80bd5decf8758efb4304f460e985a6c200e781eb10bb5f5f081b7456e2393ae4,330,,,VALID,member_removal_voted,29995,29011,984,246,4,11,MemberRemovalVoted,2,2026-03-07T07:31:20.105075153Z,2026-03-07T07:31:22.310967499Z,{},0,"{""proposal"":995,""vote"":292}",1287,True,,7255,0,7179,,,approve,"x509::CN=Member1@irs3.kit.edu,OU=member+OU=admin,O=irs3.kit.edu,L=Karlsruhe,ST=Baden-Wuerttemberg,C=DE::CN=ca.irs3.kit.edu,O=irs3.kit.edu,L=Karlsruhe,ST=Baden-Wuerttemberg,C=DE",0,2,,,,"x509::CN=Member1@irs3.kit.edu,OU=member+OU=admin,O=irs3.kit.edu,L=Karlsruhe,ST=Baden-Wuerttemberg,C=DE::CN=ca.irs3.kit.edu,O=irs3.kit.edu,L=Karlsruhe,ST=Baden-Wuerttemberg,C=DE",
run_003,removal,operation_id,,,cc_event_observed,,,irs3-member1,remove-irs3-member1-1772868675,irs3,remove-irs3-member1-1772868675,2026-03-07T07:31:22.323953122Z,removal,80bd5decf8758efb4304f460e985a6c200e781eb10bb5f5f081b7456e2393ae4,330,,,VALID,member_removal_voted,29995,29011,984,246,4,11,StorageAttribution,2,2026-03-07T07:31:20.105075153Z,2026-03-07T07:31:22.310967499Z,{},0,"{""proposal"":995,""vote"":292}",1287,True,,7255,0,7179,,,approve,"x509::CN=Member1@irs3.kit.edu,OU=member+OU=admin,O=irs3.kit.edu,L=Karlsruhe,ST=Baden-Wuerttemberg,C=DE::CN=ca.irs3.kit.edu,O=irs3.kit.edu,L=Karlsruhe,ST=Baden-Wuerttemberg,C=DE",0,2,,,,"x509::CN=Member1@irs3.kit.edu,OU=member+OU=admin,O=irs3.kit.edu,L=Karlsruhe,ST=Baden-Wuerttemberg,C=DE::CN=ca.irs3.kit.edu,O=irs3.kit.edu,L=Karlsruhe,ST=Baden-Wuerttemberg,C=DE",
run_003,removal,operation_id,,,cc_event_observed,,,irs3-member1,remove-irs3-member1-1772868675,irs3,remove-irs3-member1-1772868675,2026-03-07T07:31:24.913475317Z,removal,4725cd4016840535dd1f3868d142af2c53b0dd2e366d1cc49a0a51e29c5f1676,331,,,VALID,member_removed,31998,31019,979,326.3333333333333,3,12,MemberRemoved,2,2026-03-07T07:31:22.604146829Z,2026-03-07T07:31:24.899071658Z,{},0,"{""ca_state"":1172}",1172,True,,10338,0,10262,,,,,,,,,,"x509::CN=Member1@irs3.kit.edu,OU=member+OU=admin,O=irs3.kit.edu,L=Karlsruhe,ST=Baden-Wuerttemberg,C=DE::CN=ca.irs3.kit.edu,O=irs3.kit.edu,L=Karlsruhe,ST=Baden-Wuerttemberg,C=DE",
run_003,removal,operation_id,,,cc_event_observed,,,irs3-member1,remove-irs3-member1-1772868675,irs3,remove-irs3-member1-1772868675,2026-03-07T07:31:24.913664484Z,removal,4725cd4016840535dd1f3868d142af2c53b0dd2e366d1cc49a0a51e29c5f1676,331,,,VALID,member_removed,31998,31019,979,326.3333333333333,3,12,StorageAttribution,2,2026-03-07T07:31:22.604146829Z,2026-03-07T07:31:24.899071658Z,{},0,"{""ca_state"":1172}",1172,True,,10338,0,10262,,,,,,,,,,"x509::CN=Member1@irs3.kit.edu,OU=member+OU=admin,O=irs3.kit.edu,L=Karlsruhe,ST=Baden-Wuerttemberg,C=DE::CN=ca.irs3.kit.edu,O=irs3.kit.edu,L=Karlsruhe,ST=Baden-Wuerttemberg,C=DE",
run_003,join,operation_id,77b7d6796c6afad15e18db3889c6e0a9ea55cc644dd2ad9e4c0f6ec9ca720904,1,tx_submit_started,RequestJoinCA,2026-03-07T07:32:12.408131026Z,irs3-member1,join-irs3-1772868732,irs3,join-irs3-1772868732,2026-03-07T07:32:12.408153508Z,join,,,,,,,,,,,,,,,,,,,,,,,,,,,,,,,,,,,,
run_003,join,operation_id,77b7d6796c6afad15e18db3889c6e0a9ea55cc644dd2ad9e4c0f6ec9ca720904,1,tx_submitted,RequestJoinCA,2026-03-07T07:32:12.408131026Z,irs3-member1,join-irs3-1772868732,irs3,join-irs3-1772868732,2026-03-07T07:32:12.482482211Z,join,73bd4ae6a3ba83c0878adf63de4ba6fd6a14e7feca9b0e476eb12467d1c718ca,,,,,,,,,,,,,,,,,,,,,,,,,,,,,,,,,,,
run_003,join,operation_id,77b7d6796c6afad15e18db3889c6e0a9ea55cc644dd2ad9e4c0f6ec9ca720904,1,tx_committed,RequestJoinCA,2026-03-07T07:32:12.408131026Z,irs3-member1,join-irs3-1772868732,irs3,join-irs3-1772868732,2026-03-07T07:32:14.588589364Z,join,73bd4ae6a3ba83c0878adf63de4ba6fd6a14e7feca9b0e476eb12467d1c718ca,340,VALID,2026-03-07T07:32:14.588527901Z,VALID,,,,,,,,,,,,,,,,,,,,,,,,,,,,,,,
run_003,join,operation_id,,,cc_event_observed,,,irs3-member1,join-irs3-1772868732,irs3,join-irs3-1772868732,2026-03-07T07:32:14.601138543Z,join,73bd4ae6a3ba83c0878adf63de4ba6fd6a14e7feca9b0e476eb12467d1c718ca,340,,,VALID,member_join_requested,8277,7307,970,970,1,12,MemberJoinRequested,2,2026-03-07T07:32:12.408628748Z,2026-03-07T07:32:14.58867479Z,{},0,"{""proposal"":1438}",1438,True,,7307,0,7231,,,,,,,,,,,
run_003,join,operation_id,,,cc_event_observed,,,irs3-member1,join-irs3-1772868732,irs3,join-irs3-1772868732,2026-03-07T07:32:14.601292506Z,join,73bd4ae6a3ba83c0878adf63de4ba6fd6a14e7feca9b0e476eb12467d1c718ca,340,,,VALID,member_join_requested,8277,7307,970,970,1,12,StorageAttribution,2,2026-03-07T07:32:12.408628748Z,2026-03-07T07:32:14.58867479Z,{},0,"{""proposal"":1438}",1438,True,,7307,0,7231,,,,,,,,,,,
run_003,join,operation_id,,,cc_event_observed,,,irs3-member1,join-irs3-1772868732,irs3,join-irs3-1772868732,2026-03-07T07:32:17.052536612Z,join,c79c938c5f12c376d3b0b0c53fded7e6b9d26c005bd1630790a3dc70599db01a,341,,,VALID,member_join_voted,24396,23416,980,326.6666666666667,3,12,MemberJoinVoted,2,2026-03-07T07:32:14.796122625Z,2026-03-07T07:32:17.042516839Z,{},0,"{""proposal"":1616,""vote"":290}",1906,True,,7805,0,7729,,,approve,"x509::CN=Member1@irs4.kit.edu,OU=member+OU=admin,O=irs4.kit.edu,L=Karlsruhe,ST=Baden-Wuerttemberg,C=DE::CN=ca.irs4.kit.edu,O=irs4.kit.edu,L=Karlsruhe,ST=Baden-Wuerttemberg,C=DE",0,1,,,,,"x509::CN=Member1@irs3.kit.edu,OU=member+OU=admin,O=irs3.kit.edu,L=Karlsruhe,ST=Baden-Wuerttemberg,C=DE::CN=ca.irs3.kit.edu,O=irs3.kit.edu,L=Karlsruhe,ST=Baden-Wuerttemberg,C=DE"
run_003,join,operation_id,,,cc_event_observed,,,irs3-member1,join-irs3-1772868732,irs3,join-irs3-1772868732,2026-03-07T07:32:17.052710408Z,join,c79c938c5f12c376d3b0b0c53fded7e6b9d26c005bd1630790a3dc70599db01a,341,,,VALID,member_join_voted,24396,23416,980,326.6666666666667,3,12,StorageAttribution,2,2026-03-07T07:32:14.796122625Z,2026-03-07T07:32:17.042516839Z,{},0,"{""proposal"":1616,""vote"":290}",1906,True,,7805,0,7729,,,approve,"x509::CN=Member1@irs4.kit.edu,OU=member+OU=admin,O=irs4.kit.edu,L=Karlsruhe,ST=Baden-Wuerttemberg,C=DE::CN=ca.irs4.kit.edu,O=irs4.kit.edu,L=Karlsruhe,ST=Baden-Wuerttemberg,C=DE",0,1,,,,,"x509::CN=Member1@irs3.kit.edu,OU=member+OU=admin,O=irs3.kit.edu,L=Karlsruhe,ST=Baden-Wuerttemberg,C=DE::CN=ca.irs3.kit.edu,O=irs3.kit.edu,L=Karlsruhe,ST=Baden-Wuerttemberg,C=DE"
run_003,join,operation_id,,,cc_event_observed,,,irs3-member1,join-irs3-1772868732,irs3,join-irs3-1772868732,2026-03-07T07:32:19.536962365Z,join,6191c995cc5c11409847d5b9a2c055ed74e68c436997ee13c2df8db613eaea2d,342,,,VALID,member_join_approved,34859,33879,980,326.6666666666667,3,13,MemberJoinApproved,2,2026-03-07T07:32:17.231354862Z,2026-03-07T07:32:19.519265022Z,{},0,"{""ca_state"":1348}",1348,True,,11290,0,11214,,,,,,,,,,,
run_003,join,operation_id,,,cc_event_observed,,,irs3-member1,join-irs3-1772868732,irs3,join-irs3-1772868732,2026-03-07T07:32:19.53714142Z,join,6191c995cc5c11409847d5b9a2c055ed74e68c436997ee13c2df8db613eaea2d,342,,,VALID,member_join_approved,34859,33879,980,326.6666666666667,3,13,StorageAttribution,2,2026-03-07T07:32:17.231354862Z,2026-03-07T07:32:19.519265022Z,{},0,"{""ca_state"":1348}",1348,True,,11290,0,11214,,,,,,,,,,,
run_004,csr,operation_id,fefe6e89854fcb4dd1dea15986700e4f8f3274f196aeea29892646e736c41919,1,tx_submit_started,SubmitCSR,2026-03-07T07:33:15.447909574Z,irs3-member1,csr-irs3-1772868795,irs3,csr-irs3-1772868795,2026-03-07T07:33:15.447943259Z,csr,,,,,,,,,,,,,,,,,,,,,,,,,,,,,,,,,,,,
run_004,csr,operation_id,fefe6e89854fcb4dd1dea15986700e4f8f3274f196aeea29892646e736c41919,1,tx_submitted,SubmitCSR,2026-03-07T07:33:15.447909574Z,irs3-member1,csr-irs3-1772868795,irs3,csr-irs3-1772868795,2026-03-07T07:33:15.510341837Z,csr,9895e728d00704872748732a9d4f0c823170a120317a087ecf7460a1ab50cd68,,,,,,,,,,,,,,,,,,,,,,,,,,,,,,,,,,,
run_004,csr,operation_id,fefe6e89854fcb4dd1dea15986700e4f8f3274f196aeea29892646e736c41919,1,tx_committed,SubmitCSR,2026-03-07T07:33:15.447909574Z,irs3-member1,csr-irs3-1772868795,irs3,csr-irs3-1772868795,2026-03-07T07:33:17.604742306Z,csr,9895e728d00704872748732a9d4f0c823170a120317a087ecf7460a1ab50cd68,353,VALID,2026-03-07T07:33:17.604666621Z,VALID,,,,,,,,,,,,,,,,,,,,,,,,,,,,,,,
run_004,csr,operation_id,,,cc_event_observed,,,irs3-member1,csr-irs3-1772868795,irs3,csr-irs3-1772868795,2026-03-07T07:33:17.626127591Z,csr,9895e728d00704872748732a9d4f0c823170a120317a087ecf7460a1ab50cd68,353,,,VALID,csr_submitted,8484,7513,971,971,1,13,CSRSubmitted,2,2026-03-07T07:33:15.448063815Z,2026-03-07T07:33:17.605852102Z,{},0,"{""proposal"":1713}",1713,True,"x509::CN=Member1@irs3.kit.edu,OU=member+OU=admin,O=irs3.kit.edu,L=Karlsruhe,ST=Baden-Wuerttemberg,C=DE::CN=ca.irs3.kit.edu,O=irs3.kit.edu,L=Karlsruhe,ST=Baden-Wuerttemberg,C=DE",7513,0,7437,,,,,,,,,,,
run_004,csr,operation_id,,,cc_event_observed,,,irs3-member1,csr-irs3-1772868795,irs3,csr-irs3-1772868795,2026-03-07T07:33:17.626350091Z,csr,9895e728d00704872748732a9d4f0c823170a120317a087ecf7460a1ab50cd68,353,,,VALID,csr_submitted,8484,7513,971,971,1,13,StorageAttribution,2,2026-03-07T07:33:15.448063815Z,2026-03-07T07:33:17.605852102Z,{},0,"{""proposal"":1713}",1713,True,"x509::CN=Member1@irs3.kit.edu,OU=member+OU=admin,O=irs3.kit.edu,L=Karlsruhe,ST=Baden-Wuerttemberg,C=DE::CN=ca.irs3.kit.edu,O=irs3.kit.edu,L=Karlsruhe,ST=Baden-Wuerttemberg,C=DE",7513,0,7437,,,,,,,,,,,
run_004,csr,operation_id,,,cc_event_observed,,,irs3-member1,csr-irs3-1772868795,irs3,csr-irs3-1772868795,2026-03-07T07:33:20.025832953Z,csr,ac6721db26602b6cee7e282364b4f699129e8dea17d3c5af8f7cb5b40dfc9120,354,,,VALID,csr_voted,24329,23349,980,326.6666666666667,3,13,CSRVoted,2,2026-03-07T07:33:17.792190195Z,2026-03-07T07:33:20.005825538Z,{},0,"{""proposal"":1891,""vote"":290}",2181,True,"x509::CN=Member1@irs3.kit.edu,OU=member+OU=admin,O=irs3.kit.edu,L=Karlsruhe,ST=Baden-Wuerttemberg,C=DE::CN=ca.irs3.kit.edu,O=irs3.kit.edu,L=Karlsruhe,ST=Baden-Wuerttemberg,C=DE",7782,0,7707,,,approve,"x509::CN=Member1@irs4.kit.edu,OU=member+OU=admin,O=irs4.kit.edu,L=Karlsruhe,ST=Baden-Wuerttemberg,C=DE::CN=ca.irs4.kit.edu,O=irs4.kit.edu,L=Karlsruhe,ST=Baden-Wuerttemberg,C=DE",0,1,,,,,
run_004,csr,operation_id,,,cc_event_observed,,,irs3-member1,csr-irs3-1772868795,irs3,csr-irs3-1772868795,2026-03-07T07:33:20.026658879Z,csr,ac6721db26602b6cee7e282364b4f699129e8dea17d3c5af8f7cb5b40dfc9120,354,,,VALID,csr_voted,24329,23349,980,326.6666666666667,3,13,StorageAttribution,2,2026-03-07T07:33:17.792190195Z,2026-03-07T07:33:20.005825538Z,{},0,"{""proposal"":1891,""vote"":290}",2181,True,"x509::CN=Member1@irs3.kit.edu,OU=member+OU=admin,O=irs3.kit.edu,L=Karlsruhe,ST=Baden-Wuerttemberg,C=DE::CN=ca.irs3.kit.edu,O=irs3.kit.edu,L=Karlsruhe,ST=Baden-Wuerttemberg,C=DE",7782,0,7707,,,approve,"x509::CN=Member1@irs4.kit.edu,OU=member+OU=admin,O=irs4.kit.edu,L=Karlsruhe,ST=Baden-Wuerttemberg,C=DE::CN=ca.irs4.kit.edu,O=irs4.kit.edu,L=Karlsruhe,ST=Baden-Wuerttemberg,C=DE",0,1,,,,,
run_004,csr,operation_id,cb799729dc051cea94da151b54a8df1a810f5b1ed72320dd959c47dcc2618738,1,tx_submit_started,VoteOnCSR,2026-03-07T07:33:20.059403991Z,irs3-member1,csr-irs3-1772868795,irs3,csr-irs3-1772868795,2026-03-07T07:33:20.059420695Z,csr,,,,,,,,,,,,,,,,,,,,,,,,,,,,,,,,,,,,
run_004,csr,operation_id,cb799729dc051cea94da151b54a8df1a810f5b1ed72320dd959c47dcc2618738,1,tx_submitted,VoteOnCSR,2026-03-07T07:33:20.059403991Z,irs3-member1,csr-irs3-1772868795,irs3,csr-irs3-1772868795,2026-03-07T07:33:20.108560354Z,csr,b1fe97c55be96263b0e320190f68fc3c671e363b599cb21c75441e6fe0564c1f,,,,,,,,,,,,,,,,,,,,,,,,,,,,,,,,,,,
run_004,csr,operation_id,cb799729dc051cea94da151b54a8df1a810f5b1ed72320dd959c47dcc2618738,1,tx_committed,VoteOnCSR,2026-03-07T07:33:20.059403991Z,irs3-member1,csr-irs3-1772868795,irs3,csr-irs3-1772868795,2026-03-07T07:33:22.328006125Z,csr,b1fe97c55be96263b0e320190f68fc3c671e363b599cb21c75441e6fe0564c1f,355,VALID,2026-03-07T07:33:22.327948866Z,VALID,,,,,,,,,,,,,,,,,,,,,,,,,,,,,,,
run_004,csr,operation_id,,,cc_event_observed,,,irs3-member1,csr-irs3-1772868795,irs3,csr-irs3-1772868795,2026-03-07T07:33:22.344832357Z,csr,b1fe97c55be96263b0e320190f68fc3c671e363b599cb21c75441e6fe0564c1f,355,,,VALID,csr_voted,32823,31839,984,246,4,13,CSRVoted,2,2026-03-07T07:33:20.059509158Z,2026-03-07T07:33:22.328131643Z,{},0,"{""proposal"":2070,""vote"":290}",2360,True,"x509::CN=Member1@irs3.kit.edu,OU=member+OU=admin,O=irs3.kit.edu,L=Karlsruhe,ST=Baden-Wuerttemberg,C=DE::CN=ca.irs3.kit.edu,O=irs3.kit.edu,L=Karlsruhe,ST=Baden-Wuerttemberg,C=DE",7958,0,7882,,,approve,"x509::CN=Member1@irs3.kit.edu,OU=member+OU=admin,O=irs3.kit.edu,L=Karlsruhe,ST=Baden-Wuerttemberg,C=DE::CN=ca.irs3.kit.edu,O=irs3.kit.edu,L=Karlsruhe,ST=Baden-Wuerttemberg,C=DE",0,2,,,,,
run_004,csr,operation_id,,,cc_event_observed,,,irs3-member1,csr-irs3-1772868795,irs3,csr-irs3-1772868795,2026-03-07T07:33:22.344987616Z,csr,b1fe97c55be96263b0e320190f68fc3c671e363b599cb21c75441e6fe0564c1f,355,,,VALID,csr_voted,32823,31839,984,246,4,13,StorageAttribution,2,2026-03-07T07:33:20.059509158Z,2026-03-07T07:33:22.328131643Z,{},0,"{""proposal"":2070,""vote"":290}",2360,True,"x509::CN=Member1@irs3.kit.edu,OU=member+OU=admin,O=irs3.kit.edu,L=Karlsruhe,ST=Baden-Wuerttemberg,C=DE::CN=ca.irs3.kit.edu,O=irs3.kit.edu,L=Karlsruhe,ST=Baden-Wuerttemberg,C=DE",7958,0,7882,,,approve,"x509::CN=Member1@irs3.kit.edu,OU=member+OU=admin,O=irs3.kit.edu,L=Karlsruhe,ST=Baden-Wuerttemberg,C=DE::CN=ca.irs3.kit.edu,O=irs3.kit.edu,L=Karlsruhe,ST=Baden-Wuerttemberg,C=DE",0,2,,,,,
run_004,csr,operation_id,,,cc_event_observed,,,irs3-member1,csr-irs3-1772868795,irs3,csr-irs3-1772868795,2026-03-07T07:33:24.651204469Z,csr,ac4ed595a5fd29915ca3b701ba137fd99fed40a688179c236d3b96a71df9cd88,356,,,VALID,signing_initiated,24544,23565,979,326.3333333333333,3,,SigningInitiated,2,2026-03-07T07:33:22.435017926Z,2026-03-07T07:33:24.639412012Z,,,,,True,,7853,0,7777,,,,,,,,,,,
run_004,csr,operation_id,,,cc_event_observed,,,irs3-member1,csr-irs3-1772868795,irs3,csr-irs3-1772868795,2026-03-07T07:33:28.025362366Z,csr,c84fda70d8bba1c9c84d64e2b4603bfeb8b0dad08a5ec57599aef8930e7165fe,357,,,VALID,signing_initiated,17058,16083,975,487.5,2,,SigningInitiated,2,2026-03-07T07:33:25.659327107Z,2026-03-07T07:33:27.919019941Z,,,,,True,,8044,0,7969,,,,,,,,,,,
run_004,csr,operation_id,,,cc_event_observed,,,irs3-member1,csr-irs3-1772868795,irs3,csr-irs3-1772868795,2026-03-07T07:33:31.883546559Z,csr,8959112bf3aff54d1377afbf25820424a7b5ded0bddd6714414c99e1d381e6b4,358,,,VALID,signing_initiated,9191,8220,971,971,1,,SigningInitiated,2,2026-03-07T07:33:29.638930655Z,2026-03-07T07:33:31.869862918Z,,,,,True,,8220,0,8144,,,,,,,,,,,
run_004,csr,operation_id,95c2f6296c99dd66b2b3ce15f8cfc9ff5698fc04e800bb0c81734d9a660dbe36,1,tx_submit_started,SubmitPartialSignature,2026-03-07T07:33:32.197309244Z,irs3-member1,csr-irs3-1772868795,irs3,csr-irs3-1772868795,2026-03-07T07:33:32.197339373Z,csr,,,,,,,,,,,,,,,,,,,,,,,,,,,,,,,,,,,,
run_004,csr,operation_id,95c2f6296c99dd66b2b3ce15f8cfc9ff5698fc04e800bb0c81734d9a660dbe36,1,tx_submitted,SubmitPartialSignature,2026-03-07T07:33:32.197309244Z,irs3-member1,csr-irs3-1772868795,irs3,csr-irs3-1772868795,2026-03-07T07:33:32.269208409Z,csr,962385ac82bcad087c5be7f1d569c8a32d2a9004588de51356c31db40cf05177,,,,,,,,,,,,,,,,,,,,,,,,,,,,,,,,,,,
run_004,csr,operation_id,95c2f6296c99dd66b2b3ce15f8cfc9ff5698fc04e800bb0c81734d9a660dbe36,1,tx_failed,SubmitPartialSignature,,irs3-member1,csr-irs3-1772868795,irs3,csr-irs3-1772868795,2026-03-07T07:33:34.39347415Z,csr,962385ac82bcad087c5be7f1d569c8a32d2a9004588de51356c31db40cf05177,359,,,MVCC_READ_CONFLICT,,,,,,,,,,,,,,,,,,,,,transaction 962385ac82bcad087c5be7f1d569c8a32d2a9004588de51356c31db40cf05177 failed with status MVCC_READ_CONFLICT (11) in block 359,validation,,,,,,,,,
run_004,csr,operation_id,95c2f6296c99dd66b2b3ce15f8cfc9ff5698fc04e800bb0c81734d9a660dbe36,2,tx_submit_started,SubmitPartialSignature,2026-03-07T07:33:34.659081102Z,irs3-member1,csr-irs3-1772868795,irs3,csr-irs3-1772868795,2026-03-07T07:33:34.659306083Z,csr,,,,,,,,,,,,,,,,,,,,,,,,,,,,,,,,,,,,
run_004,csr,operation_id,95c2f6296c99dd66b2b3ce15f8cfc9ff5698fc04e800bb0c81734d9a660dbe36,2,tx_submitted,SubmitPartialSignature,2026-03-07T07:33:34.659081102Z,irs3-member1,csr-irs3-1772868795,irs3,csr-irs3-1772868795,2026-03-07T07:33:34.716242368Z,csr,174ca9659507f3b01a9b4527ed89ff5eec9feba4d8256bb361f3d3571e9c59c6,,,,,,,,,,,,,,,,,,,,,,,,,,,,,,,,,,,
run_004,csr,operation_id,95c2f6296c99dd66b2b3ce15f8cfc9ff5698fc04e800bb0c81734d9a660dbe36,2,tx_failed,SubmitPartialSignature,,irs3-member1,csr-irs3-1772868795,irs3,csr-irs3-1772868795,2026-03-07T07:33:36.887850119Z,csr,174ca9659507f3b01a9b4527ed89ff5eec9feba4d8256bb361f3d3571e9c59c6,360,,,MVCC_READ_CONFLICT,,,,,,,,,,,,,,,,,,,,,transaction 174ca9659507f3b01a9b4527ed89ff5eec9feba4d8256bb361f3d3571e9c59c6 failed with status MVCC_READ_CONFLICT (11) in block 360,validation,,,,,,,,,
run_004,csr,operation_id,,,cc_event_observed,,,irs3-member1,csr-irs3-1772868795,irs3,csr-irs3-1772868795,2026-03-07T07:33:36.902461075Z,csr,22ecf6f7f79d7b5848dfa49f993586992cdd7eed689edd62906d2f18fbb5bf3c,360,,,VALID,threshold_reached,26318,25335,983,245.75,4,,ThresholdReached,2,2026-03-07T07:33:34.643388229Z,2026-03-07T07:33:36.888611897Z,,,,,True,,6337,0,6262,,,,,,,,,,,
run_004,csr,operation_id,95c2f6296c99dd66b2b3ce15f8cfc9ff5698fc04e800bb0c81734d9a660dbe36,3,tx_submit_started,SubmitPartialSignature,2026-03-07T07:33:37.312860671Z,irs3-member1,csr-irs3-1772868795,irs3,csr-irs3-1772868795,2026-03-07T07:33:37.312937393Z,csr,,,,,,,,,,,,,,,,,,,,,,,,,,,,,,,,,,,,
run_004,csr,operation_id,95c2f6296c99dd66b2b3ce15f8cfc9ff5698fc04e800bb0c81734d9a660dbe36,3,tx_failed,SubmitPartialSignature,,irs3-member1,csr-irs3-1772868795,irs3,csr-irs3-1772868795,2026-03-07T07:33:37.388630927Z,csr,fa02c6f224a7e1404661f55dc375b78bdc30c523aaedbbb05ccb78b42623a44d,,,,,,,,,,,,,,,,,,,,,,,,,"endorse error: rpc error: code = Aborted desc = failed to endorse transaction, see attached details for more info
Details:
  - Address: peer0.irs3.kit.edu:7051
    MspId: IRS3MSP
    Message: chaincode response 500, signing session is not active
  - Address: peer1.irs3.kit.edu:8051
    MspId: IRS3MSP
    Message: chaincode response 500, signing session is not active
  - Address: peer3.irs3.kit.edu:10051
    MspId: IRS3MSP
    Message: chaincode response 500, signing session is not active
  - Address: peer2.irs3.kit.edu:9051
    MspId: IRS3MSP
    Message: chaincode response 500, signing session is not active",endorse,,,,,,,,,
run_004,csr,operation_id,,,cc_event_observed,,,irs3-member1,csr-irs3-1772868795,irs3,csr-irs3-1772868795,2026-03-07T07:33:41.134372986Z,csr,ee2022684611f1aa26e4da165466616b0c642b8c636c3767791ce0eb0b735e20,361,,,VALID,certificate_registered,26733,25757,976,488,2,13,CertificateRegistered,2,2026-03-07T07:33:38.890694058Z,2026-03-07T07:33:41.123694659Z,{},0,"{""active_index"":19,""certificate"":1777,""merkle_state"":1516,""proposal"":2609}",5921,True,,12884,0,12808,,,,,,,d1ef424033cbb7cc8f0454c4c806195fb209ec250ca1aaddbdb10d79ad9cb2c3,"x509::CN=Member1@irs3.kit.edu,OU=member+OU=admin,O=irs3.kit.edu,L=Karlsruhe,ST=Baden-Wuerttemberg,C=DE::CN=ca.irs3.kit.edu,O=irs3.kit.edu,L=Karlsruhe,ST=Baden-Wuerttemberg,C=DE",,,
run_004,csr,operation_id,,,cc_event_observed,,,irs3-member1,csr-irs3-1772868795,irs3,csr-irs3-1772868795,2026-03-07T07:33:41.134582246Z,csr,ee2022684611f1aa26e4da165466616b0c642b8c636c3767791ce0eb0b735e20,361,,,VALID,certificate_registered,26733,25757,976,488,2,13,StorageAttribution,2,2026-03-07T07:33:38.890694058Z,2026-03-07T07:33:41.123694659Z,{},0,"{""active_index"":19,""certificate"":1777,""merkle_state"":1516,""proposal"":2609}",5921,True,,12884,0,12808,,,,,,,d1ef424033cbb7cc8f0454c4c806195fb209ec250ca1aaddbdb10d79ad9cb2c3,"x509::CN=Member1@irs3.kit.edu,OU=member+OU=admin,O=irs3.kit.edu,L=Karlsruhe,ST=Baden-Wuerttemberg,C=DE::CN=ca.irs3.kit.edu,O=irs3.kit.edu,L=Karlsruhe,ST=Baden-Wuerttemberg,C=DE",,,
run_004,revocation,operation_id,eba54c7ee088b744211368e8598da7f81daf3d15db45c55d533e4886597c9475,1,tx_submit_started,ProposeRevocation,2026-03-07T07:33:52.91361534Z,irs3-member1,revoke-irs3-1772868832,irs3,revoke-irs3-1772868832,2026-03-07T07:33:52.913644988Z,revocation,,,,,,,,,,,,,,,,,,,,,,,,,,,,,,,,,,,,
run_004,revocation,operation_id,eba54c7ee088b744211368e8598da7f81daf3d15db45c55d533e4886597c9475,1,tx_submitted,ProposeRevocation,2026-03-07T07:33:52.91361534Z,irs3-member1,revoke-irs3-1772868832,irs3,revoke-irs3-1772868832,2026-03-07T07:33:52.973119752Z,revocation,2304ca9785b1d0ab190e311d09647fe31c9447f3bbcf51b452802bcbee6086d0,,,,,,,,,,,,,,,,,,,,,,,,,,,,,,,,,,,
run_004,revocation,operation_id,eba54c7ee088b744211368e8598da7f81daf3d15db45c55d533e4886597c9475,1,tx_committed,ProposeRevocation,2026-03-07T07:33:52.91361534Z,irs3-member1,revoke-irs3-1772868832,irs3,revoke-irs3-1772868832,2026-03-07T07:33:55.061151115Z,revocation,2304ca9785b1d0ab190e311d09647fe31c9447f3bbcf51b452802bcbee6086d0,363,VALID,2026-03-07T07:33:55.061094522Z,VALID,,,,,,,,,,,,,,,,,,,,,,,,,,,,,,,
run_004,revocation,operation_id,,,cc_event_observed,,,irs3-member1,revoke-irs3-1772868832,irs3,revoke-irs3-1772868832,2026-03-07T07:33:55.074876293Z,revocation,2304ca9785b1d0ab190e311d09647fe31c9447f3bbcf51b452802bcbee6086d0,363,,,VALID,revocation_proposed,7127,6157,970,970,1,13,RevocationProposed,2,2026-03-07T07:33:52.913850191Z,2026-03-07T07:33:55.061718133Z,{},0,"{""proposal"":607}",607,True,,6157,0,6081,,,,,,,,"x509::CN=Member1@irs3.kit.edu,OU=member+OU=admin,O=irs3.kit.edu,L=Karlsruhe,ST=Baden-Wuerttemberg,C=DE::CN=ca.irs3.kit.edu,O=irs3.kit.edu,L=Karlsruhe,ST=Baden-Wuerttemberg,C=DE",benchmark,,
run_004,revocation,operation_id,,,cc_event_observed,,,irs3-member1,revoke-irs3-1772868832,irs3,revoke-irs3-1772868832,2026-03-07T07:33:55.075247867Z,revocation,2304ca9785b1d0ab190e311d09647fe31c9447f3bbcf51b452802bcbee6086d0,363,,,VALID,revocation_proposed,7127,6157,970,970,1,13,StorageAttribution,2,2026-03-07T07:33:52.913850191Z,2026-03-07T07:33:55.061718133Z,{},0,"{""proposal"":607}",607,True,,6157,0,6081,,,,,,,,"x509::CN=Member1@irs3.kit.edu,OU=member+OU=admin,O=irs3.kit.edu,L=Karlsruhe,ST=Baden-Wuerttemberg,C=DE::CN=ca.irs3.kit.edu,O=irs3.kit.edu,L=Karlsruhe,ST=Baden-Wuerttemberg,C=DE",benchmark,,
run_004,revocation,operation_id,c52278fb34f894ff5d97c838831cf9e9ddcbe28fd196fe28ce859cc89500713d,1,tx_submit_started,VoteOnRevocation,2026-03-07T07:33:56.017734491Z,irs3-member1,revoke-irs3-1772868832,irs3,revoke-irs3-1772868832,2026-03-07T07:33:56.017753621Z,revocation,,,,,,,,,,,,,,,,,,,,,,,,,,,,,,,,,,,,
run_004,revocation,operation_id,c52278fb34f894ff5d97c838831cf9e9ddcbe28fd196fe28ce859cc89500713d,1,tx_submitted,VoteOnRevocation,2026-03-07T07:33:56.017734491Z,irs3-member1,revoke-irs3-1772868832,irs3,revoke-irs3-1772868832,2026-03-07T07:33:56.065249003Z,revocation,e16ec3561810c4ef79b4adeaa5ed5ad9ead167dd9acb48510691049e91be5565,,,,,,,,,,,,,,,,,,,,,,,,,,,,,,,,,,,
run_004,revocation,operation_id,c52278fb34f894ff5d97c838831cf9e9ddcbe28fd196fe28ce859cc89500713d,1,tx_failed,VoteOnRevocation,,irs3-member1,revoke-irs3-1772868832,irs3,revoke-irs3-1772868832,2026-03-07T07:33:57.623530556Z,revocation,e16ec3561810c4ef79b4adeaa5ed5ad9ead167dd9acb48510691049e91be5565,364,,,MVCC_READ_CONFLICT,,,,,,,,,,,,,,,,,,,,,transaction e16ec3561810c4ef79b4adeaa5ed5ad9ead167dd9acb48510691049e91be5565 failed with status MVCC_READ_CONFLICT (11) in block 364,validation,,,,,,,,,
run_004,revocation,operation_id,,,cc_event_observed,,,irs3-member1,revoke-irs3-1772868832,irs3,revoke-irs3-1772868832,2026-03-07T07:33:57.638295122Z,revocation,671405fb665df1cbef91ec5eb95bd1d13943fc75ff8e25dfdf64fdebb945963d,364,,,VALID,revocation_voted,34559,33571,988,197.6,5,13,RevocationVoted,2,2026-03-07T07:33:55.405179082Z,2026-03-07T07:33:57.624440926Z,{},0,"{""proposal"":785,""vote"":292}",1077,True,,6718,0,6642,,,approve,"x509::CN=Member1@irs1.kit.edu,OU=member+OU=admin,O=irs1.kit.edu,L=Karlsruhe,ST=Baden-Wuerttemberg,C=DE::CN=ca.irs1.kit.edu,O=irs1.kit.edu,L=Karlsruhe,ST=Baden-Wuerttemberg,C=DE",0,1,,"x509::CN=Member1@irs3.kit.edu,OU=member+OU=admin,O=irs3.kit.edu,L=Karlsruhe,ST=Baden-Wuerttemberg,C=DE::CN=ca.irs3.kit.edu,O=irs3.kit.edu,L=Karlsruhe,ST=Baden-Wuerttemberg,C=DE",,,
run_004,revocation,operation_id,,,cc_event_observed,,,irs3-member1,revoke-irs3-1772868832,irs3,revoke-irs3-1772868832,2026-03-07T07:33:57.638545751Z,revocation,671405fb665df1cbef91ec5eb95bd1d13943fc75ff8e25dfdf64fdebb945963d,364,,,VALID,revocation_voted,34559,33571,988,197.6,5,13,StorageAttribution,2,2026-03-07T07:33:55.405179082Z,2026-03-07T07:33:57.624440926Z,{},0,"{""proposal"":785,""vote"":292}",1077,True,,6718,0,6642,,,approve,"x509::CN=Member1@irs1.kit.edu,OU=member+OU=admin,O=irs1.kit.edu,L=Karlsruhe,ST=Baden-Wuerttemberg,C=DE::CN=ca.irs1.kit.edu,O=irs1.kit.edu,L=Karlsruhe,ST=Baden-Wuerttemberg,C=DE",0,1,,"x509::CN=Member1@irs3.kit.edu,OU=member+OU=admin,O=irs3.kit.edu,L=Karlsruhe,ST=Baden-Wuerttemberg,C=DE::CN=ca.irs3.kit.edu,O=irs3.kit.edu,L=Karlsruhe,ST=Baden-Wuerttemberg,C=DE",,,
run_004,revocation,operation_id,c52278fb34f894ff5d97c838831cf9e9ddcbe28fd196fe28ce859cc89500713d,2,tx_submit_started,VoteOnRevocation,2026-03-07T07:33:57.919211508Z,irs3-member1,revoke-irs3-1772868832,irs3,revoke-irs3-1772868832,2026-03-07T07:33:57.919258045Z,revocation,,,,,,,,,,,,,,,,,,,,,,,,,,,,,,,,,,,,
run_004,revocation,operation_id,c52278fb34f894ff5d97c838831cf9e9ddcbe28fd196fe28ce859cc89500713d,2,tx_submitted,VoteOnRevocation,2026-03-07T07:33:57.919211508Z,irs3-member1,revoke-irs3-1772868832,irs3,revoke-irs3-1772868832,2026-03-07T07:33:57.983471474Z,revocation,7c660c20da4d0b3b90e8104d64ca8f3ab1fd3141d7f1ce9e9ca22a9c1746973d,,,,,,,,,,,,,,,,,,,,,,,,,,,,,,,,,,,
run_004,revocation,operation_id,c52278fb34f894ff5d97c838831cf9e9ddcbe28fd196fe28ce859cc89500713d,2,tx_failed,VoteOnRevocation,,irs3-member1,revoke-irs3-1772868832,irs3,revoke-irs3-1772868832,2026-03-07T07:34:00.100210134Z,revocation,7c660c20da4d0b3b90e8104d64ca8f3ab1fd3141d7f1ce9e9ca22a9c1746973d,365,,,MVCC_READ_CONFLICT,,,,,,,,,,,,,,,,,,,,,transaction 7c660c20da4d0b3b90e8104d64ca8f3ab1fd3141d7f1ce9e9ca22a9c1746973d failed with status MVCC_READ_CONFLICT (11) in block 365,validation,,,,,,,,,
run_004,revocation,operation_id,,,cc_event_observed,,,irs3-member1,revoke-irs3-1772868832,irs3,revoke-irs3-1772868832,2026-03-07T07:34:00.110001962Z,revocation,2af2535a9c5a31d5e0692da80093d8ccc91d1ae410531ffb4f0da7684962429b,365,,,VALID,revocation_voted,28563,27579,984,246,4,13,RevocationVoted,2,2026-03-07T07:33:57.863820051Z,2026-03-07T07:34:00.100346541Z,{},0,"{""proposal"":964,""vote"":292}",1256,True,,6892,0,6817,,,approve,"x509::CN=Member1@irs2.kit.edu,OU=member+OU=admin,O=irs2.kit.edu,L=Karlsruhe,ST=Baden-Wuerttemberg,C=DE::CN=ca.irs2.kit.edu,O=irs2.kit.edu,L=Karlsruhe,ST=Baden-Wuerttemberg,C=DE",0,2,,"x509::CN=Member1@irs3.kit.edu,OU=member+OU=admin,O=irs3.kit.edu,L=Karlsruhe,ST=Baden-Wuerttemberg,C=DE::CN=ca.irs3.kit.edu,O=irs3.kit.edu,L=Karlsruhe,ST=Baden-Wuerttemberg,C=DE",,,
run_004,revocation,operation_id,,,cc_event_observed,,,irs3-member1,revoke-irs3-1772868832,irs3,revoke-irs3-1772868832,2026-03-07T07:34:00.110192129Z,revocation,2af2535a9c5a31d5e0692da80093d8ccc91d1ae410531ffb4f0da7684962429b,365,,,VALID,revocation_voted,28563,27579,984,246,4,13,StorageAttribution,2,2026-03-07T07:33:57.863820051Z,2026-03-07T07:34:00.100346541Z,{},0,"{""proposal"":964,""vote"":292}",1256,True,,6892,0,6817,,,approve,"x509::CN=Member1@irs2.kit.edu,OU=member+OU=admin,O=irs2.kit.edu,L=Karlsruhe,ST=Baden-Wuerttemberg,C=DE::CN=ca.irs2.kit.edu,O=irs2.kit.edu,L=Karlsruhe,ST=Baden-Wuerttemberg,C=DE",0,2,,"x509::CN=Member1@irs3.kit.edu,OU=member+OU=admin,O=irs3.kit.edu,L=Karlsruhe,ST=Baden-Wuerttemberg,C=DE::CN=ca.irs3.kit.edu,O=irs3.kit.edu,L=Karlsruhe,ST=Baden-Wuerttemberg,C=DE",,,
run_004,revocation,operation_id,c52278fb34f894ff5d97c838831cf9e9ddcbe28fd196fe28ce859cc89500713d,3,tx_submit_started,VoteOnRevocation,2026-03-07T07:34:00.536670529Z,irs3-member1,revoke-irs3-1772868832,irs3,revoke-irs3-1772868832,2026-03-07T07:34:00.536752844Z,revocation,,,,,,,,,,,,,,,,,,,,,,,,,,,,,,,,,,,,
run_004,revocation,operation_id,c52278fb34f894ff5d97c838831cf9e9ddcbe28fd196fe28ce859cc89500713d,3,tx_submitted,VoteOnRevocation,2026-03-07T07:34:00.536670529Z,irs3-member1,revoke-irs3-1772868832,irs3,revoke-irs3-1772868832,2026-03-07T07:34:00.612616026Z,revocation,a5a40ae7969bbab22bc1bf169f4a36aabd5ecb595a596bf9d91ae5ed3bcf8f0f,,,,,,,,,,,,,,,,,,,,,,,,,,,,,,,,,,,
run_004,revocation,operation_id,c52278fb34f894ff5d97c838831cf9e9ddcbe28fd196fe28ce859cc89500713d,3,tx_committed,VoteOnRevocation,2026-03-07T07:34:00.536670529Z,irs3-member1,revoke-irs3-1772868832,irs3,revoke-irs3-1772868832,2026-03-07T07:34:02.790073597Z,revocation,a5a40ae7969bbab22bc1bf169f4a36aabd5ecb595a596bf9d91ae5ed3bcf8f0f,366,VALID,2026-03-07T07:34:02.790013523Z,VALID,,,,,,,,,,,,,,,,,,,,,,,,,,,,,,,
run_004,revocation,operation_id,,,cc_event_observed,,,irs3-member1,revoke-irs3-1772868832,irs3,revoke-irs3-1772868832,2026-03-07T07:34:02.803814552Z,revocation,a5a40ae7969bbab22bc1bf169f4a36aabd5ecb595a596bf9d91ae5ed3bcf8f0f,366,,,VALID,certificate_revoked,33183,32204,979,326.3333333333333,3,13,NodeRevoked,2,2026-03-07T07:34:00.537481085Z,2026-03-07T07:34:02.790087634Z,"{""active_index"":19}",19,"{""certificate"":1805,""merkle_state"":1586}",3391,True,,10738,0,10662,,,,,,,,"x509::CN=Member1@irs3.kit.edu,OU=member+OU=admin,O=irs3.kit.edu,L=Karlsruhe,ST=Baden-Wuerttemberg,C=DE::CN=ca.irs3.kit.edu,O=irs3.kit.edu,L=Karlsruhe,ST=Baden-Wuerttemberg,C=DE",benchmark,,
run_004,revocation,operation_id,,,cc_event_observed,,,irs3-member1,revoke-irs3-1772868832,irs3,revoke-irs3-1772868832,2026-03-07T07:34:02.804017626Z,revocation,a5a40ae7969bbab22bc1bf169f4a36aabd5ecb595a596bf9d91ae5ed3bcf8f0f,366,,,VALID,certificate_revoked,33183,32204,979,326.3333333333333,3,13,StorageAttribution,2,2026-03-07T07:34:00.537481085Z,2026-03-07T07:34:02.790087634Z,"{""active_index"":19}",19,"{""certificate"":1805,""merkle_state"":1586}",3391,True,,10738,0,10662,,,,,,,,"x509::CN=Member1@irs3.kit.edu,OU=member+OU=admin,O=irs3.kit.edu,L=Karlsruhe,ST=Baden-Wuerttemberg,C=DE::CN=ca.irs3.kit.edu,O=irs3.kit.edu,L=Karlsruhe,ST=Baden-Wuerttemberg,C=DE",benchmark,,
run_004,removal,operation_id,cb4a145a7943880a53bf29bdb93876c958318c23efe0bad64794c039c68ac9f3,1,tx_submit_started,ProposeRemoveMember,2026-03-07T07:34:11.410802051Z,irs3-member1,remove-irs3-member1-1772868851,irs3,remove-irs3-member1-1772868851,2026-03-07T07:34:11.410834495Z,removal,,,,,,,,,,,,,,,,,,,,,,,,,,,,,,,,,,,,
run_004,removal,operation_id,cb4a145a7943880a53bf29bdb93876c958318c23efe0bad64794c039c68ac9f3,1,tx_submitted,ProposeRemoveMember,2026-03-07T07:34:11.410802051Z,irs3-member1,remove-irs3-member1-1772868851,irs3,remove-irs3-member1-1772868851,2026-03-07T07:34:11.522220102Z,removal,262bd7ba1c3012616ce6e6bd4eddf7afff4b55b33728343c3953cdce9861a57a,,,,,,,,,,,,,,,,,,,,,,,,,,,,,,,,,,,
run_004,removal,operation_id,cb4a145a7943880a53bf29bdb93876c958318c23efe0bad64794c039c68ac9f3,1,tx_committed,ProposeRemoveMember,2026-03-07T07:34:11.410802051Z,irs3-member1,remove-irs3-member1-1772868851,irs3,remove-irs3-member1-1772868851,2026-03-07T07:34:13.638123462Z,removal,262bd7ba1c3012616ce6e6bd4eddf7afff4b55b33728343c3953cdce9861a57a,367,VALID,2026-03-07T07:34:13.638021202Z,VALID,,,,,,,,,,,,,,,,,,,,,,,,,,,,,,,
run_004,removal,operation_id,,,cc_event_observed,,,irs3-member1,remove-irs3-member1-1772868851,irs3,remove-irs3-member1-1772868851,2026-03-07T07:34:13.649624548Z,removal,262bd7ba1c3012616ce6e6bd4eddf7afff4b55b33728343c3953cdce9861a57a,367,,,VALID,member_removal_proposed,8005,7035,970,970,1,13,MemberRemovalProposed,2,2026-03-07T07:34:11.411046736Z,2026-03-07T07:34:13.638984498Z,{},0,"{""proposal"":638}",638,True,"x509::CN=Member1@irs3.kit.edu,OU=member+OU=admin,O=irs3.kit.edu,L=Karlsruhe,ST=Baden-Wuerttemberg,C=DE::CN=ca.irs3.kit.edu,O=irs3.kit.edu,L=Karlsruhe,ST=Baden-Wuerttemberg,C=DE",7035,0,6959,,,,,,,,,,"x509::CN=Member1@irs3.kit.edu,OU=member+OU=admin,O=irs3.kit.edu,L=Karlsruhe,ST=Baden-Wuerttemberg,C=DE::CN=ca.irs3.kit.edu,O=irs3.kit.edu,L=Karlsruhe,ST=Baden-Wuerttemberg,C=DE",
run_004,removal,operation_id,,,cc_event_observed,,,irs3-member1,remove-irs3-member1-1772868851,irs3,remove-irs3-member1-1772868851,2026-03-07T07:34:13.649839529Z,removal,262bd7ba1c3012616ce6e6bd4eddf7afff4b55b33728343c3953cdce9861a57a,367,,,VALID,member_removal_proposed,8005,7035,970,970,1,13,StorageAttribution,2,2026-03-07T07:34:11.411046736Z,2026-03-07T07:34:13.638984498Z,{},0,"{""proposal"":638}",638,True,"x509::CN=Member1@irs3.kit.edu,OU=member+OU=admin,O=irs3.kit.edu,L=Karlsruhe,ST=Baden-Wuerttemberg,C=DE::CN=ca.irs3.kit.edu,O=irs3.kit.edu,L=Karlsruhe,ST=Baden-Wuerttemberg,C=DE",7035,0,6959,,,,,,,,,,"x509::CN=Member1@irs3.kit.edu,OU=member+OU=admin,O=irs3.kit.edu,L=Karlsruhe,ST=Baden-Wuerttemberg,C=DE::CN=ca.irs3.kit.edu,O=irs3.kit.edu,L=Karlsruhe,ST=Baden-Wuerttemberg,C=DE",
run_004,removal,operation_id,a3a1d92a6a88dae8e9f6d97595249cc6d1b99f1fcc312ecd8920111e8b934f75,1,tx_submit_started,VoteOnRemoveMember,2026-03-07T07:34:13.955913772Z,irs3-member1,remove-irs3-member1-1772868851,irs3,remove-irs3-member1-1772868851,2026-03-07T07:34:13.955936383Z,removal,,,,,,,,,,,,,,,,,,,,,,,,,,,,,,,,,,,,
run_004,removal,operation_id,a3a1d92a6a88dae8e9f6d97595249cc6d1b99f1fcc312ecd8920111e8b934f75,1,tx_submitted,VoteOnRemoveMember,2026-03-07T07:34:13.955913772Z,irs3-member1,remove-irs3-member1-1772868851,irs3,remove-irs3-member1-1772868851,2026-03-07T07:34:14.022621717Z,removal,2a435af59311cd735f0bb57d7655e01fd9463f9499fdbe42bb007008bf392b6b,,,,,,,,,,,,,,,,,,,,,,,,,,,,,,,,,,,
run_004,removal,operation_id,a3a1d92a6a88dae8e9f6d97595249cc6d1b99f1fcc312ecd8920111e8b934f75,1,tx_committed,VoteOnRemoveMember,2026-03-07T07:34:13.955913772Z,irs3-member1,remove-irs3-member1-1772868851,irs3,remove-irs3-member1-1772868851,2026-03-07T07:34:16.182324775Z,removal,2a435af59311cd735f0bb57d7655e01fd9463f9499fdbe42bb007008bf392b6b,368,VALID,2026-03-07T07:34:16.182272367Z,VALID,,,,,,,,,,,,,,,,,,,,,,,,,,,,,,,
run_004,removal,operation_id,,,cc_event_observed,,,irs3-member1,remove-irs3-member1-1772868851,irs3,remove-irs3-member1-1772868851,2026-03-07T07:34:16.202160727Z,removal,2a435af59311cd735f0bb57d7655e01fd9463f9499fdbe42bb007008bf392b6b,368,,,VALID,member_removal_voted,29441,28458,983,245.75,4,13,MemberRemovalVoted,2,2026-03-07T07:34:13.956100753Z,2026-03-07T07:34:16.1841822Z,{},0,"{""proposal"":816,""vote"":292}",1108,True,,7112,0,7036,,,approve,"x509::CN=Member1@irs3.kit.edu,OU=member+OU=admin,O=irs3.kit.edu,L=Karlsruhe,ST=Baden-Wuerttemberg,C=DE::CN=ca.irs3.kit.edu,O=irs3.kit.edu,L=Karlsruhe,ST=Baden-Wuerttemberg,C=DE",0,1,,,,"x509::CN=Member1@irs3.kit.edu,OU=member+OU=admin,O=irs3.kit.edu,L=Karlsruhe,ST=Baden-Wuerttemberg,C=DE::CN=ca.irs3.kit.edu,O=irs3.kit.edu,L=Karlsruhe,ST=Baden-Wuerttemberg,C=DE",
run_004,removal,operation_id,,,cc_event_observed,,,irs3-member1,remove-irs3-member1-1772868851,irs3,remove-irs3-member1-1772868851,2026-03-07T07:34:16.202443782Z,removal,2a435af59311cd735f0bb57d7655e01fd9463f9499fdbe42bb007008bf392b6b,368,,,VALID,member_removal_voted,29441,28458,983,245.75,4,13,StorageAttribution,2,2026-03-07T07:34:13.956100753Z,2026-03-07T07:34:16.1841822Z,{},0,"{""proposal"":816,""vote"":292}",1108,True,,7112,0,7036,,,approve,"x509::CN=Member1@irs3.kit.edu,OU=member+OU=admin,O=irs3.kit.edu,L=Karlsruhe,ST=Baden-Wuerttemberg,C=DE::CN=ca.irs3.kit.edu,O=irs3.kit.edu,L=Karlsruhe,ST=Baden-Wuerttemberg,C=DE",0,1,,,,"x509::CN=Member1@irs3.kit.edu,OU=member+OU=admin,O=irs3.kit.edu,L=Karlsruhe,ST=Baden-Wuerttemberg,C=DE::CN=ca.irs3.kit.edu,O=irs3.kit.edu,L=Karlsruhe,ST=Baden-Wuerttemberg,C=DE",
run_004,removal,operation_id,,,cc_event_observed,,,irs3-member1,remove-irs3-member1-1772868851,irs3,remove-irs3-member1-1772868851,2026-03-07T07:34:18.574770817Z,removal,6c7425b46d62e6a63ad74dab59bdb81284f75d4c2b30a24efe1e2460eb2c52b0,369,,,VALID,member_removal_voted,30152,29169,983,245.75,4,13,MemberRemovalVoted,2,2026-03-07T07:34:16.334411632Z,2026-03-07T07:34:18.564032063Z,{},0,"{""proposal"":995,""vote"":292}",1287,True,,7297,0,7222,,,approve,"x509::CN=Member1@irs1.kit.edu,OU=member+OU=admin,O=irs1.kit.edu,L=Karlsruhe,ST=Baden-Wuerttemberg,C=DE::CN=ca.irs1.kit.edu,O=irs1.kit.edu,L=Karlsruhe,ST=Baden-Wuerttemberg,C=DE",0,2,,,,"x509::CN=Member1@irs3.kit.edu,OU=member+OU=admin,O=irs3.kit.edu,L=Karlsruhe,ST=Baden-Wuerttemberg,C=DE::CN=ca.irs3.kit.edu,O=irs3.kit.edu,L=Karlsruhe,ST=Baden-Wuerttemberg,C=DE",
run_004,removal,operation_id,,,cc_event_observed,,,irs3-member1,remove-irs3-member1-1772868851,irs3,remove-irs3-member1-1772868851,2026-03-07T07:34:18.575047854Z,removal,6c7425b46d62e6a63ad74dab59bdb81284f75d4c2b30a24efe1e2460eb2c52b0,369,,,VALID,member_removal_voted,30152,29169,983,245.75,4,13,StorageAttribution,2,2026-03-07T07:34:16.334411632Z,2026-03-07T07:34:18.564032063Z,{},0,"{""proposal"":995,""vote"":292}",1287,True,,7297,0,7222,,,approve,"x509::CN=Member1@irs1.kit.edu,OU=member+OU=admin,O=irs1.kit.edu,L=Karlsruhe,ST=Baden-Wuerttemberg,C=DE::CN=ca.irs1.kit.edu,O=irs1.kit.edu,L=Karlsruhe,ST=Baden-Wuerttemberg,C=DE",0,2,,,,"x509::CN=Member1@irs3.kit.edu,OU=member+OU=admin,O=irs3.kit.edu,L=Karlsruhe,ST=Baden-Wuerttemberg,C=DE::CN=ca.irs3.kit.edu,O=irs3.kit.edu,L=Karlsruhe,ST=Baden-Wuerttemberg,C=DE",
run_004,removal,operation_id,,,cc_event_observed,,,irs3-member1,remove-irs3-member1-1772868851,irs3,remove-irs3-member1-1772868851,2026-03-07T07:34:21.313826949Z,removal,a7cb4fd37d662e0310e8c367577b3b59f97b6a61e2b86a64d01f2a0e57b506d9,370,,,VALID,member_removed,32102,31123,979,326.3333333333333,3,14,MemberRemoved,2,2026-03-07T07:34:19.027839177Z,2026-03-07T07:34:21.302574529Z,{},0,"{""ca_state"":1172}",1172,True,,10374,0,10298,,,,,,,,,,"x509::CN=Member1@irs3.kit.edu,OU=member+OU=admin,O=irs3.kit.edu,L=Karlsruhe,ST=Baden-Wuerttemberg,C=DE::CN=ca.irs3.kit.edu,O=irs3.kit.edu,L=Karlsruhe,ST=Baden-Wuerttemberg,C=DE",
run_004,removal,operation_id,,,cc_event_observed,,,irs3-member1,remove-irs3-member1-1772868851,irs3,remove-irs3-member1-1772868851,2026-03-07T07:34:21.314085837Z,removal,a7cb4fd37d662e0310e8c367577b3b59f97b6a61e2b86a64d01f2a0e57b506d9,370,,,VALID,member_removed,32102,31123,979,326.3333333333333,3,14,StorageAttribution,2,2026-03-07T07:34:19.027839177Z,2026-03-07T07:34:21.302574529Z,{},0,"{""ca_state"":1172}",1172,True,,10374,0,10298,,,,,,,,,,"x509::CN=Member1@irs3.kit.edu,OU=member+OU=admin,O=irs3.kit.edu,L=Karlsruhe,ST=Baden-Wuerttemberg,C=DE::CN=ca.irs3.kit.edu,O=irs3.kit.edu,L=Karlsruhe,ST=Baden-Wuerttemberg,C=DE",
run_004,join,operation_id,d7932d7df24c5e57f353013d428f39d302d82da4a5ccd7d4841e0b8b0d4e5335,1,tx_submit_started,RequestJoinCA,2026-03-07T07:35:08.506824617Z,irs3-member1,join-irs3-1772868908,irs3,join-irs3-1772868908,2026-03-07T07:35:08.506847672Z,join,,,,,,,,,,,,,,,,,,,,,,,,,,,,,,,,,,,,
run_004,join,operation_id,d7932d7df24c5e57f353013d428f39d302d82da4a5ccd7d4841e0b8b0d4e5335,1,tx_submitted,RequestJoinCA,2026-03-07T07:35:08.506824617Z,irs3-member1,join-irs3-1772868908,irs3,join-irs3-1772868908,2026-03-07T07:35:08.581728668Z,join,4ad5bf2ef7d9fb2fc87fd1ec1e434ef200c0b961df3d6321941000e22e0fbe27,,,,,,,,,,,,,,,,,,,,,,,,,,,,,,,,,,,
run_004,join,operation_id,d7932d7df24c5e57f353013d428f39d302d82da4a5ccd7d4841e0b8b0d4e5335,1,tx_committed,RequestJoinCA,2026-03-07T07:35:08.506824617Z,irs3-member1,join-irs3-1772868908,irs3,join-irs3-1772868908,2026-03-07T07:35:10.700513029Z,join,4ad5bf2ef7d9fb2fc87fd1ec1e434ef200c0b961df3d6321941000e22e0fbe27,379,VALID,2026-03-07T07:35:10.700454992Z,VALID,,,,,,,,,,,,,,,,,,,,,,,,,,,,,,,
run_004,join,operation_id,,,cc_event_observed,,,irs3-member1,join-irs3-1772868908,irs3,join-irs3-1772868908,2026-03-07T07:35:10.711286153Z,join,4ad5bf2ef7d9fb2fc87fd1ec1e434ef200c0b961df3d6321941000e22e0fbe27,379,,,VALID,member_join_requested,8429,7459,970,970,1,14,MemberJoinRequested,2,2026-03-07T07:35:08.507001154Z,2026-03-07T07:35:10.700555307Z,{},0,"{""proposal"":1438}",1438,True,,7459,0,7384,,,,,,,,,,,
run_004,join,operation_id,,,cc_event_observed,,,irs3-member1,join-irs3-1772868908,irs3,join-irs3-1772868908,2026-03-07T07:35:10.711496449Z,join,4ad5bf2ef7d9fb2fc87fd1ec1e434ef200c0b961df3d6321941000e22e0fbe27,379,,,VALID,member_join_requested,8429,7459,970,970,1,14,StorageAttribution,2,2026-03-07T07:35:08.507001154Z,2026-03-07T07:35:10.700555307Z,{},0,"{""proposal"":1438}",1438,True,,7459,0,7384,,,,,,,,,,,
run_004,join,operation_id,,,cc_event_observed,,,irs3-member1,join-irs3-1772868908,irs3,join-irs3-1772868908,2026-03-07T07:35:13.504766274Z,join,3efa3012169c5145317b445458bcb41b938a52bff87e5940392d154fdbddb363,380,,,VALID,member_join_voted,24509,23529,980,326.6666666666667,3,14,MemberJoinVoted,2,2026-03-07T07:35:11.25483505Z,2026-03-07T07:35:13.493561318Z,{},0,"{""proposal"":1616,""vote"":289}",1905,True,,7844,0,7769,,,approve,"x509::CN=Member1@irs5.kit.edu,OU=member+OU=admin,O=irs5.kit.edu,L=Karlsruhe,ST=Baden-Wuerttemberg,C=DE::CN=ca.irs5.kit.edu,O=irs5.kit.edu,L=Karlsruhe,ST=Baden-Wuerttemberg,C=DE",0,1,,,,,"x509::CN=Member1@irs3.kit.edu,OU=member+OU=admin,O=irs3.kit.edu,L=Karlsruhe,ST=Baden-Wuerttemberg,C=DE::CN=ca.irs3.kit.edu,O=irs3.kit.edu,L=Karlsruhe,ST=Baden-Wuerttemberg,C=DE"
run_004,join,operation_id,,,cc_event_observed,,,irs3-member1,join-irs3-1772868908,irs3,join-irs3-1772868908,2026-03-07T07:35:13.5050217Z,join,3efa3012169c5145317b445458bcb41b938a52bff87e5940392d154fdbddb363,380,,,VALID,member_join_voted,24509,23529,980,326.6666666666667,3,14,StorageAttribution,2,2026-03-07T07:35:11.25483505Z,2026-03-07T07:35:13.493561318Z,{},0,"{""proposal"":1616,""vote"":289}",1905,True,,7844,0,7769,,,approve,"x509::CN=Member1@irs5.kit.edu,OU=member+OU=admin,O=irs5.kit.edu,L=Karlsruhe,ST=Baden-Wuerttemberg,C=DE::CN=ca.irs5.kit.edu,O=irs5.kit.edu,L=Karlsruhe,ST=Baden-Wuerttemberg,C=DE",0,1,,,,,"x509::CN=Member1@irs3.kit.edu,OU=member+OU=admin,O=irs3.kit.edu,L=Karlsruhe,ST=Baden-Wuerttemberg,C=DE::CN=ca.irs3.kit.edu,O=irs3.kit.edu,L=Karlsruhe,ST=Baden-Wuerttemberg,C=DE"
run_004,join,operation_id,,,cc_event_observed,,,irs3-member1,join-irs3-1772868908,irs3,join-irs3-1772868908,2026-03-07T07:35:15.594985187Z,join,33ed1848c4953d36d06bd21f327217497f2a52564612d7e40401c6672b14b557,381,,,VALID,member_join_approved,31483,30504,979,326.3333333333333,3,15,MemberJoinApproved,2,2026-03-07T07:35:13.713497515Z,2026-03-07T07:35:15.58181362Z,{},0,"{""ca_state"":1348}",1348,True,,11327,1,11251,,,,,,,,,,,
run_004,join,operation_id,,,cc_event_observed,,,irs3-member1,join-irs3-1772868908,irs3,join-irs3-1772868908,2026-03-07T07:35:15.595205039Z,join,33ed1848c4953d36d06bd21f327217497f2a52564612d7e40401c6672b14b557,381,,,VALID,member_join_approved,31483,30504,979,326.3333333333333,3,15,StorageAttribution,2,2026-03-07T07:35:13.713497515Z,2026-03-07T07:35:15.58181362Z,{},0,"{""ca_state"":1348}",1348,True,,11327,1,11251,,,,,,,,,,,
run_005,csr,operation_id,b58776c77642fa8de0c4f2073ab06e41746b8235b53a188c3a2d3d8a12212c20,1,tx_submit_started,SubmitCSR,2026-03-07T07:36:11.483969172Z,irs3-member1,csr-irs3-1772868971,irs3,csr-irs3-1772868971,2026-03-07T07:36:11.484020098Z,csr,,,,,,,,,,,,,,,,,,,,,,,,,,,,,,,,,,,,
run_005,csr,operation_id,b58776c77642fa8de0c4f2073ab06e41746b8235b53a188c3a2d3d8a12212c20,1,tx_submitted,SubmitCSR,2026-03-07T07:36:11.483969172Z,irs3-member1,csr-irs3-1772868971,irs3,csr-irs3-1772868971,2026-03-07T07:36:11.542338974Z,csr,80cbc537de1225ae27107a38c4b84e6286e956f2eb1e2059e328044937716e39,,,,,,,,,,,,,,,,,,,,,,,,,,,,,,,,,,,
run_005,csr,operation_id,b58776c77642fa8de0c4f2073ab06e41746b8235b53a188c3a2d3d8a12212c20,1,tx_committed,SubmitCSR,2026-03-07T07:36:11.483969172Z,irs3-member1,csr-irs3-1772868971,irs3,csr-irs3-1772868971,2026-03-07T07:36:13.648590034Z,csr,80cbc537de1225ae27107a38c4b84e6286e956f2eb1e2059e328044937716e39,392,VALID,2026-03-07T07:36:13.648532646Z,VALID,,,,,,,,,,,,,,,,,,,,,,,,,,,,,,,
run_005,csr,operation_id,,,cc_event_observed,,,irs3-member1,csr-irs3-1772868971,irs3,csr-irs3-1772868971,2026-03-07T07:36:13.659289788Z,csr,80cbc537de1225ae27107a38c4b84e6286e956f2eb1e2059e328044937716e39,392,,,VALID,csr_submitted,8486,7515,971,971,1,15,CSRSubmitted,2,2026-03-07T07:36:11.484164932Z,2026-03-07T07:36:13.648530701Z,{},0,"{""proposal"":1713}",1713,True,"x509::CN=Member1@irs3.kit.edu,OU=member+OU=admin,O=irs3.kit.edu,L=Karlsruhe,ST=Baden-Wuerttemberg,C=DE::CN=ca.irs3.kit.edu,O=irs3.kit.edu,L=Karlsruhe,ST=Baden-Wuerttemberg,C=DE",7515,0,7439,,,,,,,,,,,
run_005,csr,operation_id,,,cc_event_observed,,,irs3-member1,csr-irs3-1772868971,irs3,csr-irs3-1772868971,2026-03-07T07:36:13.659521084Z,csr,80cbc537de1225ae27107a38c4b84e6286e956f2eb1e2059e328044937716e39,392,,,VALID,csr_submitted,8486,7515,971,971,1,15,StorageAttribution,2,2026-03-07T07:36:11.484164932Z,2026-03-07T07:36:13.648530701Z,{},0,"{""proposal"":1713}",1713,True,"x509::CN=Member1@irs3.kit.edu,OU=member+OU=admin,O=irs3.kit.edu,L=Karlsruhe,ST=Baden-Wuerttemberg,C=DE::CN=ca.irs3.kit.edu,O=irs3.kit.edu,L=Karlsruhe,ST=Baden-Wuerttemberg,C=DE",7515,0,7439,,,,,,,,,,,
run_005,csr,operation_id,4a298d692546c7e3163b53701019d731413cfd497fba71afc7c66c371716f559,1,tx_submit_started,VoteOnCSR,2026-03-07T07:36:13.929096861Z,irs3-member1,csr-irs3-1772868971,irs3,csr-irs3-1772868971,2026-03-07T07:36:13.929162639Z,csr,,,,,,,,,,,,,,,,,,,,,,,,,,,,,,,,,,,,
run_005,csr,operation_id,4a298d692546c7e3163b53701019d731413cfd497fba71afc7c66c371716f559,1,tx_submitted,VoteOnCSR,2026-03-07T07:36:13.929096861Z,irs3-member1,csr-irs3-1772868971,irs3,csr-irs3-1772868971,2026-03-07T07:36:13.976118761Z,csr,cdefaba5ff4e4e34d5422da574385162f82822d0cc8e5c868fe7db7e854882d4,,,,,,,,,,,,,,,,,,,,,,,,,,,,,,,,,,,
run_005,csr,operation_id,4a298d692546c7e3163b53701019d731413cfd497fba71afc7c66c371716f559,1,tx_committed,VoteOnCSR,2026-03-07T07:36:13.929096861Z,irs3-member1,csr-irs3-1772868971,irs3,csr-irs3-1772868971,2026-03-07T07:36:16.144493806Z,csr,cdefaba5ff4e4e34d5422da574385162f82822d0cc8e5c868fe7db7e854882d4,393,VALID,2026-03-07T07:36:16.144426621Z,VALID,,,,,,,,,,,,,,,,,,,,,,,,,,,,,,,
run_005,csr,operation_id,,,cc_event_observed,,,irs3-member1,csr-irs3-1772868971,irs3,csr-irs3-1772868971,2026-03-07T07:36:16.159343705Z,csr,cdefaba5ff4e4e34d5422da574385162f82822d0cc8e5c868fe7db7e854882d4,393,,,VALID,csr_voted,32105,31121,984,246,4,15,CSRVoted,2,2026-03-07T07:36:13.929267398Z,2026-03-07T07:36:16.146237805Z,{},0,"{""proposal"":1891,""vote"":290}",2181,True,"x509::CN=Member1@irs3.kit.edu,OU=member+OU=admin,O=irs3.kit.edu,L=Karlsruhe,ST=Baden-Wuerttemberg,C=DE::CN=ca.irs3.kit.edu,O=irs3.kit.edu,L=Karlsruhe,ST=Baden-Wuerttemberg,C=DE",7781,0,7705,,,approve,"x509::CN=Member1@irs3.kit.edu,OU=member+OU=admin,O=irs3.kit.edu,L=Karlsruhe,ST=Baden-Wuerttemberg,C=DE::CN=ca.irs3.kit.edu,O=irs3.kit.edu,L=Karlsruhe,ST=Baden-Wuerttemberg,C=DE",0,1,,,,,
run_005,csr,operation_id,,,cc_event_observed,,,irs3-member1,csr-irs3-1772868971,irs3,csr-irs3-1772868971,2026-03-07T07:36:16.159603538Z,csr,cdefaba5ff4e4e34d5422da574385162f82822d0cc8e5c868fe7db7e854882d4,393,,,VALID,csr_voted,32105,31121,984,246,4,15,StorageAttribution,2,2026-03-07T07:36:13.929267398Z,2026-03-07T07:36:16.146237805Z,{},0,"{""proposal"":1891,""vote"":290}",2181,True,"x509::CN=Member1@irs3.kit.edu,OU=member+OU=admin,O=irs3.kit.edu,L=Karlsruhe,ST=Baden-Wuerttemberg,C=DE::CN=ca.irs3.kit.edu,O=irs3.kit.edu,L=Karlsruhe,ST=Baden-Wuerttemberg,C=DE",7781,0,7705,,,approve,"x509::CN=Member1@irs3.kit.edu,OU=member+OU=admin,O=irs3.kit.edu,L=Karlsruhe,ST=Baden-Wuerttemberg,C=DE::CN=ca.irs3.kit.edu,O=irs3.kit.edu,L=Karlsruhe,ST=Baden-Wuerttemberg,C=DE",0,1,,,,,
run_005,csr,operation_id,,,cc_event_observed,,,irs3-member1,csr-irs3-1772868971,irs3,csr-irs3-1772868971,2026-03-07T07:36:18.552246515Z,csr,1ea9fa4cce96ed1ea70e4571cd9dc3ff098ea26a589aebd715dc56bffe7abc2f,394,,,VALID,csr_voted,32812,31829,983,245.75,4,15,CSRVoted,2,2026-03-07T07:36:16.306336537Z,2026-03-07T07:36:18.537687652Z,{},0,"{""proposal"":2070,""vote"":290}",2360,True,"x509::CN=Member1@irs3.kit.edu,OU=member+OU=admin,O=irs3.kit.edu,L=Karlsruhe,ST=Baden-Wuerttemberg,C=DE::CN=ca.irs3.kit.edu,O=irs3.kit.edu,L=Karlsruhe,ST=Baden-Wuerttemberg,C=DE",7960,0,7884,,,approve,"x509::CN=Member1@irs1.kit.edu,OU=member+OU=admin,O=irs1.kit.edu,L=Karlsruhe,ST=Baden-Wuerttemberg,C=DE::CN=ca.irs1.kit.edu,O=irs1.kit.edu,L=Karlsruhe,ST=Baden-Wuerttemberg,C=DE",0,2,,,,,
run_005,csr,operation_id,,,cc_event_observed,,,irs3-member1,csr-irs3-1772868971,irs3,csr-irs3-1772868971,2026-03-07T07:36:18.552622681Z,csr,1ea9fa4cce96ed1ea70e4571cd9dc3ff098ea26a589aebd715dc56bffe7abc2f,394,,,VALID,csr_voted,32812,31829,983,245.75,4,15,StorageAttribution,2,2026-03-07T07:36:16.306336537Z,2026-03-07T07:36:18.537687652Z,{},0,"{""proposal"":2070,""vote"":290}",2360,True,"x509::CN=Member1@irs3.kit.edu,OU=member+OU=admin,O=irs3.kit.edu,L=Karlsruhe,ST=Baden-Wuerttemberg,C=DE::CN=ca.irs3.kit.edu,O=irs3.kit.edu,L=Karlsruhe,ST=Baden-Wuerttemberg,C=DE",7960,0,7884,,,approve,"x509::CN=Member1@irs1.kit.edu,OU=member+OU=admin,O=irs1.kit.edu,L=Karlsruhe,ST=Baden-Wuerttemberg,C=DE::CN=ca.irs1.kit.edu,O=irs1.kit.edu,L=Karlsruhe,ST=Baden-Wuerttemberg,C=DE",0,2,,,,,
run_005,csr,operation_id,,,cc_event_observed,,,irs3-member1,csr-irs3-1772868971,irs3,csr-irs3-1772868971,2026-03-07T07:36:21.209279141Z,csr,ef4efa4b5060d60ed2e4da9aad4c933077b07692f976d5c81a6f31d45aa20b1a,395,,,VALID,signing_initiated,24536,23557,979,326.3333333333333,3,,SigningInitiated,2,2026-03-07T07:36:19.00374223Z,2026-03-07T07:36:21.197326833Z,,,,,True,,7848,0,7773,,,,,,,,,,,
run_005,csr,operation_id,,,cc_event_observed,,,irs3-member1,csr-irs3-1772868971,irs3,csr-irs3-1772868971,2026-03-07T07:36:24.568732471Z,csr,243bbd6423cde138e64466d69b803a008b4239448b2fb7f0f671ee6d64f9c13d,396,,,VALID,signing_initiated,17043,16068,975,487.5,2,,SigningInitiated,2,2026-03-07T07:36:22.364168053Z,2026-03-07T07:36:24.55811907Z,,,,,True,,8036,0,7961,,,,,,,,,,,
run_005,csr,operation_id,,,cc_event_observed,,,irs3-member1,csr-irs3-1772868971,irs3,csr-irs3-1772868971,2026-03-07T07:36:28.596352099Z,csr,92758a0926d812e06311676e704f787d6e4dc5d2fc0d45de964282152d814512,397,,,VALID,signing_initiated,9187,8216,971,971,1,,SigningInitiated,2,2026-03-07T07:36:26.315922547Z,2026-03-07T07:36:28.555713196Z,,,,,True,,8216,0,8140,,,,,,,,,,,
run_005,csr,operation_id,760b34f58f1d8bef4a7ea7a48f5b89ee8d6b5d6a90640c50093cb91e6b443295,1,tx_submit_started,SubmitPartialSignature,2026-03-07T07:36:29.251251108Z,irs3-member1,csr-irs3-1772868971,irs3,csr-irs3-1772868971,2026-03-07T07:36:29.251281108Z,csr,,,,,,,,,,,,,,,,,,,,,,,,,,,,,,,,,,,,
run_005,csr,operation_id,760b34f58f1d8bef4a7ea7a48f5b89ee8d6b5d6a90640c50093cb91e6b443295,1,tx_submitted,SubmitPartialSignature,2026-03-07T07:36:29.251251108Z,irs3-member1,csr-irs3-1772868971,irs3,csr-irs3-1772868971,2026-03-07T07:36:29.329218361Z,csr,62adfd69ff9ecb717637e3e093f64002d42904bd9e4ba25bf31bda2c70475f80,,,,,,,,,,,,,,,,,,,,,,,,,,,,,,,,,,,
run_005,csr,operation_id,760b34f58f1d8bef4a7ea7a48f5b89ee8d6b5d6a90640c50093cb91e6b443295,1,tx_failed,SubmitPartialSignature,,irs3-member1,csr-irs3-1772868971,irs3,csr-irs3-1772868971,2026-03-07T07:36:31.465968754Z,csr,62adfd69ff9ecb717637e3e093f64002d42904bd9e4ba25bf31bda2c70475f80,398,,,MVCC_READ_CONFLICT,,,,,,,,,,,,,,,,,,,,,transaction 62adfd69ff9ecb717637e3e093f64002d42904bd9e4ba25bf31bda2c70475f80 failed with status MVCC_READ_CONFLICT (11) in block 398,validation,,,,,,,,,
run_005,csr,operation_id,760b34f58f1d8bef4a7ea7a48f5b89ee8d6b5d6a90640c50093cb91e6b443295,2,tx_submit_started,SubmitPartialSignature,2026-03-07T07:36:31.704103827Z,irs3-member1,csr-irs3-1772868971,irs3,csr-irs3-1772868971,2026-03-07T07:36:31.70417066Z,csr,,,,,,,,,,,,,,,,,,,,,,,,,,,,,,,,,,,,
run_005,csr,operation_id,760b34f58f1d8bef4a7ea7a48f5b89ee8d6b5d6a90640c50093cb91e6b443295,2,tx_submitted,SubmitPartialSignature,2026-03-07T07:36:31.704103827Z,irs3-member1,csr-irs3-1772868971,irs3,csr-irs3-1772868971,2026-03-07T07:36:31.750935893Z,csr,2b1b6d4c8a2bee33783af1955828cf5e256e24a6e3099d201f2a24e87de8a15d,,,,,,,,,,,,,,,,,,,,,,,,,,,,,,,,,,,
run_005,csr,operation_id,760b34f58f1d8bef4a7ea7a48f5b89ee8d6b5d6a90640c50093cb91e6b443295,2,tx_failed,SubmitPartialSignature,,irs3-member1,csr-irs3-1772868971,irs3,csr-irs3-1772868971,2026-03-07T07:36:33.879658087Z,csr,2b1b6d4c8a2bee33783af1955828cf5e256e24a6e3099d201f2a24e87de8a15d,399,,,MVCC_READ_CONFLICT,,,,,,,,,,,,,,,,,,,,,transaction 2b1b6d4c8a2bee33783af1955828cf5e256e24a6e3099d201f2a24e87de8a15d failed with status MVCC_READ_CONFLICT (11) in block 399,validation,,,,,,,,,
run_005,csr,operation_id,,,cc_event_observed,,,irs3-member1,csr-irs3-1772868971,irs3,csr-irs3-1772868971,2026-03-07T07:36:33.891221174Z,csr,348b9d10d263148b494ff8f74c01a44db563f6d4d93e6e52d204f71af16c4c46,399,,,VALID,threshold_reached,26334,25350,984,246,4,,ThresholdReached,2,2026-03-07T07:36:31.675552183Z,2026-03-07T07:36:33.880909531Z,,,,,True,,6337,0,6261,,,,,,,,,,,
run_005,csr,operation_id,760b34f58f1d8bef4a7ea7a48f5b89ee8d6b5d6a90640c50093cb91e6b443295,3,tx_submit_started,SubmitPartialSignature,2026-03-07T07:36:34.29568582Z,irs3-member1,csr-irs3-1772868971,irs3,csr-irs3-1772868971,2026-03-07T07:36:34.296167228Z,csr,,,,,,,,,,,,,,,,,,,,,,,,,,,,,,,,,,,,
run_005,csr,operation_id,760b34f58f1d8bef4a7ea7a48f5b89ee8d6b5d6a90640c50093cb91e6b443295,3,tx_failed,SubmitPartialSignature,,irs3-member1,csr-irs3-1772868971,irs3,csr-irs3-1772868971,2026-03-07T07:36:34.342105628Z,csr,c12ee3aa6686e3b2328925ceeb64accd376fb5eb578a9f0f31bbea5dd8a18f77,,,,,,,,,,,,,,,,,,,,,,,,,"endorse error: rpc error: code = Aborted desc = failed to endorse transaction, see attached details for more info
Details:
  - Address: peer0.irs3.kit.edu:7051
    MspId: IRS3MSP
    Message: chaincode response 500, signing session is not active
  - Address: peer3.irs3.kit.edu:10051
    MspId: IRS3MSP
    Message: chaincode response 500, signing session is not active
  - Address: peer1.irs3.kit.edu:8051
    MspId: IRS3MSP
    Message: chaincode response 500, signing session is not active
  - Address: peer2.irs3.kit.edu:9051
    MspId: IRS3MSP
    Message: chaincode response 500, signing session is not active",endorse,,,,,,,,,
run_005,csr,operation_id,,,cc_event_observed,,,irs3-member1,csr-irs3-1772868971,irs3,csr-irs3-1772868971,2026-03-07T07:36:38.161078499Z,csr,0d3aea5f677f207b1c35b534e2bea2174d6b79f3792b6c24a2d38bcc8efbd373,400,,,VALID,certificate_registered,26729,25753,976,488,2,15,CertificateRegistered,2,2026-03-07T07:36:35.912152897Z,2026-03-07T07:36:38.149605264Z,{},0,"{""active_index"":19,""certificate"":1777,""merkle_state"":1516,""proposal"":2609}",5921,True,,12880,0,12805,,,,,,,9bd9e59710d38e657c8963746152d35901cf3adc07be013bd95be064969c5ccf,"x509::CN=Member1@irs3.kit.edu,OU=member+OU=admin,O=irs3.kit.edu,L=Karlsruhe,ST=Baden-Wuerttemberg,C=DE::CN=ca.irs3.kit.edu,O=irs3.kit.edu,L=Karlsruhe,ST=Baden-Wuerttemberg,C=DE",,,
run_005,csr,operation_id,,,cc_event_observed,,,irs3-member1,csr-irs3-1772868971,irs3,csr-irs3-1772868971,2026-03-07T07:36:38.16129248Z,csr,0d3aea5f677f207b1c35b534e2bea2174d6b79f3792b6c24a2d38bcc8efbd373,400,,,VALID,certificate_registered,26729,25753,976,488,2,15,StorageAttribution,2,2026-03-07T07:36:35.912152897Z,2026-03-07T07:36:38.149605264Z,{},0,"{""active_index"":19,""certificate"":1777,""merkle_state"":1516,""proposal"":2609}",5921,True,,12880,0,12805,,,,,,,9bd9e59710d38e657c8963746152d35901cf3adc07be013bd95be064969c5ccf,"x509::CN=Member1@irs3.kit.edu,OU=member+OU=admin,O=irs3.kit.edu,L=Karlsruhe,ST=Baden-Wuerttemberg,C=DE::CN=ca.irs3.kit.edu,O=irs3.kit.edu,L=Karlsruhe,ST=Baden-Wuerttemberg,C=DE",,,
run_005,revocation,operation_id,9b40f2e45e22f84b8842427c3ef867186d0036c83bd856c2d7d76e0c103db31f,1,tx_submit_started,ProposeRevocation,2026-03-07T07:36:49.007967962Z,irs3-member1,revoke-irs3-1772869009,irs3,revoke-irs3-1772869009,2026-03-07T07:36:49.008023888Z,revocation,,,,,,,,,,,,,,,,,,,,,,,,,,,,,,,,,,,,
run_005,revocation,operation_id,9b40f2e45e22f84b8842427c3ef867186d0036c83bd856c2d7d76e0c103db31f,1,tx_submitted,ProposeRevocation,2026-03-07T07:36:49.007967962Z,irs3-member1,revoke-irs3-1772869009,irs3,revoke-irs3-1772869009,2026-03-07T07:36:49.076359239Z,revocation,04e275e4f8c13fab377f829222b9b42f49e7781c29f2484bba041aef361766a0,,,,,,,,,,,,,,,,,,,,,,,,,,,,,,,,,,,
run_005,revocation,operation_id,9b40f2e45e22f84b8842427c3ef867186d0036c83bd856c2d7d76e0c103db31f,1,tx_committed,ProposeRevocation,2026-03-07T07:36:49.007967962Z,irs3-member1,revoke-irs3-1772869009,irs3,revoke-irs3-1772869009,2026-03-07T07:36:51.1745023Z,revocation,04e275e4f8c13fab377f829222b9b42f49e7781c29f2484bba041aef361766a0,402,VALID,2026-03-07T07:36:51.1744368Z,VALID,,,,,,,,,,,,,,,,,,,,,,,,,,,,,,,
run_005,revocation,operation_id,,,cc_event_observed,,,irs3-member1,revoke-irs3-1772869009,irs3,revoke-irs3-1772869009,2026-03-07T07:36:51.185238312Z,revocation,04e275e4f8c13fab377f829222b9b42f49e7781c29f2484bba041aef361766a0,402,,,VALID,revocation_proposed,7130,6159,971,971,1,15,RevocationProposed,2,2026-03-07T07:36:49.008268758Z,2026-03-07T07:36:51.174540022Z,{},0,"{""proposal"":607}",607,True,,6159,0,6084,,,,,,,,"x509::CN=Member1@irs3.kit.edu,OU=member+OU=admin,O=irs3.kit.edu,L=Karlsruhe,ST=Baden-Wuerttemberg,C=DE::CN=ca.irs3.kit.edu,O=irs3.kit.edu,L=Karlsruhe,ST=Baden-Wuerttemberg,C=DE",benchmark,,
run_005,revocation,operation_id,,,cc_event_observed,,,irs3-member1,revoke-irs3-1772869009,irs3,revoke-irs3-1772869009,2026-03-07T07:36:51.185472757Z,revocation,04e275e4f8c13fab377f829222b9b42f49e7781c29f2484bba041aef361766a0,402,,,VALID,revocation_proposed,7130,6159,971,971,1,15,StorageAttribution,2,2026-03-07T07:36:49.008268758Z,2026-03-07T07:36:51.174540022Z,{},0,"{""proposal"":607}",607,True,,6159,0,6084,,,,,,,,"x509::CN=Member1@irs3.kit.edu,OU=member+OU=admin,O=irs3.kit.edu,L=Karlsruhe,ST=Baden-Wuerttemberg,C=DE::CN=ca.irs3.kit.edu,O=irs3.kit.edu,L=Karlsruhe,ST=Baden-Wuerttemberg,C=DE",benchmark,,
run_005,revocation,operation_id,6ffeba915b95b8d94171222c1bbdfe3fb86437ed9e769c016f856e24c627677a,1,tx_submit_started,VoteOnRevocation,2026-03-07T07:36:53.024707961Z,irs3-member1,revoke-irs3-1772869009,irs3,revoke-irs3-1772869009,2026-03-07T07:36:53.024729646Z,revocation,,,,,,,,,,,,,,,,,,,,,,,,,,,,,,,,,,,,
run_005,revocation,operation_id,6ffeba915b95b8d94171222c1bbdfe3fb86437ed9e769c016f856e24c627677a,1,tx_submitted,VoteOnRevocation,2026-03-07T07:36:53.024707961Z,irs3-member1,revoke-irs3-1772869009,irs3,revoke-irs3-1772869009,2026-03-07T07:36:53.082722725Z,revocation,896b6af598d03085a94c1c759f0e61653d46fa36b1096960c687b0a108a6cc7c,,,,,,,,,,,,,,,,,,,,,,,,,,,,,,,,,,,
run_005,revocation,operation_id,6ffeba915b95b8d94171222c1bbdfe3fb86437ed9e769c016f856e24c627677a,1,tx_failed,VoteOnRevocation,,irs3-member1,revoke-irs3-1772869009,irs3,revoke-irs3-1772869009,2026-03-07T07:36:54.630619331Z,revocation,896b6af598d03085a94c1c759f0e61653d46fa36b1096960c687b0a108a6cc7c,403,,,MVCC_READ_CONFLICT,,,,,,,,,,,,,,,,,,,,,transaction 896b6af598d03085a94c1c759f0e61653d46fa36b1096960c687b0a108a6cc7c failed with status MVCC_READ_CONFLICT (11) in block 403,validation,,,,,,,,,
run_005,revocation,operation_id,,,cc_event_observed,,,irs3-member1,revoke-irs3-1772869009,irs3,revoke-irs3-1772869009,2026-03-07T07:36:54.657782686Z,revocation,1f5a3c83a56c88b2e12f0239551ba9e712e9b2b859623310d653f0dc7b85391b,403,,,VALID,revocation_voted,34572,33585,987,197.4,5,15,RevocationVoted,2,2026-03-07T07:36:52.402282064Z,2026-03-07T07:36:54.633818237Z,{},0,"{""proposal"":785,""vote"":292}",1077,True,,6720,0,6644,,,approve,"x509::CN=Member1@irs1.kit.edu,OU=member+OU=admin,O=irs1.kit.edu,L=Karlsruhe,ST=Baden-Wuerttemberg,C=DE::CN=ca.irs1.kit.edu,O=irs1.kit.edu,L=Karlsruhe,ST=Baden-Wuerttemberg,C=DE",0,1,,"x509::CN=Member1@irs3.kit.edu,OU=member+OU=admin,O=irs3.kit.edu,L=Karlsruhe,ST=Baden-Wuerttemberg,C=DE::CN=ca.irs3.kit.edu,O=irs3.kit.edu,L=Karlsruhe,ST=Baden-Wuerttemberg,C=DE",,,
run_005,revocation,operation_id,,,cc_event_observed,,,irs3-member1,revoke-irs3-1772869009,irs3,revoke-irs3-1772869009,2026-03-07T07:36:54.657951223Z,revocation,1f5a3c83a56c88b2e12f0239551ba9e712e9b2b859623310d653f0dc7b85391b,403,,,VALID,revocation_voted,34572,33585,987,197.4,5,15,StorageAttribution,2,2026-03-07T07:36:52.402282064Z,2026-03-07T07:36:54.633818237Z,{},0,"{""proposal"":785,""vote"":292}",1077,True,,6720,0,6644,,,approve,"x509::CN=Member1@irs1.kit.edu,OU=member+OU=admin,O=irs1.kit.edu,L=Karlsruhe,ST=Baden-Wuerttemberg,C=DE::CN=ca.irs1.kit.edu,O=irs1.kit.edu,L=Karlsruhe,ST=Baden-Wuerttemberg,C=DE",0,1,,"x509::CN=Member1@irs3.kit.edu,OU=member+OU=admin,O=irs3.kit.edu,L=Karlsruhe,ST=Baden-Wuerttemberg,C=DE::CN=ca.irs3.kit.edu,O=irs3.kit.edu,L=Karlsruhe,ST=Baden-Wuerttemberg,C=DE",,,
run_005,revocation,operation_id,6ffeba915b95b8d94171222c1bbdfe3fb86437ed9e769c016f856e24c627677a,2,tx_submit_started,VoteOnRevocation,2026-03-07T07:36:54.834122107Z,irs3-member1,revoke-irs3-1772869009,irs3,revoke-irs3-1772869009,2026-03-07T07:36:54.834207033Z,revocation,,,,,,,,,,,,,,,,,,,,,,,,,,,,,,,,,,,,
run_005,revocation,operation_id,6ffeba915b95b8d94171222c1bbdfe3fb86437ed9e769c016f856e24c627677a,2,tx_submitted,VoteOnRevocation,2026-03-07T07:36:54.834122107Z,irs3-member1,revoke-irs3-1772869009,irs3,revoke-irs3-1772869009,2026-03-07T07:36:54.90434542Z,revocation,116381fe6f3d55c18de8a8204244727bbf4271288a4c8735ffa37276e614c925,,,,,,,,,,,,,,,,,,,,,,,,,,,,,,,,,,,
run_005,revocation,operation_id,6ffeba915b95b8d94171222c1bbdfe3fb86437ed9e769c016f856e24c627677a,2,tx_failed,VoteOnRevocation,,irs3-member1,revoke-irs3-1772869009,irs3,revoke-irs3-1772869009,2026-03-07T07:36:57.048230066Z,revocation,116381fe6f3d55c18de8a8204244727bbf4271288a4c8735ffa37276e614c925,404,,,MVCC_READ_CONFLICT,,,,,,,,,,,,,,,,,,,,,transaction 116381fe6f3d55c18de8a8204244727bbf4271288a4c8735ffa37276e614c925 failed with status MVCC_READ_CONFLICT (11) in block 404,validation,,,,,,,,,
run_005,revocation,operation_id,,,cc_event_observed,,,irs3-member1,revoke-irs3-1772869009,irs3,revoke-irs3-1772869009,2026-03-07T07:36:57.061151041Z,revocation,46e5d259147a10e0b04bac7f83f9dbe8309f379a7595791dc97f7342fe371778,404,,,VALID,revocation_voted,28567,27583,984,246,4,15,RevocationVoted,2,2026-03-07T07:36:54.842249976Z,2026-03-07T07:36:57.048249289Z,{},0,"{""proposal"":964,""vote"":292}",1256,True,,6896,0,6821,,,approve,"x509::CN=Member1@irs4.kit.edu,OU=member+OU=admin,O=irs4.kit.edu,L=Karlsruhe,ST=Baden-Wuerttemberg,C=DE::CN=ca.irs4.kit.edu,O=irs4.kit.edu,L=Karlsruhe,ST=Baden-Wuerttemberg,C=DE",0,2,,"x509::CN=Member1@irs3.kit.edu,OU=member+OU=admin,O=irs3.kit.edu,L=Karlsruhe,ST=Baden-Wuerttemberg,C=DE::CN=ca.irs3.kit.edu,O=irs3.kit.edu,L=Karlsruhe,ST=Baden-Wuerttemberg,C=DE",,,
run_005,revocation,operation_id,,,cc_event_observed,,,irs3-member1,revoke-irs3-1772869009,irs3,revoke-irs3-1772869009,2026-03-07T07:36:57.061338522Z,revocation,46e5d259147a10e0b04bac7f83f9dbe8309f379a7595791dc97f7342fe371778,404,,,VALID,revocation_voted,28567,27583,984,246,4,15,StorageAttribution,2,2026-03-07T07:36:54.842249976Z,2026-03-07T07:36:57.048249289Z,{},0,"{""proposal"":964,""vote"":292}",1256,True,,6896,0,6821,,,approve,"x509::CN=Member1@irs4.kit.edu,OU=member+OU=admin,O=irs4.kit.edu,L=Karlsruhe,ST=Baden-Wuerttemberg,C=DE::CN=ca.irs4.kit.edu,O=irs4.kit.edu,L=Karlsruhe,ST=Baden-Wuerttemberg,C=DE",0,2,,"x509::CN=Member1@irs3.kit.edu,OU=member+OU=admin,O=irs3.kit.edu,L=Karlsruhe,ST=Baden-Wuerttemberg,C=DE::CN=ca.irs3.kit.edu,O=irs3.kit.edu,L=Karlsruhe,ST=Baden-Wuerttemberg,C=DE",,,
run_005,revocation,operation_id,6ffeba915b95b8d94171222c1bbdfe3fb86437ed9e769c016f856e24c627677a,3,tx_submit_started,VoteOnRevocation,2026-03-07T07:36:57.633380502Z,irs3-member1,revoke-irs3-1772869009,irs3,revoke-irs3-1772869009,2026-03-07T07:36:57.633477705Z,revocation,,,,,,,,,,,,,,,,,,,,,,,,,,,,,,,,,,,,
run_005,revocation,operation_id,6ffeba915b95b8d94171222c1bbdfe3fb86437ed9e769c016f856e24c627677a,3,tx_submitted,VoteOnRevocation,2026-03-07T07:36:57.633380502Z,irs3-member1,revoke-irs3-1772869009,irs3,revoke-irs3-1772869009,2026-03-07T07:36:57.712521124Z,revocation,e0ffd4604ce2970e8951fe3e3b07a824357dd03403326626f0649aef24f69aca,,,,,,,,,,,,,,,,,,,,,,,,,,,,,,,,,,,
run_005,revocation,operation_id,6ffeba915b95b8d94171222c1bbdfe3fb86437ed9e769c016f856e24c627677a,3,tx_failed,VoteOnRevocation,,irs3-member1,revoke-irs3-1772869009,irs3,revoke-irs3-1772869009,2026-03-07T07:36:59.760614157Z,revocation,e0ffd4604ce2970e8951fe3e3b07a824357dd03403326626f0649aef24f69aca,405,,,MVCC_READ_CONFLICT,,,,,,,,,,,,,,,,,,,,,transaction e0ffd4604ce2970e8951fe3e3b07a824357dd03403326626f0649aef24f69aca failed with status MVCC_READ_CONFLICT (11) in block 405,validation,,,,,,,,,
run_005,revocation,operation_id,,,cc_event_observed,,,irs3-member1,revoke-irs3-1772869009,irs3,revoke-irs3-1772869009,2026-03-07T07:36:59.775745315Z,revocation,f0edd3e908519b919e3a2528be41610598a57fb0f64c2a3ab5155d3abda5d49c,405,,,VALID,certificate_revoked,33186,32207,979,326.3333333333333,3,15,NodeRevoked,2,2026-03-07T07:36:57.515775115Z,2026-03-07T07:36:59.763496322Z,"{""active_index"":19}",19,"{""certificate"":1805,""merkle_state"":1586}",3391,True,,10732,0,10657,,,,,,,,"x509::CN=Member1@irs3.kit.edu,OU=member+OU=admin,O=irs3.kit.edu,L=Karlsruhe,ST=Baden-Wuerttemberg,C=DE::CN=ca.irs3.kit.edu,O=irs3.kit.edu,L=Karlsruhe,ST=Baden-Wuerttemberg,C=DE",benchmark,,
run_005,revocation,operation_id,,,cc_event_observed,,,irs3-member1,revoke-irs3-1772869009,irs3,revoke-irs3-1772869009,2026-03-07T07:36:59.775954222Z,revocation,f0edd3e908519b919e3a2528be41610598a57fb0f64c2a3ab5155d3abda5d49c,405,,,VALID,certificate_revoked,33186,32207,979,326.3333333333333,3,15,StorageAttribution,2,2026-03-07T07:36:57.515775115Z,2026-03-07T07:36:59.763496322Z,"{""active_index"":19}",19,"{""certificate"":1805,""merkle_state"":1586}",3391,True,,10732,0,10657,,,,,,,,"x509::CN=Member1@irs3.kit.edu,OU=member+OU=admin,O=irs3.kit.edu,L=Karlsruhe,ST=Baden-Wuerttemberg,C=DE::CN=ca.irs3.kit.edu,O=irs3.kit.edu,L=Karlsruhe,ST=Baden-Wuerttemberg,C=DE",benchmark,,
run_005,revocation,operation_id,6ffeba915b95b8d94171222c1bbdfe3fb86437ed9e769c016f856e24c627677a,4,tx_submit_started,VoteOnRevocation,2026-03-07T07:37:00.689581698Z,irs3-member1,revoke-irs3-1772869009,irs3,revoke-irs3-1772869009,2026-03-07T07:37:00.689879957Z,revocation,,,,,,,,,,,,,,,,,,,,,,,,,,,,,,,,,,,,
run_005,revocation,operation_id,6ffeba915b95b8d94171222c1bbdfe3fb86437ed9e769c016f856e24c627677a,4,tx_failed,VoteOnRevocation,,irs3-member1,revoke-irs3-1772869009,irs3,revoke-irs3-1772869009,2026-03-07T07:37:00.747772017Z,revocation,89c44bd826889b58a96bc49c26ea164ac6466cfa1215f0f075d86c72fb9c8bc0,,,,,,,,,,,,,,,,,,,,,,,,,"endorse error: rpc error: code = Aborted desc = failed to endorse transaction, see attached details for more info
Details:
  - Address: peer0.irs3.kit.edu:7051
    MspId: IRS3MSP
    Message: chaincode response 500, no active certificate for member
  - Address: peer1.irs3.kit.edu:8051
    MspId: IRS3MSP
    Message: chaincode response 500, no active certificate for member
  - Address: peer3.irs3.kit.edu:10051
    MspId: IRS3MSP
    Message: chaincode response 500, no active certificate for member
  - Address: peer2.irs3.kit.edu:9051
    MspId: IRS3MSP
    Message: chaincode response 500, no active certificate for member",endorse,,,,,,,,,
run_005,removal,operation_id,dee7bfce2c2d4aa7c238733fa4372ada53a2239d6087b0399c9c6b832efb9828,1,tx_submit_started,ProposeRemoveMember,2026-03-07T07:37:09.611819735Z,irs3-member1,remove-irs3-member1-1772869029,irs3,remove-irs3-member1-1772869029,2026-03-07T07:37:09.611847569Z,removal,,,,,,,,,,,,,,,,,,,,,,,,,,,,,,,,,,,,
run_005,removal,operation_id,dee7bfce2c2d4aa7c238733fa4372ada53a2239d6087b0399c9c6b832efb9828,1,tx_submitted,ProposeRemoveMember,2026-03-07T07:37:09.611819735Z,irs3-member1,remove-irs3-member1-1772869029,irs3,remove-irs3-member1-1772869029,2026-03-07T07:37:09.692383746Z,removal,c19f5bbea0a98a5d4e38e138824a4bc4c04239b2d73f3822a614725168a80fbb,,,,,,,,,,,,,,,,,,,,,,,,,,,,,,,,,,,
run_005,removal,operation_id,dee7bfce2c2d4aa7c238733fa4372ada53a2239d6087b0399c9c6b832efb9828,1,tx_committed,ProposeRemoveMember,2026-03-07T07:37:09.611819735Z,irs3-member1,remove-irs3-member1-1772869029,irs3,remove-irs3-member1-1772869029,2026-03-07T07:37:11.791954434Z,removal,c19f5bbea0a98a5d4e38e138824a4bc4c04239b2d73f3822a614725168a80fbb,406,VALID,2026-03-07T07:37:11.791880286Z,VALID,,,,,,,,,,,,,,,,,,,,,,,,,,,,,,,
run_005,removal,operation_id,,,cc_event_observed,,,irs3-member1,remove-irs3-member1-1772869029,irs3,remove-irs3-member1-1772869029,2026-03-07T07:37:11.804403094Z,removal,c19f5bbea0a98a5d4e38e138824a4bc4c04239b2d73f3822a614725168a80fbb,406,,,VALID,member_removal_proposed,8147,7177,970,970,1,15,MemberRemovalProposed,2,2026-03-07T07:37:09.612014291Z,2026-03-07T07:37:11.789837954Z,{},0,"{""proposal"":638}",638,True,"x509::CN=Member1@irs3.kit.edu,OU=member+OU=admin,O=irs3.kit.edu,L=Karlsruhe,ST=Baden-Wuerttemberg,C=DE::CN=ca.irs3.kit.edu,O=irs3.kit.edu,L=Karlsruhe,ST=Baden-Wuerttemberg,C=DE",7177,0,7101,,,,,,,,,,"x509::CN=Member1@irs3.kit.edu,OU=member+OU=admin,O=irs3.kit.edu,L=Karlsruhe,ST=Baden-Wuerttemberg,C=DE::CN=ca.irs3.kit.edu,O=irs3.kit.edu,L=Karlsruhe,ST=Baden-Wuerttemberg,C=DE",
run_005,removal,operation_id,,,cc_event_observed,,,irs3-member1,remove-irs3-member1-1772869029,irs3,remove-irs3-member1-1772869029,2026-03-07T07:37:11.804590242Z,removal,c19f5bbea0a98a5d4e38e138824a4bc4c04239b2d73f3822a614725168a80fbb,406,,,VALID,member_removal_proposed,8147,7177,970,970,1,15,StorageAttribution,2,2026-03-07T07:37:09.612014291Z,2026-03-07T07:37:11.789837954Z,{},0,"{""proposal"":638}",638,True,"x509::CN=Member1@irs3.kit.edu,OU=member+OU=admin,O=irs3.kit.edu,L=Karlsruhe,ST=Baden-Wuerttemberg,C=DE::CN=ca.irs3.kit.edu,O=irs3.kit.edu,L=Karlsruhe,ST=Baden-Wuerttemberg,C=DE",7177,0,7101,,,,,,,,,,"x509::CN=Member1@irs3.kit.edu,OU=member+OU=admin,O=irs3.kit.edu,L=Karlsruhe,ST=Baden-Wuerttemberg,C=DE::CN=ca.irs3.kit.edu,O=irs3.kit.edu,L=Karlsruhe,ST=Baden-Wuerttemberg,C=DE",
run_005,removal,operation_id,af401babfcd6ae3ab99e02691ec7b73c9509978334116fe5fc8c2575f2c9c6cd,1,tx_submit_started,VoteOnRemoveMember,2026-03-07T07:37:13.946675517Z,irs3-member1,remove-irs3-member1-1772869029,irs3,remove-irs3-member1-1772869029,2026-03-07T07:37:13.946699462Z,removal,,,,,,,,,,,,,,,,,,,,,,,,,,,,,,,,,,,,
run_005,removal,operation_id,af401babfcd6ae3ab99e02691ec7b73c9509978334116fe5fc8c2575f2c9c6cd,1,tx_submitted,VoteOnRemoveMember,2026-03-07T07:37:13.946675517Z,irs3-member1,remove-irs3-member1-1772869029,irs3,remove-irs3-member1-1772869029,2026-03-07T07:37:14.055555716Z,removal,59e466706c4f28a2ca8151a06be6629bbad325edabb2fe52105fcd584df5a4cd,,,,,,,,,,,,,,,,,,,,,,,,,,,,,,,,,,,
run_005,removal,operation_id,,,cc_event_observed,,,irs3-member1,remove-irs3-member1-1772869029,irs3,remove-irs3-member1-1772869029,2026-03-07T07:37:14.104405615Z,removal,f706d9bdfc43ae20789ab737668b2e45675fa67e097405539a57401ddbb4c44e,407,,,VALID,member_removal_voted,22437,21457,980,326.6666666666667,3,15,MemberRemovalVoted,2,2026-03-07T07:37:11.872527313Z,2026-03-07T07:37:14.092469344Z,{},0,"{""proposal"":816,""vote"":292}",1108,True,,7153,0,7078,,,approve,"x509::CN=Member1@irs4.kit.edu,OU=member+OU=admin,O=irs4.kit.edu,L=Karlsruhe,ST=Baden-Wuerttemberg,C=DE::CN=ca.irs4.kit.edu,O=irs4.kit.edu,L=Karlsruhe,ST=Baden-Wuerttemberg,C=DE",0,1,,,,"x509::CN=Member1@irs3.kit.edu,OU=member+OU=admin,O=irs3.kit.edu,L=Karlsruhe,ST=Baden-Wuerttemberg,C=DE::CN=ca.irs3.kit.edu,O=irs3.kit.edu,L=Karlsruhe,ST=Baden-Wuerttemberg,C=DE",
run_005,removal,operation_id,,,cc_event_observed,,,irs3-member1,remove-irs3-member1-1772869029,irs3,remove-irs3-member1-1772869029,2026-03-07T07:37:14.104657374Z,removal,f706d9bdfc43ae20789ab737668b2e45675fa67e097405539a57401ddbb4c44e,407,,,VALID,member_removal_voted,22437,21457,980,326.6666666666667,3,15,StorageAttribution,2,2026-03-07T07:37:11.872527313Z,2026-03-07T07:37:14.092469344Z,{},0,"{""proposal"":816,""vote"":292}",1108,True,,7153,0,7078,,,approve,"x509::CN=Member1@irs4.kit.edu,OU=member+OU=admin,O=irs4.kit.edu,L=Karlsruhe,ST=Baden-Wuerttemberg,C=DE::CN=ca.irs4.kit.edu,O=irs4.kit.edu,L=Karlsruhe,ST=Baden-Wuerttemberg,C=DE",0,1,,,,"x509::CN=Member1@irs3.kit.edu,OU=member+OU=admin,O=irs3.kit.edu,L=Karlsruhe,ST=Baden-Wuerttemberg,C=DE::CN=ca.irs3.kit.edu,O=irs3.kit.edu,L=Karlsruhe,ST=Baden-Wuerttemberg,C=DE",
run_005,removal,operation_id,af401babfcd6ae3ab99e02691ec7b73c9509978334116fe5fc8c2575f2c9c6cd,1,tx_failed,VoteOnRemoveMember,,irs3-member1,remove-irs3-member1-1772869029,irs3,remove-irs3-member1-1772869029,2026-03-07T07:37:16.2026911Z,removal,59e466706c4f28a2ca8151a06be6629bbad325edabb2fe52105fcd584df5a4cd,408,,,MVCC_READ_CONFLICT,,,,,,,,,,,,,,,,,,,,,transaction 59e466706c4f28a2ca8151a06be6629bbad325edabb2fe52105fcd584df5a4cd failed with status MVCC_READ_CONFLICT (11) in block 408,validation,,,,,,,,,
run_005,removal,operation_id,,,cc_event_observed,,,irs3-member1,remove-irs3-member1-1772869029,irs3,remove-irs3-member1-1772869029,2026-03-07T07:37:16.218356684Z,removal,a46ee6175b7aa735c05f5ff00c6b24880fa7d5e2177d5ce24be29bd07afe131f,408,,,VALID,member_removal_voted,30118,29134,984,246,4,15,MemberRemovalVoted,2,2026-03-07T07:37:14.259965208Z,2026-03-07T07:37:16.202723248Z,{},0,"{""proposal"":995,""vote"":292}",1287,True,,7325,1,7250,,,approve,"x509::CN=Member1@irs5.kit.edu,OU=member+OU=admin,O=irs5.kit.edu,L=Karlsruhe,ST=Baden-Wuerttemberg,C=DE::CN=ca.irs5.kit.edu,O=irs5.kit.edu,L=Karlsruhe,ST=Baden-Wuerttemberg,C=DE",0,2,,,,"x509::CN=Member1@irs3.kit.edu,OU=member+OU=admin,O=irs3.kit.edu,L=Karlsruhe,ST=Baden-Wuerttemberg,C=DE::CN=ca.irs3.kit.edu,O=irs3.kit.edu,L=Karlsruhe,ST=Baden-Wuerttemberg,C=DE",
run_005,removal,operation_id,,,cc_event_observed,,,irs3-member1,remove-irs3-member1-1772869029,irs3,remove-irs3-member1-1772869029,2026-03-07T07:37:16.218612369Z,removal,a46ee6175b7aa735c05f5ff00c6b24880fa7d5e2177d5ce24be29bd07afe131f,408,,,VALID,member_removal_voted,30118,29134,984,246,4,15,StorageAttribution,2,2026-03-07T07:37:14.259965208Z,2026-03-07T07:37:16.202723248Z,{},0,"{""proposal"":995,""vote"":292}",1287,True,,7325,1,7250,,,approve,"x509::CN=Member1@irs5.kit.edu,OU=member+OU=admin,O=irs5.kit.edu,L=Karlsruhe,ST=Baden-Wuerttemberg,C=DE::CN=ca.irs5.kit.edu,O=irs5.kit.edu,L=Karlsruhe,ST=Baden-Wuerttemberg,C=DE",0,2,,,,"x509::CN=Member1@irs3.kit.edu,OU=member+OU=admin,O=irs3.kit.edu,L=Karlsruhe,ST=Baden-Wuerttemberg,C=DE::CN=ca.irs3.kit.edu,O=irs3.kit.edu,L=Karlsruhe,ST=Baden-Wuerttemberg,C=DE",
run_005,removal,operation_id,af401babfcd6ae3ab99e02691ec7b73c9509978334116fe5fc8c2575f2c9c6cd,2,tx_submit_started,VoteOnRemoveMember,2026-03-07T07:37:16.477657225Z,irs3-member1,remove-irs3-member1-1772869029,irs3,remove-irs3-member1-1772869029,2026-03-07T07:37:16.4824925Z,removal,,,,,,,,,,,,,,,,,,,,,,,,,,,,,,,,,,,,
run_005,removal,operation_id,af401babfcd6ae3ab99e02691ec7b73c9509978334116fe5fc8c2575f2c9c6cd,2,tx_submitted,VoteOnRemoveMember,2026-03-07T07:37:16.477657225Z,irs3-member1,remove-irs3-member1-1772869029,irs3,remove-irs3-member1-1772869029,2026-03-07T07:37:16.578066021Z,removal,9e68ccc1dfafd58bbb337099aac9e118efec99df4511dc1839f540bc6932a485,,,,,,,,,,,,,,,,,,,,,,,,,,,,,,,,,,,
run_005,removal,operation_id,af401babfcd6ae3ab99e02691ec7b73c9509978334116fe5fc8c2575f2c9c6cd,2,tx_committed,VoteOnRemoveMember,2026-03-07T07:37:16.477657225Z,irs3-member1,remove-irs3-member1-1772869029,irs3,remove-irs3-member1-1772869029,2026-03-07T07:37:18.742315876Z,removal,9e68ccc1dfafd58bbb337099aac9e118efec99df4511dc1839f540bc6932a485,409,VALID,2026-03-07T07:37:18.742261062Z,VALID,,,,,,,,,,,,,,,,,,,,,,,,,,,,,,,
run_005,removal,operation_id,,,cc_event_observed,,,irs3-member1,remove-irs3-member1-1772869029,irs3,remove-irs3-member1-1772869029,2026-03-07T07:37:18.755775054Z,removal,9e68ccc1dfafd58bbb337099aac9e118efec99df4511dc1839f540bc6932a485,409,,,VALID,member_removed,32236,31256,980,326.6666666666667,3,16,MemberRemoved,2,2026-03-07T07:37:16.482775704Z,2026-03-07T07:37:18.742368173Z,{},0,"{""ca_state"":1172}",1172,True,,10420,0,10344,,,,,,,,,,"x509::CN=Member1@irs3.kit.edu,OU=member+OU=admin,O=irs3.kit.edu,L=Karlsruhe,ST=Baden-Wuerttemberg,C=DE::CN=ca.irs3.kit.edu,O=irs3.kit.edu,L=Karlsruhe,ST=Baden-Wuerttemberg,C=DE",
run_005,removal,operation_id,,,cc_event_observed,,,irs3-member1,remove-irs3-member1-1772869029,irs3,remove-irs3-member1-1772869029,2026-03-07T07:37:18.75597248Z,removal,9e68ccc1dfafd58bbb337099aac9e118efec99df4511dc1839f540bc6932a485,409,,,VALID,member_removed,32236,31256,980,326.6666666666667,3,16,StorageAttribution,2,2026-03-07T07:37:16.482775704Z,2026-03-07T07:37:18.742368173Z,{},0,"{""ca_state"":1172}",1172,True,,10420,0,10344,,,,,,,,,,"x509::CN=Member1@irs3.kit.edu,OU=member+OU=admin,O=irs3.kit.edu,L=Karlsruhe,ST=Baden-Wuerttemberg,C=DE::CN=ca.irs3.kit.edu,O=irs3.kit.edu,L=Karlsruhe,ST=Baden-Wuerttemberg,C=DE",
run_005,join,operation_id,bf2bbbaf1f0e95f15b12d0478dc715e154e405f3dcd6d75c49e04da9ba0bdee2,1,tx_submit_started,RequestJoinCA,2026-03-07T07:38:06.816731081Z,irs3-member1,join-irs3-1772869086,irs3,join-irs3-1772869086,2026-03-07T07:38:06.81675397Z,join,,,,,,,,,,,,,,,,,,,,,,,,,,,,,,,,,,,,
run_005,join,operation_id,bf2bbbaf1f0e95f15b12d0478dc715e154e405f3dcd6d75c49e04da9ba0bdee2,1,tx_submitted,RequestJoinCA,2026-03-07T07:38:06.816731081Z,irs3-member1,join-irs3-1772869086,irs3,join-irs3-1772869086,2026-03-07T07:38:06.89964822Z,join,0eb87c101893b9b8532daab98082156af95a71a3bd3e21bcdf6660f1eb724313,,,,,,,,,,,,,,,,,,,,,,,,,,,,,,,,,,,
run_005,join,operation_id,bf2bbbaf1f0e95f15b12d0478dc715e154e405f3dcd6d75c49e04da9ba0bdee2,1,tx_committed,RequestJoinCA,2026-03-07T07:38:06.816731081Z,irs3-member1,join-irs3-1772869086,irs3,join-irs3-1772869086,2026-03-07T07:38:09.002747551Z,join,0eb87c101893b9b8532daab98082156af95a71a3bd3e21bcdf6660f1eb724313,418,VALID,2026-03-07T07:38:09.002688903Z,VALID,,,,,,,,,,,,,,,,,,,,,,,,,,,,,,,
run_005,join,operation_id,,,cc_event_observed,,,irs3-member1,join-irs3-1772869086,irs3,join-irs3-1772869086,2026-03-07T07:38:09.016498358Z,join,0eb87c101893b9b8532daab98082156af95a71a3bd3e21bcdf6660f1eb724313,418,,,VALID,member_join_requested,8577,7607,970,970,1,16,MemberJoinRequested,2,2026-03-07T07:38:06.817026377Z,2026-03-07T07:38:09.002838699Z,{},0,"{""proposal"":1438}",1438,True,,7607,0,7531,,,,,,,,,,,
run_005,join,operation_id,,,cc_event_observed,,,irs3-member1,join-irs3-1772869086,irs3,join-irs3-1772869086,2026-03-07T07:38:09.016745969Z,join,0eb87c101893b9b8532daab98082156af95a71a3bd3e21bcdf6660f1eb724313,418,,,VALID,member_join_requested,8577,7607,970,970,1,16,StorageAttribution,2,2026-03-07T07:38:06.817026377Z,2026-03-07T07:38:09.002838699Z,{},0,"{""proposal"":1438}",1438,True,,7607,0,7531,,,,,,,,,,,
run_005,join,operation_id,,,cc_event_observed,,,irs3-member1,join-irs3-1772869086,irs3,join-irs3-1772869086,2026-03-07T07:38:11.337787252Z,join,1e6a3fbd29458f30200aa53ef9d9d3b2ef1c359bf9c310cac6b3f33c179436db,419,,,VALID,member_join_voted,16742,15768,974,487,2,16,MemberJoinVoted,2,2026-03-07T07:38:09.043872937Z,2026-03-07T07:38:11.32718235Z,{},0,"{""proposal"":1616,""vote"":290}",1906,True,,7879,0,7804,,,approve,"x509::CN=Member1@irs2.kit.edu,OU=member+OU=admin,O=irs2.kit.edu,L=Karlsruhe,ST=Baden-Wuerttemberg,C=DE::CN=ca.irs2.kit.edu,O=irs2.kit.edu,L=Karlsruhe,ST=Baden-Wuerttemberg,C=DE",0,1,,,,,"x509::CN=Member1@irs3.kit.edu,OU=member+OU=admin,O=irs3.kit.edu,L=Karlsruhe,ST=Baden-Wuerttemberg,C=DE::CN=ca.irs3.kit.edu,O=irs3.kit.edu,L=Karlsruhe,ST=Baden-Wuerttemberg,C=DE"
run_005,join,operation_id,,,cc_event_observed,,,irs3-member1,join-irs3-1772869086,irs3,join-irs3-1772869086,2026-03-07T07:38:11.338015326Z,join,1e6a3fbd29458f30200aa53ef9d9d3b2ef1c359bf9c310cac6b3f33c179436db,419,,,VALID,member_join_voted,16742,15768,974,487,2,16,StorageAttribution,2,2026-03-07T07:38:09.043872937Z,2026-03-07T07:38:11.32718235Z,{},0,"{""proposal"":1616,""vote"":290}",1906,True,,7879,0,7804,,,approve,"x509::CN=Member1@irs2.kit.edu,OU=member+OU=admin,O=irs2.kit.edu,L=Karlsruhe,ST=Baden-Wuerttemberg,C=DE::CN=ca.irs2.kit.edu,O=irs2.kit.edu,L=Karlsruhe,ST=Baden-Wuerttemberg,C=DE",0,1,,,,,"x509::CN=Member1@irs3.kit.edu,OU=member+OU=admin,O=irs3.kit.edu,L=Karlsruhe,ST=Baden-Wuerttemberg,C=DE::CN=ca.irs3.kit.edu,O=irs3.kit.edu,L=Karlsruhe,ST=Baden-Wuerttemberg,C=DE"
run_005,join,operation_id,,,cc_event_observed,,,irs3-member1,join-irs3-1772869086,irs3,join-irs3-1772869086,2026-03-07T07:38:13.717144447Z,join,d7a4b995b385e5910d7fa80f20ca4f6a716e80aca9e89d18d00b17ee647c1e1e,420,,,VALID,member_join_approved,35079,34100,979,326.3333333333333,3,17,MemberJoinApproved,2,2026-03-07T07:38:11.281511403Z,2026-03-07T07:38:13.703619806Z,{},0,"{""ca_state"":1348}",1348,True,,11368,0,11292,,,,,,,,,,,
run_005,join,operation_id,,,cc_event_observed,,,irs3-member1,join-irs3-1772869086,irs3,join-irs3-1772869086,2026-03-07T07:38:13.717348317Z,join,d7a4b995b385e5910d7fa80f20ca4f6a716e80aca9e89d18d00b17ee647c1e1e,420,,,VALID,member_join_approved,35079,34100,979,326.3333333333333,3,17,StorageAttribution,2,2026-03-07T07:38:11.281511403Z,2026-03-07T07:38:13.703619806Z,{},0,"{""ca_state"":1348}",1348,True,,11368,0,11292,,,,,,,,,,,
run_006,csr,operation_id,2173155e143c16fe79d62d7c8bd8cab9f70457fc2ba71912d3ab9a0a02a9d834,1,tx_submit_started,SubmitCSR,2026-03-07T07:39:09.942639784Z,irs3-member1,csr-irs3-1772869149,irs3,csr-irs3-1772869149,2026-03-07T07:39:09.942673043Z,csr,,,,,,,,,,,,,,,,,,,,,,,,,,,,,,,,,,,,
run_006,csr,operation_id,2173155e143c16fe79d62d7c8bd8cab9f70457fc2ba71912d3ab9a0a02a9d834,1,tx_submitted,SubmitCSR,2026-03-07T07:39:09.942639784Z,irs3-member1,csr-irs3-1772869149,irs3,csr-irs3-1772869149,2026-03-07T07:39:09.992192423Z,csr,d74f2f5406cb199261b75d7a521e6d7d80b09a4d9da3d4fca8c6f890ed728db8,,,,,,,,,,,,,,,,,,,,,,,,,,,,,,,,,,,
run_006,csr,operation_id,2173155e143c16fe79d62d7c8bd8cab9f70457fc2ba71912d3ab9a0a02a9d834,1,tx_committed,SubmitCSR,2026-03-07T07:39:09.942639784Z,irs3-member1,csr-irs3-1772869149,irs3,csr-irs3-1772869149,2026-03-07T07:39:12.11240787Z,csr,d74f2f5406cb199261b75d7a521e6d7d80b09a4d9da3d4fca8c6f890ed728db8,431,VALID,2026-03-07T07:39:12.112334907Z,VALID,,,,,,,,,,,,,,,,,,,,,,,,,,,,,,,
run_006,csr,operation_id,,,cc_event_observed,,,irs3-member1,csr-irs3-1772869149,irs3,csr-irs3-1772869149,2026-03-07T07:39:12.125162882Z,csr,d74f2f5406cb199261b75d7a521e6d7d80b09a4d9da3d4fca8c6f890ed728db8,431,,,VALID,csr_submitted,8472,7502,970,970,1,17,CSRSubmitted,2,2026-03-07T07:39:09.942823302Z,2026-03-07T07:39:12.112428426Z,{},0,"{""proposal"":1709}",1709,True,"x509::CN=Member1@irs3.kit.edu,OU=member+OU=admin,O=irs3.kit.edu,L=Karlsruhe,ST=Baden-Wuerttemberg,C=DE::CN=ca.irs3.kit.edu,O=irs3.kit.edu,L=Karlsruhe,ST=Baden-Wuerttemberg,C=DE",7502,0,7427,,,,,,,,,,,
run_006,csr,operation_id,,,cc_event_observed,,,irs3-member1,csr-irs3-1772869149,irs3,csr-irs3-1772869149,2026-03-07T07:39:12.125347789Z,csr,d74f2f5406cb199261b75d7a521e6d7d80b09a4d9da3d4fca8c6f890ed728db8,431,,,VALID,csr_submitted,8472,7502,970,970,1,17,StorageAttribution,2,2026-03-07T07:39:09.942823302Z,2026-03-07T07:39:12.112428426Z,{},0,"{""proposal"":1709}",1709,True,"x509::CN=Member1@irs3.kit.edu,OU=member+OU=admin,O=irs3.kit.edu,L=Karlsruhe,ST=Baden-Wuerttemberg,C=DE::CN=ca.irs3.kit.edu,O=irs3.kit.edu,L=Karlsruhe,ST=Baden-Wuerttemberg,C=DE",7502,0,7427,,,,,,,,,,,
run_006,csr,operation_id,0f79c80d225a3a01fa700df74e4e7b903af2392d8b31711c52eb96c8474328db,1,tx_submit_started,VoteOnCSR,2026-03-07T07:39:13.930750912Z,irs3-member1,csr-irs3-1772869149,irs3,csr-irs3-1772869149,2026-03-07T07:39:13.930771116Z,csr,,,,,,,,,,,,,,,,,,,,,,,,,,,,,,,,,,,,
run_006,csr,operation_id,0f79c80d225a3a01fa700df74e4e7b903af2392d8b31711c52eb96c8474328db,1,tx_submitted,VoteOnCSR,2026-03-07T07:39:13.930750912Z,irs3-member1,csr-irs3-1772869149,irs3,csr-irs3-1772869149,2026-03-07T07:39:13.989440102Z,csr,ec431c956b553dd5b6726c363beada24822e6f059c7d526a278ae1b0fe51d692,,,,,,,,,,,,,,,,,,,,,,,,,,,,,,,,,,,
run_006,csr,operation_id,0f79c80d225a3a01fa700df74e4e7b903af2392d8b31711c52eb96c8474328db,1,tx_failed,VoteOnCSR,,irs3-member1,csr-irs3-1772869149,irs3,csr-irs3-1772869149,2026-03-07T07:39:15.554318359Z,csr,ec431c956b553dd5b6726c363beada24822e6f059c7d526a278ae1b0fe51d692,432,,,MVCC_READ_CONFLICT,,,,,,,,,,,,,,,,,,,,,transaction ec431c956b553dd5b6726c363beada24822e6f059c7d526a278ae1b0fe51d692 failed with status MVCC_READ_CONFLICT (11) in block 432,validation,,,,,,,,,
run_006,csr,operation_id,,,cc_event_observed,,,irs3-member1,csr-irs3-1772869149,irs3,csr-irs3-1772869149,2026-03-07T07:39:15.57659568Z,csr,a7166171c4657ef0b6622f6618d5143151eb4b1e57cf0a21b809c9a701f30724,432,,,VALID,csr_voted,39863,38876,987,197.4,5,17,CSRVoted,2,2026-03-07T07:39:13.306592466Z,2026-03-07T07:39:15.55384647Z,{},0,"{""proposal"":1887,""vote"":290}",2177,True,"x509::CN=Member1@irs3.kit.edu,OU=member+OU=admin,O=irs3.kit.edu,L=Karlsruhe,ST=Baden-Wuerttemberg,C=DE::CN=ca.irs3.kit.edu,O=irs3.kit.edu,L=Karlsruhe,ST=Baden-Wuerttemberg,C=DE",7778,0,7703,,,approve,"x509::CN=Member1@irs1.kit.edu,OU=member+OU=admin,O=irs1.kit.edu,L=Karlsruhe,ST=Baden-Wuerttemberg,C=DE::CN=ca.irs1.kit.edu,O=irs1.kit.edu,L=Karlsruhe,ST=Baden-Wuerttemberg,C=DE",0,1,,,,,
run_006,csr,operation_id,,,cc_event_observed,,,irs3-member1,csr-irs3-1772869149,irs3,csr-irs3-1772869149,2026-03-07T07:39:15.576848846Z,csr,a7166171c4657ef0b6622f6618d5143151eb4b1e57cf0a21b809c9a701f30724,432,,,VALID,csr_voted,39863,38876,987,197.4,5,17,StorageAttribution,2,2026-03-07T07:39:13.306592466Z,2026-03-07T07:39:15.55384647Z,{},0,"{""proposal"":1887,""vote"":290}",2177,True,"x509::CN=Member1@irs3.kit.edu,OU=member+OU=admin,O=irs3.kit.edu,L=Karlsruhe,ST=Baden-Wuerttemberg,C=DE::CN=ca.irs3.kit.edu,O=irs3.kit.edu,L=Karlsruhe,ST=Baden-Wuerttemberg,C=DE",7778,0,7703,,,approve,"x509::CN=Member1@irs1.kit.edu,OU=member+OU=admin,O=irs1.kit.edu,L=Karlsruhe,ST=Baden-Wuerttemberg,C=DE::CN=ca.irs1.kit.edu,O=irs1.kit.edu,L=Karlsruhe,ST=Baden-Wuerttemberg,C=DE",0,1,,,,,
run_006,csr,operation_id,0f79c80d225a3a01fa700df74e4e7b903af2392d8b31711c52eb96c8474328db,2,tx_submit_started,VoteOnCSR,2026-03-07T07:39:15.781129547Z,irs3-member1,csr-irs3-1772869149,irs3,csr-irs3-1772869149,2026-03-07T07:39:15.781189732Z,csr,,,,,,,,,,,,,,,,,,,,,,,,,,,,,,,,,,,,
run_006,csr,operation_id,0f79c80d225a3a01fa700df74e4e7b903af2392d8b31711c52eb96c8474328db,2,tx_submitted,VoteOnCSR,2026-03-07T07:39:15.781129547Z,irs3-member1,csr-irs3-1772869149,irs3,csr-irs3-1772869149,2026-03-07T07:39:15.838474015Z,csr,1e29e7d2dc2c6d3c43b2e703c7bab4124507f93ab67e567b1f49314c82b310d0,,,,,,,,,,,,,,,,,,,,,,,,,,,,,,,,,,,
run_006,csr,operation_id,0f79c80d225a3a01fa700df74e4e7b903af2392d8b31711c52eb96c8474328db,2,tx_failed,VoteOnCSR,,irs3-member1,csr-irs3-1772869149,irs3,csr-irs3-1772869149,2026-03-07T07:39:17.973774751Z,csr,1e29e7d2dc2c6d3c43b2e703c7bab4124507f93ab67e567b1f49314c82b310d0,433,,,MVCC_READ_CONFLICT,,,,,,,,,,,,,,,,,,,,,transaction 1e29e7d2dc2c6d3c43b2e703c7bab4124507f93ab67e567b1f49314c82b310d0 failed with status MVCC_READ_CONFLICT (11) in block 433,validation,,,,,,,,,
run_006,csr,operation_id,,,cc_event_observed,,,irs3-member1,csr-irs3-1772869149,irs3,csr-irs3-1772869149,2026-03-07T07:39:17.987304651Z,csr,2f3286cacdca459fbc97bccd84b8cca3ef649bb6be9c2d9ed2cc8c147f984508,433,,,VALID,csr_voted,32806,31822,984,246,4,17,CSRVoted,2,2026-03-07T07:39:15.747829173Z,2026-03-07T07:39:17.972479474Z,{},0,"{""proposal"":2066,""vote"":290}",2356,True,"x509::CN=Member1@irs3.kit.edu,OU=member+OU=admin,O=irs3.kit.edu,L=Karlsruhe,ST=Baden-Wuerttemberg,C=DE::CN=ca.irs3.kit.edu,O=irs3.kit.edu,L=Karlsruhe,ST=Baden-Wuerttemberg,C=DE",7956,0,7881,,,approve,"x509::CN=Member1@irs2.kit.edu,OU=member+OU=admin,O=irs2.kit.edu,L=Karlsruhe,ST=Baden-Wuerttemberg,C=DE::CN=ca.irs2.kit.edu,O=irs2.kit.edu,L=Karlsruhe,ST=Baden-Wuerttemberg,C=DE",0,2,,,,,
run_006,csr,operation_id,,,cc_event_observed,,,irs3-member1,csr-irs3-1772869149,irs3,csr-irs3-1772869149,2026-03-07T07:39:17.987481002Z,csr,2f3286cacdca459fbc97bccd84b8cca3ef649bb6be9c2d9ed2cc8c147f984508,433,,,VALID,csr_voted,32806,31822,984,246,4,17,StorageAttribution,2,2026-03-07T07:39:15.747829173Z,2026-03-07T07:39:17.972479474Z,{},0,"{""proposal"":2066,""vote"":290}",2356,True,"x509::CN=Member1@irs3.kit.edu,OU=member+OU=admin,O=irs3.kit.edu,L=Karlsruhe,ST=Baden-Wuerttemberg,C=DE::CN=ca.irs3.kit.edu,O=irs3.kit.edu,L=Karlsruhe,ST=Baden-Wuerttemberg,C=DE",7956,0,7881,,,approve,"x509::CN=Member1@irs2.kit.edu,OU=member+OU=admin,O=irs2.kit.edu,L=Karlsruhe,ST=Baden-Wuerttemberg,C=DE::CN=ca.irs2.kit.edu,O=irs2.kit.edu,L=Karlsruhe,ST=Baden-Wuerttemberg,C=DE",0,2,,,,,
run_006,csr,operation_id,0f79c80d225a3a01fa700df74e4e7b903af2392d8b31711c52eb96c8474328db,3,tx_submit_started,VoteOnCSR,2026-03-07T07:39:18.48382867Z,irs3-member1,csr-irs3-1772869149,irs3,csr-irs3-1772869149,2026-03-07T07:39:18.483884281Z,csr,,,,,,,,,,,,,,,,,,,,,,,,,,,,,,,,,,,,
run_006,csr,operation_id,0f79c80d225a3a01fa700df74e4e7b903af2392d8b31711c52eb96c8474328db,3,tx_submitted,VoteOnCSR,2026-03-07T07:39:18.48382867Z,irs3-member1,csr-irs3-1772869149,irs3,csr-irs3-1772869149,2026-03-07T07:39:18.544150637Z,csr,02f7394e35bcb88cf409128349d9c7df27d288693f98f2241de9db01347f86d7,,,,,,,,,,,,,,,,,,,,,,,,,,,,,,,,,,,
run_006,csr,operation_id,0f79c80d225a3a01fa700df74e4e7b903af2392d8b31711c52eb96c8474328db,3,tx_failed,VoteOnCSR,,irs3-member1,csr-irs3-1772869149,irs3,csr-irs3-1772869149,2026-03-07T07:39:20.680482075Z,csr,02f7394e35bcb88cf409128349d9c7df27d288693f98f2241de9db01347f86d7,434,,,MVCC_READ_CONFLICT,,,,,,,,,,,,,,,,,,,,,transaction 02f7394e35bcb88cf409128349d9c7df27d288693f98f2241de9db01347f86d7 failed with status MVCC_READ_CONFLICT (11) in block 434,validation,,,,,,,,,
run_006,csr,operation_id,,,cc_event_observed,,,irs3-member1,csr-irs3-1772869149,irs3,csr-irs3-1772869149,2026-03-07T07:39:20.693620364Z,csr,539abaaf8b22dfe2afd71dcc3872463d4f56b4f2f85a3dad38b5c7b714aebebb,434,,,VALID,signing_initiated,24527,23547,980,326.6666666666667,3,,SigningInitiated,2,2026-03-07T07:39:18.463009345Z,2026-03-07T07:39:20.679354557Z,,,,,True,,7850,0,7774,,,,,,,,,,,
run_006,csr,operation_id,0f79c80d225a3a01fa700df74e4e7b903af2392d8b31711c52eb96c8474328db,4,tx_submit_started,VoteOnCSR,2026-03-07T07:39:21.730215619Z,irs3-member1,csr-irs3-1772869149,irs3,csr-irs3-1772869149,2026-03-07T07:39:21.730249008Z,csr,,,,,,,,,,,,,,,,,,,,,,,,,,,,,,,,,,,,
run_006,csr,operation_id,0f79c80d225a3a01fa700df74e4e7b903af2392d8b31711c52eb96c8474328db,4,tx_submitted,VoteOnCSR,2026-03-07T07:39:21.730215619Z,irs3-member1,csr-irs3-1772869149,irs3,csr-irs3-1772869149,2026-03-07T07:39:21.773192021Z,csr,7f1fd309d664da98eca0af90f69e75182a9d788e1d29fd26f80af57e2e742fed,,,,,,,,,,,,,,,,,,,,,,,,,,,,,,,,,,,
run_006,csr,operation_id,0f79c80d225a3a01fa700df74e4e7b903af2392d8b31711c52eb96c8474328db,4,tx_committed,VoteOnCSR,2026-03-07T07:39:21.730215619Z,irs3-member1,csr-irs3-1772869149,irs3,csr-irs3-1772869149,2026-03-07T07:39:23.933847557Z,csr,7f1fd309d664da98eca0af90f69e75182a9d788e1d29fd26f80af57e2e742fed,435,VALID,2026-03-07T07:39:23.933811668Z,VALID,,,,,,,,,,,,,,,,,,,,,,,,,,,,,,,
run_006,csr,operation_id,,,cc_event_observed,,,irs3-member1,csr-irs3-1772869149,irs3,csr-irs3-1772869149,2026-03-07T07:39:23.983016511Z,csr,7f1fd309d664da98eca0af90f69e75182a9d788e1d29fd26f80af57e2e742fed,435,,,VALID,signing_initiated,17045,16071,974,487,2,,SigningInitiated,2,2026-03-07T07:39:21.730451027Z,2026-03-07T07:39:23.933194095Z,,,,,True,,8037,0,7962,,,,,,,,,,,
run_006,csr,operation_id,804f295c94132814e8267fdcc73309bb214c0f943c3931f9bba7659582cb0f29,1,tx_submit_started,SubmitPartialSignature,2026-03-07T07:39:27.047076118Z,irs3-member1,csr-irs3-1772869149,irs3,csr-irs3-1772869149,2026-03-07T07:39:27.047098506Z,csr,,,,,,,,,,,,,,,,,,,,,,,,,,,,,,,,,,,,
run_006,csr,operation_id,804f295c94132814e8267fdcc73309bb214c0f943c3931f9bba7659582cb0f29,1,tx_submitted,SubmitPartialSignature,2026-03-07T07:39:27.047076118Z,irs3-member1,csr-irs3-1772869149,irs3,csr-irs3-1772869149,2026-03-07T07:39:27.105078937Z,csr,b61311d04d7ef843d0b8ec7a811d019add24eae76aa66307d53412fb4b8a0173,,,,,,,,,,,,,,,,,,,,,,,,,,,,,,,,,,,
run_006,csr,operation_id,804f295c94132814e8267fdcc73309bb214c0f943c3931f9bba7659582cb0f29,1,tx_failed,SubmitPartialSignature,,irs3-member1,csr-irs3-1772869149,irs3,csr-irs3-1772869149,2026-03-07T07:39:27.999001679Z,csr,b61311d04d7ef843d0b8ec7a811d019add24eae76aa66307d53412fb4b8a0173,436,,,MVCC_READ_CONFLICT,,,,,,,,,,,,,,,,,,,,,transaction b61311d04d7ef843d0b8ec7a811d019add24eae76aa66307d53412fb4b8a0173 failed with status MVCC_READ_CONFLICT (11) in block 436,validation,,,,,,,,,
run_006,csr,operation_id,,,cc_event_observed,,,irs3-member1,csr-irs3-1772869149,irs3,csr-irs3-1772869149,2026-03-07T07:39:28.058980368Z,csr,6aae5114ad5abcc62b3b665ba64d4880105bc4c20fab0e0a21dd058e31b0afeb,436,,,VALID,signing_initiated,37031,36040,991,165.16666666666666,6,,SigningInitiated,2,2026-03-07T07:39:25.704471643Z,2026-03-07T07:39:27.999099309Z,,,,,True,,8212,0,8137,,,,,,,,,,,
run_006,csr,operation_id,804f295c94132814e8267fdcc73309bb214c0f943c3931f9bba7659582cb0f29,2,tx_submit_started,SubmitPartialSignature,2026-03-07T07:39:28.269839658Z,irs3-member1,csr-irs3-1772869149,irs3,csr-irs3-1772869149,2026-03-07T07:39:28.269904565Z,csr,,,,,,,,,,,,,,,,,,,,,,,,,,,,,,,,,,,,
run_006,csr,operation_id,804f295c94132814e8267fdcc73309bb214c0f943c3931f9bba7659582cb0f29,2,tx_submitted,SubmitPartialSignature,2026-03-07T07:39:28.269839658Z,irs3-member1,csr-irs3-1772869149,irs3,csr-irs3-1772869149,2026-03-07T07:39:28.328511829Z,csr,38921bd48563fb10e2e55ec90836ffab061a2106a00b92a11ab9f014ad9f8a22,,,,,,,,,,,,,,,,,,,,,,,,,,,,,,,,,,,
run_006,csr,operation_id,804f295c94132814e8267fdcc73309bb214c0f943c3931f9bba7659582cb0f29,2,tx_failed,SubmitPartialSignature,,irs3-member1,csr-irs3-1772869149,irs3,csr-irs3-1772869149,2026-03-07T07:39:30.441789243Z,csr,38921bd48563fb10e2e55ec90836ffab061a2106a00b92a11ab9f014ad9f8a22,437,,,MVCC_READ_CONFLICT,,,,,,,,,,,,,,,,,,,,,transaction 38921bd48563fb10e2e55ec90836ffab061a2106a00b92a11ab9f014ad9f8a22 failed with status MVCC_READ_CONFLICT (11) in block 437,validation,,,,,,,,,
run_006,csr,operation_id,804f295c94132814e8267fdcc73309bb214c0f943c3931f9bba7659582cb0f29,3,tx_submit_started,SubmitPartialSignature,2026-03-07T07:39:31.020214328Z,irs3-member1,csr-irs3-1772869149,irs3,csr-irs3-1772869149,2026-03-07T07:39:31.020268865Z,csr,,,,,,,,,,,,,,,,,,,,,,,,,,,,,,,,,,,,
run_006,csr,operation_id,804f295c94132814e8267fdcc73309bb214c0f943c3931f9bba7659582cb0f29,3,tx_submitted,SubmitPartialSignature,2026-03-07T07:39:31.020214328Z,irs3-member1,csr-irs3-1772869149,irs3,csr-irs3-1772869149,2026-03-07T07:39:31.076569741Z,csr,20cca37c9dfb9303aad30b3c026197868bf151dd1646bc8b351c6560fa6f4e0d,,,,,,,,,,,,,,,,,,,,,,,,,,,,,,,,,,,
run_006,csr,operation_id,804f295c94132814e8267fdcc73309bb214c0f943c3931f9bba7659582cb0f29,3,tx_failed,SubmitPartialSignature,,irs3-member1,csr-irs3-1772869149,irs3,csr-irs3-1772869149,2026-03-07T07:39:33.244955161Z,csr,20cca37c9dfb9303aad30b3c026197868bf151dd1646bc8b351c6560fa6f4e0d,438,,,MVCC_READ_CONFLICT,,,,,,,,,,,,,,,,,,,,,transaction 20cca37c9dfb9303aad30b3c026197868bf151dd1646bc8b351c6560fa6f4e0d failed with status MVCC_READ_CONFLICT (11) in block 438,validation,,,,,,,,,
run_006,csr,operation_id,,,cc_event_observed,,,irs3-member1,csr-irs3-1772869149,irs3,csr-irs3-1772869149,2026-03-07T07:39:33.258681783Z,csr,e522d09be1f5522f9500a680f4a37f2f3134ee7cb9e86ed3613c981d7740377d,438,,,VALID,threshold_reached,26314,25330,984,246,4,,ThresholdReached,2,2026-03-07T07:39:31.005408782Z,2026-03-07T07:39:33.24490355Z,,,,,True,,6334,0,6259,,,,,,,,,,,
run_006,csr,operation_id,804f295c94132814e8267fdcc73309bb214c0f943c3931f9bba7659582cb0f29,4,tx_submit_started,SubmitPartialSignature,2026-03-07T07:39:34.058676503Z,irs3-member1,csr-irs3-1772869149,irs3,csr-irs3-1772869149,2026-03-07T07:39:34.058746429Z,csr,,,,,,,,,,,,,,,,,,,,,,,,,,,,,,,,,,,,
run_006,csr,operation_id,804f295c94132814e8267fdcc73309bb214c0f943c3931f9bba7659582cb0f29,4,tx_failed,SubmitPartialSignature,,irs3-member1,csr-irs3-1772869149,irs3,csr-irs3-1772869149,2026-03-07T07:39:34.114528657Z,csr,74f891c5f93afc00b3ae50009d36536abf88e91daf57df1b5a2cff8588c621b4,,,,,,,,,,,,,,,,,,,,,,,,,"endorse error: rpc error: code = Aborted desc = failed to endorse transaction, see attached details for more info
Details:
  - Address: peer0.irs3.kit.edu:7051
    MspId: IRS3MSP
    Message: chaincode response 500, signing session is not active
  - Address: peer1.irs3.kit.edu:8051
    MspId: IRS3MSP
    Message: chaincode response 500, signing session is not active
  - Address: peer3.irs3.kit.edu:10051
    MspId: IRS3MSP
    Message: chaincode response 500, signing session is not active
  - Address: peer2.irs3.kit.edu:9051
    MspId: IRS3MSP
    Message: chaincode response 500, signing session is not active",endorse,,,,,,,,,
run_006,csr,operation_id,,,cc_event_observed,,,irs3-member1,csr-irs3-1772869149,irs3,csr-irs3-1772869149,2026-03-07T07:39:37.518119759Z,csr,da24fe3fc2ec55a8f16826bf549d1b65afbc6450dcabbbd4bd06c68b60a5701d,439,,,VALID,certificate_registered,26734,25758,976,488,2,17,CertificateRegistered,2,2026-03-07T07:39:35.274165714Z,2026-03-07T07:39:37.496030771Z,{},0,"{""active_index"":19,""certificate"":1781,""merkle_state"":1516,""proposal"":2605}",5921,True,,12883,0,12808,,,,,,,0f02670dbb8db050468ba1c9923b703cbbea220fcad1266dc4ac9301aa686b1f,"x509::CN=Member1@irs3.kit.edu,OU=member+OU=admin,O=irs3.kit.edu,L=Karlsruhe,ST=Baden-Wuerttemberg,C=DE::CN=ca.irs3.kit.edu,O=irs3.kit.edu,L=Karlsruhe,ST=Baden-Wuerttemberg,C=DE",,,
run_006,csr,operation_id,,,cc_event_observed,,,irs3-member1,csr-irs3-1772869149,irs3,csr-irs3-1772869149,2026-03-07T07:39:37.518349555Z,csr,da24fe3fc2ec55a8f16826bf549d1b65afbc6450dcabbbd4bd06c68b60a5701d,439,,,VALID,certificate_registered,26734,25758,976,488,2,17,StorageAttribution,2,2026-03-07T07:39:35.274165714Z,2026-03-07T07:39:37.496030771Z,{},0,"{""active_index"":19,""certificate"":1781,""merkle_state"":1516,""proposal"":2605}",5921,True,,12883,0,12808,,,,,,,0f02670dbb8db050468ba1c9923b703cbbea220fcad1266dc4ac9301aa686b1f,"x509::CN=Member1@irs3.kit.edu,OU=member+OU=admin,O=irs3.kit.edu,L=Karlsruhe,ST=Baden-Wuerttemberg,C=DE::CN=ca.irs3.kit.edu,O=irs3.kit.edu,L=Karlsruhe,ST=Baden-Wuerttemberg,C=DE",,,
run_006,revocation,operation_id,5f5f29503fb2678e2efb73eca68931315e50e7b838eebc3467773f64ef297544,1,tx_submit_started,ProposeRevocation,2026-03-07T07:39:49.575032533Z,irs3-member1,revoke-irs3-1772869189,irs3,revoke-irs3-1772869189,2026-03-07T07:39:49.575067662Z,revocation,,,,,,,,,,,,,,,,,,,,,,,,,,,,,,,,,,,,
run_006,revocation,operation_id,5f5f29503fb2678e2efb73eca68931315e50e7b838eebc3467773f64ef297544,1,tx_submitted,ProposeRevocation,2026-03-07T07:39:49.575032533Z,irs3-member1,revoke-irs3-1772869189,irs3,revoke-irs3-1772869189,2026-03-07T07:39:49.650819731Z,revocation,f22903b73bf598979849f4bf82c388dc4fd87678a8147d095cf0ce78030b3f34,,,,,,,,,,,,,,,,,,,,,,,,,,,,,,,,,,,
run_006,revocation,operation_id,5f5f29503fb2678e2efb73eca68931315e50e7b838eebc3467773f64ef297544,1,tx_committed,ProposeRevocation,2026-03-07T07:39:49.575032533Z,irs3-member1,revoke-irs3-1772869189,irs3,revoke-irs3-1772869189,2026-03-07T07:39:51.767965902Z,revocation,f22903b73bf598979849f4bf82c388dc4fd87678a8147d095cf0ce78030b3f34,441,VALID,2026-03-07T07:39:51.767906013Z,VALID,,,,,,,,,,,,,,,,,,,,,,,,,,,,,,,
run_006,revocation,operation_id,,,cc_event_observed,,,irs3-member1,revoke-irs3-1772869189,irs3,revoke-irs3-1772869189,2026-03-07T07:39:51.778667488Z,revocation,f22903b73bf598979849f4bf82c388dc4fd87678a8147d095cf0ce78030b3f34,441,,,VALID,revocation_proposed,7128,6158,970,970,1,17,RevocationProposed,2,2026-03-07T07:39:49.575379514Z,2026-03-07T07:39:51.768050902Z,{},0,"{""proposal"":607}",607,True,,6158,0,6082,,,,,,,,"x509::CN=Member1@irs3.kit.edu,OU=member+OU=admin,O=irs3.kit.edu,L=Karlsruhe,ST=Baden-Wuerttemberg,C=DE::CN=ca.irs3.kit.edu,O=irs3.kit.edu,L=Karlsruhe,ST=Baden-Wuerttemberg,C=DE",benchmark,,
run_006,revocation,operation_id,,,cc_event_observed,,,irs3-member1,revoke-irs3-1772869189,irs3,revoke-irs3-1772869189,2026-03-07T07:39:51.778847748Z,revocation,f22903b73bf598979849f4bf82c388dc4fd87678a8147d095cf0ce78030b3f34,441,,,VALID,revocation_proposed,7128,6158,970,970,1,17,StorageAttribution,2,2026-03-07T07:39:49.575379514Z,2026-03-07T07:39:51.768050902Z,{},0,"{""proposal"":607}",607,True,,6158,0,6082,,,,,,,,"x509::CN=Member1@irs3.kit.edu,OU=member+OU=admin,O=irs3.kit.edu,L=Karlsruhe,ST=Baden-Wuerttemberg,C=DE::CN=ca.irs3.kit.edu,O=irs3.kit.edu,L=Karlsruhe,ST=Baden-Wuerttemberg,C=DE",benchmark,,
run_006,revocation,operation_id,1ca50fa8972b7207e536bd079649030b5c9d30a8de18896d6c014efa55bccabd,1,tx_submit_started,VoteOnRevocation,2026-03-07T07:39:53.028383143Z,irs3-member1,revoke-irs3-1772869189,irs3,revoke-irs3-1772869189,2026-03-07T07:39:53.028401513Z,revocation,,,,,,,,,,,,,,,,,,,,,,,,,,,,,,,,,,,,
run_006,revocation,operation_id,1ca50fa8972b7207e536bd079649030b5c9d30a8de18896d6c014efa55bccabd,1,tx_submitted,VoteOnRevocation,2026-03-07T07:39:53.028383143Z,irs3-member1,revoke-irs3-1772869189,irs3,revoke-irs3-1772869189,2026-03-07T07:39:53.078952485Z,revocation,39968e5fe72f0337b0805a4537fefed72ba1676fc7eacee47c51e921940f7bb0,,,,,,,,,,,,,,,,,,,,,,,,,,,,,,,,,,,
run_006,revocation,operation_id,1ca50fa8972b7207e536bd079649030b5c9d30a8de18896d6c014efa55bccabd,1,tx_failed,VoteOnRevocation,,irs3-member1,revoke-irs3-1772869189,irs3,revoke-irs3-1772869189,2026-03-07T07:39:54.651876904Z,revocation,39968e5fe72f0337b0805a4537fefed72ba1676fc7eacee47c51e921940f7bb0,442,,,MVCC_READ_CONFLICT,,,,,,,,,,,,,,,,,,,,,transaction 39968e5fe72f0337b0805a4537fefed72ba1676fc7eacee47c51e921940f7bb0 failed with status MVCC_READ_CONFLICT (11) in block 442,validation,,,,,,,,,
run_006,revocation,operation_id,,,cc_event_observed,,,irs3-member1,revoke-irs3-1772869189,irs3,revoke-irs3-1772869189,2026-03-07T07:39:54.661103139Z,revocation,ff8584f5f329842e89ce5f6dab82c447eee0cdf3f745512e8b4a843a309855db,442,,,VALID,revocation_voted,34558,33570,988,197.6,5,17,RevocationVoted,2,2026-03-07T07:39:52.398433886Z,2026-03-07T07:39:54.651259774Z,{},0,"{""proposal"":785,""vote"":292}",1077,True,,6721,0,6646,,,approve,"x509::CN=Member1@irs1.kit.edu,OU=member+OU=admin,O=irs1.kit.edu,L=Karlsruhe,ST=Baden-Wuerttemberg,C=DE::CN=ca.irs1.kit.edu,O=irs1.kit.edu,L=Karlsruhe,ST=Baden-Wuerttemberg,C=DE",0,1,,"x509::CN=Member1@irs3.kit.edu,OU=member+OU=admin,O=irs3.kit.edu,L=Karlsruhe,ST=Baden-Wuerttemberg,C=DE::CN=ca.irs3.kit.edu,O=irs3.kit.edu,L=Karlsruhe,ST=Baden-Wuerttemberg,C=DE",,,
run_006,revocation,operation_id,,,cc_event_observed,,,irs3-member1,revoke-irs3-1772869189,irs3,revoke-irs3-1772869189,2026-03-07T07:39:54.661268917Z,revocation,ff8584f5f329842e89ce5f6dab82c447eee0cdf3f745512e8b4a843a309855db,442,,,VALID,revocation_voted,34558,33570,988,197.6,5,17,StorageAttribution,2,2026-03-07T07:39:52.398433886Z,2026-03-07T07:39:54.651259774Z,{},0,"{""proposal"":785,""vote"":292}",1077,True,,6721,0,6646,,,approve,"x509::CN=Member1@irs1.kit.edu,OU=member+OU=admin,O=irs1.kit.edu,L=Karlsruhe,ST=Baden-Wuerttemberg,C=DE::CN=ca.irs1.kit.edu,O=irs1.kit.edu,L=Karlsruhe,ST=Baden-Wuerttemberg,C=DE",0,1,,"x509::CN=Member1@irs3.kit.edu,OU=member+OU=admin,O=irs3.kit.edu,L=Karlsruhe,ST=Baden-Wuerttemberg,C=DE::CN=ca.irs3.kit.edu,O=irs3.kit.edu,L=Karlsruhe,ST=Baden-Wuerttemberg,C=DE",,,
run_006,revocation,operation_id,1ca50fa8972b7207e536bd079649030b5c9d30a8de18896d6c014efa55bccabd,2,tx_submit_started,VoteOnRevocation,2026-03-07T07:39:54.875845205Z,irs3-member1,revoke-irs3-1772869189,irs3,revoke-irs3-1772869189,2026-03-07T07:39:54.875904482Z,revocation,,,,,,,,,,,,,,,,,,,,,,,,,,,,,,,,,,,,
run_006,revocation,operation_id,1ca50fa8972b7207e536bd079649030b5c9d30a8de18896d6c014efa55bccabd,2,tx_submitted,VoteOnRevocation,2026-03-07T07:39:54.875845205Z,irs3-member1,revoke-irs3-1772869189,irs3,revoke-irs3-1772869189,2026-03-07T07:39:54.937260226Z,revocation,28302a2a4b69aaaf6f4657ed46bd6e9815618ccd5e1b144791093a71aece5fac,,,,,,,,,,,,,,,,,,,,,,,,,,,,,,,,,,,
run_006,revocation,operation_id,1ca50fa8972b7207e536bd079649030b5c9d30a8de18896d6c014efa55bccabd,2,tx_committed,VoteOnRevocation,2026-03-07T07:39:54.875845205Z,irs3-member1,revoke-irs3-1772869189,irs3,revoke-irs3-1772869189,2026-03-07T07:39:57.074581478Z,revocation,28302a2a4b69aaaf6f4657ed46bd6e9815618ccd5e1b144791093a71aece5fac,443,VALID,2026-03-07T07:39:57.074517533Z,VALID,,,,,,,,,,,,,,,,,,,,,,,,,,,,,,,
run_006,revocation,operation_id,,,cc_event_observed,,,irs3-member1,revoke-irs3-1772869189,irs3,revoke-irs3-1772869189,2026-03-07T07:39:57.090118043Z,revocation,28302a2a4b69aaaf6f4657ed46bd6e9815618ccd5e1b144791093a71aece5fac,443,,,VALID,revocation_voted,28560,27577,983,245.75,4,17,RevocationVoted,2,2026-03-07T07:39:54.876237871Z,2026-03-07T07:39:57.074652237Z,{},0,"{""proposal"":964,""vote"":292}",1256,True,,6893,0,6818,,,approve,"x509::CN=Member1@irs3.kit.edu,OU=member+OU=admin,O=irs3.kit.edu,L=Karlsruhe,ST=Baden-Wuerttemberg,C=DE::CN=ca.irs3.kit.edu,O=irs3.kit.edu,L=Karlsruhe,ST=Baden-Wuerttemberg,C=DE",0,2,,"x509::CN=Member1@irs3.kit.edu,OU=member+OU=admin,O=irs3.kit.edu,L=Karlsruhe,ST=Baden-Wuerttemberg,C=DE::CN=ca.irs3.kit.edu,O=irs3.kit.edu,L=Karlsruhe,ST=Baden-Wuerttemberg,C=DE",,,
run_006,revocation,operation_id,,,cc_event_observed,,,irs3-member1,revoke-irs3-1772869189,irs3,revoke-irs3-1772869189,2026-03-07T07:39:57.090462506Z,revocation,28302a2a4b69aaaf6f4657ed46bd6e9815618ccd5e1b144791093a71aece5fac,443,,,VALID,revocation_voted,28560,27577,983,245.75,4,17,StorageAttribution,2,2026-03-07T07:39:54.876237871Z,2026-03-07T07:39:57.074652237Z,{},0,"{""proposal"":964,""vote"":292}",1256,True,,6893,0,6818,,,approve,"x509::CN=Member1@irs3.kit.edu,OU=member+OU=admin,O=irs3.kit.edu,L=Karlsruhe,ST=Baden-Wuerttemberg,C=DE::CN=ca.irs3.kit.edu,O=irs3.kit.edu,L=Karlsruhe,ST=Baden-Wuerttemberg,C=DE",0,2,,"x509::CN=Member1@irs3.kit.edu,OU=member+OU=admin,O=irs3.kit.edu,L=Karlsruhe,ST=Baden-Wuerttemberg,C=DE::CN=ca.irs3.kit.edu,O=irs3.kit.edu,L=Karlsruhe,ST=Baden-Wuerttemberg,C=DE",,,
run_006,revocation,operation_id,,,cc_event_observed,,,irs3-member1,revoke-irs3-1772869189,irs3,revoke-irs3-1772869189,2026-03-07T07:39:59.765458921Z,revocation,a86f6a1d1449ddb61339c17df336ea6b0203f0c8c5a83db643450560e7ff4e3c,444,,,VALID,certificate_revoked,33198,32219,979,326.3333333333333,3,17,NodeRevoked,2,2026-03-07T07:39:57.481053362Z,2026-03-07T07:39:59.753285983Z,"{""active_index"":19}",19,"{""certificate"":1809,""merkle_state"":1586}",3395,True,,10740,0,10664,,,,,,,,"x509::CN=Member1@irs3.kit.edu,OU=member+OU=admin,O=irs3.kit.edu,L=Karlsruhe,ST=Baden-Wuerttemberg,C=DE::CN=ca.irs3.kit.edu,O=irs3.kit.edu,L=Karlsruhe,ST=Baden-Wuerttemberg,C=DE",benchmark,,
run_006,revocation,operation_id,,,cc_event_observed,,,irs3-member1,revoke-irs3-1772869189,irs3,revoke-irs3-1772869189,2026-03-07T07:39:59.765699254Z,revocation,a86f6a1d1449ddb61339c17df336ea6b0203f0c8c5a83db643450560e7ff4e3c,444,,,VALID,certificate_revoked,33198,32219,979,326.3333333333333,3,17,StorageAttribution,2,2026-03-07T07:39:57.481053362Z,2026-03-07T07:39:59.753285983Z,"{""active_index"":19}",19,"{""certificate"":1809,""merkle_state"":1586}",3395,True,,10740,0,10664,,,,,,,,"x509::CN=Member1@irs3.kit.edu,OU=member+OU=admin,O=irs3.kit.edu,L=Karlsruhe,ST=Baden-Wuerttemberg,C=DE::CN=ca.irs3.kit.edu,O=irs3.kit.edu,L=Karlsruhe,ST=Baden-Wuerttemberg,C=DE",benchmark,,
run_006,removal,operation_id,f6d76dd549fdc28b4584a73d39f87d8b2d9eb2eea54b51e767efe57eca019c56,1,tx_submit_started,ProposeRemoveMember,2026-03-07T07:40:08.263384548Z,irs3-member1,remove-irs3-member1-1772869208,irs3,remove-irs3-member1-1772869208,2026-03-07T07:40:08.263417437Z,removal,,,,,,,,,,,,,,,,,,,,,,,,,,,,,,,,,,,,
run_006,removal,operation_id,f6d76dd549fdc28b4584a73d39f87d8b2d9eb2eea54b51e767efe57eca019c56,1,tx_submitted,ProposeRemoveMember,2026-03-07T07:40:08.263384548Z,irs3-member1,remove-irs3-member1-1772869208,irs3,remove-irs3-member1-1772869208,2026-03-07T07:40:08.348419871Z,removal,f2720dd3b4b681ed3d6b092d924425ae89b3465d0d38c336d482ca67166874e3,,,,,,,,,,,,,,,,,,,,,,,,,,,,,,,,,,,
run_006,removal,operation_id,f6d76dd549fdc28b4584a73d39f87d8b2d9eb2eea54b51e767efe57eca019c56,1,tx_committed,ProposeRemoveMember,2026-03-07T07:40:08.263384548Z,irs3-member1,remove-irs3-member1-1772869208,irs3,remove-irs3-member1-1772869208,2026-03-07T07:40:10.472109352Z,removal,f2720dd3b4b681ed3d6b092d924425ae89b3465d0d38c336d482ca67166874e3,445,VALID,2026-03-07T07:40:10.472041075Z,VALID,,,,,,,,,,,,,,,,,,,,,,,,,,,,,,,
run_006,removal,operation_id,,,cc_event_observed,,,irs3-member1,remove-irs3-member1-1772869208,irs3,remove-irs3-member1-1772869208,2026-03-07T07:40:10.485921548Z,removal,f2720dd3b4b681ed3d6b092d924425ae89b3465d0d38c336d482ca67166874e3,445,,,VALID,member_removal_proposed,8295,7324,971,971,1,17,MemberRemovalProposed,2,2026-03-07T07:40:08.263676604Z,2026-03-07T07:40:10.471221575Z,{},0,"{""proposal"":638}",638,True,"x509::CN=Member1@irs3.kit.edu,OU=member+OU=admin,O=irs3.kit.edu,L=Karlsruhe,ST=Baden-Wuerttemberg,C=DE::CN=ca.irs3.kit.edu,O=irs3.kit.edu,L=Karlsruhe,ST=Baden-Wuerttemberg,C=DE",7324,0,7249,,,,,,,,,,"x509::CN=Member1@irs3.kit.edu,OU=member+OU=admin,O=irs3.kit.edu,L=Karlsruhe,ST=Baden-Wuerttemberg,C=DE::CN=ca.irs3.kit.edu,O=irs3.kit.edu,L=Karlsruhe,ST=Baden-Wuerttemberg,C=DE",
run_006,removal,operation_id,,,cc_event_observed,,,irs3-member1,remove-irs3-member1-1772869208,irs3,remove-irs3-member1-1772869208,2026-03-07T07:40:10.486070196Z,removal,f2720dd3b4b681ed3d6b092d924425ae89b3465d0d38c336d482ca67166874e3,445,,,VALID,member_removal_proposed,8295,7324,971,971,1,17,StorageAttribution,2,2026-03-07T07:40:08.263676604Z,2026-03-07T07:40:10.471221575Z,{},0,"{""proposal"":638}",638,True,"x509::CN=Member1@irs3.kit.edu,OU=member+OU=admin,O=irs3.kit.edu,L=Karlsruhe,ST=Baden-Wuerttemberg,C=DE::CN=ca.irs3.kit.edu,O=irs3.kit.edu,L=Karlsruhe,ST=Baden-Wuerttemberg,C=DE",7324,0,7249,,,,,,,,,,"x509::CN=Member1@irs3.kit.edu,OU=member+OU=admin,O=irs3.kit.edu,L=Karlsruhe,ST=Baden-Wuerttemberg,C=DE::CN=ca.irs3.kit.edu,O=irs3.kit.edu,L=Karlsruhe,ST=Baden-Wuerttemberg,C=DE",
run_006,removal,operation_id,7bedd023bd2badef3f1e44097ad3719bd2f9f915d77edc765f818c1e0789ebda,1,tx_submit_started,VoteOnRemoveMember,2026-03-07T07:40:10.949585401Z,irs3-member1,remove-irs3-member1-1772869208,irs3,remove-irs3-member1-1772869208,2026-03-07T07:40:10.949606938Z,removal,,,,,,,,,,,,,,,,,,,,,,,,,,,,,,,,,,,,
run_006,removal,operation_id,7bedd023bd2badef3f1e44097ad3719bd2f9f915d77edc765f818c1e0789ebda,1,tx_submitted,VoteOnRemoveMember,2026-03-07T07:40:10.949585401Z,irs3-member1,remove-irs3-member1-1772869208,irs3,remove-irs3-member1-1772869208,2026-03-07T07:40:11.014664846Z,removal,2212dbffc0a19c619a96f423a2e10607f609f69507619607e5741b05eb48bb7b,,,,,,,,,,,,,,,,,,,,,,,,,,,,,,,,,,,
run_006,removal,operation_id,7bedd023bd2badef3f1e44097ad3719bd2f9f915d77edc765f818c1e0789ebda,1,tx_committed,VoteOnRemoveMember,2026-03-07T07:40:10.949585401Z,irs3-member1,remove-irs3-member1-1772869208,irs3,remove-irs3-member1-1772869208,2026-03-07T07:40:13.188308836Z,removal,2212dbffc0a19c619a96f423a2e10607f609f69507619607e5741b05eb48bb7b,446,VALID,2026-03-07T07:40:13.18825791Z,VALID,,,,,,,,,,,,,,,,,,,,,,,,,,,,,,,
run_006,removal,operation_id,,,cc_event_observed,,,irs3-member1,remove-irs3-member1-1772869208,irs3,remove-irs3-member1-1772869208,2026-03-07T07:40:13.207008585Z,removal,2212dbffc0a19c619a96f423a2e10607f609f69507619607e5741b05eb48bb7b,446,,,VALID,member_removal_voted,29728,28744,984,246,4,17,MemberRemovalVoted,2,2026-03-07T07:40:10.949708641Z,2026-03-07T07:40:13.190132095Z,{},0,"{""proposal"":816,""vote"":292}",1108,True,,7187,0,7112,,,approve,"x509::CN=Member1@irs3.kit.edu,OU=member+OU=admin,O=irs3.kit.edu,L=Karlsruhe,ST=Baden-Wuerttemberg,C=DE::CN=ca.irs3.kit.edu,O=irs3.kit.edu,L=Karlsruhe,ST=Baden-Wuerttemberg,C=DE",0,1,,,,"x509::CN=Member1@irs3.kit.edu,OU=member+OU=admin,O=irs3.kit.edu,L=Karlsruhe,ST=Baden-Wuerttemberg,C=DE::CN=ca.irs3.kit.edu,O=irs3.kit.edu,L=Karlsruhe,ST=Baden-Wuerttemberg,C=DE",
run_006,removal,operation_id,,,cc_event_observed,,,irs3-member1,remove-irs3-member1-1772869208,irs3,remove-irs3-member1-1772869208,2026-03-07T07:40:13.207169011Z,removal,2212dbffc0a19c619a96f423a2e10607f609f69507619607e5741b05eb48bb7b,446,,,VALID,member_removal_voted,29728,28744,984,246,4,17,StorageAttribution,2,2026-03-07T07:40:10.949708641Z,2026-03-07T07:40:13.190132095Z,{},0,"{""proposal"":816,""vote"":292}",1108,True,,7187,0,7112,,,approve,"x509::CN=Member1@irs3.kit.edu,OU=member+OU=admin,O=irs3.kit.edu,L=Karlsruhe,ST=Baden-Wuerttemberg,C=DE::CN=ca.irs3.kit.edu,O=irs3.kit.edu,L=Karlsruhe,ST=Baden-Wuerttemberg,C=DE",0,1,,,,"x509::CN=Member1@irs3.kit.edu,OU=member+OU=admin,O=irs3.kit.edu,L=Karlsruhe,ST=Baden-Wuerttemberg,C=DE::CN=ca.irs3.kit.edu,O=irs3.kit.edu,L=Karlsruhe,ST=Baden-Wuerttemberg,C=DE",
run_006,removal,operation_id,,,cc_event_observed,,,irs3-member1,remove-irs3-member1-1772869208,irs3,remove-irs3-member1-1772869208,2026-03-07T07:40:15.589827792Z,removal,2315ec10e2e7b3fa2910a93933df888abfac2fe90281bf9299bcc8b8f5cc22ef,447,,,VALID,member_removal_voted,30452,29468,984,246,4,17,MemberRemovalVoted,2,2026-03-07T07:40:13.331581397Z,2026-03-07T07:40:15.579840631Z,{},0,"{""proposal"":995,""vote"":292}",1287,True,,7371,0,7295,,,approve,"x509::CN=Member1@irs1.kit.edu,OU=member+OU=admin,O=irs1.kit.edu,L=Karlsruhe,ST=Baden-Wuerttemberg,C=DE::CN=ca.irs1.kit.edu,O=irs1.kit.edu,L=Karlsruhe,ST=Baden-Wuerttemberg,C=DE",0,2,,,,"x509::CN=Member1@irs3.kit.edu,OU=member+OU=admin,O=irs3.kit.edu,L=Karlsruhe,ST=Baden-Wuerttemberg,C=DE::CN=ca.irs3.kit.edu,O=irs3.kit.edu,L=Karlsruhe,ST=Baden-Wuerttemberg,C=DE",
run_006,removal,operation_id,,,cc_event_observed,,,irs3-member1,remove-irs3-member1-1772869208,irs3,remove-irs3-member1-1772869208,2026-03-07T07:40:15.589991792Z,removal,2315ec10e2e7b3fa2910a93933df888abfac2fe90281bf9299bcc8b8f5cc22ef,447,,,VALID,member_removal_voted,30452,29468,984,246,4,17,StorageAttribution,2,2026-03-07T07:40:13.331581397Z,2026-03-07T07:40:15.579840631Z,{},0,"{""proposal"":995,""vote"":292}",1287,True,,7371,0,7295,,,approve,"x509::CN=Member1@irs1.kit.edu,OU=member+OU=admin,O=irs1.kit.edu,L=Karlsruhe,ST=Baden-Wuerttemberg,C=DE::CN=ca.irs1.kit.edu,O=irs1.kit.edu,L=Karlsruhe,ST=Baden-Wuerttemberg,C=DE",0,2,,,,"x509::CN=Member1@irs3.kit.edu,OU=member+OU=admin,O=irs3.kit.edu,L=Karlsruhe,ST=Baden-Wuerttemberg,C=DE::CN=ca.irs3.kit.edu,O=irs3.kit.edu,L=Karlsruhe,ST=Baden-Wuerttemberg,C=DE",
run_006,removal,operation_id,,,cc_event_observed,,,irs3-member1,remove-irs3-member1-1772869208,irs3,remove-irs3-member1-1772869208,2026-03-07T07:40:18.376351144Z,removal,2047eef5d18d0ad12d6a6a8e0fd7febefe2feff5077900e5b9f5e27b00b6d5a7,448,,,VALID,member_removed,32338,31359,979,326.3333333333333,3,18,MemberRemoved,2,2026-03-07T07:40:16.105186053Z,2026-03-07T07:40:18.367115575Z,{},0,"{""ca_state"":1172}",1172,True,,10450,0,10375,,,,,,,,,,"x509::CN=Member1@irs3.kit.edu,OU=member+OU=admin,O=irs3.kit.edu,L=Karlsruhe,ST=Baden-Wuerttemberg,C=DE::CN=ca.irs3.kit.edu,O=irs3.kit.edu,L=Karlsruhe,ST=Baden-Wuerttemberg,C=DE",
run_006,removal,operation_id,,,cc_event_observed,,,irs3-member1,remove-irs3-member1-1772869208,irs3,remove-irs3-member1-1772869208,2026-03-07T07:40:18.376551236Z,removal,2047eef5d18d0ad12d6a6a8e0fd7febefe2feff5077900e5b9f5e27b00b6d5a7,448,,,VALID,member_removed,32338,31359,979,326.3333333333333,3,18,StorageAttribution,2,2026-03-07T07:40:16.105186053Z,2026-03-07T07:40:18.367115575Z,{},0,"{""ca_state"":1172}",1172,True,,10450,0,10375,,,,,,,,,,"x509::CN=Member1@irs3.kit.edu,OU=member+OU=admin,O=irs3.kit.edu,L=Karlsruhe,ST=Baden-Wuerttemberg,C=DE::CN=ca.irs3.kit.edu,O=irs3.kit.edu,L=Karlsruhe,ST=Baden-Wuerttemberg,C=DE",
run_006,join,operation_id,06d64323dd6aca20dc568ea32edd97427f6877fc1efe50f72f845e9763040d06,1,tx_submit_started,RequestJoinCA,2026-03-07T07:41:05.315389339Z,irs3-member1,join-irs3-1772869265,irs3,join-irs3-1772869265,2026-03-07T07:41:05.315412135Z,join,,,,,,,,,,,,,,,,,,,,,,,,,,,,,,,,,,,,
run_006,join,operation_id,06d64323dd6aca20dc568ea32edd97427f6877fc1efe50f72f845e9763040d06,1,tx_submitted,RequestJoinCA,2026-03-07T07:41:05.315389339Z,irs3-member1,join-irs3-1772869265,irs3,join-irs3-1772869265,2026-03-07T07:41:05.416780301Z,join,b277a347eacb1380196fb1f5c92a425b0be6f0391cab4617e7143c69c72fad26,,,,,,,,,,,,,,,,,,,,,,,,,,,,,,,,,,,
run_006,join,operation_id,06d64323dd6aca20dc568ea32edd97427f6877fc1efe50f72f845e9763040d06,1,tx_committed,RequestJoinCA,2026-03-07T07:41:05.315389339Z,irs3-member1,join-irs3-1772869265,irs3,join-irs3-1772869265,2026-03-07T07:41:07.529375991Z,join,b277a347eacb1380196fb1f5c92a425b0be6f0391cab4617e7143c69c72fad26,457,VALID,2026-03-07T07:41:07.529323584Z,VALID,,,,,,,,,,,,,,,,,,,,,,,,,,,,,,,
run_006,join,operation_id,,,cc_event_observed,,,irs3-member1,join-irs3-1772869265,irs3,join-irs3-1772869265,2026-03-07T07:41:07.542902261Z,join,b277a347eacb1380196fb1f5c92a425b0be6f0391cab4617e7143c69c72fad26,457,,,VALID,member_join_requested,8719,7748,971,971,1,18,MemberJoinRequested,2,2026-03-07T07:41:05.31557658Z,2026-03-07T07:41:07.529434436Z,{},0,"{""proposal"":1436}",1436,True,,7748,0,7673,,,,,,,,,,,
run_006,join,operation_id,,,cc_event_observed,,,irs3-member1,join-irs3-1772869265,irs3,join-irs3-1772869265,2026-03-07T07:41:07.543044317Z,join,b277a347eacb1380196fb1f5c92a425b0be6f0391cab4617e7143c69c72fad26,457,,,VALID,member_join_requested,8719,7748,971,971,1,18,StorageAttribution,2,2026-03-07T07:41:05.31557658Z,2026-03-07T07:41:07.529434436Z,{},0,"{""proposal"":1436}",1436,True,,7748,0,7673,,,,,,,,,,,
run_006,join,operation_id,,,cc_event_observed,,,irs3-member1,join-irs3-1772869265,irs3,join-irs3-1772869265,2026-03-07T07:41:10.488846486Z,join,46fdb2d6c2a19d11d04d498893c87b03d0fb1536cc387013d49278df39aa7683,458,,,VALID,member_join_voted,24739,23760,979,326.3333333333333,3,18,MemberJoinVoted,2,2026-03-07T07:41:08.256312383Z,2026-03-07T07:41:10.468931127Z,{},0,"{""proposal"":1614,""vote"":290}",1904,True,,7917,0,7841,,,approve,"x509::CN=Member1@irs5.kit.edu,OU=member+OU=admin,O=irs5.kit.edu,L=Karlsruhe,ST=Baden-Wuerttemberg,C=DE::CN=ca.irs5.kit.edu,O=irs5.kit.edu,L=Karlsruhe,ST=Baden-Wuerttemberg,C=DE",0,1,,,,,"x509::CN=Member1@irs3.kit.edu,OU=member+OU=admin,O=irs3.kit.edu,L=Karlsruhe,ST=Baden-Wuerttemberg,C=DE::CN=ca.irs3.kit.edu,O=irs3.kit.edu,L=Karlsruhe,ST=Baden-Wuerttemberg,C=DE"
run_006,join,operation_id,,,cc_event_observed,,,irs3-member1,join-irs3-1772869265,irs3,join-irs3-1772869265,2026-03-07T07:41:10.489018671Z,join,46fdb2d6c2a19d11d04d498893c87b03d0fb1536cc387013d49278df39aa7683,458,,,VALID,member_join_voted,24739,23760,979,326.3333333333333,3,18,StorageAttribution,2,2026-03-07T07:41:08.256312383Z,2026-03-07T07:41:10.468931127Z,{},0,"{""proposal"":1614,""vote"":290}",1904,True,,7917,0,7841,,,approve,"x509::CN=Member1@irs5.kit.edu,OU=member+OU=admin,O=irs5.kit.edu,L=Karlsruhe,ST=Baden-Wuerttemberg,C=DE::CN=ca.irs5.kit.edu,O=irs5.kit.edu,L=Karlsruhe,ST=Baden-Wuerttemberg,C=DE",0,1,,,,,"x509::CN=Member1@irs3.kit.edu,OU=member+OU=admin,O=irs3.kit.edu,L=Karlsruhe,ST=Baden-Wuerttemberg,C=DE::CN=ca.irs3.kit.edu,O=irs3.kit.edu,L=Karlsruhe,ST=Baden-Wuerttemberg,C=DE"
run_006,join,operation_id,,,cc_event_observed,,,irs3-member1,join-irs3-1772869265,irs3,join-irs3-1772869265,2026-03-07T07:41:12.559913496Z,join,ab6a6054de9bff5d91faa5b905d391b0dff7acda464facd6262e1f3628c865c2,459,,,VALID,member_join_approved,31710,30730,980,326.6666666666667,3,19,MemberJoinApproved,2,2026-03-07T07:41:10.730725974Z,2026-03-07T07:41:12.548688169Z,{},0,"{""ca_state"":1348}",1348,True,,11404,1,11329,,,,,,,,,,,
run_006,join,operation_id,,,cc_event_observed,,,irs3-member1,join-irs3-1772869265,irs3,join-irs3-1772869265,2026-03-07T07:41:12.560117996Z,join,ab6a6054de9bff5d91faa5b905d391b0dff7acda464facd6262e1f3628c865c2,459,,,VALID,member_join_approved,31710,30730,980,326.6666666666667,3,19,StorageAttribution,2,2026-03-07T07:41:10.730725974Z,2026-03-07T07:41:12.548688169Z,{},0,"{""ca_state"":1348}",1348,True,,11404,1,11329,,,,,,,,,,,
run_007,csr,operation_id,17d939f3e7f5f0686c6e3d97b42716407a978b7cd7f9f2fd01901a016bf72202,1,tx_submit_started,SubmitCSR,2026-03-07T07:42:08.478975009Z,irs3-member1,csr-irs3-1772869328,irs3,csr-irs3-1772869328,2026-03-07T07:42:08.479015564Z,csr,,,,,,,,,,,,,,,,,,,,,,,,,,,,,,,,,,,,
run_007,csr,operation_id,17d939f3e7f5f0686c6e3d97b42716407a978b7cd7f9f2fd01901a016bf72202,1,tx_submitted,SubmitCSR,2026-03-07T07:42:08.478975009Z,irs3-member1,csr-irs3-1772869328,irs3,csr-irs3-1772869328,2026-03-07T07:42:08.534789644Z,csr,c9c95c0ef9684c61587baf4e98e8df9bd42a13e2fa52c9ccf6ee79783dc3c45b,,,,,,,,,,,,,,,,,,,,,,,,,,,,,,,,,,,
run_007,csr,operation_id,17d939f3e7f5f0686c6e3d97b42716407a978b7cd7f9f2fd01901a016bf72202,1,tx_committed,SubmitCSR,2026-03-07T07:42:08.478975009Z,irs3-member1,csr-irs3-1772869328,irs3,csr-irs3-1772869328,2026-03-07T07:42:10.63997256Z,csr,c9c95c0ef9684c61587baf4e98e8df9bd42a13e2fa52c9ccf6ee79783dc3c45b,470,VALID,2026-03-07T07:42:10.639904319Z,VALID,,,,,,,,,,,,,,,,,,,,,,,,,,,,,,,
run_007,csr,operation_id,,,cc_event_observed,,,irs3-member1,csr-irs3-1772869328,irs3,csr-irs3-1772869328,2026-03-07T07:42:10.651359054Z,csr,c9c95c0ef9684c61587baf4e98e8df9bd42a13e2fa52c9ccf6ee79783dc3c45b,470,,,VALID,csr_submitted,8484,7513,971,971,1,19,CSRSubmitted,2,2026-03-07T07:42:08.479167879Z,2026-03-07T07:42:10.640003375Z,{},0,"{""proposal"":1713}",1713,True,"x509::CN=Member1@irs3.kit.edu,OU=member+OU=admin,O=irs3.kit.edu,L=Karlsruhe,ST=Baden-Wuerttemberg,C=DE::CN=ca.irs3.kit.edu,O=irs3.kit.edu,L=Karlsruhe,ST=Baden-Wuerttemberg,C=DE",7513,0,7438,,,,,,,,,,,
run_007,csr,operation_id,,,cc_event_observed,,,irs3-member1,csr-irs3-1772869328,irs3,csr-irs3-1772869328,2026-03-07T07:42:10.651669628Z,csr,c9c95c0ef9684c61587baf4e98e8df9bd42a13e2fa52c9ccf6ee79783dc3c45b,470,,,VALID,csr_submitted,8484,7513,971,971,1,19,StorageAttribution,2,2026-03-07T07:42:08.479167879Z,2026-03-07T07:42:10.640003375Z,{},0,"{""proposal"":1713}",1713,True,"x509::CN=Member1@irs3.kit.edu,OU=member+OU=admin,O=irs3.kit.edu,L=Karlsruhe,ST=Baden-Wuerttemberg,C=DE::CN=ca.irs3.kit.edu,O=irs3.kit.edu,L=Karlsruhe,ST=Baden-Wuerttemberg,C=DE",7513,0,7438,,,,,,,,,,,
run_007,csr,operation_id,a9e97bc26d785b8fcc822b800b2689b598b1d5e0b9a74d11a2eafc1ede9df671,1,tx_submit_started,VoteOnCSR,2026-03-07T07:42:10.931748508Z,irs3-member1,csr-irs3-1772869328,irs3,csr-irs3-1772869328,2026-03-07T07:42:10.931768804Z,csr,,,,,,,,,,,,,,,,,,,,,,,,,,,,,,,,,,,,
run_007,csr,operation_id,a9e97bc26d785b8fcc822b800b2689b598b1d5e0b9a74d11a2eafc1ede9df671,1,tx_submitted,VoteOnCSR,2026-03-07T07:42:10.931748508Z,irs3-member1,csr-irs3-1772869328,irs3,csr-irs3-1772869328,2026-03-07T07:42:10.985744256Z,csr,6e85b587c2a527fab40514ab6ec7338aa5b5d2687e01a72dd4727e8efa875d33,,,,,,,,,,,,,,,,,,,,,,,,,,,,,,,,,,,
run_007,csr,operation_id,a9e97bc26d785b8fcc822b800b2689b598b1d5e0b9a74d11a2eafc1ede9df671,1,tx_committed,VoteOnCSR,2026-03-07T07:42:10.931748508Z,irs3-member1,csr-irs3-1772869328,irs3,csr-irs3-1772869328,2026-03-07T07:42:13.154554803Z,csr,6e85b587c2a527fab40514ab6ec7338aa5b5d2687e01a72dd4727e8efa875d33,471,VALID,2026-03-07T07:42:13.154512988Z,VALID,,,,,,,,,,,,,,,,,,,,,,,,,,,,,,,
run_007,csr,operation_id,,,cc_event_observed,,,irs3-member1,csr-irs3-1772869328,irs3,csr-irs3-1772869328,2026-03-07T07:42:13.165994056Z,csr,6e85b587c2a527fab40514ab6ec7338aa5b5d2687e01a72dd4727e8efa875d33,471,,,VALID,csr_voted,32094,31111,983,245.75,4,19,CSRVoted,2,2026-03-07T07:42:10.93187749Z,2026-03-07T07:42:13.153000211Z,{},0,"{""proposal"":1891,""vote"":289}",2180,True,"x509::CN=Member1@irs3.kit.edu,OU=member+OU=admin,O=irs3.kit.edu,L=Karlsruhe,ST=Baden-Wuerttemberg,C=DE::CN=ca.irs3.kit.edu,O=irs3.kit.edu,L=Karlsruhe,ST=Baden-Wuerttemberg,C=DE",7777,0,7701,,,approve,"x509::CN=Member1@irs3.kit.edu,OU=member+OU=admin,O=irs3.kit.edu,L=Karlsruhe,ST=Baden-Wuerttemberg,C=DE::CN=ca.irs3.kit.edu,O=irs3.kit.edu,L=Karlsruhe,ST=Baden-Wuerttemberg,C=DE",0,1,,,,,
run_007,csr,operation_id,,,cc_event_observed,,,irs3-member1,csr-irs3-1772869328,irs3,csr-irs3-1772869328,2026-03-07T07:42:13.166335796Z,csr,6e85b587c2a527fab40514ab6ec7338aa5b5d2687e01a72dd4727e8efa875d33,471,,,VALID,csr_voted,32094,31111,983,245.75,4,19,StorageAttribution,2,2026-03-07T07:42:10.93187749Z,2026-03-07T07:42:13.153000211Z,{},0,"{""proposal"":1891,""vote"":289}",2180,True,"x509::CN=Member1@irs3.kit.edu,OU=member+OU=admin,O=irs3.kit.edu,L=Karlsruhe,ST=Baden-Wuerttemberg,C=DE::CN=ca.irs3.kit.edu,O=irs3.kit.edu,L=Karlsruhe,ST=Baden-Wuerttemberg,C=DE",7777,0,7701,,,approve,"x509::CN=Member1@irs3.kit.edu,OU=member+OU=admin,O=irs3.kit.edu,L=Karlsruhe,ST=Baden-Wuerttemberg,C=DE::CN=ca.irs3.kit.edu,O=irs3.kit.edu,L=Karlsruhe,ST=Baden-Wuerttemberg,C=DE",0,1,,,,,
run_007,csr,operation_id,,,cc_event_observed,,,irs3-member1,csr-irs3-1772869328,irs3,csr-irs3-1772869328,2026-03-07T07:42:15.564526197Z,csr,2ebf9da194bce0cd8b7acdfbd8a7b434e5086937bf12da5e76cda6f42f5b4bc4,472,,,VALID,csr_voted,32822,31838,984,246,4,19,CSRVoted,2,2026-03-07T07:42:13.298395916Z,2026-03-07T07:42:15.549476575Z,{},0,"{""proposal"":2070,""vote"":290}",2360,True,"x509::CN=Member1@irs3.kit.edu,OU=member+OU=admin,O=irs3.kit.edu,L=Karlsruhe,ST=Baden-Wuerttemberg,C=DE::CN=ca.irs3.kit.edu,O=irs3.kit.edu,L=Karlsruhe,ST=Baden-Wuerttemberg,C=DE",7962,0,7887,,,approve,"x509::CN=Member1@irs1.kit.edu,OU=member+OU=admin,O=irs1.kit.edu,L=Karlsruhe,ST=Baden-Wuerttemberg,C=DE::CN=ca.irs1.kit.edu,O=irs1.kit.edu,L=Karlsruhe,ST=Baden-Wuerttemberg,C=DE",0,2,,,,,
run_007,csr,operation_id,,,cc_event_observed,,,irs3-member1,csr-irs3-1772869328,irs3,csr-irs3-1772869328,2026-03-07T07:42:15.564762919Z,csr,2ebf9da194bce0cd8b7acdfbd8a7b434e5086937bf12da5e76cda6f42f5b4bc4,472,,,VALID,csr_voted,32822,31838,984,246,4,19,StorageAttribution,2,2026-03-07T07:42:13.298395916Z,2026-03-07T07:42:15.549476575Z,{},0,"{""proposal"":2070,""vote"":290}",2360,True,"x509::CN=Member1@irs3.kit.edu,OU=member+OU=admin,O=irs3.kit.edu,L=Karlsruhe,ST=Baden-Wuerttemberg,C=DE::CN=ca.irs3.kit.edu,O=irs3.kit.edu,L=Karlsruhe,ST=Baden-Wuerttemberg,C=DE",7962,0,7887,,,approve,"x509::CN=Member1@irs1.kit.edu,OU=member+OU=admin,O=irs1.kit.edu,L=Karlsruhe,ST=Baden-Wuerttemberg,C=DE::CN=ca.irs1.kit.edu,O=irs1.kit.edu,L=Karlsruhe,ST=Baden-Wuerttemberg,C=DE",0,2,,,,,
run_007,csr,operation_id,,,cc_event_observed,,,irs3-member1,csr-irs3-1772869328,irs3,csr-irs3-1772869328,2026-03-07T07:42:18.254260101Z,csr,e89481fb36f25d96d569eaefed258ab650af4786c3e503310ca51af817029588,473,,,VALID,signing_initiated,24543,23564,979,326.3333333333333,3,,SigningInitiated,2,2026-03-07T07:42:16.020349917Z,2026-03-07T07:42:18.242967125Z,,,,,True,,7856,0,7781,,,,,,,,,,,
run_007,csr,operation_id,,,cc_event_observed,,,irs3-member1,csr-irs3-1772869328,irs3,csr-irs3-1772869328,2026-03-07T07:42:21.53249949Z,csr,d68c0f75dcf7ddb1a6c1369fe4d66f84047660eede7380898e96ad19c5f7451c,474,,,VALID,signing_initiated,17055,16080,975,487.5,2,,SigningInitiated,2,2026-03-07T07:42:19.224418208Z,2026-03-07T07:42:21.469990951Z,,,,,True,,8040,0,7965,,,,,,,,,,,
run_007,csr,operation_id,,,cc_event_observed,,,irs3-member1,csr-irs3-1772869328,irs3,csr-irs3-1772869328,2026-03-07T07:42:25.461435887Z,csr,060873eabd1668e504af4b88ab6cfecba738380226dcc2ba57a1eab46eed9899,475,,,VALID,signing_initiated,9191,8221,970,970,1,,SigningInitiated,2,2026-03-07T07:42:23.177490937Z,2026-03-07T07:42:25.438282048Z,,,,,True,,8221,0,8145,,,,,,,,,,,
run_007,csr,operation_id,3e4d2675ca19becb4c3f5b6f0691eb499ecbf441cbcd09745b4fab65cfc5834f,1,tx_submit_started,SubmitPartialSignature,2026-03-07T07:42:26.001615696Z,irs3-member1,csr-irs3-1772869328,irs3,csr-irs3-1772869328,2026-03-07T07:42:26.001637733Z,csr,,,,,,,,,,,,,,,,,,,,,,,,,,,,,,,,,,,,
run_007,csr,operation_id,3e4d2675ca19becb4c3f5b6f0691eb499ecbf441cbcd09745b4fab65cfc5834f,1,tx_submitted,SubmitPartialSignature,2026-03-07T07:42:26.001615696Z,irs3-member1,csr-irs3-1772869328,irs3,csr-irs3-1772869328,2026-03-07T07:42:26.052969723Z,csr,69ffdc4dbcabdfd0d04822d8fe9b74d357f07785d5d971446e3924d4a81f573e,,,,,,,,,,,,,,,,,,,,,,,,,,,,,,,,,,,
run_007,csr,operation_id,3e4d2675ca19becb4c3f5b6f0691eb499ecbf441cbcd09745b4fab65cfc5834f,1,tx_failed,SubmitPartialSignature,,irs3-member1,csr-irs3-1772869328,irs3,csr-irs3-1772869328,2026-03-07T07:42:28.200393874Z,csr,69ffdc4dbcabdfd0d04822d8fe9b74d357f07785d5d971446e3924d4a81f573e,476,,,MVCC_READ_CONFLICT,,,,,,,,,,,,,,,,,,,,,transaction 69ffdc4dbcabdfd0d04822d8fe9b74d357f07785d5d971446e3924d4a81f573e failed with status MVCC_READ_CONFLICT (11) in block 476,validation,,,,,,,,,
run_007,csr,operation_id,3e4d2675ca19becb4c3f5b6f0691eb499ecbf441cbcd09745b4fab65cfc5834f,2,tx_submit_started,SubmitPartialSignature,2026-03-07T07:42:28.472754648Z,irs3-member1,csr-irs3-1772869328,irs3,csr-irs3-1772869328,2026-03-07T07:42:28.472825Z,csr,,,,,,,,,,,,,,,,,,,,,,,,,,,,,,,,,,,,
run_007,csr,operation_id,3e4d2675ca19becb4c3f5b6f0691eb499ecbf441cbcd09745b4fab65cfc5834f,2,tx_submitted,SubmitPartialSignature,2026-03-07T07:42:28.472754648Z,irs3-member1,csr-irs3-1772869328,irs3,csr-irs3-1772869328,2026-03-07T07:42:28.527095025Z,csr,21992d1d9ccc29fe91772e4cda40c069161d49ff2a1ef061f841a46dc6e74b63,,,,,,,,,,,,,,,,,,,,,,,,,,,,,,,,,,,
run_007,csr,operation_id,3e4d2675ca19becb4c3f5b6f0691eb499ecbf441cbcd09745b4fab65cfc5834f,2,tx_failed,SubmitPartialSignature,,irs3-member1,csr-irs3-1772869328,irs3,csr-irs3-1772869328,2026-03-07T07:42:30.670484197Z,csr,21992d1d9ccc29fe91772e4cda40c069161d49ff2a1ef061f841a46dc6e74b63,477,,,MVCC_READ_CONFLICT,,,,,,,,,,,,,,,,,,,,,transaction 21992d1d9ccc29fe91772e4cda40c069161d49ff2a1ef061f841a46dc6e74b63 failed with status MVCC_READ_CONFLICT (11) in block 477,validation,,,,,,,,,
run_007,csr,operation_id,,,cc_event_observed,,,irs3-member1,csr-irs3-1772869328,irs3,csr-irs3-1772869328,2026-03-07T07:42:30.680930266Z,csr,e34f418a2c27f64460cda57a7a9fe60cc98d56e5a7aff21cfc4ea96067400b5f,477,,,VALID,threshold_reached,26333,25350,983,245.75,4,,ThresholdReached,2,2026-03-07T07:42:28.448418978Z,2026-03-07T07:42:30.670582846Z,,,,,True,,6341,0,6265,,,,,,,,,,,
run_007,csr,operation_id,3e4d2675ca19becb4c3f5b6f0691eb499ecbf441cbcd09745b4fab65cfc5834f,3,tx_submit_started,SubmitPartialSignature,2026-03-07T07:42:31.077935747Z,irs3-member1,csr-irs3-1772869328,irs3,csr-irs3-1772869328,2026-03-07T07:42:31.078438099Z,csr,,,,,,,,,,,,,,,,,,,,,,,,,,,,,,,,,,,,
run_007,csr,operation_id,3e4d2675ca19becb4c3f5b6f0691eb499ecbf441cbcd09745b4fab65cfc5834f,3,tx_failed,SubmitPartialSignature,,irs3-member1,csr-irs3-1772869328,irs3,csr-irs3-1772869328,2026-03-07T07:42:31.122991278Z,csr,5eb28a12c89e247e1334af1580c9ac72b249652e4c93aee0f2487a4e6974b415,,,,,,,,,,,,,,,,,,,,,,,,,"endorse error: rpc error: code = Aborted desc = failed to endorse transaction, see attached details for more info
Details:
  - Address: peer0.irs3.kit.edu:7051
    MspId: IRS3MSP
    Message: chaincode response 500, signing session is not active
  - Address: peer1.irs3.kit.edu:8051
    MspId: IRS3MSP
    Message: chaincode response 500, signing session is not active
  - Address: peer3.irs3.kit.edu:10051
    MspId: IRS3MSP
    Message: chaincode response 500, signing session is not active
  - Address: peer2.irs3.kit.edu:9051
    MspId: IRS3MSP
    Message: chaincode response 500, signing session is not active",endorse,,,,,,,,,
run_007,csr,operation_id,,,cc_event_observed,,,irs3-member1,csr-irs3-1772869328,irs3,csr-irs3-1772869328,2026-03-07T07:42:34.956537727Z,csr,38c1d012f1bef6b9d21db6e03d43235212bd26933fe1d10aa68f7b1d22c88778,478,,,VALID,certificate_registered,26750,25775,975,487.5,2,19,CertificateRegistered,2,2026-03-07T07:42:32.705891726Z,2026-03-07T07:42:34.940222292Z,{},0,"{""active_index"":19,""certificate"":1781,""merkle_state"":1516,""proposal"":2609}",5925,True,,12888,0,12813,,,,,,,dbf8afa116a6d9086595728002594f8220bbb93c0836dbd2191b633b4a31b7ee,"x509::CN=Member1@irs3.kit.edu,OU=member+OU=admin,O=irs3.kit.edu,L=Karlsruhe,ST=Baden-Wuerttemberg,C=DE::CN=ca.irs3.kit.edu,O=irs3.kit.edu,L=Karlsruhe,ST=Baden-Wuerttemberg,C=DE",,,
run_007,csr,operation_id,,,cc_event_observed,,,irs3-member1,csr-irs3-1772869328,irs3,csr-irs3-1772869328,2026-03-07T07:42:34.956736672Z,csr,38c1d012f1bef6b9d21db6e03d43235212bd26933fe1d10aa68f7b1d22c88778,478,,,VALID,certificate_registered,26750,25775,975,487.5,2,19,StorageAttribution,2,2026-03-07T07:42:32.705891726Z,2026-03-07T07:42:34.940222292Z,{},0,"{""active_index"":19,""certificate"":1781,""merkle_state"":1516,""proposal"":2609}",5925,True,,12888,0,12813,,,,,,,dbf8afa116a6d9086595728002594f8220bbb93c0836dbd2191b633b4a31b7ee,"x509::CN=Member1@irs3.kit.edu,OU=member+OU=admin,O=irs3.kit.edu,L=Karlsruhe,ST=Baden-Wuerttemberg,C=DE::CN=ca.irs3.kit.edu,O=irs3.kit.edu,L=Karlsruhe,ST=Baden-Wuerttemberg,C=DE",,,
run_007,revocation,operation_id,c6b4d500ecf179900cefb1699e8f6780fc7973fb457bcdc5672a37ee4ba3ec21,1,tx_submit_started,ProposeRevocation,2026-03-07T07:42:47.120438872Z,irs3-member1,revoke-irs3-1772869367,irs3,revoke-irs3-1772869367,2026-03-07T07:42:47.120464742Z,revocation,,,,,,,,,,,,,,,,,,,,,,,,,,,,,,,,,,,,
run_007,revocation,operation_id,c6b4d500ecf179900cefb1699e8f6780fc7973fb457bcdc5672a37ee4ba3ec21,1,tx_submitted,ProposeRevocation,2026-03-07T07:42:47.120438872Z,irs3-member1,revoke-irs3-1772869367,irs3,revoke-irs3-1772869367,2026-03-07T07:42:47.167249309Z,revocation,e295b6b85d3d4542296f611ef05ff6f981ae9662001b2425979309d5e7477135,,,,,,,,,,,,,,,,,,,,,,,,,,,,,,,,,,,
run_007,revocation,operation_id,c6b4d500ecf179900cefb1699e8f6780fc7973fb457bcdc5672a37ee4ba3ec21,1,tx_committed,ProposeRevocation,2026-03-07T07:42:47.120438872Z,irs3-member1,revoke-irs3-1772869367,irs3,revoke-irs3-1772869367,2026-03-07T07:42:49.2972731Z,revocation,e295b6b85d3d4542296f611ef05ff6f981ae9662001b2425979309d5e7477135,480,VALID,2026-03-07T07:42:49.297220192Z,VALID,,,,,,,,,,,,,,,,,,,,,,,,,,,,,,,
run_007,revocation,operation_id,,,cc_event_observed,,,irs3-member1,revoke-irs3-1772869367,irs3,revoke-irs3-1772869367,2026-03-07T07:42:49.32073729Z,revocation,e295b6b85d3d4542296f611ef05ff6f981ae9662001b2425979309d5e7477135,480,,,VALID,revocation_proposed,7125,6155,970,970,1,19,RevocationProposed,2,2026-03-07T07:42:47.120678316Z,2026-03-07T07:42:49.299287024Z,{},0,"{""proposal"":607}",607,True,,6155,0,6079,,,,,,,,"x509::CN=Member1@irs3.kit.edu,OU=member+OU=admin,O=irs3.kit.edu,L=Karlsruhe,ST=Baden-Wuerttemberg,C=DE::CN=ca.irs3.kit.edu,O=irs3.kit.edu,L=Karlsruhe,ST=Baden-Wuerttemberg,C=DE",benchmark,,
run_007,revocation,operation_id,,,cc_event_observed,,,irs3-member1,revoke-irs3-1772869367,irs3,revoke-irs3-1772869367,2026-03-07T07:42:49.32100579Z,revocation,e295b6b85d3d4542296f611ef05ff6f981ae9662001b2425979309d5e7477135,480,,,VALID,revocation_proposed,7125,6155,970,970,1,19,StorageAttribution,2,2026-03-07T07:42:47.120678316Z,2026-03-07T07:42:49.299287024Z,{},0,"{""proposal"":607}",607,True,,6155,0,6079,,,,,,,,"x509::CN=Member1@irs3.kit.edu,OU=member+OU=admin,O=irs3.kit.edu,L=Karlsruhe,ST=Baden-Wuerttemberg,C=DE::CN=ca.irs3.kit.edu,O=irs3.kit.edu,L=Karlsruhe,ST=Baden-Wuerttemberg,C=DE",benchmark,,
run_007,revocation,operation_id,67d9d173d23c048624eaf069fb596e9037b352aab905869c76308979067cda9c,1,tx_submit_started,VoteOnRevocation,2026-03-07T07:42:50.02951532Z,irs3-member1,revoke-irs3-1772869367,irs3,revoke-irs3-1772869367,2026-03-07T07:42:50.029538061Z,revocation,,,,,,,,,,,,,,,,,,,,,,,,,,,,,,,,,,,,
run_007,revocation,operation_id,67d9d173d23c048624eaf069fb596e9037b352aab905869c76308979067cda9c,1,tx_submitted,VoteOnRevocation,2026-03-07T07:42:50.02951532Z,irs3-member1,revoke-irs3-1772869367,irs3,revoke-irs3-1772869367,2026-03-07T07:42:50.073846554Z,revocation,e8a98f2f4164c2c0b49d131072c2f0f993ccc7d7f651796e0eb57914893d777a,,,,,,,,,,,,,,,,,,,,,,,,,,,,,,,,,,,
run_007,revocation,operation_id,67d9d173d23c048624eaf069fb596e9037b352aab905869c76308979067cda9c,1,tx_failed,VoteOnRevocation,,irs3-member1,revoke-irs3-1772869367,irs3,revoke-irs3-1772869367,2026-03-07T07:42:51.659263224Z,revocation,e8a98f2f4164c2c0b49d131072c2f0f993ccc7d7f651796e0eb57914893d777a,481,,,MVCC_READ_CONFLICT,,,,,,,,,,,,,,,,,,,,,transaction e8a98f2f4164c2c0b49d131072c2f0f993ccc7d7f651796e0eb57914893d777a failed with status MVCC_READ_CONFLICT (11) in block 481,validation,,,,,,,,,
run_007,revocation,operation_id,,,cc_event_observed,,,irs3-member1,revoke-irs3-1772869367,irs3,revoke-irs3-1772869367,2026-03-07T07:42:51.677424232Z,revocation,73fb7fa01aaba0b17b7017a92815f866459f597403fcddcdbeffc0f229cc9d11,481,,,VALID,revocation_voted,34573,33586,987,197.4,5,19,RevocationVoted,2,2026-03-07T07:42:49.434971754Z,2026-03-07T07:42:51.659600149Z,{},0,"{""proposal"":785,""vote"":292}",1077,True,,6722,0,6646,,,approve,"x509::CN=Member1@irs1.kit.edu,OU=member+OU=admin,O=irs1.kit.edu,L=Karlsruhe,ST=Baden-Wuerttemberg,C=DE::CN=ca.irs1.kit.edu,O=irs1.kit.edu,L=Karlsruhe,ST=Baden-Wuerttemberg,C=DE",0,1,,"x509::CN=Member1@irs3.kit.edu,OU=member+OU=admin,O=irs3.kit.edu,L=Karlsruhe,ST=Baden-Wuerttemberg,C=DE::CN=ca.irs3.kit.edu,O=irs3.kit.edu,L=Karlsruhe,ST=Baden-Wuerttemberg,C=DE",,,
run_007,revocation,operation_id,,,cc_event_observed,,,irs3-member1,revoke-irs3-1772869367,irs3,revoke-irs3-1772869367,2026-03-07T07:42:51.677666695Z,revocation,73fb7fa01aaba0b17b7017a92815f866459f597403fcddcdbeffc0f229cc9d11,481,,,VALID,revocation_voted,34573,33586,987,197.4,5,19,StorageAttribution,2,2026-03-07T07:42:49.434971754Z,2026-03-07T07:42:51.659600149Z,{},0,"{""proposal"":785,""vote"":292}",1077,True,,6722,0,6646,,,approve,"x509::CN=Member1@irs1.kit.edu,OU=member+OU=admin,O=irs1.kit.edu,L=Karlsruhe,ST=Baden-Wuerttemberg,C=DE::CN=ca.irs1.kit.edu,O=irs1.kit.edu,L=Karlsruhe,ST=Baden-Wuerttemberg,C=DE",0,1,,"x509::CN=Member1@irs3.kit.edu,OU=member+OU=admin,O=irs3.kit.edu,L=Karlsruhe,ST=Baden-Wuerttemberg,C=DE::CN=ca.irs3.kit.edu,O=irs3.kit.edu,L=Karlsruhe,ST=Baden-Wuerttemberg,C=DE",,,
run_007,revocation,operation_id,67d9d173d23c048624eaf069fb596e9037b352aab905869c76308979067cda9c,2,tx_submit_started,VoteOnRevocation,2026-03-07T07:42:51.890517076Z,irs3-member1,revoke-irs3-1772869367,irs3,revoke-irs3-1772869367,2026-03-07T07:42:51.890562668Z,revocation,,,,,,,,,,,,,,,,,,,,,,,,,,,,,,,,,,,,
run_007,revocation,operation_id,67d9d173d23c048624eaf069fb596e9037b352aab905869c76308979067cda9c,2,tx_submitted,VoteOnRevocation,2026-03-07T07:42:51.890517076Z,irs3-member1,revoke-irs3-1772869367,irs3,revoke-irs3-1772869367,2026-03-07T07:42:51.937678772Z,revocation,026dce837afd3509dfe876f8cb523047d667e6059a88e123ac881d51ca3f9356,,,,,,,,,,,,,,,,,,,,,,,,,,,,,,,,,,,
run_007,revocation,operation_id,67d9d173d23c048624eaf069fb596e9037b352aab905869c76308979067cda9c,2,tx_committed,VoteOnRevocation,2026-03-07T07:42:51.890517076Z,irs3-member1,revoke-irs3-1772869367,irs3,revoke-irs3-1772869367,2026-03-07T07:42:54.078168853Z,revocation,026dce837afd3509dfe876f8cb523047d667e6059a88e123ac881d51ca3f9356,482,VALID,2026-03-07T07:42:54.078117131Z,VALID,,,,,,,,,,,,,,,,,,,,,,,,,,,,,,,
run_007,revocation,operation_id,,,cc_event_observed,,,irs3-member1,revoke-irs3-1772869367,irs3,revoke-irs3-1772869367,2026-03-07T07:42:54.103149746Z,revocation,026dce837afd3509dfe876f8cb523047d667e6059a88e123ac881d51ca3f9356,482,,,VALID,revocation_voted,28573,27589,984,246,4,19,RevocationVoted,2,2026-03-07T07:42:51.891041298Z,2026-03-07T07:42:54.079758982Z,{},0,"{""proposal"":964,""vote"":292}",1256,True,,6896,0,6821,,,approve,"x509::CN=Member1@irs3.kit.edu,OU=member+OU=admin,O=irs3.kit.edu,L=Karlsruhe,ST=Baden-Wuerttemberg,C=DE::CN=ca.irs3.kit.edu,O=irs3.kit.edu,L=Karlsruhe,ST=Baden-Wuerttemberg,C=DE",0,2,,"x509::CN=Member1@irs3.kit.edu,OU=member+OU=admin,O=irs3.kit.edu,L=Karlsruhe,ST=Baden-Wuerttemberg,C=DE::CN=ca.irs3.kit.edu,O=irs3.kit.edu,L=Karlsruhe,ST=Baden-Wuerttemberg,C=DE",,,
run_007,revocation,operation_id,,,cc_event_observed,,,irs3-member1,revoke-irs3-1772869367,irs3,revoke-irs3-1772869367,2026-03-07T07:42:54.103326265Z,revocation,026dce837afd3509dfe876f8cb523047d667e6059a88e123ac881d51ca3f9356,482,,,VALID,revocation_voted,28573,27589,984,246,4,19,StorageAttribution,2,2026-03-07T07:42:51.891041298Z,2026-03-07T07:42:54.079758982Z,{},0,"{""proposal"":964,""vote"":292}",1256,True,,6896,0,6821,,,approve,"x509::CN=Member1@irs3.kit.edu,OU=member+OU=admin,O=irs3.kit.edu,L=Karlsruhe,ST=Baden-Wuerttemberg,C=DE::CN=ca.irs3.kit.edu,O=irs3.kit.edu,L=Karlsruhe,ST=Baden-Wuerttemberg,C=DE",0,2,,"x509::CN=Member1@irs3.kit.edu,OU=member+OU=admin,O=irs3.kit.edu,L=Karlsruhe,ST=Baden-Wuerttemberg,C=DE::CN=ca.irs3.kit.edu,O=irs3.kit.edu,L=Karlsruhe,ST=Baden-Wuerttemberg,C=DE",,,
run_007,revocation,operation_id,,,cc_event_observed,,,irs3-member1,revoke-irs3-1772869367,irs3,revoke-irs3-1772869367,2026-03-07T07:42:56.753223061Z,revocation,b6fe60316626e728262ece7b50bc4d3e78afbc29822e2825152061eff69ed995,483,,,VALID,certificate_revoked,33201,32222,979,326.3333333333333,3,19,NodeRevoked,2,2026-03-07T07:42:54.491362293Z,2026-03-07T07:42:56.738693551Z,"{""active_index"":19}",19,"{""certificate"":1809,""merkle_state"":1586}",3395,True,,10740,0,10665,,,,,,,,"x509::CN=Member1@irs3.kit.edu,OU=member+OU=admin,O=irs3.kit.edu,L=Karlsruhe,ST=Baden-Wuerttemberg,C=DE::CN=ca.irs3.kit.edu,O=irs3.kit.edu,L=Karlsruhe,ST=Baden-Wuerttemberg,C=DE",benchmark,,
run_007,revocation,operation_id,,,cc_event_observed,,,irs3-member1,revoke-irs3-1772869367,irs3,revoke-irs3-1772869367,2026-03-07T07:42:56.753443579Z,revocation,b6fe60316626e728262ece7b50bc4d3e78afbc29822e2825152061eff69ed995,483,,,VALID,certificate_revoked,33201,32222,979,326.3333333333333,3,19,StorageAttribution,2,2026-03-07T07:42:54.491362293Z,2026-03-07T07:42:56.738693551Z,"{""active_index"":19}",19,"{""certificate"":1809,""merkle_state"":1586}",3395,True,,10740,0,10665,,,,,,,,"x509::CN=Member1@irs3.kit.edu,OU=member+OU=admin,O=irs3.kit.edu,L=Karlsruhe,ST=Baden-Wuerttemberg,C=DE::CN=ca.irs3.kit.edu,O=irs3.kit.edu,L=Karlsruhe,ST=Baden-Wuerttemberg,C=DE",benchmark,,
run_007,removal,operation_id,aaa09ab6da2175204803ce590929f021f0af0fcb4366fa9549c2a357b1212b8d,1,tx_submit_started,ProposeRemoveMember,2026-03-07T07:43:05.632945356Z,irs3-member1,remove-irs3-member1-1772869385,irs3,remove-irs3-member1-1772869385,2026-03-07T07:43:05.632981782Z,removal,,,,,,,,,,,,,,,,,,,,,,,,,,,,,,,,,,,,
run_007,removal,operation_id,aaa09ab6da2175204803ce590929f021f0af0fcb4366fa9549c2a357b1212b8d,1,tx_submitted,ProposeRemoveMember,2026-03-07T07:43:05.632945356Z,irs3-member1,remove-irs3-member1-1772869385,irs3,remove-irs3-member1-1772869385,2026-03-07T07:43:05.7132162Z,removal,8c654f8cea59fd9824a5076260468cefb9dcd19768ffcb396b82999e1083eb1f,,,,,,,,,,,,,,,,,,,,,,,,,,,,,,,,,,,
run_007,removal,operation_id,aaa09ab6da2175204803ce590929f021f0af0fcb4366fa9549c2a357b1212b8d,1,tx_committed,ProposeRemoveMember,2026-03-07T07:43:05.632945356Z,irs3-member1,remove-irs3-member1-1772869385,irs3,remove-irs3-member1-1772869385,2026-03-07T07:43:07.815920191Z,removal,8c654f8cea59fd9824a5076260468cefb9dcd19768ffcb396b82999e1083eb1f,484,VALID,2026-03-07T07:43:07.815863654Z,VALID,,,,,,,,,,,,,,,,,,,,,,,,,,,,,,,
run_007,removal,operation_id,,,cc_event_observed,,,irs3-member1,remove-irs3-member1-1772869385,irs3,remove-irs3-member1-1772869385,2026-03-07T07:43:07.829053628Z,removal,8c654f8cea59fd9824a5076260468cefb9dcd19768ffcb396b82999e1083eb1f,484,,,VALID,member_removal_proposed,8440,7469,971,971,1,19,MemberRemovalProposed,2,2026-03-07T07:43:05.633153541Z,2026-03-07T07:43:07.817755227Z,{},0,"{""proposal"":638}",638,True,"x509::CN=Member1@irs3.kit.edu,OU=member+OU=admin,O=irs3.kit.edu,L=Karlsruhe,ST=Baden-Wuerttemberg,C=DE::CN=ca.irs3.kit.edu,O=irs3.kit.edu,L=Karlsruhe,ST=Baden-Wuerttemberg,C=DE",7469,0,7393,,,,,,,,,,"x509::CN=Member1@irs3.kit.edu,OU=member+OU=admin,O=irs3.kit.edu,L=Karlsruhe,ST=Baden-Wuerttemberg,C=DE::CN=ca.irs3.kit.edu,O=irs3.kit.edu,L=Karlsruhe,ST=Baden-Wuerttemberg,C=DE",
run_007,removal,operation_id,,,cc_event_observed,,,irs3-member1,remove-irs3-member1-1772869385,irs3,remove-irs3-member1-1772869385,2026-03-07T07:43:07.829314628Z,removal,8c654f8cea59fd9824a5076260468cefb9dcd19768ffcb396b82999e1083eb1f,484,,,VALID,member_removal_proposed,8440,7469,971,971,1,19,StorageAttribution,2,2026-03-07T07:43:05.633153541Z,2026-03-07T07:43:07.817755227Z,{},0,"{""proposal"":638}",638,True,"x509::CN=Member1@irs3.kit.edu,OU=member+OU=admin,O=irs3.kit.edu,L=Karlsruhe,ST=Baden-Wuerttemberg,C=DE::CN=ca.irs3.kit.edu,O=irs3.kit.edu,L=Karlsruhe,ST=Baden-Wuerttemberg,C=DE",7469,0,7393,,,,,,,,,,"x509::CN=Member1@irs3.kit.edu,OU=member+OU=admin,O=irs3.kit.edu,L=Karlsruhe,ST=Baden-Wuerttemberg,C=DE::CN=ca.irs3.kit.edu,O=irs3.kit.edu,L=Karlsruhe,ST=Baden-Wuerttemberg,C=DE",
run_007,removal,operation_id,2d9f69ab705a69fcad926188dcd9fc567a26ba151d45e17f6b8a109c803fd270,1,tx_submit_started,VoteOnRemoveMember,2026-03-07T07:43:07.994743758Z,irs3-member1,remove-irs3-member1-1772869385,irs3,remove-irs3-member1-1772869385,2026-03-07T07:43:07.994763832Z,removal,,,,,,,,,,,,,,,,,,,,,,,,,,,,,,,,,,,,
run_007,removal,operation_id,2d9f69ab705a69fcad926188dcd9fc567a26ba151d45e17f6b8a109c803fd270,1,tx_submitted,VoteOnRemoveMember,2026-03-07T07:43:07.994743758Z,irs3-member1,remove-irs3-member1-1772869385,irs3,remove-irs3-member1-1772869385,2026-03-07T07:43:08.068987179Z,removal,777ef91da67b59cbd4cab441c7a0edd8c6770d4d71f253cc235a3c2e4357dec1,,,,,,,,,,,,,,,,,,,,,,,,,,,,,,,,,,,
run_007,removal,operation_id,2d9f69ab705a69fcad926188dcd9fc567a26ba151d45e17f6b8a109c803fd270,1,tx_committed,VoteOnRemoveMember,2026-03-07T07:43:07.994743758Z,irs3-member1,remove-irs3-member1-1772869385,irs3,remove-irs3-member1-1772869385,2026-03-07T07:43:10.228834583Z,removal,777ef91da67b59cbd4cab441c7a0edd8c6770d4d71f253cc235a3c2e4357dec1,485,VALID,2026-03-07T07:43:10.228743101Z,VALID,,,,,,,,,,,,,,,,,,,,,,,,,,,,,,,
run_007,removal,operation_id,,,cc_event_observed,,,irs3-member1,remove-irs3-member1-1772869385,irs3,remove-irs3-member1-1772869385,2026-03-07T07:43:10.252833866Z,removal,777ef91da67b59cbd4cab441c7a0edd8c6770d4d71f253cc235a3c2e4357dec1,485,,,VALID,member_removal_voted,29884,28900,984,246,4,19,MemberRemovalVoted,2,2026-03-07T07:43:07.99487235Z,2026-03-07T07:43:10.231965785Z,{},0,"{""proposal"":816,""vote"":291}",1107,True,,7224,0,7149,,,approve,"x509::CN=Member1@irs3.kit.edu,OU=member+OU=admin,O=irs3.kit.edu,L=Karlsruhe,ST=Baden-Wuerttemberg,C=DE::CN=ca.irs3.kit.edu,O=irs3.kit.edu,L=Karlsruhe,ST=Baden-Wuerttemberg,C=DE",0,1,,,,"x509::CN=Member1@irs3.kit.edu,OU=member+OU=admin,O=irs3.kit.edu,L=Karlsruhe,ST=Baden-Wuerttemberg,C=DE::CN=ca.irs3.kit.edu,O=irs3.kit.edu,L=Karlsruhe,ST=Baden-Wuerttemberg,C=DE",
run_007,removal,operation_id,,,cc_event_observed,,,irs3-member1,remove-irs3-member1-1772869385,irs3,remove-irs3-member1-1772869385,2026-03-07T07:43:10.253056366Z,removal,777ef91da67b59cbd4cab441c7a0edd8c6770d4d71f253cc235a3c2e4357dec1,485,,,VALID,member_removal_voted,29884,28900,984,246,4,19,StorageAttribution,2,2026-03-07T07:43:07.99487235Z,2026-03-07T07:43:10.231965785Z,{},0,"{""proposal"":816,""vote"":291}",1107,True,,7224,0,7149,,,approve,"x509::CN=Member1@irs3.kit.edu,OU=member+OU=admin,O=irs3.kit.edu,L=Karlsruhe,ST=Baden-Wuerttemberg,C=DE::CN=ca.irs3.kit.edu,O=irs3.kit.edu,L=Karlsruhe,ST=Baden-Wuerttemberg,C=DE",0,1,,,,"x509::CN=Member1@irs3.kit.edu,OU=member+OU=admin,O=irs3.kit.edu,L=Karlsruhe,ST=Baden-Wuerttemberg,C=DE::CN=ca.irs3.kit.edu,O=irs3.kit.edu,L=Karlsruhe,ST=Baden-Wuerttemberg,C=DE",
run_007,removal,operation_id,,,cc_event_observed,,,irs3-member1,remove-irs3-member1-1772869385,irs3,remove-irs3-member1-1772869385,2026-03-07T07:43:12.568785571Z,removal,b3e77e82e9c4ce5592e50ba2090f23ebf4bdc06b6fbd9df853dcbd426ca33057,486,,,VALID,member_removal_voted,30603,29620,983,245.75,4,19,MemberRemovalVoted,2,2026-03-07T07:43:10.326078515Z,2026-03-07T07:43:12.557557059Z,{},0,"{""proposal"":995,""vote"":292}",1287,True,,7409,0,7334,,,approve,"x509::CN=Member1@irs1.kit.edu,OU=member+OU=admin,O=irs1.kit.edu,L=Karlsruhe,ST=Baden-Wuerttemberg,C=DE::CN=ca.irs1.kit.edu,O=irs1.kit.edu,L=Karlsruhe,ST=Baden-Wuerttemberg,C=DE",0,2,,,,"x509::CN=Member1@irs3.kit.edu,OU=member+OU=admin,O=irs3.kit.edu,L=Karlsruhe,ST=Baden-Wuerttemberg,C=DE::CN=ca.irs3.kit.edu,O=irs3.kit.edu,L=Karlsruhe,ST=Baden-Wuerttemberg,C=DE",
run_007,removal,operation_id,,,cc_event_observed,,,irs3-member1,remove-irs3-member1-1772869385,irs3,remove-irs3-member1-1772869385,2026-03-07T07:43:12.568964552Z,removal,b3e77e82e9c4ce5592e50ba2090f23ebf4bdc06b6fbd9df853dcbd426ca33057,486,,,VALID,member_removal_voted,30603,29620,983,245.75,4,19,StorageAttribution,2,2026-03-07T07:43:10.326078515Z,2026-03-07T07:43:12.557557059Z,{},0,"{""proposal"":995,""vote"":292}",1287,True,,7409,0,7334,,,approve,"x509::CN=Member1@irs1.kit.edu,OU=member+OU=admin,O=irs1.kit.edu,L=Karlsruhe,ST=Baden-Wuerttemberg,C=DE::CN=ca.irs1.kit.edu,O=irs1.kit.edu,L=Karlsruhe,ST=Baden-Wuerttemberg,C=DE",0,2,,,,"x509::CN=Member1@irs3.kit.edu,OU=member+OU=admin,O=irs3.kit.edu,L=Karlsruhe,ST=Baden-Wuerttemberg,C=DE::CN=ca.irs3.kit.edu,O=irs3.kit.edu,L=Karlsruhe,ST=Baden-Wuerttemberg,C=DE",
run_007,removal,operation_id,,,cc_event_observed,,,irs3-member1,remove-irs3-member1-1772869385,irs3,remove-irs3-member1-1772869385,2026-03-07T07:43:15.292876696Z,removal,d6fb21fb9964ab4d9806a975664258fca1f1c569c7f0e5a75a4d3614ab091d88,487,,,VALID,member_removed,32447,31467,980,326.6666666666667,3,20,MemberRemoved,2,2026-03-07T07:43:13.005608378Z,2026-03-07T07:43:15.281427202Z,{},0,"{""ca_state"":1172}",1172,True,,10486,0,10410,,,,,,,,,,"x509::CN=Member1@irs3.kit.edu,OU=member+OU=admin,O=irs3.kit.edu,L=Karlsruhe,ST=Baden-Wuerttemberg,C=DE::CN=ca.irs3.kit.edu,O=irs3.kit.edu,L=Karlsruhe,ST=Baden-Wuerttemberg,C=DE",
run_007,removal,operation_id,,,cc_event_observed,,,irs3-member1,remove-irs3-member1-1772869385,irs3,remove-irs3-member1-1772869385,2026-03-07T07:43:15.293046937Z,removal,d6fb21fb9964ab4d9806a975664258fca1f1c569c7f0e5a75a4d3614ab091d88,487,,,VALID,member_removed,32447,31467,980,326.6666666666667,3,20,StorageAttribution,2,2026-03-07T07:43:13.005608378Z,2026-03-07T07:43:15.281427202Z,{},0,"{""ca_state"":1172}",1172,True,,10486,0,10410,,,,,,,,,,"x509::CN=Member1@irs3.kit.edu,OU=member+OU=admin,O=irs3.kit.edu,L=Karlsruhe,ST=Baden-Wuerttemberg,C=DE::CN=ca.irs3.kit.edu,O=irs3.kit.edu,L=Karlsruhe,ST=Baden-Wuerttemberg,C=DE",
run_007,join,operation_id,493de257ed73dc88074857f938cd67f2c87ed2d8e7f1d5e1aee80d08d8695514,1,tx_submit_started,RequestJoinCA,2026-03-07T07:44:02.736274409Z,irs3-member1,join-irs3-1772869442,irs3,join-irs3-1772869442,2026-03-07T07:44:02.73629652Z,join,,,,,,,,,,,,,,,,,,,,,,,,,,,,,,,,,,,,
run_007,join,operation_id,493de257ed73dc88074857f938cd67f2c87ed2d8e7f1d5e1aee80d08d8695514,1,tx_submitted,RequestJoinCA,2026-03-07T07:44:02.736274409Z,irs3-member1,join-irs3-1772869442,irs3,join-irs3-1772869442,2026-03-07T07:44:02.834359484Z,join,b031121391a07c16d30a2a2904b88100de3c9cf7ddbdcd8a812e989116be691f,,,,,,,,,,,,,,,,,,,,,,,,,,,,,,,,,,,
run_007,join,operation_id,493de257ed73dc88074857f938cd67f2c87ed2d8e7f1d5e1aee80d08d8695514,1,tx_committed,RequestJoinCA,2026-03-07T07:44:02.736274409Z,irs3-member1,join-irs3-1772869442,irs3,join-irs3-1772869442,2026-03-07T07:44:04.961810961Z,join,b031121391a07c16d30a2a2904b88100de3c9cf7ddbdcd8a812e989116be691f,496,VALID,2026-03-07T07:44:04.961770702Z,VALID,,,,,,,,,,,,,,,,,,,,,,,,,,,,,,,
run_007,join,operation_id,,,cc_event_observed,,,irs3-member1,join-irs3-1772869442,irs3,join-irs3-1772869442,2026-03-07T07:44:04.971521048Z,join,b031121391a07c16d30a2a2904b88100de3c9cf7ddbdcd8a812e989116be691f,496,,,VALID,member_join_requested,8868,7898,970,970,1,20,MemberJoinRequested,2,2026-03-07T07:44:02.736486761Z,2026-03-07T07:44:04.960941906Z,{},0,"{""proposal"":1438}",1438,True,,7898,0,7823,,,,,,,,,,,
run_007,join,operation_id,,,cc_event_observed,,,irs3-member1,join-irs3-1772869442,irs3,join-irs3-1772869442,2026-03-07T07:44:04.971686715Z,join,b031121391a07c16d30a2a2904b88100de3c9cf7ddbdcd8a812e989116be691f,496,,,VALID,member_join_requested,8868,7898,970,970,1,20,StorageAttribution,2,2026-03-07T07:44:02.736486761Z,2026-03-07T07:44:04.960941906Z,{},0,"{""proposal"":1438}",1438,True,,7898,0,7823,,,,,,,,,,,
run_007,join,operation_id,,,cc_event_observed,,,irs3-member1,join-irs3-1772869442,irs3,join-irs3-1772869442,2026-03-07T07:44:07.454328512Z,join,9efd5cb663aa97ca07191f065c78f643828a14f3e7615a7dfedba67cee04904c,497,,,VALID,member_join_voted,24861,23882,979,326.3333333333333,3,20,MemberJoinVoted,2,2026-03-07T07:44:05.261356407Z,2026-03-07T07:44:07.437410706Z,{},0,"{""proposal"":1616,""vote"":290}",1906,True,,7960,0,7885,,,approve,"x509::CN=Member1@irs5.kit.edu,OU=member+OU=admin,O=irs5.kit.edu,L=Karlsruhe,ST=Baden-Wuerttemberg,C=DE::CN=ca.irs5.kit.edu,O=irs5.kit.edu,L=Karlsruhe,ST=Baden-Wuerttemberg,C=DE",0,1,,,,,"x509::CN=Member1@irs3.kit.edu,OU=member+OU=admin,O=irs3.kit.edu,L=Karlsruhe,ST=Baden-Wuerttemberg,C=DE::CN=ca.irs3.kit.edu,O=irs3.kit.edu,L=Karlsruhe,ST=Baden-Wuerttemberg,C=DE"
run_007,join,operation_id,,,cc_event_observed,,,irs3-member1,join-irs3-1772869442,irs3,join-irs3-1772869442,2026-03-07T07:44:07.454776826Z,join,9efd5cb663aa97ca07191f065c78f643828a14f3e7615a7dfedba67cee04904c,497,,,VALID,member_join_voted,24861,23882,979,326.3333333333333,3,20,StorageAttribution,2,2026-03-07T07:44:05.261356407Z,2026-03-07T07:44:07.437410706Z,{},0,"{""proposal"":1616,""vote"":290}",1906,True,,7960,0,7885,,,approve,"x509::CN=Member1@irs5.kit.edu,OU=member+OU=admin,O=irs5.kit.edu,L=Karlsruhe,ST=Baden-Wuerttemberg,C=DE::CN=ca.irs5.kit.edu,O=irs5.kit.edu,L=Karlsruhe,ST=Baden-Wuerttemberg,C=DE",0,1,,,,,"x509::CN=Member1@irs3.kit.edu,OU=member+OU=admin,O=irs3.kit.edu,L=Karlsruhe,ST=Baden-Wuerttemberg,C=DE::CN=ca.irs3.kit.edu,O=irs3.kit.edu,L=Karlsruhe,ST=Baden-Wuerttemberg,C=DE"
run_007,join,operation_id,,,cc_event_observed,,,irs3-member1,join-irs3-1772869442,irs3,join-irs3-1772869442,2026-03-07T07:44:09.604517013Z,join,826ceecf1cf16a03dd1e92718a2835e86c6c7a179bc4423d3b34fe43c548123e,498,,,VALID,member_join_approved,31827,30847,980,326.6666666666667,3,21,MemberJoinApproved,2,2026-03-07T07:44:07.73721421Z,2026-03-07T07:44:09.587390467Z,{},0,"{""ca_state"":1348}",1348,True,,11441,1,11366,,,,,,,,,,,
run_007,join,operation_id,,,cc_event_observed,,,irs3-member1,join-irs3-1772869442,irs3,join-irs3-1772869442,2026-03-07T07:44:09.604701346Z,join,826ceecf1cf16a03dd1e92718a2835e86c6c7a179bc4423d3b34fe43c548123e,498,,,VALID,member_join_approved,31827,30847,980,326.6666666666667,3,21,StorageAttribution,2,2026-03-07T07:44:07.73721421Z,2026-03-07T07:44:09.587390467Z,{},0,"{""ca_state"":1348}",1348,True,,11441,1,11366,,,,,,,,,,,
run_008,csr,operation_id,23c9b1ac8761adafce559cac99cfd1b3d9ef253799aafbb94941e4639ebfc795,1,tx_submit_started,SubmitCSR,2026-03-07T07:45:05.83883888Z,irs3-member1,csr-irs3-1772869505,irs3,csr-irs3-1772869505,2026-03-07T07:45:05.838870009Z,csr,,,,,,,,,,,,,,,,,,,,,,,,,,,,,,,,,,,,
run_008,csr,operation_id,23c9b1ac8761adafce559cac99cfd1b3d9ef253799aafbb94941e4639ebfc795,1,tx_submitted,SubmitCSR,2026-03-07T07:45:05.83883888Z,irs3-member1,csr-irs3-1772869505,irs3,csr-irs3-1772869505,2026-03-07T07:45:05.886258501Z,csr,10080f768a2ebdc54b54a19db425a8a08b850d4d315fa17368ac0fa3b23982a5,,,,,,,,,,,,,,,,,,,,,,,,,,,,,,,,,,,
run_008,csr,operation_id,23c9b1ac8761adafce559cac99cfd1b3d9ef253799aafbb94941e4639ebfc795,1,tx_committed,SubmitCSR,2026-03-07T07:45:05.83883888Z,irs3-member1,csr-irs3-1772869505,irs3,csr-irs3-1772869505,2026-03-07T07:45:08.014098719Z,csr,10080f768a2ebdc54b54a19db425a8a08b850d4d315fa17368ac0fa3b23982a5,509,VALID,2026-03-07T07:45:08.014017682Z,VALID,,,,,,,,,,,,,,,,,,,,,,,,,,,,,,,
run_008,csr,operation_id,,,cc_event_observed,,,irs3-member1,csr-irs3-1772869505,irs3,csr-irs3-1772869505,2026-03-07T07:45:08.041343833Z,csr,10080f768a2ebdc54b54a19db425a8a08b850d4d315fa17368ac0fa3b23982a5,509,,,VALID,csr_submitted,8480,7510,970,970,1,21,CSRSubmitted,2,2026-03-07T07:45:05.838992454Z,2026-03-07T07:45:08.017759439Z,{},0,"{""proposal"":1713}",1713,True,"x509::CN=Member1@irs3.kit.edu,OU=member+OU=admin,O=irs3.kit.edu,L=Karlsruhe,ST=Baden-Wuerttemberg,C=DE::CN=ca.irs3.kit.edu,O=irs3.kit.edu,L=Karlsruhe,ST=Baden-Wuerttemberg,C=DE",7510,0,7435,,,,,,,,,,,
run_008,csr,operation_id,,,cc_event_observed,,,irs3-member1,csr-irs3-1772869505,irs3,csr-irs3-1772869505,2026-03-07T07:45:08.041513518Z,csr,10080f768a2ebdc54b54a19db425a8a08b850d4d315fa17368ac0fa3b23982a5,509,,,VALID,csr_submitted,8480,7510,970,970,1,21,StorageAttribution,2,2026-03-07T07:45:05.838992454Z,2026-03-07T07:45:08.017759439Z,{},0,"{""proposal"":1713}",1713,True,"x509::CN=Member1@irs3.kit.edu,OU=member+OU=admin,O=irs3.kit.edu,L=Karlsruhe,ST=Baden-Wuerttemberg,C=DE::CN=ca.irs3.kit.edu,O=irs3.kit.edu,L=Karlsruhe,ST=Baden-Wuerttemberg,C=DE",7510,0,7435,,,,,,,,,,,
run_008,csr,operation_id,,,cc_event_observed,,,irs3-member1,csr-irs3-1772869505,irs3,csr-irs3-1772869505,2026-03-07T07:45:10.436960975Z,csr,9081a325b1d18a70573cad9f4a468bbd4bf63ee2e98b729cde11635365c21858,510,,,VALID,csr_voted,24316,23337,979,326.3333333333333,3,21,CSRVoted,2,2026-03-07T07:45:08.235017616Z,2026-03-07T07:45:10.425937333Z,{},0,"{""proposal"":1891,""vote"":290}",2181,True,"x509::CN=Member1@irs3.kit.edu,OU=member+OU=admin,O=irs3.kit.edu,L=Karlsruhe,ST=Baden-Wuerttemberg,C=DE::CN=ca.irs3.kit.edu,O=irs3.kit.edu,L=Karlsruhe,ST=Baden-Wuerttemberg,C=DE",7779,0,7703,,,approve,"x509::CN=Member1@irs5.kit.edu,OU=member+OU=admin,O=irs5.kit.edu,L=Karlsruhe,ST=Baden-Wuerttemberg,C=DE::CN=ca.irs5.kit.edu,O=irs5.kit.edu,L=Karlsruhe,ST=Baden-Wuerttemberg,C=DE",0,1,,,,,
run_008,csr,operation_id,,,cc_event_observed,,,irs3-member1,csr-irs3-1772869505,irs3,csr-irs3-1772869505,2026-03-07T07:45:10.437139549Z,csr,9081a325b1d18a70573cad9f4a468bbd4bf63ee2e98b729cde11635365c21858,510,,,VALID,csr_voted,24316,23337,979,326.3333333333333,3,21,StorageAttribution,2,2026-03-07T07:45:08.235017616Z,2026-03-07T07:45:10.425937333Z,{},0,"{""proposal"":1891,""vote"":290}",2181,True,"x509::CN=Member1@irs3.kit.edu,OU=member+OU=admin,O=irs3.kit.edu,L=Karlsruhe,ST=Baden-Wuerttemberg,C=DE::CN=ca.irs3.kit.edu,O=irs3.kit.edu,L=Karlsruhe,ST=Baden-Wuerttemberg,C=DE",7779,0,7703,,,approve,"x509::CN=Member1@irs5.kit.edu,OU=member+OU=admin,O=irs5.kit.edu,L=Karlsruhe,ST=Baden-Wuerttemberg,C=DE::CN=ca.irs5.kit.edu,O=irs5.kit.edu,L=Karlsruhe,ST=Baden-Wuerttemberg,C=DE",0,1,,,,,
run_008,csr,operation_id,a35fb024f1442ef5ac267912d731ebb5e51b1db852b83e6740d4808f30f78ee1,1,tx_submit_started,VoteOnCSR,2026-03-07T07:45:10.927518756Z,irs3-member1,csr-irs3-1772869505,irs3,csr-irs3-1772869505,2026-03-07T07:45:10.927542367Z,csr,,,,,,,,,,,,,,,,,,,,,,,,,,,,,,,,,,,,
run_008,csr,operation_id,a35fb024f1442ef5ac267912d731ebb5e51b1db852b83e6740d4808f30f78ee1,1,tx_submitted,VoteOnCSR,2026-03-07T07:45:10.927518756Z,irs3-member1,csr-irs3-1772869505,irs3,csr-irs3-1772869505,2026-03-07T07:45:10.97869532Z,csr,44124608cd1323d271900b1f1a6680a4785b95d8f8f7f2487e6c89b7ff3facc1,,,,,,,,,,,,,,,,,,,,,,,,,,,,,,,,,,,
run_008,csr,operation_id,a35fb024f1442ef5ac267912d731ebb5e51b1db852b83e6740d4808f30f78ee1,1,tx_failed,VoteOnCSR,,irs3-member1,csr-irs3-1772869505,irs3,csr-irs3-1772869505,2026-03-07T07:45:12.575762334Z,csr,44124608cd1323d271900b1f1a6680a4785b95d8f8f7f2487e6c89b7ff3facc1,511,,,MVCC_READ_CONFLICT,,,,,,,,,,,,,,,,,,,,,transaction 44124608cd1323d271900b1f1a6680a4785b95d8f8f7f2487e6c89b7ff3facc1 failed with status MVCC_READ_CONFLICT (11) in block 511,validation,,,,,,,,,
run_008,csr,operation_id,,,cc_event_observed,,,irs3-member1,csr-irs3-1772869505,irs3,csr-irs3-1772869505,2026-03-07T07:45:12.58803479Z,csr,a50bfa382b9746c92bf4cb3408df088820cac97e858129f37b933a3e8a70eeeb,511,,,VALID,csr_voted,32627,31644,983,245.75,4,21,CSRVoted,2,2026-03-07T07:45:10.662796305Z,2026-03-07T07:45:12.57586426Z,{},0,"{""proposal"":2070,""vote"":290}",2360,True,"x509::CN=Member1@irs3.kit.edu,OU=member+OU=admin,O=irs3.kit.edu,L=Karlsruhe,ST=Baden-Wuerttemberg,C=DE::CN=ca.irs3.kit.edu,O=irs3.kit.edu,L=Karlsruhe,ST=Baden-Wuerttemberg,C=DE",7956,1,7881,,,approve,"x509::CN=Member1@irs2.kit.edu,OU=member+OU=admin,O=irs2.kit.edu,L=Karlsruhe,ST=Baden-Wuerttemberg,C=DE::CN=ca.irs2.kit.edu,O=irs2.kit.edu,L=Karlsruhe,ST=Baden-Wuerttemberg,C=DE",0,2,,,,,
run_008,csr,operation_id,,,cc_event_observed,,,irs3-member1,csr-irs3-1772869505,irs3,csr-irs3-1772869505,2026-03-07T07:45:12.588208586Z,csr,a50bfa382b9746c92bf4cb3408df088820cac97e858129f37b933a3e8a70eeeb,511,,,VALID,csr_voted,32627,31644,983,245.75,4,21,StorageAttribution,2,2026-03-07T07:45:10.662796305Z,2026-03-07T07:45:12.57586426Z,{},0,"{""proposal"":2070,""vote"":290}",2360,True,"x509::CN=Member1@irs3.kit.edu,OU=member+OU=admin,O=irs3.kit.edu,L=Karlsruhe,ST=Baden-Wuerttemberg,C=DE::CN=ca.irs3.kit.edu,O=irs3.kit.edu,L=Karlsruhe,ST=Baden-Wuerttemberg,C=DE",7956,1,7881,,,approve,"x509::CN=Member1@irs2.kit.edu,OU=member+OU=admin,O=irs2.kit.edu,L=Karlsruhe,ST=Baden-Wuerttemberg,C=DE::CN=ca.irs2.kit.edu,O=irs2.kit.edu,L=Karlsruhe,ST=Baden-Wuerttemberg,C=DE",0,2,,,,,
run_008,csr,operation_id,a35fb024f1442ef5ac267912d731ebb5e51b1db852b83e6740d4808f30f78ee1,2,tx_submit_started,VoteOnCSR,2026-03-07T07:45:12.823404622Z,irs3-member1,csr-irs3-1772869505,irs3,csr-irs3-1772869505,2026-03-07T07:45:12.823461381Z,csr,,,,,,,,,,,,,,,,,,,,,,,,,,,,,,,,,,,,
run_008,csr,operation_id,a35fb024f1442ef5ac267912d731ebb5e51b1db852b83e6740d4808f30f78ee1,2,tx_submitted,VoteOnCSR,2026-03-07T07:45:12.823404622Z,irs3-member1,csr-irs3-1772869505,irs3,csr-irs3-1772869505,2026-03-07T07:45:12.897755913Z,csr,bfcc44d9e5edf92db15d3e49937941005fc82e4682e59ca30e9daf1894637c7d,,,,,,,,,,,,,,,,,,,,,,,,,,,,,,,,,,,
run_008,csr,operation_id,a35fb024f1442ef5ac267912d731ebb5e51b1db852b83e6740d4808f30f78ee1,2,tx_failed,VoteOnCSR,,irs3-member1,csr-irs3-1772869505,irs3,csr-irs3-1772869505,2026-03-07T07:45:14.977480435Z,csr,bfcc44d9e5edf92db15d3e49937941005fc82e4682e59ca30e9daf1894637c7d,512,,,MVCC_READ_CONFLICT,,,,,,,,,,,,,,,,,,,,,transaction bfcc44d9e5edf92db15d3e49937941005fc82e4682e59ca30e9daf1894637c7d failed with status MVCC_READ_CONFLICT (11) in block 512,validation,,,,,,,,,
run_008,csr,operation_id,,,cc_event_observed,,,irs3-member1,csr-irs3-1772869505,irs3,csr-irs3-1772869505,2026-03-07T07:45:14.988291522Z,csr,2d961b7ce1fe841c2472f54635b06f416cd4c7eaf2460237dc71a47d1c83fb51,512,,,VALID,signing_initiated,24548,23569,979,326.3333333333333,3,,SigningInitiated,2,2026-03-07T07:45:12.770220689Z,2026-03-07T07:45:14.976067621Z,,,,,True,,7858,0,7783,,,,,,,,,,,
run_008,csr,operation_id,a35fb024f1442ef5ac267912d731ebb5e51b1db852b83e6740d4808f30f78ee1,3,tx_submit_started,VoteOnCSR,2026-03-07T07:45:15.491630592Z,irs3-member1,csr-irs3-1772869505,irs3,csr-irs3-1772869505,2026-03-07T07:45:15.491672648Z,csr,,,,,,,,,,,,,,,,,,,,,,,,,,,,,,,,,,,,
run_008,csr,operation_id,a35fb024f1442ef5ac267912d731ebb5e51b1db852b83e6740d4808f30f78ee1,3,tx_submitted,VoteOnCSR,2026-03-07T07:45:15.491630592Z,irs3-member1,csr-irs3-1772869505,irs3,csr-irs3-1772869505,2026-03-07T07:45:15.554610557Z,csr,5df420e472cc9efbe4c7c6ff0995935e56099220869e5773eac65c1257891ec7,,,,,,,,,,,,,,,,,,,,,,,,,,,,,,,,,,,
run_008,csr,operation_id,a35fb024f1442ef5ac267912d731ebb5e51b1db852b83e6740d4808f30f78ee1,3,tx_committed,VoteOnCSR,2026-03-07T07:45:15.491630592Z,irs3-member1,csr-irs3-1772869505,irs3,csr-irs3-1772869505,2026-03-07T07:45:17.676102611Z,csr,5df420e472cc9efbe4c7c6ff0995935e56099220869e5773eac65c1257891ec7,513,VALID,2026-03-07T07:45:17.676053908Z,VALID,,,,,,,,,,,,,,,,,,,,,,,,,,,,,,,
run_008,csr,operation_id,,,cc_event_observed,,,irs3-member1,csr-irs3-1772869505,irs3,csr-irs3-1772869505,2026-03-07T07:45:17.687289568Z,csr,5df420e472cc9efbe4c7c6ff0995935e56099220869e5773eac65c1257891ec7,513,,,VALID,signing_initiated,17050,16077,973,486.5,2,,SigningInitiated,2,2026-03-07T07:45:15.49214911Z,2026-03-07T07:45:17.676066611Z,,,,,True,,8035,0,7959,,,,,,,,,,,
run_008,csr,operation_id,e5a5c8220bdc1737201898f5a72ec2c85a09b3814a131548c89f5a7169a9a444,1,tx_submit_started,SubmitPartialSignature,2026-03-07T07:45:21.311450874Z,irs3-member1,csr-irs3-1772869505,irs3,csr-irs3-1772869505,2026-03-07T07:45:21.311472726Z,csr,,,,,,,,,,,,,,,,,,,,,,,,,,,,,,,,,,,,
run_008,csr,operation_id,e5a5c8220bdc1737201898f5a72ec2c85a09b3814a131548c89f5a7169a9a444,1,tx_submitted,SubmitPartialSignature,2026-03-07T07:45:21.311450874Z,irs3-member1,csr-irs3-1772869505,irs3,csr-irs3-1772869505,2026-03-07T07:45:21.360685606Z,csr,13c0d595be2ff69a262891f17a6fd63c40c6872234e524cac1887aca839e4924,,,,,,,,,,,,,,,,,,,,,,,,,,,,,,,,,,,
run_008,csr,operation_id,e5a5c8220bdc1737201898f5a72ec2c85a09b3814a131548c89f5a7169a9a444,1,tx_failed,SubmitPartialSignature,,irs3-member1,csr-irs3-1772869505,irs3,csr-irs3-1772869505,2026-03-07T07:45:21.807893986Z,csr,13c0d595be2ff69a262891f17a6fd63c40c6872234e524cac1887aca839e4924,514,,,MVCC_READ_CONFLICT,,,,,,,,,,,,,,,,,,,,,transaction 13c0d595be2ff69a262891f17a6fd63c40c6872234e524cac1887aca839e4924 failed with status MVCC_READ_CONFLICT (11) in block 514,validation,,,,,,,,,
run_008,csr,operation_id,,,cc_event_observed,,,irs3-member1,csr-irs3-1772869505,irs3,csr-irs3-1772869505,2026-03-07T07:45:21.884385332Z,csr,5ba5ea89dbfe6f0634d565d2729ea372d2dbc16bb47227e5c7c6f86186caf66e,514,,,VALID,signing_initiated,37054,36063,991,165.16666666666666,6,,SigningInitiated,2,2026-03-07T07:45:19.530674816Z,2026-03-07T07:45:21.807150171Z,,,,,True,,8220,0,8145,,,,,,,,,,,
run_008,csr,operation_id,e5a5c8220bdc1737201898f5a72ec2c85a09b3814a131548c89f5a7169a9a444,2,tx_submit_started,SubmitPartialSignature,2026-03-07T07:45:22.087497403Z,irs3-member1,csr-irs3-1772869505,irs3,csr-irs3-1772869505,2026-03-07T07:45:22.087573366Z,csr,,,,,,,,,,,,,,,,,,,,,,,,,,,,,,,,,,,,
run_008,csr,operation_id,e5a5c8220bdc1737201898f5a72ec2c85a09b3814a131548c89f5a7169a9a444,2,tx_submitted,SubmitPartialSignature,2026-03-07T07:45:22.087497403Z,irs3-member1,csr-irs3-1772869505,irs3,csr-irs3-1772869505,2026-03-07T07:45:22.136339302Z,csr,c8437d9213903d339f0db3e7d90fbd474441a113889134300396c63ba549c871,,,,,,,,,,,,,,,,,,,,,,,,,,,,,,,,,,,
run_008,csr,operation_id,e5a5c8220bdc1737201898f5a72ec2c85a09b3814a131548c89f5a7169a9a444,2,tx_committed,SubmitPartialSignature,2026-03-07T07:45:22.087497403Z,irs3-member1,csr-irs3-1772869505,irs3,csr-irs3-1772869505,2026-03-07T07:45:24.27568755Z,csr,c8437d9213903d339f0db3e7d90fbd474441a113889134300396c63ba549c871,515,VALID,2026-03-07T07:45:24.275633457Z,VALID,,,,,,,,,,,,,,,,,,,,,,,,,,,,,,,
run_008,csr,operation_id,,,cc_event_observed,,,irs3-member1,csr-irs3-1772869505,irs3,csr-irs3-1772869505,2026-03-07T07:45:26.929755973Z,csr,bceeab9c4f71611cf6ba72189041ff4385af58d6c575cb4d0e459c32db3cd0e6,516,,,VALID,threshold_reached,26334,25351,983,245.75,4,,ThresholdReached,2,2026-03-07T07:45:24.703962702Z,2026-03-07T07:45:26.918711331Z,,,,,True,,6333,0,6258,,,,,,,,,,,
run_008,csr,operation_id,3946f0c41d3e0a564e7f82ab8efb3467e6a496a0bde2fb23895baa94efbe330e,1,tx_submit_started,RegisterCombinedCertificateWithSignature,2026-03-07T07:45:27.985782845Z,irs3-member1,csr-irs3-1772869505,irs3,csr-irs3-1772869505,2026-03-07T07:45:27.985826623Z,csr,,,,,,,,,,,,,,,,,,,,,,,,,,,,,,,,,,,,
run_008,csr,operation_id,3946f0c41d3e0a564e7f82ab8efb3467e6a496a0bde2fb23895baa94efbe330e,1,tx_submitted,RegisterCombinedCertificateWithSignature,2026-03-07T07:45:27.985782845Z,irs3-member1,csr-irs3-1772869505,irs3,csr-irs3-1772869505,2026-03-07T07:45:28.062246117Z,csr,fd773ab50ef4cc172cbeeefe1f6a0b574395719362a022a22dcd6be3a3635b90,,,,,,,,,,,,,,,,,,,,,,,,,,,,,,,,,,,
run_008,csr,operation_id,3946f0c41d3e0a564e7f82ab8efb3467e6a496a0bde2fb23895baa94efbe330e,1,tx_committed,RegisterCombinedCertificateWithSignature,2026-03-07T07:45:27.985782845Z,irs3-member1,csr-irs3-1772869505,irs3,csr-irs3-1772869505,2026-03-07T07:45:30.217240264Z,csr,fd773ab50ef4cc172cbeeefe1f6a0b574395719362a022a22dcd6be3a3635b90,517,VALID,2026-03-07T07:45:30.217161782Z,VALID,,,,,,,,,,,,,,,,,,,,,,,,,,,,,,,
run_008,csr,operation_id,,,cc_event_observed,,,irs3-member1,csr-irs3-1772869505,irs3,csr-irs3-1772869505,2026-03-07T07:45:30.235517198Z,csr,fd773ab50ef4cc172cbeeefe1f6a0b574395719362a022a22dcd6be3a3635b90,517,,,VALID,certificate_registered,26731,25755,976,488,2,21,CertificateRegistered,2,2026-03-07T07:45:27.985950401Z,2026-03-07T07:45:30.225829629Z,{},0,"{""active_index"":19,""certificate"":1777,""merkle_state"":1516,""proposal"":2609}",5921,True,,12875,0,12800,,,,,,,6c26c4f8f830b4413b093bc5fb971d5623b81d03923d39770b8897cf50a0c595,"x509::CN=Member1@irs3.kit.edu,OU=member+OU=admin,O=irs3.kit.edu,L=Karlsruhe,ST=Baden-Wuerttemberg,C=DE::CN=ca.irs3.kit.edu,O=irs3.kit.edu,L=Karlsruhe,ST=Baden-Wuerttemberg,C=DE",,,
run_008,csr,operation_id,,,cc_event_observed,,,irs3-member1,csr-irs3-1772869505,irs3,csr-irs3-1772869505,2026-03-07T07:45:30.235722828Z,csr,fd773ab50ef4cc172cbeeefe1f6a0b574395719362a022a22dcd6be3a3635b90,517,,,VALID,certificate_registered,26731,25755,976,488,2,21,StorageAttribution,2,2026-03-07T07:45:27.985950401Z,2026-03-07T07:45:30.225829629Z,{},0,"{""active_index"":19,""certificate"":1777,""merkle_state"":1516,""proposal"":2609}",5921,True,,12875,0,12800,,,,,,,6c26c4f8f830b4413b093bc5fb971d5623b81d03923d39770b8897cf50a0c595,"x509::CN=Member1@irs3.kit.edu,OU=member+OU=admin,O=irs3.kit.edu,L=Karlsruhe,ST=Baden-Wuerttemberg,C=DE::CN=ca.irs3.kit.edu,O=irs3.kit.edu,L=Karlsruhe,ST=Baden-Wuerttemberg,C=DE",,,
run_008,revocation,operation_id,5b7bbfc14bec278a0dfff703996dd38d7f83dd24864ec7f0949017232d1912d9,1,tx_submit_started,ProposeRevocation,2026-03-07T07:45:41.327100124Z,irs3-member1,revoke-irs3-1772869541,irs3,revoke-irs3-1772869541,2026-03-07T07:45:41.327137217Z,revocation,,,,,,,,,,,,,,,,,,,,,,,,,,,,,,,,,,,,
run_008,revocation,operation_id,5b7bbfc14bec278a0dfff703996dd38d7f83dd24864ec7f0949017232d1912d9,1,tx_submitted,ProposeRevocation,2026-03-07T07:45:41.327100124Z,irs3-member1,revoke-irs3-1772869541,irs3,revoke-irs3-1772869541,2026-03-07T07:45:41.373887987Z,revocation,229aee7b43b8d3ccb9dab2705f8e308ce617e5dbfeed6dac114d7b0383fef33a,,,,,,,,,,,,,,,,,,,,,,,,,,,,,,,,,,,
run_008,revocation,operation_id,5b7bbfc14bec278a0dfff703996dd38d7f83dd24864ec7f0949017232d1912d9,1,tx_committed,ProposeRevocation,2026-03-07T07:45:41.327100124Z,irs3-member1,revoke-irs3-1772869541,irs3,revoke-irs3-1772869541,2026-03-07T07:45:43.491417118Z,revocation,229aee7b43b8d3ccb9dab2705f8e308ce617e5dbfeed6dac114d7b0383fef33a,519,VALID,2026-03-07T07:45:43.491364395Z,VALID,,,,,,,,,,,,,,,,,,,,,,,,,,,,,,,
run_008,revocation,operation_id,,,cc_event_observed,,,irs3-member1,revoke-irs3-1772869541,irs3,revoke-irs3-1772869541,2026-03-07T07:45:43.506535924Z,revocation,229aee7b43b8d3ccb9dab2705f8e308ce617e5dbfeed6dac114d7b0383fef33a,519,,,VALID,revocation_proposed,7129,6159,970,970,1,21,RevocationProposed,2,2026-03-07T07:45:41.327408828Z,2026-03-07T07:45:43.491442118Z,{},0,"{""proposal"":607}",607,True,,6159,0,6084,,,,,,,,"x509::CN=Member1@irs3.kit.edu,OU=member+OU=admin,O=irs3.kit.edu,L=Karlsruhe,ST=Baden-Wuerttemberg,C=DE::CN=ca.irs3.kit.edu,O=irs3.kit.edu,L=Karlsruhe,ST=Baden-Wuerttemberg,C=DE",benchmark,,
run_008,revocation,operation_id,,,cc_event_observed,,,irs3-member1,revoke-irs3-1772869541,irs3,revoke-irs3-1772869541,2026-03-07T07:45:43.506690461Z,revocation,229aee7b43b8d3ccb9dab2705f8e308ce617e5dbfeed6dac114d7b0383fef33a,519,,,VALID,revocation_proposed,7129,6159,970,970,1,21,StorageAttribution,2,2026-03-07T07:45:41.327408828Z,2026-03-07T07:45:43.491442118Z,{},0,"{""proposal"":607}",607,True,,6159,0,6084,,,,,,,,"x509::CN=Member1@irs3.kit.edu,OU=member+OU=admin,O=irs3.kit.edu,L=Karlsruhe,ST=Baden-Wuerttemberg,C=DE::CN=ca.irs3.kit.edu,O=irs3.kit.edu,L=Karlsruhe,ST=Baden-Wuerttemberg,C=DE",benchmark,,
run_008,revocation,operation_id,4a5c7614ce49f6ccd44c03688343a02d4712671246dd6aba4d1da86cfe6e4c9b,1,tx_submit_started,VoteOnRevocation,2026-03-07T07:45:44.024936652Z,irs3-member1,revoke-irs3-1772869541,irs3,revoke-irs3-1772869541,2026-03-07T07:45:44.024958671Z,revocation,,,,,,,,,,,,,,,,,,,,,,,,,,,,,,,,,,,,
run_008,revocation,operation_id,4a5c7614ce49f6ccd44c03688343a02d4712671246dd6aba4d1da86cfe6e4c9b,1,tx_submitted,VoteOnRevocation,2026-03-07T07:45:44.024936652Z,irs3-member1,revoke-irs3-1772869541,irs3,revoke-irs3-1772869541,2026-03-07T07:45:44.072082385Z,revocation,e87e726dbcb534ed094ceb05e892f304651bdc73d2ee0696bb4db5fb7c5225f7,,,,,,,,,,,,,,,,,,,,,,,,,,,,,,,,,,,
run_008,revocation,operation_id,4a5c7614ce49f6ccd44c03688343a02d4712671246dd6aba4d1da86cfe6e4c9b,1,tx_committed,VoteOnRevocation,2026-03-07T07:45:44.024936652Z,irs3-member1,revoke-irs3-1772869541,irs3,revoke-irs3-1772869541,2026-03-07T07:45:46.205596914Z,revocation,e87e726dbcb534ed094ceb05e892f304651bdc73d2ee0696bb4db5fb7c5225f7,520,VALID,2026-03-07T07:45:46.205545618Z,VALID,,,,,,,,,,,,,,,,,,,,,,,,,,,,,,,
run_008,revocation,operation_id,,,cc_event_observed,,,irs3-member1,revoke-irs3-1772869541,irs3,revoke-irs3-1772869541,2026-03-07T07:45:46.221997313Z,revocation,e87e726dbcb534ed094ceb05e892f304651bdc73d2ee0696bb4db5fb7c5225f7,520,,,VALID,revocation_voted,27843,26859,984,246,4,21,RevocationVoted,2,2026-03-07T07:45:44.025099282Z,2026-03-07T07:45:46.205736211Z,{},0,"{""proposal"":785,""vote"":292}",1077,True,,6713,0,6638,,,approve,"x509::CN=Member1@irs3.kit.edu,OU=member+OU=admin,O=irs3.kit.edu,L=Karlsruhe,ST=Baden-Wuerttemberg,C=DE::CN=ca.irs3.kit.edu,O=irs3.kit.edu,L=Karlsruhe,ST=Baden-Wuerttemberg,C=DE",0,1,,"x509::CN=Member1@irs3.kit.edu,OU=member+OU=admin,O=irs3.kit.edu,L=Karlsruhe,ST=Baden-Wuerttemberg,C=DE::CN=ca.irs3.kit.edu,O=irs3.kit.edu,L=Karlsruhe,ST=Baden-Wuerttemberg,C=DE",,,
run_008,revocation,operation_id,,,cc_event_observed,,,irs3-member1,revoke-irs3-1772869541,irs3,revoke-irs3-1772869541,2026-03-07T07:45:46.222165646Z,revocation,e87e726dbcb534ed094ceb05e892f304651bdc73d2ee0696bb4db5fb7c5225f7,520,,,VALID,revocation_voted,27843,26859,984,246,4,21,StorageAttribution,2,2026-03-07T07:45:44.025099282Z,2026-03-07T07:45:46.205736211Z,{},0,"{""proposal"":785,""vote"":292}",1077,True,,6713,0,6638,,,approve,"x509::CN=Member1@irs3.kit.edu,OU=member+OU=admin,O=irs3.kit.edu,L=Karlsruhe,ST=Baden-Wuerttemberg,C=DE::CN=ca.irs3.kit.edu,O=irs3.kit.edu,L=Karlsruhe,ST=Baden-Wuerttemberg,C=DE",0,1,,"x509::CN=Member1@irs3.kit.edu,OU=member+OU=admin,O=irs3.kit.edu,L=Karlsruhe,ST=Baden-Wuerttemberg,C=DE::CN=ca.irs3.kit.edu,O=irs3.kit.edu,L=Karlsruhe,ST=Baden-Wuerttemberg,C=DE",,,
run_008,revocation,operation_id,,,cc_event_observed,,,irs3-member1,revoke-irs3-1772869541,irs3,revoke-irs3-1772869541,2026-03-07T07:45:48.634349797Z,revocation,8be75b59a270b366e841ba3118afcbba553b7420e54001ef745f4f170251bda0,521,,,VALID,revocation_voted,28573,27590,983,245.75,4,21,RevocationVoted,2,2026-03-07T07:45:46.409243908Z,2026-03-07T07:45:48.625147894Z,{},0,"{""proposal"":964,""vote"":292}",1256,True,,6902,0,6827,,,approve,"x509::CN=Member1@irs1.kit.edu,OU=member+OU=admin,O=irs1.kit.edu,L=Karlsruhe,ST=Baden-Wuerttemberg,C=DE::CN=ca.irs1.kit.edu,O=irs1.kit.edu,L=Karlsruhe,ST=Baden-Wuerttemberg,C=DE",0,2,,"x509::CN=Member1@irs3.kit.edu,OU=member+OU=admin,O=irs3.kit.edu,L=Karlsruhe,ST=Baden-Wuerttemberg,C=DE::CN=ca.irs3.kit.edu,O=irs3.kit.edu,L=Karlsruhe,ST=Baden-Wuerttemberg,C=DE",,,
run_008,revocation,operation_id,,,cc_event_observed,,,irs3-member1,revoke-irs3-1772869541,irs3,revoke-irs3-1772869541,2026-03-07T07:45:48.634576556Z,revocation,8be75b59a270b366e841ba3118afcbba553b7420e54001ef745f4f170251bda0,521,,,VALID,revocation_voted,28573,27590,983,245.75,4,21,StorageAttribution,2,2026-03-07T07:45:46.409243908Z,2026-03-07T07:45:48.625147894Z,{},0,"{""proposal"":964,""vote"":292}",1256,True,,6902,0,6827,,,approve,"x509::CN=Member1@irs1.kit.edu,OU=member+OU=admin,O=irs1.kit.edu,L=Karlsruhe,ST=Baden-Wuerttemberg,C=DE::CN=ca.irs1.kit.edu,O=irs1.kit.edu,L=Karlsruhe,ST=Baden-Wuerttemberg,C=DE",0,2,,"x509::CN=Member1@irs3.kit.edu,OU=member+OU=admin,O=irs3.kit.edu,L=Karlsruhe,ST=Baden-Wuerttemberg,C=DE::CN=ca.irs3.kit.edu,O=irs3.kit.edu,L=Karlsruhe,ST=Baden-Wuerttemberg,C=DE",,,
run_008,revocation,operation_id,,,cc_event_observed,,,irs3-member1,revoke-irs3-1772869541,irs3,revoke-irs3-1772869541,2026-03-07T07:45:51.489177311Z,revocation,c8b6479f4c3d13526bdc15afce42d2d62f2e86e6b442a701660b6c48297e6e1b,522,,,VALID,certificate_revoked,33174,32194,980,326.6666666666667,3,21,NodeRevoked,2,2026-03-07T07:45:49.175773368Z,2026-03-07T07:45:51.468853323Z,"{""active_index"":19}",19,"{""certificate"":1805,""merkle_state"":1586}",3391,True,,10738,0,10662,,,,,,,,"x509::CN=Member1@irs3.kit.edu,OU=member+OU=admin,O=irs3.kit.edu,L=Karlsruhe,ST=Baden-Wuerttemberg,C=DE::CN=ca.irs3.kit.edu,O=irs3.kit.edu,L=Karlsruhe,ST=Baden-Wuerttemberg,C=DE",benchmark,,
run_008,revocation,operation_id,,,cc_event_observed,,,irs3-member1,revoke-irs3-1772869541,irs3,revoke-irs3-1772869541,2026-03-07T07:45:51.489367515Z,revocation,c8b6479f4c3d13526bdc15afce42d2d62f2e86e6b442a701660b6c48297e6e1b,522,,,VALID,certificate_revoked,33174,32194,980,326.6666666666667,3,21,StorageAttribution,2,2026-03-07T07:45:49.175773368Z,2026-03-07T07:45:51.468853323Z,"{""active_index"":19}",19,"{""certificate"":1805,""merkle_state"":1586}",3391,True,,10738,0,10662,,,,,,,,"x509::CN=Member1@irs3.kit.edu,OU=member+OU=admin,O=irs3.kit.edu,L=Karlsruhe,ST=Baden-Wuerttemberg,C=DE::CN=ca.irs3.kit.edu,O=irs3.kit.edu,L=Karlsruhe,ST=Baden-Wuerttemberg,C=DE",benchmark,,
run_008,removal,operation_id,68e12e943b837c3f6b070d128c3837f66c1721b7e8c7d4e710a7ea270061217d,1,tx_submit_started,ProposeRemoveMember,2026-03-07T07:45:59.962510424Z,irs3-member1,remove-irs3-member1-1772869559,irs3,remove-irs3-member1-1772869559,2026-03-07T07:45:59.962536868Z,removal,,,,,,,,,,,,,,,,,,,,,,,,,,,,,,,,,,,,
run_008,removal,operation_id,68e12e943b837c3f6b070d128c3837f66c1721b7e8c7d4e710a7ea270061217d,1,tx_submitted,ProposeRemoveMember,2026-03-07T07:45:59.962510424Z,irs3-member1,remove-irs3-member1-1772869559,irs3,remove-irs3-member1-1772869559,2026-03-07T07:46:00.051705633Z,removal,29ef57b4d5479ac78d4a024cd3e5a1cfda5e7f5febf352710d6c9aea4f9f7bee,,,,,,,,,,,,,,,,,,,,,,,,,,,,,,,,,,,
run_008,removal,operation_id,68e12e943b837c3f6b070d128c3837f66c1721b7e8c7d4e710a7ea270061217d,1,tx_committed,ProposeRemoveMember,2026-03-07T07:45:59.962510424Z,irs3-member1,remove-irs3-member1-1772869559,irs3,remove-irs3-member1-1772869559,2026-03-07T07:46:02.163793045Z,removal,29ef57b4d5479ac78d4a024cd3e5a1cfda5e7f5febf352710d6c9aea4f9f7bee,523,VALID,2026-03-07T07:46:02.163725322Z,VALID,,,,,,,,,,,,,,,,,,,,,,,,,,,,,,,
run_008,removal,operation_id,,,cc_event_observed,,,irs3-member1,remove-irs3-member1-1772869559,irs3,remove-irs3-member1-1772869559,2026-03-07T07:46:02.177951518Z,removal,29ef57b4d5479ac78d4a024cd3e5a1cfda5e7f5febf352710d6c9aea4f9f7bee,523,,,VALID,member_removal_proposed,8589,7618,971,971,1,21,MemberRemovalProposed,2,2026-03-07T07:45:59.96270335Z,2026-03-07T07:46:02.163070712Z,{},0,"{""proposal"":636}",636,True,"x509::CN=Member1@irs3.kit.edu,OU=member+OU=admin,O=irs3.kit.edu,L=Karlsruhe,ST=Baden-Wuerttemberg,C=DE::CN=ca.irs3.kit.edu,O=irs3.kit.edu,L=Karlsruhe,ST=Baden-Wuerttemberg,C=DE",7618,0,7542,,,,,,,,,,"x509::CN=Member1@irs3.kit.edu,OU=member+OU=admin,O=irs3.kit.edu,L=Karlsruhe,ST=Baden-Wuerttemberg,C=DE::CN=ca.irs3.kit.edu,O=irs3.kit.edu,L=Karlsruhe,ST=Baden-Wuerttemberg,C=DE",
run_008,removal,operation_id,,,cc_event_observed,,,irs3-member1,remove-irs3-member1-1772869559,irs3,remove-irs3-member1-1772869559,2026-03-07T07:46:02.178193277Z,removal,29ef57b4d5479ac78d4a024cd3e5a1cfda5e7f5febf352710d6c9aea4f9f7bee,523,,,VALID,member_removal_proposed,8589,7618,971,971,1,21,StorageAttribution,2,2026-03-07T07:45:59.96270335Z,2026-03-07T07:46:02.163070712Z,{},0,"{""proposal"":636}",636,True,"x509::CN=Member1@irs3.kit.edu,OU=member+OU=admin,O=irs3.kit.edu,L=Karlsruhe,ST=Baden-Wuerttemberg,C=DE::CN=ca.irs3.kit.edu,O=irs3.kit.edu,L=Karlsruhe,ST=Baden-Wuerttemberg,C=DE",7618,0,7542,,,,,,,,,,"x509::CN=Member1@irs3.kit.edu,OU=member+OU=admin,O=irs3.kit.edu,L=Karlsruhe,ST=Baden-Wuerttemberg,C=DE::CN=ca.irs3.kit.edu,O=irs3.kit.edu,L=Karlsruhe,ST=Baden-Wuerttemberg,C=DE",
run_008,removal,operation_id,,,cc_event_observed,,,irs3-member1,remove-irs3-member1-1772869559,irs3,remove-irs3-member1-1772869559,2026-03-07T07:46:04.459250946Z,removal,2c2526c4ef8ec80de469aa9642cd05b95369e027ef86201b06c7f271e6a8e9ac,524,,,VALID,member_removal_voted,22768,21789,979,326.3333333333333,3,21,MemberRemovalVoted,2,2026-03-07T07:46:02.261363964Z,2026-03-07T07:46:04.447215582Z,{},0,"{""proposal"":814,""vote"":292}",1106,True,,7263,0,7188,,,approve,"x509::CN=Member1@irs5.kit.edu,OU=member+OU=admin,O=irs5.kit.edu,L=Karlsruhe,ST=Baden-Wuerttemberg,C=DE::CN=ca.irs5.kit.edu,O=irs5.kit.edu,L=Karlsruhe,ST=Baden-Wuerttemberg,C=DE",0,1,,,,"x509::CN=Member1@irs3.kit.edu,OU=member+OU=admin,O=irs3.kit.edu,L=Karlsruhe,ST=Baden-Wuerttemberg,C=DE::CN=ca.irs3.kit.edu,O=irs3.kit.edu,L=Karlsruhe,ST=Baden-Wuerttemberg,C=DE",
run_008,removal,operation_id,,,cc_event_observed,,,irs3-member1,remove-irs3-member1-1772869559,irs3,remove-irs3-member1-1772869559,2026-03-07T07:46:04.459426613Z,removal,2c2526c4ef8ec80de469aa9642cd05b95369e027ef86201b06c7f271e6a8e9ac,524,,,VALID,member_removal_voted,22768,21789,979,326.3333333333333,3,21,StorageAttribution,2,2026-03-07T07:46:02.261363964Z,2026-03-07T07:46:04.447215582Z,{},0,"{""proposal"":814,""vote"":292}",1106,True,,7263,0,7188,,,approve,"x509::CN=Member1@irs5.kit.edu,OU=member+OU=admin,O=irs5.kit.edu,L=Karlsruhe,ST=Baden-Wuerttemberg,C=DE::CN=ca.irs5.kit.edu,O=irs5.kit.edu,L=Karlsruhe,ST=Baden-Wuerttemberg,C=DE",0,1,,,,"x509::CN=Member1@irs3.kit.edu,OU=member+OU=admin,O=irs3.kit.edu,L=Karlsruhe,ST=Baden-Wuerttemberg,C=DE::CN=ca.irs3.kit.edu,O=irs3.kit.edu,L=Karlsruhe,ST=Baden-Wuerttemberg,C=DE",
run_008,removal,operation_id,b69231867ccc0f0ea0d0f65536100d25b0696e5b1470d535514aff4b370d8c3e,1,tx_submit_started,VoteOnRemoveMember,2026-03-07T07:46:04.94938995Z,irs3-member1,remove-irs3-member1-1772869559,irs3,remove-irs3-member1-1772869559,2026-03-07T07:46:04.949413413Z,removal,,,,,,,,,,,,,,,,,,,,,,,,,,,,,,,,,,,,
run_008,removal,operation_id,b69231867ccc0f0ea0d0f65536100d25b0696e5b1470d535514aff4b370d8c3e,1,tx_submitted,VoteOnRemoveMember,2026-03-07T07:46:04.94938995Z,irs3-member1,remove-irs3-member1-1772869559,irs3,remove-irs3-member1-1772869559,2026-03-07T07:46:05.027080739Z,removal,45b9207083a8d98b8d2516408154e82a9b5781a06dd687618de1be33879279c3,,,,,,,,,,,,,,,,,,,,,,,,,,,,,,,,,,,
run_008,removal,operation_id,b69231867ccc0f0ea0d0f65536100d25b0696e5b1470d535514aff4b370d8c3e,1,tx_failed,VoteOnRemoveMember,,irs3-member1,remove-irs3-member1-1772869559,irs3,remove-irs3-member1-1772869559,2026-03-07T07:46:06.602882914Z,removal,45b9207083a8d98b8d2516408154e82a9b5781a06dd687618de1be33879279c3,525,,,MVCC_READ_CONFLICT,,,,,,,,,,,,,,,,,,,,,transaction 45b9207083a8d98b8d2516408154e82a9b5781a06dd687618de1be33879279c3 failed with status MVCC_READ_CONFLICT (11) in block 525,validation,,,,,,,,,
run_008,removal,operation_id,,,cc_event_observed,,,irs3-member1,remove-irs3-member1-1772869559,irs3,remove-irs3-member1-1772869559,2026-03-07T07:46:06.614716463Z,removal,b5d0ddd61160798f49c2a61a513f32d40d5b42cf5585811d7511628231c25212,525,,,VALID,member_removal_voted,30577,29593,984,246,4,21,MemberRemovalVoted,2,2026-03-07T07:46:04.715662808Z,2026-03-07T07:46:06.602906506Z,{},0,"{""proposal"":993,""vote"":292}",1285,True,,7442,1,7366,,,approve,"x509::CN=Member1@irs4.kit.edu,OU=member+OU=admin,O=irs4.kit.edu,L=Karlsruhe,ST=Baden-Wuerttemberg,C=DE::CN=ca.irs4.kit.edu,O=irs4.kit.edu,L=Karlsruhe,ST=Baden-Wuerttemberg,C=DE",0,2,,,,"x509::CN=Member1@irs3.kit.edu,OU=member+OU=admin,O=irs3.kit.edu,L=Karlsruhe,ST=Baden-Wuerttemberg,C=DE::CN=ca.irs3.kit.edu,O=irs3.kit.edu,L=Karlsruhe,ST=Baden-Wuerttemberg,C=DE",
run_008,removal,operation_id,,,cc_event_observed,,,irs3-member1,remove-irs3-member1-1772869559,irs3,remove-irs3-member1-1772869559,2026-03-07T07:46:06.614949425Z,removal,b5d0ddd61160798f49c2a61a513f32d40d5b42cf5585811d7511628231c25212,525,,,VALID,member_removal_voted,30577,29593,984,246,4,21,StorageAttribution,2,2026-03-07T07:46:04.715662808Z,2026-03-07T07:46:06.602906506Z,{},0,"{""proposal"":993,""vote"":292}",1285,True,,7442,1,7366,,,approve,"x509::CN=Member1@irs4.kit.edu,OU=member+OU=admin,O=irs4.kit.edu,L=Karlsruhe,ST=Baden-Wuerttemberg,C=DE::CN=ca.irs4.kit.edu,O=irs4.kit.edu,L=Karlsruhe,ST=Baden-Wuerttemberg,C=DE",0,2,,,,"x509::CN=Member1@irs3.kit.edu,OU=member+OU=admin,O=irs3.kit.edu,L=Karlsruhe,ST=Baden-Wuerttemberg,C=DE::CN=ca.irs3.kit.edu,O=irs3.kit.edu,L=Karlsruhe,ST=Baden-Wuerttemberg,C=DE",
run_008,removal,operation_id,b69231867ccc0f0ea0d0f65536100d25b0696e5b1470d535514aff4b370d8c3e,2,tx_submit_started,VoteOnRemoveMember,2026-03-07T07:46:06.877581575Z,irs3-member1,remove-irs3-member1-1772869559,irs3,remove-irs3-member1-1772869559,2026-03-07T07:46:06.877844538Z,removal,,,,,,,,,,,,,,,,,,,,,,,,,,,,,,,,,,,,
run_008,removal,operation_id,b69231867ccc0f0ea0d0f65536100d25b0696e5b1470d535514aff4b370d8c3e,2,tx_submitted,VoteOnRemoveMember,2026-03-07T07:46:06.877581575Z,irs3-member1,remove-irs3-member1-1772869559,irs3,remove-irs3-member1-1772869559,2026-03-07T07:46:06.975150317Z,removal,78012715b50dd412453c2584058205f59ba38b83d3361b6841c1910cdb2d0ad4,,,,,,,,,,,,,,,,,,,,,,,,,,,,,,,,,,,
run_008,removal,operation_id,b69231867ccc0f0ea0d0f65536100d25b0696e5b1470d535514aff4b370d8c3e,2,tx_failed,VoteOnRemoveMember,,irs3-member1,remove-irs3-member1-1772869559,irs3,remove-irs3-member1-1772869559,2026-03-07T07:46:09.052771525Z,removal,78012715b50dd412453c2584058205f59ba38b83d3361b6841c1910cdb2d0ad4,526,,,MVCC_READ_CONFLICT,,,,,,,,,,,,,,,,,,,,,transaction 78012715b50dd412453c2584058205f59ba38b83d3361b6841c1910cdb2d0ad4 failed with status MVCC_READ_CONFLICT (11) in block 526,validation,,,,,,,,,
run_008,removal,operation_id,,,cc_event_observed,,,irs3-member1,remove-irs3-member1-1772869559,irs3,remove-irs3-member1-1772869559,2026-03-07T07:46:09.066266295Z,removal,d07279b1806414d37511aade76b7c742080b845de2ffc27f0e3530df539955cc,526,,,VALID,member_removed,32564,31584,980,326.6666666666667,3,22,MemberRemoved,2,2026-03-07T07:46:06.789593564Z,2026-03-07T07:46:09.052777469Z,{},0,"{""ca_state"":1172}",1172,True,,10531,0,10455,,,,,,,,,,"x509::CN=Member1@irs3.kit.edu,OU=member+OU=admin,O=irs3.kit.edu,L=Karlsruhe,ST=Baden-Wuerttemberg,C=DE::CN=ca.irs3.kit.edu,O=irs3.kit.edu,L=Karlsruhe,ST=Baden-Wuerttemberg,C=DE",
run_008,removal,operation_id,,,cc_event_observed,,,irs3-member1,remove-irs3-member1-1772869559,irs3,remove-irs3-member1-1772869559,2026-03-07T07:46:09.066663628Z,removal,d07279b1806414d37511aade76b7c742080b845de2ffc27f0e3530df539955cc,526,,,VALID,member_removed,32564,31584,980,326.6666666666667,3,22,StorageAttribution,2,2026-03-07T07:46:06.789593564Z,2026-03-07T07:46:09.052777469Z,{},0,"{""ca_state"":1172}",1172,True,,10531,0,10455,,,,,,,,,,"x509::CN=Member1@irs3.kit.edu,OU=member+OU=admin,O=irs3.kit.edu,L=Karlsruhe,ST=Baden-Wuerttemberg,C=DE::CN=ca.irs3.kit.edu,O=irs3.kit.edu,L=Karlsruhe,ST=Baden-Wuerttemberg,C=DE",
run_008,removal,operation_id,b69231867ccc0f0ea0d0f65536100d25b0696e5b1470d535514aff4b370d8c3e,3,tx_submit_started,VoteOnRemoveMember,2026-03-07T07:46:09.641680547Z,irs3-member1,remove-irs3-member1-1772869559,irs3,remove-irs3-member1-1772869559,2026-03-07T07:46:09.64174114Z,removal,,,,,,,,,,,,,,,,,,,,,,,,,,,,,,,,,,,,
run_008,removal,operation_id,b69231867ccc0f0ea0d0f65536100d25b0696e5b1470d535514aff4b370d8c3e,3,tx_failed,VoteOnRemoveMember,,irs3-member1,remove-irs3-member1-1772869559,irs3,remove-irs3-member1-1772869559,2026-03-07T07:46:09.732676996Z,removal,e4e42b98acbabf1f80c96293ec29e09374844728a035cd6bc344209147d9f736,,,,,,,,,,,,,,,,,,,,,,,,,"endorse error: rpc error: code = Aborted desc = failed to endorse transaction, see attached details for more info
Details:
  - Address: peer0.irs3.kit.edu:7051
    MspId: IRS3MSP
    Message: chaincode response 500, cannot vote on member removal proposal while reshare epoch 22 is initiated
  - Address: peer3.irs3.kit.edu:10051
    MspId: IRS3MSP
    Message: chaincode response 500, cannot vote on member removal proposal while reshare epoch 22 is initiated
  - Address: peer2.irs3.kit.edu:9051
    MspId: IRS3MSP
    Message: chaincode response 500, cannot vote on member removal proposal while reshare epoch 22 is initiated
  - Address: peer1.irs3.kit.edu:8051
    MspId: IRS3MSP
    Message: chaincode response 500, cannot vote on member removal proposal while reshare epoch 22 is initiated",endorse,,,,,,,,,
run_008,join,operation_id,c31b5f88e57f70a3b837d1936e3d2b51a1288e246f155638b09365ffa2a48279,1,tx_submit_started,RequestJoinCA,2026-03-07T07:46:55.21452502Z,irs3-member1,join-irs3-1772869615,irs3,join-irs3-1772869615,2026-03-07T07:46:55.214548428Z,join,,,,,,,,,,,,,,,,,,,,,,,,,,,,,,,,,,,,
run_008,join,operation_id,c31b5f88e57f70a3b837d1936e3d2b51a1288e246f155638b09365ffa2a48279,1,tx_submitted,RequestJoinCA,2026-03-07T07:46:55.21452502Z,irs3-member1,join-irs3-1772869615,irs3,join-irs3-1772869615,2026-03-07T07:46:55.320874239Z,join,f2f498e22a9b5549bd70799a81371830947ee52bb58663607d7763d46eb05aed,,,,,,,,,,,,,,,,,,,,,,,,,,,,,,,,,,,
run_008,join,operation_id,c31b5f88e57f70a3b837d1936e3d2b51a1288e246f155638b09365ffa2a48279,1,tx_committed,RequestJoinCA,2026-03-07T07:46:55.21452502Z,irs3-member1,join-irs3-1772869615,irs3,join-irs3-1772869615,2026-03-07T07:46:57.444593495Z,join,f2f498e22a9b5549bd70799a81371830947ee52bb58663607d7763d46eb05aed,535,VALID,2026-03-07T07:46:57.444539921Z,VALID,,,,,,,,,,,,,,,,,,,,,,,,,,,,,,,
run_008,join,operation_id,,,cc_event_observed,,,irs3-member1,join-irs3-1772869615,irs3,join-irs3-1772869615,2026-03-07T07:46:57.456268878Z,join,f2f498e22a9b5549bd70799a81371830947ee52bb58663607d7763d46eb05aed,535,,,VALID,member_join_requested,9017,8046,971,971,1,22,MemberJoinRequested,2,2026-03-07T07:46:55.214714965Z,2026-03-07T07:46:57.44467018Z,{},0,"{""proposal"":1438}",1438,True,,8046,0,7970,,,,,,,,,,,
run_008,join,operation_id,,,cc_event_observed,,,irs3-member1,join-irs3-1772869615,irs3,join-irs3-1772869615,2026-03-07T07:46:57.456462211Z,join,f2f498e22a9b5549bd70799a81371830947ee52bb58663607d7763d46eb05aed,535,,,VALID,member_join_requested,9017,8046,971,971,1,22,StorageAttribution,2,2026-03-07T07:46:55.214714965Z,2026-03-07T07:46:57.44467018Z,{},0,"{""proposal"":1438}",1438,True,,8046,0,7970,,,,,,,,,,,
run_008,join,operation_id,,,cc_event_observed,,,irs3-member1,join-irs3-1772869615,irs3,join-irs3-1772869615,2026-03-07T07:47:00.586881293Z,join,ee9fa198f735c7363c3562ce5ec40638c8539addd31f7874a83d636ccecd2b8f,536,,,VALID,member_join_voted,32975,31992,983,245.75,4,22,MemberJoinVoted,2,2026-03-07T07:46:58.312340603Z,2026-03-07T07:47:00.575220837Z,{},0,"{""proposal"":1616,""vote"":290}",1906,True,,8001,0,7925,,,approve,"x509::CN=Member1@irs1.kit.edu,OU=member+OU=admin,O=irs1.kit.edu,L=Karlsruhe,ST=Baden-Wuerttemberg,C=DE::CN=ca.irs1.kit.edu,O=irs1.kit.edu,L=Karlsruhe,ST=Baden-Wuerttemberg,C=DE",0,1,,,,,"x509::CN=Member1@irs3.kit.edu,OU=member+OU=admin,O=irs3.kit.edu,L=Karlsruhe,ST=Baden-Wuerttemberg,C=DE::CN=ca.irs3.kit.edu,O=irs3.kit.edu,L=Karlsruhe,ST=Baden-Wuerttemberg,C=DE"
run_008,join,operation_id,,,cc_event_observed,,,irs3-member1,join-irs3-1772869615,irs3,join-irs3-1772869615,2026-03-07T07:47:00.58714646Z,join,ee9fa198f735c7363c3562ce5ec40638c8539addd31f7874a83d636ccecd2b8f,536,,,VALID,member_join_voted,32975,31992,983,245.75,4,22,StorageAttribution,2,2026-03-07T07:46:58.312340603Z,2026-03-07T07:47:00.575220837Z,{},0,"{""proposal"":1616,""vote"":290}",1906,True,,8001,0,7925,,,approve,"x509::CN=Member1@irs1.kit.edu,OU=member+OU=admin,O=irs1.kit.edu,L=Karlsruhe,ST=Baden-Wuerttemberg,C=DE::CN=ca.irs1.kit.edu,O=irs1.kit.edu,L=Karlsruhe,ST=Baden-Wuerttemberg,C=DE",0,1,,,,,"x509::CN=Member1@irs3.kit.edu,OU=member+OU=admin,O=irs3.kit.edu,L=Karlsruhe,ST=Baden-Wuerttemberg,C=DE::CN=ca.irs3.kit.edu,O=irs3.kit.edu,L=Karlsruhe,ST=Baden-Wuerttemberg,C=DE"
run_008,join,operation_id,,,cc_event_observed,,,irs3-member1,join-irs3-1772869615,irs3,join-irs3-1772869615,2026-03-07T07:47:03.147746676Z,join,23d335af31800be2e3347d40cec6f10b49bcbf4a2ae52f97d23d3384d182e9be,537,,,VALID,member_join_approved,35414,34434,980,326.6666666666667,3,23,MemberJoinApproved,2,2026-03-07T07:47:00.806468265Z,2026-03-07T07:47:03.132548388Z,{},0,"{""ca_state"":1348}",1348,True,,11478,0,11402,,,,,,,,,,,
run_008,join,operation_id,,,cc_event_observed,,,irs3-member1,join-irs3-1772869615,irs3,join-irs3-1772869615,2026-03-07T07:47:03.147910287Z,join,23d335af31800be2e3347d40cec6f10b49bcbf4a2ae52f97d23d3384d182e9be,537,,,VALID,member_join_approved,35414,34434,980,326.6666666666667,3,23,StorageAttribution,2,2026-03-07T07:47:00.806468265Z,2026-03-07T07:47:03.132548388Z,{},0,"{""ca_state"":1348}",1348,True,,11478,0,11402,,,,,,,,,,,
run_009,csr,operation_id,e8c29e1fb80afc6a39a40c70651b6b62739f4c5385d4a2029676667bca27b114,1,tx_submit_started,SubmitCSR,2026-03-07T07:48:00.345977886Z,irs3-member1,csr-irs3-1772869680,irs3,csr-irs3-1772869680,2026-03-07T07:48:00.34602133Z,csr,,,,,,,,,,,,,,,,,,,,,,,,,,,,,,,,,,,,
run_009,csr,operation_id,e8c29e1fb80afc6a39a40c70651b6b62739f4c5385d4a2029676667bca27b114,1,tx_submitted,SubmitCSR,2026-03-07T07:48:00.345977886Z,irs3-member1,csr-irs3-1772869680,irs3,csr-irs3-1772869680,2026-03-07T07:48:00.404310613Z,csr,1eb9baaf7dde8adc701f15966be3b45545e96a2a7857af166e47d3f046974f22,,,,,,,,,,,,,,,,,,,,,,,,,,,,,,,,,,,
run_009,csr,operation_id,e8c29e1fb80afc6a39a40c70651b6b62739f4c5385d4a2029676667bca27b114,1,tx_committed,SubmitCSR,2026-03-07T07:48:00.345977886Z,irs3-member1,csr-irs3-1772869680,irs3,csr-irs3-1772869680,2026-03-07T07:48:02.519144004Z,csr,1eb9baaf7dde8adc701f15966be3b45545e96a2a7857af166e47d3f046974f22,548,VALID,2026-03-07T07:48:02.519082133Z,VALID,,,,,,,,,,,,,,,,,,,,,,,,,,,,,,,
run_009,csr,operation_id,,,cc_event_observed,,,irs3-member1,csr-irs3-1772869680,irs3,csr-irs3-1772869680,2026-03-07T07:48:02.53126309Z,csr,1eb9baaf7dde8adc701f15966be3b45545e96a2a7857af166e47d3f046974f22,548,,,VALID,csr_submitted,8485,7515,970,970,1,23,CSRSubmitted,2,2026-03-07T07:48:00.346190534Z,2026-03-07T07:48:02.519170652Z,{},0,"{""proposal"":1713}",1713,True,"x509::CN=Member1@irs3.kit.edu,OU=member+OU=admin,O=irs3.kit.edu,L=Karlsruhe,ST=Baden-Wuerttemberg,C=DE::CN=ca.irs3.kit.edu,O=irs3.kit.edu,L=Karlsruhe,ST=Baden-Wuerttemberg,C=DE",7515,0,7439,,,,,,,,,,,
run_009,csr,operation_id,,,cc_event_observed,,,irs3-member1,csr-irs3-1772869680,irs3,csr-irs3-1772869680,2026-03-07T07:48:02.531508941Z,csr,1eb9baaf7dde8adc701f15966be3b45545e96a2a7857af166e47d3f046974f22,548,,,VALID,csr_submitted,8485,7515,970,970,1,23,StorageAttribution,2,2026-03-07T07:48:00.346190534Z,2026-03-07T07:48:02.519170652Z,{},0,"{""proposal"":1713}",1713,True,"x509::CN=Member1@irs3.kit.edu,OU=member+OU=admin,O=irs3.kit.edu,L=Karlsruhe,ST=Baden-Wuerttemberg,C=DE::CN=ca.irs3.kit.edu,O=irs3.kit.edu,L=Karlsruhe,ST=Baden-Wuerttemberg,C=DE",7515,0,7439,,,,,,,,,,,
run_009,csr,operation_id,,,cc_event_observed,,,irs3-member1,csr-irs3-1772869680,irs3,csr-irs3-1772869680,2026-03-07T07:48:05.011399906Z,csr,9eaadebef98bb9b7d7ae870bdec406c6ce54f355ea1a89dd110c66c0b8cbc5e2,549,,,VALID,csr_voted,24317,23337,980,326.6666666666667,3,23,CSRVoted,2,2026-03-07T07:48:02.785521865Z,2026-03-07T07:48:04.998815117Z,{},0,"{""proposal"":1891,""vote"":290}",2181,True,"x509::CN=Member1@irs3.kit.edu,OU=member+OU=admin,O=irs3.kit.edu,L=Karlsruhe,ST=Baden-Wuerttemberg,C=DE::CN=ca.irs3.kit.edu,O=irs3.kit.edu,L=Karlsruhe,ST=Baden-Wuerttemberg,C=DE",7780,0,7705,,,approve,"x509::CN=Member1@irs4.kit.edu,OU=member+OU=admin,O=irs4.kit.edu,L=Karlsruhe,ST=Baden-Wuerttemberg,C=DE::CN=ca.irs4.kit.edu,O=irs4.kit.edu,L=Karlsruhe,ST=Baden-Wuerttemberg,C=DE",0,1,,,,,
run_009,csr,operation_id,,,cc_event_observed,,,irs3-member1,csr-irs3-1772869680,irs3,csr-irs3-1772869680,2026-03-07T07:48:05.011648813Z,csr,9eaadebef98bb9b7d7ae870bdec406c6ce54f355ea1a89dd110c66c0b8cbc5e2,549,,,VALID,csr_voted,24317,23337,980,326.6666666666667,3,23,StorageAttribution,2,2026-03-07T07:48:02.785521865Z,2026-03-07T07:48:04.998815117Z,{},0,"{""proposal"":1891,""vote"":290}",2181,True,"x509::CN=Member1@irs3.kit.edu,OU=member+OU=admin,O=irs3.kit.edu,L=Karlsruhe,ST=Baden-Wuerttemberg,C=DE::CN=ca.irs3.kit.edu,O=irs3.kit.edu,L=Karlsruhe,ST=Baden-Wuerttemberg,C=DE",7780,0,7705,,,approve,"x509::CN=Member1@irs4.kit.edu,OU=member+OU=admin,O=irs4.kit.edu,L=Karlsruhe,ST=Baden-Wuerttemberg,C=DE::CN=ca.irs4.kit.edu,O=irs4.kit.edu,L=Karlsruhe,ST=Baden-Wuerttemberg,C=DE",0,1,,,,,
run_009,csr,operation_id,3958868edd881693b19f138864faa4f3dd254102ab34e302e4986abee33e5076,1,tx_submit_started,VoteOnCSR,2026-03-07T07:48:05.029826673Z,irs3-member1,csr-irs3-1772869680,irs3,csr-irs3-1772869680,2026-03-07T07:48:05.029847636Z,csr,,,,,,,,,,,,,,,,,,,,,,,,,,,,,,,,,,,,
run_009,csr,operation_id,3958868edd881693b19f138864faa4f3dd254102ab34e302e4986abee33e5076,1,tx_submitted,VoteOnCSR,2026-03-07T07:48:05.029826673Z,irs3-member1,csr-irs3-1772869680,irs3,csr-irs3-1772869680,2026-03-07T07:48:05.080248312Z,csr,9459605ee52462d7b7213eed9dd875770b561fdfa547e5c25b0f17c2ad8ba110,,,,,,,,,,,,,,,,,,,,,,,,,,,,,,,,,,,
run_009,csr,operation_id,3958868edd881693b19f138864faa4f3dd254102ab34e302e4986abee33e5076,1,tx_committed,VoteOnCSR,2026-03-07T07:48:05.029826673Z,irs3-member1,csr-irs3-1772869680,irs3,csr-irs3-1772869680,2026-03-07T07:48:07.251715653Z,csr,9459605ee52462d7b7213eed9dd875770b561fdfa547e5c25b0f17c2ad8ba110,550,VALID,2026-03-07T07:48:07.251656968Z,VALID,,,,,,,,,,,,,,,,,,,,,,,,,,,,,,,
run_009,csr,operation_id,,,cc_event_observed,,,irs3-member1,csr-irs3-1772869680,irs3,csr-irs3-1772869680,2026-03-07T07:48:07.276050287Z,csr,9459605ee52462d7b7213eed9dd875770b561fdfa547e5c25b0f17c2ad8ba110,550,,,VALID,csr_voted,32822,31838,984,246,4,23,CSRVoted,2,2026-03-07T07:48:05.029959822Z,2026-03-07T07:48:07.254449744Z,{},0,"{""proposal"":2070,""vote"":290}",2360,True,"x509::CN=Member1@irs3.kit.edu,OU=member+OU=admin,O=irs3.kit.edu,L=Karlsruhe,ST=Baden-Wuerttemberg,C=DE::CN=ca.irs3.kit.edu,O=irs3.kit.edu,L=Karlsruhe,ST=Baden-Wuerttemberg,C=DE",7955,0,7879,,,approve,"x509::CN=Member1@irs3.kit.edu,OU=member+OU=admin,O=irs3.kit.edu,L=Karlsruhe,ST=Baden-Wuerttemberg,C=DE::CN=ca.irs3.kit.edu,O=irs3.kit.edu,L=Karlsruhe,ST=Baden-Wuerttemberg,C=DE",0,2,,,,,
run_009,csr,operation_id,,,cc_event_observed,,,irs3-member1,csr-irs3-1772869680,irs3,csr-irs3-1772869680,2026-03-07T07:48:07.276217269Z,csr,9459605ee52462d7b7213eed9dd875770b561fdfa547e5c25b0f17c2ad8ba110,550,,,VALID,csr_voted,32822,31838,984,246,4,23,StorageAttribution,2,2026-03-07T07:48:05.029959822Z,2026-03-07T07:48:07.254449744Z,{},0,"{""proposal"":2070,""vote"":290}",2360,True,"x509::CN=Member1@irs3.kit.edu,OU=member+OU=admin,O=irs3.kit.edu,L=Karlsruhe,ST=Baden-Wuerttemberg,C=DE::CN=ca.irs3.kit.edu,O=irs3.kit.edu,L=Karlsruhe,ST=Baden-Wuerttemberg,C=DE",7955,0,7879,,,approve,"x509::CN=Member1@irs3.kit.edu,OU=member+OU=admin,O=irs3.kit.edu,L=Karlsruhe,ST=Baden-Wuerttemberg,C=DE::CN=ca.irs3.kit.edu,O=irs3.kit.edu,L=Karlsruhe,ST=Baden-Wuerttemberg,C=DE",0,2,,,,,
run_009,csr,operation_id,,,cc_event_observed,,,irs3-member1,csr-irs3-1772869680,irs3,csr-irs3-1772869680,2026-03-07T07:48:09.756473881Z,csr,1eae395b5eebd48c1f26fbd9477157dfa4202f28fe42cfe5ee402bed88648841,551,,,VALID,signing_initiated,24541,23562,979,326.3333333333333,3,,SigningInitiated,2,2026-03-07T07:48:07.535322152Z,2026-03-07T07:48:09.744811018Z,,,,,True,,7849,0,7774,,,,,,,,,,,
run_009,csr,operation_id,,,cc_event_observed,,,irs3-member1,csr-irs3-1772869680,irs3,csr-irs3-1772869680,2026-03-07T07:48:12.95932359Z,csr,c785c5bcecc6b3da83c449c136d1442f30ca4f7013733cfd941987bc56aeaee7,552,,,VALID,signing_initiated,17059,16084,975,487.5,2,,SigningInitiated,2,2026-03-07T07:48:10.611906093Z,2026-03-07T07:48:12.890103018Z,,,,,True,,8046,0,7970,,,,,,,,,,,
run_009,csr,operation_id,866c496f0aed4edd8e6c82d7fff8f77d7de4d63e8601cb6d03757f860c38bf0d,1,tx_submit_started,SubmitPartialSignature,2026-03-07T07:48:16.123151524Z,irs3-member1,csr-irs3-1772869680,irs3,csr-irs3-1772869680,2026-03-07T07:48:16.123174005Z,csr,,,,,,,,,,,,,,,,,,,,,,,,,,,,,,,,,,,,
run_009,csr,operation_id,866c496f0aed4edd8e6c82d7fff8f77d7de4d63e8601cb6d03757f860c38bf0d,1,tx_submitted,SubmitPartialSignature,2026-03-07T07:48:16.123151524Z,irs3-member1,csr-irs3-1772869680,irs3,csr-irs3-1772869680,2026-03-07T07:48:16.166708481Z,csr,08e6d8a3fc537cfcc3b059b8c9c9ff0ee7c677e86a668b85ee128bf93df9e75a,,,,,,,,,,,,,,,,,,,,,,,,,,,,,,,,,,,
run_009,csr,operation_id,866c496f0aed4edd8e6c82d7fff8f77d7de4d63e8601cb6d03757f860c38bf0d,1,tx_failed,SubmitPartialSignature,,irs3-member1,csr-irs3-1772869680,irs3,csr-irs3-1772869680,2026-03-07T07:48:17.0803941Z,csr,08e6d8a3fc537cfcc3b059b8c9c9ff0ee7c677e86a668b85ee128bf93df9e75a,553,,,MVCC_READ_CONFLICT,,,,,,,,,,,,,,,,,,,,,transaction 08e6d8a3fc537cfcc3b059b8c9c9ff0ee7c677e86a668b85ee128bf93df9e75a failed with status MVCC_READ_CONFLICT (11) in block 553,validation,,,,,,,,,
run_009,csr,operation_id,,,cc_event_observed,,,irs3-member1,csr-irs3-1772869680,irs3,csr-irs3-1772869680,2026-03-07T07:48:17.121613114Z,csr,c40f9eef225d89303207e3afdca32e5a69aa9c62e2b40fb2cc97c874e1fbe71a,553,,,VALID,signing_initiated,37060,36068,992,165.33333333333334,6,,SigningInitiated,2,2026-03-07T07:48:14.748605428Z,2026-03-07T07:48:17.080414192Z,,,,,True,,8222,0,8146,,,,,,,,,,,
run_009,csr,operation_id,866c496f0aed4edd8e6c82d7fff8f77d7de4d63e8601cb6d03757f860c38bf0d,2,tx_submit_started,SubmitPartialSignature,2026-03-07T07:48:17.332779014Z,irs3-member1,csr-irs3-1772869680,irs3,csr-irs3-1772869680,2026-03-07T07:48:17.332846625Z,csr,,,,,,,,,,,,,,,,,,,,,,,,,,,,,,,,,,,,
run_009,csr,operation_id,866c496f0aed4edd8e6c82d7fff8f77d7de4d63e8601cb6d03757f860c38bf0d,2,tx_submitted,SubmitPartialSignature,2026-03-07T07:48:17.332779014Z,irs3-member1,csr-irs3-1772869680,irs3,csr-irs3-1772869680,2026-03-07T07:48:17.395220923Z,csr,47176128240e911742513f277d781e745e2cd909bca84f6bb15323210ec1372b,,,,,,,,,,,,,,,,,,,,,,,,,,,,,,,,,,,
run_009,csr,operation_id,866c496f0aed4edd8e6c82d7fff8f77d7de4d63e8601cb6d03757f860c38bf0d,2,tx_failed,SubmitPartialSignature,,irs3-member1,csr-irs3-1772869680,irs3,csr-irs3-1772869680,2026-03-07T07:48:19.501699838Z,csr,47176128240e911742513f277d781e745e2cd909bca84f6bb15323210ec1372b,554,,,MVCC_READ_CONFLICT,,,,,,,,,,,,,,,,,,,,,transaction 47176128240e911742513f277d781e745e2cd909bca84f6bb15323210ec1372b failed with status MVCC_READ_CONFLICT (11) in block 554,validation,,,,,,,,,
run_009,csr,operation_id,866c496f0aed4edd8e6c82d7fff8f77d7de4d63e8601cb6d03757f860c38bf0d,3,tx_submit_started,SubmitPartialSignature,2026-03-07T07:48:19.939494426Z,irs3-member1,csr-irs3-1772869680,irs3,csr-irs3-1772869680,2026-03-07T07:48:19.939538334Z,csr,,,,,,,,,,,,,,,,,,,,,,,,,,,,,,,,,,,,
run_009,csr,operation_id,866c496f0aed4edd8e6c82d7fff8f77d7de4d63e8601cb6d03757f860c38bf0d,3,tx_submitted,SubmitPartialSignature,2026-03-07T07:48:19.939494426Z,irs3-member1,csr-irs3-1772869680,irs3,csr-irs3-1772869680,2026-03-07T07:48:19.988501121Z,csr,3b33052e06529e3c03bfef05994ad1e583da4b97c0529578eaed0b62ecf1099f,,,,,,,,,,,,,,,,,,,,,,,,,,,,,,,,,,,
run_009,csr,operation_id,866c496f0aed4edd8e6c82d7fff8f77d7de4d63e8601cb6d03757f860c38bf0d,3,tx_failed,SubmitPartialSignature,,irs3-member1,csr-irs3-1772869680,irs3,csr-irs3-1772869680,2026-03-07T07:48:22.099921959Z,csr,3b33052e06529e3c03bfef05994ad1e583da4b97c0529578eaed0b62ecf1099f,555,,,MVCC_READ_CONFLICT,,,,,,,,,,,,,,,,,,,,,transaction 3b33052e06529e3c03bfef05994ad1e583da4b97c0529578eaed0b62ecf1099f failed with status MVCC_READ_CONFLICT (11) in block 555,validation,,,,,,,,,
run_009,csr,operation_id,,,cc_event_observed,,,irs3-member1,csr-irs3-1772869680,irs3,csr-irs3-1772869680,2026-03-07T07:48:22.113118599Z,csr,aeecdab7d1102f795320fa84145d69c293fd36bbfc48b069e8eac1fa68c817e3,555,,,VALID,threshold_reached,26328,25344,984,246,4,,ThresholdReached,2,2026-03-07T07:48:19.886178532Z,2026-03-07T07:48:22.099914514Z,,,,,True,,6337,0,6262,,,,,,,,,,,
run_009,csr,operation_id,866c496f0aed4edd8e6c82d7fff8f77d7de4d63e8601cb6d03757f860c38bf0d,4,tx_submit_started,SubmitPartialSignature,2026-03-07T07:48:22.968840621Z,irs3-member1,csr-irs3-1772869680,irs3,csr-irs3-1772869680,2026-03-07T07:48:22.968883306Z,csr,,,,,,,,,,,,,,,,,,,,,,,,,,,,,,,,,,,,
run_009,csr,operation_id,866c496f0aed4edd8e6c82d7fff8f77d7de4d63e8601cb6d03757f860c38bf0d,4,tx_failed,SubmitPartialSignature,,irs3-member1,csr-irs3-1772869680,irs3,csr-irs3-1772869680,2026-03-07T07:48:23.013585448Z,csr,4f7d14a1769c4c1a36cd0d8ac6f3d1287d412043feb06192143138de9c5a3deb,,,,,,,,,,,,,,,,,,,,,,,,,"endorse error: rpc error: code = Aborted desc = failed to endorse transaction, see attached details for more info
Details:
  - Address: peer0.irs3.kit.edu:7051
    MspId: IRS3MSP
    Message: chaincode response 500, signing session is not active
  - Address: peer1.irs3.kit.edu:8051
    MspId: IRS3MSP
    Message: chaincode response 500, signing session is not active
  - Address: peer3.irs3.kit.edu:10051
    MspId: IRS3MSP
    Message: chaincode response 500, signing session is not active
  - Address: peer2.irs3.kit.edu:9051
    MspId: IRS3MSP
    Message: chaincode response 500, signing session is not active",endorse,,,,,,,,,
run_009,csr,operation_id,,,cc_event_observed,,,irs3-member1,csr-irs3-1772869680,irs3,csr-irs3-1772869680,2026-03-07T07:48:26.380715249Z,csr,e4ec040cf80e7b2a23c0b5b4245f9f7d7c7daaa5ec3b786e58655b29c3d2584f,556,,,VALID,certificate_registered,26726,25751,975,487.5,2,23,CertificateRegistered,2,2026-03-07T07:48:24.124962366Z,2026-03-07T07:48:26.3690332Z,{},0,"{""active_index"":19,""certificate"":1777,""merkle_state"":1516,""proposal"":2609}",5921,True,,12877,0,12801,,,,,,,42f9954c16477c8425ea80a82dd9225f2e1f6c88574d9adac8a02790fb357c57,"x509::CN=Member1@irs3.kit.edu,OU=member+OU=admin,O=irs3.kit.edu,L=Karlsruhe,ST=Baden-Wuerttemberg,C=DE::CN=ca.irs3.kit.edu,O=irs3.kit.edu,L=Karlsruhe,ST=Baden-Wuerttemberg,C=DE",,,
run_009,csr,operation_id,,,cc_event_observed,,,irs3-member1,csr-irs3-1772869680,irs3,csr-irs3-1772869680,2026-03-07T07:48:26.380943305Z,csr,e4ec040cf80e7b2a23c0b5b4245f9f7d7c7daaa5ec3b786e58655b29c3d2584f,556,,,VALID,certificate_registered,26726,25751,975,487.5,2,23,StorageAttribution,2,2026-03-07T07:48:24.124962366Z,2026-03-07T07:48:26.3690332Z,{},0,"{""active_index"":19,""certificate"":1777,""merkle_state"":1516,""proposal"":2609}",5921,True,,12877,0,12801,,,,,,,42f9954c16477c8425ea80a82dd9225f2e1f6c88574d9adac8a02790fb357c57,"x509::CN=Member1@irs3.kit.edu,OU=member+OU=admin,O=irs3.kit.edu,L=Karlsruhe,ST=Baden-Wuerttemberg,C=DE::CN=ca.irs3.kit.edu,O=irs3.kit.edu,L=Karlsruhe,ST=Baden-Wuerttemberg,C=DE",,,
run_009,revocation,operation_id,6a6d0f58dd7168818c7275cbb6c6ddca3b13cc6dcdf9f82e7c00a5d9c5a7c34d,1,tx_submit_started,ProposeRevocation,2026-03-07T07:48:38.181395574Z,irs3-member1,revoke-irs3-1772869718,irs3,revoke-irs3-1772869718,2026-03-07T07:48:38.181450186Z,revocation,,,,,,,,,,,,,,,,,,,,,,,,,,,,,,,,,,,,
run_009,revocation,operation_id,6a6d0f58dd7168818c7275cbb6c6ddca3b13cc6dcdf9f82e7c00a5d9c5a7c34d,1,tx_submitted,ProposeRevocation,2026-03-07T07:48:38.181395574Z,irs3-member1,revoke-irs3-1772869718,irs3,revoke-irs3-1772869718,2026-03-07T07:48:38.236657136Z,revocation,9dee675ef050fefb07f112a598eb09e13b1465f249be0e5974a7c5f98b4c991b,,,,,,,,,,,,,,,,,,,,,,,,,,,,,,,,,,,
run_009,revocation,operation_id,6a6d0f58dd7168818c7275cbb6c6ddca3b13cc6dcdf9f82e7c00a5d9c5a7c34d,1,tx_committed,ProposeRevocation,2026-03-07T07:48:38.181395574Z,irs3-member1,revoke-irs3-1772869718,irs3,revoke-irs3-1772869718,2026-03-07T07:48:40.370088091Z,revocation,9dee675ef050fefb07f112a598eb09e13b1465f249be0e5974a7c5f98b4c991b,558,VALID,2026-03-07T07:48:40.370033517Z,VALID,,,,,,,,,,,,,,,,,,,,,,,,,,,,,,,
run_009,revocation,operation_id,,,cc_event_observed,,,irs3-member1,revoke-irs3-1772869718,irs3,revoke-irs3-1772869718,2026-03-07T07:48:40.384419953Z,revocation,9dee675ef050fefb07f112a598eb09e13b1465f249be0e5974a7c5f98b4c991b,558,,,VALID,revocation_proposed,7126,6156,970,970,1,23,RevocationProposed,2,2026-03-07T07:48:38.181717352Z,2026-03-07T07:48:40.370111998Z,{},0,"{""proposal"":607}",607,True,,6156,0,6080,,,,,,,,"x509::CN=Member1@irs3.kit.edu,OU=member+OU=admin,O=irs3.kit.edu,L=Karlsruhe,ST=Baden-Wuerttemberg,C=DE::CN=ca.irs3.kit.edu,O=irs3.kit.edu,L=Karlsruhe,ST=Baden-Wuerttemberg,C=DE",benchmark,,
run_009,revocation,operation_id,,,cc_event_observed,,,irs3-member1,revoke-irs3-1772869718,irs3,revoke-irs3-1772869718,2026-03-07T07:48:40.384567527Z,revocation,9dee675ef050fefb07f112a598eb09e13b1465f249be0e5974a7c5f98b4c991b,558,,,VALID,revocation_proposed,7126,6156,970,970,1,23,StorageAttribution,2,2026-03-07T07:48:38.181717352Z,2026-03-07T07:48:40.370111998Z,{},0,"{""proposal"":607}",607,True,,6156,0,6080,,,,,,,,"x509::CN=Member1@irs3.kit.edu,OU=member+OU=admin,O=irs3.kit.edu,L=Karlsruhe,ST=Baden-Wuerttemberg,C=DE::CN=ca.irs3.kit.edu,O=irs3.kit.edu,L=Karlsruhe,ST=Baden-Wuerttemberg,C=DE",benchmark,,
run_009,revocation,operation_id,0a03342004067c15ae2d38c34f53addf1b1d1029136201b0896b155b9389f283,1,tx_submit_started,VoteOnRevocation,2026-03-07T07:48:41.019766765Z,irs3-member1,revoke-irs3-1772869718,irs3,revoke-irs3-1772869718,2026-03-07T07:48:41.019786598Z,revocation,,,,,,,,,,,,,,,,,,,,,,,,,,,,,,,,,,,,
run_009,revocation,operation_id,0a03342004067c15ae2d38c34f53addf1b1d1029136201b0896b155b9389f283,1,tx_submitted,VoteOnRevocation,2026-03-07T07:48:41.019766765Z,irs3-member1,revoke-irs3-1772869718,irs3,revoke-irs3-1772869718,2026-03-07T07:48:41.111575028Z,revocation,1d2404ebce086713858b0664a64eea82c80f12385a0a5fc07208e240883bfc06,,,,,,,,,,,,,,,,,,,,,,,,,,,,,,,,,,,
run_009,revocation,operation_id,0a03342004067c15ae2d38c34f53addf1b1d1029136201b0896b155b9389f283,1,tx_failed,VoteOnRevocation,,irs3-member1,revoke-irs3-1772869718,irs3,revoke-irs3-1772869718,2026-03-07T07:48:42.732801047Z,revocation,1d2404ebce086713858b0664a64eea82c80f12385a0a5fc07208e240883bfc06,559,,,MVCC_READ_CONFLICT,,,,,,,,,,,,,,,,,,,,,transaction 1d2404ebce086713858b0664a64eea82c80f12385a0a5fc07208e240883bfc06 failed with status MVCC_READ_CONFLICT (11) in block 559,validation,,,,,,,,,
run_009,revocation,operation_id,,,cc_event_observed,,,irs3-member1,revoke-irs3-1772869718,irs3,revoke-irs3-1772869718,2026-03-07T07:48:42.747561761Z,revocation,a3b58bf94395577ec7680bf41cf561522450e1bf133f03e7c1d103eeb0b212a4,559,,,VALID,revocation_voted,34568,33580,988,197.6,5,23,RevocationVoted,2,2026-03-07T07:48:40.492532407Z,2026-03-07T07:48:42.733342788Z,{},0,"{""proposal"":785,""vote"":292}",1077,True,,6720,0,6645,,,approve,"x509::CN=Member1@irs1.kit.edu,OU=member+OU=admin,O=irs1.kit.edu,L=Karlsruhe,ST=Baden-Wuerttemberg,C=DE::CN=ca.irs1.kit.edu,O=irs1.kit.edu,L=Karlsruhe,ST=Baden-Wuerttemberg,C=DE",0,1,,"x509::CN=Member1@irs3.kit.edu,OU=member+OU=admin,O=irs3.kit.edu,L=Karlsruhe,ST=Baden-Wuerttemberg,C=DE::CN=ca.irs3.kit.edu,O=irs3.kit.edu,L=Karlsruhe,ST=Baden-Wuerttemberg,C=DE",,,
run_009,revocation,operation_id,,,cc_event_observed,,,irs3-member1,revoke-irs3-1772869718,irs3,revoke-irs3-1772869718,2026-03-07T07:48:42.74776715Z,revocation,a3b58bf94395577ec7680bf41cf561522450e1bf133f03e7c1d103eeb0b212a4,559,,,VALID,revocation_voted,34568,33580,988,197.6,5,23,StorageAttribution,2,2026-03-07T07:48:40.492532407Z,2026-03-07T07:48:42.733342788Z,{},0,"{""proposal"":785,""vote"":292}",1077,True,,6720,0,6645,,,approve,"x509::CN=Member1@irs1.kit.edu,OU=member+OU=admin,O=irs1.kit.edu,L=Karlsruhe,ST=Baden-Wuerttemberg,C=DE::CN=ca.irs1.kit.edu,O=irs1.kit.edu,L=Karlsruhe,ST=Baden-Wuerttemberg,C=DE",0,1,,"x509::CN=Member1@irs3.kit.edu,OU=member+OU=admin,O=irs3.kit.edu,L=Karlsruhe,ST=Baden-Wuerttemberg,C=DE::CN=ca.irs3.kit.edu,O=irs3.kit.edu,L=Karlsruhe,ST=Baden-Wuerttemberg,C=DE",,,
run_009,revocation,operation_id,0a03342004067c15ae2d38c34f53addf1b1d1029136201b0896b155b9389f283,2,tx_submit_started,VoteOnRevocation,2026-03-07T07:48:42.937808562Z,irs3-member1,revoke-irs3-1772869718,irs3,revoke-irs3-1772869718,2026-03-07T07:48:42.93784871Z,revocation,,,,,,,,,,,,,,,,,,,,,,,,,,,,,,,,,,,,
run_009,revocation,operation_id,0a03342004067c15ae2d38c34f53addf1b1d1029136201b0896b155b9389f283,2,tx_submitted,VoteOnRevocation,2026-03-07T07:48:42.937808562Z,irs3-member1,revoke-irs3-1772869718,irs3,revoke-irs3-1772869718,2026-03-07T07:48:42.99146418Z,revocation,feba8e40df13b6148fc023b14d461ae34310471271ed59a7d68f2945b0c0fdf9,,,,,,,,,,,,,,,,,,,,,,,,,,,,,,,,,,,
run_009,revocation,operation_id,0a03342004067c15ae2d38c34f53addf1b1d1029136201b0896b155b9389f283,2,tx_failed,VoteOnRevocation,,irs3-member1,revoke-irs3-1772869718,irs3,revoke-irs3-1772869718,2026-03-07T07:48:45.045300809Z,revocation,feba8e40df13b6148fc023b14d461ae34310471271ed59a7d68f2945b0c0fdf9,560,,,MVCC_READ_CONFLICT,,,,,,,,,,,,,,,,,,,,,transaction feba8e40df13b6148fc023b14d461ae34310471271ed59a7d68f2945b0c0fdf9 failed with status MVCC_READ_CONFLICT (11) in block 560,validation,,,,,,,,,
run_009,revocation,operation_id,,,cc_event_observed,,,irs3-member1,revoke-irs3-1772869718,irs3,revoke-irs3-1772869718,2026-03-07T07:48:45.058552857Z,revocation,45e8496a93e2eb50bb88662c8accc327436255f180ac1f1d6e7890b593d6bb8e,560,,,VALID,revocation_voted,28557,27574,983,245.75,4,23,RevocationVoted,2,2026-03-07T07:48:42.849118919Z,2026-03-07T07:48:45.045342365Z,{},0,"{""proposal"":964,""vote"":292}",1256,True,,6893,0,6818,,,approve,"x509::CN=Member1@irs4.kit.edu,OU=member+OU=admin,O=irs4.kit.edu,L=Karlsruhe,ST=Baden-Wuerttemberg,C=DE::CN=ca.irs4.kit.edu,O=irs4.kit.edu,L=Karlsruhe,ST=Baden-Wuerttemberg,C=DE",0,2,,"x509::CN=Member1@irs3.kit.edu,OU=member+OU=admin,O=irs3.kit.edu,L=Karlsruhe,ST=Baden-Wuerttemberg,C=DE::CN=ca.irs3.kit.edu,O=irs3.kit.edu,L=Karlsruhe,ST=Baden-Wuerttemberg,C=DE",,,
run_009,revocation,operation_id,,,cc_event_observed,,,irs3-member1,revoke-irs3-1772869718,irs3,revoke-irs3-1772869718,2026-03-07T07:48:45.058787302Z,revocation,45e8496a93e2eb50bb88662c8accc327436255f180ac1f1d6e7890b593d6bb8e,560,,,VALID,revocation_voted,28557,27574,983,245.75,4,23,StorageAttribution,2,2026-03-07T07:48:42.849118919Z,2026-03-07T07:48:45.045342365Z,{},0,"{""proposal"":964,""vote"":292}",1256,True,,6893,0,6818,,,approve,"x509::CN=Member1@irs4.kit.edu,OU=member+OU=admin,O=irs4.kit.edu,L=Karlsruhe,ST=Baden-Wuerttemberg,C=DE::CN=ca.irs4.kit.edu,O=irs4.kit.edu,L=Karlsruhe,ST=Baden-Wuerttemberg,C=DE",0,2,,"x509::CN=Member1@irs3.kit.edu,OU=member+OU=admin,O=irs3.kit.edu,L=Karlsruhe,ST=Baden-Wuerttemberg,C=DE::CN=ca.irs3.kit.edu,O=irs3.kit.edu,L=Karlsruhe,ST=Baden-Wuerttemberg,C=DE",,,
run_009,revocation,operation_id,0a03342004067c15ae2d38c34f53addf1b1d1029136201b0896b155b9389f283,3,tx_submit_started,VoteOnRevocation,2026-03-07T07:48:45.627784817Z,irs3-member1,revoke-irs3-1772869718,irs3,revoke-irs3-1772869718,2026-03-07T07:48:45.627833891Z,revocation,,,,,,,,,,,,,,,,,,,,,,,,,,,,,,,,,,,,
run_009,revocation,operation_id,0a03342004067c15ae2d38c34f53addf1b1d1029136201b0896b155b9389f283,3,tx_submitted,VoteOnRevocation,2026-03-07T07:48:45.627784817Z,irs3-member1,revoke-irs3-1772869718,irs3,revoke-irs3-1772869718,2026-03-07T07:48:45.703343645Z,revocation,cd397fc47c2135668435f354d19bc14785553841cf4e977fecde328e8eab25e0,,,,,,,,,,,,,,,,,,,,,,,,,,,,,,,,,,,
run_009,revocation,operation_id,0a03342004067c15ae2d38c34f53addf1b1d1029136201b0896b155b9389f283,3,tx_committed,VoteOnRevocation,2026-03-07T07:48:45.627784817Z,irs3-member1,revoke-irs3-1772869718,irs3,revoke-irs3-1772869718,2026-03-07T07:48:47.88276837Z,revocation,cd397fc47c2135668435f354d19bc14785553841cf4e977fecde328e8eab25e0,561,VALID,2026-03-07T07:48:47.882730592Z,VALID,,,,,,,,,,,,,,,,,,,,,,,,,,,,,,,
run_009,revocation,operation_id,,,cc_event_observed,,,irs3-member1,revoke-irs3-1772869718,irs3,revoke-irs3-1772869718,2026-03-07T07:48:47.904995395Z,revocation,cd397fc47c2135668435f354d19bc14785553841cf4e977fecde328e8eab25e0,561,,,VALID,certificate_revoked,33183,32204,979,326.3333333333333,3,23,NodeRevoked,2,2026-03-07T07:48:45.628380557Z,2026-03-07T07:48:47.882138463Z,"{""active_index"":19}",19,"{""certificate"":1805,""merkle_state"":1586}",3391,True,,10737,0,10662,,,,,,,,"x509::CN=Member1@irs3.kit.edu,OU=member+OU=admin,O=irs3.kit.edu,L=Karlsruhe,ST=Baden-Wuerttemberg,C=DE::CN=ca.irs3.kit.edu,O=irs3.kit.edu,L=Karlsruhe,ST=Baden-Wuerttemberg,C=DE",benchmark,,
run_009,revocation,operation_id,,,cc_event_observed,,,irs3-member1,revoke-irs3-1772869718,irs3,revoke-irs3-1772869718,2026-03-07T07:48:47.90515571Z,revocation,cd397fc47c2135668435f354d19bc14785553841cf4e977fecde328e8eab25e0,561,,,VALID,certificate_revoked,33183,32204,979,326.3333333333333,3,23,StorageAttribution,2,2026-03-07T07:48:45.628380557Z,2026-03-07T07:48:47.882138463Z,"{""active_index"":19}",19,"{""certificate"":1805,""merkle_state"":1586}",3391,True,,10737,0,10662,,,,,,,,"x509::CN=Member1@irs3.kit.edu,OU=member+OU=admin,O=irs3.kit.edu,L=Karlsruhe,ST=Baden-Wuerttemberg,C=DE::CN=ca.irs3.kit.edu,O=irs3.kit.edu,L=Karlsruhe,ST=Baden-Wuerttemberg,C=DE",benchmark,,
run_009,removal,operation_id,b0548733612ad507da8ed47facac0203a4706156605cb03bb821a835b26a0650,1,tx_submit_started,ProposeRemoveMember,2026-03-07T07:48:56.72733459Z,irs3-member1,remove-irs3-member1-1772869736,irs3,remove-irs3-member1-1772869736,2026-03-07T07:48:56.727359367Z,removal,,,,,,,,,,,,,,,,,,,,,,,,,,,,,,,,,,,,
run_009,removal,operation_id,b0548733612ad507da8ed47facac0203a4706156605cb03bb821a835b26a0650,1,tx_submitted,ProposeRemoveMember,2026-03-07T07:48:56.72733459Z,irs3-member1,remove-irs3-member1-1772869736,irs3,remove-irs3-member1-1772869736,2026-03-07T07:48:56.826158979Z,removal,ae17b84a1f8ed0af331a3ea3364ced4e81c19e85834be9824053a43a05f05393,,,,,,,,,,,,,,,,,,,,,,,,,,,,,,,,,,,
run_009,removal,operation_id,b0548733612ad507da8ed47facac0203a4706156605cb03bb821a835b26a0650,1,tx_committed,ProposeRemoveMember,2026-03-07T07:48:56.72733459Z,irs3-member1,remove-irs3-member1-1772869736,irs3,remove-irs3-member1-1772869736,2026-03-07T07:48:58.923985231Z,removal,ae17b84a1f8ed0af331a3ea3364ced4e81c19e85834be9824053a43a05f05393,562,VALID,2026-03-07T07:48:58.923826787Z,VALID,,,,,,,,,,,,,,,,,,,,,,,,,,,,,,,
run_009,removal,operation_id,,,cc_event_observed,,,irs3-member1,remove-irs3-member1-1772869736,irs3,remove-irs3-member1-1772869736,2026-03-07T07:48:58.944629923Z,removal,ae17b84a1f8ed0af331a3ea3364ced4e81c19e85834be9824053a43a05f05393,562,,,VALID,member_removal_proposed,8736,7765,971,971,1,23,MemberRemovalProposed,2,2026-03-07T07:48:56.727509015Z,2026-03-07T07:48:58.928177229Z,{},0,"{""proposal"":638}",638,True,"x509::CN=Member1@irs3.kit.edu,OU=member+OU=admin,O=irs3.kit.edu,L=Karlsruhe,ST=Baden-Wuerttemberg,C=DE::CN=ca.irs3.kit.edu,O=irs3.kit.edu,L=Karlsruhe,ST=Baden-Wuerttemberg,C=DE",7765,0,7689,,,,,,,,,,"x509::CN=Member1@irs3.kit.edu,OU=member+OU=admin,O=irs3.kit.edu,L=Karlsruhe,ST=Baden-Wuerttemberg,C=DE::CN=ca.irs3.kit.edu,O=irs3.kit.edu,L=Karlsruhe,ST=Baden-Wuerttemberg,C=DE",
run_009,removal,operation_id,,,cc_event_observed,,,irs3-member1,remove-irs3-member1-1772869736,irs3,remove-irs3-member1-1772869736,2026-03-07T07:48:58.944837701Z,removal,ae17b84a1f8ed0af331a3ea3364ced4e81c19e85834be9824053a43a05f05393,562,,,VALID,member_removal_proposed,8736,7765,971,971,1,23,StorageAttribution,2,2026-03-07T07:48:56.727509015Z,2026-03-07T07:48:58.928177229Z,{},0,"{""proposal"":638}",638,True,"x509::CN=Member1@irs3.kit.edu,OU=member+OU=admin,O=irs3.kit.edu,L=Karlsruhe,ST=Baden-Wuerttemberg,C=DE::CN=ca.irs3.kit.edu,O=irs3.kit.edu,L=Karlsruhe,ST=Baden-Wuerttemberg,C=DE",7765,0,7689,,,,,,,,,,"x509::CN=Member1@irs3.kit.edu,OU=member+OU=admin,O=irs3.kit.edu,L=Karlsruhe,ST=Baden-Wuerttemberg,C=DE::CN=ca.irs3.kit.edu,O=irs3.kit.edu,L=Karlsruhe,ST=Baden-Wuerttemberg,C=DE",
run_009,removal,operation_id,ea7fb3a11ed26dc5ce92e025cfd826da92a9f7112049185ff8b51384dfac222f,1,tx_submit_started,VoteOnRemoveMember,2026-03-07T07:48:59.002157743Z,irs3-member1,remove-irs3-member1-1772869736,irs3,remove-irs3-member1-1772869736,2026-03-07T07:48:59.002180076Z,removal,,,,,,,,,,,,,,,,,,,,,,,,,,,,,,,,,,,,
run_009,removal,operation_id,ea7fb3a11ed26dc5ce92e025cfd826da92a9f7112049185ff8b51384dfac222f,1,tx_submitted,VoteOnRemoveMember,2026-03-07T07:48:59.002157743Z,irs3-member1,remove-irs3-member1-1772869736,irs3,remove-irs3-member1-1772869736,2026-03-07T07:48:59.068728187Z,removal,045fccafaac4d510eb394b8ebc004fc3e9bdb0c0fa594450499813b46ef61fb2,,,,,,,,,,,,,,,,,,,,,,,,,,,,,,,,,,,
run_009,removal,operation_id,ea7fb3a11ed26dc5ce92e025cfd826da92a9f7112049185ff8b51384dfac222f,1,tx_committed,VoteOnRemoveMember,2026-03-07T07:48:59.002157743Z,irs3-member1,remove-irs3-member1-1772869736,irs3,remove-irs3-member1-1772869736,2026-03-07T07:49:01.23460618Z,removal,045fccafaac4d510eb394b8ebc004fc3e9bdb0c0fa594450499813b46ef61fb2,563,VALID,2026-03-07T07:49:01.234545365Z,VALID,,,,,,,,,,,,,,,,,,,,,,,,,,,,,,,
run_009,removal,operation_id,,,cc_event_observed,,,irs3-member1,remove-irs3-member1-1772869736,irs3,remove-irs3-member1-1772869736,2026-03-07T07:49:01.270832474Z,removal,045fccafaac4d510eb394b8ebc004fc3e9bdb0c0fa594450499813b46ef61fb2,563,,,VALID,member_removal_voted,30193,29210,983,245.75,4,23,MemberRemovalVoted,2,2026-03-07T07:48:59.002278484Z,2026-03-07T07:49:01.234737605Z,{},0,"{""proposal"":816,""vote"":292}",1108,True,,7304,0,7228,,,approve,"x509::CN=Member1@irs3.kit.edu,OU=member+OU=admin,O=irs3.kit.edu,L=Karlsruhe,ST=Baden-Wuerttemberg,C=DE::CN=ca.irs3.kit.edu,O=irs3.kit.edu,L=Karlsruhe,ST=Baden-Wuerttemberg,C=DE",0,1,,,,"x509::CN=Member1@irs3.kit.edu,OU=member+OU=admin,O=irs3.kit.edu,L=Karlsruhe,ST=Baden-Wuerttemberg,C=DE::CN=ca.irs3.kit.edu,O=irs3.kit.edu,L=Karlsruhe,ST=Baden-Wuerttemberg,C=DE",
run_009,removal,operation_id,,,cc_event_observed,,,irs3-member1,remove-irs3-member1-1772869736,irs3,remove-irs3-member1-1772869736,2026-03-07T07:49:01.271000937Z,removal,045fccafaac4d510eb394b8ebc004fc3e9bdb0c0fa594450499813b46ef61fb2,563,,,VALID,member_removal_voted,30193,29210,983,245.75,4,23,StorageAttribution,2,2026-03-07T07:48:59.002278484Z,2026-03-07T07:49:01.234737605Z,{},0,"{""proposal"":816,""vote"":292}",1108,True,,7304,0,7228,,,approve,"x509::CN=Member1@irs3.kit.edu,OU=member+OU=admin,O=irs3.kit.edu,L=Karlsruhe,ST=Baden-Wuerttemberg,C=DE::CN=ca.irs3.kit.edu,O=irs3.kit.edu,L=Karlsruhe,ST=Baden-Wuerttemberg,C=DE",0,1,,,,"x509::CN=Member1@irs3.kit.edu,OU=member+OU=admin,O=irs3.kit.edu,L=Karlsruhe,ST=Baden-Wuerttemberg,C=DE::CN=ca.irs3.kit.edu,O=irs3.kit.edu,L=Karlsruhe,ST=Baden-Wuerttemberg,C=DE",
run_009,removal,operation_id,,,cc_event_observed,,,irs3-member1,remove-irs3-member1-1772869736,irs3,remove-irs3-member1-1772869736,2026-03-07T07:49:03.609388129Z,removal,8dc77d9f8e0501d72e48adccbc22d53531fcf03eb082d196aa1ed420e7f4972d,564,,,VALID,member_removal_voted,30905,29922,983,245.75,4,23,MemberRemovalVoted,2,2026-03-07T07:49:01.338881437Z,2026-03-07T07:49:03.59832645Z,{},0,"{""proposal"":995,""vote"":292}",1287,True,,7488,0,7412,,,approve,"x509::CN=Member1@irs1.kit.edu,OU=member+OU=admin,O=irs1.kit.edu,L=Karlsruhe,ST=Baden-Wuerttemberg,C=DE::CN=ca.irs1.kit.edu,O=irs1.kit.edu,L=Karlsruhe,ST=Baden-Wuerttemberg,C=DE",0,2,,,,"x509::CN=Member1@irs3.kit.edu,OU=member+OU=admin,O=irs3.kit.edu,L=Karlsruhe,ST=Baden-Wuerttemberg,C=DE::CN=ca.irs3.kit.edu,O=irs3.kit.edu,L=Karlsruhe,ST=Baden-Wuerttemberg,C=DE",
run_009,removal,operation_id,,,cc_event_observed,,,irs3-member1,remove-irs3-member1-1772869736,irs3,remove-irs3-member1-1772869736,2026-03-07T07:49:03.609593166Z,removal,8dc77d9f8e0501d72e48adccbc22d53531fcf03eb082d196aa1ed420e7f4972d,564,,,VALID,member_removal_voted,30905,29922,983,245.75,4,23,StorageAttribution,2,2026-03-07T07:49:01.338881437Z,2026-03-07T07:49:03.59832645Z,{},0,"{""proposal"":995,""vote"":292}",1287,True,,7488,0,7412,,,approve,"x509::CN=Member1@irs1.kit.edu,OU=member+OU=admin,O=irs1.kit.edu,L=Karlsruhe,ST=Baden-Wuerttemberg,C=DE::CN=ca.irs1.kit.edu,O=irs1.kit.edu,L=Karlsruhe,ST=Baden-Wuerttemberg,C=DE",0,2,,,,"x509::CN=Member1@irs3.kit.edu,OU=member+OU=admin,O=irs3.kit.edu,L=Karlsruhe,ST=Baden-Wuerttemberg,C=DE::CN=ca.irs3.kit.edu,O=irs3.kit.edu,L=Karlsruhe,ST=Baden-Wuerttemberg,C=DE",
run_009,removal,operation_id,,,cc_event_observed,,,irs3-member1,remove-irs3-member1-1772869736,irs3,remove-irs3-member1-1772869736,2026-03-07T07:49:06.361499164Z,removal,e3c51bfd6f60009f802603a3a9c0efa0c5a8b16f6eba912d97c4dee8e710c24c,565,,,VALID,member_removed,32685,31705,980,326.6666666666667,3,24,MemberRemoved,2,2026-03-07T07:49:04.067020534Z,2026-03-07T07:49:06.348141801Z,{},0,"{""ca_state"":1172}",1172,True,,10571,0,10495,,,,,,,,,,"x509::CN=Member1@irs3.kit.edu,OU=member+OU=admin,O=irs3.kit.edu,L=Karlsruhe,ST=Baden-Wuerttemberg,C=DE::CN=ca.irs3.kit.edu,O=irs3.kit.edu,L=Karlsruhe,ST=Baden-Wuerttemberg,C=DE",
run_009,removal,operation_id,,,cc_event_observed,,,irs3-member1,remove-irs3-member1-1772869736,irs3,remove-irs3-member1-1772869736,2026-03-07T07:49:06.361716386Z,removal,e3c51bfd6f60009f802603a3a9c0efa0c5a8b16f6eba912d97c4dee8e710c24c,565,,,VALID,member_removed,32685,31705,980,326.6666666666667,3,24,StorageAttribution,2,2026-03-07T07:49:04.067020534Z,2026-03-07T07:49:06.348141801Z,{},0,"{""ca_state"":1172}",1172,True,,10571,0,10495,,,,,,,,,,"x509::CN=Member1@irs3.kit.edu,OU=member+OU=admin,O=irs3.kit.edu,L=Karlsruhe,ST=Baden-Wuerttemberg,C=DE::CN=ca.irs3.kit.edu,O=irs3.kit.edu,L=Karlsruhe,ST=Baden-Wuerttemberg,C=DE",
run_009,join,operation_id,161811b7d414012badb83233941729fa77b65c1aa54449b9856180b886a754cf,1,tx_submit_started,RequestJoinCA,2026-03-07T07:49:51.853914476Z,irs3-member1,join-irs3-1772869791,irs3,join-irs3-1772869791,2026-03-07T07:49:51.853937958Z,join,,,,,,,,,,,,,,,,,,,,,,,,,,,,,,,,,,,,
run_009,join,operation_id,161811b7d414012badb83233941729fa77b65c1aa54449b9856180b886a754cf,1,tx_submitted,RequestJoinCA,2026-03-07T07:49:51.853914476Z,irs3-member1,join-irs3-1772869791,irs3,join-irs3-1772869791,2026-03-07T07:49:51.94824409Z,join,992831a9291a0ca2ffdead4d5d38864b0aa8b4e2861eada0080cb2b38e9face7,,,,,,,,,,,,,,,,,,,,,,,,,,,,,,,,,,,
run_009,join,operation_id,161811b7d414012badb83233941729fa77b65c1aa54449b9856180b886a754cf,1,tx_committed,RequestJoinCA,2026-03-07T07:49:51.853914476Z,irs3-member1,join-irs3-1772869791,irs3,join-irs3-1772869791,2026-03-07T07:49:54.063088203Z,join,992831a9291a0ca2ffdead4d5d38864b0aa8b4e2861eada0080cb2b38e9face7,574,VALID,2026-03-07T07:49:54.063048203Z,VALID,,,,,,,,,,,,,,,,,,,,,,,,,,,,,,,
run_009,join,operation_id,,,cc_event_observed,,,irs3-member1,join-irs3-1772869791,irs3,join-irs3-1772869791,2026-03-07T07:49:54.074379493Z,join,992831a9291a0ca2ffdead4d5d38864b0aa8b4e2861eada0080cb2b38e9face7,574,,,VALID,member_join_requested,9153,8183,970,970,1,24,MemberJoinRequested,2,2026-03-07T07:49:51.85412292Z,2026-03-07T07:49:54.06296987Z,{},0,"{""proposal"":1436}",1436,True,,8183,0,8108,,,,,,,,,,,
run_009,join,operation_id,,,cc_event_observed,,,irs3-member1,join-irs3-1772869791,irs3,join-irs3-1772869791,2026-03-07T07:49:54.074583419Z,join,992831a9291a0ca2ffdead4d5d38864b0aa8b4e2861eada0080cb2b38e9face7,574,,,VALID,member_join_requested,9153,8183,970,970,1,24,StorageAttribution,2,2026-03-07T07:49:51.85412292Z,2026-03-07T07:49:54.06296987Z,{},0,"{""proposal"":1436}",1436,True,,8183,0,8108,,,,,,,,,,,
run_009,join,operation_id,,,cc_event_observed,,,irs3-member1,join-irs3-1772869791,irs3,join-irs3-1772869791,2026-03-07T07:49:57.634371335Z,join,0930acc060db3fa4cb7aa842d536d1249c34242e0ed8cfc1b3e6631e0271dfaf,575,,,VALID,member_join_voted,33111,32127,984,246,4,24,MemberJoinVoted,2,2026-03-07T07:49:55.311641196Z,2026-03-07T07:49:57.623527341Z,{},0,"{""proposal"":1614,""vote"":290}",1904,True,,8037,0,7962,,,approve,"x509::CN=Member1@irs1.kit.edu,OU=member+OU=admin,O=irs1.kit.edu,L=Karlsruhe,ST=Baden-Wuerttemberg,C=DE::CN=ca.irs1.kit.edu,O=irs1.kit.edu,L=Karlsruhe,ST=Baden-Wuerttemberg,C=DE",0,1,,,,,"x509::CN=Member1@irs3.kit.edu,OU=member+OU=admin,O=irs3.kit.edu,L=Karlsruhe,ST=Baden-Wuerttemberg,C=DE::CN=ca.irs3.kit.edu,O=irs3.kit.edu,L=Karlsruhe,ST=Baden-Wuerttemberg,C=DE"
run_009,join,operation_id,,,cc_event_observed,,,irs3-member1,join-irs3-1772869791,irs3,join-irs3-1772869791,2026-03-07T07:49:57.634774687Z,join,0930acc060db3fa4cb7aa842d536d1249c34242e0ed8cfc1b3e6631e0271dfaf,575,,,VALID,member_join_voted,33111,32127,984,246,4,24,StorageAttribution,2,2026-03-07T07:49:55.311641196Z,2026-03-07T07:49:57.623527341Z,{},0,"{""proposal"":1614,""vote"":290}",1904,True,,8037,0,7962,,,approve,"x509::CN=Member1@irs1.kit.edu,OU=member+OU=admin,O=irs1.kit.edu,L=Karlsruhe,ST=Baden-Wuerttemberg,C=DE::CN=ca.irs1.kit.edu,O=irs1.kit.edu,L=Karlsruhe,ST=Baden-Wuerttemberg,C=DE",0,1,,,,,"x509::CN=Member1@irs3.kit.edu,OU=member+OU=admin,O=irs3.kit.edu,L=Karlsruhe,ST=Baden-Wuerttemberg,C=DE::CN=ca.irs3.kit.edu,O=irs3.kit.edu,L=Karlsruhe,ST=Baden-Wuerttemberg,C=DE"
run_009,join,operation_id,,,cc_event_observed,,,irs3-member1,join-irs3-1772869791,irs3,join-irs3-1772869791,2026-03-07T07:50:00.21179619Z,join,ff0c4314bbbe3a5ad855f5744b0516e5285247fdee5887ee854908912d27a448,576,,,VALID,member_join_approved,35530,34551,979,326.3333333333333,3,25,MemberJoinApproved,2,2026-03-07T07:49:57.887615064Z,2026-03-07T07:50:00.19300296Z,{},0,"{""ca_state"":1348}",1348,True,,11519,0,11443,,,,,,,,,,,
run_009,join,operation_id,,,cc_event_observed,,,irs3-member1,join-irs3-1772869791,irs3,join-irs3-1772869791,2026-03-07T07:50:00.212122468Z,join,ff0c4314bbbe3a5ad855f5744b0516e5285247fdee5887ee854908912d27a448,576,,,VALID,member_join_approved,35530,34551,979,326.3333333333333,3,25,StorageAttribution,2,2026-03-07T07:49:57.887615064Z,2026-03-07T07:50:00.19300296Z,{},0,"{""ca_state"":1348}",1348,True,,11519,0,11443,,,,,,,,,,,
run_010,csr,operation_id,533e3a0dc9b2be10ab80352d0e951ea759253a207ca309b3c91ad9a9c4b5e215,1,tx_submit_started,SubmitCSR,2026-03-07T07:50:57.01726447Z,irs3-member1,csr-irs3-1772869857,irs3,csr-irs3-1772869857,2026-03-07T07:50:57.01729634Z,csr,,,,,,,,,,,,,,,,,,,,,,,,,,,,,,,,,,,,
run_010,csr,operation_id,533e3a0dc9b2be10ab80352d0e951ea759253a207ca309b3c91ad9a9c4b5e215,1,tx_submitted,SubmitCSR,2026-03-07T07:50:57.01726447Z,irs3-member1,csr-irs3-1772869857,irs3,csr-irs3-1772869857,2026-03-07T07:50:57.065080499Z,csr,7ab1b169c888b942d88acc08e9b9367b34714cc7d6200c9b86e8002747a3492a,,,,,,,,,,,,,,,,,,,,,,,,,,,,,,,,,,,
run_010,csr,operation_id,533e3a0dc9b2be10ab80352d0e951ea759253a207ca309b3c91ad9a9c4b5e215,1,tx_committed,SubmitCSR,2026-03-07T07:50:57.01726447Z,irs3-member1,csr-irs3-1772869857,irs3,csr-irs3-1772869857,2026-03-07T07:50:59.176431558Z,csr,7ab1b169c888b942d88acc08e9b9367b34714cc7d6200c9b86e8002747a3492a,587,VALID,2026-03-07T07:50:59.176363355Z,VALID,,,,,,,,,,,,,,,,,,,,,,,,,,,,,,,
run_010,csr,operation_id,,,cc_event_observed,,,irs3-member1,csr-irs3-1772869857,irs3,csr-irs3-1772869857,2026-03-07T07:50:59.189427533Z,csr,7ab1b169c888b942d88acc08e9b9367b34714cc7d6200c9b86e8002747a3492a,587,,,VALID,csr_submitted,8483,7512,971,971,1,25,CSRSubmitted,2,2026-03-07T07:50:57.017464785Z,2026-03-07T07:50:59.176575373Z,{},0,"{""proposal"":1713}",1713,True,"x509::CN=Member1@irs3.kit.edu,OU=member+OU=admin,O=irs3.kit.edu,L=Karlsruhe,ST=Baden-Wuerttemberg,C=DE::CN=ca.irs3.kit.edu,O=irs3.kit.edu,L=Karlsruhe,ST=Baden-Wuerttemberg,C=DE",7512,0,7437,,,,,,,,,,,
run_010,csr,operation_id,,,cc_event_observed,,,irs3-member1,csr-irs3-1772869857,irs3,csr-irs3-1772869857,2026-03-07T07:50:59.189586273Z,csr,7ab1b169c888b942d88acc08e9b9367b34714cc7d6200c9b86e8002747a3492a,587,,,VALID,csr_submitted,8483,7512,971,971,1,25,StorageAttribution,2,2026-03-07T07:50:57.017464785Z,2026-03-07T07:50:59.176575373Z,{},0,"{""proposal"":1713}",1713,True,"x509::CN=Member1@irs3.kit.edu,OU=member+OU=admin,O=irs3.kit.edu,L=Karlsruhe,ST=Baden-Wuerttemberg,C=DE::CN=ca.irs3.kit.edu,O=irs3.kit.edu,L=Karlsruhe,ST=Baden-Wuerttemberg,C=DE",7512,0,7437,,,,,,,,,,,
run_010,csr,operation_id,,,cc_event_observed,,,irs3-member1,csr-irs3-1772869857,irs3,csr-irs3-1772869857,2026-03-07T07:51:01.463837464Z,csr,5ffd0cbd6348bf3dbbca49051090b8a59f1f8e2abdd96a7096bd441081b576f5,588,,,VALID,csr_voted,24309,23329,980,326.6666666666667,3,25,CSRVoted,2,2026-03-07T07:50:59.237498653Z,2026-03-07T07:51:01.452758767Z,{},0,"{""proposal"":1891,""vote"":290}",2181,True,"x509::CN=Member1@irs3.kit.edu,OU=member+OU=admin,O=irs3.kit.edu,L=Karlsruhe,ST=Baden-Wuerttemberg,C=DE::CN=ca.irs3.kit.edu,O=irs3.kit.edu,L=Karlsruhe,ST=Baden-Wuerttemberg,C=DE",7775,0,7700,,,approve,"x509::CN=Member1@irs5.kit.edu,OU=member+OU=admin,O=irs5.kit.edu,L=Karlsruhe,ST=Baden-Wuerttemberg,C=DE::CN=ca.irs5.kit.edu,O=irs5.kit.edu,L=Karlsruhe,ST=Baden-Wuerttemberg,C=DE",0,1,,,,,
run_010,csr,operation_id,,,cc_event_observed,,,irs3-member1,csr-irs3-1772869857,irs3,csr-irs3-1772869857,2026-03-07T07:51:01.464048131Z,csr,5ffd0cbd6348bf3dbbca49051090b8a59f1f8e2abdd96a7096bd441081b576f5,588,,,VALID,csr_voted,24309,23329,980,326.6666666666667,3,25,StorageAttribution,2,2026-03-07T07:50:59.237498653Z,2026-03-07T07:51:01.452758767Z,{},0,"{""proposal"":1891,""vote"":290}",2181,True,"x509::CN=Member1@irs3.kit.edu,OU=member+OU=admin,O=irs3.kit.edu,L=Karlsruhe,ST=Baden-Wuerttemberg,C=DE::CN=ca.irs3.kit.edu,O=irs3.kit.edu,L=Karlsruhe,ST=Baden-Wuerttemberg,C=DE",7775,0,7700,,,approve,"x509::CN=Member1@irs5.kit.edu,OU=member+OU=admin,O=irs5.kit.edu,L=Karlsruhe,ST=Baden-Wuerttemberg,C=DE::CN=ca.irs5.kit.edu,O=irs5.kit.edu,L=Karlsruhe,ST=Baden-Wuerttemberg,C=DE",0,1,,,,,
run_010,csr,operation_id,c0ca2d4ed84136518f4af65060f024f1d87bbc1cd4ea8e2b65b8e01eb4ddb2b2,1,tx_submit_started,VoteOnCSR,2026-03-07T07:51:01.929117982Z,irs3-member1,csr-irs3-1772869857,irs3,csr-irs3-1772869857,2026-03-07T07:51:01.929137315Z,csr,,,,,,,,,,,,,,,,,,,,,,,,,,,,,,,,,,,,
run_010,csr,operation_id,c0ca2d4ed84136518f4af65060f024f1d87bbc1cd4ea8e2b65b8e01eb4ddb2b2,1,tx_submitted,VoteOnCSR,2026-03-07T07:51:01.929117982Z,irs3-member1,csr-irs3-1772869857,irs3,csr-irs3-1772869857,2026-03-07T07:51:01.976056363Z,csr,4371f6ebb5f8cee4c89dcbb475871db3911b48dd70507c2604c14fc0ecfd8670,,,,,,,,,,,,,,,,,,,,,,,,,,,,,,,,,,,
run_010,csr,operation_id,c0ca2d4ed84136518f4af65060f024f1d87bbc1cd4ea8e2b65b8e01eb4ddb2b2,1,tx_failed,VoteOnCSR,,irs3-member1,csr-irs3-1772869857,irs3,csr-irs3-1772869857,2026-03-07T07:51:03.536017268Z,csr,4371f6ebb5f8cee4c89dcbb475871db3911b48dd70507c2604c14fc0ecfd8670,589,,,MVCC_READ_CONFLICT,,,,,,,,,,,,,,,,,,,,,transaction 4371f6ebb5f8cee4c89dcbb475871db3911b48dd70507c2604c14fc0ecfd8670 failed with status MVCC_READ_CONFLICT (11) in block 589,validation,,,,,,,,,
run_010,csr,operation_id,,,cc_event_observed,,,irs3-member1,csr-irs3-1772869857,irs3,csr-irs3-1772869857,2026-03-07T07:51:03.571470359Z,csr,a8acb34751deb471fa909532a5c0554680dec717e9e832bafae28963297f1e0e,589,,,VALID,csr_voted,32639,31655,984,246,4,25,CSRVoted,2,2026-03-07T07:51:01.635965238Z,2026-03-07T07:51:03.537661749Z,{},0,"{""proposal"":2070,""vote"":290}",2360,True,"x509::CN=Member1@irs3.kit.edu,OU=member+OU=admin,O=irs3.kit.edu,L=Karlsruhe,ST=Baden-Wuerttemberg,C=DE::CN=ca.irs3.kit.edu,O=irs3.kit.edu,L=Karlsruhe,ST=Baden-Wuerttemberg,C=DE",7956,1,7881,,,approve,"x509::CN=Member1@irs4.kit.edu,OU=member+OU=admin,O=irs4.kit.edu,L=Karlsruhe,ST=Baden-Wuerttemberg,C=DE::CN=ca.irs4.kit.edu,O=irs4.kit.edu,L=Karlsruhe,ST=Baden-Wuerttemberg,C=DE",0,2,,,,,
run_010,csr,operation_id,,,cc_event_observed,,,irs3-member1,csr-irs3-1772869857,irs3,csr-irs3-1772869857,2026-03-07T07:51:03.571679118Z,csr,a8acb34751deb471fa909532a5c0554680dec717e9e832bafae28963297f1e0e,589,,,VALID,csr_voted,32639,31655,984,246,4,25,StorageAttribution,2,2026-03-07T07:51:01.635965238Z,2026-03-07T07:51:03.537661749Z,{},0,"{""proposal"":2070,""vote"":290}",2360,True,"x509::CN=Member1@irs3.kit.edu,OU=member+OU=admin,O=irs3.kit.edu,L=Karlsruhe,ST=Baden-Wuerttemberg,C=DE::CN=ca.irs3.kit.edu,O=irs3.kit.edu,L=Karlsruhe,ST=Baden-Wuerttemberg,C=DE",7956,1,7881,,,approve,"x509::CN=Member1@irs4.kit.edu,OU=member+OU=admin,O=irs4.kit.edu,L=Karlsruhe,ST=Baden-Wuerttemberg,C=DE::CN=ca.irs4.kit.edu,O=irs4.kit.edu,L=Karlsruhe,ST=Baden-Wuerttemberg,C=DE",0,2,,,,,
run_010,csr,operation_id,c0ca2d4ed84136518f4af65060f024f1d87bbc1cd4ea8e2b65b8e01eb4ddb2b2,2,tx_submit_started,VoteOnCSR,2026-03-07T07:51:03.744303726Z,irs3-member1,csr-irs3-1772869857,irs3,csr-irs3-1772869857,2026-03-07T07:51:03.744342114Z,csr,,,,,,,,,,,,,,,,,,,,,,,,,,,,,,,,,,,,
run_010,csr,operation_id,c0ca2d4ed84136518f4af65060f024f1d87bbc1cd4ea8e2b65b8e01eb4ddb2b2,2,tx_submitted,VoteOnCSR,2026-03-07T07:51:03.744303726Z,irs3-member1,csr-irs3-1772869857,irs3,csr-irs3-1772869857,2026-03-07T07:51:03.815663056Z,csr,c55dbc08fc06103755a59ea2a02663ecc69a05a41b8891658f95a01750ba84a4,,,,,,,,,,,,,,,,,,,,,,,,,,,,,,,,,,,
run_010,csr,operation_id,c0ca2d4ed84136518f4af65060f024f1d87bbc1cd4ea8e2b65b8e01eb4ddb2b2,2,tx_committed,VoteOnCSR,2026-03-07T07:51:03.744303726Z,irs3-member1,csr-irs3-1772869857,irs3,csr-irs3-1772869857,2026-03-07T07:51:05.965930594Z,csr,c55dbc08fc06103755a59ea2a02663ecc69a05a41b8891658f95a01750ba84a4,590,VALID,2026-03-07T07:51:05.965850427Z,VALID,,,,,,,,,,,,,,,,,,,,,,,,,,,,,,,
run_010,csr,operation_id,,,cc_event_observed,,,irs3-member1,csr-irs3-1772869857,irs3,csr-irs3-1772869857,2026-03-07T07:51:05.976123329Z,csr,c55dbc08fc06103755a59ea2a02663ecc69a05a41b8891658f95a01750ba84a4,590,,,VALID,signing_initiated,24560,23581,979,326.3333333333333,3,,SigningInitiated,2,2026-03-07T07:51:03.744752077Z,2026-03-07T07:51:05.965890261Z,,,,,True,,7861,0,7785,,,,,,,,,,,
run_010,csr,operation_id,,,cc_event_observed,,,irs3-member1,csr-irs3-1772869857,irs3,csr-irs3-1772869857,2026-03-07T07:51:08.63397325Z,csr,c867681bf02af5ee3af91d8c89f7873aaae7d9d3ed7be252eb2c1642e702777e,591,,,VALID,signing_initiated,17062,16087,975,487.5,2,,SigningInitiated,2,2026-03-07T07:51:06.416376298Z,2026-03-07T07:51:08.623571533Z,,,,,True,,8046,0,7970,,,,,,,,,,,
run_010,csr,operation_id,01dd4ee5b91f2ed9502e08b9c7e788b45b13862b5b668068d9a5f688417f1eb7,1,tx_submit_started,SubmitPartialSignature,2026-03-07T07:51:12.215502487Z,irs3-member1,csr-irs3-1772869857,irs3,csr-irs3-1772869857,2026-03-07T07:51:12.215525635Z,csr,,,,,,,,,,,,,,,,,,,,,,,,,,,,,,,,,,,,
run_010,csr,operation_id,01dd4ee5b91f2ed9502e08b9c7e788b45b13862b5b668068d9a5f688417f1eb7,1,tx_submitted,SubmitPartialSignature,2026-03-07T07:51:12.215502487Z,irs3-member1,csr-irs3-1772869857,irs3,csr-irs3-1772869857,2026-03-07T07:51:12.287678891Z,csr,5bd7fdcde88c7752a8aa51da742aa2c412ac10e512be59ec6721875f529075d6,,,,,,,,,,,,,,,,,,,,,,,,,,,,,,,,,,,
run_010,csr,operation_id,01dd4ee5b91f2ed9502e08b9c7e788b45b13862b5b668068d9a5f688417f1eb7,1,tx_failed,SubmitPartialSignature,,irs3-member1,csr-irs3-1772869857,irs3,csr-irs3-1772869857,2026-03-07T07:51:13.256285553Z,csr,5bd7fdcde88c7752a8aa51da742aa2c412ac10e512be59ec6721875f529075d6,592,,,MVCC_READ_CONFLICT,,,,,,,,,,,,,,,,,,,,,transaction 5bd7fdcde88c7752a8aa51da742aa2c412ac10e512be59ec6721875f529075d6 failed with status MVCC_READ_CONFLICT (11) in block 592,validation,,,,,,,,,
run_010,csr,operation_id,,,cc_event_observed,,,irs3-member1,csr-irs3-1772869857,irs3,csr-irs3-1772869857,2026-03-07T07:51:13.294919031Z,csr,72aefd2fc4c4d3c2bf6740c1741715bb401252589cf9f19a38dabe475ece4855,592,,,VALID,signing_initiated,37040,36048,992,165.33333333333334,6,,SigningInitiated,2,2026-03-07T07:51:10.989269732Z,2026-03-07T07:51:13.255238202Z,,,,,True,,8214,0,8138,,,,,,,,,,,
run_010,csr,operation_id,01dd4ee5b91f2ed9502e08b9c7e788b45b13862b5b668068d9a5f688417f1eb7,2,tx_submit_started,SubmitPartialSignature,2026-03-07T07:51:13.485335795Z,irs3-member1,csr-irs3-1772869857,irs3,csr-irs3-1772869857,2026-03-07T07:51:13.485413147Z,csr,,,,,,,,,,,,,,,,,,,,,,,,,,,,,,,,,,,,
run_010,csr,operation_id,01dd4ee5b91f2ed9502e08b9c7e788b45b13862b5b668068d9a5f688417f1eb7,2,tx_submitted,SubmitPartialSignature,2026-03-07T07:51:13.485335795Z,irs3-member1,csr-irs3-1772869857,irs3,csr-irs3-1772869857,2026-03-07T07:51:13.54088932Z,csr,ef8df2f12ccaca998061ebcacf6c24153b35f1abb0154d9873d7ad3c8920160f,,,,,,,,,,,,,,,,,,,,,,,,,,,,,,,,,,,
run_010,csr,operation_id,01dd4ee5b91f2ed9502e08b9c7e788b45b13862b5b668068d9a5f688417f1eb7,2,tx_failed,SubmitPartialSignature,,irs3-member1,csr-irs3-1772869857,irs3,csr-irs3-1772869857,2026-03-07T07:51:15.680439456Z,csr,ef8df2f12ccaca998061ebcacf6c24153b35f1abb0154d9873d7ad3c8920160f,593,,,MVCC_READ_CONFLICT,,,,,,,,,,,,,,,,,,,,,transaction ef8df2f12ccaca998061ebcacf6c24153b35f1abb0154d9873d7ad3c8920160f failed with status MVCC_READ_CONFLICT (11) in block 593,validation,,,,,,,,,
run_010,csr,operation_id,01dd4ee5b91f2ed9502e08b9c7e788b45b13862b5b668068d9a5f688417f1eb7,3,tx_submit_started,SubmitPartialSignature,2026-03-07T07:51:16.097900926Z,irs3-member1,csr-irs3-1772869857,irs3,csr-irs3-1772869857,2026-03-07T07:51:16.097974667Z,csr,,,,,,,,,,,,,,,,,,,,,,,,,,,,,,,,,,,,
run_010,csr,operation_id,01dd4ee5b91f2ed9502e08b9c7e788b45b13862b5b668068d9a5f688417f1eb7,3,tx_submitted,SubmitPartialSignature,2026-03-07T07:51:16.097900926Z,irs3-member1,csr-irs3-1772869857,irs3,csr-irs3-1772869857,2026-03-07T07:51:16.146093399Z,csr,4daffdc957e3d8bbffd15cae5f01477890f35519be9e02a198d7bb659cd52c9e,,,,,,,,,,,,,,,,,,,,,,,,,,,,,,,,,,,
run_010,csr,operation_id,01dd4ee5b91f2ed9502e08b9c7e788b45b13862b5b668068d9a5f688417f1eb7,3,tx_failed,SubmitPartialSignature,,irs3-member1,csr-irs3-1772869857,irs3,csr-irs3-1772869857,2026-03-07T07:51:18.269428323Z,csr,4daffdc957e3d8bbffd15cae5f01477890f35519be9e02a198d7bb659cd52c9e,594,,,MVCC_READ_CONFLICT,,,,,,,,,,,,,,,,,,,,,transaction 4daffdc957e3d8bbffd15cae5f01477890f35519be9e02a198d7bb659cd52c9e failed with status MVCC_READ_CONFLICT (11) in block 594,validation,,,,,,,,,
run_010,csr,operation_id,,,cc_event_observed,,,irs3-member1,csr-irs3-1772869857,irs3,csr-irs3-1772869857,2026-03-07T07:51:18.279005632Z,csr,a7e67fe2efe3cb6fa42f2dd26a63297376088c14a1f050ccd4e1b9c921f9d073,594,,,VALID,threshold_reached,26326,25343,983,245.75,4,,ThresholdReached,2,2026-03-07T07:51:16.07381398Z,2026-03-07T07:51:18.269326823Z,,,,,True,,6337,0,6262,,,,,,,,,,,
run_010,csr,operation_id,01dd4ee5b91f2ed9502e08b9c7e788b45b13862b5b668068d9a5f688417f1eb7,4,tx_submit_started,SubmitPartialSignature,2026-03-07T07:51:19.307251538Z,irs3-member1,csr-irs3-1772869857,irs3,csr-irs3-1772869857,2026-03-07T07:51:19.307318668Z,csr,,,,,,,,,,,,,,,,,,,,,,,,,,,,,,,,,,,,
run_010,csr,operation_id,01dd4ee5b91f2ed9502e08b9c7e788b45b13862b5b668068d9a5f688417f1eb7,4,tx_failed,SubmitPartialSignature,,irs3-member1,csr-irs3-1772869857,irs3,csr-irs3-1772869857,2026-03-07T07:51:19.351298884Z,csr,653f3129ee1cb0a6d78493e1b23ebf30a1ce2326e08125264b3489261971a8b3,,,,,,,,,,,,,,,,,,,,,,,,,"endorse error: rpc error: code = Aborted desc = failed to endorse transaction, see attached details for more info
Details:
  - Address: peer0.irs3.kit.edu:7051
    MspId: IRS3MSP
    Message: chaincode response 500, signing session is not active
  - Address: peer1.irs3.kit.edu:8051
    MspId: IRS3MSP
    Message: chaincode response 500, signing session is not active
  - Address: peer3.irs3.kit.edu:10051
    MspId: IRS3MSP
    Message: chaincode response 500, signing session is not active
  - Address: peer2.irs3.kit.edu:9051
    MspId: IRS3MSP
    Message: chaincode response 500, signing session is not active",endorse,,,,,,,,,
run_010,csr,operation_id,,,cc_event_observed,,,irs3-member1,csr-irs3-1772869857,irs3,csr-irs3-1772869857,2026-03-07T07:51:22.568798047Z,csr,ebc3366ab5947bf13e16ffdfd50511b491deb968fcb3043358ecb4198d1f03ed,595,,,VALID,certificate_registered,26729,25754,975,487.5,2,25,CertificateRegistered,2,2026-03-07T07:51:20.322557677Z,2026-03-07T07:51:22.556270703Z,{},0,"{""active_index"":19,""certificate"":1775,""merkle_state"":1516,""proposal"":2609}",5919,True,,12875,0,12800,,,,,,,dff491b7ad2ab94f67d16bea707f363b1479095e4c2f1dcdffee2400e1fcb6a6,"x509::CN=Member1@irs3.kit.edu,OU=member+OU=admin,O=irs3.kit.edu,L=Karlsruhe,ST=Baden-Wuerttemberg,C=DE::CN=ca.irs3.kit.edu,O=irs3.kit.edu,L=Karlsruhe,ST=Baden-Wuerttemberg,C=DE",,,
run_010,csr,operation_id,,,cc_event_observed,,,irs3-member1,csr-irs3-1772869857,irs3,csr-irs3-1772869857,2026-03-07T07:51:22.569093529Z,csr,ebc3366ab5947bf13e16ffdfd50511b491deb968fcb3043358ecb4198d1f03ed,595,,,VALID,certificate_registered,26729,25754,975,487.5,2,25,StorageAttribution,2,2026-03-07T07:51:20.322557677Z,2026-03-07T07:51:22.556270703Z,{},0,"{""active_index"":19,""certificate"":1775,""merkle_state"":1516,""proposal"":2609}",5919,True,,12875,0,12800,,,,,,,dff491b7ad2ab94f67d16bea707f363b1479095e4c2f1dcdffee2400e1fcb6a6,"x509::CN=Member1@irs3.kit.edu,OU=member+OU=admin,O=irs3.kit.edu,L=Karlsruhe,ST=Baden-Wuerttemberg,C=DE::CN=ca.irs3.kit.edu,O=irs3.kit.edu,L=Karlsruhe,ST=Baden-Wuerttemberg,C=DE",,,
run_010,revocation,operation_id,06a516fb1d1f0ec9246de43e5d499ff55036106d18dcd4a477cca8a6e65804f6,1,tx_submit_started,ProposeRevocation,2026-03-07T07:51:34.699810558Z,irs3-member1,revoke-irs3-1772869894,irs3,revoke-irs3-1772869894,2026-03-07T07:51:34.699856373Z,revocation,,,,,,,,,,,,,,,,,,,,,,,,,,,,,,,,,,,,
run_010,revocation,operation_id,06a516fb1d1f0ec9246de43e5d499ff55036106d18dcd4a477cca8a6e65804f6,1,tx_submitted,ProposeRevocation,2026-03-07T07:51:34.699810558Z,irs3-member1,revoke-irs3-1772869894,irs3,revoke-irs3-1772869894,2026-03-07T07:51:34.746193902Z,revocation,8034f82710b0e628a7cf0b0396c50fd20f554367664f3013d640ef83a84d2162,,,,,,,,,,,,,,,,,,,,,,,,,,,,,,,,,,,
run_010,revocation,operation_id,06a516fb1d1f0ec9246de43e5d499ff55036106d18dcd4a477cca8a6e65804f6,1,tx_committed,ProposeRevocation,2026-03-07T07:51:34.699810558Z,irs3-member1,revoke-irs3-1772869894,irs3,revoke-irs3-1772869894,2026-03-07T07:51:36.871243788Z,revocation,8034f82710b0e628a7cf0b0396c50fd20f554367664f3013d640ef83a84d2162,597,VALID,2026-03-07T07:51:36.871182862Z,VALID,,,,,,,,,,,,,,,,,,,,,,,,,,,,,,,
run_010,revocation,operation_id,,,cc_event_observed,,,irs3-member1,revoke-irs3-1772869894,irs3,revoke-irs3-1772869894,2026-03-07T07:51:36.889345259Z,revocation,8034f82710b0e628a7cf0b0396c50fd20f554367664f3013d640ef83a84d2162,597,,,VALID,revocation_proposed,7127,6156,971,971,1,25,RevocationProposed,2,2026-03-07T07:51:34.700051113Z,2026-03-07T07:51:36.880763116Z,{},0,"{""proposal"":607}",607,True,,6156,0,6081,,,,,,,,"x509::CN=Member1@irs3.kit.edu,OU=member+OU=admin,O=irs3.kit.edu,L=Karlsruhe,ST=Baden-Wuerttemberg,C=DE::CN=ca.irs3.kit.edu,O=irs3.kit.edu,L=Karlsruhe,ST=Baden-Wuerttemberg,C=DE",benchmark,,
run_010,revocation,operation_id,,,cc_event_observed,,,irs3-member1,revoke-irs3-1772869894,irs3,revoke-irs3-1772869894,2026-03-07T07:51:36.889540537Z,revocation,8034f82710b0e628a7cf0b0396c50fd20f554367664f3013d640ef83a84d2162,597,,,VALID,revocation_proposed,7127,6156,971,971,1,25,StorageAttribution,2,2026-03-07T07:51:34.700051113Z,2026-03-07T07:51:36.880763116Z,{},0,"{""proposal"":607}",607,True,,6156,0,6081,,,,,,,,"x509::CN=Member1@irs3.kit.edu,OU=member+OU=admin,O=irs3.kit.edu,L=Karlsruhe,ST=Baden-Wuerttemberg,C=DE::CN=ca.irs3.kit.edu,O=irs3.kit.edu,L=Karlsruhe,ST=Baden-Wuerttemberg,C=DE",benchmark,,
run_010,revocation,operation_id,75c8229ee33c0c045e1bb4fbe1184316b1211f9278f69e9b7deab24701878c0f,1,tx_submit_started,VoteOnRevocation,2026-03-07T07:51:38.058787901Z,irs3-member1,revoke-irs3-1772869894,irs3,revoke-irs3-1772869894,2026-03-07T07:51:38.058839605Z,revocation,,,,,,,,,,,,,,,,,,,,,,,,,,,,,,,,,,,,
run_010,revocation,operation_id,75c8229ee33c0c045e1bb4fbe1184316b1211f9278f69e9b7deab24701878c0f,1,tx_submitted,VoteOnRevocation,2026-03-07T07:51:38.058787901Z,irs3-member1,revoke-irs3-1772869894,irs3,revoke-irs3-1772869894,2026-03-07T07:51:38.117878313Z,revocation,7a213590d13662f4fe81e54cd627290bd798ec5a62bbbc97b754719acc6ef329,,,,,,,,,,,,,,,,,,,,,,,,,,,,,,,,,,,
run_010,revocation,operation_id,75c8229ee33c0c045e1bb4fbe1184316b1211f9278f69e9b7deab24701878c0f,1,tx_failed,VoteOnRevocation,,irs3-member1,revoke-irs3-1772869894,irs3,revoke-irs3-1772869894,2026-03-07T07:51:39.670448259Z,revocation,7a213590d13662f4fe81e54cd627290bd798ec5a62bbbc97b754719acc6ef329,598,,,MVCC_READ_CONFLICT,,,,,,,,,,,,,,,,,,,,,transaction 7a213590d13662f4fe81e54cd627290bd798ec5a62bbbc97b754719acc6ef329 failed with status MVCC_READ_CONFLICT (11) in block 598,validation,,,,,,,,,
run_010,revocation,operation_id,,,cc_event_observed,,,irs3-member1,revoke-irs3-1772869894,irs3,revoke-irs3-1772869894,2026-03-07T07:51:39.683685529Z,revocation,efffe2c5a3b333759fdbfe5ac5239ffe37b6046ede4cf9bae845e97247fb257f,598,,,VALID,revocation_voted,34558,33571,987,197.4,5,25,RevocationVoted,2,2026-03-07T07:51:37.419149911Z,2026-03-07T07:51:39.67095924Z,{},0,"{""proposal"":785,""vote"":292}",1077,True,,6718,0,6643,,,approve,"x509::CN=Member1@irs1.kit.edu,OU=member+OU=admin,O=irs1.kit.edu,L=Karlsruhe,ST=Baden-Wuerttemberg,C=DE::CN=ca.irs1.kit.edu,O=irs1.kit.edu,L=Karlsruhe,ST=Baden-Wuerttemberg,C=DE",0,1,,"x509::CN=Member1@irs3.kit.edu,OU=member+OU=admin,O=irs3.kit.edu,L=Karlsruhe,ST=Baden-Wuerttemberg,C=DE::CN=ca.irs3.kit.edu,O=irs3.kit.edu,L=Karlsruhe,ST=Baden-Wuerttemberg,C=DE",,,
run_010,revocation,operation_id,,,cc_event_observed,,,irs3-member1,revoke-irs3-1772869894,irs3,revoke-irs3-1772869894,2026-03-07T07:51:39.683867492Z,revocation,efffe2c5a3b333759fdbfe5ac5239ffe37b6046ede4cf9bae845e97247fb257f,598,,,VALID,revocation_voted,34558,33571,987,197.4,5,25,StorageAttribution,2,2026-03-07T07:51:37.419149911Z,2026-03-07T07:51:39.67095924Z,{},0,"{""proposal"":785,""vote"":292}",1077,True,,6718,0,6643,,,approve,"x509::CN=Member1@irs1.kit.edu,OU=member+OU=admin,O=irs1.kit.edu,L=Karlsruhe,ST=Baden-Wuerttemberg,C=DE::CN=ca.irs1.kit.edu,O=irs1.kit.edu,L=Karlsruhe,ST=Baden-Wuerttemberg,C=DE",0,1,,"x509::CN=Member1@irs3.kit.edu,OU=member+OU=admin,O=irs3.kit.edu,L=Karlsruhe,ST=Baden-Wuerttemberg,C=DE::CN=ca.irs3.kit.edu,O=irs3.kit.edu,L=Karlsruhe,ST=Baden-Wuerttemberg,C=DE",,,
run_010,revocation,operation_id,75c8229ee33c0c045e1bb4fbe1184316b1211f9278f69e9b7deab24701878c0f,2,tx_submit_started,VoteOnRevocation,2026-03-07T07:51:39.913109142Z,irs3-member1,revoke-irs3-1772869894,irs3,revoke-irs3-1772869894,2026-03-07T07:51:39.913296697Z,revocation,,,,,,,,,,,,,,,,,,,,,,,,,,,,,,,,,,,,
run_010,revocation,operation_id,75c8229ee33c0c045e1bb4fbe1184316b1211f9278f69e9b7deab24701878c0f,2,tx_submitted,VoteOnRevocation,2026-03-07T07:51:39.913109142Z,irs3-member1,revoke-irs3-1772869894,irs3,revoke-irs3-1772869894,2026-03-07T07:51:39.956093006Z,revocation,d8227195d76bc0c94658d9aca915813f835e02818bfea334ddd83ad1e53545a5,,,,,,,,,,,,,,,,,,,,,,,,,,,,,,,,,,,
run_010,revocation,operation_id,75c8229ee33c0c045e1bb4fbe1184316b1211f9278f69e9b7deab24701878c0f,2,tx_failed,VoteOnRevocation,,irs3-member1,revoke-irs3-1772869894,irs3,revoke-irs3-1772869894,2026-03-07T07:51:42.061073903Z,revocation,d8227195d76bc0c94658d9aca915813f835e02818bfea334ddd83ad1e53545a5,599,,,MVCC_READ_CONFLICT,,,,,,,,,,,,,,,,,,,,,transaction d8227195d76bc0c94658d9aca915813f835e02818bfea334ddd83ad1e53545a5 failed with status MVCC_READ_CONFLICT (11) in block 599,validation,,,,,,,,,
run_010,revocation,operation_id,,,cc_event_observed,,,irs3-member1,revoke-irs3-1772869894,irs3,revoke-irs3-1772869894,2026-03-07T07:51:42.073813785Z,revocation,15b38222f8482eee45cb73c0cb5cde153c1680896e73ab30a2e572360feb46cb,599,,,VALID,revocation_voted,28569,27586,983,245.75,4,25,RevocationVoted,2,2026-03-07T07:51:39.839730864Z,2026-03-07T07:51:42.060061644Z,{},0,"{""proposal"":964,""vote"":292}",1256,True,,6894,0,6818,,,approve,"x509::CN=Member1@irs2.kit.edu,OU=member+OU=admin,O=irs2.kit.edu,L=Karlsruhe,ST=Baden-Wuerttemberg,C=DE::CN=ca.irs2.kit.edu,O=irs2.kit.edu,L=Karlsruhe,ST=Baden-Wuerttemberg,C=DE",0,2,,"x509::CN=Member1@irs3.kit.edu,OU=member+OU=admin,O=irs3.kit.edu,L=Karlsruhe,ST=Baden-Wuerttemberg,C=DE::CN=ca.irs3.kit.edu,O=irs3.kit.edu,L=Karlsruhe,ST=Baden-Wuerttemberg,C=DE",,,
run_010,revocation,operation_id,,,cc_event_observed,,,irs3-member1,revoke-irs3-1772869894,irs3,revoke-irs3-1772869894,2026-03-07T07:51:42.074043711Z,revocation,15b38222f8482eee45cb73c0cb5cde153c1680896e73ab30a2e572360feb46cb,599,,,VALID,revocation_voted,28569,27586,983,245.75,4,25,StorageAttribution,2,2026-03-07T07:51:39.839730864Z,2026-03-07T07:51:42.060061644Z,{},0,"{""proposal"":964,""vote"":292}",1256,True,,6894,0,6818,,,approve,"x509::CN=Member1@irs2.kit.edu,OU=member+OU=admin,O=irs2.kit.edu,L=Karlsruhe,ST=Baden-Wuerttemberg,C=DE::CN=ca.irs2.kit.edu,O=irs2.kit.edu,L=Karlsruhe,ST=Baden-Wuerttemberg,C=DE",0,2,,"x509::CN=Member1@irs3.kit.edu,OU=member+OU=admin,O=irs3.kit.edu,L=Karlsruhe,ST=Baden-Wuerttemberg,C=DE::CN=ca.irs3.kit.edu,O=irs3.kit.edu,L=Karlsruhe,ST=Baden-Wuerttemberg,C=DE",,,
run_010,revocation,operation_id,75c8229ee33c0c045e1bb4fbe1184316b1211f9278f69e9b7deab24701878c0f,3,tx_submit_started,VoteOnRevocation,2026-03-07T07:51:42.658364606Z,irs3-member1,revoke-irs3-1772869894,irs3,revoke-irs3-1772869894,2026-03-07T07:51:42.658649624Z,revocation,,,,,,,,,,,,,,,,,,,,,,,,,,,,,,,,,,,,
run_010,revocation,operation_id,75c8229ee33c0c045e1bb4fbe1184316b1211f9278f69e9b7deab24701878c0f,3,tx_submitted,VoteOnRevocation,2026-03-07T07:51:42.658364606Z,irs3-member1,revoke-irs3-1772869894,irs3,revoke-irs3-1772869894,2026-03-07T07:51:42.735740118Z,revocation,ba4217440ca9b6ec00f1cbccb9a65e99de962ebf5b122958383d81e324c2396c,,,,,,,,,,,,,,,,,,,,,,,,,,,,,,,,,,,
run_010,revocation,operation_id,75c8229ee33c0c045e1bb4fbe1184316b1211f9278f69e9b7deab24701878c0f,3,tx_failed,VoteOnRevocation,,irs3-member1,revoke-irs3-1772869894,irs3,revoke-irs3-1772869894,2026-03-07T07:51:44.915386029Z,revocation,ba4217440ca9b6ec00f1cbccb9a65e99de962ebf5b122958383d81e324c2396c,600,,,MVCC_READ_CONFLICT,,,,,,,,,,,,,,,,,,,,,transaction ba4217440ca9b6ec00f1cbccb9a65e99de962ebf5b122958383d81e324c2396c failed with status MVCC_READ_CONFLICT (11) in block 600,validation,,,,,,,,,
run_010,revocation,operation_id,,,cc_event_observed,,,irs3-member1,revoke-irs3-1772869894,irs3,revoke-irs3-1772869894,2026-03-07T07:51:44.930373057Z,revocation,94f08449f1a97b09c34826ccc710e3ca4af18c916149ce90c3eea3bd3c4fc080,600,,,VALID,certificate_revoked,33166,32186,980,326.6666666666667,3,25,NodeRevoked,2,2026-03-07T07:51:42.627879137Z,2026-03-07T07:51:44.915999547Z,"{""active_index"":19}",19,"{""certificate"":1803,""merkle_state"":1586}",3389,True,,10731,0,10655,,,,,,,,"x509::CN=Member1@irs3.kit.edu,OU=member+OU=admin,O=irs3.kit.edu,L=Karlsruhe,ST=Baden-Wuerttemberg,C=DE::CN=ca.irs3.kit.edu,O=irs3.kit.edu,L=Karlsruhe,ST=Baden-Wuerttemberg,C=DE",benchmark,,
run_010,revocation,operation_id,,,cc_event_observed,,,irs3-member1,revoke-irs3-1772869894,irs3,revoke-irs3-1772869894,2026-03-07T07:51:44.93056215Z,revocation,94f08449f1a97b09c34826ccc710e3ca4af18c916149ce90c3eea3bd3c4fc080,600,,,VALID,certificate_revoked,33166,32186,980,326.6666666666667,3,25,StorageAttribution,2,2026-03-07T07:51:42.627879137Z,2026-03-07T07:51:44.915999547Z,"{""active_index"":19}",19,"{""certificate"":1803,""merkle_state"":1586}",3389,True,,10731,0,10655,,,,,,,,"x509::CN=Member1@irs3.kit.edu,OU=member+OU=admin,O=irs3.kit.edu,L=Karlsruhe,ST=Baden-Wuerttemberg,C=DE::CN=ca.irs3.kit.edu,O=irs3.kit.edu,L=Karlsruhe,ST=Baden-Wuerttemberg,C=DE",benchmark,,
run_010,revocation,operation_id,75c8229ee33c0c045e1bb4fbe1184316b1211f9278f69e9b7deab24701878c0f,4,tx_submit_started,VoteOnRevocation,2026-03-07T07:51:45.799852645Z,irs3-member1,revoke-irs3-1772869894,irs3,revoke-irs3-1772869894,2026-03-07T07:51:45.799897701Z,revocation,,,,,,,,,,,,,,,,,,,,,,,,,,,,,,,,,,,,
run_010,revocation,operation_id,75c8229ee33c0c045e1bb4fbe1184316b1211f9278f69e9b7deab24701878c0f,4,tx_failed,VoteOnRevocation,,irs3-member1,revoke-irs3-1772869894,irs3,revoke-irs3-1772869894,2026-03-07T07:51:45.870133087Z,revocation,a2ab1354a64530e40375880d4c31b06f7ba0b40207b21b0e41779183effb58d8,,,,,,,,,,,,,,,,,,,,,,,,,"endorse error: rpc error: code = Aborted desc = failed to endorse transaction, see attached details for more info
Details:
  - Address: peer0.irs3.kit.edu:7051
    MspId: IRS3MSP
    Message: chaincode response 500, no active certificate for member
  - Address: peer1.irs3.kit.edu:8051
    MspId: IRS3MSP
    Message: chaincode response 500, no active certificate for member
  - Address: peer3.irs3.kit.edu:10051
    MspId: IRS3MSP
    Message: chaincode response 500, no active certificate for member
  - Address: peer2.irs3.kit.edu:9051
    MspId: IRS3MSP
    Message: chaincode response 500, no active certificate for member",endorse,,,,,,,,,
run_010,removal,operation_id,52ddfaf6769c18b2cfd4ff7ca688ea4a955f3ceba16697fc6621531d35f12c66,1,tx_submit_started,ProposeRemoveMember,2026-03-07T07:51:53.410995369Z,irs3-member1,remove-irs3-member1-1772869913,irs3,remove-irs3-member1-1772869913,2026-03-07T07:51:53.411024406Z,removal,,,,,,,,,,,,,,,,,,,,,,,,,,,,,,,,,,,,
run_010,removal,operation_id,52ddfaf6769c18b2cfd4ff7ca688ea4a955f3ceba16697fc6621531d35f12c66,1,tx_submitted,ProposeRemoveMember,2026-03-07T07:51:53.410995369Z,irs3-member1,remove-irs3-member1-1772869913,irs3,remove-irs3-member1-1772869913,2026-03-07T07:51:53.492799323Z,removal,56148e52986e2cd2c30ed3ca0d4b2437a42c346844e0dc54a69a9d7c4168cbbc,,,,,,,,,,,,,,,,,,,,,,,,,,,,,,,,,,,
run_010,removal,operation_id,52ddfaf6769c18b2cfd4ff7ca688ea4a955f3ceba16697fc6621531d35f12c66,1,tx_committed,ProposeRemoveMember,2026-03-07T07:51:53.410995369Z,irs3-member1,remove-irs3-member1-1772869913,irs3,remove-irs3-member1-1772869913,2026-03-07T07:51:55.603027643Z,removal,56148e52986e2cd2c30ed3ca0d4b2437a42c346844e0dc54a69a9d7c4168cbbc,601,VALID,2026-03-07T07:51:55.602971995Z,VALID,,,,,,,,,,,,,,,,,,,,,,,,,,,,,,,
run_010,removal,operation_id,,,cc_event_observed,,,irs3-member1,remove-irs3-member1-1772869913,irs3,remove-irs3-member1-1772869913,2026-03-07T07:51:55.617740375Z,removal,56148e52986e2cd2c30ed3ca0d4b2437a42c346844e0dc54a69a9d7c4168cbbc,601,,,VALID,member_removal_proposed,8882,7911,971,971,1,25,MemberRemovalProposed,2,2026-03-07T07:51:53.411206295Z,2026-03-07T07:51:55.603070532Z,{},0,"{""proposal"":638}",638,True,"x509::CN=Member1@irs3.kit.edu,OU=member+OU=admin,O=irs3.kit.edu,L=Karlsruhe,ST=Baden-Wuerttemberg,C=DE::CN=ca.irs3.kit.edu,O=irs3.kit.edu,L=Karlsruhe,ST=Baden-Wuerttemberg,C=DE",7911,0,7835,,,,,,,,,,"x509::CN=Member1@irs3.kit.edu,OU=member+OU=admin,O=irs3.kit.edu,L=Karlsruhe,ST=Baden-Wuerttemberg,C=DE::CN=ca.irs3.kit.edu,O=irs3.kit.edu,L=Karlsruhe,ST=Baden-Wuerttemberg,C=DE",
run_010,removal,operation_id,,,cc_event_observed,,,irs3-member1,remove-irs3-member1-1772869913,irs3,remove-irs3-member1-1772869913,2026-03-07T07:51:55.617933412Z,removal,56148e52986e2cd2c30ed3ca0d4b2437a42c346844e0dc54a69a9d7c4168cbbc,601,,,VALID,member_removal_proposed,8882,7911,971,971,1,25,StorageAttribution,2,2026-03-07T07:51:53.411206295Z,2026-03-07T07:51:55.603070532Z,{},0,"{""proposal"":638}",638,True,"x509::CN=Member1@irs3.kit.edu,OU=member+OU=admin,O=irs3.kit.edu,L=Karlsruhe,ST=Baden-Wuerttemberg,C=DE::CN=ca.irs3.kit.edu,O=irs3.kit.edu,L=Karlsruhe,ST=Baden-Wuerttemberg,C=DE",7911,0,7835,,,,,,,,,,"x509::CN=Member1@irs3.kit.edu,OU=member+OU=admin,O=irs3.kit.edu,L=Karlsruhe,ST=Baden-Wuerttemberg,C=DE::CN=ca.irs3.kit.edu,O=irs3.kit.edu,L=Karlsruhe,ST=Baden-Wuerttemberg,C=DE",
run_010,removal,operation_id,67e1089e504ed600fdaef0730c9b3be00778e8b7130127d7a49698b259050779,1,tx_submit_started,VoteOnRemoveMember,2026-03-07T07:51:55.950423967Z,irs3-member1,remove-irs3-member1-1772869913,irs3,remove-irs3-member1-1772869913,2026-03-07T07:51:55.950449319Z,removal,,,,,,,,,,,,,,,,,,,,,,,,,,,,,,,,,,,,
run_010,removal,operation_id,67e1089e504ed600fdaef0730c9b3be00778e8b7130127d7a49698b259050779,1,tx_submitted,VoteOnRemoveMember,2026-03-07T07:51:55.950423967Z,irs3-member1,remove-irs3-member1-1772869913,irs3,remove-irs3-member1-1772869913,2026-03-07T07:51:56.021120965Z,removal,45c9fb347906b9375a05ce6206999d2c80a476ed37cad472e8c678f2cf186896,,,,,,,,,,,,,,,,,,,,,,,,,,,,,,,,,,,
run_010,removal,operation_id,67e1089e504ed600fdaef0730c9b3be00778e8b7130127d7a49698b259050779,1,tx_committed,VoteOnRemoveMember,2026-03-07T07:51:55.950423967Z,irs3-member1,remove-irs3-member1-1772869913,irs3,remove-irs3-member1-1772869913,2026-03-07T07:51:58.180121312Z,removal,45c9fb347906b9375a05ce6206999d2c80a476ed37cad472e8c678f2cf186896,602,VALID,2026-03-07T07:51:58.180066516Z,VALID,,,,,,,,,,,,,,,,,,,,,,,,,,,,,,,
run_010,removal,operation_id,,,cc_event_observed,,,irs3-member1,remove-irs3-member1-1772869913,irs3,remove-irs3-member1-1772869913,2026-03-07T07:51:58.196512322Z,removal,45c9fb347906b9375a05ce6206999d2c80a476ed37cad472e8c678f2cf186896,602,,,VALID,member_removal_voted,30343,29359,984,246,4,25,MemberRemovalVoted,2,2026-03-07T07:51:55.950653226Z,2026-03-07T07:51:58.181880626Z,{},0,"{""proposal"":816,""vote"":292}",1108,True,,7342,0,7267,,,approve,"x509::CN=Member1@irs3.kit.edu,OU=member+OU=admin,O=irs3.kit.edu,L=Karlsruhe,ST=Baden-Wuerttemberg,C=DE::CN=ca.irs3.kit.edu,O=irs3.kit.edu,L=Karlsruhe,ST=Baden-Wuerttemberg,C=DE",0,1,,,,"x509::CN=Member1@irs3.kit.edu,OU=member+OU=admin,O=irs3.kit.edu,L=Karlsruhe,ST=Baden-Wuerttemberg,C=DE::CN=ca.irs3.kit.edu,O=irs3.kit.edu,L=Karlsruhe,ST=Baden-Wuerttemberg,C=DE",
run_010,removal,operation_id,,,cc_event_observed,,,irs3-member1,remove-irs3-member1-1772869913,irs3,remove-irs3-member1-1772869913,2026-03-07T07:51:58.196736322Z,removal,45c9fb347906b9375a05ce6206999d2c80a476ed37cad472e8c678f2cf186896,602,,,VALID,member_removal_voted,30343,29359,984,246,4,25,StorageAttribution,2,2026-03-07T07:51:55.950653226Z,2026-03-07T07:51:58.181880626Z,{},0,"{""proposal"":816,""vote"":292}",1108,True,,7342,0,7267,,,approve,"x509::CN=Member1@irs3.kit.edu,OU=member+OU=admin,O=irs3.kit.edu,L=Karlsruhe,ST=Baden-Wuerttemberg,C=DE::CN=ca.irs3.kit.edu,O=irs3.kit.edu,L=Karlsruhe,ST=Baden-Wuerttemberg,C=DE",0,1,,,,"x509::CN=Member1@irs3.kit.edu,OU=member+OU=admin,O=irs3.kit.edu,L=Karlsruhe,ST=Baden-Wuerttemberg,C=DE::CN=ca.irs3.kit.edu,O=irs3.kit.edu,L=Karlsruhe,ST=Baden-Wuerttemberg,C=DE",
run_010,removal,operation_id,,,cc_event_observed,,,irs3-member1,remove-irs3-member1-1772869913,irs3,remove-irs3-member1-1772869913,2026-03-07T07:52:00.576624768Z,removal,b7bbc22b27fc55e56625de61ddc1f9259d844bf4f784055bbbad3b0bf147fdd1,603,,,VALID,member_removal_voted,31070,30087,983,245.75,4,25,MemberRemovalVoted,2,2026-03-07T07:51:58.329945011Z,2026-03-07T07:52:00.562179406Z,{},0,"{""proposal"":995,""vote"":292}",1287,True,,7520,0,7444,,,approve,"x509::CN=Member1@irs1.kit.edu,OU=member+OU=admin,O=irs1.kit.edu,L=Karlsruhe,ST=Baden-Wuerttemberg,C=DE::CN=ca.irs1.kit.edu,O=irs1.kit.edu,L=Karlsruhe,ST=Baden-Wuerttemberg,C=DE",0,2,,,,"x509::CN=Member1@irs3.kit.edu,OU=member+OU=admin,O=irs3.kit.edu,L=Karlsruhe,ST=Baden-Wuerttemberg,C=DE::CN=ca.irs3.kit.edu,O=irs3.kit.edu,L=Karlsruhe,ST=Baden-Wuerttemberg,C=DE",
run_010,removal,operation_id,,,cc_event_observed,,,irs3-member1,remove-irs3-member1-1772869913,irs3,remove-irs3-member1-1772869913,2026-03-07T07:52:00.576815138Z,removal,b7bbc22b27fc55e56625de61ddc1f9259d844bf4f784055bbbad3b0bf147fdd1,603,,,VALID,member_removal_voted,31070,30087,983,245.75,4,25,StorageAttribution,2,2026-03-07T07:51:58.329945011Z,2026-03-07T07:52:00.562179406Z,{},0,"{""proposal"":995,""vote"":292}",1287,True,,7520,0,7444,,,approve,"x509::CN=Member1@irs1.kit.edu,OU=member+OU=admin,O=irs1.kit.edu,L=Karlsruhe,ST=Baden-Wuerttemberg,C=DE::CN=ca.irs1.kit.edu,O=irs1.kit.edu,L=Karlsruhe,ST=Baden-Wuerttemberg,C=DE",0,2,,,,"x509::CN=Member1@irs3.kit.edu,OU=member+OU=admin,O=irs3.kit.edu,L=Karlsruhe,ST=Baden-Wuerttemberg,C=DE::CN=ca.irs3.kit.edu,O=irs3.kit.edu,L=Karlsruhe,ST=Baden-Wuerttemberg,C=DE",
run_010,removal,operation_id,,,cc_event_observed,,,irs3-member1,remove-irs3-member1-1772869913,irs3,remove-irs3-member1-1772869913,2026-03-07T07:52:03.401119299Z,removal,5cda8502589fc3bde19f001f4d762a2499901912bf0a2c59381d4965982d7abd,604,,,VALID,member_removed,32790,31810,980,326.6666666666667,3,26,MemberRemoved,2,2026-03-07T07:52:01.061646537Z,2026-03-07T07:52:03.368315077Z,{},0,"{""ca_state"":1172}",1172,True,,10603,0,10528,,,,,,,,,,"x509::CN=Member1@irs3.kit.edu,OU=member+OU=admin,O=irs3.kit.edu,L=Karlsruhe,ST=Baden-Wuerttemberg,C=DE::CN=ca.irs3.kit.edu,O=irs3.kit.edu,L=Karlsruhe,ST=Baden-Wuerttemberg,C=DE",
run_010,removal,operation_id,,,cc_event_observed,,,irs3-member1,remove-irs3-member1-1772869913,irs3,remove-irs3-member1-1772869913,2026-03-07T07:52:03.401294892Z,removal,5cda8502589fc3bde19f001f4d762a2499901912bf0a2c59381d4965982d7abd,604,,,VALID,member_removed,32790,31810,980,326.6666666666667,3,26,StorageAttribution,2,2026-03-07T07:52:01.061646537Z,2026-03-07T07:52:03.368315077Z,{},0,"{""ca_state"":1172}",1172,True,,10603,0,10528,,,,,,,,,,"x509::CN=Member1@irs3.kit.edu,OU=member+OU=admin,O=irs3.kit.edu,L=Karlsruhe,ST=Baden-Wuerttemberg,C=DE::CN=ca.irs3.kit.edu,O=irs3.kit.edu,L=Karlsruhe,ST=Baden-Wuerttemberg,C=DE",
run_010,join,operation_id,8cf066e068e10dc145b433d2ed10a4fde1d895c8445e137725d676f700a6a0d2,1,tx_submit_started,RequestJoinCA,2026-03-07T07:52:50.563359251Z,irs3-member1,join-irs3-1772869970,irs3,join-irs3-1772869970,2026-03-07T07:52:50.563386511Z,join,,,,,,,,,,,,,,,,,,,,,,,,,,,,,,,,,,,,
run_010,join,operation_id,8cf066e068e10dc145b433d2ed10a4fde1d895c8445e137725d676f700a6a0d2,1,tx_submitted,RequestJoinCA,2026-03-07T07:52:50.563359251Z,irs3-member1,join-irs3-1772869970,irs3,join-irs3-1772869970,2026-03-07T07:52:50.654798459Z,join,6529626ee0b543c8d8ee5f6aba2270596d4eebcfcf3c52e8994948f0fde4fbd3,,,,,,,,,,,,,,,,,,,,,,,,,,,,,,,,,,,
run_010,join,operation_id,8cf066e068e10dc145b433d2ed10a4fde1d895c8445e137725d676f700a6a0d2,1,tx_committed,RequestJoinCA,2026-03-07T07:52:50.563359251Z,irs3-member1,join-irs3-1772869970,irs3,join-irs3-1772869970,2026-03-07T07:52:52.756280988Z,join,6529626ee0b543c8d8ee5f6aba2270596d4eebcfcf3c52e8994948f0fde4fbd3,613,VALID,2026-03-07T07:52:52.756235691Z,VALID,,,,,,,,,,,,,,,,,,,,,,,,,,,,,,,
run_010,join,operation_id,,,cc_event_observed,,,irs3-member1,join-irs3-1772869970,irs3,join-irs3-1772869970,2026-03-07T07:52:52.767098222Z,join,6529626ee0b543c8d8ee5f6aba2270596d4eebcfcf3c52e8994948f0fde4fbd3,613,,,VALID,member_join_requested,9302,8332,970,970,1,26,MemberJoinRequested,2,2026-03-07T07:52:50.563583547Z,2026-03-07T07:52:52.756249321Z,{},0,"{""proposal"":1438}",1438,True,,8332,0,8257,,,,,,,,,,,
run_010,join,operation_id,,,cc_event_observed,,,irs3-member1,join-irs3-1772869970,irs3,join-irs3-1772869970,2026-03-07T07:52:52.767281593Z,join,6529626ee0b543c8d8ee5f6aba2270596d4eebcfcf3c52e8994948f0fde4fbd3,613,,,VALID,member_join_requested,9302,8332,970,970,1,26,StorageAttribution,2,2026-03-07T07:52:50.563583547Z,2026-03-07T07:52:52.756249321Z,{},0,"{""proposal"":1438}",1438,True,,8332,0,8257,,,,,,,,,,,
run_010,join,operation_id,,,cc_event_observed,,,irs3-member1,join-irs3-1772869970,irs3,join-irs3-1772869970,2026-03-07T07:52:55.575659429Z,join,a2317e15b56e967fe91750167a69002b0f80ac9881da05ed4058bf48982e3861,614,,,VALID,member_join_voted,25191,24212,979,326.3333333333333,3,26,MemberJoinVoted,2,2026-03-07T07:52:53.273053471Z,2026-03-07T07:52:55.564616769Z,{},0,"{""proposal"":1616,""vote"":290}",1906,True,,8075,0,7999,,,approve,"x509::CN=Member1@irs5.kit.edu,OU=member+OU=admin,O=irs5.kit.edu,L=Karlsruhe,ST=Baden-Wuerttemberg,C=DE::CN=ca.irs5.kit.edu,O=irs5.kit.edu,L=Karlsruhe,ST=Baden-Wuerttemberg,C=DE",0,1,,,,,"x509::CN=Member1@irs3.kit.edu,OU=member+OU=admin,O=irs3.kit.edu,L=Karlsruhe,ST=Baden-Wuerttemberg,C=DE::CN=ca.irs3.kit.edu,O=irs3.kit.edu,L=Karlsruhe,ST=Baden-Wuerttemberg,C=DE"
run_010,join,operation_id,,,cc_event_observed,,,irs3-member1,join-irs3-1772869970,irs3,join-irs3-1772869970,2026-03-07T07:52:55.575863614Z,join,a2317e15b56e967fe91750167a69002b0f80ac9881da05ed4058bf48982e3861,614,,,VALID,member_join_voted,25191,24212,979,326.3333333333333,3,26,StorageAttribution,2,2026-03-07T07:52:53.273053471Z,2026-03-07T07:52:55.564616769Z,{},0,"{""proposal"":1616,""vote"":290}",1906,True,,8075,0,7999,,,approve,"x509::CN=Member1@irs5.kit.edu,OU=member+OU=admin,O=irs5.kit.edu,L=Karlsruhe,ST=Baden-Wuerttemberg,C=DE::CN=ca.irs5.kit.edu,O=irs5.kit.edu,L=Karlsruhe,ST=Baden-Wuerttemberg,C=DE",0,1,,,,,"x509::CN=Member1@irs3.kit.edu,OU=member+OU=admin,O=irs3.kit.edu,L=Karlsruhe,ST=Baden-Wuerttemberg,C=DE::CN=ca.irs3.kit.edu,O=irs3.kit.edu,L=Karlsruhe,ST=Baden-Wuerttemberg,C=DE"
run_010,join,operation_id,,,cc_event_observed,,,irs3-member1,join-irs3-1772869970,irs3,join-irs3-1772869970,2026-03-07T07:52:57.581628344Z,join,dcd34b933f10a139e36cdd75c5aa738d4b8fb7639b1baa0546afab7ea8498042,615,,,VALID,member_join_approved,32163,31184,979,326.3333333333333,3,27,MemberJoinApproved,2,2026-03-07T07:52:55.750478021Z,2026-03-07T07:52:57.56899711Z,{},0,"{""ca_state"":1348}",1348,True,,11553,1,11477,,,,,,,,,,,
run_010,join,operation_id,,,cc_event_observed,,,irs3-member1,join-irs3-1772869970,irs3,join-irs3-1772869970,2026-03-07T07:52:57.581876696Z,join,dcd34b933f10a139e36cdd75c5aa738d4b8fb7639b1baa0546afab7ea8498042,615,,,VALID,member_join_approved,32163,31184,979,326.3333333333333,3,27,StorageAttribution,2,2026-03-07T07:52:55.750478021Z,2026-03-07T07:52:57.56899711Z,{},0,"{""ca_state"":1348}",1348,True,,11553,1,11477,,,,,,,,,,,
