ts,operation,phase,cpu_total_pct,mem_used_pct,rx_bytes,tx_bytes,rx_bytes_interval,tx_bytes_interval,rx_bytes_delta,tx_bytes_delta,control_rx_bytes_interval,control_tx_bytes_interval,control_rx_bytes_delta,control_tx_bytes_delta,rx_bytes_interval_adjusted,tx_bytes_interval_adjusted,rx_bytes_delta_adjusted,tx_bytes_delta_adjusted,control_sampling_ok,control_sampling_note,tss_cpu_pct,tss_mem_pct,peer_cpu_pct,peer_mem_pct,orderer_cpu_pct,orderer_mem_pct,tss_pid_count,peer_pid_count,orderer_pid_count,phase_derived,phase_start_ts,phase_end_ts,phase_elapsed_s,marker_prev,marker_prev_ts,marker_prev_elapsed_s,marker_next,marker_next_ts,marker_next_elapsed_s,proposal_id_derived,workflow_derived,entity_id_derived,epoch_derived,timeline_markers
2026-03-08T14:57:05.680081Z,join_1772981825,join_submit,100.00,30.49,2041987774,4481182863,0,0,0,0,0,0,0,0,0,0,0,0,1,ok:3,0.00,1.70,0.00,11.49,0.00,1.30,4,4,1,reshare_keygen_start,2026-03-07T13:25:31.674023016Z,2026-03-08T14:57:07.699720706Z,91894.006,reshare_keygen_start,2026-03-07T13:25:31.674023016Z,91894.006,join_submit,2026-03-08T14:57:07.699720706Z,2.020,join-irs3-1772981825,join,join-irs3-1772981825,18,"[[""reshare_complete"", ""2026-02-28T13:26:09.415977462Z""], [""reshare_ack"", ""2026-03-07T13:25:27.785477453Z""], [""reshare_keygen_start"", ""2026-03-07T13:25:31.674023016Z""], [""join_submit"", ""2026-03-08T14:57:07.699720706Z""], [""join_observed"", ""2026-03-08T14:57:07.719822382Z""]]"
2026-03-08T14:57:06.782141Z,join_1772981825,join_submit,16.00,30.44,2042032089,4481229833,44315,46970,44315,46970,0,0,0,0,44315,46970,44315,46970,1,ok:3,0.00,1.70,15.06,11.45,0.00,1.30,4,4,1,reshare_keygen_start,2026-03-07T13:25:31.674023016Z,2026-03-08T14:57:07.699720706Z,91895.108,reshare_keygen_start,2026-03-07T13:25:31.674023016Z,91895.108,join_submit,2026-03-08T14:57:07.699720706Z,0.918,join-irs3-1772981825,join,join-irs3-1772981825,18,"[[""reshare_complete"", ""2026-02-28T13:26:09.415977462Z""], [""reshare_ack"", ""2026-03-07T13:25:27.785477453Z""], [""reshare_keygen_start"", ""2026-03-07T13:25:31.674023016Z""], [""join_submit"", ""2026-03-08T14:57:07.699720706Z""], [""join_observed"", ""2026-03-08T14:57:07.719822382Z""]]"
2026-03-08T14:57:07.888315Z,join_1772981825,join_wait_vote,31.69,30.46,2042106107,4481457367,74018,227534,118333,274504,0,0,0,0,74018,227534,118333,274504,1,ok:1,1.64,1.70,22.54,11.45,0.70,1.30,4,4,1,post,2026-03-08T14:57:07.719822382Z,,0.168,join_observed,2026-03-08T14:57:07.719822382Z,0.168,,,,join-irs3-1772981825,join,join-irs3-1772981825,18,"[[""reshare_complete"", ""2026-02-28T13:26:09.415977462Z""], [""reshare_ack"", ""2026-03-07T13:25:27.785477453Z""], [""reshare_keygen_start"", ""2026-03-07T13:25:31.674023016Z""], [""join_submit"", ""2026-03-08T14:57:07.699720706Z""], [""join_observed"", ""2026-03-08T14:57:07.719822382Z""]]"
2026-03-08T14:57:08.988806Z,join_1772981825,join_wait_vote,27.02,30.47,2042214063,4481549051,107956,91684,226289,366188,0,0,0,0,107956,91684,226289,366188,1,ok:1,0.00,1.70,18.94,11.45,0.69,1.30,4,4,1,post,2026-03-08T14:57:07.719822382Z,,1.269,join_observed,2026-03-08T14:57:07.719822382Z,1.269,,,,join-irs3-1772981825,join,join-irs3-1772981825,18,"[[""reshare_complete"", ""2026-02-28T13:26:09.415977462Z""], [""reshare_ack"", ""2026-03-07T13:25:27.785477453Z""], [""reshare_keygen_start"", ""2026-03-07T13:25:31.674023016Z""], [""join_submit"", ""2026-03-08T14:57:07.699720706Z""], [""join_observed"", ""2026-03-08T14:57:07.719822382Z""]]"
2026-03-08T14:57:10.127930Z,join_1772981825,join_wait_vote,26.98,30.48,2042304611,4482258044,90548,708993,316837,1075181,0,0,0,0,90548,708993,316837,1075181,1,ok:1,0.23,1.70,23.49,11.45,3.02,1.30,4,4,1,post,2026-03-08T14:57:07.719822382Z,,2.408,join_observed,2026-03-08T14:57:07.719822382Z,2.408,,,,join-irs3-1772981825,join,join-irs3-1772981825,18,"[[""reshare_complete"", ""2026-02-28T13:26:09.415977462Z""], [""reshare_ack"", ""2026-03-07T13:25:27.785477453Z""], [""reshare_keygen_start"", ""2026-03-07T13:25:31.674023016Z""], [""join_submit"", ""2026-03-08T14:57:07.699720706Z""], [""join_observed"", ""2026-03-08T14:57:07.719822382Z""]]"
2026-03-08T14:57:11.228130Z,join_1772981825,join_wait_vote,46.38,30.51,2042459677,4482448728,155066,190684,471903,1265865,0,0,0,0,155066,190684,471903,1265865,1,ok:1,0.23,1.69,23.53,11.46,0.90,1.30,4,4,1,post,2026-03-08T14:57:07.719822382Z,,3.508,join_observed,2026-03-08T14:57:07.719822382Z,3.508,,,,join-irs3-1772981825,join,join-irs3-1772981825,18,"[[""reshare_complete"", ""2026-02-28T13:26:09.415977462Z""], [""reshare_ack"", ""2026-03-07T13:25:27.785477453Z""], [""reshare_keygen_start"", ""2026-03-07T13:25:31.674023016Z""], [""join_submit"", ""2026-03-08T14:57:07.699720706Z""], [""join_observed"", ""2026-03-08T14:57:07.719822382Z""]]"
2026-03-08T14:57:12.331053Z,join_1772981825,join_wait_vote,34.11,30.49,2042579761,4482540476,120084,91748,591987,1357613,0,0,0,0,120084,91748,591987,1357613,1,ok:1,0.70,1.69,26.64,11.37,0.47,1.30,4,4,1,post,2026-03-08T14:57:07.719822382Z,,4.611,join_observed,2026-03-08T14:57:07.719822382Z,4.611,,,,join-irs3-1772981825,join,join-irs3-1772981825,18,"[[""reshare_complete"", ""2026-02-28T13:26:09.415977462Z""], [""reshare_ack"", ""2026-03-07T13:25:27.785477453Z""], [""reshare_keygen_start"", ""2026-03-07T13:25:31.674023016Z""], [""join_submit"", ""2026-03-08T14:57:07.699720706Z""], [""join_observed"", ""2026-03-08T14:57:07.719822382Z""]]"
2026-03-08T14:57:13.432199Z,join_1772981825,join_wait_vote,48.47,30.49,2042779771,4483933075,200010,1392599,791997,2750212,0,0,0,0,200010,1392599,791997,2750212,1,ok:1,0.71,1.69,35.06,11.39,4.47,1.31,4,4,1,post,2026-03-08T14:57:07.719822382Z,,5.712,join_observed,2026-03-08T14:57:07.719822382Z,5.712,,,,join-irs3-1772981825,join,join-irs3-1772981825,18,"[[""reshare_complete"", ""2026-02-28T13:26:09.415977462Z""], [""reshare_ack"", ""2026-03-07T13:25:27.785477453Z""], [""reshare_keygen_start"", ""2026-03-07T13:25:31.674023016Z""], [""join_submit"", ""2026-03-08T14:57:07.699720706Z""], [""join_observed"", ""2026-03-08T14:57:07.719822382Z""]]"
2026-03-08T14:57:14.540673Z,join_1772981825,join_wait_vote,42.36,30.44,2042891701,4485466845,111930,1533770,903927,4283982,0,0,0,0,111930,1533770,903927,4283982,1,ok:1,1.16,1.69,28.01,11.30,4.40,1.31,4,4,1,post,2026-03-08T14:57:07.719822382Z,,6.821,join_observed,2026-03-08T14:57:07.719822382Z,6.821,,,,join-irs3-1772981825,join,join-irs3-1772981825,18,"[[""reshare_complete"", ""2026-02-28T13:26:09.415977462Z""], [""reshare_ack"", ""2026-03-07T13:25:27.785477453Z""], [""reshare_keygen_start"", ""2026-03-07T13:25:31.674023016Z""], [""join_submit"", ""2026-03-08T14:57:07.699720706Z""], [""join_observed"", ""2026-03-08T14:57:07.719822382Z""]]"
2026-03-08T14:57:15.652314Z,join_1772981825,join_wait_vote,46.82,30.45,2043091127,4487067859,199426,1601014,1103353,5884996,0,0,0,0,199426,1601014,1103353,5884996,1,ok:1,0.94,1.69,32.71,11.30,4.00,1.31,4,4,1,post,2026-03-08T14:57:07.719822382Z,,7.932,join_observed,2026-03-08T14:57:07.719822382Z,7.932,,,,join-irs3-1772981825,join,join-irs3-1772981825,18,"[[""reshare_complete"", ""2026-02-28T13:26:09.415977462Z""], [""reshare_ack"", ""2026-03-07T13:25:27.785477453Z""], [""reshare_keygen_start"", ""2026-03-07T13:25:31.674023016Z""], [""join_submit"", ""2026-03-08T14:57:07.699720706Z""], [""join_observed"", ""2026-03-08T14:57:07.719822382Z""]]"
2026-03-08T14:57:16.756597Z,join_1772981825,join_wait_vote,38.48,30.45,2043284088,4487174237,192961,106378,1296314,5991374,0,0,0,0,192961,106378,1296314,5991374,1,ok:1,0.69,1.69,25.81,11.30,0.92,1.31,4,4,1,post,2026-03-08T14:57:07.719822382Z,,9.037,join_observed,2026-03-08T14:57:07.719822382Z,9.037,,,,join-irs3-1772981825,join,join-irs3-1772981825,18,"[[""reshare_complete"", ""2026-02-28T13:26:09.415977462Z""], [""reshare_ack"", ""2026-03-07T13:25:27.785477453Z""], [""reshare_keygen_start"", ""2026-03-07T13:25:31.674023016Z""], [""join_submit"", ""2026-03-08T14:57:07.699720706Z""], [""join_observed"", ""2026-03-08T14:57:07.719822382Z""]]"
2026-03-08T14:57:17.873664Z,join_1772981825,join_wait_vote,50.93,30.46,2043461238,4488796622,177150,1622385,1473464,7613759,0,0,0,0,177150,1622385,1473464,7613759,1,ok:1,1.16,1.69,36.51,11.30,3.49,1.31,4,4,1,post,2026-03-08T14:57:07.719822382Z,,10.154,join_observed,2026-03-08T14:57:07.719822382Z,10.154,,,,join-irs3-1772981825,join,join-irs3-1772981825,18,"[[""reshare_complete"", ""2026-02-28T13:26:09.415977462Z""], [""reshare_ack"", ""2026-03-07T13:25:27.785477453Z""], [""reshare_keygen_start"", ""2026-03-07T13:25:31.674023016Z""], [""join_submit"", ""2026-03-08T14:57:07.699720706Z""], [""join_observed"", ""2026-03-08T14:57:07.719822382Z""]]"
2026-03-08T14:57:18.982767Z,join_1772981825,join_wait_vote,53.79,30.47,2043707710,4490473493,246472,1676871,1719936,9290630,0,0,0,0,246472,1676871,1719936,9290630,1,ok:1,1.61,1.70,35.40,11.33,4.83,1.31,4,4,1,post,2026-03-08T14:57:07.719822382Z,,11.263,join_observed,2026-03-08T14:57:07.719822382Z,11.263,,,,join-irs3-1772981825,join,join-irs3-1772981825,18,"[[""reshare_complete"", ""2026-02-28T13:26:09.415977462Z""], [""reshare_ack"", ""2026-03-07T13:25:27.785477453Z""], [""reshare_keygen_start"", ""2026-03-07T13:25:31.674023016Z""], [""join_submit"", ""2026-03-08T14:57:07.699720706Z""], [""join_observed"", ""2026-03-08T14:57:07.719822382Z""]]"
2026-03-08T14:57:20.086762Z,join_1772981825,join_wait_vote,25.52,30.46,2043834561,4490550346,126851,76853,1846787,9367483,0,0,0,0,126851,76853,1846787,9367483,1,ok:1,0.23,1.70,16.09,11.33,0.92,1.31,4,4,1,post,2026-03-08T14:57:07.719822382Z,,12.367,join_observed,2026-03-08T14:57:07.719822382Z,12.367,,,,join-irs3-1772981825,join,join-irs3-1772981825,18,"[[""reshare_complete"", ""2026-02-28T13:26:09.415977462Z""], [""reshare_ack"", ""2026-03-07T13:25:27.785477453Z""], [""reshare_keygen_start"", ""2026-03-07T13:25:31.674023016Z""], [""join_submit"", ""2026-03-08T14:57:07.699720706Z""], [""join_observed"", ""2026-03-08T14:57:07.719822382Z""]]"
2026-03-08T14:57:21.188693Z,join_1772981825,join_wait_vote,40.77,30.47,2043949529,4492064676,114968,1514330,1961755,10881813,0,0,0,0,114968,1514330,1961755,10881813,1,ok:1,0.46,1.70,30.07,11.33,2.96,1.31,4,4,1,post,2026-03-08T14:57:07.719822382Z,,13.469,join_observed,2026-03-08T14:57:07.719822382Z,13.469,,,,join-irs3-1772981825,join,join-irs3-1772981825,18,"[[""reshare_complete"", ""2026-02-28T13:26:09.415977462Z""], [""reshare_ack"", ""2026-03-07T13:25:27.785477453Z""], [""reshare_keygen_start"", ""2026-03-07T13:25:31.674023016Z""], [""join_submit"", ""2026-03-08T14:57:07.699720706Z""], [""join_observed"", ""2026-03-08T14:57:07.719822382Z""]]"
2026-03-08T14:57:22.288771Z,join_1772981825,join_wait_vote,36.47,30.46,2044108838,4492183386,159309,118710,2121064,11000523,0,0,0,0,159309,118710,2121064,11000523,1,ok:1,0.72,1.70,27.05,11.33,1.45,1.31,4,4,1,post,2026-03-08T14:57:07.719822382Z,,14.569,join_observed,2026-03-08T14:57:07.719822382Z,14.569,,,,join-irs3-1772981825,join,join-irs3-1772981825,18,"[[""reshare_complete"", ""2026-02-28T13:26:09.415977462Z""], [""reshare_ack"", ""2026-03-07T13:25:27.785477453Z""], [""reshare_keygen_start"", ""2026-03-07T13:25:31.674023016Z""], [""join_submit"", ""2026-03-08T14:57:07.699720706Z""], [""join_observed"", ""2026-03-08T14:57:07.719822382Z""]]"
2026-03-08T14:57:23.388189Z,join_1772981825,join_wait_vote,24.88,30.46,2044228354,4492269469,119516,86083,2240580,11086606,0,0,0,0,119516,86083,2240580,11086606,1,ok:1,0.47,1.70,19.91,11.33,0.47,1.31,4,4,1,post,2026-03-08T14:57:07.719822382Z,,15.668,join_observed,2026-03-08T14:57:07.719822382Z,15.668,,,,join-irs3-1772981825,join,join-irs3-1772981825,18,"[[""reshare_complete"", ""2026-02-28T13:26:09.415977462Z""], [""reshare_ack"", ""2026-03-07T13:25:27.785477453Z""], [""reshare_keygen_start"", ""2026-03-07T13:25:31.674023016Z""], [""join_submit"", ""2026-03-08T14:57:07.699720706Z""], [""join_observed"", ""2026-03-08T14:57:07.719822382Z""]]"
2026-03-08T14:57:24.480657Z,join_1772981825,join_wait_vote,40.78,30.46,2044346123,4493797691,117769,1528222,2358349,12614828,0,0,0,0,117769,1528222,2358349,12614828,1,ok:1,0.69,1.70,30.65,11.33,3.69,1.39,4,4,1,post,2026-03-08T14:57:07.719822382Z,,16.761,join_observed,2026-03-08T14:57:07.719822382Z,16.761,,,,join-irs3-1772981825,join,join-irs3-1772981825,18,"[[""reshare_complete"", ""2026-02-28T13:26:09.415977462Z""], [""reshare_ack"", ""2026-03-07T13:25:27.785477453Z""], [""reshare_keygen_start"", ""2026-03-07T13:25:31.674023016Z""], [""join_submit"", ""2026-03-08T14:57:07.699720706Z""], [""join_observed"", ""2026-03-08T14:57:07.719822382Z""]]"
2026-03-08T14:57:25.584748Z,join_1772981825,join_wait_vote,19.62,30.46,2044446305,4493876918,100182,79227,2458531,12694055,0,0,0,0,100182,79227,2458531,12694055,1,ok:1,0.47,1.70,17.26,11.33,0.47,1.39,4,4,1,post,2026-03-08T14:57:07.719822382Z,,17.865,join_observed,2026-03-08T14:57:07.719822382Z,17.865,,,,join-irs3-1772981825,join,join-irs3-1772981825,18,"[[""reshare_complete"", ""2026-02-28T13:26:09.415977462Z""], [""reshare_ack"", ""2026-03-07T13:25:27.785477453Z""], [""reshare_keygen_start"", ""2026-03-07T13:25:31.674023016Z""], [""join_submit"", ""2026-03-08T14:57:07.699720706Z""], [""join_observed"", ""2026-03-08T14:57:07.719822382Z""]]"
2026-03-08T14:57:26.688062Z,join_1772981825,join_wait_vote,27.21,30.47,2044544021,4493971731,97716,94813,2556247,12788868,0,0,0,0,97716,94813,2556247,12788868,1,ok:1,0.23,1.70,21.86,11.33,0.47,1.39,4,4,1,post,2026-03-08T14:57:07.719822382Z,,18.968,join_observed,2026-03-08T14:57:07.719822382Z,18.968,,,,join-irs3-1772981825,join,join-irs3-1772981825,18,"[[""reshare_complete"", ""2026-02-28T13:26:09.415977462Z""], [""reshare_ack"", ""2026-03-07T13:25:27.785477453Z""], [""reshare_keygen_start"", ""2026-03-07T13:25:31.674023016Z""], [""join_submit"", ""2026-03-08T14:57:07.699720706Z""], [""join_observed"", ""2026-03-08T14:57:07.719822382Z""]]"
2026-03-08T14:57:27.799075Z,join_1772981825,join_wait_vote,41.08,30.48,2044682278,4495054174,138257,1082443,2694504,13871311,0,0,0,0,138257,1082443,2694504,13871311,1,ok:1,0.70,1.69,34.04,11.35,2.11,1.39,4,4,1,post,2026-03-08T14:57:07.719822382Z,,20.079,join_observed,2026-03-08T14:57:07.719822382Z,20.079,,,,join-irs3-1772981825,join,join-irs3-1772981825,18,"[[""reshare_complete"", ""2026-02-28T13:26:09.415977462Z""], [""reshare_ack"", ""2026-03-07T13:25:27.785477453Z""], [""reshare_keygen_start"", ""2026-03-07T13:25:31.674023016Z""], [""join_submit"", ""2026-03-08T14:57:07.699720706Z""], [""join_observed"", ""2026-03-08T14:57:07.719822382Z""]]"
2026-03-08T14:57:28.897758Z,join_1772981825,join_wait_vote,35.17,30.49,2044891349,4495192075,209071,137901,2903575,14009212,0,0,0,0,209071,137901,2903575,14009212,1,ok:1,0.23,1.69,21.61,11.35,1.38,1.39,4,4,1,post,2026-03-08T14:57:07.719822382Z,,21.178,join_observed,2026-03-08T14:57:07.719822382Z,21.178,,,,join-irs3-1772981825,join,join-irs3-1772981825,18,"[[""reshare_complete"", ""2026-02-28T13:26:09.415977462Z""], [""reshare_ack"", ""2026-03-07T13:25:27.785477453Z""], [""reshare_keygen_start"", ""2026-03-07T13:25:31.674023016Z""], [""join_submit"", ""2026-03-08T14:57:07.699720706Z""], [""join_observed"", ""2026-03-08T14:57:07.719822382Z""]]"
2026-03-08T14:57:30.052008Z,join_1772981825,join_wait_vote,20.71,30.49,2044967928,4495516279,76579,324204,2980154,14333416,0,0,0,0,76579,324204,2980154,14333416,1,ok:1,0.00,1.69,21.18,11.35,2.35,1.39,4,4,1,post,2026-03-08T14:57:07.719822382Z,,22.332,join_observed,2026-03-08T14:57:07.719822382Z,22.332,,,,join-irs3-1772981825,join,join-irs3-1772981825,18,"[[""reshare_complete"", ""2026-02-28T13:26:09.415977462Z""], [""reshare_ack"", ""2026-03-07T13:25:27.785477453Z""], [""reshare_keygen_start"", ""2026-03-07T13:25:31.674023016Z""], [""join_submit"", ""2026-03-08T14:57:07.699720706Z""], [""join_observed"", ""2026-03-08T14:57:07.719822382Z""]]"
2026-03-08T14:57:31.153480Z,join_1772981825,join_wait_reshare,43.43,30.49,2045128881,4497156124,160953,1639845,3141107,15973261,0,0,0,0,160953,1639845,3141107,15973261,1,ok:1,2.00,1.70,24.05,11.35,0.45,1.39,4,4,1,post,2026-03-08T14:57:07.719822382Z,,23.434,join_observed,2026-03-08T14:57:07.719822382Z,23.434,,,,join-irs3-1772981825,join,join-irs3-1772981825,18,"[[""reshare_complete"", ""2026-02-28T13:26:09.415977462Z""], [""reshare_ack"", ""2026-03-07T13:25:27.785477453Z""], [""reshare_keygen_start"", ""2026-03-07T13:25:31.674023016Z""], [""join_submit"", ""2026-03-08T14:57:07.699720706Z""], [""join_observed"", ""2026-03-08T14:57:07.719822382Z""]]"
2026-03-08T14:57:32.303012Z,join_1772981825,join_wait_reshare,46.57,30.49,2045348155,4498440266,219274,1284142,3360381,17257403,0,0,0,0,219274,1284142,3360381,17257403,1,ok:1,1.18,1.69,36.17,11.36,4.96,1.39,4,4,1,post,2026-03-08T14:57:07.719822382Z,,24.583,join_observed,2026-03-08T14:57:07.719822382Z,24.583,,,,join-irs3-1772981825,join,join-irs3-1772981825,18,"[[""reshare_complete"", ""2026-02-28T13:26:09.415977462Z""], [""reshare_ack"", ""2026-03-07T13:25:27.785477453Z""], [""reshare_keygen_start"", ""2026-03-07T13:25:31.674023016Z""], [""join_submit"", ""2026-03-08T14:57:07.699720706Z""], [""join_observed"", ""2026-03-08T14:57:07.719822382Z""]]"
2026-03-08T14:57:33.397752Z,join_1772981825,join_wait_reshare,36.53,30.49,2045533817,4499428187,185662,987921,3546043,18245324,0,0,0,0,185662,987921,3546043,18245324,1,ok:1,0.45,1.69,25.17,11.36,0.89,1.39,4,4,1,post,2026-03-08T14:57:07.719822382Z,,25.678,join_observed,2026-03-08T14:57:07.719822382Z,25.678,,,,join-irs3-1772981825,join,join-irs3-1772981825,18,"[[""reshare_complete"", ""2026-02-28T13:26:09.415977462Z""], [""reshare_ack"", ""2026-03-07T13:25:27.785477453Z""], [""reshare_keygen_start"", ""2026-03-07T13:25:31.674023016Z""], [""join_submit"", ""2026-03-08T14:57:07.699720706Z""], [""join_observed"", ""2026-03-08T14:57:07.719822382Z""]]"
2026-03-08T14:57:34.505068Z,join_1772981825,join_wait_reshare,24.35,30.50,2045597849,4499480128,64032,51941,3610075,18297265,0,0,0,0,64032,51941,3610075,18297265,1,ok:1,0.24,1.69,15.84,11.36,0.24,1.39,4,4,1,post,2026-03-08T14:57:07.719822382Z,,26.785,join_observed,2026-03-08T14:57:07.719822382Z,26.785,,,,join-irs3-1772981825,join,join-irs3-1772981825,18,"[[""reshare_complete"", ""2026-02-28T13:26:09.415977462Z""], [""reshare_ack"", ""2026-03-07T13:25:27.785477453Z""], [""reshare_keygen_start"", ""2026-03-07T13:25:31.674023016Z""], [""join_submit"", ""2026-03-08T14:57:07.699720706Z""], [""join_observed"", ""2026-03-08T14:57:07.719822382Z""]]"
2026-03-08T14:57:35.620813Z,join_1772981825,join_wait_reshare,30.00,30.50,2045703038,4500605274,105189,1125146,3715264,19422411,0,0,0,0,105189,1125146,3715264,19422411,1,ok:1,0.47,1.69,23.95,11.36,2.09,1.39,4,4,1,post,2026-03-08T14:57:07.719822382Z,,27.901,join_observed,2026-03-08T14:57:07.719822382Z,27.901,,,,join-irs3-1772981825,join,join-irs3-1772981825,18,"[[""reshare_complete"", ""2026-02-28T13:26:09.415977462Z""], [""reshare_ack"", ""2026-03-07T13:25:27.785477453Z""], [""reshare_keygen_start"", ""2026-03-07T13:25:31.674023016Z""], [""join_submit"", ""2026-03-08T14:57:07.699720706Z""], [""join_observed"", ""2026-03-08T14:57:07.719822382Z""]]"
2026-03-08T14:57:36.852322Z,join_1772981825,join_wait_reshare,53.81,30.51,2046087985,4502821590,384947,2216316,4100211,21638727,0,0,0,0,384947,2216316,4100211,21638727,1,ok:1,1.39,1.69,40.42,11.36,10.39,1.40,4,4,1,post,2026-03-08T14:57:07.719822382Z,,29.133,join_observed,2026-03-08T14:57:07.719822382Z,29.133,,,,join-irs3-1772981825,join,join-irs3-1772981825,18,"[[""reshare_complete"", ""2026-02-28T13:26:09.415977462Z""], [""reshare_ack"", ""2026-03-07T13:25:27.785477453Z""], [""reshare_keygen_start"", ""2026-03-07T13:25:31.674023016Z""], [""join_submit"", ""2026-03-08T14:57:07.699720706Z""], [""join_observed"", ""2026-03-08T14:57:07.719822382Z""]]"
2026-03-08T14:57:37.955368Z,join_1772981825,join_wait_reshare,65.68,30.50,2046716709,4507293809,628724,4472219,4728935,26110946,0,0,0,0,628724,4472219,4728935,26110946,1,ok:1,0.63,1.69,42.53,11.38,4.84,1.40,4,4,1,post,2026-03-08T14:57:07.719822382Z,,30.236,join_observed,2026-03-08T14:57:07.719822382Z,30.236,,,,join-irs3-1772981825,join,join-irs3-1772981825,18,"[[""reshare_complete"", ""2026-02-28T13:26:09.415977462Z""], [""reshare_ack"", ""2026-03-07T13:25:27.785477453Z""], [""reshare_keygen_start"", ""2026-03-07T13:25:31.674023016Z""], [""join_submit"", ""2026-03-08T14:57:07.699720706Z""], [""join_observed"", ""2026-03-08T14:57:07.719822382Z""]]"
2026-03-08T14:57:39.079450Z,join_1772981825,join_wait_reshare,43.16,30.50,2047016826,4509073681,300117,1779872,5029052,27890818,0,0,0,0,300117,1779872,5029052,27890818,1,ok:1,1.18,1.69,32.78,11.38,8.02,1.35,4,4,1,post,2026-03-08T14:57:07.719822382Z,,31.360,join_observed,2026-03-08T14:57:07.719822382Z,31.360,,,,join-irs3-1772981825,join,join-irs3-1772981825,18,"[[""reshare_complete"", ""2026-02-28T13:26:09.415977462Z""], [""reshare_ack"", ""2026-03-07T13:25:27.785477453Z""], [""reshare_keygen_start"", ""2026-03-07T13:25:31.674023016Z""], [""join_submit"", ""2026-03-08T14:57:07.699720706Z""], [""join_observed"", ""2026-03-08T14:57:07.719822382Z""]]"
2026-03-08T14:57:40.187194Z,join_1772981825,join_wait_reshare,34.23,30.49,2047184927,4509745200,168101,671519,5197153,28562337,0,0,0,0,168101,671519,5197153,28562337,1,ok:1,1.13,1.69,22.07,11.38,0.68,1.35,4,4,1,post,2026-03-08T14:57:07.719822382Z,,32.467,join_observed,2026-03-08T14:57:07.719822382Z,32.467,,,,join-irs3-1772981825,join,join-irs3-1772981825,18,"[[""reshare_complete"", ""2026-02-28T13:26:09.415977462Z""], [""reshare_ack"", ""2026-03-07T13:25:27.785477453Z""], [""reshare_keygen_start"", ""2026-03-07T13:25:31.674023016Z""], [""join_submit"", ""2026-03-08T14:57:07.699720706Z""], [""join_observed"", ""2026-03-08T14:57:07.719822382Z""]]"
2026-03-08T14:57:41.286500Z,join_1772981825,join_wait_reshare,45.63,30.52,2047403421,4512062988,218494,2317788,5415647,30880125,0,0,0,0,218494,2317788,5415647,30880125,1,ok:1,0.47,1.69,32.39,11.44,4.49,1.35,4,4,1,post,2026-03-08T14:57:07.719822382Z,,33.567,join_observed,2026-03-08T14:57:07.719822382Z,33.567,,,,join-irs3-1772981825,join,join-irs3-1772981825,18,"[[""reshare_complete"", ""2026-02-28T13:26:09.415977462Z""], [""reshare_ack"", ""2026-03-07T13:25:27.785477453Z""], [""reshare_keygen_start"", ""2026-03-07T13:25:31.674023016Z""], [""join_submit"", ""2026-03-08T14:57:07.699720706Z""], [""join_observed"", ""2026-03-08T14:57:07.719822382Z""]]"
2026-03-08T14:57:42.391170Z,join_1772981825,join_wait_reshare,24.07,30.52,2047501816,4512160905,98395,97917,5514042,30978042,0,0,0,0,98395,97917,5514042,30978042,1,ok:1,0.00,1.69,19.91,11.44,0.23,1.35,4,4,1,post,2026-03-08T14:57:07.719822382Z,,34.671,join_observed,2026-03-08T14:57:07.719822382Z,34.671,,,,join-irs3-1772981825,join,join-irs3-1772981825,18,"[[""reshare_complete"", ""2026-02-28T13:26:09.415977462Z""], [""reshare_ack"", ""2026-03-07T13:25:27.785477453Z""], [""reshare_keygen_start"", ""2026-03-07T13:25:31.674023016Z""], [""join_submit"", ""2026-03-08T14:57:07.699720706Z""], [""join_observed"", ""2026-03-08T14:57:07.719822382Z""]]"
2026-03-08T14:57:43.493298Z,join_1772981825,join_wait_reshare,39.90,30.55,2047712893,4513206850,211077,1045945,5725119,32023987,0,0,0,0,211077,1045945,5725119,32023987,1,ok:1,0.95,1.69,29.69,11.47,3.09,1.36,4,4,1,post,2026-03-08T14:57:07.719822382Z,,35.773,join_observed,2026-03-08T14:57:07.719822382Z,35.773,,,,join-irs3-1772981825,join,join-irs3-1772981825,18,"[[""reshare_complete"", ""2026-02-28T13:26:09.415977462Z""], [""reshare_ack"", ""2026-03-07T13:25:27.785477453Z""], [""reshare_keygen_start"", ""2026-03-07T13:25:31.674023016Z""], [""join_submit"", ""2026-03-08T14:57:07.699720706Z""], [""join_observed"", ""2026-03-08T14:57:07.719822382Z""]]"
2026-03-08T14:57:44.600812Z,join_1772981825,join_wait_reshare,22.54,30.56,2047812703,4513283791,99810,76941,5824929,32100928,0,0,0,0,99810,76941,5824929,32100928,1,ok:1,0.00,1.69,20.89,11.47,0.00,1.36,4,4,1,post,2026-03-08T14:57:07.719822382Z,,36.881,join_observed,2026-03-08T14:57:07.719822382Z,36.881,,,,join-irs3-1772981825,join,join-irs3-1772981825,18,"[[""reshare_complete"", ""2026-02-28T13:26:09.415977462Z""], [""reshare_ack"", ""2026-03-07T13:25:27.785477453Z""], [""reshare_keygen_start"", ""2026-03-07T13:25:31.674023016Z""], [""join_submit"", ""2026-03-08T14:57:07.699720706Z""], [""join_observed"", ""2026-03-08T14:57:07.719822382Z""]]"
2026-03-08T14:57:45.699866Z,join_1772981825,join_wait_reshare,35.96,30.60,2047944365,4514972538,131662,1688747,5956591,33789675,0,0,0,0,131662,1688747,5956591,33789675,1,ok:1,0.23,1.69,23.67,11.47,6.03,1.38,4,4,1,post,2026-03-08T14:57:07.719822382Z,,37.980,join_observed,2026-03-08T14:57:07.719822382Z,37.980,,,,join-irs3-1772981825,join,join-irs3-1772981825,18,"[[""reshare_complete"", ""2026-02-28T13:26:09.415977462Z""], [""reshare_ack"", ""2026-03-07T13:25:27.785477453Z""], [""reshare_keygen_start"", ""2026-03-07T13:25:31.674023016Z""], [""join_submit"", ""2026-03-08T14:57:07.699720706Z""], [""join_observed"", ""2026-03-08T14:57:07.719822382Z""]]"
2026-03-08T14:57:46.801072Z,join_1772981825,join_wait_reshare,29.70,30.61,2048023884,4515045147,79519,72609,6036110,33862284,0,0,0,0,79519,72609,6036110,33862284,1,ok:1,0.93,1.69,24.13,11.47,0.23,1.38,4,4,1,post,2026-03-08T14:57:07.719822382Z,,39.081,join_observed,2026-03-08T14:57:07.719822382Z,39.081,,,,join-irs3-1772981825,join,join-irs3-1772981825,18,"[[""reshare_complete"", ""2026-02-28T13:26:09.415977462Z""], [""reshare_ack"", ""2026-03-07T13:25:27.785477453Z""], [""reshare_keygen_start"", ""2026-03-07T13:25:31.674023016Z""], [""join_submit"", ""2026-03-08T14:57:07.699720706Z""], [""join_observed"", ""2026-03-08T14:57:07.719822382Z""]]"
2026-03-08T14:57:47.900475Z,join_1772981825,join_wait_reshare,36.04,30.60,2048201243,4516325780,177359,1280633,6213469,35142917,0,0,0,0,177359,1280633,6213469,35142917,1,ok:1,0.24,1.69,28.16,11.47,3.10,1.38,4,4,1,post,2026-03-08T14:57:07.719822382Z,,40.181,join_observed,2026-03-08T14:57:07.719822382Z,40.181,,,,join-irs3-1772981825,join,join-irs3-1772981825,18,"[[""reshare_complete"", ""2026-02-28T13:26:09.415977462Z""], [""reshare_ack"", ""2026-03-07T13:25:27.785477453Z""], [""reshare_keygen_start"", ""2026-03-07T13:25:31.674023016Z""], [""join_submit"", ""2026-03-08T14:57:07.699720706Z""], [""join_observed"", ""2026-03-08T14:57:07.719822382Z""]]"
2026-03-08T14:57:48.998577Z,join_1772981825,join_wait_reshare,29.15,30.61,2048379033,4516431803,177790,106023,6391259,35248940,0,0,0,0,177790,106023,6391259,35248940,1,ok:1,1.18,1.69,22.27,11.47,1.42,1.38,4,4,1,post,2026-03-08T14:57:07.719822382Z,,41.279,join_observed,2026-03-08T14:57:07.719822382Z,41.279,,,,join-irs3-1772981825,join,join-irs3-1772981825,18,"[[""reshare_complete"", ""2026-02-28T13:26:09.415977462Z""], [""reshare_ack"", ""2026-03-07T13:25:27.785477453Z""], [""reshare_keygen_start"", ""2026-03-07T13:25:31.674023016Z""], [""join_submit"", ""2026-03-08T14:57:07.699720706Z""], [""join_observed"", ""2026-03-08T14:57:07.719822382Z""]]"
2026-03-08T14:57:50.099618Z,join_1772981825,join_wait_reshare,16.55,30.61,2048438037,4516497357,59004,65554,6450263,35314494,0,0,0,0,59004,65554,6450263,35314494,1,ok:1,0.00,1.69,15.84,11.47,0.00,1.38,4,4,1,post,2026-03-08T14:57:07.719822382Z,,42.380,join_observed,2026-03-08T14:57:07.719822382Z,42.380,,,,join-irs3-1772981825,join,join-irs3-1772981825,18,"[[""reshare_complete"", ""2026-02-28T13:26:09.415977462Z""], [""reshare_ack"", ""2026-03-07T13:25:27.785477453Z""], [""reshare_keygen_start"", ""2026-03-07T13:25:31.674023016Z""], [""join_submit"", ""2026-03-08T14:57:07.699720706Z""], [""join_observed"", ""2026-03-08T14:57:07.719822382Z""]]"
2026-03-08T14:57:51.197167Z,join_1772981825,join_wait_reshare,35.90,30.62,2048591023,4518008596,152986,1511239,6603249,36825733,0,0,0,0,152986,1511239,6603249,36825733,1,ok:1,0.93,1.69,27.51,11.47,2.80,1.38,4,4,1,post,2026-03-08T14:57:07.719822382Z,,43.477,join_observed,2026-03-08T14:57:07.719822382Z,43.477,,,,join-irs3-1772981825,join,join-irs3-1772981825,18,"[[""reshare_complete"", ""2026-02-28T13:26:09.415977462Z""], [""reshare_ack"", ""2026-03-07T13:25:27.785477453Z""], [""reshare_keygen_start"", ""2026-03-07T13:25:31.674023016Z""], [""join_submit"", ""2026-03-08T14:57:07.699720706Z""], [""join_observed"", ""2026-03-08T14:57:07.719822382Z""]]"
2026-03-08T14:57:52.302428Z,join_1772981825,join_wait_reshare,30.30,30.62,2048713419,4518125661,122396,117065,6725645,36942798,0,0,0,0,122396,117065,6725645,36942798,1,ok:1,0.70,1.69,24.24,11.47,0.23,1.38,4,4,1,post,2026-03-08T14:57:07.719822382Z,,44.583,join_observed,2026-03-08T14:57:07.719822382Z,44.583,,,,join-irs3-1772981825,join,join-irs3-1772981825,18,"[[""reshare_complete"", ""2026-02-28T13:26:09.415977462Z""], [""reshare_ack"", ""2026-03-07T13:25:27.785477453Z""], [""reshare_keygen_start"", ""2026-03-07T13:25:31.674023016Z""], [""join_submit"", ""2026-03-08T14:57:07.699720706Z""], [""join_observed"", ""2026-03-08T14:57:07.719822382Z""]]"
2026-03-08T14:57:53.411197Z,join_1772981825,join_wait_reshare,36.28,30.63,2048836217,4519183011,122798,1057350,6848443,38000148,0,0,0,0,122798,1057350,6848443,38000148,1,ok:1,0.47,1.69,30.23,11.47,2.33,1.38,4,4,1,post,2026-03-08T14:57:07.719822382Z,,45.691,join_observed,2026-03-08T14:57:07.719822382Z,45.691,,,,join-irs3-1772981825,join,join-irs3-1772981825,18,"[[""reshare_complete"", ""2026-02-28T13:26:09.415977462Z""], [""reshare_ack"", ""2026-03-07T13:25:27.785477453Z""], [""reshare_keygen_start"", ""2026-03-07T13:25:31.674023016Z""], [""join_submit"", ""2026-03-08T14:57:07.699720706Z""], [""join_observed"", ""2026-03-08T14:57:07.719822382Z""]]"
2026-03-08T14:57:54.514494Z,join_1772981825,join_wait_reshare,21.20,30.63,2048877615,4519249617,41398,66606,6889841,38066754,0,0,0,0,41398,66606,6889841,38066754,1,ok:1,0.46,1.69,14.06,11.47,0.23,1.38,4,4,1,post,2026-03-08T14:57:07.719822382Z,,46.795,join_observed,2026-03-08T14:57:07.719822382Z,46.795,,,,join-irs3-1772981825,join,join-irs3-1772981825,18,"[[""reshare_complete"", ""2026-02-28T13:26:09.415977462Z""], [""reshare_ack"", ""2026-03-07T13:25:27.785477453Z""], [""reshare_keygen_start"", ""2026-03-07T13:25:31.674023016Z""], [""join_submit"", ""2026-03-08T14:57:07.699720706Z""], [""join_observed"", ""2026-03-08T14:57:07.719822382Z""]]"
2026-03-08T14:57:55.619527Z,join_1772981825,join_wait_reshare,30.00,30.64,2049058201,4519405746,180586,156129,7070427,38222883,0,0,0,0,180586,156129,7070427,38222883,1,ok:1,1.16,1.69,21.63,11.47,0.70,1.38,4,4,1,post,2026-03-08T14:57:07.719822382Z,,47.900,join_observed,2026-03-08T14:57:07.719822382Z,47.900,,,,join-irs3-1772981825,join,join-irs3-1772981825,18,"[[""reshare_complete"", ""2026-02-28T13:26:09.415977462Z""], [""reshare_ack"", ""2026-03-07T13:25:27.785477453Z""], [""reshare_keygen_start"", ""2026-03-07T13:25:31.674023016Z""], [""join_submit"", ""2026-03-08T14:57:07.699720706Z""], [""join_observed"", ""2026-03-08T14:57:07.719822382Z""]]"
2026-03-08T14:57:56.718578Z,join_1772981825,join_wait_reshare,26.70,30.65,2049178433,4519497041,120232,91295,7190659,38314178,0,0,0,0,120232,91295,7190659,38314178,1,ok:1,0.23,1.69,23.42,11.47,0.70,1.38,4,4,1,post,2026-03-08T14:57:07.719822382Z,,48.999,join_observed,2026-03-08T14:57:07.719822382Z,48.999,,,,join-irs3-1772981825,join,join-irs3-1772981825,18,"[[""reshare_complete"", ""2026-02-28T13:26:09.415977462Z""], [""reshare_ack"", ""2026-03-07T13:25:27.785477453Z""], [""reshare_keygen_start"", ""2026-03-07T13:25:31.674023016Z""], [""join_submit"", ""2026-03-08T14:57:07.699720706Z""], [""join_observed"", ""2026-03-08T14:57:07.719822382Z""]]"
2026-03-08T14:57:57.836414Z,join_1772981825,join_wait_reshare,37.62,30.64,2049332796,4521516689,154363,2019648,7345022,40333826,0,0,0,0,154363,2019648,7345022,40333826,1,ok:1,0.48,1.69,30.95,11.47,3.10,1.38,4,4,1,post,2026-03-08T14:57:07.719822382Z,,50.117,join_observed,2026-03-08T14:57:07.719822382Z,50.117,,,,join-irs3-1772981825,join,join-irs3-1772981825,18,"[[""reshare_complete"", ""2026-02-28T13:26:09.415977462Z""], [""reshare_ack"", ""2026-03-07T13:25:27.785477453Z""], [""reshare_keygen_start"", ""2026-03-07T13:25:31.674023016Z""], [""join_submit"", ""2026-03-08T14:57:07.699720706Z""], [""join_observed"", ""2026-03-08T14:57:07.719822382Z""]]"
2026-03-08T14:57:58.937930Z,join_1772981825,join_wait_reshare,27.63,30.64,2049409399,4521597885,76603,81196,7421625,40415022,0,0,0,0,76603,81196,7421625,40415022,1,ok:1,0.46,1.69,20.32,11.47,0.23,1.38,4,4,1,post,2026-03-08T14:57:07.719822382Z,,51.218,join_observed,2026-03-08T14:57:07.719822382Z,51.218,,,,join-irs3-1772981825,join,join-irs3-1772981825,18,"[[""reshare_complete"", ""2026-02-28T13:26:09.415977462Z""], [""reshare_ack"", ""2026-03-07T13:25:27.785477453Z""], [""reshare_keygen_start"", ""2026-03-07T13:25:31.674023016Z""], [""join_submit"", ""2026-03-08T14:57:07.699720706Z""], [""join_observed"", ""2026-03-08T14:57:07.719822382Z""]]"
2026-03-08T14:58:00.044257Z,join_1772981825,join_wait_reshare,17.95,30.65,2049468236,4521653384,58837,55499,7480462,40470521,0,0,0,0,58837,55499,7480462,40470521,1,ok:1,0.00,1.69,14.45,11.47,0.23,1.38,4,4,1,post,2026-03-08T14:57:07.719822382Z,,52.324,join_observed,2026-03-08T14:57:07.719822382Z,52.324,,,,join-irs3-1772981825,join,join-irs3-1772981825,18,"[[""reshare_complete"", ""2026-02-28T13:26:09.415977462Z""], [""reshare_ack"", ""2026-03-07T13:25:27.785477453Z""], [""reshare_keygen_start"", ""2026-03-07T13:25:31.674023016Z""], [""join_submit"", ""2026-03-08T14:57:07.699720706Z""], [""join_observed"", ""2026-03-08T14:57:07.719822382Z""]]"
2026-03-08T14:58:01.145328Z,join_1772981825,join_wait_reshare,28.71,30.68,2049571882,4521735348,103646,81964,7584108,40552485,0,0,0,0,103646,81964,7584108,40552485,1,ok:1,0.94,1.69,23.06,11.49,0.24,1.38,4,4,1,post,2026-03-08T14:57:07.719822382Z,,53.426,join_observed,2026-03-08T14:57:07.719822382Z,53.426,,,,join-irs3-1772981825,join,join-irs3-1772981825,18,"[[""reshare_complete"", ""2026-02-28T13:26:09.415977462Z""], [""reshare_ack"", ""2026-03-07T13:25:27.785477453Z""], [""reshare_keygen_start"", ""2026-03-07T13:25:31.674023016Z""], [""join_submit"", ""2026-03-08T14:57:07.699720706Z""], [""join_observed"", ""2026-03-08T14:57:07.719822382Z""]]"
2026-03-08T14:58:02.244120Z,join_1772981825,join_wait_reshare,26.33,30.66,2049718899,4521807410,147017,72062,7731125,40624547,0,0,0,0,147017,72062,7731125,40624547,1,ok:1,1.39,1.68,17.55,11.50,0.92,1.38,4,4,1,post,2026-03-08T14:57:07.719822382Z,,54.524,join_observed,2026-03-08T14:57:07.719822382Z,54.524,,,,join-irs3-1772981825,join,join-irs3-1772981825,18,"[[""reshare_complete"", ""2026-02-28T13:26:09.415977462Z""], [""reshare_ack"", ""2026-03-07T13:25:27.785477453Z""], [""reshare_keygen_start"", ""2026-03-07T13:25:31.674023016Z""], [""join_submit"", ""2026-03-08T14:57:07.699720706Z""], [""join_observed"", ""2026-03-08T14:57:07.719822382Z""]]"
2026-03-08T14:58:03.347838Z,join_1772981825,join_wait_reshare,31.37,30.66,2049806002,4523571907,87103,1764497,7818228,42389044,0,0,0,0,87103,1764497,7818228,42389044,1,ok:1,0.47,1.68,24.29,11.50,3.77,1.39,4,4,1,post,2026-03-08T14:57:07.719822382Z,,55.628,join_observed,2026-03-08T14:57:07.719822382Z,55.628,,,,join-irs3-1772981825,join,join-irs3-1772981825,18,"[[""reshare_complete"", ""2026-02-28T13:26:09.415977462Z""], [""reshare_ack"", ""2026-03-07T13:25:27.785477453Z""], [""reshare_keygen_start"", ""2026-03-07T13:25:31.674023016Z""], [""join_submit"", ""2026-03-08T14:57:07.699720706Z""], [""join_observed"", ""2026-03-08T14:57:07.719822382Z""]]"
2026-03-08T14:58:04.439744Z,join_1772981825,join_wait_reshare,30.82,30.66,2049878771,4523637103,72769,65196,7890997,42454240,0,0,0,0,72769,65196,7890997,42454240,1,ok:1,1.41,1.68,22.12,11.50,0.00,1.39,4,4,1,post,2026-03-08T14:57:07.719822382Z,,56.720,join_observed,2026-03-08T14:57:07.719822382Z,56.720,,,,join-irs3-1772981825,join,join-irs3-1772981825,18,"[[""reshare_complete"", ""2026-02-28T13:26:09.415977462Z""], [""reshare_ack"", ""2026-03-07T13:25:27.785477453Z""], [""reshare_keygen_start"", ""2026-03-07T13:25:31.674023016Z""], [""join_submit"", ""2026-03-08T14:57:07.699720706Z""], [""join_observed"", ""2026-03-08T14:57:07.719822382Z""]]"
2026-03-08T14:58:05.543071Z,join_1772981825,join_wait_reshare,19.39,30.66,2049946701,4523696394,67930,59291,7958927,42513531,0,0,0,0,67930,59291,7958927,42513531,1,ok:1,0.24,1.68,15.37,11.50,0.00,1.39,4,4,1,post,2026-03-08T14:57:07.719822382Z,,57.823,join_observed,2026-03-08T14:57:07.719822382Z,57.823,,,,join-irs3-1772981825,join,join-irs3-1772981825,18,"[[""reshare_complete"", ""2026-02-28T13:26:09.415977462Z""], [""reshare_ack"", ""2026-03-07T13:25:27.785477453Z""], [""reshare_keygen_start"", ""2026-03-07T13:25:31.674023016Z""], [""join_submit"", ""2026-03-08T14:57:07.699720706Z""], [""join_observed"", ""2026-03-08T14:57:07.719822382Z""]]"
2026-03-08T14:58:06.644683Z,join_1772981825,join_wait_reshare,20.42,30.66,2050002946,4523769152,56245,72758,8015172,42586289,0,0,0,0,56245,72758,8015172,42586289,1,ok:1,0.00,1.68,20.19,11.50,0.00,1.39,4,4,1,post,2026-03-08T14:57:07.719822382Z,,58.925,join_observed,2026-03-08T14:57:07.719822382Z,58.925,,,,join-irs3-1772981825,join,join-irs3-1772981825,18,"[[""reshare_complete"", ""2026-02-28T13:26:09.415977462Z""], [""reshare_ack"", ""2026-03-07T13:25:27.785477453Z""], [""reshare_keygen_start"", ""2026-03-07T13:25:31.674023016Z""], [""join_submit"", ""2026-03-08T14:57:07.699720706Z""], [""join_observed"", ""2026-03-08T14:57:07.719822382Z""]]"
2026-03-08T14:58:07.755186Z,join_1772981825,join_wait_reshare,38.97,30.66,2050189604,4523884483,186658,115331,8201830,42701620,0,0,0,0,186658,115331,8201830,42701620,1,ok:1,1.64,1.67,26.29,11.50,1.17,1.39,4,4,1,post,2026-03-08T14:57:07.719822382Z,,60.035,join_observed,2026-03-08T14:57:07.719822382Z,60.035,,,,join-irs3-1772981825,join,join-irs3-1772981825,18,"[[""reshare_complete"", ""2026-02-28T13:26:09.415977462Z""], [""reshare_ack"", ""2026-03-07T13:25:27.785477453Z""], [""reshare_keygen_start"", ""2026-03-07T13:25:31.674023016Z""], [""join_submit"", ""2026-03-08T14:57:07.699720706Z""], [""join_observed"", ""2026-03-08T14:57:07.719822382Z""]]"
2026-03-08T14:58:08.856370Z,join_1772981825,join_wait_reshare,11.40,30.67,2050249339,4523937679,59735,53196,8261565,42754816,0,0,0,0,59735,53196,8261565,42754816,1,ok:1,0.00,1.67,7.91,11.50,0.23,1.39,4,4,1,post,2026-03-08T14:57:07.719822382Z,,61.137,join_observed,2026-03-08T14:57:07.719822382Z,61.137,,,,join-irs3-1772981825,join,join-irs3-1772981825,18,"[[""reshare_complete"", ""2026-02-28T13:26:09.415977462Z""], [""reshare_ack"", ""2026-03-07T13:25:27.785477453Z""], [""reshare_keygen_start"", ""2026-03-07T13:25:31.674023016Z""], [""join_submit"", ""2026-03-08T14:57:07.699720706Z""], [""join_observed"", ""2026-03-08T14:57:07.719822382Z""]]"
2026-03-08T14:58:09.958065Z,join_1772981825,join_wait_reshare,34.28,30.66,2050320524,4525478257,71185,1540578,8332750,44295394,0,0,0,0,71185,1540578,8332750,44295394,1,ok:1,0.95,1.67,25.77,11.50,3.07,1.39,4,4,1,post,2026-03-08T14:57:07.719822382Z,,62.238,join_observed,2026-03-08T14:57:07.719822382Z,62.238,,,,join-irs3-1772981825,join,join-irs3-1772981825,18,"[[""reshare_complete"", ""2026-02-28T13:26:09.415977462Z""], [""reshare_ack"", ""2026-03-07T13:25:27.785477453Z""], [""reshare_keygen_start"", ""2026-03-07T13:25:31.674023016Z""], [""join_submit"", ""2026-03-08T14:57:07.699720706Z""], [""join_observed"", ""2026-03-08T14:57:07.719822382Z""]]"
2026-03-08T14:58:11.059420Z,join_1772981825,join_wait_reshare,21.81,30.66,2050397512,4525550947,76988,72690,8409738,44368084,0,0,0,0,76988,72690,8409738,44368084,1,ok:1,0.23,1.67,17.40,11.50,0.00,1.39,4,4,1,post,2026-03-08T14:57:07.719822382Z,,63.340,join_observed,2026-03-08T14:57:07.719822382Z,63.340,,,,join-irs3-1772981825,join,join-irs3-1772981825,18,"[[""reshare_complete"", ""2026-02-28T13:26:09.415977462Z""], [""reshare_ack"", ""2026-03-07T13:25:27.785477453Z""], [""reshare_keygen_start"", ""2026-03-07T13:25:31.674023016Z""], [""join_submit"", ""2026-03-08T14:57:07.699720706Z""], [""join_observed"", ""2026-03-08T14:57:07.719822382Z""]]"
2026-03-08T14:58:12.153934Z,join_1772981825,join_wait_reshare,26.97,30.66,2050474790,4525631385,77278,80438,8487016,44448522,0,0,0,0,77278,80438,8487016,44448522,1,ok:1,0.48,1.67,22.20,11.50,0.00,1.39,4,4,1,post,2026-03-08T14:57:07.719822382Z,,64.434,join_observed,2026-03-08T14:57:07.719822382Z,64.434,,,,join-irs3-1772981825,join,join-irs3-1772981825,18,"[[""reshare_complete"", ""2026-02-28T13:26:09.415977462Z""], [""reshare_ack"", ""2026-03-07T13:25:27.785477453Z""], [""reshare_keygen_start"", ""2026-03-07T13:25:31.674023016Z""], [""join_submit"", ""2026-03-08T14:57:07.699720706Z""], [""join_observed"", ""2026-03-08T14:57:07.719822382Z""]]"
2026-03-08T14:58:13.249859Z,join_1772981825,join_wait_reshare,32.24,30.67,2050657224,4525739613,182434,108228,8669450,44556750,0,0,0,0,182434,108228,8669450,44556750,1,ok:1,0.70,1.67,23.83,11.50,1.17,1.39,4,4,1,post,2026-03-08T14:57:07.719822382Z,,65.530,join_observed,2026-03-08T14:57:07.719822382Z,65.530,,,,join-irs3-1772981825,join,join-irs3-1772981825,18,"[[""reshare_complete"", ""2026-02-28T13:26:09.415977462Z""], [""reshare_ack"", ""2026-03-07T13:25:27.785477453Z""], [""reshare_keygen_start"", ""2026-03-07T13:25:31.674023016Z""], [""join_submit"", ""2026-03-08T14:57:07.699720706Z""], [""join_observed"", ""2026-03-08T14:57:07.719822382Z""]]"
2026-03-08T14:58:14.349137Z,join_1772981825,join_wait_reshare,12.09,30.66,2050680928,4525772505,23704,32892,8693154,44589642,0,0,0,0,23704,32892,8693154,44589642,1,ok:1,0.00,1.67,9.07,11.50,0.23,1.39,4,4,1,post,2026-03-08T14:57:07.719822382Z,,66.629,join_observed,2026-03-08T14:57:07.719822382Z,66.629,,,,join-irs3-1772981825,join,join-irs3-1772981825,18,"[[""reshare_complete"", ""2026-02-28T13:26:09.415977462Z""], [""reshare_ack"", ""2026-03-07T13:25:27.785477453Z""], [""reshare_keygen_start"", ""2026-03-07T13:25:31.674023016Z""], [""join_submit"", ""2026-03-08T14:57:07.699720706Z""], [""join_observed"", ""2026-03-08T14:57:07.719822382Z""]]"
2026-03-08T14:58:15.451860Z,join_1772981825,join_wait_reshare,38.24,30.66,2050751964,4527067372,71036,1294867,8764190,45884509,0,0,0,0,71036,1294867,8764190,45884509,1,ok:1,1.90,1.67,26.84,11.50,2.38,1.39,4,4,1,post,2026-03-08T14:57:07.719822382Z,,67.732,join_observed,2026-03-08T14:57:07.719822382Z,67.732,,,,join-irs3-1772981825,join,join-irs3-1772981825,18,"[[""reshare_complete"", ""2026-02-28T13:26:09.415977462Z""], [""reshare_ack"", ""2026-03-07T13:25:27.785477453Z""], [""reshare_keygen_start"", ""2026-03-07T13:25:31.674023016Z""], [""join_submit"", ""2026-03-08T14:57:07.699720706Z""], [""join_observed"", ""2026-03-08T14:57:07.719822382Z""]]"
2026-03-08T14:58:16.546182Z,join_1772981825,join_wait_reshare,29.51,30.66,2050837361,4527155825,85397,88453,8849587,45972962,0,0,0,0,85397,88453,8849587,45972962,1,ok:1,0.70,1.67,22.95,11.50,0.00,1.39,4,4,1,post,2026-03-08T14:57:07.719822382Z,,68.826,join_observed,2026-03-08T14:57:07.719822382Z,68.826,,,,join-irs3-1772981825,join,join-irs3-1772981825,18,"[[""reshare_complete"", ""2026-02-28T13:26:09.415977462Z""], [""reshare_ack"", ""2026-03-07T13:25:27.785477453Z""], [""reshare_keygen_start"", ""2026-03-07T13:25:31.674023016Z""], [""join_submit"", ""2026-03-08T14:57:07.699720706Z""], [""join_observed"", ""2026-03-08T14:57:07.719822382Z""]]"
2026-03-08T14:58:17.644361Z,join_1772981825,join_wait_reshare,29.08,30.67,2050923973,4527238412,86612,82587,8936199,46055549,0,0,0,0,86612,82587,8936199,46055549,1,ok:1,1.18,1.67,23.40,11.50,0.24,1.39,4,4,1,post,2026-03-08T14:57:07.719822382Z,,69.925,join_observed,2026-03-08T14:57:07.719822382Z,69.925,,,,join-irs3-1772981825,join,join-irs3-1772981825,18,"[[""reshare_complete"", ""2026-02-28T13:26:09.415977462Z""], [""reshare_ack"", ""2026-03-07T13:25:27.785477453Z""], [""reshare_keygen_start"", ""2026-03-07T13:25:31.674023016Z""], [""join_submit"", ""2026-03-08T14:57:07.699720706Z""], [""join_observed"", ""2026-03-08T14:57:07.719822382Z""]]"
2026-03-08T14:58:18.747544Z,join_1772981825,join_wait_reshare,20.09,30.67,2051013578,4527313410,89605,74998,9025804,46130547,0,0,0,0,89605,74998,9025804,46130547,1,ok:1,0.00,1.67,19.86,11.50,0.00,1.39,4,4,1,post,2026-03-08T14:57:07.719822382Z,,71.028,join_observed,2026-03-08T14:57:07.719822382Z,71.028,,,,join-irs3-1772981825,join,join-irs3-1772981825,18,"[[""reshare_complete"", ""2026-02-28T13:26:09.415977462Z""], [""reshare_ack"", ""2026-03-07T13:25:27.785477453Z""], [""reshare_keygen_start"", ""2026-03-07T13:25:31.674023016Z""], [""join_submit"", ""2026-03-08T14:57:07.699720706Z""], [""join_observed"", ""2026-03-08T14:57:07.719822382Z""]]"
2026-03-08T14:58:19.845177Z,join_1772981825,join_wait_reshare,23.20,30.64,2051117990,4527379411,104412,66001,9130216,46196548,0,0,0,0,104412,66001,9130216,46196548,1,ok:1,0.70,1.67,13.92,11.50,0.46,1.39,4,4,1,post,2026-03-08T14:57:07.719822382Z,,72.125,join_observed,2026-03-08T14:57:07.719822382Z,72.125,,,,join-irs3-1772981825,join,join-irs3-1772981825,18,"[[""reshare_complete"", ""2026-02-28T13:26:09.415977462Z""], [""reshare_ack"", ""2026-03-07T13:25:27.785477453Z""], [""reshare_keygen_start"", ""2026-03-07T13:25:31.674023016Z""], [""join_submit"", ""2026-03-08T14:57:07.699720706Z""], [""join_observed"", ""2026-03-08T14:57:07.719822382Z""]]"
2026-03-08T14:58:20.954588Z,join_1772981825,join_wait_reshare,17.82,30.64,2051173640,4528127514,55650,748103,9185866,46944651,0,0,0,0,55650,748103,9185866,46944651,1,ok:1,0.00,1.67,14.58,11.50,2.78,1.39,4,4,1,post,2026-03-08T14:57:07.719822382Z,,73.235,join_observed,2026-03-08T14:57:07.719822382Z,73.235,,,,join-irs3-1772981825,join,join-irs3-1772981825,18,"[[""reshare_complete"", ""2026-02-28T13:26:09.415977462Z""], [""reshare_ack"", ""2026-03-07T13:25:27.785477453Z""], [""reshare_keygen_start"", ""2026-03-07T13:25:31.674023016Z""], [""join_submit"", ""2026-03-08T14:57:07.699720706Z""], [""join_observed"", ""2026-03-08T14:57:07.719822382Z""]]"
2026-03-08T14:58:22.055477Z,join_1772981825,join_wait_reshare,34.98,30.64,2051239027,4528500556,65387,373042,9251253,47317693,0,0,0,0,65387,373042,9251253,47317693,1,ok:1,1.64,1.67,25.12,11.50,0.00,1.39,4,4,1,post,2026-03-08T14:57:07.719822382Z,,74.336,join_observed,2026-03-08T14:57:07.719822382Z,74.336,,,,join-irs3-1772981825,join,join-irs3-1772981825,18,"[[""reshare_complete"", ""2026-02-28T13:26:09.415977462Z""], [""reshare_ack"", ""2026-03-07T13:25:27.785477453Z""], [""reshare_keygen_start"", ""2026-03-07T13:25:31.674023016Z""], [""join_submit"", ""2026-03-08T14:57:07.699720706Z""], [""join_observed"", ""2026-03-08T14:57:07.719822382Z""]]"
2026-03-08T14:58:23.153208Z,join_1772981825,join_wait_reshare,29.45,30.64,2051350342,4528599470,111315,98914,9362568,47416607,10728,179,10728,179,100587,98735,9351840,47416428,1,ok:2,0.24,1.67,25.89,11.50,0.00,1.39,4,4,1,post,2026-03-08T14:57:07.719822382Z,,75.433,join_observed,2026-03-08T14:57:07.719822382Z,75.433,,,,join-irs3-1772981825,join,join-irs3-1772981825,18,"[[""reshare_complete"", ""2026-02-28T13:26:09.415977462Z""], [""reshare_ack"", ""2026-03-07T13:25:27.785477453Z""], [""reshare_keygen_start"", ""2026-03-07T13:25:31.674023016Z""], [""join_submit"", ""2026-03-08T14:57:07.699720706Z""], [""join_observed"", ""2026-03-08T14:57:07.719822382Z""]]"
2026-03-08T14:58:24.251518Z,join_1772981825,join_wait_reshare,21.03,30.65,2051410494,4528664793,60152,65323,9422720,47481930,0,0,10728,179,60152,65323,9411992,47481751,1,ok:1,0.00,1.67,17.76,11.50,0.00,1.39,4,4,1,post,2026-03-08T14:57:07.719822382Z,,76.532,join_observed,2026-03-08T14:57:07.719822382Z,76.532,,,,join-irs3-1772981825,join,join-irs3-1772981825,18,"[[""reshare_complete"", ""2026-02-28T13:26:09.415977462Z""], [""reshare_ack"", ""2026-03-07T13:25:27.785477453Z""], [""reshare_keygen_start"", ""2026-03-07T13:25:31.674023016Z""], [""join_submit"", ""2026-03-08T14:57:07.699720706Z""], [""join_observed"", ""2026-03-08T14:57:07.719822382Z""]]"
2026-03-08T14:58:25.360250Z,join_1772981825,join_wait_reshare,25.00,30.65,2051519141,4528725202,108647,60409,9531367,47542339,0,0,10728,179,108647,60409,9520639,47542160,1,ok:1,1.18,1.67,19.81,11.50,0.71,1.39,4,4,1,post,2026-03-08T14:57:07.719822382Z,,77.640,join_observed,2026-03-08T14:57:07.719822382Z,77.640,,,,join-irs3-1772981825,join,join-irs3-1772981825,18,"[[""reshare_complete"", ""2026-02-28T13:26:09.415977462Z""], [""reshare_ack"", ""2026-03-07T13:25:27.785477453Z""], [""reshare_keygen_start"", ""2026-03-07T13:25:31.674023016Z""], [""join_submit"", ""2026-03-08T14:57:07.699720706Z""], [""join_observed"", ""2026-03-08T14:57:07.719822382Z""]]"
2026-03-08T14:58:26.459613Z,join_1772981825,join_wait_reshare,18.01,30.65,2051550079,4528760827,30938,35625,9562305,47577964,0,0,10728,179,30938,35625,9551577,47577785,1,ok:1,0.00,1.67,12.47,11.49,0.00,1.39,4,4,1,post,2026-03-08T14:57:07.719822382Z,,78.740,join_observed,2026-03-08T14:57:07.719822382Z,78.740,,,,join-irs3-1772981825,join,join-irs3-1772981825,18,"[[""reshare_complete"", ""2026-02-28T13:26:09.415977462Z""], [""reshare_ack"", ""2026-03-07T13:25:27.785477453Z""], [""reshare_keygen_start"", ""2026-03-07T13:25:31.674023016Z""], [""join_submit"", ""2026-03-08T14:57:07.699720706Z""], [""join_observed"", ""2026-03-08T14:57:07.719822382Z""]]"
2026-03-08T14:58:27.561759Z,join_1772981825,join_wait_reshare,32.38,30.64,2051637980,4529614838,87901,854011,9650206,48431975,0,0,10728,179,87901,854011,9639478,48431796,1,ok:1,0.95,1.67,24.52,11.49,1.90,1.39,4,4,1,post,2026-03-08T14:57:07.719822382Z,,79.842,join_observed,2026-03-08T14:57:07.719822382Z,79.842,,,,join-irs3-1772981825,join,join-irs3-1772981825,18,"[[""reshare_complete"", ""2026-02-28T13:26:09.415977462Z""], [""reshare_ack"", ""2026-03-07T13:25:27.785477453Z""], [""reshare_keygen_start"", ""2026-03-07T13:25:31.674023016Z""], [""join_submit"", ""2026-03-08T14:57:07.699720706Z""], [""join_observed"", ""2026-03-08T14:57:07.719822382Z""]]"
2026-03-08T14:58:28.661472Z,join_1772981825,join_wait_reshare,25.12,30.65,2051724894,4529696173,86914,81335,9737120,48513310,0,0,10728,179,86914,81335,9726392,48513131,1,ok:1,0.70,1.67,21.40,11.49,0.00,1.39,4,4,1,post,2026-03-08T14:57:07.719822382Z,,80.942,join_observed,2026-03-08T14:57:07.719822382Z,80.942,,,,join-irs3-1772981825,join,join-irs3-1772981825,18,"[[""reshare_complete"", ""2026-02-28T13:26:09.415977462Z""], [""reshare_ack"", ""2026-03-07T13:25:27.785477453Z""], [""reshare_keygen_start"", ""2026-03-07T13:25:31.674023016Z""], [""join_submit"", ""2026-03-08T14:57:07.699720706Z""], [""join_observed"", ""2026-03-08T14:57:07.719822382Z""]]"
2026-03-08T14:58:29.760810Z,join_1772981825,join_wait_reshare,18.84,30.64,2051774863,4529761385,49969,65212,9787089,48578522,0,0,10728,179,49969,65212,9776361,48578343,1,ok:1,0.00,1.67,13.95,11.49,0.00,1.39,4,4,1,post,2026-03-08T14:57:07.719822382Z,,82.041,join_observed,2026-03-08T14:57:07.719822382Z,82.041,,,,join-irs3-1772981825,join,join-irs3-1772981825,18,"[[""reshare_complete"", ""2026-02-28T13:26:09.415977462Z""], [""reshare_ack"", ""2026-03-07T13:25:27.785477453Z""], [""reshare_keygen_start"", ""2026-03-07T13:25:31.674023016Z""], [""join_submit"", ""2026-03-08T14:57:07.699720706Z""], [""join_observed"", ""2026-03-08T14:57:07.719822382Z""]]"
2026-03-08T14:58:30.862385Z,join_1772981825,join_wait_reshare,24.82,30.62,2051888474,4529865186,113611,103801,9900700,48682323,0,0,10728,179,113611,103801,9889972,48682144,1,ok:1,0.71,1.57,23.17,11.49,0.47,1.39,4,4,1,post,2026-03-08T14:57:07.719822382Z,,83.143,join_observed,2026-03-08T14:57:07.719822382Z,83.143,,,,join-irs3-1772981825,join,join-irs3-1772981825,18,"[[""reshare_complete"", ""2026-02-28T13:26:09.415977462Z""], [""reshare_ack"", ""2026-03-07T13:25:27.785477453Z""], [""reshare_keygen_start"", ""2026-03-07T13:25:31.674023016Z""], [""join_submit"", ""2026-03-08T14:57:07.699720706Z""], [""join_observed"", ""2026-03-08T14:57:07.719822382Z""]]"
2026-03-08T14:58:31.971671Z,join_1772981825,join_wait_reshare,22.56,30.62,2051945544,4529922694,57070,57508,9957770,48739831,0,0,10728,179,57070,57508,9947042,48739652,1,ok:1,0.47,1.57,16.74,11.49,0.00,1.39,4,4,1,post,2026-03-08T14:57:07.719822382Z,,84.252,join_observed,2026-03-08T14:57:07.719822382Z,84.252,,,,join-irs3-1772981825,join,join-irs3-1772981825,18,"[[""reshare_complete"", ""2026-02-28T13:26:09.415977462Z""], [""reshare_ack"", ""2026-03-07T13:25:27.785477453Z""], [""reshare_keygen_start"", ""2026-03-07T13:25:31.674023016Z""], [""join_submit"", ""2026-03-08T14:57:07.699720706Z""], [""join_observed"", ""2026-03-08T14:57:07.719822382Z""]]"
2026-03-08T14:58:33.075446Z,join_1772981825,join_wait_reshare,31.06,30.61,2052032402,4530508494,86858,585800,10044628,49325631,0,0,10728,179,86858,585800,10033900,49325452,1,ok:1,0.47,1.57,23.76,11.48,1.65,1.39,4,4,1,post,2026-03-08T14:57:07.719822382Z,,85.356,join_observed,2026-03-08T14:57:07.719822382Z,85.356,,,,join-irs3-1772981825,join,join-irs3-1772981825,18,"[[""reshare_complete"", ""2026-02-28T13:26:09.415977462Z""], [""reshare_ack"", ""2026-03-07T13:25:27.785477453Z""], [""reshare_keygen_start"", ""2026-03-07T13:25:31.674023016Z""], [""join_submit"", ""2026-03-08T14:57:07.699720706Z""], [""join_observed"", ""2026-03-08T14:57:07.719822382Z""]]"
2026-03-08T14:58:34.178998Z,join_1772981825,join_wait_reshare,24.42,30.62,2052096805,4530576939,64403,68445,10109031,49394076,0,0,10728,179,64403,68445,10098303,49393897,1,ok:1,0.93,1.57,18.37,11.48,0.00,1.39,4,4,1,post,2026-03-08T14:57:07.719822382Z,,86.459,join_observed,2026-03-08T14:57:07.719822382Z,86.459,,,,join-irs3-1772981825,join,join-irs3-1772981825,18,"[[""reshare_complete"", ""2026-02-28T13:26:09.415977462Z""], [""reshare_ack"", ""2026-03-07T13:25:27.785477453Z""], [""reshare_keygen_start"", ""2026-03-07T13:25:31.674023016Z""], [""join_submit"", ""2026-03-08T14:57:07.699720706Z""], [""join_observed"", ""2026-03-08T14:57:07.719822382Z""]]"
2026-03-08T14:58:35.294955Z,join_1772981825,join_wait_reshare,17.22,30.61,2052170840,4530647065,74035,70126,10183066,49464202,178,179,10906,358,73857,69947,10172160,49463844,1,ok:3,0.71,1.57,16.27,11.48,0.00,1.39,4,4,1,post,2026-03-08T14:57:07.719822382Z,,87.575,join_observed,2026-03-08T14:57:07.719822382Z,87.575,,,,join-irs3-1772981825,join,join-irs3-1772981825,18,"[[""reshare_complete"", ""2026-02-28T13:26:09.415977462Z""], [""reshare_ack"", ""2026-03-07T13:25:27.785477453Z""], [""reshare_keygen_start"", ""2026-03-07T13:25:31.674023016Z""], [""join_submit"", ""2026-03-08T14:57:07.699720706Z""], [""join_observed"", ""2026-03-08T14:57:07.719822382Z""]]"
2026-03-08T14:58:36.402740Z,join_1772981825,join_wait_reshare,29.53,30.62,2052252902,4530727787,82062,80722,10265128,49544924,0,0,10906,358,82062,80722,10254222,49544566,1,ok:1,0.22,1.57,21.70,11.48,0.00,1.39,4,4,1,post,2026-03-08T14:57:07.719822382Z,,88.683,join_observed,2026-03-08T14:57:07.719822382Z,88.683,,,,join-irs3-1772981825,join,join-irs3-1772981825,18,"[[""reshare_complete"", ""2026-02-28T13:26:09.415977462Z""], [""reshare_ack"", ""2026-03-07T13:25:27.785477453Z""], [""reshare_keygen_start"", ""2026-03-07T13:25:31.674023016Z""], [""join_submit"", ""2026-03-08T14:57:07.699720706Z""], [""join_observed"", ""2026-03-08T14:57:07.719822382Z""]]"
2026-03-08T14:58:37.500406Z,join_1772981825,join_wait_reshare,34.50,30.62,2052346037,4530819269,93135,91482,10358263,49636406,0,0,10906,358,93135,91482,10347357,49636048,1,ok:1,1.63,1.57,22.38,11.49,0.23,1.39,4,4,1,post,2026-03-08T14:57:07.719822382Z,,89.781,join_observed,2026-03-08T14:57:07.719822382Z,89.781,,,,join-irs3-1772981825,join,join-irs3-1772981825,18,"[[""reshare_complete"", ""2026-02-28T13:26:09.415977462Z""], [""reshare_ack"", ""2026-03-07T13:25:27.785477453Z""], [""reshare_keygen_start"", ""2026-03-07T13:25:31.674023016Z""], [""join_submit"", ""2026-03-08T14:57:07.699720706Z""], [""join_observed"", ""2026-03-08T14:57:07.719822382Z""]]"
2026-03-08T14:58:38.601976Z,join_1772981825,join_wait_reshare,11.53,30.62,2052381003,4530858871,34966,39602,10393229,49676008,0,0,10906,358,34966,39602,10382323,49675650,1,ok:1,0.00,1.57,9.18,11.49,0.00,1.39,4,4,1,post,2026-03-08T14:57:07.719822382Z,,90.882,join_observed,2026-03-08T14:57:07.719822382Z,90.882,,,,join-irs3-1772981825,join,join-irs3-1772981825,18,"[[""reshare_complete"", ""2026-02-28T13:26:09.415977462Z""], [""reshare_ack"", ""2026-03-07T13:25:27.785477453Z""], [""reshare_keygen_start"", ""2026-03-07T13:25:31.674023016Z""], [""join_submit"", ""2026-03-08T14:57:07.699720706Z""], [""join_observed"", ""2026-03-08T14:57:07.719822382Z""]]"
2026-03-08T14:58:39.693865Z,join_1772981825,join_wait_reshare,27.19,30.63,2052521548,4531240218,140545,381347,10533774,50057355,0,0,10906,358,140545,381347,10522868,50056997,1,ok:1,4.49,1.57,19.15,11.49,1.42,1.39,4,4,1,post,2026-03-08T14:57:07.719822382Z,,91.974,join_observed,2026-03-08T14:57:07.719822382Z,91.974,,,,join-irs3-1772981825,join,join-irs3-1772981825,18,"[[""reshare_complete"", ""2026-02-28T13:26:09.415977462Z""], [""reshare_ack"", ""2026-03-07T13:25:27.785477453Z""], [""reshare_keygen_start"", ""2026-03-07T13:25:31.674023016Z""], [""join_submit"", ""2026-03-08T14:57:07.699720706Z""], [""join_observed"", ""2026-03-08T14:57:07.719822382Z""]]"
2026-03-08T14:58:40.793469Z,join_1772981825,join_wait_reshare,33.89,30.63,2052752154,4531452260,230606,212042,10764380,50269397,0,0,10906,358,230606,212042,10753474,50269039,1,ok:1,9.48,1.57,20.14,11.49,0.00,1.39,4,4,1,post,2026-03-08T14:57:07.719822382Z,,93.074,join_observed,2026-03-08T14:57:07.719822382Z,93.074,,,,join-irs3-1772981825,join,join-irs3-1772981825,18,"[[""reshare_complete"", ""2026-02-28T13:26:09.415977462Z""], [""reshare_ack"", ""2026-03-07T13:25:27.785477453Z""], [""reshare_keygen_start"", ""2026-03-07T13:25:31.674023016Z""], [""join_submit"", ""2026-03-08T14:57:07.699720706Z""], [""join_observed"", ""2026-03-08T14:57:07.719822382Z""]]"
2026-03-08T14:58:41.904508Z,join_1772981825,join_wait_reshare,24.59,30.64,2052886805,4531582183,134651,129923,10899031,50399320,0,0,10906,358,134651,129923,10888125,50398962,1,ok:1,4.26,1.57,19.39,11.49,0.00,1.39,4,4,1,post,2026-03-08T14:57:07.719822382Z,,94.185,join_observed,2026-03-08T14:57:07.719822382Z,94.185,,,,join-irs3-1772981825,join,join-irs3-1772981825,18,"[[""reshare_complete"", ""2026-02-28T13:26:09.415977462Z""], [""reshare_ack"", ""2026-03-07T13:25:27.785477453Z""], [""reshare_keygen_start"", ""2026-03-07T13:25:31.674023016Z""], [""join_submit"", ""2026-03-08T14:57:07.699720706Z""], [""join_observed"", ""2026-03-08T14:57:07.719822382Z""]]"
2026-03-08T14:58:43.009204Z,join_1772981825,join_wait_reshare,47.28,30.56,2053168821,4531865652,282016,283469,11181047,50682789,0,0,10906,358,282016,283469,11170141,50682431,1,ok:1,15.37,1.47,24.11,11.49,0.00,1.39,4,4,1,post,2026-03-08T14:57:07.719822382Z,,95.289,join_observed,2026-03-08T14:57:07.719822382Z,95.289,,,,join-irs3-1772981825,join,join-irs3-1772981825,18,"[[""reshare_complete"", ""2026-02-28T13:26:09.415977462Z""], [""reshare_ack"", ""2026-03-07T13:25:27.785477453Z""], [""reshare_keygen_start"", ""2026-03-07T13:25:31.674023016Z""], [""join_submit"", ""2026-03-08T14:57:07.699720706Z""], [""join_observed"", ""2026-03-08T14:57:07.719822382Z""]]"
2026-03-08T14:58:44.109446Z,join_1772981825,join_wait_reshare,14.42,30.56,2053251894,4531938385,83073,72733,11264120,50755522,0,0,10906,358,83073,72733,11253214,50755164,1,ok:1,3.31,1.48,9.69,11.49,0.00,1.39,4,4,1,post,2026-03-08T14:57:07.719822382Z,,96.390,join_observed,2026-03-08T14:57:07.719822382Z,96.390,,,,join-irs3-1772981825,join,join-irs3-1772981825,18,"[[""reshare_complete"", ""2026-02-28T13:26:09.415977462Z""], [""reshare_ack"", ""2026-03-07T13:25:27.785477453Z""], [""reshare_keygen_start"", ""2026-03-07T13:25:31.674023016Z""], [""join_submit"", ""2026-03-08T14:57:07.699720706Z""], [""join_observed"", ""2026-03-08T14:57:07.719822382Z""]]"
2026-03-08T14:58:45.215580Z,join_1772981825,join_wait_reshare,13.99,30.57,2053340118,4532025063,88224,86678,11352344,50842200,0,0,10906,358,88224,86678,11341438,50841842,1,ok:1,2.80,1.47,10.02,11.49,0.00,1.39,4,4,1,post,2026-03-08T14:57:07.719822382Z,,97.496,join_observed,2026-03-08T14:57:07.719822382Z,97.496,,,,join-irs3-1772981825,join,join-irs3-1772981825,18,"[[""reshare_complete"", ""2026-02-28T13:26:09.415977462Z""], [""reshare_ack"", ""2026-03-07T13:25:27.785477453Z""], [""reshare_keygen_start"", ""2026-03-07T13:25:31.674023016Z""], [""join_submit"", ""2026-03-08T14:57:07.699720706Z""], [""join_observed"", ""2026-03-08T14:57:07.719822382Z""]]"
2026-03-08T14:58:46.317579Z,join_1772981825,join_wait_reshare,34.45,30.46,2053491744,4532220496,151626,195433,11503970,51037633,0,0,10906,358,151626,195433,11493064,51037275,1,ok:1,13.16,1.36,14.59,11.49,0.00,1.39,4,4,1,post,2026-03-08T14:57:07.719822382Z,,98.598,join_observed,2026-03-08T14:57:07.719822382Z,98.598,,,,join-irs3-1772981825,join,join-irs3-1772981825,18,"[[""reshare_complete"", ""2026-02-28T13:26:09.415977462Z""], [""reshare_ack"", ""2026-03-07T13:25:27.785477453Z""], [""reshare_keygen_start"", ""2026-03-07T13:25:31.674023016Z""], [""join_submit"", ""2026-03-08T14:57:07.699720706Z""], [""join_observed"", ""2026-03-08T14:57:07.719822382Z""]]"
2026-03-08T14:58:47.420433Z,join_1772981825,join_wait_reshare,30.86,30.35,2053692103,4532409345,200359,188849,11704329,51226482,0,0,10906,358,200359,188849,11693423,51226124,1,ok:1,10.44,1.29,16.71,11.49,0.23,1.39,4,4,1,post,2026-03-08T14:57:07.719822382Z,,99.701,join_observed,2026-03-08T14:57:07.719822382Z,99.701,,,,join-irs3-1772981825,join,join-irs3-1772981825,18,"[[""reshare_complete"", ""2026-02-28T13:26:09.415977462Z""], [""reshare_ack"", ""2026-03-07T13:25:27.785477453Z""], [""reshare_keygen_start"", ""2026-03-07T13:25:31.674023016Z""], [""join_submit"", ""2026-03-08T14:57:07.699720706Z""], [""join_observed"", ""2026-03-08T14:57:07.719822382Z""]]"
2026-03-08T14:58:48.687312Z,join_1772981825,join_wait_reshare,33.88,30.34,2053895681,4532599702,203578,190357,11907907,51416839,0,0,10906,358,203578,190357,11897001,51416481,1,ok:1,25.88,1.26,12.00,11.49,0.00,1.39,4,4,1,post,2026-03-08T14:57:07.719822382Z,,100.967,join_observed,2026-03-08T14:57:07.719822382Z,100.967,,,,join-irs3-1772981825,join,join-irs3-1772981825,18,"[[""reshare_complete"", ""2026-02-28T13:26:09.415977462Z""], [""reshare_ack"", ""2026-03-07T13:25:27.785477453Z""], [""reshare_keygen_start"", ""2026-03-07T13:25:31.674023016Z""], [""join_submit"", ""2026-03-08T14:57:07.699720706Z""], [""join_observed"", ""2026-03-08T14:57:07.719822382Z""]]"
2026-03-08T14:58:49.902383Z,join_1772981825,join_wait_reshare,99.41,30.33,2053922655,4532622857,26974,23155,11934881,51439994,0,0,10906,358,26974,23155,11923975,51439636,1,ok:1,87.62,1.27,6.68,11.49,0.00,1.39,4,4,1,post,2026-03-08T14:57:07.719822382Z,,102.183,join_observed,2026-03-08T14:57:07.719822382Z,102.183,,,,join-irs3-1772981825,join,join-irs3-1772981825,18,"[[""reshare_complete"", ""2026-02-28T13:26:09.415977462Z""], [""reshare_ack"", ""2026-03-07T13:25:27.785477453Z""], [""reshare_keygen_start"", ""2026-03-07T13:25:31.674023016Z""], [""join_submit"", ""2026-03-08T14:57:07.699720706Z""], [""join_observed"", ""2026-03-08T14:57:07.719822382Z""]]"
2026-03-08T14:58:51.192889Z,join_1772981825,join_wait_reshare,99.59,30.33,2053954126,4532674039,31471,51182,11966352,51491176,0,0,10906,358,31471,51182,11955446,51490818,1,ok:1,91.96,1.27,6.60,11.49,0.00,1.39,4,4,1,post,2026-03-08T14:57:07.719822382Z,,103.473,join_observed,2026-03-08T14:57:07.719822382Z,103.473,,,,join-irs3-1772981825,join,join-irs3-1772981825,18,"[[""reshare_complete"", ""2026-02-28T13:26:09.415977462Z""], [""reshare_ack"", ""2026-03-07T13:25:27.785477453Z""], [""reshare_keygen_start"", ""2026-03-07T13:25:31.674023016Z""], [""join_submit"", ""2026-03-08T14:57:07.699720706Z""], [""join_observed"", ""2026-03-08T14:57:07.719822382Z""]]"
2026-03-08T14:58:52.405113Z,join_1772981825,join_wait_reshare,99.81,30.34,2054007424,4532727415,53298,53376,12019650,51544552,0,0,10906,358,53298,53376,12008744,51544194,1,ok:1,81.82,1.28,11.03,11.49,0.00,1.39,4,4,1,post,2026-03-08T14:57:07.719822382Z,,104.685,join_observed,2026-03-08T14:57:07.719822382Z,104.685,,,,join-irs3-1772981825,join,join-irs3-1772981825,18,"[[""reshare_complete"", ""2026-02-28T13:26:09.415977462Z""], [""reshare_ack"", ""2026-03-07T13:25:27.785477453Z""], [""reshare_keygen_start"", ""2026-03-07T13:25:31.674023016Z""], [""join_submit"", ""2026-03-08T14:57:07.699720706Z""], [""join_observed"", ""2026-03-08T14:57:07.719822382Z""]]"
2026-03-08T14:58:53.666704Z,join_1772981825,join_wait_reshare,100.00,30.34,2054079074,4532784759,71650,57344,12091300,51601896,0,0,10906,358,71650,57344,12080394,51601538,1,ok:1,91.10,1.29,8.49,11.49,0.21,1.39,4,4,1,post,2026-03-08T14:57:07.719822382Z,,105.947,join_observed,2026-03-08T14:57:07.719822382Z,105.947,,,,join-irs3-1772981825,join,join-irs3-1772981825,18,"[[""reshare_complete"", ""2026-02-28T13:26:09.415977462Z""], [""reshare_ack"", ""2026-03-07T13:25:27.785477453Z""], [""reshare_keygen_start"", ""2026-03-07T13:25:31.674023016Z""], [""join_submit"", ""2026-03-08T14:57:07.699720706Z""], [""join_observed"", ""2026-03-08T14:57:07.719822382Z""]]"
2026-03-08T14:58:54.879849Z,join_1772981825,join_wait_reshare,99.80,30.34,2054112122,4532815407,33048,30648,12124348,51632544,0,0,10906,358,33048,30648,12113442,51632186,1,ok:1,91.09,1.29,5.94,11.49,0.00,1.39,4,4,1,post,2026-03-08T14:57:07.719822382Z,,107.160,join_observed,2026-03-08T14:57:07.719822382Z,107.160,,,,join-irs3-1772981825,join,join-irs3-1772981825,18,"[[""reshare_complete"", ""2026-02-28T13:26:09.415977462Z""], [""reshare_ack"", ""2026-03-07T13:25:27.785477453Z""], [""reshare_keygen_start"", ""2026-03-07T13:25:31.674023016Z""], [""join_submit"", ""2026-03-08T14:57:07.699720706Z""], [""join_observed"", ""2026-03-08T14:57:07.719822382Z""]]"
2026-03-08T14:58:56.007015Z,join_1772981825,join_wait_reshare,93.98,30.36,2056777598,4534671258,2665476,1855851,14789824,53488395,0,0,10906,358,2665476,1855851,14778918,53488037,1,ok:1,74.90,1.42,8.92,11.49,0.00,1.39,4,4,1,post,2026-03-08T14:57:07.719822382Z,,108.287,join_observed,2026-03-08T14:57:07.719822382Z,108.287,,,,join-irs3-1772981825,join,join-irs3-1772981825,18,"[[""reshare_complete"", ""2026-02-28T13:26:09.415977462Z""], [""reshare_ack"", ""2026-03-07T13:25:27.785477453Z""], [""reshare_keygen_start"", ""2026-03-07T13:25:31.674023016Z""], [""join_submit"", ""2026-03-08T14:57:07.699720706Z""], [""join_observed"", ""2026-03-08T14:57:07.719822382Z""]]"
2026-03-08T14:58:57.204339Z,join_1772981825,join_wait_reshare,56.31,30.43,2062138709,4540459291,5361111,5788033,20150935,59276428,0,0,10906,358,5361111,5788033,20140029,59276070,1,ok:1,39.49,1.51,15.42,11.49,0.00,1.39,4,4,1,post,2026-03-08T14:57:07.719822382Z,,109.485,join_observed,2026-03-08T14:57:07.719822382Z,109.485,,,,join-irs3-1772981825,join,join-irs3-1772981825,18,"[[""reshare_complete"", ""2026-02-28T13:26:09.415977462Z""], [""reshare_ack"", ""2026-03-07T13:25:27.785477453Z""], [""reshare_keygen_start"", ""2026-03-07T13:25:31.674023016Z""], [""join_submit"", ""2026-03-08T14:57:07.699720706Z""], [""join_observed"", ""2026-03-08T14:57:07.719822382Z""]]"
2026-03-08T14:58:58.300556Z,join_1772981825,join_wait_reshare,59.35,30.55,2066168402,4544971120,4029693,4511829,24180628,63788257,0,0,10906,358,4029693,4511829,24169722,63787899,1,ok:1,33.91,1.64,14.13,11.49,0.22,1.39,4,4,1,post,2026-03-08T14:57:07.719822382Z,,110.581,join_observed,2026-03-08T14:57:07.719822382Z,110.581,,,,join-irs3-1772981825,join,join-irs3-1772981825,18,"[[""reshare_complete"", ""2026-02-28T13:26:09.415977462Z""], [""reshare_ack"", ""2026-03-07T13:25:27.785477453Z""], [""reshare_keygen_start"", ""2026-03-07T13:25:31.674023016Z""], [""join_submit"", ""2026-03-08T14:57:07.699720706Z""], [""join_observed"", ""2026-03-08T14:57:07.719822382Z""]]"
2026-03-08T14:58:59.400517Z,join_1772981825,join_wait_reshare,34.74,30.62,2068256397,4547261463,2087995,2290343,26268623,66078600,0,0,10906,358,2087995,2290343,26257717,66078242,1,ok:1,20.89,1.71,8.92,11.49,0.00,1.39,4,4,1,post,2026-03-08T14:57:07.719822382Z,,111.681,join_observed,2026-03-08T14:57:07.719822382Z,111.681,,,,join-irs3-1772981825,join,join-irs3-1772981825,18,"[[""reshare_complete"", ""2026-02-28T13:26:09.415977462Z""], [""reshare_ack"", ""2026-03-07T13:25:27.785477453Z""], [""reshare_keygen_start"", ""2026-03-07T13:25:31.674023016Z""], [""join_submit"", ""2026-03-08T14:57:07.699720706Z""], [""join_observed"", ""2026-03-08T14:57:07.719822382Z""]]"
2026-03-08T14:59:00.877950Z,join_1772981825,join_wait_reshare,68.89,30.63,2068347120,4547324341,90723,62878,26359346,66141478,0,0,10906,358,90723,62878,26348440,66141120,1,ok:1,71.20,1.72,9.45,11.49,0.00,1.39,4,4,1,post,2026-03-08T14:57:07.719822382Z,,113.158,join_observed,2026-03-08T14:57:07.719822382Z,113.158,,,,join-irs3-1772981825,join,join-irs3-1772981825,18,"[[""reshare_complete"", ""2026-02-28T13:26:09.415977462Z""], [""reshare_ack"", ""2026-03-07T13:25:27.785477453Z""], [""reshare_keygen_start"", ""2026-03-07T13:25:31.674023016Z""], [""join_submit"", ""2026-03-08T14:57:07.699720706Z""], [""join_observed"", ""2026-03-08T14:57:07.719822382Z""]]"
2026-03-08T14:59:02.266402Z,join_1772981825,join_wait_reshare,100.00,30.64,2068398034,4547380694,50914,56353,26410260,66197831,0,0,10906,358,50914,56353,26399354,66197473,1,ok:1,88.03,1.73,11.97,11.49,0.00,1.39,4,4,1,post,2026-03-08T14:57:07.719822382Z,,114.547,join_observed,2026-03-08T14:57:07.719822382Z,114.547,,,,join-irs3-1772981825,join,join-irs3-1772981825,18,"[[""reshare_complete"", ""2026-02-28T13:26:09.415977462Z""], [""reshare_ack"", ""2026-03-07T13:25:27.785477453Z""], [""reshare_keygen_start"", ""2026-03-07T13:25:31.674023016Z""], [""join_submit"", ""2026-03-08T14:57:07.699720706Z""], [""join_observed"", ""2026-03-08T14:57:07.719822382Z""]]"
2026-03-08T14:59:03.531741Z,join_1772981825,join_wait_reshare,100.00,30.65,2068466465,4547439114,68431,58420,26478691,66256251,0,0,10906,358,68431,58420,26467785,66255893,1,ok:1,82.82,1.74,7.96,11.49,0.00,1.39,4,4,1,post,2026-03-08T14:57:07.719822382Z,,115.812,join_observed,2026-03-08T14:57:07.719822382Z,115.812,,,,join-irs3-1772981825,join,join-irs3-1772981825,18,"[[""reshare_complete"", ""2026-02-28T13:26:09.415977462Z""], [""reshare_ack"", ""2026-03-07T13:25:27.785477453Z""], [""reshare_keygen_start"", ""2026-03-07T13:25:31.674023016Z""], [""join_submit"", ""2026-03-08T14:57:07.699720706Z""], [""join_observed"", ""2026-03-08T14:57:07.719822382Z""]]"
2026-03-08T14:59:04.731523Z,join_1772981825,join_wait_reshare,100.00,30.66,2068505947,4547490777,39482,51663,26518173,66307914,0,0,10906,358,39482,51663,26507267,66307556,1,ok:1,82.21,1.75,8.50,11.49,0.00,1.39,4,4,1,post,2026-03-08T14:57:07.719822382Z,,117.012,join_observed,2026-03-08T14:57:07.719822382Z,117.012,,,,join-irs3-1772981825,join,join-irs3-1772981825,18,"[[""reshare_complete"", ""2026-02-28T13:26:09.415977462Z""], [""reshare_ack"", ""2026-03-07T13:25:27.785477453Z""], [""reshare_keygen_start"", ""2026-03-07T13:25:31.674023016Z""], [""join_submit"", ""2026-03-08T14:57:07.699720706Z""], [""join_observed"", ""2026-03-08T14:57:07.719822382Z""]]"
2026-03-08T14:59:06.124665Z,join_1772981825,join_wait_reshare,100.00,30.67,2068538163,4547533265,32216,42488,26550389,66350402,0,0,10906,358,32216,42488,26539483,66350044,1,ok:1,94.17,1.76,7.50,11.49,0.00,1.39,4,4,1,post,2026-03-08T14:57:07.719822382Z,,118.405,join_observed,2026-03-08T14:57:07.719822382Z,118.405,,,,join-irs3-1772981825,join,join-irs3-1772981825,18,"[[""reshare_complete"", ""2026-02-28T13:26:09.415977462Z""], [""reshare_ack"", ""2026-03-07T13:25:27.785477453Z""], [""reshare_keygen_start"", ""2026-03-07T13:25:31.674023016Z""], [""join_submit"", ""2026-03-08T14:57:07.699720706Z""], [""join_observed"", ""2026-03-08T14:57:07.719822382Z""]]"
2026-03-08T14:59:07.647208Z,join_1772981825,join_wait_reshare,100.00,30.64,2068596873,4547592785,58710,59520,26609099,66409922,0,0,10906,358,58710,59520,26598193,66409564,1,ok:1,89.03,1.78,12.05,11.41,0.00,1.39,4,4,1,post,2026-03-08T14:57:07.719822382Z,,119.927,join_observed,2026-03-08T14:57:07.719822382Z,119.927,,,,join-irs3-1772981825,join,join-irs3-1772981825,18,"[[""reshare_complete"", ""2026-02-28T13:26:09.415977462Z""], [""reshare_ack"", ""2026-03-07T13:25:27.785477453Z""], [""reshare_keygen_start"", ""2026-03-07T13:25:31.674023016Z""], [""join_submit"", ""2026-03-08T14:57:07.699720706Z""], [""join_observed"", ""2026-03-08T14:57:07.719822382Z""]]"
2026-03-08T14:59:09.058164Z,join_1772981825,join_wait_reshare,100.00,30.66,2068664508,4547640517,67635,47732,26676734,66457654,0,0,10906,358,67635,47732,26665828,66457296,1,ok:1,85.25,1.80,8.03,11.38,0.16,1.39,4,4,1,post,2026-03-08T14:57:07.719822382Z,,121.338,join_observed,2026-03-08T14:57:07.719822382Z,121.338,,,,join-irs3-1772981825,join,join-irs3-1772981825,18,"[[""reshare_complete"", ""2026-02-28T13:26:09.415977462Z""], [""reshare_ack"", ""2026-03-07T13:25:27.785477453Z""], [""reshare_keygen_start"", ""2026-03-07T13:25:31.674023016Z""], [""join_submit"", ""2026-03-08T14:57:07.699720706Z""], [""join_observed"", ""2026-03-08T14:57:07.719822382Z""]]"
2026-03-08T14:59:10.544605Z,join_1772981825,join_wait_reshare,100.00,30.67,2068687632,4547663925,23124,23408,26699858,66481062,0,0,10906,358,23124,23408,26688952,66480704,1,ok:1,92.48,1.81,6.64,11.38,0.17,1.39,4,4,1,post,2026-03-08T14:57:07.719822382Z,,122.825,join_observed,2026-03-08T14:57:07.719822382Z,122.825,,,,join-irs3-1772981825,join,join-irs3-1772981825,18,"[[""reshare_complete"", ""2026-02-28T13:26:09.415977462Z""], [""reshare_ack"", ""2026-03-07T13:25:27.785477453Z""], [""reshare_keygen_start"", ""2026-03-07T13:25:31.674023016Z""], [""join_submit"", ""2026-03-08T14:57:07.699720706Z""], [""join_observed"", ""2026-03-08T14:57:07.719822382Z""]]"
2026-03-08T14:59:12.011736Z,join_1772981825,join_wait_reshare,100.00,30.68,2068740152,4547712782,52520,48857,26752378,66529919,0,0,10906,358,52520,48857,26741472,66529561,1,ok:1,87.39,1.83,8.18,11.38,0.00,1.39,4,4,1,post,2026-03-08T14:57:07.719822382Z,,124.292,join_observed,2026-03-08T14:57:07.719822382Z,124.292,,,,join-irs3-1772981825,join,join-irs3-1772981825,18,"[[""reshare_complete"", ""2026-02-28T13:26:09.415977462Z""], [""reshare_ack"", ""2026-03-07T13:25:27.785477453Z""], [""reshare_keygen_start"", ""2026-03-07T13:25:31.674023016Z""], [""join_submit"", ""2026-03-08T14:57:07.699720706Z""], [""join_observed"", ""2026-03-08T14:57:07.719822382Z""]]"
2026-03-08T14:59:13.480755Z,join_1772981825,join_wait_reshare,100.00,30.69,2068818627,4547793886,78475,81104,26830853,66611023,0,0,10906,358,78475,81104,26819947,66610665,1,ok:1,86.71,1.84,10.73,11.38,0.00,1.39,4,4,1,post,2026-03-08T14:57:07.719822382Z,,125.761,join_observed,2026-03-08T14:57:07.719822382Z,125.761,,,,join-irs3-1772981825,join,join-irs3-1772981825,18,"[[""reshare_complete"", ""2026-02-28T13:26:09.415977462Z""], [""reshare_ack"", ""2026-03-07T13:25:27.785477453Z""], [""reshare_keygen_start"", ""2026-03-07T13:25:31.674023016Z""], [""join_submit"", ""2026-03-08T14:57:07.699720706Z""], [""join_observed"", ""2026-03-08T14:57:07.719822382Z""]]"
2026-03-08T14:59:14.972190Z,join_1772981825,join_wait_reshare,100.00,30.69,2068852715,4547827579,34088,33693,26864941,66644716,0,0,10906,358,34088,33693,26854035,66644358,1,ok:1,90.83,1.85,5.77,11.38,0.00,1.39,4,4,1,post,2026-03-08T14:57:07.719822382Z,,127.252,join_observed,2026-03-08T14:57:07.719822382Z,127.252,,,,join-irs3-1772981825,join,join-irs3-1772981825,18,"[[""reshare_complete"", ""2026-02-28T13:26:09.415977462Z""], [""reshare_ack"", ""2026-03-07T13:25:27.785477453Z""], [""reshare_keygen_start"", ""2026-03-07T13:25:31.674023016Z""], [""join_submit"", ""2026-03-08T14:57:07.699720706Z""], [""join_observed"", ""2026-03-08T14:57:07.719822382Z""]]"
2026-03-08T14:59:16.382116Z,join_1772981825,join_wait_reshare,100.00,30.70,2068911857,4547872869,59142,45290,26924083,66690006,0,0,10906,358,59142,45290,26913177,66689648,1,ok:1,84.68,1.86,8.25,11.38,0.00,1.39,4,4,1,post,2026-03-08T14:57:07.719822382Z,,128.662,join_observed,2026-03-08T14:57:07.719822382Z,128.662,,,,join-irs3-1772981825,join,join-irs3-1772981825,18,"[[""reshare_complete"", ""2026-02-28T13:26:09.415977462Z""], [""reshare_ack"", ""2026-03-07T13:25:27.785477453Z""], [""reshare_keygen_start"", ""2026-03-07T13:25:31.674023016Z""], [""join_submit"", ""2026-03-08T14:57:07.699720706Z""], [""join_observed"", ""2026-03-08T14:57:07.719822382Z""]]"
2026-03-08T14:59:17.790246Z,join_1772981825,join_wait_reshare,100.00,30.71,2068974637,4547936557,62780,63688,26986863,66753694,0,0,10906,358,62780,63688,26975957,66753336,1,ok:1,85.66,1.87,12.21,11.38,0.00,1.39,4,4,1,post,2026-03-08T14:57:07.719822382Z,,130.070,join_observed,2026-03-08T14:57:07.719822382Z,130.070,,,,join-irs3-1772981825,join,join-irs3-1772981825,18,"[[""reshare_complete"", ""2026-02-28T13:26:09.415977462Z""], [""reshare_ack"", ""2026-03-07T13:25:27.785477453Z""], [""reshare_keygen_start"", ""2026-03-07T13:25:31.674023016Z""], [""join_submit"", ""2026-03-08T14:57:07.699720706Z""], [""join_observed"", ""2026-03-08T14:57:07.719822382Z""]]"
2026-03-08T14:59:19.246650Z,join_1772981825,join_wait_reshare,100.00,30.71,2069014048,4547998377,39411,61820,27026274,66815514,0,0,10906,358,39411,61820,27015368,66815156,1,ok:1,87.94,1.87,8.51,11.38,0.00,1.39,4,4,1,post,2026-03-08T14:57:07.719822382Z,,131.527,join_observed,2026-03-08T14:57:07.719822382Z,131.527,,,,join-irs3-1772981825,join,join-irs3-1772981825,18,"[[""reshare_complete"", ""2026-02-28T13:26:09.415977462Z""], [""reshare_ack"", ""2026-03-07T13:25:27.785477453Z""], [""reshare_keygen_start"", ""2026-03-07T13:25:31.674023016Z""], [""join_submit"", ""2026-03-08T14:57:07.699720706Z""], [""join_observed"", ""2026-03-08T14:57:07.719822382Z""]]"
2026-03-08T14:59:20.676344Z,join_1772981825,join_wait_reshare,100.00,30.72,2069053428,4548036344,39380,37967,27065654,66853481,0,0,10906,358,39380,37967,27054748,66853123,1,ok:1,89.35,1.87,6.87,11.38,0.00,1.39,4,4,1,post,2026-03-08T14:57:07.719822382Z,,132.957,join_observed,2026-03-08T14:57:07.719822382Z,132.957,,,,join-irs3-1772981825,join,join-irs3-1772981825,18,"[[""reshare_complete"", ""2026-02-28T13:26:09.415977462Z""], [""reshare_ack"", ""2026-03-07T13:25:27.785477453Z""], [""reshare_keygen_start"", ""2026-03-07T13:25:31.674023016Z""], [""join_submit"", ""2026-03-08T14:57:07.699720706Z""], [""join_observed"", ""2026-03-08T14:57:07.719822382Z""]]"
2026-03-08T14:59:22.176641Z,join_1772981825,join_wait_reshare,100.00,30.72,2069106113,4548090942,52685,54598,27118339,66908079,0,0,10906,358,52685,54598,27107433,66907721,1,ok:1,91.81,1.88,10.45,11.38,0.00,1.39,4,4,1,post,2026-03-08T14:57:07.719822382Z,,134.457,join_observed,2026-03-08T14:57:07.719822382Z,134.457,,,,join-irs3-1772981825,join,join-irs3-1772981825,18,"[[""reshare_complete"", ""2026-02-28T13:26:09.415977462Z""], [""reshare_ack"", ""2026-03-07T13:25:27.785477453Z""], [""reshare_keygen_start"", ""2026-03-07T13:25:31.674023016Z""], [""join_submit"", ""2026-03-08T14:57:07.699720706Z""], [""join_observed"", ""2026-03-08T14:57:07.719822382Z""]]"
2026-03-08T14:59:23.522868Z,join_1772981825,join_wait_reshare,100.00,30.73,2069193340,4548179221,87227,88279,27205566,66996358,0,0,10906,358,87227,88279,27194660,66996000,1,ok:1,81.57,1.88,7.20,11.38,0.00,1.39,4,4,1,post,2026-03-08T14:57:07.719822382Z,,135.803,join_observed,2026-03-08T14:57:07.719822382Z,135.803,,,,join-irs3-1772981825,join,join-irs3-1772981825,18,"[[""reshare_complete"", ""2026-02-28T13:26:09.415977462Z""], [""reshare_ack"", ""2026-03-07T13:25:27.785477453Z""], [""reshare_keygen_start"", ""2026-03-07T13:25:31.674023016Z""], [""join_submit"", ""2026-03-08T14:57:07.699720706Z""], [""join_observed"", ""2026-03-08T14:57:07.719822382Z""]]"
2026-03-08T14:59:24.941804Z,join_1772981825,join_wait_reshare,100.00,30.73,2069229654,4548208902,36314,29681,27241880,67026039,0,0,10906,358,36314,29681,27230974,67025681,1,ok:1,91.84,1.88,7.24,11.38,0.00,1.39,4,4,1,post,2026-03-08T14:57:07.719822382Z,,137.222,join_observed,2026-03-08T14:57:07.719822382Z,137.222,,,,join-irs3-1772981825,join,join-irs3-1772981825,18,"[[""reshare_complete"", ""2026-02-28T13:26:09.415977462Z""], [""reshare_ack"", ""2026-03-07T13:25:27.785477453Z""], [""reshare_keygen_start"", ""2026-03-07T13:25:31.674023016Z""], [""join_submit"", ""2026-03-08T14:57:07.699720706Z""], [""join_observed"", ""2026-03-08T14:57:07.719822382Z""]]"
2026-03-08T14:59:26.303121Z,join_1772981825,join_wait_reshare,100.00,30.74,2069271338,4548258637,41684,49735,27283564,67075774,178,179,11084,537,41506,49556,27272480,67075237,1,ok:3,86.97,1.89,8.10,11.38,0.00,1.39,4,4,1,post,2026-03-08T14:57:07.719822382Z,,138.583,join_observed,2026-03-08T14:57:07.719822382Z,138.583,,,,join-irs3-1772981825,join,join-irs3-1772981825,18,"[[""reshare_complete"", ""2026-02-28T13:26:09.415977462Z""], [""reshare_ack"", ""2026-03-07T13:25:27.785477453Z""], [""reshare_keygen_start"", ""2026-03-07T13:25:31.674023016Z""], [""join_submit"", ""2026-03-08T14:57:07.699720706Z""], [""join_observed"", ""2026-03-08T14:57:07.719822382Z""]]"
2026-03-08T14:59:27.698286Z,join_1772981825,join_wait_reshare,100.00,30.74,2069335515,4548314174,64177,55537,27347741,67131311,0,0,11084,537,64177,55537,27336657,67130774,1,ok:1,88.03,1.89,9.76,11.38,0.18,1.39,4,4,1,post,2026-03-08T14:57:07.719822382Z,,139.978,join_observed,2026-03-08T14:57:07.719822382Z,139.978,,,,join-irs3-1772981825,join,join-irs3-1772981825,18,"[[""reshare_complete"", ""2026-02-28T13:26:09.415977462Z""], [""reshare_ack"", ""2026-03-07T13:25:27.785477453Z""], [""reshare_keygen_start"", ""2026-03-07T13:25:31.674023016Z""], [""join_submit"", ""2026-03-08T14:57:07.699720706Z""], [""join_observed"", ""2026-03-08T14:57:07.719822382Z""]]"
2026-03-08T14:59:29.160061Z,join_1772981825,join_wait_reshare,100.00,30.75,2069398231,4548369280,62716,55106,27410457,67186417,0,0,11084,537,62716,55106,27399373,67185880,1,ok:1,89.07,1.91,8.99,11.38,0.00,1.39,4,4,1,post,2026-03-08T14:57:07.719822382Z,,141.440,join_observed,2026-03-08T14:57:07.719822382Z,141.440,,,,join-irs3-1772981825,join,join-irs3-1772981825,18,"[[""reshare_complete"", ""2026-02-28T13:26:09.415977462Z""], [""reshare_ack"", ""2026-03-07T13:25:27.785477453Z""], [""reshare_keygen_start"", ""2026-03-07T13:25:31.674023016Z""], [""join_submit"", ""2026-03-08T14:57:07.699720706Z""], [""join_observed"", ""2026-03-08T14:57:07.719822382Z""]]"
2026-03-08T14:59:30.407681Z,join_1772981825,join_wait_reshare,100.00,30.75,2069428617,4548415563,30386,46283,27440843,67232700,0,0,11084,537,30386,46283,27429759,67232163,1,ok:1,90.45,1.91,5.56,11.38,0.00,1.39,4,4,1,post,2026-03-08T14:57:07.719822382Z,,142.688,join_observed,2026-03-08T14:57:07.719822382Z,142.688,,,,join-irs3-1772981825,join,join-irs3-1772981825,18,"[[""reshare_complete"", ""2026-02-28T13:26:09.415977462Z""], [""reshare_ack"", ""2026-03-07T13:25:27.785477453Z""], [""reshare_keygen_start"", ""2026-03-07T13:25:31.674023016Z""], [""join_submit"", ""2026-03-08T14:57:07.699720706Z""], [""join_observed"", ""2026-03-08T14:57:07.719822382Z""]]"
2026-03-08T14:59:31.686704Z,join_1772981825,join_wait_reshare,100.00,30.76,2069479533,4548465431,50916,49868,27491759,67282568,0,0,11084,537,50916,49868,27480675,67282031,1,ok:1,86.20,1.91,9.60,11.38,0.00,1.39,4,4,1,post,2026-03-08T14:57:07.719822382Z,,143.967,join_observed,2026-03-08T14:57:07.719822382Z,143.967,,,,join-irs3-1772981825,join,join-irs3-1772981825,18,"[[""reshare_complete"", ""2026-02-28T13:26:09.415977462Z""], [""reshare_ack"", ""2026-03-07T13:25:27.785477453Z""], [""reshare_keygen_start"", ""2026-03-07T13:25:31.674023016Z""], [""join_submit"", ""2026-03-08T14:57:07.699720706Z""], [""join_observed"", ""2026-03-08T14:57:07.719822382Z""]]"
2026-03-08T14:59:33.095855Z,join_1772981825,join_wait_reshare,100.00,30.76,2069552753,4548524594,73220,59163,27564979,67341731,0,0,11084,537,73220,59163,27553895,67341194,1,ok:1,89.86,1.91,11.11,11.38,0.19,1.39,4,4,1,post,2026-03-08T14:57:07.719822382Z,,145.376,join_observed,2026-03-08T14:57:07.719822382Z,145.376,,,,join-irs3-1772981825,join,join-irs3-1772981825,18,"[[""reshare_complete"", ""2026-02-28T13:26:09.415977462Z""], [""reshare_ack"", ""2026-03-07T13:25:27.785477453Z""], [""reshare_keygen_start"", ""2026-03-07T13:25:31.674023016Z""], [""join_submit"", ""2026-03-08T14:57:07.699720706Z""], [""join_observed"", ""2026-03-08T14:57:07.719822382Z""]]"
2026-03-08T14:59:34.556734Z,join_1772981825,join_wait_reshare,100.00,30.76,2069587700,4548560470,34947,35876,27599926,67377607,178,179,11262,716,34769,35697,27588664,67376891,1,ok:3,89.15,1.91,6.76,11.38,0.00,1.39,4,4,1,post,2026-03-08T14:57:07.719822382Z,,146.837,join_observed,2026-03-08T14:57:07.719822382Z,146.837,,,,join-irs3-1772981825,join,join-irs3-1772981825,18,"[[""reshare_complete"", ""2026-02-28T13:26:09.415977462Z""], [""reshare_ack"", ""2026-03-07T13:25:27.785477453Z""], [""reshare_keygen_start"", ""2026-03-07T13:25:31.674023016Z""], [""join_submit"", ""2026-03-08T14:57:07.699720706Z""], [""join_observed"", ""2026-03-08T14:57:07.719822382Z""]]"
2026-03-08T14:59:36.077456Z,join_1772981825,join_wait_reshare,100.00,30.77,2069652550,4548625917,64850,65447,27664776,67443054,0,0,11262,716,64850,65447,27653514,67442338,1,ok:1,88.40,1.91,8.87,11.38,0.00,1.39,4,4,1,post,2026-03-08T14:57:07.719822382Z,,148.358,join_observed,2026-03-08T14:57:07.719822382Z,148.358,,,,join-irs3-1772981825,join,join-irs3-1772981825,18,"[[""reshare_complete"", ""2026-02-28T13:26:09.415977462Z""], [""reshare_ack"", ""2026-03-07T13:25:27.785477453Z""], [""reshare_keygen_start"", ""2026-03-07T13:25:31.674023016Z""], [""join_submit"", ""2026-03-08T14:57:07.699720706Z""], [""join_observed"", ""2026-03-08T14:57:07.719822382Z""]]"
2026-03-08T14:59:37.567251Z,join_1772981825,join_wait_reshare,100.00,30.77,2069709132,4548687627,56582,61710,27721358,67504764,0,0,11262,716,56582,61710,27710096,67504048,1,ok:1,83.36,1.91,11.26,11.38,0.00,1.39,4,4,1,post,2026-03-08T14:57:07.719822382Z,,149.847,join_observed,2026-03-08T14:57:07.719822382Z,149.847,,,,join-irs3-1772981825,join,join-irs3-1772981825,18,"[[""reshare_complete"", ""2026-02-28T13:26:09.415977462Z""], [""reshare_ack"", ""2026-03-07T13:25:27.785477453Z""], [""reshare_keygen_start"", ""2026-03-07T13:25:31.674023016Z""], [""join_submit"", ""2026-03-08T14:57:07.699720706Z""], [""join_observed"", ""2026-03-08T14:57:07.719822382Z""]]"
2026-03-08T14:59:39.052167Z,join_1772981825,join_wait_reshare,100.00,30.77,2069763818,4548739425,54686,51798,27776044,67556562,0,0,11262,716,54686,51798,27764782,67555846,1,ok:1,92.57,1.91,6.59,11.38,0.00,1.39,4,4,1,post,2026-03-08T14:57:07.719822382Z,,151.332,join_observed,2026-03-08T14:57:07.719822382Z,151.332,,,,join-irs3-1772981825,join,join-irs3-1772981825,18,"[[""reshare_complete"", ""2026-02-28T13:26:09.415977462Z""], [""reshare_ack"", ""2026-03-07T13:25:27.785477453Z""], [""reshare_keygen_start"", ""2026-03-07T13:25:31.674023016Z""], [""join_submit"", ""2026-03-08T14:57:07.699720706Z""], [""join_observed"", ""2026-03-08T14:57:07.719822382Z""]]"
2026-03-08T14:59:40.456490Z,join_1772981825,join_wait_reshare,100.00,30.78,2069819745,4548781657,55927,42232,27831971,67598794,0,0,11262,716,55927,42232,27820709,67598078,1,ok:1,85.96,1.91,6.94,11.38,0.00,1.39,4,4,1,post,2026-03-08T14:57:07.719822382Z,,152.737,join_observed,2026-03-08T14:57:07.719822382Z,152.737,,,,join-irs3-1772981825,join,join-irs3-1772981825,18,"[[""reshare_complete"", ""2026-02-28T13:26:09.415977462Z""], [""reshare_ack"", ""2026-03-07T13:25:27.785477453Z""], [""reshare_keygen_start"", ""2026-03-07T13:25:31.674023016Z""], [""join_submit"", ""2026-03-08T14:57:07.699720706Z""], [""join_observed"", ""2026-03-08T14:57:07.719822382Z""]]"
2026-03-08T14:59:41.673180Z,join_1772981825,join_wait_reshare,100.00,30.77,2069886439,4548845150,66694,63493,27898665,67662287,0,0,11262,716,66694,63493,27887403,67661571,1,ok:1,83.96,1.91,8.20,11.38,0.00,1.39,4,4,1,post,2026-03-08T14:57:07.719822382Z,,153.953,join_observed,2026-03-08T14:57:07.719822382Z,153.953,,,,join-irs3-1772981825,join,join-irs3-1772981825,18,"[[""reshare_complete"", ""2026-02-28T13:26:09.415977462Z""], [""reshare_ack"", ""2026-03-07T13:25:27.785477453Z""], [""reshare_keygen_start"", ""2026-03-07T13:25:31.674023016Z""], [""join_submit"", ""2026-03-08T14:57:07.699720706Z""], [""join_observed"", ""2026-03-08T14:57:07.719822382Z""]]"
2026-03-08T14:59:43.071838Z,join_1772981825,join_wait_reshare,100.00,30.77,2069941016,4548912089,54577,66939,27953242,67729226,0,0,11262,716,54577,66939,27941980,67728510,1,ok:1,92.83,1.91,12.09,11.38,0.00,1.39,4,4,1,post,2026-03-08T14:57:07.719822382Z,,155.352,join_observed,2026-03-08T14:57:07.719822382Z,155.352,,,,join-irs3-1772981825,join,join-irs3-1772981825,18,"[[""reshare_complete"", ""2026-02-28T13:26:09.415977462Z""], [""reshare_ack"", ""2026-03-07T13:25:27.785477453Z""], [""reshare_keygen_start"", ""2026-03-07T13:25:31.674023016Z""], [""join_submit"", ""2026-03-08T14:57:07.699720706Z""], [""join_observed"", ""2026-03-08T14:57:07.719822382Z""]]"
2026-03-08T14:59:44.557074Z,join_1772981825,join_wait_reshare,100.00,30.78,2069994046,4548964567,53030,52478,28006272,67781704,0,0,11262,716,53030,52478,27995010,67780988,1,ok:1,86.94,1.91,6.44,11.38,0.36,1.39,4,4,1,post,2026-03-08T14:57:07.719822382Z,,156.837,join_observed,2026-03-08T14:57:07.719822382Z,156.837,,,,join-irs3-1772981825,join,join-irs3-1772981825,18,"[[""reshare_complete"", ""2026-02-28T13:26:09.415977462Z""], [""reshare_ack"", ""2026-03-07T13:25:27.785477453Z""], [""reshare_keygen_start"", ""2026-03-07T13:25:31.674023016Z""], [""join_submit"", ""2026-03-08T14:57:07.699720706Z""], [""join_observed"", ""2026-03-08T14:57:07.719822382Z""]]"
2026-03-08T14:59:45.988623Z,join_1772981825,join_wait_reshare,100.00,30.78,2070049403,4549017735,55357,53168,28061629,67834872,0,0,11262,716,55357,53168,28050367,67834156,1,ok:1,87.56,1.91,8.57,11.38,0.00,1.39,4,4,1,post,2026-03-08T14:57:07.719822382Z,,158.269,join_observed,2026-03-08T14:57:07.719822382Z,158.269,,,,join-irs3-1772981825,join,join-irs3-1772981825,18,"[[""reshare_complete"", ""2026-02-28T13:26:09.415977462Z""], [""reshare_ack"", ""2026-03-07T13:25:27.785477453Z""], [""reshare_keygen_start"", ""2026-03-07T13:25:31.674023016Z""], [""join_submit"", ""2026-03-08T14:57:07.699720706Z""], [""join_observed"", ""2026-03-08T14:57:07.719822382Z""]]"
2026-03-08T14:59:47.448326Z,join_1772981825,join_wait_reshare,100.00,30.78,2070101024,4549076476,51621,58741,28113250,67893613,0,0,11262,716,51621,58741,28101988,67892897,1,ok:1,87.41,1.91,10.84,11.38,0.00,1.39,4,4,1,post,2026-03-08T14:57:07.719822382Z,,159.729,join_observed,2026-03-08T14:57:07.719822382Z,159.729,,,,join-irs3-1772981825,join,join-irs3-1772981825,18,"[[""reshare_complete"", ""2026-02-28T13:26:09.415977462Z""], [""reshare_ack"", ""2026-03-07T13:25:27.785477453Z""], [""reshare_keygen_start"", ""2026-03-07T13:25:31.674023016Z""], [""join_submit"", ""2026-03-08T14:57:07.699720706Z""], [""join_observed"", ""2026-03-08T14:57:07.719822382Z""]]"
2026-03-08T14:59:48.714951Z,join_1772981825,join_wait_reshare,100.00,30.78,2070186761,4549144099,85737,67623,28198987,67961236,0,0,11262,716,85737,67623,28187725,67960520,1,ok:1,81.16,1.91,8.22,11.38,0.00,1.39,4,4,1,post,2026-03-08T14:57:07.719822382Z,,160.995,join_observed,2026-03-08T14:57:07.719822382Z,160.995,,,,join-irs3-1772981825,join,join-irs3-1772981825,18,"[[""reshare_complete"", ""2026-02-28T13:26:09.415977462Z""], [""reshare_ack"", ""2026-03-07T13:25:27.785477453Z""], [""reshare_keygen_start"", ""2026-03-07T13:25:31.674023016Z""], [""join_submit"", ""2026-03-08T14:57:07.699720706Z""], [""join_observed"", ""2026-03-08T14:57:07.719822382Z""]]"
2026-03-08T14:59:50.082321Z,join_1772981825,join_wait_reshare,100.00,30.78,2070210959,4549165714,24198,21615,28223185,67982851,0,0,11262,716,24198,21615,28211923,67982135,1,ok:1,92.52,1.91,7.09,11.38,0.00,1.39,4,4,1,post,2026-03-08T14:57:07.719822382Z,,162.362,join_observed,2026-03-08T14:57:07.719822382Z,162.362,,,,join-irs3-1772981825,join,join-irs3-1772981825,18,"[[""reshare_complete"", ""2026-02-28T13:26:09.415977462Z""], [""reshare_ack"", ""2026-03-07T13:25:27.785477453Z""], [""reshare_keygen_start"", ""2026-03-07T13:25:31.674023016Z""], [""join_submit"", ""2026-03-08T14:57:07.699720706Z""], [""join_observed"", ""2026-03-08T14:57:07.719822382Z""]]"
2026-03-08T14:59:51.404988Z,join_1772981825,join_wait_reshare,100.00,30.78,2070262191,4549223597,51232,57883,28274417,68040734,0,0,11262,716,51232,57883,28263155,68040018,1,ok:1,87.00,1.92,7.69,11.38,0.00,1.39,4,4,1,post,2026-03-08T14:57:07.719822382Z,,163.685,join_observed,2026-03-08T14:57:07.719822382Z,163.685,,,,join-irs3-1772981825,join,join-irs3-1772981825,18,"[[""reshare_complete"", ""2026-02-28T13:26:09.415977462Z""], [""reshare_ack"", ""2026-03-07T13:25:27.785477453Z""], [""reshare_keygen_start"", ""2026-03-07T13:25:31.674023016Z""], [""join_submit"", ""2026-03-08T14:57:07.699720706Z""], [""join_observed"", ""2026-03-08T14:57:07.719822382Z""]]"
2026-03-08T14:59:52.815415Z,join_1772981825,join_wait_reshare,100.00,30.78,2070331969,4549303021,69778,79424,28344195,68120158,0,0,11262,716,69778,79424,28332933,68119442,1,ok:1,83.86,1.92,14.26,11.38,0.00,1.39,4,4,1,post,2026-03-08T14:57:07.719822382Z,,165.096,join_observed,2026-03-08T14:57:07.719822382Z,165.096,,,,join-irs3-1772981825,join,join-irs3-1772981825,18,"[[""reshare_complete"", ""2026-02-28T13:26:09.415977462Z""], [""reshare_ack"", ""2026-03-07T13:25:27.785477453Z""], [""reshare_keygen_start"", ""2026-03-07T13:25:31.674023016Z""], [""join_submit"", ""2026-03-08T14:57:07.699720706Z""], [""join_observed"", ""2026-03-08T14:57:07.719822382Z""]]"
2026-03-08T14:59:54.201491Z,join_1772981825,join_wait_reshare,100.00,30.78,2070382586,4549342004,50617,38983,28394812,68159141,0,0,11262,716,50617,38983,28383550,68158425,1,ok:1,93.38,1.92,6.26,11.38,0.00,1.39,4,4,1,post,2026-03-08T14:57:07.719822382Z,,166.482,join_observed,2026-03-08T14:57:07.719822382Z,166.482,,,,join-irs3-1772981825,join,join-irs3-1772981825,18,"[[""reshare_complete"", ""2026-02-28T13:26:09.415977462Z""], [""reshare_ack"", ""2026-03-07T13:25:27.785477453Z""], [""reshare_keygen_start"", ""2026-03-07T13:25:31.674023016Z""], [""join_submit"", ""2026-03-08T14:57:07.699720706Z""], [""join_observed"", ""2026-03-08T14:57:07.719822382Z""]]"
2026-03-08T14:59:55.708013Z,join_1772981825,join_wait_reshare,100.00,30.78,2070432301,4549383236,49715,41232,28444527,68200373,0,0,11262,716,49715,41232,28433265,68199657,1,ok:1,91.19,1.92,8.45,11.38,0.00,1.39,4,4,1,post,2026-03-08T14:57:07.719822382Z,,167.988,join_observed,2026-03-08T14:57:07.719822382Z,167.988,,,,join-irs3-1772981825,join,join-irs3-1772981825,18,"[[""reshare_complete"", ""2026-02-28T13:26:09.415977462Z""], [""reshare_ack"", ""2026-03-07T13:25:27.785477453Z""], [""reshare_keygen_start"", ""2026-03-07T13:25:31.674023016Z""], [""join_submit"", ""2026-03-08T14:57:07.699720706Z""], [""join_observed"", ""2026-03-08T14:57:07.719822382Z""]]"
2026-03-08T14:59:57.270986Z,join_1772981825,join_wait_reshare,100.00,30.78,2070481656,4549430449,49355,47213,28493882,68247586,0,0,11262,716,49355,47213,28482620,68246870,1,ok:1,88.19,1.92,8.49,11.38,0.00,1.39,4,4,1,post,2026-03-08T14:57:07.719822382Z,,169.551,join_observed,2026-03-08T14:57:07.719822382Z,169.551,,,,join-irs3-1772981825,join,join-irs3-1772981825,18,"[[""reshare_complete"", ""2026-02-28T13:26:09.415977462Z""], [""reshare_ack"", ""2026-03-07T13:25:27.785477453Z""], [""reshare_keygen_start"", ""2026-03-07T13:25:31.674023016Z""], [""join_submit"", ""2026-03-08T14:57:07.699720706Z""], [""join_observed"", ""2026-03-08T14:57:07.719822382Z""]]"
2026-03-08T14:59:58.713365Z,join_1772981825,join_wait_reshare,100.00,30.79,2070556595,4549504527,74939,74078,28568821,68321664,0,0,11262,716,74939,74078,28557559,68320948,1,ok:1,83.07,1.92,9.90,11.38,0.00,1.39,4,4,1,post,2026-03-08T14:57:07.719822382Z,,170.994,join_observed,2026-03-08T14:57:07.719822382Z,170.994,,,,join-irs3-1772981825,join,join-irs3-1772981825,18,"[[""reshare_complete"", ""2026-02-28T13:26:09.415977462Z""], [""reshare_ack"", ""2026-03-07T13:25:27.785477453Z""], [""reshare_keygen_start"", ""2026-03-07T13:25:31.674023016Z""], [""join_submit"", ""2026-03-08T14:57:07.699720706Z""], [""join_observed"", ""2026-03-08T14:57:07.719822382Z""]]"
2026-03-08T14:59:59.955937Z,join_1772981825,join_wait_reshare,100.00,30.79,2070594868,4549533340,38273,28813,28607094,68350477,0,0,11262,716,38273,28813,28595832,68349761,1,ok:1,85.44,1.92,6.24,11.38,0.00,1.39,4,4,1,post,2026-03-08T14:57:07.719822382Z,,172.236,join_observed,2026-03-08T14:57:07.719822382Z,172.236,,,,join-irs3-1772981825,join,join-irs3-1772981825,18,"[[""reshare_complete"", ""2026-02-28T13:26:09.415977462Z""], [""reshare_ack"", ""2026-03-07T13:25:27.785477453Z""], [""reshare_keygen_start"", ""2026-03-07T13:25:31.674023016Z""], [""join_submit"", ""2026-03-08T14:57:07.699720706Z""], [""join_observed"", ""2026-03-08T14:57:07.719822382Z""]]"
2026-03-08T15:00:01.316591Z,join_1772981825,join_wait_reshare,100.00,30.79,2070632341,4549568430,37473,35090,28644567,68385567,0,0,11262,716,37473,35090,28633305,68384851,1,ok:1,93.56,1.92,8.25,11.38,0.20,1.39,4,4,1,post,2026-03-08T14:57:07.719822382Z,,173.597,join_observed,2026-03-08T14:57:07.719822382Z,173.597,,,,join-irs3-1772981825,join,join-irs3-1772981825,18,"[[""reshare_complete"", ""2026-02-28T13:26:09.415977462Z""], [""reshare_ack"", ""2026-03-07T13:25:27.785477453Z""], [""reshare_keygen_start"", ""2026-03-07T13:25:31.674023016Z""], [""join_submit"", ""2026-03-08T14:57:07.699720706Z""], [""join_observed"", ""2026-03-08T14:57:07.719822382Z""]]"
2026-03-08T15:00:02.530252Z,join_1772981825,join_wait_reshare,100.00,30.79,2070691129,4549649645,58788,81215,28703355,68466782,0,0,11262,716,58788,81215,28692093,68466066,1,ok:1,81.43,1.92,11.76,11.38,0.00,1.39,4,4,1,post,2026-03-08T14:57:07.719822382Z,,174.810,join_observed,2026-03-08T14:57:07.719822382Z,174.810,,,,join-irs3-1772981825,join,join-irs3-1772981825,18,"[[""reshare_complete"", ""2026-02-28T13:26:09.415977462Z""], [""reshare_ack"", ""2026-03-07T13:25:27.785477453Z""], [""reshare_keygen_start"", ""2026-03-07T13:25:31.674023016Z""], [""join_submit"", ""2026-03-08T14:57:07.699720706Z""], [""join_observed"", ""2026-03-08T14:57:07.719822382Z""]]"
2026-03-08T15:00:04.048030Z,join_1772981825,join_wait_reshare,100.00,30.68,2070749311,4549704357,58182,54712,28761537,68521494,0,0,11262,716,58182,54712,28750275,68520778,1,ok:1,93.63,1.92,10.68,11.38,1.03,1.22,4,4,1,post,2026-03-08T14:57:07.719822382Z,,176.328,join_observed,2026-03-08T14:57:07.719822382Z,176.328,,,,join-irs3-1772981825,join,join-irs3-1772981825,18,"[[""reshare_complete"", ""2026-02-28T13:26:09.415977462Z""], [""reshare_ack"", ""2026-03-07T13:25:27.785477453Z""], [""reshare_keygen_start"", ""2026-03-07T13:25:31.674023016Z""], [""join_submit"", ""2026-03-08T14:57:07.699720706Z""], [""join_observed"", ""2026-03-08T14:57:07.719822382Z""]]"
2026-03-08T15:00:05.549973Z,join_1772981825,join_wait_reshare,100.00,30.68,2070787167,4549747412,37856,43055,28799393,68564549,0,0,11262,716,37856,43055,28788131,68563833,1,ok:1,87.93,1.92,6.12,11.38,0.00,1.22,4,4,1,post,2026-03-08T14:57:07.719822382Z,,177.830,join_observed,2026-03-08T14:57:07.719822382Z,177.830,,,,join-irs3-1772981825,join,join-irs3-1772981825,18,"[[""reshare_complete"", ""2026-02-28T13:26:09.415977462Z""], [""reshare_ack"", ""2026-03-07T13:25:27.785477453Z""], [""reshare_keygen_start"", ""2026-03-07T13:25:31.674023016Z""], [""join_submit"", ""2026-03-08T14:57:07.699720706Z""], [""join_observed"", ""2026-03-08T14:57:07.719822382Z""]]"
2026-03-08T15:00:07.188369Z,join_1772981825,join_wait_reshare,100.00,30.68,2070833491,4549812986,46324,65574,28845717,68630123,0,0,11262,716,46324,65574,28834455,68629407,1,ok:1,92.95,1.92,10.16,11.38,0.00,1.22,4,4,1,post,2026-03-08T14:57:07.719822382Z,,179.469,join_observed,2026-03-08T14:57:07.719822382Z,179.469,,,,join-irs3-1772981825,join,join-irs3-1772981825,18,"[[""reshare_complete"", ""2026-02-28T13:26:09.415977462Z""], [""reshare_ack"", ""2026-03-07T13:25:27.785477453Z""], [""reshare_keygen_start"", ""2026-03-07T13:25:31.674023016Z""], [""join_submit"", ""2026-03-08T14:57:07.699720706Z""], [""join_observed"", ""2026-03-08T14:57:07.719822382Z""]]"
2026-03-08T15:00:08.661772Z,join_1772981825,join_wait_reshare,100.00,30.68,2070925548,4549891225,92057,78239,28937774,68708362,0,0,11262,716,92057,78239,28926512,68707646,1,ok:1,77.24,1.92,10.53,11.38,0.00,1.22,4,4,1,post,2026-03-08T14:57:07.719822382Z,,180.942,join_observed,2026-03-08T14:57:07.719822382Z,180.942,,,,join-irs3-1772981825,join,join-irs3-1772981825,18,"[[""reshare_complete"", ""2026-02-28T13:26:09.415977462Z""], [""reshare_ack"", ""2026-03-07T13:25:27.785477453Z""], [""reshare_keygen_start"", ""2026-03-07T13:25:31.674023016Z""], [""join_submit"", ""2026-03-08T14:57:07.699720706Z""], [""join_observed"", ""2026-03-08T14:57:07.719822382Z""]]"
2026-03-08T15:00:10.090219Z,join_1772981825,join_wait_reshare,100.00,30.68,2070970649,4549941263,45101,50038,28982875,68758400,0,0,11262,716,45101,50038,28971613,68757684,1,ok:1,90.86,1.92,5.75,11.38,0.00,1.22,4,4,1,post,2026-03-08T14:57:07.719822382Z,,182.370,join_observed,2026-03-08T14:57:07.719822382Z,182.370,,,,join-irs3-1772981825,join,join-irs3-1772981825,18,"[[""reshare_complete"", ""2026-02-28T13:26:09.415977462Z""], [""reshare_ack"", ""2026-03-07T13:25:27.785477453Z""], [""reshare_keygen_start"", ""2026-03-07T13:25:31.674023016Z""], [""join_submit"", ""2026-03-08T14:57:07.699720706Z""], [""join_observed"", ""2026-03-08T14:57:07.719822382Z""]]"
2026-03-08T15:00:11.375495Z,join_1772981825,join_wait_reshare,100.00,30.68,2071024899,4550001158,54250,59895,29037125,68818295,0,0,11262,716,54250,59895,29025863,68817579,1,ok:1,88.43,1.92,6.74,11.38,0.00,1.22,4,4,1,post,2026-03-08T14:57:07.719822382Z,,183.656,join_observed,2026-03-08T14:57:07.719822382Z,183.656,,,,join-irs3-1772981825,join,join-irs3-1772981825,18,"[[""reshare_complete"", ""2026-02-28T13:26:09.415977462Z""], [""reshare_ack"", ""2026-03-07T13:25:27.785477453Z""], [""reshare_keygen_start"", ""2026-03-07T13:25:31.674023016Z""], [""join_submit"", ""2026-03-08T14:57:07.699720706Z""], [""join_observed"", ""2026-03-08T14:57:07.719822382Z""]]"
2026-03-08T15:00:12.873837Z,join_1772981825,join_wait_reshare,100.00,30.68,2071090343,4550067821,65444,66663,29102569,68884958,0,0,11262,716,65444,66663,29091307,68884242,1,ok:1,91.96,1.92,13.14,11.38,0.20,1.22,4,4,1,post,2026-03-08T14:57:07.719822382Z,,185.154,join_observed,2026-03-08T14:57:07.719822382Z,185.154,,,,join-irs3-1772981825,join,join-irs3-1772981825,18,"[[""reshare_complete"", ""2026-02-28T13:26:09.415977462Z""], [""reshare_ack"", ""2026-03-07T13:25:27.785477453Z""], [""reshare_keygen_start"", ""2026-03-07T13:25:31.674023016Z""], [""join_submit"", ""2026-03-08T14:57:07.699720706Z""], [""join_observed"", ""2026-03-08T14:57:07.719822382Z""]]"
2026-03-08T15:00:14.307944Z,join_1772981825,join_wait_reshare,100.00,30.68,2071141487,4550129304,51144,61483,29153713,68946441,0,0,11262,716,51144,61483,29142451,68945725,1,ok:1,85.91,1.92,6.38,11.38,0.17,1.22,4,4,1,post,2026-03-08T14:57:07.719822382Z,,186.588,join_observed,2026-03-08T14:57:07.719822382Z,186.588,,,,join-irs3-1772981825,join,join-irs3-1772981825,18,"[[""reshare_complete"", ""2026-02-28T13:26:09.415977462Z""], [""reshare_ack"", ""2026-03-07T13:25:27.785477453Z""], [""reshare_keygen_start"", ""2026-03-07T13:25:31.674023016Z""], [""join_submit"", ""2026-03-08T14:57:07.699720706Z""], [""join_observed"", ""2026-03-08T14:57:07.719822382Z""]]"
2026-03-08T15:00:15.764296Z,join_1772981825,join_wait_reshare,100.00,30.68,2071191636,4550183704,50149,54400,29203862,69000841,0,0,11262,716,50149,54400,29192600,69000125,1,ok:1,87.43,1.92,6.46,11.38,0.17,1.22,4,4,1,post,2026-03-08T14:57:07.719822382Z,,188.044,join_observed,2026-03-08T14:57:07.719822382Z,188.044,,,,join-irs3-1772981825,join,join-irs3-1772981825,18,"[[""reshare_complete"", ""2026-02-28T13:26:09.415977462Z""], [""reshare_ack"", ""2026-03-07T13:25:27.785477453Z""], [""reshare_keygen_start"", ""2026-03-07T13:25:31.674023016Z""], [""join_submit"", ""2026-03-08T14:57:07.699720706Z""], [""join_observed"", ""2026-03-08T14:57:07.719822382Z""]]"
2026-03-08T15:00:17.321152Z,join_1772981825,join_wait_reshare,100.00,30.69,2071234839,4550222611,43203,38907,29247065,69039748,0,0,11262,716,43203,38907,29235803,69039032,1,ok:1,93.30,1.92,10.14,11.38,0.00,1.22,4,4,1,post,2026-03-08T14:57:07.719822382Z,,189.601,join_observed,2026-03-08T14:57:07.719822382Z,189.601,,,,join-irs3-1772981825,join,join-irs3-1772981825,18,"[[""reshare_complete"", ""2026-02-28T13:26:09.415977462Z""], [""reshare_ack"", ""2026-03-07T13:25:27.785477453Z""], [""reshare_keygen_start"", ""2026-03-07T13:25:31.674023016Z""], [""join_submit"", ""2026-03-08T14:57:07.699720706Z""], [""join_observed"", ""2026-03-08T14:57:07.719822382Z""]]"
2026-03-08T15:00:18.741992Z,join_1772981825,join_wait_reshare,100.00,30.68,2071304844,4550307669,70005,85058,29317070,69124806,0,0,11262,716,70005,85058,29305808,69124090,1,ok:1,84.75,1.92,7.70,11.38,0.16,1.22,4,4,1,post,2026-03-08T14:57:07.719822382Z,,191.022,join_observed,2026-03-08T14:57:07.719822382Z,191.022,,,,join-irs3-1772981825,join,join-irs3-1772981825,18,"[[""reshare_complete"", ""2026-02-28T13:26:09.415977462Z""], [""reshare_ack"", ""2026-03-07T13:25:27.785477453Z""], [""reshare_keygen_start"", ""2026-03-07T13:25:31.674023016Z""], [""join_submit"", ""2026-03-08T14:57:07.699720706Z""], [""join_observed"", ""2026-03-08T14:57:07.719822382Z""]]"
2026-03-08T15:00:19.969685Z,join_1772981825,join_wait_reshare,100.00,30.68,2071346688,4550333066,41844,25397,29358914,69150203,0,0,11262,716,41844,25397,29347652,69149487,1,ok:1,83.83,1.92,8.08,11.38,0.18,1.22,4,4,1,post,2026-03-08T14:57:07.719822382Z,,192.250,join_observed,2026-03-08T14:57:07.719822382Z,192.250,,,,join-irs3-1772981825,join,join-irs3-1772981825,18,"[[""reshare_complete"", ""2026-02-28T13:26:09.415977462Z""], [""reshare_ack"", ""2026-03-07T13:25:27.785477453Z""], [""reshare_keygen_start"", ""2026-03-07T13:25:31.674023016Z""], [""join_submit"", ""2026-03-08T14:57:07.699720706Z""], [""join_observed"", ""2026-03-08T14:57:07.719822382Z""]]"
2026-03-08T15:00:21.356847Z,join_1772981825,join_wait_reshare,100.00,30.68,2071387419,4550386981,40731,53915,29399645,69204118,0,0,11262,716,40731,53915,29388383,69203402,1,ok:1,95.93,1.92,6.52,11.38,0.00,1.22,4,4,1,post,2026-03-08T14:57:07.719822382Z,,193.637,join_observed,2026-03-08T14:57:07.719822382Z,193.637,,,,join-irs3-1772981825,join,join-irs3-1772981825,18,"[[""reshare_complete"", ""2026-02-28T13:26:09.415977462Z""], [""reshare_ack"", ""2026-03-07T13:25:27.785477453Z""], [""reshare_keygen_start"", ""2026-03-07T13:25:31.674023016Z""], [""join_submit"", ""2026-03-08T14:57:07.699720706Z""], [""join_observed"", ""2026-03-08T14:57:07.719822382Z""]]"
2026-03-08T15:00:22.868668Z,join_1772981825,join_wait_reshare,100.00,30.69,2071447506,4550454135,60087,67154,29459732,69271272,0,0,11262,716,60087,67154,29448470,69270556,1,ok:1,85.79,1.92,12.59,11.38,0.00,1.22,4,4,1,post,2026-03-08T14:57:07.719822382Z,,195.149,join_observed,2026-03-08T14:57:07.719822382Z,195.149,,,,join-irs3-1772981825,join,join-irs3-1772981825,18,"[[""reshare_complete"", ""2026-02-28T13:26:09.415977462Z""], [""reshare_ack"", ""2026-03-07T13:25:27.785477453Z""], [""reshare_keygen_start"", ""2026-03-07T13:25:31.674023016Z""], [""join_submit"", ""2026-03-08T14:57:07.699720706Z""], [""join_observed"", ""2026-03-08T14:57:07.719822382Z""]]"
2026-03-08T15:00:24.313238Z,join_1772981825,join_wait_reshare,100.00,30.67,2071524488,4550524298,76982,70163,29536714,69341435,0,0,11262,716,76982,70163,29525452,69340719,1,ok:1,88.12,1.92,7.43,11.38,0.17,1.22,4,4,1,post,2026-03-08T14:57:07.719822382Z,,196.593,join_observed,2026-03-08T14:57:07.719822382Z,196.593,,,,join-irs3-1772981825,join,join-irs3-1772981825,18,"[[""reshare_complete"", ""2026-02-28T13:26:09.415977462Z""], [""reshare_ack"", ""2026-03-07T13:25:27.785477453Z""], [""reshare_keygen_start"", ""2026-03-07T13:25:31.674023016Z""], [""join_submit"", ""2026-03-08T14:57:07.699720706Z""], [""join_observed"", ""2026-03-08T14:57:07.719822382Z""]]"
2026-03-08T15:00:25.517841Z,join_1772981825,join_wait_reshare,100.00,30.68,2071580872,4550579276,56384,54978,29593098,69396413,0,0,11262,716,56384,54978,29581836,69395697,1,ok:1,83.97,1.92,8.79,11.38,0.00,1.22,4,4,1,post,2026-03-08T14:57:07.719822382Z,,197.798,join_observed,2026-03-08T14:57:07.719822382Z,197.798,,,,join-irs3-1772981825,join,join-irs3-1772981825,18,"[[""reshare_complete"", ""2026-02-28T13:26:09.415977462Z""], [""reshare_ack"", ""2026-03-07T13:25:27.785477453Z""], [""reshare_keygen_start"", ""2026-03-07T13:25:31.674023016Z""], [""join_submit"", ""2026-03-08T14:57:07.699720706Z""], [""join_observed"", ""2026-03-08T14:57:07.719822382Z""]]"
2026-03-08T15:00:27.036299Z,join_1772981825,join_wait_reshare,100.00,30.68,2071607458,4550626543,26586,47267,29619684,69443680,0,0,11262,716,26586,47267,29608422,69442964,1,ok:1,94.76,1.92,9.22,11.38,0.00,1.22,4,4,1,post,2026-03-08T14:57:07.719822382Z,,199.316,join_observed,2026-03-08T14:57:07.719822382Z,199.316,,,,join-irs3-1772981825,join,join-irs3-1772981825,18,"[[""reshare_complete"", ""2026-02-28T13:26:09.415977462Z""], [""reshare_ack"", ""2026-03-07T13:25:27.785477453Z""], [""reshare_keygen_start"", ""2026-03-07T13:25:31.674023016Z""], [""join_submit"", ""2026-03-08T14:57:07.699720706Z""], [""join_observed"", ""2026-03-08T14:57:07.719822382Z""]]"
2026-03-08T15:00:28.402120Z,join_1772981825,join_wait_reshare,100.00,30.68,2071704953,4550726957,97495,100414,29717179,69544094,0,0,11262,716,97495,100414,29705917,69543378,1,ok:1,80.03,1.92,10.73,11.38,0.00,1.22,4,4,1,post,2026-03-08T14:57:07.719822382Z,,200.682,join_observed,2026-03-08T14:57:07.719822382Z,200.682,,,,join-irs3-1772981825,join,join-irs3-1772981825,18,"[[""reshare_complete"", ""2026-02-28T13:26:09.415977462Z""], [""reshare_ack"", ""2026-03-07T13:25:27.785477453Z""], [""reshare_keygen_start"", ""2026-03-07T13:25:31.674023016Z""], [""join_submit"", ""2026-03-08T14:57:07.699720706Z""], [""join_observed"", ""2026-03-08T14:57:07.719822382Z""]]"
2026-03-08T15:00:29.661078Z,join_1772981825,join_wait_reshare,100.00,30.68,2071740731,4550771212,35778,44255,29752957,69588349,11267,179,22529,895,24511,44076,29730428,69587454,1,ok:2,90.69,1.92,6.93,11.38,0.18,1.22,4,4,1,post,2026-03-08T14:57:07.719822382Z,,201.941,join_observed,2026-03-08T14:57:07.719822382Z,201.941,,,,join-irs3-1772981825,join,join-irs3-1772981825,18,"[[""reshare_complete"", ""2026-02-28T13:26:09.415977462Z""], [""reshare_ack"", ""2026-03-07T13:25:27.785477453Z""], [""reshare_keygen_start"", ""2026-03-07T13:25:31.674023016Z""], [""join_submit"", ""2026-03-08T14:57:07.699720706Z""], [""join_observed"", ""2026-03-08T14:57:07.719822382Z""]]"
2026-03-08T15:00:31.144092Z,join_1772981825,join_wait_reshare,100.00,30.68,2071780663,4550816263,39932,45051,29792889,69633400,0,0,22529,895,39932,45051,29770360,69632505,1,ok:1,93.86,1.92,8.32,11.38,0.00,1.22,4,4,1,post,2026-03-08T14:57:07.719822382Z,,203.424,join_observed,2026-03-08T14:57:07.719822382Z,203.424,,,,join-irs3-1772981825,join,join-irs3-1772981825,18,"[[""reshare_complete"", ""2026-02-28T13:26:09.415977462Z""], [""reshare_ack"", ""2026-03-07T13:25:27.785477453Z""], [""reshare_keygen_start"", ""2026-03-07T13:25:31.674023016Z""], [""join_submit"", ""2026-03-08T14:57:07.699720706Z""], [""join_observed"", ""2026-03-08T14:57:07.719822382Z""]]"
2026-03-08T15:00:32.513811Z,join_1772981825,join_wait_reshare,100.00,30.68,2071843416,4550879791,62753,63528,29855642,69696928,0,0,22529,895,62753,63528,29833113,69696033,1,ok:1,83.05,1.92,10.68,11.38,0.00,1.22,4,4,1,post,2026-03-08T14:57:07.719822382Z,,204.794,join_observed,2026-03-08T14:57:07.719822382Z,204.794,,,,join-irs3-1772981825,join,join-irs3-1772981825,18,"[[""reshare_complete"", ""2026-02-28T13:26:09.415977462Z""], [""reshare_ack"", ""2026-03-07T13:25:27.785477453Z""], [""reshare_keygen_start"", ""2026-03-07T13:25:31.674023016Z""], [""join_submit"", ""2026-03-08T14:57:07.699720706Z""], [""join_observed"", ""2026-03-08T14:57:07.719822382Z""]]"
2026-03-08T15:00:33.977996Z,join_1772981825,join_wait_reshare,100.00,30.68,2071912016,4550942302,68600,62511,29924242,69759439,0,0,22529,895,68600,62511,29901713,69758544,1,ok:1,88.59,1.92,7.79,11.38,0.00,1.22,4,4,1,post,2026-03-08T14:57:07.719822382Z,,206.258,join_observed,2026-03-08T14:57:07.719822382Z,206.258,,,,join-irs3-1772981825,join,join-irs3-1772981825,18,"[[""reshare_complete"", ""2026-02-28T13:26:09.415977462Z""], [""reshare_ack"", ""2026-03-07T13:25:27.785477453Z""], [""reshare_keygen_start"", ""2026-03-07T13:25:31.674023016Z""], [""join_submit"", ""2026-03-08T14:57:07.699720706Z""], [""join_observed"", ""2026-03-08T14:57:07.719822382Z""]]"
2026-03-08T15:00:35.418436Z,join_1772981825,join_wait_reshare,100.00,30.68,2071950561,4550993098,38545,50796,29962787,69810235,0,0,22529,895,38545,50796,29940258,69809340,1,ok:1,89.54,1.92,6.52,11.38,0.00,1.22,4,4,1,post,2026-03-08T14:57:07.719822382Z,,207.699,join_observed,2026-03-08T14:57:07.719822382Z,207.699,,,,join-irs3-1772981825,join,join-irs3-1772981825,18,"[[""reshare_complete"", ""2026-02-28T13:26:09.415977462Z""], [""reshare_ack"", ""2026-03-07T13:25:27.785477453Z""], [""reshare_keygen_start"", ""2026-03-07T13:25:31.674023016Z""], [""join_submit"", ""2026-03-08T14:57:07.699720706Z""], [""join_observed"", ""2026-03-08T14:57:07.719822382Z""]]"
2026-03-08T15:00:36.687061Z,join_1772981825,join_wait_reshare,100.00,30.68,2072013511,4551052234,62950,59136,30025737,69869371,0,0,22529,895,62950,59136,30003208,69868476,1,ok:1,83.85,1.92,9.72,11.38,0.00,1.22,4,4,1,post,2026-03-08T14:57:07.719822382Z,,208.967,join_observed,2026-03-08T14:57:07.719822382Z,208.967,,,,join-irs3-1772981825,join,join-irs3-1772981825,18,"[[""reshare_complete"", ""2026-02-28T13:26:09.415977462Z""], [""reshare_ack"", ""2026-03-07T13:25:27.785477453Z""], [""reshare_keygen_start"", ""2026-03-07T13:25:31.674023016Z""], [""join_submit"", ""2026-03-08T14:57:07.699720706Z""], [""join_observed"", ""2026-03-08T14:57:07.719822382Z""]]"
2026-03-08T15:00:38.087212Z,join_1772981825,join_wait_reshare,100.00,30.68,2072067492,4551111477,53981,59243,30079718,69928614,0,0,22529,895,53981,59243,30057189,69927719,1,ok:1,88.36,1.92,11.44,11.38,0.00,1.22,4,4,1,post,2026-03-08T14:57:07.719822382Z,,210.367,join_observed,2026-03-08T14:57:07.719822382Z,210.367,,,,join-irs3-1772981825,join,join-irs3-1772981825,18,"[[""reshare_complete"", ""2026-02-28T13:26:09.415977462Z""], [""reshare_ack"", ""2026-03-07T13:25:27.785477453Z""], [""reshare_keygen_start"", ""2026-03-07T13:25:31.674023016Z""], [""join_submit"", ""2026-03-08T14:57:07.699720706Z""], [""join_observed"", ""2026-03-08T14:57:07.719822382Z""]]"
2026-03-08T15:00:39.584010Z,join_1772981825,join_wait_reshare,100.00,30.68,2072122393,4551152301,54901,40824,30134619,69969438,0,0,22529,895,54901,40824,30112090,69968543,1,ok:1,91.07,1.92,5.89,11.38,0.36,1.22,4,4,1,post,2026-03-08T14:57:07.719822382Z,,211.864,join_observed,2026-03-08T14:57:07.719822382Z,211.864,,,,join-irs3-1772981825,join,join-irs3-1772981825,18,"[[""reshare_complete"", ""2026-02-28T13:26:09.415977462Z""], [""reshare_ack"", ""2026-03-07T13:25:27.785477453Z""], [""reshare_keygen_start"", ""2026-03-07T13:25:31.674023016Z""], [""join_submit"", ""2026-03-08T14:57:07.699720706Z""], [""join_observed"", ""2026-03-08T14:57:07.719822382Z""]]"
2026-03-08T15:00:40.958888Z,join_1772981825,join_wait_reshare,100.00,30.68,2072182523,4551208943,60130,56642,30194749,70026080,0,0,22529,895,60130,56642,30172220,70025185,1,ok:1,84.81,1.92,8.51,11.38,0.00,1.22,4,4,1,post,2026-03-08T14:57:07.719822382Z,,213.239,join_observed,2026-03-08T14:57:07.719822382Z,213.239,,,,join-irs3-1772981825,join,join-irs3-1772981825,18,"[[""reshare_complete"", ""2026-02-28T13:26:09.415977462Z""], [""reshare_ack"", ""2026-03-07T13:25:27.785477453Z""], [""reshare_keygen_start"", ""2026-03-07T13:25:31.674023016Z""], [""join_submit"", ""2026-03-08T14:57:07.699720706Z""], [""join_observed"", ""2026-03-08T14:57:07.719822382Z""]]"
2026-03-08T15:00:42.332471Z,join_1772981825,join_wait_reshare,100.00,30.68,2072228000,4551269618,45477,60675,30240226,70086755,0,0,22529,895,45477,60675,30217697,70085860,1,ok:1,90.18,1.92,9.64,11.38,0.18,1.22,4,4,1,post,2026-03-08T14:57:07.719822382Z,,214.613,join_observed,2026-03-08T14:57:07.719822382Z,214.613,,,,join-irs3-1772981825,join,join-irs3-1772981825,18,"[[""reshare_complete"", ""2026-02-28T13:26:09.415977462Z""], [""reshare_ack"", ""2026-03-07T13:25:27.785477453Z""], [""reshare_keygen_start"", ""2026-03-07T13:25:31.674023016Z""], [""join_submit"", ""2026-03-08T14:57:07.699720706Z""], [""join_observed"", ""2026-03-08T14:57:07.719822382Z""]]"
2026-03-08T15:00:43.715568Z,join_1772981825,join_wait_reshare,100.00,30.68,2072298426,4551338330,70426,68712,30310652,70155467,0,0,22529,895,70426,68712,30288123,70154572,1,ok:1,84.52,1.92,8.20,11.38,0.00,1.22,4,4,1,post,2026-03-08T14:57:07.719822382Z,,215.996,join_observed,2026-03-08T14:57:07.719822382Z,215.996,,,,join-irs3-1772981825,join,join-irs3-1772981825,18,"[[""reshare_complete"", ""2026-02-28T13:26:09.415977462Z""], [""reshare_ack"", ""2026-03-07T13:25:27.785477453Z""], [""reshare_keygen_start"", ""2026-03-07T13:25:31.674023016Z""], [""join_submit"", ""2026-03-08T14:57:07.699720706Z""], [""join_observed"", ""2026-03-08T14:57:07.719822382Z""]]"
2026-03-08T15:00:45.071863Z,join_1772981825,join_wait_reshare,100.00,30.68,2072342705,4551384361,44279,46031,30354931,70201498,0,0,22529,895,44279,46031,30332402,70200603,1,ok:1,92.42,1.92,6.68,11.38,0.00,1.22,4,4,1,post,2026-03-08T14:57:07.719822382Z,,217.352,join_observed,2026-03-08T14:57:07.719822382Z,217.352,,,,join-irs3-1772981825,join,join-irs3-1772981825,18,"[[""reshare_complete"", ""2026-02-28T13:26:09.415977462Z""], [""reshare_ack"", ""2026-03-07T13:25:27.785477453Z""], [""reshare_keygen_start"", ""2026-03-07T13:25:31.674023016Z""], [""join_submit"", ""2026-03-08T14:57:07.699720706Z""], [""join_observed"", ""2026-03-08T14:57:07.719822382Z""]]"
2026-03-08T15:00:46.300148Z,join_1772981825,join_wait_reshare,100.00,30.68,2072376165,4551428789,33460,44428,30388391,70245926,0,0,22529,895,33460,44428,30365862,70245031,1,ok:1,83.95,1.92,8.49,11.38,0.00,1.22,4,4,1,post,2026-03-08T14:57:07.719822382Z,,218.580,join_observed,2026-03-08T14:57:07.719822382Z,218.580,,,,join-irs3-1772981825,join,join-irs3-1772981825,18,"[[""reshare_complete"", ""2026-02-28T13:26:09.415977462Z""], [""reshare_ack"", ""2026-03-07T13:25:27.785477453Z""], [""reshare_keygen_start"", ""2026-03-07T13:25:31.674023016Z""], [""join_submit"", ""2026-03-08T14:57:07.699720706Z""], [""join_observed"", ""2026-03-08T14:57:07.719822382Z""]]"
2026-03-08T15:00:47.821637Z,join_1772981825,join_wait_reshare,100.00,30.69,2072432019,4551482945,55854,54156,30444245,70300082,0,0,22529,895,55854,54156,30421716,70299187,1,ok:1,92.46,1.92,14.05,11.38,0.00,1.22,4,4,1,post,2026-03-08T14:57:07.719822382Z,,220.102,join_observed,2026-03-08T14:57:07.719822382Z,220.102,,,,join-irs3-1772981825,join,join-irs3-1772981825,18,"[[""reshare_complete"", ""2026-02-28T13:26:09.415977462Z""], [""reshare_ack"", ""2026-03-07T13:25:27.785477453Z""], [""reshare_keygen_start"", ""2026-03-07T13:25:31.674023016Z""], [""join_submit"", ""2026-03-08T14:57:07.699720706Z""], [""join_observed"", ""2026-03-08T14:57:07.719822382Z""]]"
2026-03-08T15:00:49.067255Z,join_1772981825,join_wait_reshare,100.00,30.68,2072510819,4551555466,78800,72521,30523045,70372603,0,0,22529,895,78800,72521,30500516,70371708,1,ok:1,81.97,1.92,6.72,11.38,0.16,1.22,4,4,1,post,2026-03-08T14:57:07.719822382Z,,221.347,join_observed,2026-03-08T14:57:07.719822382Z,221.347,,,,join-irs3-1772981825,join,join-irs3-1772981825,18,"[[""reshare_complete"", ""2026-02-28T13:26:09.415977462Z""], [""reshare_ack"", ""2026-03-07T13:25:27.785477453Z""], [""reshare_keygen_start"", ""2026-03-07T13:25:31.674023016Z""], [""join_submit"", ""2026-03-08T14:57:07.699720706Z""], [""join_observed"", ""2026-03-08T14:57:07.719822382Z""]]"
2026-03-08T15:00:50.400868Z,join_1772981825,join_wait_reshare,100.00,30.68,2072529605,4551580131,18786,24665,30541831,70397268,0,0,22529,895,18786,24665,30519302,70396373,1,ok:1,95.18,1.92,5.62,11.38,0.00,1.22,4,4,1,post,2026-03-08T14:57:07.719822382Z,,222.681,join_observed,2026-03-08T14:57:07.719822382Z,222.681,,,,join-irs3-1772981825,join,join-irs3-1772981825,18,"[[""reshare_complete"", ""2026-02-28T13:26:09.415977462Z""], [""reshare_ack"", ""2026-03-07T13:25:27.785477453Z""], [""reshare_keygen_start"", ""2026-03-07T13:25:31.674023016Z""], [""join_submit"", ""2026-03-08T14:57:07.699720706Z""], [""join_observed"", ""2026-03-08T14:57:07.719822382Z""]]"
2026-03-08T15:00:51.873963Z,join_1772981825,join_wait_reshare,100.00,30.68,2072586554,4551648388,56949,68257,30598780,70465525,0,0,22529,895,56949,68257,30576251,70464630,1,ok:1,90.04,1.92,9.40,11.38,0.00,1.22,4,4,1,post,2026-03-08T14:57:07.719822382Z,,224.154,join_observed,2026-03-08T14:57:07.719822382Z,224.154,,,,join-irs3-1772981825,join,join-irs3-1772981825,18,"[[""reshare_complete"", ""2026-02-28T13:26:09.415977462Z""], [""reshare_ack"", ""2026-03-07T13:25:27.785477453Z""], [""reshare_keygen_start"", ""2026-03-07T13:25:31.674023016Z""], [""join_submit"", ""2026-03-08T14:57:07.699720706Z""], [""join_observed"", ""2026-03-08T14:57:07.719822382Z""]]"
2026-03-08T15:00:53.207681Z,join_1772981825,join_wait_reshare,100.00,30.68,2072667388,4551741259,80834,92871,30679614,70558396,0,0,22529,895,80834,92871,30657085,70557501,1,ok:1,78.68,1.92,11.68,11.38,0.00,1.22,4,4,1,post,2026-03-08T14:57:07.719822382Z,,225.488,join_observed,2026-03-08T14:57:07.719822382Z,225.488,,,,join-irs3-1772981825,join,join-irs3-1772981825,18,"[[""reshare_complete"", ""2026-02-28T13:26:09.415977462Z""], [""reshare_ack"", ""2026-03-07T13:25:27.785477453Z""], [""reshare_keygen_start"", ""2026-03-07T13:25:31.674023016Z""], [""join_submit"", ""2026-03-08T14:57:07.699720706Z""], [""join_observed"", ""2026-03-08T14:57:07.719822382Z""]]"
2026-03-08T15:00:54.671198Z,join_1772981825,join_wait_reshare,100.00,30.68,2072696182,4551787550,28794,46291,30708408,70604687,0,0,22529,895,28794,46291,30685879,70603792,1,ok:1,96.06,1.92,6.38,11.38,0.19,1.22,4,4,1,post,2026-03-08T14:57:07.719822382Z,,226.951,join_observed,2026-03-08T14:57:07.719822382Z,226.951,,,,join-irs3-1772981825,join,join-irs3-1772981825,18,"[[""reshare_complete"", ""2026-02-28T13:26:09.415977462Z""], [""reshare_ack"", ""2026-03-07T13:25:27.785477453Z""], [""reshare_keygen_start"", ""2026-03-07T13:25:31.674023016Z""], [""join_submit"", ""2026-03-08T14:57:07.699720706Z""], [""join_observed"", ""2026-03-08T14:57:07.719822382Z""]]"
2026-03-08T15:00:56.112826Z,join_1772981825,join_wait_reshare,100.00,30.68,2072741981,4551817818,45799,30268,30754207,70634955,0,0,22529,895,45799,30268,30731678,70634060,1,ok:1,83.76,1.92,9.23,11.38,0.00,1.22,4,4,1,post,2026-03-08T14:57:07.719822382Z,,228.393,join_observed,2026-03-08T14:57:07.719822382Z,228.393,,,,join-irs3-1772981825,join,join-irs3-1772981825,18,"[[""reshare_complete"", ""2026-02-28T13:26:09.415977462Z""], [""reshare_ack"", ""2026-03-07T13:25:27.785477453Z""], [""reshare_keygen_start"", ""2026-03-07T13:25:31.674023016Z""], [""join_submit"", ""2026-03-08T14:57:07.699720706Z""], [""join_observed"", ""2026-03-08T14:57:07.719822382Z""]]"
2026-03-08T15:00:57.520072Z,join_1772981825,join_wait_reshare,100.00,30.68,2072803593,4551866887,61612,49069,30815819,70684024,0,0,22529,895,61612,49069,30793290,70683129,1,ok:1,85.64,1.92,10.03,11.38,0.00,1.22,4,4,1,post,2026-03-08T14:57:07.719822382Z,,229.800,join_observed,2026-03-08T14:57:07.719822382Z,229.800,,,,join-irs3-1772981825,join,join-irs3-1772981825,18,"[[""reshare_complete"", ""2026-02-28T13:26:09.415977462Z""], [""reshare_ack"", ""2026-03-07T13:25:27.785477453Z""], [""reshare_keygen_start"", ""2026-03-07T13:25:31.674023016Z""], [""join_submit"", ""2026-03-08T14:57:07.699720706Z""], [""join_observed"", ""2026-03-08T14:57:07.719822382Z""]]"
2026-03-08T15:00:58.946286Z,join_1772981825,join_wait_reshare,100.00,30.68,2072857764,4551918874,54171,51987,30869990,70736011,0,0,22529,895,54171,51987,30847461,70735116,1,ok:1,91.44,1.92,8.20,11.38,0.00,1.22,4,4,1,post,2026-03-08T14:57:07.719822382Z,,231.226,join_observed,2026-03-08T14:57:07.719822382Z,231.226,,,,join-irs3-1772981825,join,join-irs3-1772981825,18,"[[""reshare_complete"", ""2026-02-28T13:26:09.415977462Z""], [""reshare_ack"", ""2026-03-07T13:25:27.785477453Z""], [""reshare_keygen_start"", ""2026-03-07T13:25:31.674023016Z""], [""join_submit"", ""2026-03-08T14:57:07.699720706Z""], [""join_observed"", ""2026-03-08T14:57:07.719822382Z""]]"
2026-03-08T15:01:00.432496Z,join_1772981825,join_wait_reshare,100.00,30.68,2072912359,4551954169,54595,35295,30924585,70771306,178,179,22707,1074,54417,35116,30901878,70770232,1,ok:3,91.35,1.92,5.88,11.38,0.17,1.22,4,4,1,post,2026-03-08T14:57:07.719822382Z,,232.713,join_observed,2026-03-08T14:57:07.719822382Z,232.713,,,,join-irs3-1772981825,join,join-irs3-1772981825,18,"[[""reshare_complete"", ""2026-02-28T13:26:09.415977462Z""], [""reshare_ack"", ""2026-03-07T13:25:27.785477453Z""], [""reshare_keygen_start"", ""2026-03-07T13:25:31.674023016Z""], [""join_submit"", ""2026-03-08T14:57:07.699720706Z""], [""join_observed"", ""2026-03-08T14:57:07.719822382Z""]]"
2026-03-08T15:01:01.639969Z,join_1772981825,join_wait_reshare,100.00,30.68,2072978659,4552022793,66300,68624,30990885,70839930,0,0,22707,1074,66300,68624,30968178,70838856,1,ok:1,81.91,1.92,10.41,11.38,0.00,1.22,4,4,1,post,2026-03-08T14:57:07.719822382Z,,233.920,join_observed,2026-03-08T14:57:07.719822382Z,233.920,,,,join-irs3-1772981825,join,join-irs3-1772981825,18,"[[""reshare_complete"", ""2026-02-28T13:26:09.415977462Z""], [""reshare_ack"", ""2026-03-07T13:25:27.785477453Z""], [""reshare_keygen_start"", ""2026-03-07T13:25:31.674023016Z""], [""join_submit"", ""2026-03-08T14:57:07.699720706Z""], [""join_observed"", ""2026-03-08T14:57:07.719822382Z""]]"
2026-03-08T15:01:02.978939Z,join_1772981825,join_wait_reshare,100.00,30.68,2073031709,4552084069,53050,61276,31043935,70901206,0,0,22707,1074,53050,61276,31021228,70900132,1,ok:1,92.36,1.92,10.74,11.38,0.00,1.22,4,4,1,post,2026-03-08T14:57:07.719822382Z,,235.259,join_observed,2026-03-08T14:57:07.719822382Z,235.259,,,,join-irs3-1772981825,join,join-irs3-1772981825,18,"[[""reshare_complete"", ""2026-02-28T13:26:09.415977462Z""], [""reshare_ack"", ""2026-03-07T13:25:27.785477453Z""], [""reshare_keygen_start"", ""2026-03-07T13:25:31.674023016Z""], [""join_submit"", ""2026-03-08T14:57:07.699720706Z""], [""join_observed"", ""2026-03-08T14:57:07.719822382Z""]]"
2026-03-08T15:01:04.270795Z,join_1772981825,join_wait_reshare,100.00,30.68,2073090308,4552155174,58599,71105,31102534,70972311,0,0,22707,1074,58599,71105,31079827,70971237,1,ok:1,84.11,1.92,7.66,11.38,0.00,1.22,4,4,1,post,2026-03-08T14:57:07.719822382Z,,236.551,join_observed,2026-03-08T14:57:07.719822382Z,236.551,,,,join-irs3-1772981825,join,join-irs3-1772981825,18,"[[""reshare_complete"", ""2026-02-28T13:26:09.415977462Z""], [""reshare_ack"", ""2026-03-07T13:25:27.785477453Z""], [""reshare_keygen_start"", ""2026-03-07T13:25:31.674023016Z""], [""join_submit"", ""2026-03-08T14:57:07.699720706Z""], [""join_observed"", ""2026-03-08T14:57:07.719822382Z""]]"
2026-03-08T15:01:05.737684Z,join_1772981825,join_wait_reshare,100.00,30.68,2073132216,4552189758,41908,34584,31144442,71006895,0,0,22707,1074,41908,34584,31121735,71005821,1,ok:1,97.88,1.92,8.88,11.38,0.00,1.22,4,4,1,post,2026-03-08T14:57:07.719822382Z,,238.018,join_observed,2026-03-08T14:57:07.719822382Z,238.018,,,,join-irs3-1772981825,join,join-irs3-1772981825,18,"[[""reshare_complete"", ""2026-02-28T13:26:09.415977462Z""], [""reshare_ack"", ""2026-03-07T13:25:27.785477453Z""], [""reshare_keygen_start"", ""2026-03-07T13:25:31.674023016Z""], [""join_submit"", ""2026-03-08T14:57:07.699720706Z""], [""join_observed"", ""2026-03-08T14:57:07.719822382Z""]]"
2026-03-08T15:01:07.203991Z,join_1772981825,join_wait_reshare,100.00,30.68,2073185232,4552233179,53016,43421,31197458,71050316,0,0,22707,1074,53016,43421,31174751,71049242,1,ok:1,77.85,1.92,9.71,11.38,0.00,1.22,4,4,1,post,2026-03-08T14:57:07.719822382Z,,239.484,join_observed,2026-03-08T14:57:07.719822382Z,239.484,,,,join-irs3-1772981825,join,join-irs3-1772981825,18,"[[""reshare_complete"", ""2026-02-28T13:26:09.415977462Z""], [""reshare_ack"", ""2026-03-07T13:25:27.785477453Z""], [""reshare_keygen_start"", ""2026-03-07T13:25:31.674023016Z""], [""join_submit"", ""2026-03-08T14:57:07.699720706Z""], [""join_observed"", ""2026-03-08T14:57:07.719822382Z""]]"
2026-03-08T15:01:08.612525Z,join_1772981825,join_wait_reshare,100.00,30.67,2073266722,4552315685,81490,82506,31278948,71132822,0,0,22707,1074,81490,82506,31256241,71131748,1,ok:1,88.40,1.92,11.09,11.37,0.00,1.22,4,4,1,post,2026-03-08T14:57:07.719822382Z,,240.893,join_observed,2026-03-08T14:57:07.719822382Z,240.893,,,,join-irs3-1772981825,join,join-irs3-1772981825,18,"[[""reshare_complete"", ""2026-02-28T13:26:09.415977462Z""], [""reshare_ack"", ""2026-03-07T13:25:27.785477453Z""], [""reshare_keygen_start"", ""2026-03-07T13:25:31.674023016Z""], [""join_submit"", ""2026-03-08T14:57:07.699720706Z""], [""join_observed"", ""2026-03-08T14:57:07.719822382Z""]]"
2026-03-08T15:01:09.967474Z,join_1772981825,join_wait_reshare,100.00,30.68,2073307539,4552353674,40817,37989,31319765,71170811,0,0,22707,1074,40817,37989,31297058,71169737,1,ok:1,89.03,1.92,5.49,11.37,0.00,1.22,4,4,1,post,2026-03-08T14:57:07.719822382Z,,242.248,join_observed,2026-03-08T14:57:07.719822382Z,242.248,,,,join-irs3-1772981825,join,join-irs3-1772981825,18,"[[""reshare_complete"", ""2026-02-28T13:26:09.415977462Z""], [""reshare_ack"", ""2026-03-07T13:25:27.785477453Z""], [""reshare_keygen_start"", ""2026-03-07T13:25:31.674023016Z""], [""join_submit"", ""2026-03-08T14:57:07.699720706Z""], [""join_observed"", ""2026-03-08T14:57:07.719822382Z""]]"
2026-03-08T15:01:11.429016Z,join_1772981825,join_wait_reshare,100.00,30.68,2073348169,4552404027,40630,50353,31360395,71221164,0,0,22707,1074,40630,50353,31337688,71220090,1,ok:1,92.32,1.92,6.95,11.37,0.00,1.22,4,4,1,post,2026-03-08T14:57:07.719822382Z,,243.709,join_observed,2026-03-08T14:57:07.719822382Z,243.709,,,,join-irs3-1772981825,join,join-irs3-1772981825,18,"[[""reshare_complete"", ""2026-02-28T13:26:09.415977462Z""], [""reshare_ack"", ""2026-03-07T13:25:27.785477453Z""], [""reshare_keygen_start"", ""2026-03-07T13:25:31.674023016Z""], [""join_submit"", ""2026-03-08T14:57:07.699720706Z""], [""join_observed"", ""2026-03-08T14:57:07.719822382Z""]]"
2026-03-08T15:01:12.626087Z,join_1772981825,join_wait_reshare,100.00,30.67,2073422764,4552470959,74595,66932,31434990,71288096,0,0,22707,1074,74595,66932,31412283,71287022,1,ok:1,79.45,1.92,10.54,11.37,0.17,1.22,4,4,1,post,2026-03-08T14:57:07.719822382Z,,244.906,join_observed,2026-03-08T14:57:07.719822382Z,244.906,,,,join-irs3-1772981825,join,join-irs3-1772981825,18,"[[""reshare_complete"", ""2026-02-28T13:26:09.415977462Z""], [""reshare_ack"", ""2026-03-07T13:25:27.785477453Z""], [""reshare_keygen_start"", ""2026-03-07T13:25:31.674023016Z""], [""join_submit"", ""2026-03-08T14:57:07.699720706Z""], [""join_observed"", ""2026-03-08T14:57:07.719822382Z""]]"
2026-03-08T15:01:13.872742Z,join_1772981825,join_wait_reshare,100.00,30.68,2073473973,4552510190,51209,39231,31486199,71327327,0,0,22707,1074,51209,39231,31463492,71326253,1,ok:1,89.44,1.92,7.45,11.37,0.00,1.22,4,4,1,post,2026-03-08T14:57:07.719822382Z,,246.153,join_observed,2026-03-08T14:57:07.719822382Z,246.153,,,,join-irs3-1772981825,join,join-irs3-1772981825,18,"[[""reshare_complete"", ""2026-02-28T13:26:09.415977462Z""], [""reshare_ack"", ""2026-03-07T13:25:27.785477453Z""], [""reshare_keygen_start"", ""2026-03-07T13:25:31.674023016Z""], [""join_submit"", ""2026-03-08T14:57:07.699720706Z""], [""join_observed"", ""2026-03-08T14:57:07.719822382Z""]]"
2026-03-08T15:01:15.258944Z,join_1772981825,join_wait_reshare,100.00,30.68,2073497297,4552529696,23324,19506,31509523,71346833,0,0,22707,1074,23324,19506,31486816,71345759,1,ok:1,95.74,1.92,6.09,11.37,0.00,1.22,4,4,1,post,2026-03-08T14:57:07.719822382Z,,247.539,join_observed,2026-03-08T14:57:07.719822382Z,247.539,,,,join-irs3-1772981825,join,join-irs3-1772981825,18,"[[""reshare_complete"", ""2026-02-28T13:26:09.415977462Z""], [""reshare_ack"", ""2026-03-07T13:25:27.785477453Z""], [""reshare_keygen_start"", ""2026-03-07T13:25:31.674023016Z""], [""join_submit"", ""2026-03-08T14:57:07.699720706Z""], [""join_observed"", ""2026-03-08T14:57:07.719822382Z""]]"
2026-03-08T15:01:16.711903Z,join_1772981825,join_wait_reshare,100.00,30.68,2073548752,4552580507,51455,50811,31560978,71397644,0,0,22707,1074,51455,50811,31538271,71396570,1,ok:1,89.73,1.92,11.17,11.37,0.00,1.22,4,4,1,post,2026-03-08T14:57:07.719822382Z,,248.992,join_observed,2026-03-08T14:57:07.719822382Z,248.992,,,,join-irs3-1772981825,join,join-irs3-1772981825,18,"[[""reshare_complete"", ""2026-02-28T13:26:09.415977462Z""], [""reshare_ack"", ""2026-03-07T13:25:27.785477453Z""], [""reshare_keygen_start"", ""2026-03-07T13:25:31.674023016Z""], [""join_submit"", ""2026-03-08T14:57:07.699720706Z""], [""join_observed"", ""2026-03-08T14:57:07.719822382Z""]]"
2026-03-08T15:01:18.238940Z,join_1772981825,join_wait_reshare,100.00,30.68,2073607825,4552629759,59073,49252,31620051,71446896,0,0,22707,1074,59073,49252,31597344,71445822,1,ok:1,86.50,1.92,7.86,11.37,0.00,1.22,4,4,1,post,2026-03-08T14:57:07.719822382Z,,250.519,join_observed,2026-03-08T14:57:07.719822382Z,250.519,,,,join-irs3-1772981825,join,join-irs3-1772981825,18,"[[""reshare_complete"", ""2026-02-28T13:26:09.415977462Z""], [""reshare_ack"", ""2026-03-07T13:25:27.785477453Z""], [""reshare_keygen_start"", ""2026-03-07T13:25:31.674023016Z""], [""join_submit"", ""2026-03-08T14:57:07.699720706Z""], [""join_observed"", ""2026-03-08T14:57:07.719822382Z""]]"
2026-03-08T15:01:19.575614Z,join_1772981825,join_wait_reshare,100.00,30.68,2073660103,4552686037,52278,56278,31672329,71503174,0,0,22707,1074,52278,56278,31649622,71502100,1,ok:1,87.81,1.92,6.92,11.37,0.00,1.22,4,4,1,post,2026-03-08T14:57:07.719822382Z,,251.856,join_observed,2026-03-08T14:57:07.719822382Z,251.856,,,,join-irs3-1772981825,join,join-irs3-1772981825,18,"[[""reshare_complete"", ""2026-02-28T13:26:09.415977462Z""], [""reshare_ack"", ""2026-03-07T13:25:27.785477453Z""], [""reshare_keygen_start"", ""2026-03-07T13:25:31.674023016Z""], [""join_submit"", ""2026-03-08T14:57:07.699720706Z""], [""join_observed"", ""2026-03-08T14:57:07.719822382Z""]]"
2026-03-08T15:01:21.003330Z,join_1772981825,join_wait_reshare,100.00,30.68,2073719282,4552729957,59179,43920,31731508,71547094,0,0,22707,1074,59179,43920,31708801,71546020,1,ok:1,90.26,1.92,7.68,11.37,0.19,1.22,4,4,1,post,2026-03-08T14:57:07.719822382Z,,253.284,join_observed,2026-03-08T14:57:07.719822382Z,253.284,,,,join-irs3-1772981825,join,join-irs3-1772981825,18,"[[""reshare_complete"", ""2026-02-28T13:26:09.415977462Z""], [""reshare_ack"", ""2026-03-07T13:25:27.785477453Z""], [""reshare_keygen_start"", ""2026-03-07T13:25:31.674023016Z""], [""join_submit"", ""2026-03-08T14:57:07.699720706Z""], [""join_observed"", ""2026-03-08T14:57:07.719822382Z""]]"
2026-03-08T15:01:22.414354Z,join_1772981825,join_wait_reshare,100.00,30.68,2073776343,4552789368,57061,59411,31788569,71606505,0,0,22707,1074,57061,59411,31765862,71605431,1,ok:1,86.51,1.92,10.16,11.37,0.00,1.22,4,4,1,post,2026-03-08T14:57:07.719822382Z,,254.695,join_observed,2026-03-08T14:57:07.719822382Z,254.695,,,,join-irs3-1772981825,join,join-irs3-1772981825,18,"[[""reshare_complete"", ""2026-02-28T13:26:09.415977462Z""], [""reshare_ack"", ""2026-03-07T13:25:27.785477453Z""], [""reshare_keygen_start"", ""2026-03-07T13:25:31.674023016Z""], [""join_submit"", ""2026-03-08T14:57:07.699720706Z""], [""join_observed"", ""2026-03-08T14:57:07.719822382Z""]]"
2026-03-08T15:01:23.775432Z,join_1772981825,join_wait_reshare,100.00,30.68,2073865881,4552877569,89538,88201,31878107,71694706,0,0,22707,1074,89538,88201,31855400,71693632,1,ok:1,85.13,1.92,9.03,11.37,0.00,1.22,4,4,1,post,2026-03-08T14:57:07.719822382Z,,256.056,join_observed,2026-03-08T14:57:07.719822382Z,256.056,,,,join-irs3-1772981825,join,join-irs3-1772981825,18,"[[""reshare_complete"", ""2026-02-28T13:26:09.415977462Z""], [""reshare_ack"", ""2026-03-07T13:25:27.785477453Z""], [""reshare_keygen_start"", ""2026-03-07T13:25:31.674023016Z""], [""join_submit"", ""2026-03-08T14:57:07.699720706Z""], [""join_observed"", ""2026-03-08T14:57:07.719822382Z""]]"
2026-03-08T15:01:24.998257Z,join_1772981825,join_wait_reshare,100.00,30.69,2074174049,4553070139,308168,192570,32186275,71887276,0,0,22707,1074,308168,192570,32163568,71886202,1,ok:1,86.97,1.92,6.79,11.37,0.18,1.22,4,4,1,post,2026-03-08T14:57:07.719822382Z,,257.278,join_observed,2026-03-08T14:57:07.719822382Z,257.278,,,,join-irs3-1772981825,join,join-irs3-1772981825,18,"[[""reshare_complete"", ""2026-02-28T13:26:09.415977462Z""], [""reshare_ack"", ""2026-03-07T13:25:27.785477453Z""], [""reshare_keygen_start"", ""2026-03-07T13:25:31.674023016Z""], [""join_submit"", ""2026-03-08T14:57:07.699720706Z""], [""join_observed"", ""2026-03-08T14:57:07.719822382Z""]]"
2026-03-08T15:01:26.243494Z,join_1772981825,join_wait_reshare,100.00,30.68,2074357879,4553207820,183830,137681,32370105,72024957,0,0,22707,1074,183830,137681,32347398,72023883,1,ok:1,90.45,1.92,8.13,11.37,0.00,1.22,4,4,1,post,2026-03-08T14:57:07.719822382Z,,258.524,join_observed,2026-03-08T14:57:07.719822382Z,258.524,,,,join-irs3-1772981825,join,join-irs3-1772981825,18,"[[""reshare_complete"", ""2026-02-28T13:26:09.415977462Z""], [""reshare_ack"", ""2026-03-07T13:25:27.785477453Z""], [""reshare_keygen_start"", ""2026-03-07T13:25:31.674023016Z""], [""join_submit"", ""2026-03-08T14:57:07.699720706Z""], [""join_observed"", ""2026-03-08T14:57:07.719822382Z""]]"
2026-03-08T15:01:27.348994Z,join_1772981825,join_wait_reshare,98.79,30.69,2074567226,4553509321,209347,301501,32579452,72326458,0,0,22707,1074,209347,301501,32556745,72325384,1,ok:1,76.92,1.92,9.72,11.37,0.00,1.22,4,4,1,post,2026-03-08T14:57:07.719822382Z,,259.629,join_observed,2026-03-08T14:57:07.719822382Z,259.629,,,,join-irs3-1772981825,join,join-irs3-1772981825,18,"[[""reshare_complete"", ""2026-02-28T13:26:09.415977462Z""], [""reshare_ack"", ""2026-03-07T13:25:27.785477453Z""], [""reshare_keygen_start"", ""2026-03-07T13:25:31.674023016Z""], [""join_submit"", ""2026-03-08T14:57:07.699720706Z""], [""join_observed"", ""2026-03-08T14:57:07.719822382Z""]]"
2026-03-08T15:01:28.437841Z,join_1772981825,join_wait_reshare,57.60,30.65,2074779154,4553807457,211928,298136,32791380,72624594,0,0,22707,1074,211928,298136,32768673,72623520,1,ok:1,38.94,1.89,12.67,11.37,0.00,1.22,4,4,1,post,2026-03-08T14:57:07.719822382Z,,260.718,join_observed,2026-03-08T14:57:07.719822382Z,260.718,,,,join-irs3-1772981825,join,join-irs3-1772981825,18,"[[""reshare_complete"", ""2026-02-28T13:26:09.415977462Z""], [""reshare_ack"", ""2026-03-07T13:25:27.785477453Z""], [""reshare_keygen_start"", ""2026-03-07T13:25:31.674023016Z""], [""join_submit"", ""2026-03-08T14:57:07.699720706Z""], [""join_observed"", ""2026-03-08T14:57:07.719822382Z""]]"
2026-03-08T15:01:29.540204Z,join_1772981825,join_wait_reshare,11.66,30.65,2074805761,4553827109,26607,19652,32817987,72644246,0,0,22707,1074,26607,19652,32795280,72643172,1,ok:1,0.00,1.89,8.39,11.37,0.00,1.22,4,4,1,post,2026-03-08T14:57:07.719822382Z,,261.820,join_observed,2026-03-08T14:57:07.719822382Z,261.820,,,,join-irs3-1772981825,join,join-irs3-1772981825,18,"[[""reshare_complete"", ""2026-02-28T13:26:09.415977462Z""], [""reshare_ack"", ""2026-03-07T13:25:27.785477453Z""], [""reshare_keygen_start"", ""2026-03-07T13:25:31.674023016Z""], [""join_submit"", ""2026-03-08T14:57:07.699720706Z""], [""join_observed"", ""2026-03-08T14:57:07.719822382Z""]]"
2026-03-08T15:01:30.685710Z,join_1772981825,join_wait_reshare,35.50,30.62,2075276129,4555235473,470368,1408364,33288355,74052610,0,0,22707,1074,470368,1408364,33265648,74051536,1,ok:1,2.32,1.83,19.95,11.37,9.98,1.30,4,4,1,post,2026-03-08T14:57:07.719822382Z,,262.966,join_observed,2026-03-08T14:57:07.719822382Z,262.966,,,,join-irs3-1772981825,join,join-irs3-1772981825,18,"[[""reshare_complete"", ""2026-02-28T13:26:09.415977462Z""], [""reshare_ack"", ""2026-03-07T13:25:27.785477453Z""], [""reshare_keygen_start"", ""2026-03-07T13:25:31.674023016Z""], [""join_submit"", ""2026-03-08T14:57:07.699720706Z""], [""join_observed"", ""2026-03-08T14:57:07.719822382Z""]]"
2026-03-08T15:01:31.886275Z,join_1772981825,join_wait_reshare,94.30,30.55,2075961663,4562585890,685534,7350417,33973889,81403027,0,0,22707,1074,685534,7350417,33951182,81401953,1,ok:1,4.17,1.76,64.04,11.37,11.62,1.38,4,4,1,post,2026-03-08T14:57:07.719822382Z,,264.166,join_observed,2026-03-08T14:57:07.719822382Z,264.166,,,,join-irs3-1772981825,join,join-irs3-1772981825,18,"[[""reshare_complete"", ""2026-02-28T13:26:09.415977462Z""], [""reshare_ack"", ""2026-03-07T13:25:27.785477453Z""], [""reshare_keygen_start"", ""2026-03-07T13:25:31.674023016Z""], [""join_submit"", ""2026-03-08T14:57:07.699720706Z""], [""join_observed"", ""2026-03-08T14:57:07.719822382Z""]]"
2026-03-08T15:01:32.997624Z,join_1772981825,join_wait_reshare,91.58,30.71,2076936305,4568586577,974642,6000687,34948531,87403714,0,0,22707,1074,974642,6000687,34925824,87402640,1,ok:1,4.00,1.71,57.68,11.44,9.05,1.54,4,4,1,post,2026-03-08T14:57:07.719822382Z,,265.278,join_observed,2026-03-08T14:57:07.719822382Z,265.278,,,,join-irs3-1772981825,join,join-irs3-1772981825,18,"[[""reshare_complete"", ""2026-02-28T13:26:09.415977462Z""], [""reshare_ack"", ""2026-03-07T13:25:27.785477453Z""], [""reshare_keygen_start"", ""2026-03-07T13:25:31.674023016Z""], [""join_submit"", ""2026-03-08T14:57:07.699720706Z""], [""join_observed"", ""2026-03-08T14:57:07.719822382Z""]]"
2026-03-08T15:01:34.155169Z,join_1772981825,join_wait_reshare,61.02,30.78,2077484570,4571992327,548265,3405750,35496796,90809464,0,0,22707,1074,548265,3405750,35474089,90808390,1,ok:1,1.39,1.72,41.07,11.55,11.60,1.54,4,4,1,post,2026-03-08T14:57:07.719822382Z,,266.435,join_observed,2026-03-08T14:57:07.719822382Z,266.435,,,,join-irs3-1772981825,join,join-irs3-1772981825,18,"[[""reshare_complete"", ""2026-02-28T13:26:09.415977462Z""], [""reshare_ack"", ""2026-03-07T13:25:27.785477453Z""], [""reshare_keygen_start"", ""2026-03-07T13:25:31.674023016Z""], [""join_submit"", ""2026-03-08T14:57:07.699720706Z""], [""join_observed"", ""2026-03-08T14:57:07.719822382Z""]]"
2026-03-08T15:01:35.267516Z,join_1772981825,join_wait_reshare,85.27,31.15,2078174702,4577967392,690132,5975065,36186928,96784529,0,0,22707,1074,690132,5975065,36164221,96783455,1,ok:1,2.86,1.65,55.82,11.99,7.47,1.51,4,4,1,post,2026-03-08T14:57:07.719822382Z,,267.548,join_observed,2026-03-08T14:57:07.719822382Z,267.548,,,,join-irs3-1772981825,join,join-irs3-1772981825,18,"[[""reshare_complete"", ""2026-02-28T13:26:09.415977462Z""], [""reshare_ack"", ""2026-03-07T13:25:27.785477453Z""], [""reshare_keygen_start"", ""2026-03-07T13:25:31.674023016Z""], [""join_submit"", ""2026-03-08T14:57:07.699720706Z""], [""join_observed"", ""2026-03-08T14:57:07.719822382Z""]]"
2026-03-08T15:01:36.388294Z,join_1772981825,join_wait_reshare,55.45,31.16,2078603791,4581012100,429089,3044708,36616017,99829237,0,0,22707,1074,429089,3044708,36593310,99828163,1,ok:1,2.55,1.65,38.75,12.00,5.80,1.51,4,4,1,post,2026-03-08T14:57:07.719822382Z,,268.668,join_observed,2026-03-08T14:57:07.719822382Z,268.668,,,,join-irs3-1772981825,join,join-irs3-1772981825,18,"[[""reshare_complete"", ""2026-02-28T13:26:09.415977462Z""], [""reshare_ack"", ""2026-03-07T13:25:27.785477453Z""], [""reshare_keygen_start"", ""2026-03-07T13:25:31.674023016Z""], [""join_submit"", ""2026-03-08T14:57:07.699720706Z""], [""join_observed"", ""2026-03-08T14:57:07.719822382Z""]]"
2026-03-08T15:01:37.495277Z,join_1772981825,join_wait_reshare,69.57,31.15,2079153687,4584421828,549896,3409728,37165913,103238965,0,0,22707,1074,549896,3409728,37143206,103237891,1,ok:1,2.52,1.65,44.39,12.00,7.32,1.51,4,4,1,post,2026-03-08T14:57:07.719822382Z,,269.775,join_observed,2026-03-08T14:57:07.719822382Z,269.775,,,,join-irs3-1772981825,join,join-irs3-1772981825,18,"[[""reshare_complete"", ""2026-02-28T13:26:09.415977462Z""], [""reshare_ack"", ""2026-03-07T13:25:27.785477453Z""], [""reshare_keygen_start"", ""2026-03-07T13:25:31.674023016Z""], [""join_submit"", ""2026-03-08T14:57:07.699720706Z""], [""join_observed"", ""2026-03-08T14:57:07.719822382Z""]]"
2026-03-08T15:01:38.601639Z,join_1772981825,join_wait_reshare,54.42,31.19,2079528722,4587548793,375035,3126965,37540948,106365930,0,0,22707,1074,375035,3126965,37518241,106364856,1,ok:1,1.86,1.67,33.02,12.01,7.67,1.52,4,4,1,post,2026-03-08T14:57:07.719822382Z,,270.882,join_observed,2026-03-08T14:57:07.719822382Z,270.882,,,,join-irs3-1772981825,join,join-irs3-1772981825,18,"[[""reshare_complete"", ""2026-02-28T13:26:09.415977462Z""], [""reshare_ack"", ""2026-03-07T13:25:27.785477453Z""], [""reshare_keygen_start"", ""2026-03-07T13:25:31.674023016Z""], [""join_submit"", ""2026-03-08T14:57:07.699720706Z""], [""join_observed"", ""2026-03-08T14:57:07.719822382Z""]]"
2026-03-08T15:01:39.694186Z,join_1772981825,join_wait_reshare,51.16,31.37,2079900324,4590704265,371602,3155472,37912550,109521402,0,0,22707,1074,371602,3155472,37889843,109520328,1,ok:1,1.63,1.67,36.51,12.19,6.05,1.52,4,4,1,post,2026-03-08T14:57:07.719822382Z,,271.974,join_observed,2026-03-08T14:57:07.719822382Z,271.974,,,,join-irs3-1772981825,join,join-irs3-1772981825,18,"[[""reshare_complete"", ""2026-02-28T13:26:09.415977462Z""], [""reshare_ack"", ""2026-03-07T13:25:27.785477453Z""], [""reshare_keygen_start"", ""2026-03-07T13:25:31.674023016Z""], [""join_submit"", ""2026-03-08T14:57:07.699720706Z""], [""join_observed"", ""2026-03-08T14:57:07.719822382Z""]]"
2026-03-08T15:01:40.876004Z,join_1772981825,join_wait_reshare,25.53,31.37,2080105582,4590802006,205258,97741,38117808,109619143,0,0,22707,1074,205258,97741,38095101,109618069,1,ok:1,0.24,1.67,20.33,12.19,3.78,1.52,4,4,1,post,2026-03-08T14:57:07.719822382Z,,273.156,join_observed,2026-03-08T14:57:07.719822382Z,273.156,,,,join-irs3-1772981825,join,join-irs3-1772981825,18,"[[""reshare_complete"", ""2026-02-28T13:26:09.415977462Z""], [""reshare_ack"", ""2026-03-07T13:25:27.785477453Z""], [""reshare_keygen_start"", ""2026-03-07T13:25:31.674023016Z""], [""join_submit"", ""2026-03-08T14:57:07.699720706Z""], [""join_observed"", ""2026-03-08T14:57:07.719822382Z""]]"
2026-03-08T15:01:41.981971Z,join_1772981825,join_wait_reshare,52.80,31.35,2080437059,4594009110,331477,3207104,38449285,112826247,0,0,22707,1074,331477,3207104,38426578,112825173,1,ok:1,1.08,1.65,38.15,12.09,3.02,1.52,4,4,1,post,2026-03-08T14:57:07.719822382Z,,274.262,join_observed,2026-03-08T14:57:07.719822382Z,274.262,,,,join-irs3-1772981825,join,join-irs3-1772981825,18,"[[""reshare_complete"", ""2026-02-28T13:26:09.415977462Z""], [""reshare_ack"", ""2026-03-07T13:25:27.785477453Z""], [""reshare_keygen_start"", ""2026-03-07T13:25:31.674023016Z""], [""join_submit"", ""2026-03-08T14:57:07.699720706Z""], [""join_observed"", ""2026-03-08T14:57:07.719822382Z""]]"
2026-03-08T15:01:43.084747Z,join_1772981825,join_wait_reshare,57.01,31.42,2080800175,4597184013,363116,3174903,38812401,116001150,0,0,22707,1074,363116,3174903,38789694,116000076,1,ok:1,1.87,1.65,37.85,12.11,7.71,1.63,4,4,1,post,2026-03-08T14:57:07.719822382Z,,275.365,join_observed,2026-03-08T14:57:07.719822382Z,275.365,,,,join-irs3-1772981825,join,join-irs3-1772981825,18,"[[""reshare_complete"", ""2026-02-28T13:26:09.415977462Z""], [""reshare_ack"", ""2026-03-07T13:25:27.785477453Z""], [""reshare_keygen_start"", ""2026-03-07T13:25:31.674023016Z""], [""join_submit"", ""2026-03-08T14:57:07.699720706Z""], [""join_observed"", ""2026-03-08T14:57:07.719822382Z""]]"
2026-03-08T15:01:44.192174Z,join_1772981825,join_wait_reshare,45.16,31.51,2081023856,4600348158,223681,3164145,39036082,119165295,0,0,22707,1074,223681,3164145,39013375,119164221,1,ok:1,1.38,1.67,32.26,12.16,5.07,1.63,4,4,1,post,2026-03-08T14:57:07.719822382Z,,276.472,join_observed,2026-03-08T14:57:07.719822382Z,276.472,,,,join-irs3-1772981825,join,join-irs3-1772981825,18,"[[""reshare_complete"", ""2026-02-28T13:26:09.415977462Z""], [""reshare_ack"", ""2026-03-07T13:25:27.785477453Z""], [""reshare_keygen_start"", ""2026-03-07T13:25:31.674023016Z""], [""join_submit"", ""2026-03-08T14:57:07.699720706Z""], [""join_observed"", ""2026-03-08T14:57:07.719822382Z""]]"
2026-03-08T15:01:45.293007Z,join_1772981825,join_wait_reshare,22.27,31.51,2081181547,4600455227,157691,107069,39193773,119272364,0,0,22707,1074,157691,107069,39171066,119271290,1,ok:1,0.23,1.67,18.33,12.16,1.39,1.63,4,4,1,post,2026-03-08T14:57:07.719822382Z,,277.573,join_observed,2026-03-08T14:57:07.719822382Z,277.573,,,,join-irs3-1772981825,join,join-irs3-1772981825,18,"[[""reshare_complete"", ""2026-02-28T13:26:09.415977462Z""], [""reshare_ack"", ""2026-03-07T13:25:27.785477453Z""], [""reshare_keygen_start"", ""2026-03-07T13:25:31.674023016Z""], [""join_submit"", ""2026-03-08T14:57:07.699720706Z""], [""join_observed"", ""2026-03-08T14:57:07.719822382Z""]]"
2026-03-08T15:01:46.392984Z,join_1772981825,join_wait_reshare,19.91,31.51,2081329061,4600530576,147514,75349,39341287,119347713,0,0,22707,1074,147514,75349,39318580,119346639,1,ok:1,0.23,1.67,14.99,12.16,0.94,1.63,4,4,1,post,2026-03-08T14:57:07.719822382Z,,278.673,join_observed,2026-03-08T14:57:07.719822382Z,278.673,,,,join-irs3-1772981825,join,join-irs3-1772981825,18,"[[""reshare_complete"", ""2026-02-28T13:26:09.415977462Z""], [""reshare_ack"", ""2026-03-07T13:25:27.785477453Z""], [""reshare_keygen_start"", ""2026-03-07T13:25:31.674023016Z""], [""join_submit"", ""2026-03-08T14:57:07.699720706Z""], [""join_observed"", ""2026-03-08T14:57:07.719822382Z""]]"
2026-03-08T15:01:47.520908Z,join_1772981825,join_wait_reshare,59.86,31.53,2081602044,4603764875,272983,3234299,39614270,122582012,0,0,22707,1074,272983,3234299,39591563,122580938,1,ok:1,2.14,1.66,47.98,12.17,5.70,1.63,4,4,1,post,2026-03-08T14:57:07.719822382Z,,279.801,join_observed,2026-03-08T14:57:07.719822382Z,279.801,,,,join-irs3-1772981825,join,join-irs3-1772981825,18,"[[""reshare_complete"", ""2026-02-28T13:26:09.415977462Z""], [""reshare_ack"", ""2026-03-07T13:25:27.785477453Z""], [""reshare_keygen_start"", ""2026-03-07T13:25:31.674023016Z""], [""join_submit"", ""2026-03-08T14:57:07.699720706Z""], [""join_observed"", ""2026-03-08T14:57:07.719822382Z""]]"
2026-03-08T15:01:48.633893Z,join_1772981825,join_wait_reshare,56.69,31.53,2081944808,4607084885,342764,3320010,39957034,125902022,0,0,22707,1074,342764,3320010,39934327,125900948,1,ok:1,1.36,1.66,39.46,12.21,5.67,1.63,4,4,1,post,2026-03-08T14:57:07.719822382Z,,280.914,join_observed,2026-03-08T14:57:07.719822382Z,280.914,,,,join-irs3-1772981825,join,join-irs3-1772981825,18,"[[""reshare_complete"", ""2026-02-28T13:26:09.415977462Z""], [""reshare_ack"", ""2026-03-07T13:25:27.785477453Z""], [""reshare_keygen_start"", ""2026-03-07T13:25:31.674023016Z""], [""join_submit"", ""2026-03-08T14:57:07.699720706Z""], [""join_observed"", ""2026-03-08T14:57:07.719822382Z""]]"
2026-03-08T15:01:49.731256Z,join_1772981825,join_wait_reshare,19.95,31.53,2082014620,4607151478,69812,66593,40026846,125968615,0,0,22707,1074,69812,66593,40004139,125967541,1,ok:1,0.00,1.66,16.24,12.21,0.00,1.63,4,4,1,post,2026-03-08T14:57:07.719822382Z,,282.011,join_observed,2026-03-08T14:57:07.719822382Z,282.011,,,,join-irs3-1772981825,join,join-irs3-1772981825,18,"[[""reshare_complete"", ""2026-02-28T13:26:09.415977462Z""], [""reshare_ack"", ""2026-03-07T13:25:27.785477453Z""], [""reshare_keygen_start"", ""2026-03-07T13:25:31.674023016Z""], [""join_submit"", ""2026-03-08T14:57:07.699720706Z""], [""join_observed"", ""2026-03-08T14:57:07.719822382Z""]]"
2026-03-08T15:01:50.835754Z,join_1772981825,join_wait_reshare,27.15,31.53,2082260396,4607574130,245776,422652,40272622,126391267,0,0,22707,1074,245776,422652,40249915,126390193,1,ok:1,0.23,1.67,22.04,12.21,2.55,1.63,4,4,1,post,2026-03-08T14:57:07.719822382Z,,283.116,join_observed,2026-03-08T14:57:07.719822382Z,283.116,,,,join-irs3-1772981825,join,join-irs3-1772981825,18,"[[""reshare_complete"", ""2026-02-28T13:26:09.415977462Z""], [""reshare_ack"", ""2026-03-07T13:25:27.785477453Z""], [""reshare_keygen_start"", ""2026-03-07T13:25:31.674023016Z""], [""join_submit"", ""2026-03-08T14:57:07.699720706Z""], [""join_observed"", ""2026-03-08T14:57:07.719822382Z""]]"
2026-03-08T15:01:51.969637Z,join_1772981825,join_wait_reshare,43.45,31.55,2082501380,4610166664,240984,2592534,40513606,128983801,0,0,22707,1074,240984,2592534,40490899,128982727,1,ok:1,0.00,1.67,32.87,12.21,5.29,1.63,4,4,1,post,2026-03-08T14:57:07.719822382Z,,284.250,join_observed,2026-03-08T14:57:07.719822382Z,284.250,,,,join-irs3-1772981825,join,join-irs3-1772981825,18,"[[""reshare_complete"", ""2026-02-28T13:26:09.415977462Z""], [""reshare_ack"", ""2026-03-07T13:25:27.785477453Z""], [""reshare_keygen_start"", ""2026-03-07T13:25:31.674023016Z""], [""join_submit"", ""2026-03-08T14:57:07.699720706Z""], [""join_observed"", ""2026-03-08T14:57:07.719822382Z""]]"
2026-03-08T15:01:53.074296Z,join_1772981825,join_wait_reshare,44.50,31.56,2082805439,4611021831,304059,855167,40817665,129838968,0,0,22707,1074,304059,855167,40794958,129837894,1,ok:1,2.06,1.68,30.05,12.21,1.15,1.63,4,4,1,post,2026-03-08T14:57:07.719822382Z,,285.354,join_observed,2026-03-08T14:57:07.719822382Z,285.354,,,,join-irs3-1772981825,join,join-irs3-1772981825,18,"[[""reshare_complete"", ""2026-02-28T13:26:09.415977462Z""], [""reshare_ack"", ""2026-03-07T13:25:27.785477453Z""], [""reshare_keygen_start"", ""2026-03-07T13:25:31.674023016Z""], [""join_submit"", ""2026-03-08T14:57:07.699720706Z""], [""join_observed"", ""2026-03-08T14:57:07.719822382Z""]]"
2026-03-08T15:01:54.178223Z,join_1772981825,join_wait_reshare,45.09,31.60,2082946051,4613936840,140612,2915009,40958277,132753977,0,0,22707,1074,140612,2915009,40935570,132752903,1,ok:1,1.64,1.70,32.94,12.22,4.67,1.63,4,4,1,post,2026-03-08T14:57:07.719822382Z,,286.458,join_observed,2026-03-08T14:57:07.719822382Z,286.458,,,,join-irs3-1772981825,join,join-irs3-1772981825,18,"[[""reshare_complete"", ""2026-02-28T13:26:09.415977462Z""], [""reshare_ack"", ""2026-03-07T13:25:27.785477453Z""], [""reshare_keygen_start"", ""2026-03-07T13:25:31.674023016Z""], [""join_submit"", ""2026-03-08T14:57:07.699720706Z""], [""join_observed"", ""2026-03-08T14:57:07.719822382Z""]]"
2026-03-08T15:01:55.280855Z,join_1772981825,join_wait_reshare,23.09,31.60,2083007769,4613990971,61718,54131,41019995,132808108,0,0,22707,1074,61718,54131,40997288,132807034,1,ok:1,0.46,1.70,17.09,12.22,0.00,1.63,4,4,1,post,2026-03-08T14:57:07.719822382Z,,287.561,join_observed,2026-03-08T14:57:07.719822382Z,287.561,,,,join-irs3-1772981825,join,join-irs3-1772981825,18,"[[""reshare_complete"", ""2026-02-28T13:26:09.415977462Z""], [""reshare_ack"", ""2026-03-07T13:25:27.785477453Z""], [""reshare_keygen_start"", ""2026-03-07T13:25:31.674023016Z""], [""join_submit"", ""2026-03-08T14:57:07.699720706Z""], [""join_observed"", ""2026-03-08T14:57:07.719822382Z""]]"
2026-03-08T15:01:56.388347Z,join_1772981825,join_wait_reshare,51.30,31.62,2083328804,4616430186,321035,2439215,41341030,135247323,0,0,22707,1074,321035,2439215,41318323,135246249,1,ok:1,2.60,1.69,38.06,12.21,5.91,1.63,4,4,1,post,2026-03-08T14:57:07.719822382Z,,288.669,join_observed,2026-03-08T14:57:07.719822382Z,288.669,,,,join-irs3-1772981825,join,join-irs3-1772981825,18,"[[""reshare_complete"", ""2026-02-28T13:26:09.415977462Z""], [""reshare_ack"", ""2026-03-07T13:25:27.785477453Z""], [""reshare_keygen_start"", ""2026-03-07T13:25:31.674023016Z""], [""join_submit"", ""2026-03-08T14:57:07.699720706Z""], [""join_observed"", ""2026-03-08T14:57:07.719822382Z""]]"
2026-03-08T15:01:57.489014Z,join_1772981825,join_wait_reshare,33.65,31.60,2083434090,4616582997,105286,152811,41446316,135400134,0,0,22707,1074,105286,152811,41423609,135399060,1,ok:1,0.95,1.67,26.01,12.21,0.00,1.63,4,4,1,post,2026-03-08T14:57:07.719822382Z,,289.769,join_observed,2026-03-08T14:57:07.719822382Z,289.769,,,,join-irs3-1772981825,join,join-irs3-1772981825,18,"[[""reshare_complete"", ""2026-02-28T13:26:09.415977462Z""], [""reshare_ack"", ""2026-03-07T13:25:27.785477453Z""], [""reshare_keygen_start"", ""2026-03-07T13:25:31.674023016Z""], [""join_submit"", ""2026-03-08T14:57:07.699720706Z""], [""join_observed"", ""2026-03-08T14:57:07.719822382Z""]]"
2026-03-08T15:01:58.585178Z,join_1772981825,join_wait_reshare,52.48,31.57,2083757501,4619621230,323411,3038233,41769727,138438367,0,0,22707,1074,323411,3038233,41747020,138437293,1,ok:1,2.60,1.67,36.17,12.21,5.67,1.63,4,4,1,post,2026-03-08T14:57:07.719822382Z,,290.865,join_observed,2026-03-08T14:57:07.719822382Z,290.865,,,,join-irs3-1772981825,join,join-irs3-1772981825,18,"[[""reshare_complete"", ""2026-02-28T13:26:09.415977462Z""], [""reshare_ack"", ""2026-03-07T13:25:27.785477453Z""], [""reshare_keygen_start"", ""2026-03-07T13:25:31.674023016Z""], [""join_submit"", ""2026-03-08T14:57:07.699720706Z""], [""join_observed"", ""2026-03-08T14:57:07.719822382Z""]]"
2026-03-08T15:01:59.688083Z,join_1772981825,join_wait_reshare,23.60,31.58,2083842505,4619701626,85004,80396,41854731,138518763,0,0,22707,1074,85004,80396,41832024,138517689,1,ok:1,0.00,1.67,23.13,12.21,0.23,1.63,4,4,1,post,2026-03-08T14:57:07.719822382Z,,291.968,join_observed,2026-03-08T14:57:07.719822382Z,291.968,,,,join-irs3-1772981825,join,join-irs3-1772981825,18,"[[""reshare_complete"", ""2026-02-28T13:26:09.415977462Z""], [""reshare_ack"", ""2026-03-07T13:25:27.785477453Z""], [""reshare_keygen_start"", ""2026-03-07T13:25:31.674023016Z""], [""join_submit"", ""2026-03-08T14:57:07.699720706Z""], [""join_observed"", ""2026-03-08T14:57:07.719822382Z""]]"
2026-03-08T15:02:00.801271Z,join_1772981825,join_wait_reshare,39.81,31.57,2084102480,4621457920,259975,1756294,42114706,140275057,0,0,22707,1074,259975,1756294,42091999,140273983,1,ok:1,0.93,1.67,27.31,12.21,3.94,1.63,4,4,1,post,2026-03-08T14:57:07.719822382Z,,293.081,join_observed,2026-03-08T14:57:07.719822382Z,293.081,,,,join-irs3-1772981825,join,join-irs3-1772981825,18,"[[""reshare_complete"", ""2026-02-28T13:26:09.415977462Z""], [""reshare_ack"", ""2026-03-07T13:25:27.785477453Z""], [""reshare_keygen_start"", ""2026-03-07T13:25:31.674023016Z""], [""join_submit"", ""2026-03-08T14:57:07.699720706Z""], [""join_observed"", ""2026-03-08T14:57:07.719822382Z""]]"
2026-03-08T15:02:01.925745Z,join_1772981825,join_wait_reshare,24.71,31.57,2084156809,4621519575,54329,61655,42169035,140336712,0,0,22707,1074,54329,61655,42146328,140335638,1,ok:1,0.46,1.67,21.25,12.21,0.00,1.63,4,4,1,post,2026-03-08T14:57:07.719822382Z,,294.206,join_observed,2026-03-08T14:57:07.719822382Z,294.206,,,,join-irs3-1772981825,join,join-irs3-1772981825,18,"[[""reshare_complete"", ""2026-02-28T13:26:09.415977462Z""], [""reshare_ack"", ""2026-03-07T13:25:27.785477453Z""], [""reshare_keygen_start"", ""2026-03-07T13:25:31.674023016Z""], [""join_submit"", ""2026-03-08T14:57:07.699720706Z""], [""join_observed"", ""2026-03-08T14:57:07.719822382Z""]]"
2026-03-08T15:02:03.027186Z,join_1772981825,join_wait_reshare,49.41,31.57,2084473621,4623328830,316812,1809255,42485847,142145967,0,0,22707,1074,316812,1809255,42463140,142144893,1,ok:1,1.65,1.68,32.47,12.22,4.24,1.63,4,4,1,post,2026-03-08T14:57:07.719822382Z,,295.307,join_observed,2026-03-08T14:57:07.719822382Z,295.307,,,,join-irs3-1772981825,join,join-irs3-1772981825,18,"[[""reshare_complete"", ""2026-02-28T13:26:09.415977462Z""], [""reshare_ack"", ""2026-03-07T13:25:27.785477453Z""], [""reshare_keygen_start"", ""2026-03-07T13:25:31.674023016Z""], [""join_submit"", ""2026-03-08T14:57:07.699720706Z""], [""join_observed"", ""2026-03-08T14:57:07.719822382Z""]]"
2026-03-08T15:02:04.122963Z,join_1772981825,join_wait_reshare,24.29,31.57,2084543217,4623388558,69596,59728,42555443,142205695,0,0,22707,1074,69596,59728,42532736,142204621,1,ok:1,0.71,1.68,20.05,12.22,0.00,1.63,4,4,1,post,2026-03-08T14:57:07.719822382Z,,296.403,join_observed,2026-03-08T14:57:07.719822382Z,296.403,,,,join-irs3-1772981825,join,join-irs3-1772981825,18,"[[""reshare_complete"", ""2026-02-28T13:26:09.415977462Z""], [""reshare_ack"", ""2026-03-07T13:25:27.785477453Z""], [""reshare_keygen_start"", ""2026-03-07T13:25:31.674023016Z""], [""join_submit"", ""2026-03-08T14:57:07.699720706Z""], [""join_observed"", ""2026-03-08T14:57:07.719822382Z""]]"
2026-03-08T15:02:05.231560Z,join_1772981825,join_wait_reshare,39.29,31.62,2084723133,4625534813,179916,2146255,42735359,144351950,0,0,22707,1074,179916,2146255,42712652,144350876,1,ok:1,0.71,1.68,30.82,12.27,3.76,1.63,4,4,1,post,2026-03-08T14:57:07.719822382Z,,297.512,join_observed,2026-03-08T14:57:07.719822382Z,297.512,,,,join-irs3-1772981825,join,join-irs3-1772981825,18,"[[""reshare_complete"", ""2026-02-28T13:26:09.415977462Z""], [""reshare_ack"", ""2026-03-07T13:25:27.785477453Z""], [""reshare_keygen_start"", ""2026-03-07T13:25:31.674023016Z""], [""join_submit"", ""2026-03-08T14:57:07.699720706Z""], [""join_observed"", ""2026-03-08T14:57:07.719822382Z""]]"
2026-03-08T15:02:06.329027Z,join_1772981825,join_wait_reshare,23.33,31.62,2084805524,4625604836,82391,70023,42817750,144421973,0,0,22707,1074,82391,70023,42795043,144420899,1,ok:1,0.23,1.68,17.32,12.29,0.00,1.63,4,4,1,post,2026-03-08T14:57:07.719822382Z,,298.609,join_observed,2026-03-08T14:57:07.719822382Z,298.609,,,,join-irs3-1772981825,join,join-irs3-1772981825,18,"[[""reshare_complete"", ""2026-02-28T13:26:09.415977462Z""], [""reshare_ack"", ""2026-03-07T13:25:27.785477453Z""], [""reshare_keygen_start"", ""2026-03-07T13:25:31.674023016Z""], [""join_submit"", ""2026-03-08T14:57:07.699720706Z""], [""join_observed"", ""2026-03-08T14:57:07.719822382Z""]]"
2026-03-08T15:02:07.442669Z,join_1772981825,join_wait_reshare,48.94,31.55,2085005481,4627045110,199957,1440274,43017707,145862247,0,0,22707,1074,199957,1440274,42995000,145861173,1,ok:1,1.88,1.68,36.00,12.22,3.53,1.55,4,4,1,post,2026-03-08T14:57:07.719822382Z,,299.723,join_observed,2026-03-08T14:57:07.719822382Z,299.723,,,,join-irs3-1772981825,join,join-irs3-1772981825,18,"[[""reshare_complete"", ""2026-02-28T13:26:09.415977462Z""], [""reshare_ack"", ""2026-03-07T13:25:27.785477453Z""], [""reshare_keygen_start"", ""2026-03-07T13:25:31.674023016Z""], [""join_submit"", ""2026-03-08T14:57:07.699720706Z""], [""join_observed"", ""2026-03-08T14:57:07.719822382Z""]]"
2026-03-08T15:02:08.572110Z,join_1772981825,join_wait_reshare,29.93,31.48,2085233070,4627205586,227589,160476,43245296,146022723,0,0,22707,1074,227589,160476,43222589,146021649,1,ok:1,0.46,1.68,24.59,12.14,1.16,1.55,4,4,1,post,2026-03-08T14:57:07.719822382Z,,300.852,join_observed,2026-03-08T14:57:07.719822382Z,300.852,,,,join-irs3-1772981825,join,join-irs3-1772981825,18,"[[""reshare_complete"", ""2026-02-28T13:26:09.415977462Z""], [""reshare_ack"", ""2026-03-07T13:25:27.785477453Z""], [""reshare_keygen_start"", ""2026-03-07T13:25:31.674023016Z""], [""join_submit"", ""2026-03-08T14:57:07.699720706Z""], [""join_observed"", ""2026-03-08T14:57:07.719822382Z""]]"
2026-03-08T15:02:09.670987Z,join_1772981825,join_wait_reshare,50.46,31.33,2085374121,4629913134,141051,2707548,43386347,148730271,0,0,22707,1074,141051,2707548,43363640,148729197,1,ok:1,1.85,1.68,36.11,12.02,3.70,1.55,4,4,1,post,2026-03-08T14:57:07.719822382Z,,301.951,join_observed,2026-03-08T14:57:07.719822382Z,301.951,,,,join-irs3-1772981825,join,join-irs3-1772981825,18,"[[""reshare_complete"", ""2026-02-28T13:26:09.415977462Z""], [""reshare_ack"", ""2026-03-07T13:25:27.785477453Z""], [""reshare_keygen_start"", ""2026-03-07T13:25:31.674023016Z""], [""join_submit"", ""2026-03-08T14:57:07.699720706Z""], [""join_observed"", ""2026-03-08T14:57:07.719822382Z""]]"
2026-03-08T15:02:10.763425Z,join_1772981825,join_wait_reshare,23.53,31.33,2085440856,4629971260,66735,58126,43453082,148788397,0,0,22707,1074,66735,58126,43430375,148787323,1,ok:1,0.94,1.68,18.12,12.02,0.47,1.55,4,4,1,post,2026-03-08T14:57:07.719822382Z,,303.044,join_observed,2026-03-08T14:57:07.719822382Z,303.044,,,,join-irs3-1772981825,join,join-irs3-1772981825,18,"[[""reshare_complete"", ""2026-02-28T13:26:09.415977462Z""], [""reshare_ack"", ""2026-03-07T13:25:27.785477453Z""], [""reshare_keygen_start"", ""2026-03-07T13:25:31.674023016Z""], [""join_submit"", ""2026-03-08T14:57:07.699720706Z""], [""join_observed"", ""2026-03-08T14:57:07.719822382Z""]]"
2026-03-08T15:02:11.868887Z,join_1772981825,join_wait_reshare,26.43,31.35,2085591453,4630388280,150597,417020,43603679,149205417,0,0,22707,1074,150597,417020,43580972,149204343,1,ok:1,0.00,1.68,22.62,12.02,1.90,1.55,4,4,1,post,2026-03-08T14:57:07.719822382Z,,304.149,join_observed,2026-03-08T14:57:07.719822382Z,304.149,,,,join-irs3-1772981825,join,join-irs3-1772981825,18,"[[""reshare_complete"", ""2026-02-28T13:26:09.415977462Z""], [""reshare_ack"", ""2026-03-07T13:25:27.785477453Z""], [""reshare_keygen_start"", ""2026-03-07T13:25:31.674023016Z""], [""join_submit"", ""2026-03-08T14:57:07.699720706Z""], [""join_observed"", ""2026-03-08T14:57:07.719822382Z""]]"
2026-03-08T15:02:13.048470Z,join_1772981825,join_wait_reshare,39.77,31.36,2085693233,4630488507,101780,100227,43705459,149305644,0,0,22707,1074,101780,100227,43682752,149304570,1,ok:1,1.63,1.66,33.02,12.02,1.86,1.55,4,4,1,post,2026-03-08T14:57:07.719822382Z,,305.329,join_observed,2026-03-08T14:57:07.719822382Z,305.329,,,,join-irs3-1772981825,join,join-irs3-1772981825,18,"[[""reshare_complete"", ""2026-02-28T13:26:09.415977462Z""], [""reshare_ack"", ""2026-03-07T13:25:27.785477453Z""], [""reshare_keygen_start"", ""2026-03-07T13:25:31.674023016Z""], [""join_submit"", ""2026-03-08T14:57:07.699720706Z""], [""join_observed"", ""2026-03-08T14:57:07.719822382Z""]]"
2026-03-08T15:02:14.153012Z,join_1772981825,join_wait_reshare,38.63,31.36,2085881117,4631820199,187884,1331692,43893343,150637336,0,0,22707,1074,187884,1331692,43870636,150636262,1,ok:1,0.64,1.66,20.17,12.02,0.43,1.55,4,4,1,post,2026-03-08T14:57:07.719822382Z,,306.433,join_observed,2026-03-08T14:57:07.719822382Z,306.433,,,,join-irs3-1772981825,join,join-irs3-1772981825,18,"[[""reshare_complete"", ""2026-02-28T13:26:09.415977462Z""], [""reshare_ack"", ""2026-03-07T13:25:27.785477453Z""], [""reshare_keygen_start"", ""2026-03-07T13:25:31.674023016Z""], [""join_submit"", ""2026-03-08T14:57:07.699720706Z""], [""join_observed"", ""2026-03-08T14:57:07.719822382Z""]]"
2026-03-08T15:02:15.264799Z,join_1772981825,join_wait_reshare,30.12,31.37,2085987893,4633195371,106776,1375172,44000119,152012508,0,0,22707,1074,106776,1375172,43977412,152011434,1,ok:1,0.71,1.68,24.71,12.02,3.06,1.55,4,4,1,post,2026-03-08T14:57:07.719822382Z,,307.545,join_observed,2026-03-08T14:57:07.719822382Z,307.545,,,,join-irs3-1772981825,join,join-irs3-1772981825,18,"[[""reshare_complete"", ""2026-02-28T13:26:09.415977462Z""], [""reshare_ack"", ""2026-03-07T13:25:27.785477453Z""], [""reshare_keygen_start"", ""2026-03-07T13:25:31.674023016Z""], [""join_submit"", ""2026-03-08T14:57:07.699720706Z""], [""join_observed"", ""2026-03-08T14:57:07.719822382Z""]]"
2026-03-08T15:02:16.370460Z,join_1772981825,join_wait_reshare,34.63,31.37,2086066300,4633270485,78407,75114,44078526,152087622,0,0,22707,1074,78407,75114,44055819,152086548,1,ok:1,1.38,1.68,25.92,12.02,0.00,1.55,4,4,1,post,2026-03-08T14:57:07.719822382Z,,308.651,join_observed,2026-03-08T14:57:07.719822382Z,308.651,,,,join-irs3-1772981825,join,join-irs3-1772981825,18,"[[""reshare_complete"", ""2026-02-28T13:26:09.415977462Z""], [""reshare_ack"", ""2026-03-07T13:25:27.785477453Z""], [""reshare_keygen_start"", ""2026-03-07T13:25:31.674023016Z""], [""join_submit"", ""2026-03-08T14:57:07.699720706Z""], [""join_observed"", ""2026-03-08T14:57:07.719822382Z""]]"
2026-03-08T15:02:17.469772Z,join_1772981825,join_wait_reshare,33.03,31.37,2086251417,4633389944,185117,119459,44263643,152207081,0,0,22707,1074,185117,119459,44240936,152206007,1,ok:1,0.46,1.68,23.33,12.02,1.15,1.55,4,4,1,post,2026-03-08T14:57:07.719822382Z,,309.750,join_observed,2026-03-08T14:57:07.719822382Z,309.750,,,,join-irs3-1772981825,join,join-irs3-1772981825,18,"[[""reshare_complete"", ""2026-02-28T13:26:09.415977462Z""], [""reshare_ack"", ""2026-03-07T13:25:27.785477453Z""], [""reshare_keygen_start"", ""2026-03-07T13:25:31.674023016Z""], [""join_submit"", ""2026-03-08T14:57:07.699720706Z""], [""join_observed"", ""2026-03-08T14:57:07.719822382Z""]]"
2026-03-08T15:02:18.570986Z,join_1772981825,join_wait_reshare,19.63,31.38,2086355970,4633465935,104553,75991,44368196,152283072,0,0,22707,1074,104553,75991,44345489,152281998,1,ok:1,0.23,1.68,15.19,12.02,0.23,1.55,4,4,1,post,2026-03-08T14:57:07.719822382Z,,310.851,join_observed,2026-03-08T14:57:07.719822382Z,310.851,,,,join-irs3-1772981825,join,join-irs3-1772981825,18,"[[""reshare_complete"", ""2026-02-28T13:26:09.415977462Z""], [""reshare_ack"", ""2026-03-07T13:25:27.785477453Z""], [""reshare_keygen_start"", ""2026-03-07T13:25:31.674023016Z""], [""join_submit"", ""2026-03-08T14:57:07.699720706Z""], [""join_observed"", ""2026-03-08T14:57:07.719822382Z""]]"
2026-03-08T15:02:19.668354Z,join_1772981825,join_wait_reshare,51.38,31.17,2086521759,4635647477,165789,2181542,44533985,154464614,0,0,22707,1074,165789,2181542,44511278,154463540,1,ok:1,2.07,1.68,38.02,11.88,4.84,1.50,4,4,1,post,2026-03-08T14:57:07.719822382Z,,311.949,join_observed,2026-03-08T14:57:07.719822382Z,311.949,,,,join-irs3-1772981825,join,join-irs3-1772981825,18,"[[""reshare_complete"", ""2026-02-28T13:26:09.415977462Z""], [""reshare_ack"", ""2026-03-07T13:25:27.785477453Z""], [""reshare_keygen_start"", ""2026-03-07T13:25:31.674023016Z""], [""join_submit"", ""2026-03-08T14:57:07.699720706Z""], [""join_observed"", ""2026-03-08T14:57:07.719822382Z""]]"
2026-03-08T15:02:20.769181Z,join_1772981825,join_wait_reshare,23.50,31.18,2086600722,4635722924,78963,75447,44612948,154540061,0,0,22707,1074,78963,75447,44590241,154538987,1,ok:1,0.00,1.68,16.82,11.88,0.00,1.50,4,4,1,post,2026-03-08T14:57:07.719822382Z,,313.049,join_observed,2026-03-08T14:57:07.719822382Z,313.049,,,,join-irs3-1772981825,join,join-irs3-1772981825,18,"[[""reshare_complete"", ""2026-02-28T13:26:09.415977462Z""], [""reshare_ack"", ""2026-03-07T13:25:27.785477453Z""], [""reshare_keygen_start"", ""2026-03-07T13:25:31.674023016Z""], [""join_submit"", ""2026-03-08T14:57:07.699720706Z""], [""join_observed"", ""2026-03-08T14:57:07.719822382Z""]]"
2026-03-08T15:02:21.878920Z,join_1772981825,join_wait_reshare,27.03,31.18,2086665574,4636124920,64852,401996,44677800,154942057,0,0,22707,1074,64852,401996,44655093,154940983,1,ok:1,0.96,1.68,25.12,11.88,0.72,1.50,4,4,1,post,2026-03-08T14:57:07.719822382Z,,314.159,join_observed,2026-03-08T14:57:07.719822382Z,314.159,,,,join-irs3-1772981825,join,join-irs3-1772981825,18,"[[""reshare_complete"", ""2026-02-28T13:26:09.415977462Z""], [""reshare_ack"", ""2026-03-07T13:25:27.785477453Z""], [""reshare_keygen_start"", ""2026-03-07T13:25:31.674023016Z""], [""join_submit"", ""2026-03-08T14:57:07.699720706Z""], [""join_observed"", ""2026-03-08T14:57:07.719822382Z""]]"
2026-03-08T15:02:22.980258Z,join_1772981825,join_wait_reshare,32.48,31.19,2086777094,4636228390,111520,103470,44789320,155045527,0,0,22707,1074,111520,103470,44766613,155044453,1,ok:1,0.70,1.68,23.90,11.88,0.46,1.50,4,4,1,post,2026-03-08T14:57:07.719822382Z,,315.260,join_observed,2026-03-08T14:57:07.719822382Z,315.260,,,,join-irs3-1772981825,join,join-irs3-1772981825,18,"[[""reshare_complete"", ""2026-02-28T13:26:09.415977462Z""], [""reshare_ack"", ""2026-03-07T13:25:27.785477453Z""], [""reshare_keygen_start"", ""2026-03-07T13:25:31.674023016Z""], [""join_submit"", ""2026-03-08T14:57:07.699720706Z""], [""join_observed"", ""2026-03-08T14:57:07.719822382Z""]]"
2026-03-08T15:02:24.088027Z,join_1772981825,join_wait_reshare,24.24,31.17,2087003444,4636382780,226350,154390,45015670,155199917,0,0,22707,1074,226350,154390,44992963,155198843,1,ok:1,0.00,1.68,19.76,11.86,1.41,1.50,4,4,1,post,2026-03-08T14:57:07.719822382Z,,316.368,join_observed,2026-03-08T14:57:07.719822382Z,316.368,,,,join-irs3-1772981825,join,join-irs3-1772981825,18,"[[""reshare_complete"", ""2026-02-28T13:26:09.415977462Z""], [""reshare_ack"", ""2026-03-07T13:25:27.785477453Z""], [""reshare_keygen_start"", ""2026-03-07T13:25:31.674023016Z""], [""join_submit"", ""2026-03-08T14:57:07.699720706Z""], [""join_observed"", ""2026-03-08T14:57:07.719822382Z""]]"
2026-03-08T15:02:25.234084Z,join_1772981825,join_wait_reshare,32.14,31.19,2087100570,4637634854,97126,1252074,45112796,156451991,0,0,22707,1074,97126,1252074,45090089,156450917,1,ok:1,0.71,1.68,27.62,11.86,4.05,1.50,4,4,1,post,2026-03-08T14:57:07.719822382Z,,317.514,join_observed,2026-03-08T14:57:07.719822382Z,317.514,,,,join-irs3-1772981825,join,join-irs3-1772981825,18,"[[""reshare_complete"", ""2026-02-28T13:26:09.415977462Z""], [""reshare_ack"", ""2026-03-07T13:25:27.785477453Z""], [""reshare_keygen_start"", ""2026-03-07T13:25:31.674023016Z""], [""join_submit"", ""2026-03-08T14:57:07.699720706Z""], [""join_observed"", ""2026-03-08T14:57:07.719822382Z""]]"
2026-03-08T15:02:26.335843Z,join_1772981825,join_wait_reshare,36.55,31.17,2087222979,4638838102,122409,1203248,45235205,157655239,0,0,22707,1074,122409,1203248,45212498,157654165,1,ok:1,1.12,1.68,22.65,11.84,0.22,1.50,4,4,1,post,2026-03-08T14:57:07.719822382Z,,318.616,join_observed,2026-03-08T14:57:07.719822382Z,318.616,,,,join-irs3-1772981825,join,join-irs3-1772981825,18,"[[""reshare_complete"", ""2026-02-28T13:26:09.415977462Z""], [""reshare_ack"", ""2026-03-07T13:25:27.785477453Z""], [""reshare_keygen_start"", ""2026-03-07T13:25:31.674023016Z""], [""join_submit"", ""2026-03-08T14:57:07.699720706Z""], [""join_observed"", ""2026-03-08T14:57:07.719822382Z""]]"
2026-03-08T15:02:27.444913Z,join_1772981825,join_wait_reshare,27.97,31.15,2087299483,4638914319,76504,76217,45311709,157731456,0,0,22707,1074,76504,76217,45289002,157730382,1,ok:1,0.70,1.68,21.91,11.84,0.23,1.50,4,4,1,post,2026-03-08T14:57:07.719822382Z,,319.725,join_observed,2026-03-08T14:57:07.719822382Z,319.725,,,,join-irs3-1772981825,join,join-irs3-1772981825,18,"[[""reshare_complete"", ""2026-02-28T13:26:09.415977462Z""], [""reshare_ack"", ""2026-03-07T13:25:27.785477453Z""], [""reshare_keygen_start"", ""2026-03-07T13:25:31.674023016Z""], [""join_submit"", ""2026-03-08T14:57:07.699720706Z""], [""join_observed"", ""2026-03-08T14:57:07.719822382Z""]]"
2026-03-08T15:02:28.549844Z,join_1772981825,join_wait_reshare,37.21,31.16,2087424313,4639365467,124830,451148,45436539,158182604,0,0,22707,1074,124830,451148,45413832,158181530,1,ok:1,1.16,1.68,27.91,11.84,0.93,1.50,4,4,1,post,2026-03-08T14:57:07.719822382Z,,320.830,join_observed,2026-03-08T14:57:07.719822382Z,320.830,,,,join-irs3-1772981825,join,join-irs3-1772981825,18,"[[""reshare_complete"", ""2026-02-28T13:26:09.415977462Z""], [""reshare_ack"", ""2026-03-07T13:25:27.785477453Z""], [""reshare_keygen_start"", ""2026-03-07T13:25:31.674023016Z""], [""join_submit"", ""2026-03-08T14:57:07.699720706Z""], [""join_observed"", ""2026-03-08T14:57:07.719822382Z""]]"
2026-03-08T15:02:29.645593Z,join_1772981825,join_wait_reshare,23.95,31.16,2087620023,4639500658,195710,135191,45632249,158317795,0,0,22707,1074,195710,135191,45609542,158316721,1,ok:1,0.00,1.68,19.53,11.84,1.16,1.50,4,4,1,post,2026-03-08T14:57:07.719822382Z,,321.926,join_observed,2026-03-08T14:57:07.719822382Z,321.926,,,,join-irs3-1772981825,join,join-irs3-1772981825,18,"[[""reshare_complete"", ""2026-02-28T13:26:09.415977462Z""], [""reshare_ack"", ""2026-03-07T13:25:27.785477453Z""], [""reshare_keygen_start"", ""2026-03-07T13:25:31.674023016Z""], [""join_submit"", ""2026-03-08T14:57:07.699720706Z""], [""join_observed"", ""2026-03-08T14:57:07.719822382Z""]]"
2026-03-08T15:02:30.791105Z,join_1772981825,join_wait_reshare,22.52,31.16,2087686246,4639817407,66223,316749,45698472,158634544,0,0,22707,1074,66223,316749,45675765,158633470,1,ok:1,0.23,1.68,19.14,11.84,2.70,1.50,4,4,1,post,2026-03-08T14:57:07.719822382Z,,323.071,join_observed,2026-03-08T14:57:07.719822382Z,323.071,,,,join-irs3-1772981825,join,join-irs3-1772981825,18,"[[""reshare_complete"", ""2026-02-28T13:26:09.415977462Z""], [""reshare_ack"", ""2026-03-07T13:25:27.785477453Z""], [""reshare_keygen_start"", ""2026-03-07T13:25:31.674023016Z""], [""join_submit"", ""2026-03-08T14:57:07.699720706Z""], [""join_observed"", ""2026-03-08T14:57:07.719822382Z""]]"
2026-03-08T15:02:31.891211Z,join_1772981825,join_wait_reshare,44.54,31.16,2087801631,4641620425,115385,1803018,45813857,160437562,0,0,22707,1074,115385,1803018,45791150,160436488,1,ok:1,1.34,1.68,29.18,11.84,0.00,1.50,4,4,1,post,2026-03-08T14:57:07.719822382Z,,324.171,join_observed,2026-03-08T14:57:07.719822382Z,324.171,,,,join-irs3-1772981825,join,join-irs3-1772981825,18,"[[""reshare_complete"", ""2026-02-28T13:26:09.415977462Z""], [""reshare_ack"", ""2026-03-07T13:25:27.785477453Z""], [""reshare_keygen_start"", ""2026-03-07T13:25:31.674023016Z""], [""join_submit"", ""2026-03-08T14:57:07.699720706Z""], [""join_observed"", ""2026-03-08T14:57:07.719822382Z""]]"
2026-03-08T15:02:32.989854Z,join_1772981825,join_wait_reshare,29.88,31.16,2087908211,4641722829,106580,102404,45920437,160539966,0,0,22707,1074,106580,102404,45897730,160538892,1,ok:1,0.72,1.68,26.02,11.84,0.24,1.50,4,4,1,post,2026-03-08T14:57:07.719822382Z,,325.270,join_observed,2026-03-08T14:57:07.719822382Z,325.270,,,,join-irs3-1772981825,join,join-irs3-1772981825,18,"[[""reshare_complete"", ""2026-02-28T13:26:09.415977462Z""], [""reshare_ack"", ""2026-03-07T13:25:27.785477453Z""], [""reshare_keygen_start"", ""2026-03-07T13:25:31.674023016Z""], [""join_submit"", ""2026-03-08T14:57:07.699720706Z""], [""join_observed"", ""2026-03-08T14:57:07.719822382Z""]]"
2026-03-08T15:02:34.092468Z,join_1772981825,join_wait_reshare,24.41,31.16,2087967909,4641786351,59698,63522,45980135,160603488,0,0,22707,1074,59698,63522,45957428,160602414,1,ok:1,0.70,1.68,19.25,11.84,0.00,1.50,4,4,1,post,2026-03-08T14:57:07.719822382Z,,326.373,join_observed,2026-03-08T14:57:07.719822382Z,326.373,,,,join-irs3-1772981825,join,join-irs3-1772981825,18,"[[""reshare_complete"", ""2026-02-28T13:26:09.415977462Z""], [""reshare_ack"", ""2026-03-07T13:25:27.785477453Z""], [""reshare_keygen_start"", ""2026-03-07T13:25:31.674023016Z""], [""join_submit"", ""2026-03-08T14:57:07.699720706Z""], [""join_observed"", ""2026-03-08T14:57:07.719822382Z""]]"
2026-03-08T15:02:35.193158Z,join_1772981825,join_wait_reshare,23.26,31.17,2088149642,4641908666,181733,122315,46161868,160725803,0,0,22707,1074,181733,122315,46139161,160724729,1,ok:1,0.00,1.68,18.37,11.84,1.16,1.50,4,4,1,post,2026-03-08T14:57:07.719822382Z,,327.473,join_observed,2026-03-08T14:57:07.719822382Z,327.473,,,,join-irs3-1772981825,join,join-irs3-1772981825,18,"[[""reshare_complete"", ""2026-02-28T13:26:09.415977462Z""], [""reshare_ack"", ""2026-03-07T13:25:27.785477453Z""], [""reshare_keygen_start"", ""2026-03-07T13:25:31.674023016Z""], [""join_submit"", ""2026-03-08T14:57:07.699720706Z""], [""join_observed"", ""2026-03-08T14:57:07.719822382Z""]]"
2026-03-08T15:02:36.288500Z,join_1772981825,join_wait_reshare,21.58,31.16,2088199945,4641949433,50303,40767,46212171,160766570,0,0,22707,1074,50303,40767,46189464,160765496,1,ok:1,0.70,1.68,14.62,11.84,0.00,1.50,4,4,1,post,2026-03-08T14:57:07.719822382Z,,328.569,join_observed,2026-03-08T14:57:07.719822382Z,328.569,,,,join-irs3-1772981825,join,join-irs3-1772981825,18,"[[""reshare_complete"", ""2026-02-28T13:26:09.415977462Z""], [""reshare_ack"", ""2026-03-07T13:25:27.785477453Z""], [""reshare_keygen_start"", ""2026-03-07T13:25:31.674023016Z""], [""join_submit"", ""2026-03-08T14:57:07.699720706Z""], [""join_observed"", ""2026-03-08T14:57:07.719822382Z""]]"
2026-03-08T15:02:37.390948Z,join_1772981825,join_wait_reshare,41.69,31.18,2088303422,4643654211,103477,1704778,46315648,162471348,0,0,22707,1074,103477,1704778,46292941,162470274,1,ok:1,2.34,1.68,30.68,11.84,3.98,1.51,4,4,1,post,2026-03-08T14:57:07.719822382Z,,329.671,join_observed,2026-03-08T14:57:07.719822382Z,329.671,,,,join-irs3-1772981825,join,join-irs3-1772981825,18,"[[""reshare_complete"", ""2026-02-28T13:26:09.415977462Z""], [""reshare_ack"", ""2026-03-07T13:25:27.785477453Z""], [""reshare_keygen_start"", ""2026-03-07T13:25:31.674023016Z""], [""join_submit"", ""2026-03-08T14:57:07.699720706Z""], [""join_observed"", ""2026-03-08T14:57:07.719822382Z""]]"
2026-03-08T15:02:38.493377Z,join_1772981825,join_wait_reshare,22.59,31.18,2088377173,4643734618,73751,80407,46389399,162551755,0,0,22707,1074,73751,80407,46366692,162550681,1,ok:1,0.24,1.68,17.18,11.84,0.24,1.51,4,4,1,post,2026-03-08T14:57:07.719822382Z,,330.774,join_observed,2026-03-08T14:57:07.719822382Z,330.774,,,,join-irs3-1772981825,join,join-irs3-1772981825,18,"[[""reshare_complete"", ""2026-02-28T13:26:09.415977462Z""], [""reshare_ack"", ""2026-03-07T13:25:27.785477453Z""], [""reshare_keygen_start"", ""2026-03-07T13:25:31.674023016Z""], [""join_submit"", ""2026-03-08T14:57:07.699720706Z""], [""join_observed"", ""2026-03-08T14:57:07.719822382Z""]]"
2026-03-08T15:02:39.607287Z,join_1772981825,join_wait_reshare,19.29,31.17,2088441793,4643815028,64620,80410,46454019,162632165,0,0,22707,1074,64620,80410,46431312,162631091,1,ok:1,0.00,1.68,19.06,11.84,0.00,1.51,4,4,1,post,2026-03-08T14:57:07.719822382Z,,331.887,join_observed,2026-03-08T14:57:07.719822382Z,331.887,,,,join-irs3-1772981825,join,join-irs3-1772981825,18,"[[""reshare_complete"", ""2026-02-28T13:26:09.415977462Z""], [""reshare_ack"", ""2026-03-07T13:25:27.785477453Z""], [""reshare_keygen_start"", ""2026-03-07T13:25:31.674023016Z""], [""join_submit"", ""2026-03-08T14:57:07.699720706Z""], [""join_observed"", ""2026-03-08T14:57:07.719822382Z""]]"
2026-03-08T15:02:40.703546Z,join_1772981825,join_wait_reshare,26.46,31.17,2088529477,4643890493,87684,75465,46541703,162707630,0,0,22707,1074,87684,75465,46518996,162706556,1,ok:1,0.70,1.68,21.31,11.84,0.00,1.51,4,4,1,post,2026-03-08T14:57:07.719822382Z,,332.984,join_observed,2026-03-08T14:57:07.719822382Z,332.984,,,,join-irs3-1772981825,join,join-irs3-1772981825,18,"[[""reshare_complete"", ""2026-02-28T13:26:09.415977462Z""], [""reshare_ack"", ""2026-03-07T13:25:27.785477453Z""], [""reshare_keygen_start"", ""2026-03-07T13:25:31.674023016Z""], [""join_submit"", ""2026-03-08T14:57:07.699720706Z""], [""join_observed"", ""2026-03-08T14:57:07.719822382Z""]]"
2026-03-08T15:02:41.802305Z,join_1772981825,join_wait_reshare,20.57,31.18,2088681431,4643996628,151954,106135,46693657,162813765,0,0,22707,1074,151954,106135,46670950,162812691,1,ok:1,0.00,1.68,15.37,11.84,0.47,1.51,4,4,1,post,2026-03-08T14:57:07.719822382Z,,334.082,join_observed,2026-03-08T14:57:07.719822382Z,334.082,,,,join-irs3-1772981825,join,join-irs3-1772981825,18,"[[""reshare_complete"", ""2026-02-28T13:26:09.415977462Z""], [""reshare_ack"", ""2026-03-07T13:25:27.785477453Z""], [""reshare_keygen_start"", ""2026-03-07T13:25:31.674023016Z""], [""join_submit"", ""2026-03-08T14:57:07.699720706Z""], [""join_observed"", ""2026-03-08T14:57:07.719822382Z""]]"
2026-03-08T15:02:42.902850Z,join_1772981825,join_wait_reshare,28.70,31.18,2088727006,4644053614,45575,56986,46739232,162870751,0,0,22707,1074,45575,56986,46716525,162869677,1,ok:1,1.85,1.68,19.91,11.84,0.00,1.51,4,4,1,post,2026-03-08T14:57:07.719822382Z,,335.183,join_observed,2026-03-08T14:57:07.719822382Z,335.183,,,,join-irs3-1772981825,join,join-irs3-1772981825,18,"[[""reshare_complete"", ""2026-02-28T13:26:09.415977462Z""], [""reshare_ack"", ""2026-03-07T13:25:27.785477453Z""], [""reshare_keygen_start"", ""2026-03-07T13:25:31.674023016Z""], [""join_submit"", ""2026-03-08T14:57:07.699720706Z""], [""join_observed"", ""2026-03-08T14:57:07.719822382Z""]]"
2026-03-08T15:02:44.001669Z,join_1772981825,join_wait_reshare,34.64,31.18,2088813951,4645585015,86945,1531401,46826177,164402152,0,0,22707,1074,86945,1531401,46803470,164401078,1,ok:1,0.46,1.68,23.09,11.84,4.39,1.50,4,4,1,post,2026-03-08T14:57:07.719822382Z,,336.282,join_observed,2026-03-08T14:57:07.719822382Z,336.282,,,,join-irs3-1772981825,join,join-irs3-1772981825,18,"[[""reshare_complete"", ""2026-02-28T13:26:09.415977462Z""], [""reshare_ack"", ""2026-03-07T13:25:27.785477453Z""], [""reshare_keygen_start"", ""2026-03-07T13:25:31.674023016Z""], [""join_submit"", ""2026-03-08T14:57:07.699720706Z""], [""join_observed"", ""2026-03-08T14:57:07.719822382Z""]]"
2026-03-08T15:02:45.102670Z,join_1772981825,join_wait_reshare,19.44,31.17,2088879542,4645665069,65591,80054,46891768,164482206,0,0,22707,1074,65591,80054,46869061,164481132,1,ok:1,0.00,1.68,15.51,11.84,0.00,1.50,4,4,1,post,2026-03-08T14:57:07.719822382Z,,337.383,join_observed,2026-03-08T14:57:07.719822382Z,337.383,,,,join-irs3-1772981825,join,join-irs3-1772981825,18,"[[""reshare_complete"", ""2026-02-28T13:26:09.415977462Z""], [""reshare_ack"", ""2026-03-07T13:25:27.785477453Z""], [""reshare_keygen_start"", ""2026-03-07T13:25:31.674023016Z""], [""join_submit"", ""2026-03-08T14:57:07.699720706Z""], [""join_observed"", ""2026-03-08T14:57:07.719822382Z""]]"
2026-03-08T15:02:46.208045Z,join_1772981825,join_wait_reshare,30.59,31.15,2088937236,4645717305,57694,52236,46949462,164534442,0,0,22707,1074,57694,52236,46926755,164533368,1,ok:1,2.35,1.64,22.12,11.84,0.24,1.50,4,4,1,post,2026-03-08T14:57:07.719822382Z,,338.488,join_observed,2026-03-08T14:57:07.719822382Z,338.488,,,,join-irs3-1772981825,join,join-irs3-1772981825,18,"[[""reshare_complete"", ""2026-02-28T13:26:09.415977462Z""], [""reshare_ack"", ""2026-03-07T13:25:27.785477453Z""], [""reshare_keygen_start"", ""2026-03-07T13:25:31.674023016Z""], [""join_submit"", ""2026-03-08T14:57:07.699720706Z""], [""join_observed"", ""2026-03-08T14:57:07.719822382Z""]]"
2026-03-08T15:02:47.308029Z,join_1772981825,join_wait_reshare,28.44,31.16,2089020090,4645809117,82854,91812,47032316,164626254,0,0,22707,1074,82854,91812,47009609,164625180,1,ok:1,0.70,1.64,21.45,11.84,0.00,1.50,4,4,1,post,2026-03-08T14:57:07.719822382Z,,339.588,join_observed,2026-03-08T14:57:07.719822382Z,339.588,,,,join-irs3-1772981825,join,join-irs3-1772981825,18,"[[""reshare_complete"", ""2026-02-28T13:26:09.415977462Z""], [""reshare_ack"", ""2026-03-07T13:25:27.785477453Z""], [""reshare_keygen_start"", ""2026-03-07T13:25:31.674023016Z""], [""join_submit"", ""2026-03-08T14:57:07.699720706Z""], [""join_observed"", ""2026-03-08T14:57:07.719822382Z""]]"
2026-03-08T15:02:48.400839Z,join_1772981825,join_wait_reshare,22.22,31.16,2089161108,4645924216,141018,115099,47173334,164741353,0,0,22707,1074,141018,115099,47150627,164740279,1,ok:1,0.24,1.64,20.57,11.84,0.24,1.50,4,4,1,post,2026-03-08T14:57:07.719822382Z,,340.681,join_observed,2026-03-08T14:57:07.719822382Z,340.681,,,,join-irs3-1772981825,join,join-irs3-1772981825,18,"[[""reshare_complete"", ""2026-02-28T13:26:09.415977462Z""], [""reshare_ack"", ""2026-03-07T13:25:27.785477453Z""], [""reshare_keygen_start"", ""2026-03-07T13:25:31.674023016Z""], [""join_submit"", ""2026-03-08T14:57:07.699720706Z""], [""join_observed"", ""2026-03-08T14:57:07.719822382Z""]]"
2026-03-08T15:02:49.502163Z,join_1772981825,join_wait_reshare,19.25,31.16,2089181082,4645957489,19974,33273,47193308,164774626,0,0,22707,1074,19974,33273,47170601,164773552,1,ok:1,0.70,1.64,12.68,11.84,0.00,1.50,4,4,1,post,2026-03-08T14:57:07.719822382Z,,341.782,join_observed,2026-03-08T14:57:07.719822382Z,341.782,,,,join-irs3-1772981825,join,join-irs3-1772981825,18,"[[""reshare_complete"", ""2026-02-28T13:26:09.415977462Z""], [""reshare_ack"", ""2026-03-07T13:25:27.785477453Z""], [""reshare_keygen_start"", ""2026-03-07T13:25:31.674023016Z""], [""join_submit"", ""2026-03-08T14:57:07.699720706Z""], [""join_observed"", ""2026-03-08T14:57:07.719822382Z""]]"
